image_path,true_label,true_class,transform,prob_ai,pred,correct
data\val\real\000000000139.jpg,0,real,clean,0.542811,1,0
data\val\real\000000000285.jpg,0,real,clean,0.149817,0,1
data\val\real\000000000632.jpg,0,real,clean,0.686446,1,0
data\val\real\000000000724.jpg,0,real,clean,0.344948,0,1
data\val\real\000000000776.jpg,0,real,clean,0.228867,0,1
data\val\real\000000000785.jpg,0,real,clean,0.861801,1,0
data\val\real\000000000802.jpg,0,real,clean,0.060636,0,1
data\val\real\000000000872.jpg,0,real,clean,0.028743,0,1
data\val\real\000000000885.jpg,0,real,clean,0.494035,0,1
data\val\real\000000001000.jpg,0,real,clean,0.064665,0,1
data\val\real\000000001268.jpg,0,real,clean,0.064744,0,1
data\val\real\000000001296.jpg,0,real,clean,0.130475,0,1
data\val\real\000000001353.jpg,0,real,clean,0.074948,0,1
data\val\real\000000001425.jpg,0,real,clean,0.452372,0,1
data\val\real\000000001490.jpg,0,real,clean,0.267897,0,1
data\val\real\000000001503.jpg,0,real,clean,0.202122,0,1
data\val\real\000000001532.jpg,0,real,clean,0.173819,0,1
data\val\real\000000001584.jpg,0,real,clean,0.717081,1,0
data\val\real\000000001675.jpg,0,real,clean,0.077008,0,1
data\val\real\000000001761.jpg,0,real,clean,0.070391,0,1
data\val\real\000000001818.jpg,0,real,clean,0.454270,0,1
data\val\real\000000001993.jpg,0,real,clean,0.093951,0,1
data\val\real\000000002006.jpg,0,real,clean,0.180511,0,1
data\val\real\000000002149.jpg,0,real,clean,0.503587,1,0
data\val\real\000000002153.jpg,0,real,clean,0.022936,0,1
data\val\real\000000002157.jpg,0,real,clean,0.595855,1,0
data\val\real\000000002261.jpg,0,real,clean,0.228447,0,1
data\val\real\000000002299.jpg,0,real,clean,0.189414,0,1
data\val\real\000000002431.jpg,0,real,clean,0.032366,0,1
data\val\real\000000002473.jpg,0,real,clean,0.526551,1,0
data\val\real\000000002532.jpg,0,real,clean,0.089271,0,1
data\val\real\000000002587.jpg,0,real,clean,0.129752,0,1
data\val\real\000000002592.jpg,0,real,clean,0.053277,0,1
data\val\real\000000002685.jpg,0,real,clean,0.009209,0,1
data\val\real\000000002923.jpg,0,real,clean,0.018863,0,1
data\val\real\000000003156.jpg,0,real,clean,0.633963,1,0
data\val\real\000000003255.jpg,0,real,clean,0.703437,1,0
data\val\real\000000003501.jpg,0,real,clean,0.301666,0,1
data\val\real\000000003553.jpg,0,real,clean,0.198690,0,1
data\val\real\000000003661.jpg,0,real,clean,0.016594,0,1
data\val\real\000000003845.jpg,0,real,clean,0.349644,0,1
data\val\real\000000003934.jpg,0,real,clean,0.005021,0,1
data\val\real\000000004134.jpg,0,real,clean,0.007471,0,1
data\val\real\000000004395.jpg,0,real,clean,0.061454,0,1
data\val\real\000000004495.jpg,0,real,clean,0.022837,0,1
data\val\real\000000004765.jpg,0,real,clean,0.407698,0,1
data\val\real\000000004795.jpg,0,real,clean,0.006206,0,1
data\val\real\000000005001.jpg,0,real,clean,0.058205,0,1
data\val\real\000000005037.jpg,0,real,clean,0.338917,0,1
data\val\real\000000005060.jpg,0,real,clean,0.040827,0,1
data\val\real\000000005193.jpg,0,real,clean,0.014171,0,1
data\val\real\000000005477.jpg,0,real,clean,0.586965,1,0
data\val\real\000000005503.jpg,0,real,clean,0.050053,0,1
data\val\real\000000005529.jpg,0,real,clean,0.078040,0,1
data\val\real\000000005586.jpg,0,real,clean,0.028887,0,1
data\val\real\000000005600.jpg,0,real,clean,0.027134,0,1
data\val\real\000000005992.jpg,0,real,clean,0.054730,0,1
data\val\real\000000006012.jpg,0,real,clean,0.239587,0,1
data\val\real\000000006040.jpg,0,real,clean,0.544569,1,0
data\val\real\000000006213.jpg,0,real,clean,0.168299,0,1
data\val\real\000000006460.jpg,0,real,clean,0.209654,0,1
data\val\real\000000006471.jpg,0,real,clean,0.045526,0,1
data\val\real\000000006614.jpg,0,real,clean,0.060559,0,1
data\val\real\000000006723.jpg,0,real,clean,0.040219,0,1
data\val\real\000000006763.jpg,0,real,clean,0.001806,0,1
data\val\real\000000006771.jpg,0,real,clean,0.034349,0,1
data\val\real\000000006818.jpg,0,real,clean,0.142944,0,1
data\val\real\000000006894.jpg,0,real,clean,0.124776,0,1
data\val\real\000000006954.jpg,0,real,clean,0.190489,0,1
data\val\real\000000007088.jpg,0,real,clean,0.028938,0,1
data\val\real\000000007108.jpg,0,real,clean,0.307605,0,1
data\val\real\000000007278.jpg,0,real,clean,0.215344,0,1
data\val\real\000000007281.jpg,0,real,clean,0.078074,0,1
data\val\real\000000007386.jpg,0,real,clean,0.033824,0,1
data\val\real\000000007511.jpg,0,real,clean,0.073122,0,1
data\val\real\000000007574.jpg,0,real,clean,0.041311,0,1
data\val\real\000000007784.jpg,0,real,clean,0.666158,1,0
data\val\real\000000007795.jpg,0,real,clean,0.612693,1,0
data\val\real\000000007816.jpg,0,real,clean,0.027751,0,1
data\val\real\000000007818.jpg,0,real,clean,0.658771,1,0
data\val\real\000000007888.jpg,0,real,clean,0.632120,1,0
data\val\real\000000007977.jpg,0,real,clean,0.672052,1,0
data\val\real\000000007991.jpg,0,real,clean,0.076632,0,1
data\val\real\000000008021.jpg,0,real,clean,0.025562,0,1
data\val\real\000000008211.jpg,0,real,clean,0.284657,0,1
data\val\real\000000008277.jpg,0,real,clean,0.041025,0,1
data\val\real\000000008532.jpg,0,real,clean,0.030417,0,1
data\val\real\000000008629.jpg,0,real,clean,0.135516,0,1
data\val\real\000000008690.jpg,0,real,clean,0.009966,0,1
data\val\real\000000008762.jpg,0,real,clean,0.485734,0,1
data\val\real\000000008844.jpg,0,real,clean,0.296654,0,1
data\val\real\000000008899.jpg,0,real,clean,0.137907,0,1
data\val\real\000000009378.jpg,0,real,clean,0.155933,0,1
data\val\real\000000009400.jpg,0,real,clean,0.005643,0,1
data\val\real\000000009448.jpg,0,real,clean,0.022528,0,1
data\val\real\000000009483.jpg,0,real,clean,0.016751,0,1
data\val\real\000000009590.jpg,0,real,clean,0.137812,0,1
data\val\real\000000009769.jpg,0,real,clean,0.059705,0,1
data\val\real\000000009772.jpg,0,real,clean,0.067585,0,1
data\val\real\000000009891.jpg,0,real,clean,0.014161,0,1
data\val\real\000000009914.jpg,0,real,clean,0.054938,0,1
data\val\real\000000010092.jpg,0,real,clean,0.098550,0,1
data\val\real\000000010363.jpg,0,real,clean,0.013645,0,1
data\val\real\000000010583.jpg,0,real,clean,0.056702,0,1
data\val\real\000000010707.jpg,0,real,clean,0.008192,0,1
data\val\real\000000010764.jpg,0,real,clean,0.445760,0,1
data\val\real\000000010977.jpg,0,real,clean,0.070929,0,1
data\val\real\000000010995.jpg,0,real,clean,0.128193,0,1
data\val\real\000000011051.jpg,0,real,clean,0.037306,0,1
data\val\real\000000011122.jpg,0,real,clean,0.031398,0,1
data\val\real\000000011149.jpg,0,real,clean,0.010202,0,1
data\val\real\000000011197.jpg,0,real,clean,0.042059,0,1
data\val\real\000000011511.jpg,0,real,clean,0.180037,0,1
data\val\real\000000011615.jpg,0,real,clean,0.194574,0,1
data\val\real\000000011699.jpg,0,real,clean,0.090820,0,1
data\val\real\000000011760.jpg,0,real,clean,0.483520,0,1
data\val\real\000000011813.jpg,0,real,clean,0.035042,0,1
data\val\real\000000012062.jpg,0,real,clean,0.040797,0,1
data\val\real\000000012120.jpg,0,real,clean,0.060463,0,1
data\val\real\000000012280.jpg,0,real,clean,0.412169,0,1
data\val\real\000000012576.jpg,0,real,clean,0.124220,0,1
data\val\real\000000012639.jpg,0,real,clean,0.150765,0,1
data\val\real\000000012667.jpg,0,real,clean,0.386498,0,1
data\val\real\000000012670.jpg,0,real,clean,0.025494,0,1
data\val\real\000000012748.jpg,0,real,clean,0.169294,0,1
data\val\real\000000013004.jpg,0,real,clean,0.408035,0,1
data\val\real\000000013177.jpg,0,real,clean,0.069233,0,1
data\val\real\000000013201.jpg,0,real,clean,0.206235,0,1
data\val\real\000000013291.jpg,0,real,clean,0.473360,0,1
data\val\real\000000013348.jpg,0,real,clean,0.282144,0,1
data\val\real\000000013546.jpg,0,real,clean,0.022771,0,1
data\val\real\000000013597.jpg,0,real,clean,0.858985,1,0
data\val\real\000000013659.jpg,0,real,clean,0.003614,0,1
data\val\real\000000013729.jpg,0,real,clean,0.016521,0,1
data\val\real\000000013774.jpg,0,real,clean,0.842890,1,0
data\val\real\000000013923.jpg,0,real,clean,0.110756,0,1
data\val\real\000000014007.jpg,0,real,clean,0.157219,0,1
data\val\real\000000014038.jpg,0,real,clean,0.603044,1,0
data\val\real\000000014226.jpg,0,real,clean,0.456264,0,1
data\val\real\000000014380.jpg,0,real,clean,0.254993,0,1
data\val\real\000000014439.jpg,0,real,clean,0.083789,0,1
data\val\real\000000014473.jpg,0,real,clean,0.148177,0,1
data\val\real\000000014831.jpg,0,real,clean,0.007616,0,1
data\val\real\000000014888.jpg,0,real,clean,0.117605,0,1
data\val\real\000000015079.jpg,0,real,clean,0.233019,0,1
data\val\real\000000015254.jpg,0,real,clean,0.263058,0,1
data\val\real\000000015272.jpg,0,real,clean,0.117745,0,1
data\val\real\000000015278.jpg,0,real,clean,0.137485,0,1
data\val\real\000000015335.jpg,0,real,clean,0.004425,0,1
data\val\real\000000015338.jpg,0,real,clean,0.066912,0,1
data\val\real\000000015440.jpg,0,real,clean,0.874062,1,0
data\val\real\000000015497.jpg,0,real,clean,0.022240,0,1
data\val\real\000000015517.jpg,0,real,clean,0.028661,0,1
data\val\real\000000015597.jpg,0,real,clean,0.014812,0,1
data\val\real\000000015660.jpg,0,real,clean,0.322151,0,1
data\val\real\000000015746.jpg,0,real,clean,0.102027,0,1
data\val\real\000000015751.jpg,0,real,clean,0.047644,0,1
data\val\real\000000015956.jpg,0,real,clean,0.029842,0,1
data\val\real\000000016010.jpg,0,real,clean,0.027581,0,1
data\val\real\000000016228.jpg,0,real,clean,0.449732,0,1
data\val\real\000000016249.jpg,0,real,clean,0.177869,0,1
data\val\real\000000016439.jpg,0,real,clean,0.368134,0,1
data\val\real\000000016451.jpg,0,real,clean,0.213093,0,1
data\val\real\000000016502.jpg,0,real,clean,0.296726,0,1
data\val\real\000000016598.jpg,0,real,clean,0.004991,0,1
data\val\real\000000016958.jpg,0,real,clean,0.052480,0,1
data\val\real\000000017029.jpg,0,real,clean,0.181709,0,1
data\val\real\000000017031.jpg,0,real,clean,0.680380,1,0
data\val\real\000000017115.jpg,0,real,clean,0.352881,0,1
data\val\real\000000017178.jpg,0,real,clean,0.737751,1,0
data\val\real\000000017182.jpg,0,real,clean,0.232729,0,1
data\val\real\000000017207.jpg,0,real,clean,0.038267,0,1
data\val\real\000000017379.jpg,0,real,clean,0.298143,0,1
data\val\real\000000017436.jpg,0,real,clean,0.043646,0,1
data\val\real\000000017627.jpg,0,real,clean,0.009035,0,1
data\val\real\000000017714.jpg,0,real,clean,0.204760,0,1
data\val\real\000000017899.jpg,0,real,clean,0.017029,0,1
data\val\real\000000017905.jpg,0,real,clean,0.004364,0,1
data\val\real\000000017959.jpg,0,real,clean,0.261169,0,1
data\val\real\000000018150.jpg,0,real,clean,0.025310,0,1
data\val\real\000000018193.jpg,0,real,clean,0.020282,0,1
data\val\real\000000018380.jpg,0,real,clean,0.249503,0,1
data\val\real\000000018491.jpg,0,real,clean,0.073329,0,1
data\val\real\000000018519.jpg,0,real,clean,0.394696,0,1
data\val\real\000000018575.jpg,0,real,clean,0.030153,0,1
data\val\real\000000018737.jpg,0,real,clean,0.083870,0,1
data\val\real\000000018770.jpg,0,real,clean,0.042612,0,1
data\val\real\000000018833.jpg,0,real,clean,0.507964,1,0
data\val\real\000000018837.jpg,0,real,clean,0.204109,0,1
data\val\real\000000019042.jpg,0,real,clean,0.011309,0,1
data\val\real\000000019109.jpg,0,real,clean,0.144250,0,1
data\val\real\000000019221.jpg,0,real,clean,0.007626,0,1
data\val\real\000000019402.jpg,0,real,clean,0.004508,0,1
data\val\real\000000019432.jpg,0,real,clean,0.050586,0,1
data\val\real\000000019742.jpg,0,real,clean,0.234824,0,1
data\val\real\000000019786.jpg,0,real,clean,0.010365,0,1
data\val\real\000000019924.jpg,0,real,clean,0.771591,1,0
data\val\real\000000020059.jpg,0,real,clean,0.045488,0,1
data\val\real\000000020107.jpg,0,real,clean,0.030234,0,1
data\val\real\000000020247.jpg,0,real,clean,0.237542,0,1
data\val\real\000000020333.jpg,0,real,clean,0.212014,0,1
data\val\real\000000020553.jpg,0,real,clean,0.112708,0,1
data\val\real\000000020571.jpg,0,real,clean,0.155126,0,1
data\val\real\000000020992.jpg,0,real,clean,0.062078,0,1
data\val\real\000000021167.jpg,0,real,clean,0.013676,0,1
data\val\real\000000021465.jpg,0,real,clean,0.001906,0,1
data\val\real\000000021503.jpg,0,real,clean,0.004188,0,1
data\val\real\000000021604.jpg,0,real,clean,0.965850,1,0
data\val\real\000000021839.jpg,0,real,clean,0.008511,0,1
data\val\real\000000021879.jpg,0,real,clean,0.144835,0,1
data\val\real\000000021903.jpg,0,real,clean,0.256729,0,1
data\val\real\000000022192.jpg,0,real,clean,0.057074,0,1
data\val\real\000000022371.jpg,0,real,clean,0.896411,1,0
data\val\real\000000022396.jpg,0,real,clean,0.107612,0,1
data\val\real\000000022479.jpg,0,real,clean,0.149638,0,1
data\val\real\000000022589.jpg,0,real,clean,0.024274,0,1
data\val\real\000000022623.jpg,0,real,clean,0.232977,0,1
data\val\real\000000022705.jpg,0,real,clean,0.013158,0,1
data\val\real\000000022755.jpg,0,real,clean,0.190785,0,1
data\val\real\000000022892.jpg,0,real,clean,0.224414,0,1
data\val\real\000000022935.jpg,0,real,clean,0.161625,0,1
data\val\real\000000022969.jpg,0,real,clean,0.173921,0,1
data\val\real\000000023023.jpg,0,real,clean,0.075125,0,1
data\val\real\000000023034.jpg,0,real,clean,0.014171,0,1
data\val\real\000000023126.jpg,0,real,clean,0.756961,1,0
data\val\real\000000023230.jpg,0,real,clean,0.009028,0,1
data\val\real\000000023272.jpg,0,real,clean,0.048784,0,1
data\val\real\000000023359.jpg,0,real,clean,0.438017,0,1
data\val\real\000000023666.jpg,0,real,clean,0.113279,0,1
data\val\real\000000023751.jpg,0,real,clean,0.010097,0,1
data\val\real\000000023781.jpg,0,real,clean,0.290429,0,1
data\val\real\000000023899.jpg,0,real,clean,0.010205,0,1
data\val\real\000000023937.jpg,0,real,clean,0.159886,0,1
data\val\real\000000024021.jpg,0,real,clean,0.185710,0,1
data\val\real\000000024027.jpg,0,real,clean,0.050701,0,1
data\val\real\000000024144.jpg,0,real,clean,0.198610,0,1
data\val\real\000000024243.jpg,0,real,clean,0.163184,0,1
data\val\real\000000024567.jpg,0,real,clean,0.015251,0,1
data\val\real\000000024610.jpg,0,real,clean,0.021077,0,1
data\val\real\000000024919.jpg,0,real,clean,0.534781,1,0
data\val\real\000000025057.jpg,0,real,clean,0.087280,0,1
data\val\real\000000025096.jpg,0,real,clean,0.062256,0,1
data\val\real\000000025139.jpg,0,real,clean,0.234557,0,1
data\val\real\000000025181.jpg,0,real,clean,0.792724,1,0
data\val\real\000000025228.jpg,0,real,clean,0.039804,0,1
data\val\real\000000025386.jpg,0,real,clean,0.010006,0,1
data\val\real\000000025393.jpg,0,real,clean,0.009400,0,1
data\val\real\000000025394.jpg,0,real,clean,0.040324,0,1
data\val\real\000000025424.jpg,0,real,clean,0.570122,1,0
data\val\real\000000025560.jpg,0,real,clean,0.053360,0,1
data\val\real\000000025593.jpg,0,real,clean,0.095600,0,1
data\val\real\000000025603.jpg,0,real,clean,0.003467,0,1
data\val\real\000000025986.jpg,0,real,clean,0.018032,0,1
data\val\real\000000026204.jpg,0,real,clean,0.080695,0,1
data\val\real\000000026465.jpg,0,real,clean,0.004788,0,1
data\val\real\000000026564.jpg,0,real,clean,0.261112,0,1
data\val\real\000000026690.jpg,0,real,clean,0.091930,0,1
data\val\real\000000026926.jpg,0,real,clean,0.771440,1,0
data\val\real\000000026941.jpg,0,real,clean,0.823287,1,0
data\val\real\000000027186.jpg,0,real,clean,0.048473,0,1
data\val\real\000000027620.jpg,0,real,clean,0.077617,0,1
data\val\real\000000027696.jpg,0,real,clean,0.016316,0,1
data\val\real\000000027768.jpg,0,real,clean,0.089514,0,1
data\val\real\000000027932.jpg,0,real,clean,0.343799,0,1
data\val\real\000000027972.jpg,0,real,clean,0.417072,0,1
data\val\real\000000027982.jpg,0,real,clean,0.391229,0,1
data\val\real\000000028285.jpg,0,real,clean,0.041760,0,1
data\val\real\000000028449.jpg,0,real,clean,0.772905,1,0
data\val\real\000000028452.jpg,0,real,clean,0.528944,1,0
data\val\real\000000028809.jpg,0,real,clean,0.137172,0,1
data\val\real\000000028993.jpg,0,real,clean,0.262508,0,1
data\val\real\000000029187.jpg,0,real,clean,0.009026,0,1
data\val\real\000000029393.jpg,0,real,clean,0.024666,0,1
data\val\real\000000029397.jpg,0,real,clean,0.006721,0,1
data\val\real\000000029596.jpg,0,real,clean,0.623074,1,0
data\val\real\000000029640.jpg,0,real,clean,0.474567,0,1
data\val\real\000000029675.jpg,0,real,clean,0.217490,0,1
data\val\real\000000029984.jpg,0,real,clean,0.015856,0,1
data\val\real\000000030213.jpg,0,real,clean,0.324927,0,1
data\val\real\000000030494.jpg,0,real,clean,0.006391,0,1
data\val\real\000000030504.jpg,0,real,clean,0.349996,0,1
data\val\real\000000030675.jpg,0,real,clean,0.664588,1,0
data\val\real\000000030785.jpg,0,real,clean,0.264050,0,1
data\val\real\000000030828.jpg,0,real,clean,0.453542,0,1
data\val\real\000000031050.jpg,0,real,clean,0.017603,0,1
data\val\real\000000031093.jpg,0,real,clean,0.396012,0,1
data\val\real\000000031118.jpg,0,real,clean,0.485480,0,1
data\val\real\000000031217.jpg,0,real,clean,0.117573,0,1
data\val\real\000000031248.jpg,0,real,clean,0.079396,0,1
data\val\real\000000031269.jpg,0,real,clean,0.154672,0,1
data\val\real\000000031296.jpg,0,real,clean,0.004622,0,1
data\val\real\000000031322.jpg,0,real,clean,0.212666,0,1
data\val\real\000000031620.jpg,0,real,clean,0.001530,0,1
data\val\real\000000031735.jpg,0,real,clean,0.001588,0,1
data\val\real\000000031749.jpg,0,real,clean,0.295266,0,1
data\val\real\000000031817.jpg,0,real,clean,0.010658,0,1
data\val\real\000000032038.jpg,0,real,clean,0.156088,0,1
data\val\real\000000032081.jpg,0,real,clean,0.198496,0,1
data\val\real\000000032285.jpg,0,real,clean,0.302196,0,1
data\val\real\000000032334.jpg,0,real,clean,0.006563,0,1
data\val\real\000000032570.jpg,0,real,clean,0.873750,1,0
data\val\real\000000032610.jpg,0,real,clean,0.035925,0,1
data\val\real\000000032735.jpg,0,real,clean,0.280605,0,1
data\val\real\000000032811.jpg,0,real,clean,0.062422,0,1
data\val\real\000000032817.jpg,0,real,clean,0.023770,0,1
data\val\real\000000032861.jpg,0,real,clean,0.456244,0,1
data\val\real\000000032887.jpg,0,real,clean,0.007141,0,1
data\val\real\000000032901.jpg,0,real,clean,0.006190,0,1
data\val\real\000000032941.jpg,0,real,clean,0.034932,0,1
data\val\real\000000033005.jpg,0,real,clean,0.208241,0,1
data\val\real\000000033104.jpg,0,real,clean,0.032945,0,1
data\val\real\000000033109.jpg,0,real,clean,0.063729,0,1
data\val\real\000000033114.jpg,0,real,clean,0.328200,0,1
data\val\real\000000033221.jpg,0,real,clean,0.005691,0,1
data\val\real\000000033368.jpg,0,real,clean,0.734589,1,0
data\val\real\000000033638.jpg,0,real,clean,0.057470,0,1
data\val\real\000000033707.jpg,0,real,clean,0.158484,0,1
data\val\real\000000033759.jpg,0,real,clean,0.117202,0,1
data\val\real\000000033854.jpg,0,real,clean,0.090315,0,1
data\val\real\000000034071.jpg,0,real,clean,0.586646,1,0
data\val\real\000000034139.jpg,0,real,clean,0.120861,0,1
data\val\real\000000034205.jpg,0,real,clean,0.222464,0,1
data\val\real\000000034257.jpg,0,real,clean,0.563900,1,0
data\val\real\000000034417.jpg,0,real,clean,0.234407,0,1
data\val\real\000000034452.jpg,0,real,clean,0.006353,0,1
data\val\real\000000034760.jpg,0,real,clean,0.039934,0,1
data\val\real\000000034873.jpg,0,real,clean,0.044885,0,1
data\val\real\000000035062.jpg,0,real,clean,0.041381,0,1
data\val\real\000000035197.jpg,0,real,clean,0.625026,1,0
data\val\real\000000035279.jpg,0,real,clean,0.050963,0,1
data\val\real\000000035326.jpg,0,real,clean,0.013523,0,1
data\val\real\000000035682.jpg,0,real,clean,0.051214,0,1
data\val\real\000000035770.jpg,0,real,clean,0.028527,0,1
data\val\real\000000035963.jpg,0,real,clean,0.015535,0,1
data\val\real\000000036494.jpg,0,real,clean,0.330804,0,1
data\val\real\000000036539.jpg,0,real,clean,0.018524,0,1
data\val\real\000000036660.jpg,0,real,clean,0.150363,0,1
data\val\real\000000036678.jpg,0,real,clean,0.173511,0,1
data\val\real\000000036844.jpg,0,real,clean,0.025701,0,1
data\val\real\000000036861.jpg,0,real,clean,0.080556,0,1
data\val\real\000000036936.jpg,0,real,clean,0.018321,0,1
data\val\real\000000037670.jpg,0,real,clean,0.101366,0,1
data\val\real\000000037689.jpg,0,real,clean,0.460350,0,1
data\val\real\000000037740.jpg,0,real,clean,0.333071,0,1
data\val\real\000000037751.jpg,0,real,clean,0.055546,0,1
data\val\real\000000037777.jpg,0,real,clean,0.183284,0,1
data\val\real\000000037988.jpg,0,real,clean,0.056126,0,1
data\val\real\000000038048.jpg,0,real,clean,0.045300,0,1
data\val\real\000000038070.jpg,0,real,clean,0.520188,1,0
data\val\real\000000038118.jpg,0,real,clean,0.666237,1,0
data\val\real\000000038210.jpg,0,real,clean,0.388531,0,1
data\val\real\000000038576.jpg,0,real,clean,0.300243,0,1
data\val\real\000000038678.jpg,0,real,clean,0.006582,0,1
data\val\real\000000038825.jpg,0,real,clean,0.354093,0,1
data\val\real\000000038829.jpg,0,real,clean,0.054086,0,1
data\val\real\000000039405.jpg,0,real,clean,0.053167,0,1
data\val\real\000000039477.jpg,0,real,clean,0.235849,0,1
data\val\real\000000039480.jpg,0,real,clean,0.116366,0,1
data\val\real\000000039484.jpg,0,real,clean,0.206585,0,1
data\val\real\000000039551.jpg,0,real,clean,0.686266,1,0
data\val\real\000000039670.jpg,0,real,clean,0.286805,0,1
data\val\real\000000039769.jpg,0,real,clean,0.015432,0,1
data\val\real\000000039785.jpg,0,real,clean,0.332189,0,1
data\val\real\000000039914.jpg,0,real,clean,0.009837,0,1
data\val\real\000000039951.jpg,0,real,clean,0.247370,0,1
data\val\real\000000039956.jpg,0,real,clean,0.758724,1,0
data\val\real\000000040036.jpg,0,real,clean,0.232149,0,1
data\val\real\000000040083.jpg,0,real,clean,0.020411,0,1
data\val\real\000000040471.jpg,0,real,clean,0.033283,0,1
data\val\real\000000040757.jpg,0,real,clean,0.186199,0,1
data\val\real\000000041488.jpg,0,real,clean,0.765848,1,0
data\val\real\000000041633.jpg,0,real,clean,0.641672,1,0
data\val\real\000000041635.jpg,0,real,clean,0.120552,0,1
data\val\real\000000041872.jpg,0,real,clean,0.250362,0,1
data\val\real\000000041888.jpg,0,real,clean,0.017598,0,1
data\val\real\000000041990.jpg,0,real,clean,0.051718,0,1
data\val\real\000000042070.jpg,0,real,clean,0.108119,0,1
data\val\real\000000042102.jpg,0,real,clean,0.019154,0,1
data\val\real\000000042178.jpg,0,real,clean,0.369497,0,1
data\val\real\000000042276.jpg,0,real,clean,0.149376,0,1
data\val\real\000000042296.jpg,0,real,clean,0.254616,0,1
data\val\real\000000042528.jpg,0,real,clean,0.005034,0,1
data\val\real\000000042563.jpg,0,real,clean,0.326010,0,1
data\val\real\000000042628.jpg,0,real,clean,0.040051,0,1
data\val\real\000000042888.jpg,0,real,clean,0.022720,0,1
data\val\real\000000042889.jpg,0,real,clean,0.041882,0,1
data\val\real\000000043314.jpg,0,real,clean,0.196594,0,1
data\val\real\000000043435.jpg,0,real,clean,0.498772,0,1
data\val\real\000000043581.jpg,0,real,clean,0.355998,0,1
data\val\real\000000043737.jpg,0,real,clean,0.202942,0,1
data\val\real\000000043816.jpg,0,real,clean,0.137074,0,1
data\val\real\000000044068.jpg,0,real,clean,0.011880,0,1
data\val\real\000000044195.jpg,0,real,clean,0.396660,0,1
data\val\real\000000044260.jpg,0,real,clean,0.720301,1,0
data\val\real\000000044279.jpg,0,real,clean,0.229621,0,1
data\val\real\000000044590.jpg,0,real,clean,0.061658,0,1
data\val\real\000000044652.jpg,0,real,clean,0.200275,0,1
data\val\real\000000044699.jpg,0,real,clean,0.636297,1,0
data\val\real\000000044877.jpg,0,real,clean,0.257174,0,1
data\val\real\000000045070.jpg,0,real,clean,0.166939,0,1
data\val\real\000000045090.jpg,0,real,clean,0.116338,0,1
data\val\real\000000045229.jpg,0,real,clean,0.663954,1,0
data\val\real\000000045472.jpg,0,real,clean,0.093473,0,1
data\val\real\000000045550.jpg,0,real,clean,0.019763,0,1
data\val\real\000000045596.jpg,0,real,clean,0.021888,0,1
data\val\real\000000045728.jpg,0,real,clean,0.056961,0,1
data\val\real\000000046031.jpg,0,real,clean,0.035572,0,1
data\val\real\000000046048.jpg,0,real,clean,0.040439,0,1
data\val\real\000000046252.jpg,0,real,clean,0.612154,1,0
data\val\real\000000046378.jpg,0,real,clean,0.044415,0,1
data\val\real\000000046463.jpg,0,real,clean,0.007491,0,1
data\val\real\000000046497.jpg,0,real,clean,0.052252,0,1
data\val\real\000000046804.jpg,0,real,clean,0.078842,0,1
data\val\real\000000046872.jpg,0,real,clean,0.305456,0,1
data\val\real\000000047010.jpg,0,real,clean,0.152699,0,1
data\val\real\000000047112.jpg,0,real,clean,0.178141,0,1
data\val\real\000000047121.jpg,0,real,clean,0.059990,0,1
data\val\real\000000047571.jpg,0,real,clean,0.154894,0,1
data\val\real\000000047585.jpg,0,real,clean,0.007495,0,1
data\val\real\000000047740.jpg,0,real,clean,0.004483,0,1
data\val\real\000000047769.jpg,0,real,clean,0.050984,0,1
data\val\real\000000047801.jpg,0,real,clean,0.062398,0,1
data\val\real\000000047819.jpg,0,real,clean,0.040633,0,1
data\val\real\000000047828.jpg,0,real,clean,0.541071,1,0
data\val\real\000000048153.jpg,0,real,clean,0.061505,0,1
data\val\real\000000048396.jpg,0,real,clean,0.014952,0,1
data\val\real\000000048504.jpg,0,real,clean,0.602247,1,0
data\val\real\000000048555.jpg,0,real,clean,0.558887,1,0
data\val\real\000000048564.jpg,0,real,clean,0.035704,0,1
data\val\real\000000048924.jpg,0,real,clean,0.874759,1,0
data\val\real\000000049060.jpg,0,real,clean,0.030966,0,1
data\val\real\000000049091.jpg,0,real,clean,0.093788,0,1
data\val\real\000000049259.jpg,0,real,clean,0.011110,0,1
data\val\real\000000049269.jpg,0,real,clean,0.719640,1,0
data\val\real\000000049759.jpg,0,real,clean,0.387067,0,1
data\val\real\000000049761.jpg,0,real,clean,0.081576,0,1
data\val\real\000000049810.jpg,0,real,clean,0.147126,0,1
data\val\real\000000050006.jpg,0,real,clean,0.073954,0,1
data\val\real\000000050145.jpg,0,real,clean,0.030094,0,1
data\val\real\000000050149.jpg,0,real,clean,0.063842,0,1
data\val\real\000000050165.jpg,0,real,clean,0.513977,1,0
data\val\real\000000050326.jpg,0,real,clean,0.011305,0,1
data\val\real\000000050331.jpg,0,real,clean,0.028923,0,1
data\val\real\000000050380.jpg,0,real,clean,0.302134,0,1
data\val\real\000000050638.jpg,0,real,clean,0.790416,1,0
data\val\real\000000050679.jpg,0,real,clean,0.582248,1,0
data\val\real\000000050811.jpg,0,real,clean,0.029296,0,1
data\val\real\000000050828.jpg,0,real,clean,0.217100,0,1
data\val\real\000000050844.jpg,0,real,clean,0.339322,0,1
data\val\real\000000050896.jpg,0,real,clean,0.295836,0,1
data\val\real\000000050943.jpg,0,real,clean,0.257168,0,1
data\val\real\000000051008.jpg,0,real,clean,0.087738,0,1
data\val\real\000000051309.jpg,0,real,clean,0.118197,0,1
data\val\real\000000051314.jpg,0,real,clean,0.225431,0,1
data\val\real\000000051326.jpg,0,real,clean,0.021690,0,1
data\val\real\000000051598.jpg,0,real,clean,0.008182,0,1
data\val\real\000000051610.jpg,0,real,clean,0.578915,1,0
data\val\real\000000051712.jpg,0,real,clean,0.556895,1,0
data\val\real\000000051738.jpg,0,real,clean,0.155689,0,1
data\val\real\000000051938.jpg,0,real,clean,0.231303,0,1
data\val\real\000000051961.jpg,0,real,clean,0.061463,0,1
data\val\real\000000051976.jpg,0,real,clean,0.542981,1,0
data\val\real\000000052007.jpg,0,real,clean,0.190930,0,1
data\val\real\000000052017.jpg,0,real,clean,0.703748,1,0
data\val\real\000000052412.jpg,0,real,clean,0.374912,0,1
data\val\real\000000052413.jpg,0,real,clean,0.062337,0,1
data\val\real\000000052462.jpg,0,real,clean,0.467682,0,1
data\val\real\000000052507.jpg,0,real,clean,0.289288,0,1
data\val\real\000000052565.jpg,0,real,clean,0.310243,0,1
data\val\real\000000052591.jpg,0,real,clean,0.666938,1,0
data\val\real\000000052891.jpg,0,real,clean,0.513978,1,0
data\val\real\000000052996.jpg,0,real,clean,0.010157,0,1
data\val\real\000000053505.jpg,0,real,clean,0.305118,0,1
data\val\real\000000053529.jpg,0,real,clean,0.406212,0,1
data\val\real\000000053624.jpg,0,real,clean,0.032798,0,1
data\val\real\000000053626.jpg,0,real,clean,0.082259,0,1
data\val\real\000000053909.jpg,0,real,clean,0.012152,0,1
data\val\real\000000053994.jpg,0,real,clean,0.310321,0,1
data\val\real\000000054123.jpg,0,real,clean,0.376601,0,1
data\val\real\000000054164.jpg,0,real,clean,0.606369,1,0
data\val\real\000000054592.jpg,0,real,clean,0.651402,1,0
data\val\real\000000054593.jpg,0,real,clean,0.148982,0,1
data\val\real\000000054605.jpg,0,real,clean,0.138684,0,1
data\val\real\000000054628.jpg,0,real,clean,0.115630,0,1
data\val\real\000000054654.jpg,0,real,clean,0.022616,0,1
data\val\real\000000054931.jpg,0,real,clean,0.781607,1,0
data\val\real\000000054967.jpg,0,real,clean,0.575017,1,0
data\val\real\000000055002.jpg,0,real,clean,0.178757,0,1
data\val\real\000000055022.jpg,0,real,clean,0.055181,0,1
data\val\real\000000055072.jpg,0,real,clean,0.486670,0,1
data\val\real\000000055150.jpg,0,real,clean,0.093453,0,1
data\val\real\000000055167.jpg,0,real,clean,0.008229,0,1
data\val\real\000000055299.jpg,0,real,clean,0.231693,0,1
data\val\real\000000055528.jpg,0,real,clean,0.010866,0,1
data\val\real\000000055950.jpg,0,real,clean,0.203408,0,1
data\val\real\000000056127.jpg,0,real,clean,0.023227,0,1
data\val\real\000000056288.jpg,0,real,clean,0.219967,0,1
data\val\real\000000056344.jpg,0,real,clean,0.147047,0,1
data\val\real\000000056350.jpg,0,real,clean,0.169267,0,1
data\val\real\000000056545.jpg,0,real,clean,0.009181,0,1
data\wildfake\Images\Diffusion_based\DALLE\DALLE\Advanced\DALLE3\dalle3\202311011943129901ca391019566e\0000bc251bd2e98239266f18c7422f00.jpg,1,ai,clean,0.997193,1,1
data\wildfake\Images\Diffusion_based\DALLE\DALLE\Advanced\DALLE3\dalle3\202311011943129901ca391019566e\001f5052a8976abf8628979c0a3295fd.jpg,1,ai,clean,0.986967,1,1
data\wildfake\Images\Diffusion_based\DALLE\DALLE\Advanced\DALLE3\dalle3\202311011943129901ca391019566e\003a4c6ab6f2b3ab9658a92b5f05945e.jpg,1,ai,clean,0.998745,1,1
data\wildfake\Images\Diffusion_based\DALLE\DALLE\Advanced\DALLE3\dalle3\202311011943129901ca391019566e\0043fbaa145d5c0a2a40d46645ed83cb.jpg,1,ai,clean,0.943718,1,1
data\wildfake\Images\Diffusion_based\DALLE\DALLE\Advanced\DALLE3\dalle3\202311011943129901ca391019566e\00470ad00ea26cb498a51499f937e52b.jpg,1,ai,clean,0.869851,1,1
data\wildfake\Images\Diffusion_based\DALLE\DALLE\Advanced\DALLE3\dalle3\202311011943129901ca391019566e\0052d17a5ef60d0d179717f85046f4b1.jpg,1,ai,clean,0.939968,1,1
data\wildfake\Images\Diffusion_based\DALLE\DALLE\Advanced\DALLE3\dalle3\202311011943129901ca391019566e\009bbc62119d37a8fbb83bb9e0dbc508.jpg,1,ai,clean,0.995547,1,1
data\wildfake\Images\Diffusion_based\DALLE\DALLE\Advanced\DALLE3\dalle3\202311011943129901ca391019566e\00c573bb9bc5a7eb21bc3be7ae501662.jpg,1,ai,clean,0.698431,1,1
data\wildfake\Images\Diffusion_based\DALLE\DALLE\Advanced\DALLE3\dalle3\202311011943129901ca391019566e\00d38429f2b27b0c1704ee2e62d7a990.jpg,1,ai,clean,0.654794,1,1
data\wildfake\Images\Diffusion_based\DALLE\DALLE\Advanced\DALLE3\dalle3\202311011943129901ca391019566e\00d73c1e7e3b3890737927fc56ce6e63.jpg,1,ai,clean,0.932242,1,1
data\wildfake\Images\Diffusion_based\DALLE\DALLE\Advanced\DALLE3\dalle3\202311011943129901ca391019566e\00fcdf259a2e197eea470d5df3473c65.jpg,1,ai,clean,0.984769,1,1
data\wildfake\Images\Diffusion_based\DALLE\DALLE\Advanced\DALLE3\dalle3\202311011943129901ca391019566e\01007fafc81c71ac48435ee0c7d4f2e3.jpg,1,ai,clean,0.981234,1,1
data\wildfake\Images\Diffusion_based\DALLE\DALLE\Advanced\DALLE3\dalle3\202311011943129901ca391019566e\010d7366d58b4b5c787bcad069c1730b.jpg,1,ai,clean,0.994653,1,1
data\wildfake\Images\Diffusion_based\DALLE\DALLE\Advanced\DALLE3\dalle3\202311011943129901ca391019566e\012bdc65f98678a9d2f300d3828985c2.jpg,1,ai,clean,0.821546,1,1
data\wildfake\Images\Diffusion_based\DALLE\DALLE\Advanced\DALLE3\dalle3\202311011943129901ca391019566e\01427a315cdbac9741097790f78aa0fe.jpg,1,ai,clean,0.990839,1,1
data\wildfake\Images\Diffusion_based\DALLE\DALLE\Advanced\DALLE3\dalle3\202311011943129901ca391019566e\01686507673b71e4d1fae61f9f3f305b.jpg,1,ai,clean,0.983071,1,1
data\wildfake\Images\Diffusion_based\DALLE\DALLE\Advanced\DALLE3\dalle3\202311011943129901ca391019566e\0199b3d7eac3efb5e6a57ec8044c6f87.jpg,1,ai,clean,0.984967,1,1
data\wildfake\Images\Diffusion_based\DALLE\DALLE\Advanced\DALLE3\dalle3\202311011943129901ca391019566e\019e486743b8e231bc299da988d9e6c8.jpg,1,ai,clean,0.714718,1,1
data\wildfake\Images\Diffusion_based\DALLE\DALLE\Advanced\DALLE3\dalle3\202311011943129901ca391019566e\01ba9ec6bf20f7713b2367189281182e.jpg,1,ai,clean,0.983436,1,1
data\wildfake\Images\Diffusion_based\DALLE\DALLE\Advanced\DALLE3\dalle3\202311011943129901ca391019566e\021108a4d05cd0b11e99b0138260665a.jpg,1,ai,clean,0.721122,1,1
data\wildfake\Images\Diffusion_based\DALLE\DALLE\Advanced\DALLE3\dalle3\202311011943129901ca391019566e\0256205126a50f7e83488b229ad926b8.jpg,1,ai,clean,0.912119,1,1
data\wildfake\Images\Diffusion_based\DALLE\DALLE\Advanced\DALLE3\dalle3\202311011943129901ca391019566e\028f173ecc8a7a865659c2d0bfb76cc0.jpg,1,ai,clean,0.917140,1,1
data\wildfake\Images\Diffusion_based\DALLE\DALLE\Advanced\DALLE3\dalle3\202311011943129901ca391019566e\02c359a2bd6af2a45834b8ea3c86f63d.jpg,1,ai,clean,0.777852,1,1
data\wildfake\Images\Diffusion_based\DALLE\DALLE\Advanced\DALLE3\dalle3\202311011943129901ca391019566e\02c38b86651eb0b1d5b9f61262d508ee.jpg,1,ai,clean,0.981682,1,1
data\wildfake\Images\Diffusion_based\DALLE\DALLE\Advanced\DALLE3\dalle3\202311011943129901ca391019566e\02e9dfc8287798fdac01d4461933d577.jpg,1,ai,clean,0.821478,1,1
data\wildfake\Images\Diffusion_based\DALLE\DALLE\Advanced\DALLE3\dalle3\202311011943129901ca391019566e\0304eaaaac6b68aec926d8544f214c81.jpg,1,ai,clean,0.993828,1,1
data\wildfake\Images\Diffusion_based\DALLE\DALLE\Advanced\DALLE3\dalle3\202311011943129901ca391019566e\03086a843653df9b1ab5e57e5ecc2eff.jpg,1,ai,clean,0.970080,1,1
data\wildfake\Images\Diffusion_based\DALLE\DALLE\Advanced\DALLE3\dalle3\202311011943129901ca391019566e\031844ca3fc6976c3f7e27610993b1dc.jpg,1,ai,clean,0.984846,1,1
data\wildfake\Images\Diffusion_based\DALLE\DALLE\Advanced\DALLE3\dalle3\202311011943129901ca391019566e\032adbac54f2e53fbefb58dfa5c05d73.jpg,1,ai,clean,0.964671,1,1
data\wildfake\Images\Diffusion_based\DALLE\DALLE\Advanced\DALLE3\dalle3\202311011943129901ca391019566e\033447efc58758adfcae16ba3835f106.jpg,1,ai,clean,0.994321,1,1
data\wildfake\Images\Diffusion_based\DALLE\DALLE\Advanced\DALLE3\dalle3\202311011943129901ca391019566e\03aa56112f102b4497c1067d89d3de75.jpg,1,ai,clean,0.969374,1,1
data\wildfake\Images\Diffusion_based\DALLE\DALLE\Advanced\DALLE3\dalle3\202311011943129901ca391019566e\042346a5a0950c816b3eec5a543462c5.jpg,1,ai,clean,0.634838,1,1
data\wildfake\Images\Diffusion_based\DALLE\DALLE\Advanced\DALLE3\dalle3\202311011943129901ca391019566e\044f4f988518587886dc78b7d1da2b45.jpg,1,ai,clean,0.941077,1,1
data\wildfake\Images\Diffusion_based\DALLE\DALLE\Advanced\DALLE3\dalle3\202311011943129901ca391019566e\04b89f4920d9cd392bb6521250256fb3.jpg,1,ai,clean,0.967899,1,1
data\wildfake\Images\Diffusion_based\DALLE\DALLE\Advanced\DALLE3\dalle3\202311011943129901ca391019566e\04c4079b8c37703b654ee05f2da9d71b.jpg,1,ai,clean,0.798823,1,1
data\wildfake\Images\Diffusion_based\DALLE\DALLE\Advanced\DALLE3\dalle3\202311011943129901ca391019566e\04e5ba4cdc8740da933119ebe3b88668.jpg,1,ai,clean,0.984524,1,1
data\wildfake\Images\Diffusion_based\DALLE\DALLE\Advanced\DALLE3\dalle3\202311011943129901ca391019566e\050b5d5acf449d4939e62fb5c3dbf3dd.jpg,1,ai,clean,0.980444,1,1
data\wildfake\Images\Diffusion_based\DALLE\DALLE\Advanced\DALLE3\dalle3\202311011943129901ca391019566e\051b85c650f4595bb765a88f571557a1.jpg,1,ai,clean,0.973639,1,1
data\wildfake\Images\Diffusion_based\DALLE\DALLE\Advanced\DALLE3\dalle3\202311011943129901ca391019566e\0584095ade8a9eba85efb3019908a95b.jpg,1,ai,clean,0.998336,1,1
data\wildfake\Images\Diffusion_based\DALLE\DALLE\Advanced\DALLE3\dalle3\202311011943129901ca391019566e\05902e52fb144e8fed59ef1ee0869e97.jpg,1,ai,clean,0.439183,0,0
data\wildfake\Images\Diffusion_based\DALLE\DALLE\Advanced\DALLE3\dalle3\202311011943129901ca391019566e\060f9dc482b69735c78fc3a6f62372e9.jpg,1,ai,clean,0.983670,1,1
data\wildfake\Images\Diffusion_based\DALLE\DALLE\Advanced\DALLE3\dalle3\202311011943129901ca391019566e\061125bbe93758dfb0d061c40e1019f3.jpg,1,ai,clean,0.952672,1,1
data\wildfake\Images\Diffusion_based\DALLE\DALLE\Advanced\DALLE3\dalle3\202311011943129901ca391019566e\064511de32ccec75414b9f2ce3ac8130.jpg,1,ai,clean,0.540952,1,1
data\wildfake\Images\Diffusion_based\DALLE\DALLE\Advanced\DALLE3\dalle3\202311011943129901ca391019566e\0653efeb7b33b1f1be03442e653ab690.jpg,1,ai,clean,0.975101,1,1
data\wildfake\Images\Diffusion_based\DALLE\DALLE\Advanced\DALLE3\dalle3\202311011943129901ca391019566e\068ebb34284b9566d51c19f2b750cb21.jpg,1,ai,clean,0.998729,1,1
data\wildfake\Images\Diffusion_based\DALLE\DALLE\Advanced\DALLE3\dalle3\202311011943129901ca391019566e\0696de89cef0d21e693e051518b02177.jpg,1,ai,clean,0.974926,1,1
data\wildfake\Images\Diffusion_based\DALLE\DALLE\Advanced\DALLE3\dalle3\202311011943129901ca391019566e\06cbd80cf7e04cdfab33cbcc40ed1377.jpg,1,ai,clean,0.998565,1,1
data\wildfake\Images\Diffusion_based\DALLE\DALLE\Advanced\DALLE3\dalle3\202311011943129901ca391019566e\06d60b93f6e61c7edcfc5e5753de2a3e.jpg,1,ai,clean,0.735907,1,1
data\wildfake\Images\Diffusion_based\DALLE\DALLE\Advanced\DALLE3\dalle3\202311011943129901ca391019566e\0702e0e4309a483b277814a969ac6a3a.jpg,1,ai,clean,0.993999,1,1
data\wildfake\Images\Diffusion_based\DALLE\DALLE\Advanced\DALLE3\dalle3\202311011943129901ca391019566e\071b9c87447db8868446f4ede8bd50cf.jpg,1,ai,clean,0.946584,1,1
data\wildfake\Images\Diffusion_based\DALLE\DALLE\Advanced\DALLE3\dalle3\202311011943129901ca391019566e\0731f1aeb97a13e2272831b6496b55e2.jpg,1,ai,clean,0.959053,1,1
data\wildfake\Images\Diffusion_based\DALLE\DALLE\Advanced\DALLE3\dalle3\202311011943129901ca391019566e\07515ebe1e48416ea62cb69f81a48d06.jpg,1,ai,clean,0.938509,1,1
data\wildfake\Images\Diffusion_based\DALLE\DALLE\Advanced\DALLE3\dalle3\202311011943129901ca391019566e\0757a86e2794defa73a1c558e8d5471d.jpg,1,ai,clean,0.364683,0,0
data\wildfake\Images\Diffusion_based\DALLE\DALLE\Advanced\DALLE3\dalle3\202311011943129901ca391019566e\078fa68f13b823a7bac90900fcba4c94.jpg,1,ai,clean,0.925195,1,1
data\wildfake\Images\Diffusion_based\DALLE\DALLE\Advanced\DALLE3\dalle3\202311011943129901ca391019566e\07d775061577e8d728d9cbe9dbeb920a.jpg,1,ai,clean,0.960621,1,1
data\wildfake\Images\Diffusion_based\DALLE\DALLE\Advanced\DALLE3\dalle3\202311011943129901ca391019566e\07fef4a916b296b4876f0f705369bc69.jpg,1,ai,clean,0.817781,1,1
data\wildfake\Images\Diffusion_based\DALLE\DALLE\Advanced\DALLE3\dalle3\202311011943129901ca391019566e\082d967db15c1ccaf025f164ba0cecb7.jpg,1,ai,clean,0.507108,1,1
data\wildfake\Images\Diffusion_based\DALLE\DALLE\Advanced\DALLE3\dalle3\202311011943129901ca391019566e\08397ae59441c23d1ac6b14c3206deb7.jpg,1,ai,clean,0.984430,1,1
data\wildfake\Images\Diffusion_based\DALLE\DALLE\Advanced\DALLE3\dalle3\202311011943129901ca391019566e\088b4fdab675191339cda5cc70195351.jpg,1,ai,clean,0.989195,1,1
data\wildfake\Images\Diffusion_based\DALLE\DALLE\Advanced\DALLE3\dalle3\202311011943129901ca391019566e\088e48ca8fcd3dc5a9bd8aa4f18e8368.jpg,1,ai,clean,0.924599,1,1
data\wildfake\Images\Diffusion_based\DALLE\DALLE\Advanced\DALLE3\dalle3\202311011943129901ca391019566e\088f2c7a5dbe1984ccb023909d84376f.jpg,1,ai,clean,0.838467,1,1
data\wildfake\Images\Diffusion_based\DALLE\DALLE\Advanced\DALLE3\dalle3\202311011943129901ca391019566e\08b5a7dda5f65109b0ccfa924a6e4476.jpg,1,ai,clean,0.904954,1,1
data\wildfake\Images\Diffusion_based\DALLE\DALLE\Advanced\DALLE3\dalle3\202311011943129901ca391019566e\08cf20e142fff3fc52989698dcbec99b.jpg,1,ai,clean,0.884775,1,1
data\wildfake\Images\Diffusion_based\DALLE\DALLE\Advanced\DALLE3\dalle3\202311011943129901ca391019566e\08da6052def863b1d84a1a89f7263739.jpg,1,ai,clean,0.946290,1,1
data\wildfake\Images\Diffusion_based\DALLE\DALLE\Advanced\DALLE3\dalle3\202311011943129901ca391019566e\094c3f268ee5e69cfede62949fe801ae.jpg,1,ai,clean,0.455199,0,0
data\wildfake\Images\Diffusion_based\DALLE\DALLE\Advanced\DALLE3\dalle3\202311011943129901ca391019566e\097945ac4b47c969ee0e72d2cb171308.jpg,1,ai,clean,0.878599,1,1
data\wildfake\Images\Diffusion_based\DALLE\DALLE\Advanced\DALLE3\dalle3\202311011943129901ca391019566e\09a9492408f8f5066e5d3a6649256fb5.jpg,1,ai,clean,0.832556,1,1
data\wildfake\Images\Diffusion_based\DALLE\DALLE\Advanced\DALLE3\dalle3\202311011943129901ca391019566e\0a05587af89f620c312758a4801b65cb.jpg,1,ai,clean,0.994022,1,1
data\wildfake\Images\Diffusion_based\DALLE\DALLE\Advanced\DALLE3\dalle3\202311011943129901ca391019566e\0a402dc3fd6e86f21edc1c601cc76116.jpg,1,ai,clean,0.993935,1,1
data\wildfake\Images\Diffusion_based\DALLE\DALLE\Advanced\DALLE3\dalle3\202311011943129901ca391019566e\0a5113aad57872829fb2744eaafdb374.jpg,1,ai,clean,0.994045,1,1
data\wildfake\Images\Diffusion_based\DALLE\DALLE\Advanced\DALLE3\dalle3\202311011943129901ca391019566e\0aa3600fbc56232d6049f3d2c8004fc1.jpg,1,ai,clean,0.969065,1,1
data\wildfake\Images\Diffusion_based\DALLE\DALLE\Advanced\DALLE3\dalle3\202311011943129901ca391019566e\0ab73f879d374402b2d67aaa08f10513.jpg,1,ai,clean,0.678158,1,1
data\wildfake\Images\Diffusion_based\DALLE\DALLE\Advanced\DALLE3\dalle3\202311011943129901ca391019566e\0ac140106a13d7ddf206ed08393d91bb.jpg,1,ai,clean,0.998279,1,1
data\wildfake\Images\Diffusion_based\DALLE\DALLE\Advanced\DALLE3\dalle3\202311011943129901ca391019566e\0ac596d803c82e9a21b77302a6a852c5.jpg,1,ai,clean,0.988815,1,1
data\wildfake\Images\Diffusion_based\DALLE\DALLE\Advanced\DALLE3\dalle3\202311011943129901ca391019566e\0b135d57ccb2988a30a16904c4043956.jpg,1,ai,clean,0.997921,1,1
data\wildfake\Images\Diffusion_based\DALLE\DALLE\Advanced\DALLE3\dalle3\202311011943129901ca391019566e\0b1d38baa6d1de13437546cc6e71fa33.jpg,1,ai,clean,0.997892,1,1
data\wildfake\Images\Diffusion_based\DALLE\DALLE\Advanced\DALLE3\dalle3\202311011943129901ca391019566e\0b23724c883f100d5120b3aa5757f655.jpg,1,ai,clean,0.998656,1,1
data\wildfake\Images\Diffusion_based\DALLE\DALLE\Advanced\DALLE3\dalle3\202311011943129901ca391019566e\0b2fcafeee696cbc14052db445f1d945.jpg,1,ai,clean,0.997156,1,1
data\wildfake\Images\Diffusion_based\DALLE\DALLE\Advanced\DALLE3\dalle3\202311011943129901ca391019566e\0b6920007b8384d9a19ed8725e76732d.jpg,1,ai,clean,0.999763,1,1
data\wildfake\Images\Diffusion_based\DALLE\DALLE\Advanced\DALLE3\dalle3\202311011943129901ca391019566e\0b9208fc69177a95f464877482e88a53.jpg,1,ai,clean,0.844774,1,1
data\wildfake\Images\Diffusion_based\DALLE\DALLE\Advanced\DALLE3\dalle3\202311011943129901ca391019566e\0baacfcf304fe56cfd30beda11ea92f0.jpg,1,ai,clean,0.927622,1,1
data\wildfake\Images\Diffusion_based\DALLE\DALLE\Advanced\DALLE3\dalle3\202311011943129901ca391019566e\0bbfbc01e5a719cdf1434dc1c66814d6.jpg,1,ai,clean,0.992014,1,1
data\wildfake\Images\Diffusion_based\DALLE\DALLE\Advanced\DALLE3\dalle3\202311011943129901ca391019566e\0bc561ef655dff95ce7cb2480f0c4e72.jpg,1,ai,clean,0.989606,1,1
data\wildfake\Images\Diffusion_based\DALLE\DALLE\Advanced\DALLE3\dalle3\202311011943129901ca391019566e\0bcb44a87f264f1c5a44030b6e1ce3ea.jpg,1,ai,clean,0.996546,1,1
data\wildfake\Images\Diffusion_based\DALLE\DALLE\Advanced\DALLE3\dalle3\202311011943129901ca391019566e\0bcb9a27d494633927481e17c4b730fe.jpg,1,ai,clean,0.974489,1,1
data\wildfake\Images\Diffusion_based\DALLE\DALLE\Advanced\DALLE3\dalle3\202311011943129901ca391019566e\0bd33e632fc315abd71b7a4cee297ca3.jpg,1,ai,clean,0.998885,1,1
data\wildfake\Images\Diffusion_based\DALLE\DALLE\Advanced\DALLE3\dalle3\202311011943129901ca391019566e\0bfe972ca54581889aadedd0ae9db0fc.jpg,1,ai,clean,0.884908,1,1
data\wildfake\Images\Diffusion_based\DALLE\DALLE\Advanced\DALLE3\dalle3\202311011943129901ca391019566e\0c0d6af60cc878079026bcce6ece1ecc.jpg,1,ai,clean,0.895497,1,1
data\wildfake\Images\Diffusion_based\DALLE\DALLE\Advanced\DALLE3\dalle3\202311011943129901ca391019566e\0c1c38b0b60fa0523ee120ae7999ebfc.jpg,1,ai,clean,0.895692,1,1
data\wildfake\Images\Diffusion_based\DALLE\DALLE\Advanced\DALLE3\dalle3\202311011943129901ca391019566e\0c2be68ec32cbf73376c07d399694ad7.jpg,1,ai,clean,0.794141,1,1
data\wildfake\Images\Diffusion_based\DALLE\DALLE\Advanced\DALLE3\dalle3\202311011943129901ca391019566e\0c34d8f37ba9b3247b7cbe0eeb75988e.jpg,1,ai,clean,0.968931,1,1
data\wildfake\Images\Diffusion_based\DALLE\DALLE\Advanced\DALLE3\dalle3\202311011943129901ca391019566e\0c4f7c121b1cd5b43a0e492bd97e9722.jpg,1,ai,clean,0.954680,1,1
data\wildfake\Images\Diffusion_based\DALLE\DALLE\Advanced\DALLE3\dalle3\202311011943129901ca391019566e\0c50155477a7db3fe738216d0dc1d7ff.jpg,1,ai,clean,0.979381,1,1
data\wildfake\Images\Diffusion_based\DALLE\DALLE\Advanced\DALLE3\dalle3\202311011943129901ca391019566e\0c8c6ab4d3c50381124f85479244a494.jpg,1,ai,clean,0.919555,1,1
data\wildfake\Images\Diffusion_based\DALLE\DALLE\Advanced\DALLE3\dalle3\202311011943129901ca391019566e\0ca2b90db097552a408c8019211ba011.jpg,1,ai,clean,0.998672,1,1
data\wildfake\Images\Diffusion_based\DALLE\DALLE\Advanced\DALLE3\dalle3\202311011943129901ca391019566e\0d1d3e1538f22ddc00a5202ed6216ef8.jpg,1,ai,clean,0.422692,0,0
data\wildfake\Images\Diffusion_based\DALLE\DALLE\Advanced\DALLE3\dalle3\202311011943129901ca391019566e\0d37afa583f90871220d432098653482.jpg,1,ai,clean,0.728969,1,1
data\wildfake\Images\Diffusion_based\DALLE\DALLE\Advanced\DALLE3\dalle3\202311011943129901ca391019566e\0dbba8f650bc53997792f9ec69e5d6c4.jpg,1,ai,clean,0.894115,1,1
data\wildfake\Images\Diffusion_based\DALLE\DALLE\Advanced\DALLE3\dalle3\202311011943129901ca391019566e\0e004f3f1530a6171422027dbdba71d8.jpg,1,ai,clean,0.974091,1,1
data\wildfake\Images\Diffusion_based\DALLE\DALLE\Advanced\DALLE3\dalle3\202311011943129901ca391019566e\0e058ef2dacd5b15e5a0d94afb8af447.jpg,1,ai,clean,0.993919,1,1
data\wildfake\Images\Diffusion_based\DALLE\DALLE\Advanced\DALLE3\dalle3\202311011943129901ca391019566e\0e7e5022abee806028af770147d217a6.jpg,1,ai,clean,0.568385,1,1
data\wildfake\Images\Diffusion_based\DALLE\DALLE\Advanced\DALLE3\dalle3\202311011943129901ca391019566e\0e902a5f074d876f7bec6690fff2c12a.jpg,1,ai,clean,0.961285,1,1
data\wildfake\Images\Diffusion_based\DALLE\DALLE\Advanced\DALLE3\dalle3\202311011943129901ca391019566e\0ea049fe2b6900ad1796d7e41050556e.jpg,1,ai,clean,0.806150,1,1
data\wildfake\Images\Diffusion_based\DALLE\DALLE\Advanced\DALLE3\dalle3\202311011943129901ca391019566e\0ec917788370e6016cb653f0258b02f8.jpg,1,ai,clean,0.972155,1,1
data\wildfake\Images\Diffusion_based\DALLE\DALLE\Advanced\DALLE3\dalle3\202311011943129901ca391019566e\0ee577d7124e0ba0278e7eaa2fb37aba.jpg,1,ai,clean,0.729454,1,1
data\wildfake\Images\Diffusion_based\DALLE\DALLE\Advanced\DALLE3\dalle3\202311011943129901ca391019566e\0eeda20de85490b88b3e31943d287f64.jpg,1,ai,clean,0.922327,1,1
data\wildfake\Images\Diffusion_based\DALLE\DALLE\Advanced\DALLE3\dalle3\202311011943129901ca391019566e\0f2aaea9bec9c763792ba9457e5e7523.jpg,1,ai,clean,0.995347,1,1
data\wildfake\Images\Diffusion_based\DALLE\DALLE\Advanced\DALLE3\dalle3\202311011943129901ca391019566e\0f6e5f532c05eef701e282b5862e7b81.jpg,1,ai,clean,0.990033,1,1
data\wildfake\Images\Diffusion_based\DALLE\DALLE\Advanced\DALLE3\dalle3\202311011943129901ca391019566e\0f7a97efc54df412123f89b8f43cf6cd.jpg,1,ai,clean,0.945777,1,1
data\wildfake\Images\Diffusion_based\DALLE\DALLE\Advanced\DALLE3\dalle3\202311011943129901ca391019566e\0f828871c22d5aee351c018ace3ff443.jpg,1,ai,clean,0.997186,1,1
data\wildfake\Images\Diffusion_based\DALLE\DALLE\Advanced\DALLE3\dalle3\202311011943129901ca391019566e\0f83380997c61d1503a21dc11db9a321.jpg,1,ai,clean,0.611751,1,1
data\wildfake\Images\Diffusion_based\DALLE\DALLE\Advanced\DALLE3\dalle3\202311011943129901ca391019566e\0fa1d2a2370c6aa0219da9593c389f89.jpg,1,ai,clean,0.836483,1,1
data\wildfake\Images\Diffusion_based\DALLE\DALLE\Advanced\DALLE3\dalle3\202311011943129901ca391019566e\0fa38d8654540e2e7521d1480fa2aaf2.jpg,1,ai,clean,0.901115,1,1
data\wildfake\Images\Diffusion_based\DALLE\DALLE\Advanced\DALLE3\dalle3\202311011943129901ca391019566e\0fba2ef3d0bd4498ffebb363134e5735.jpg,1,ai,clean,0.997248,1,1
data\wildfake\Images\Diffusion_based\DALLE\DALLE\Advanced\DALLE3\dalle3\202311011943129901ca391019566e\0fbee5be4285b267d8a846210622c0c2.jpg,1,ai,clean,0.995898,1,1
data\wildfake\Images\Diffusion_based\DALLE\DALLE\Advanced\DALLE3\dalle3\202311011943129901ca391019566e\0fcc3c1b80d1edc98ab788006c4ffd11.jpg,1,ai,clean,0.884840,1,1
data\wildfake\Images\Diffusion_based\DALLE\DALLE\Advanced\DALLE3\dalle3\202311011943129901ca391019566e\0fdf0b7a8f6d5665b4b9aac57fcc3508.jpg,1,ai,clean,0.965875,1,1
data\wildfake\Images\Diffusion_based\DALLE\DALLE\Advanced\DALLE3\dalle3\202311011943129901ca391019566e\0fe6a99337a3a064cfd7098c6fdb779d.jpg,1,ai,clean,0.953116,1,1
data\wildfake\Images\Diffusion_based\DALLE\DALLE\Advanced\DALLE3\dalle3\202311011943129901ca391019566e\0fec4331252d31b9656a36471008fcb6.jpg,1,ai,clean,0.744270,1,1
data\wildfake\Images\Diffusion_based\DALLE\DALLE\Advanced\DALLE3\dalle3\202311011943129901ca391019566e\100221e516d4ff591861c174f9787d5b.jpg,1,ai,clean,0.949514,1,1
data\wildfake\Images\Diffusion_based\DALLE\DALLE\Advanced\DALLE3\dalle3\202311011943129901ca391019566e\10a4632b25b8359db64edf3fb65a3831.jpg,1,ai,clean,0.967546,1,1
data\wildfake\Images\Diffusion_based\DALLE\DALLE\Advanced\DALLE3\dalle3\202311011943129901ca391019566e\10b30af29c21b51dfe40704afe13743f.jpg,1,ai,clean,0.995203,1,1
data\wildfake\Images\Diffusion_based\DALLE\DALLE\Advanced\DALLE3\dalle3\202311011943129901ca391019566e\10b75f96e27cf72a7db8ec1d16dcf0ba.jpg,1,ai,clean,0.969562,1,1
data\wildfake\Images\Diffusion_based\DALLE\DALLE\Advanced\DALLE3\dalle3\202311011943129901ca391019566e\111eaa61713e75b690a716cd264cbe91.jpg,1,ai,clean,0.856372,1,1
data\wildfake\Images\Diffusion_based\DALLE\DALLE\Advanced\DALLE3\dalle3\202311011943129901ca391019566e\113efca49b4dfadb29c4fd8f7fc531a9.jpg,1,ai,clean,0.982381,1,1
data\wildfake\Images\Diffusion_based\DALLE\DALLE\Advanced\DALLE3\dalle3\202311011943129901ca391019566e\114de573889b1390cd4412fd2a813af5.jpg,1,ai,clean,0.970752,1,1
data\wildfake\Images\Diffusion_based\DALLE\DALLE\Advanced\DALLE3\dalle3\202311011943129901ca391019566e\11999532bbb9818d7a8703db08eaa15f.jpg,1,ai,clean,0.999679,1,1
data\wildfake\Images\Diffusion_based\DALLE\DALLE\Advanced\DALLE3\dalle3\202311011943129901ca391019566e\11a41e9baee00823583b98ec8af3b58c.jpg,1,ai,clean,0.992068,1,1
data\wildfake\Images\Diffusion_based\DALLE\DALLE\Advanced\DALLE3\dalle3\202311011943129901ca391019566e\11e08bded1546d11b1190a0f1bd16d8a.jpg,1,ai,clean,0.614443,1,1
data\wildfake\Images\Diffusion_based\DALLE\DALLE\Advanced\DALLE3\dalle3\202311011943129901ca391019566e\11fce2fd04967c0be72d6115c34e0244.jpg,1,ai,clean,0.953470,1,1
data\wildfake\Images\Diffusion_based\DALLE\DALLE\Advanced\DALLE3\dalle3\202311011943129901ca391019566e\12199fc91d9b85047a0ea8b162a31ee7.jpg,1,ai,clean,0.968711,1,1
data\wildfake\Images\Diffusion_based\DALLE\DALLE\Advanced\DALLE3\dalle3\202311011943129901ca391019566e\124585f0c7fc25a26a803023a694b229.jpg,1,ai,clean,0.994751,1,1
data\wildfake\Images\Diffusion_based\DALLE\DALLE\Advanced\DALLE3\dalle3\202311011943129901ca391019566e\125a024f1f3ffbe093634bde85fa4fb4.jpg,1,ai,clean,0.750962,1,1
data\wildfake\Images\Diffusion_based\DALLE\DALLE\Advanced\DALLE3\dalle3\202311011943129901ca391019566e\12668e1cffb82a97f3f06c0a84022c50.jpg,1,ai,clean,0.999107,1,1
data\wildfake\Images\Diffusion_based\DALLE\DALLE\Advanced\DALLE3\dalle3\202311011943129901ca391019566e\129c9496f9fb40acffb64cbdafcdb889.jpg,1,ai,clean,0.978940,1,1
data\wildfake\Images\Diffusion_based\DALLE\DALLE\Advanced\DALLE3\dalle3\202311011943129901ca391019566e\12f610d278da15eb3bd71fc134d2935c.jpg,1,ai,clean,0.994415,1,1
data\wildfake\Images\Diffusion_based\DALLE\DALLE\Advanced\DALLE3\dalle3\202311011943129901ca391019566e\12f9f3e406c691cc5a748418a4819064.jpg,1,ai,clean,0.992050,1,1
data\wildfake\Images\Diffusion_based\DALLE\DALLE\Advanced\DALLE3\dalle3\202311011943129901ca391019566e\134320da972b9965797f4911a35bcbb3.jpg,1,ai,clean,0.986948,1,1
data\wildfake\Images\Diffusion_based\DALLE\DALLE\Advanced\DALLE3\dalle3\202311011943129901ca391019566e\1352abf7be43936f60f0aeb07d05b005.jpg,1,ai,clean,0.985010,1,1
data\wildfake\Images\Diffusion_based\DALLE\DALLE\Advanced\DALLE3\dalle3\202311011943129901ca391019566e\135e3922663688f09953df4d67ff60d2.jpg,1,ai,clean,0.966836,1,1
data\wildfake\Images\Diffusion_based\DALLE\DALLE\Advanced\DALLE3\dalle3\202311011943129901ca391019566e\138b74b95547c532e5b16c03bd936af0.jpg,1,ai,clean,0.999840,1,1
data\wildfake\Images\Diffusion_based\DALLE\DALLE\Advanced\DALLE3\dalle3\202311011943129901ca391019566e\13fddd6cde4747405fcd15b83e3accd0.jpg,1,ai,clean,0.482338,0,0
data\wildfake\Images\Diffusion_based\DALLE\DALLE\Advanced\DALLE3\dalle3\202311011943129901ca391019566e\143ed506925e7b32854daaba82a0cfc3.jpg,1,ai,clean,0.987023,1,1
data\wildfake\Images\Diffusion_based\DALLE\DALLE\Advanced\DALLE3\dalle3\202311011943129901ca391019566e\14424c51c39e7367416871e162616f3f.jpg,1,ai,clean,0.993945,1,1
data\wildfake\Images\Diffusion_based\DALLE\DALLE\Advanced\DALLE3\dalle3\202311011943129901ca391019566e\144b069908c5d833af3e1b448eeaf8e3.jpg,1,ai,clean,0.993112,1,1
data\wildfake\Images\Diffusion_based\DALLE\DALLE\Advanced\DALLE3\dalle3\202311011943129901ca391019566e\145a49671427d119887821421de98970.jpg,1,ai,clean,0.841819,1,1
data\wildfake\Images\Diffusion_based\DALLE\DALLE\Advanced\DALLE3\dalle3\202311011943129901ca391019566e\145c831f29f8bb4548d974d6f6bd67ec.jpg,1,ai,clean,0.979271,1,1
data\wildfake\Images\Diffusion_based\DALLE\DALLE\Advanced\DALLE3\dalle3\202311011943129901ca391019566e\1465e000d91f2128157d4805279530a1.jpg,1,ai,clean,0.899621,1,1
data\wildfake\Images\Diffusion_based\DALLE\DALLE\Advanced\DALLE3\dalle3\202311011943129901ca391019566e\146e40b2bfe919469fe34398818b2eaf.jpg,1,ai,clean,0.994735,1,1
data\wildfake\Images\Diffusion_based\DALLE\DALLE\Advanced\DALLE3\dalle3\202311011943129901ca391019566e\149de138ef77950b20fdfff261c6f0d3.jpg,1,ai,clean,0.805191,1,1
data\wildfake\Images\Diffusion_based\DALLE\DALLE\Advanced\DALLE3\dalle3\202311011943129901ca391019566e\14bfa56cfa34f18e266657328306c4c3.jpg,1,ai,clean,0.997448,1,1
data\wildfake\Images\Diffusion_based\DALLE\DALLE\Advanced\DALLE3\dalle3\202311011943129901ca391019566e\14c7e46722a5c8b5cf956387ad8cb928.jpg,1,ai,clean,0.738944,1,1
data\wildfake\Images\Diffusion_based\DALLE\DALLE\Advanced\DALLE3\dalle3\202311011943129901ca391019566e\14eecf455f810645a93b47ae54718217.jpg,1,ai,clean,0.997632,1,1
data\wildfake\Images\Diffusion_based\DALLE\DALLE\Advanced\DALLE3\dalle3\202311011943129901ca391019566e\150d00c6714464229268a4e5a00cb091.jpg,1,ai,clean,0.983921,1,1
data\wildfake\Images\Diffusion_based\DALLE\DALLE\Advanced\DALLE3\dalle3\202311011943129901ca391019566e\1562c833ea47ced770924ee187444034.jpg,1,ai,clean,0.488902,0,0
data\wildfake\Images\Diffusion_based\DALLE\DALLE\Advanced\DALLE3\dalle3\202311011943129901ca391019566e\15673c5eaafff8b18498d73f48112e35.jpg,1,ai,clean,0.998082,1,1
data\wildfake\Images\Diffusion_based\DALLE\DALLE\Advanced\DALLE3\dalle3\202311011943129901ca391019566e\157066375504df33728399cfc83fc298.jpg,1,ai,clean,0.830802,1,1
data\wildfake\Images\Diffusion_based\DALLE\DALLE\Advanced\DALLE3\dalle3\202311011943129901ca391019566e\158191e5ae2eee816f605c475ae1605b.jpg,1,ai,clean,0.993545,1,1
data\wildfake\Images\Diffusion_based\DALLE\DALLE\Advanced\DALLE3\dalle3\202311011943129901ca391019566e\158d85a64ca66f1c1ff0d14027e33b54.jpg,1,ai,clean,0.969485,1,1
data\wildfake\Images\Diffusion_based\DALLE\DALLE\Advanced\DALLE3\dalle3\202311011943129901ca391019566e\15ceb3020f0ec8775788b1dbed61ce2b.jpg,1,ai,clean,0.995322,1,1
data\wildfake\Images\Diffusion_based\DALLE\DALLE\Advanced\DALLE3\dalle3\202311011943129901ca391019566e\15dae765b38b8a0804ab91b1a7d5308a.jpg,1,ai,clean,0.474489,0,0
data\wildfake\Images\Diffusion_based\DALLE\DALLE\Advanced\DALLE3\dalle3\202311011943129901ca391019566e\15e9e309697a9b5abd17effe1e7a0cfd.jpg,1,ai,clean,0.775506,1,1
data\wildfake\Images\Diffusion_based\DALLE\DALLE\Advanced\DALLE3\dalle3\202311011943129901ca391019566e\160dbee2eb3f281ca7993885872dda44.jpg,1,ai,clean,0.983258,1,1
data\wildfake\Images\Diffusion_based\DALLE\DALLE\Advanced\DALLE3\dalle3\202311011943129901ca391019566e\1620ae43681077db5f43ff30ca4863b9.jpg,1,ai,clean,0.990512,1,1
data\wildfake\Images\Diffusion_based\DALLE\DALLE\Advanced\DALLE3\dalle3\202311011943129901ca391019566e\163793038151368b50a4fb0e7c6e3d29.jpg,1,ai,clean,0.832821,1,1
data\wildfake\Images\Diffusion_based\DALLE\DALLE\Advanced\DALLE3\dalle3\202311011943129901ca391019566e\1645a93cc6285586ac2bab5006867a75.jpg,1,ai,clean,0.969620,1,1
data\wildfake\Images\Diffusion_based\DALLE\DALLE\Advanced\DALLE3\dalle3\202311011943129901ca391019566e\16562af0480008ef2a9718369f47ab54.jpg,1,ai,clean,0.997133,1,1
data\wildfake\Images\Diffusion_based\DALLE\DALLE\Advanced\DALLE3\dalle3\202311011943129901ca391019566e\165cb2107bdf2ac6e061909655382eb5.jpg,1,ai,clean,0.975610,1,1
data\wildfake\Images\Diffusion_based\DALLE\DALLE\Advanced\DALLE3\dalle3\202311011943129901ca391019566e\166efc8a9b28dd09bf5321a6c4cf5d8a.jpg,1,ai,clean,0.773303,1,1
data\wildfake\Images\Diffusion_based\DALLE\DALLE\Advanced\DALLE3\dalle3\202311011943129901ca391019566e\170709830122acd1a91b177a54f8d163.jpg,1,ai,clean,0.960794,1,1
data\wildfake\Images\Diffusion_based\DALLE\DALLE\Advanced\DALLE3\dalle3\202311011943129901ca391019566e\17451bcbdf00df3209d5ce1ff95e6369.jpg,1,ai,clean,0.993645,1,1
data\wildfake\Images\Diffusion_based\DALLE\DALLE\Advanced\DALLE3\dalle3\202311011943129901ca391019566e\17633ed5a54b17ba87ebc6b49d4ab116.jpg,1,ai,clean,0.986138,1,1
data\wildfake\Images\Diffusion_based\DALLE\DALLE\Advanced\DALLE3\dalle3\202311011943129901ca391019566e\1768a24885692ea4bdb21b57183594fc.jpg,1,ai,clean,0.911987,1,1
data\wildfake\Images\Diffusion_based\DALLE\DALLE\Advanced\DALLE3\dalle3\202311011943129901ca391019566e\1773bbe9e6e714e61b65a44de692ce6a.jpg,1,ai,clean,0.949764,1,1
data\wildfake\Images\Diffusion_based\DALLE\DALLE\Advanced\DALLE3\dalle3\202311011943129901ca391019566e\1789b66cfae0c3e92b39da83695acddd.jpg,1,ai,clean,0.987318,1,1
data\wildfake\Images\Diffusion_based\DALLE\DALLE\Advanced\DALLE3\dalle3\202311011943129901ca391019566e\17a16edd797318e2ed94bb0519b9439c.jpg,1,ai,clean,0.968154,1,1
data\wildfake\Images\Diffusion_based\DALLE\DALLE\Advanced\DALLE3\dalle3\202311011943129901ca391019566e\17b14fdfe6818265b8d68545b8867301.jpg,1,ai,clean,0.894774,1,1
data\wildfake\Images\Diffusion_based\DALLE\DALLE\Advanced\DALLE3\dalle3\202311011943129901ca391019566e\17d3c25db1e85811c32d9077a57f6eb2.jpg,1,ai,clean,0.812744,1,1
data\wildfake\Images\Diffusion_based\DALLE\DALLE\Advanced\DALLE3\dalle3\202311011943129901ca391019566e\17fd288a4732aa031001c881513470cb.jpg,1,ai,clean,0.998586,1,1
data\wildfake\Images\Diffusion_based\DALLE\DALLE\Advanced\DALLE3\dalle3\202311011943129901ca391019566e\1843377b601721accded9c3030178165.jpg,1,ai,clean,0.986385,1,1
data\wildfake\Images\Diffusion_based\DALLE\DALLE\Advanced\DALLE3\dalle3\202311011943129901ca391019566e\186d5d8372701b8e0a8d006e268e9930.jpg,1,ai,clean,0.998626,1,1
data\wildfake\Images\Diffusion_based\DALLE\DALLE\Advanced\DALLE3\dalle3\202311011943129901ca391019566e\18f4cc72459f730f8b7a3470b89b9434.jpg,1,ai,clean,0.978749,1,1
data\wildfake\Images\Diffusion_based\DALLE\DALLE\Advanced\DALLE3\dalle3\202311011943129901ca391019566e\19005e511148e095ed978622ff646cf5.jpg,1,ai,clean,0.699880,1,1
data\wildfake\Images\Diffusion_based\DALLE\DALLE\Advanced\DALLE3\dalle3\202311011943129901ca391019566e\192fe83831eb438961e0bf35700ff7e4.jpg,1,ai,clean,0.883819,1,1
data\wildfake\Images\Diffusion_based\DALLE\DALLE\Advanced\DALLE3\dalle3\202311011943129901ca391019566e\193f49a3fcb7bc6a6d959dd2191fc94a.jpg,1,ai,clean,0.849152,1,1
data\wildfake\Images\Diffusion_based\DALLE\DALLE\Advanced\DALLE3\dalle3\202311011943129901ca391019566e\194b53f14214b8b3f77f57028df17ea7.jpg,1,ai,clean,0.995077,1,1
data\wildfake\Images\Diffusion_based\DALLE\DALLE\Advanced\DALLE3\dalle3\202311011943129901ca391019566e\19780b1dbfaf4e9adc70395200ee7bd6.jpg,1,ai,clean,0.970610,1,1
data\wildfake\Images\Diffusion_based\DALLE\DALLE\Advanced\DALLE3\dalle3\202311011943129901ca391019566e\19b2fe020996ae4ecf90642d00c7a4dc.jpg,1,ai,clean,0.998488,1,1
data\wildfake\Images\Diffusion_based\DALLE\DALLE\Advanced\DALLE3\dalle3\202311011943129901ca391019566e\19e6b577fefa1ae1a478e0a0d1c4dbbe.jpg,1,ai,clean,0.983524,1,1
data\wildfake\Images\Diffusion_based\DALLE\DALLE\Advanced\DALLE3\dalle3\202311011943129901ca391019566e\19eb1c46e83c41a5932abeea1a0546a5.jpg,1,ai,clean,0.971533,1,1
data\wildfake\Images\Diffusion_based\DALLE\DALLE\Advanced\DALLE3\dalle3\202311011943129901ca391019566e\19fa205d91cbebb195345d174e182b80.jpg,1,ai,clean,0.975382,1,1
data\wildfake\Images\Diffusion_based\DALLE\DALLE\Advanced\DALLE3\dalle3\202311011943129901ca391019566e\1a3b024b0e39e41137b6ef08d26bd3ea.jpg,1,ai,clean,0.997620,1,1
data\wildfake\Images\Diffusion_based\DALLE\DALLE\Advanced\DALLE3\dalle3\202311011943129901ca391019566e\1a5022515a79050e910902109eda6f5e.jpg,1,ai,clean,0.752798,1,1
data\wildfake\Images\Diffusion_based\DALLE\DALLE\Advanced\DALLE3\dalle3\202311011943129901ca391019566e\1a8b8a3d3eda638dda7772ab0bed80a5.jpg,1,ai,clean,0.991995,1,1
data\wildfake\Images\Diffusion_based\DALLE\DALLE\Advanced\DALLE3\dalle3\202311011943129901ca391019566e\1a9fa2a6430987459636043607cc4ef3.jpg,1,ai,clean,0.997857,1,1
data\wildfake\Images\Diffusion_based\DALLE\DALLE\Advanced\DALLE3\dalle3\202311011943129901ca391019566e\1ab0a3cb9cd675a28cdaa9bb26177459.jpg,1,ai,clean,0.998375,1,1
data\wildfake\Images\Diffusion_based\DALLE\DALLE\Advanced\DALLE3\dalle3\202311011943129901ca391019566e\1ac74c7c8c97664239a77de513a212ba.jpg,1,ai,clean,0.241957,0,0
data\wildfake\Images\Diffusion_based\DALLE\DALLE\Advanced\DALLE3\dalle3\202311011943129901ca391019566e\1b2381e4458c5e0abbdf09fc983a289b.jpg,1,ai,clean,0.967030,1,1
data\wildfake\Images\Diffusion_based\DALLE\DALLE\Advanced\DALLE3\dalle3\202311011943129901ca391019566e\1b2d822481485fc0cbe2bce8106316af.jpg,1,ai,clean,0.978924,1,1
data\wildfake\Images\Diffusion_based\DALLE\DALLE\Advanced\DALLE3\dalle3\202311011943129901ca391019566e\1b4acf6a4d62581b89b003f0392f4bda.jpg,1,ai,clean,0.649100,1,1
data\wildfake\Images\Diffusion_based\DALLE\DALLE\Advanced\DALLE3\dalle3\202311011943129901ca391019566e\1ba3ed35be9bd907a1010ff8131a2f96.jpg,1,ai,clean,0.961146,1,1
data\wildfake\Images\Diffusion_based\DALLE\DALLE\Advanced\DALLE3\dalle3\202311011943129901ca391019566e\1ba71688207f99e835566aeb657c249e.jpg,1,ai,clean,0.942131,1,1
data\wildfake\Images\Diffusion_based\DALLE\DALLE\Advanced\DALLE3\dalle3\202311011943129901ca391019566e\1bad98fd644e170c35c005b344810408.jpg,1,ai,clean,0.969098,1,1
data\wildfake\Images\Diffusion_based\DALLE\DALLE\Advanced\DALLE3\dalle3\202311011943129901ca391019566e\1bcc29f8fa9394ad10c42d1c3502eba6.jpg,1,ai,clean,0.982431,1,1
data\wildfake\Images\Diffusion_based\DALLE\DALLE\Advanced\DALLE3\dalle3\202311011943129901ca391019566e\1bd1c793df70dc7b8a611805be8d986d.jpg,1,ai,clean,0.984873,1,1
data\wildfake\Images\Diffusion_based\DALLE\DALLE\Advanced\DALLE3\dalle3\202311011943129901ca391019566e\1beb06d056dea8e8ea477618aed96bcb.jpg,1,ai,clean,0.982735,1,1
data\wildfake\Images\Diffusion_based\DALLE\DALLE\Advanced\DALLE3\dalle3\202311011943129901ca391019566e\1c0c0d3552dc4d8770308b7f3579328c.jpg,1,ai,clean,0.936813,1,1
data\wildfake\Images\Diffusion_based\DALLE\DALLE\Advanced\DALLE3\dalle3\202311011943129901ca391019566e\1c33a8cc97c3f594bc3127f9a1dfc2fb.jpg,1,ai,clean,0.951492,1,1
data\wildfake\Images\Diffusion_based\DALLE\DALLE\Advanced\DALLE3\dalle3\202311011943129901ca391019566e\1c3a3c42eb20e435007f09086d61194b.jpg,1,ai,clean,0.950460,1,1
data\wildfake\Images\Diffusion_based\DALLE\DALLE\Advanced\DALLE3\dalle3\202311011943129901ca391019566e\1c4fd32ed56bed50810ead79661b7c5a.jpg,1,ai,clean,0.876917,1,1
data\wildfake\Images\Diffusion_based\DALLE\DALLE\Advanced\DALLE3\dalle3\202311011943129901ca391019566e\1c5717661344d68c9d4b75d9b15a1e47.jpg,1,ai,clean,0.986750,1,1
data\wildfake\Images\Diffusion_based\DALLE\DALLE\Advanced\DALLE3\dalle3\202311011943129901ca391019566e\1c87432cf9bd4d371e9c05ad7515d6d7.jpg,1,ai,clean,0.906078,1,1
data\wildfake\Images\Diffusion_based\DALLE\DALLE\Advanced\DALLE3\dalle3\202311011943129901ca391019566e\1d010a72d6a8828ae276938b363edf1c.jpg,1,ai,clean,0.966113,1,1
data\wildfake\Images\Diffusion_based\DALLE\DALLE\Advanced\DALLE3\dalle3\202311011943129901ca391019566e\1d1791e9159a3e3b866a792ad9936775.jpg,1,ai,clean,0.994656,1,1
data\wildfake\Images\Diffusion_based\DALLE\DALLE\Advanced\DALLE3\dalle3\202311011943129901ca391019566e\1d56d34817b41b3dc2a69766c0784569.jpg,1,ai,clean,0.993252,1,1
data\wildfake\Images\Diffusion_based\DALLE\DALLE\Advanced\DALLE3\dalle3\202311011943129901ca391019566e\1d9e26c2fc2a9262d27770387cab276e.jpg,1,ai,clean,0.976272,1,1
data\wildfake\Images\Diffusion_based\DALLE\DALLE\Advanced\DALLE3\dalle3\202311011943129901ca391019566e\1dbcb985faa6e548489de57abe132b68.jpg,1,ai,clean,0.970814,1,1
data\wildfake\Images\Diffusion_based\DALLE\DALLE\Advanced\DALLE3\dalle3\202311011943129901ca391019566e\1ddb80aad2461f122817ec9d11c83772.jpg,1,ai,clean,0.926968,1,1
data\wildfake\Images\Diffusion_based\DALLE\DALLE\Advanced\DALLE3\dalle3\202311011943129901ca391019566e\1e47e41e0803aae92c966977938afb46.jpg,1,ai,clean,0.948595,1,1
data\wildfake\Images\Diffusion_based\DALLE\DALLE\Advanced\DALLE3\dalle3\202311011943129901ca391019566e\1e840936745b78d2c87de3246ce087e9.jpg,1,ai,clean,0.957931,1,1
data\wildfake\Images\Diffusion_based\DALLE\DALLE\Advanced\DALLE3\dalle3\202311011943129901ca391019566e\1ec13ac183e8bf2428394bcc12bec874.jpg,1,ai,clean,0.981370,1,1
data\wildfake\Images\Diffusion_based\DALLE\DALLE\Advanced\DALLE3\dalle3\202311011943129901ca391019566e\1f4afce6752d667361835865f8124481.jpg,1,ai,clean,0.644652,1,1
data\wildfake\Images\Diffusion_based\DALLE\DALLE\Advanced\DALLE3\dalle3\202311011943129901ca391019566e\1f67be9fe2a328610312003063c63761.jpg,1,ai,clean,0.996768,1,1
data\wildfake\Images\Diffusion_based\DALLE\DALLE\Advanced\DALLE3\dalle3\202311011943129901ca391019566e\1f827642ba09be33c8984fef7b49a78d.jpg,1,ai,clean,0.978584,1,1
data\wildfake\Images\Diffusion_based\DALLE\DALLE\Advanced\DALLE3\dalle3\202311011943129901ca391019566e\1fbc0f4bd779e2746ef6423bed694855.jpg,1,ai,clean,0.402636,0,0
data\wildfake\Images\Diffusion_based\DALLE\DALLE\Advanced\DALLE3\dalle3\202311011943129901ca391019566e\1ff97b617a2010ba1d499268994ffb1d.jpg,1,ai,clean,0.365151,0,0
data\wildfake\Images\Diffusion_based\DALLE\DALLE\Advanced\DALLE3\dalle3\202311011943129901ca391019566e\200ca0d1889a556d0068eb3715d04128.jpg,1,ai,clean,0.752426,1,1
data\wildfake\Images\Diffusion_based\DALLE\DALLE\Advanced\DALLE3\dalle3\202311011943129901ca391019566e\200fdff4ea13388e9e235094339a01ef.jpg,1,ai,clean,0.940921,1,1
data\wildfake\Images\Diffusion_based\DALLE\DALLE\Advanced\DALLE3\dalle3\202311011943129901ca391019566e\202129ee68b9337c7f43c86b99256250.jpg,1,ai,clean,0.772867,1,1
data\wildfake\Images\Diffusion_based\DALLE\DALLE\Advanced\DALLE3\dalle3\202311011943129901ca391019566e\206ad045c342e398fbc8d920c41f5c35.jpg,1,ai,clean,0.879506,1,1
data\wildfake\Images\Diffusion_based\DALLE\DALLE\Advanced\DALLE3\dalle3\202311011943129901ca391019566e\20768ef53dcdaf863df339568b280ec2.jpg,1,ai,clean,0.447514,0,0
data\wildfake\Images\Diffusion_based\DALLE\DALLE\Advanced\DALLE3\dalle3\202311011943129901ca391019566e\20a018543ff917bd3e067a9d918b0c1a.jpg,1,ai,clean,0.934150,1,1
data\wildfake\Images\Diffusion_based\DALLE\DALLE\Advanced\DALLE3\dalle3\202311011943129901ca391019566e\20ab8b1b8b8b51434ac776a665222b66.jpg,1,ai,clean,0.963247,1,1
data\wildfake\Images\Diffusion_based\DALLE\DALLE\Advanced\DALLE3\dalle3\202311011943129901ca391019566e\20abed32990a6c32807bc52b68f8c116.jpg,1,ai,clean,0.992242,1,1
data\wildfake\Images\Diffusion_based\DALLE\DALLE\Advanced\DALLE3\dalle3\202311011943129901ca391019566e\20fb65acd9c4e2758d094564e88c0605.jpg,1,ai,clean,0.961838,1,1
data\wildfake\Images\Diffusion_based\DALLE\DALLE\Advanced\DALLE3\dalle3\202311011943129901ca391019566e\2120baa1c39f7d68ec43b8e89350cbcf.jpg,1,ai,clean,0.989594,1,1
data\wildfake\Images\Diffusion_based\DALLE\DALLE\Advanced\DALLE3\dalle3\202311011943129901ca391019566e\21327580217c47a87b27f435c60e4b7b.jpg,1,ai,clean,0.924867,1,1
data\wildfake\Images\Diffusion_based\DALLE\DALLE\Advanced\DALLE3\dalle3\202311011943129901ca391019566e\215cde3f0c01ce8b74d4493c9d1a2693.jpg,1,ai,clean,0.656008,1,1
data\wildfake\Images\Diffusion_based\DALLE\DALLE\Advanced\DALLE3\dalle3\202311011943129901ca391019566e\2165259beffedee2969d07846aba6003.jpg,1,ai,clean,0.991549,1,1
data\wildfake\Images\Diffusion_based\DALLE\DALLE\Advanced\DALLE3\dalle3\202311011943129901ca391019566e\219fce894b6d9c7b46d5de58e7493578.jpg,1,ai,clean,0.952625,1,1
data\wildfake\Images\Diffusion_based\DALLE\DALLE\Advanced\DALLE3\dalle3\202311011943129901ca391019566e\21b32d1de5e001c1b07b25738265e57a.jpg,1,ai,clean,0.996990,1,1
data\wildfake\Images\Diffusion_based\DALLE\DALLE\Advanced\DALLE3\dalle3\202311011943129901ca391019566e\21b99519f3170266d325bf919ac59a0c.jpg,1,ai,clean,0.985196,1,1
data\wildfake\Images\Diffusion_based\DALLE\DALLE\Advanced\DALLE3\dalle3\202311011943129901ca391019566e\21d07ab8c6ca5829e8b62e7c3ee8ea7f.jpg,1,ai,clean,0.899965,1,1
data\wildfake\Images\Diffusion_based\DALLE\DALLE\Advanced\DALLE3\dalle3\202311011943129901ca391019566e\22117ddcb0340b426eb340780968517a.jpg,1,ai,clean,0.991371,1,1
data\wildfake\Images\Diffusion_based\DALLE\DALLE\Advanced\DALLE3\dalle3\202311011943129901ca391019566e\2220e18282218193049ed45b67b61949.jpg,1,ai,clean,0.999701,1,1
data\wildfake\Images\Diffusion_based\DALLE\DALLE\Advanced\DALLE3\dalle3\202311011943129901ca391019566e\22737dbf71b8ce8da4ec3cd585fd0883.jpg,1,ai,clean,0.968069,1,1
data\wildfake\Images\Diffusion_based\DALLE\DALLE\Advanced\DALLE3\dalle3\202311011943129901ca391019566e\22c068a822ad867f58f80740fee0164b.jpg,1,ai,clean,0.729879,1,1
data\wildfake\Images\Diffusion_based\DALLE\DALLE\Advanced\DALLE3\dalle3\202311011943129901ca391019566e\23d0530d20bdd7834e4b7bf6e06dcc4c.jpg,1,ai,clean,0.783819,1,1
data\wildfake\Images\Diffusion_based\DALLE\DALLE\Advanced\DALLE3\dalle3\202311011943129901ca391019566e\23d4f1810767daab0cd79f1f28938b85.jpg,1,ai,clean,0.922851,1,1
data\wildfake\Images\Diffusion_based\DALLE\DALLE\Advanced\DALLE3\dalle3\202311011943129901ca391019566e\23d6091b55599f27dc52facb36350a46.jpg,1,ai,clean,0.954752,1,1
data\wildfake\Images\Diffusion_based\DALLE\DALLE\Advanced\DALLE3\dalle3\202311011943129901ca391019566e\23e02d35eba5d9089cd28de285b1b7a8.jpg,1,ai,clean,0.998080,1,1
data\wildfake\Images\Diffusion_based\DALLE\DALLE\Advanced\DALLE3\dalle3\202311011943129901ca391019566e\2424f97b93a5304e497057f339bb0150.jpg,1,ai,clean,0.997731,1,1
data\wildfake\Images\Diffusion_based\DALLE\DALLE\Advanced\DALLE3\dalle3\202311011943129901ca391019566e\24279c06dee893328230ba3a3b07d6f4.jpg,1,ai,clean,0.971190,1,1
data\wildfake\Images\Diffusion_based\DALLE\DALLE\Advanced\DALLE3\dalle3\202311011943129901ca391019566e\2445ca045f03d71680bdb1e14c95c1c0.jpg,1,ai,clean,0.997098,1,1
data\wildfake\Images\Diffusion_based\DALLE\DALLE\Advanced\DALLE3\dalle3\202311011943129901ca391019566e\24520f53b41d702cb03d64cbbad917d0.jpg,1,ai,clean,0.937286,1,1
data\wildfake\Images\Diffusion_based\DALLE\DALLE\Advanced\DALLE3\dalle3\202311011943129901ca391019566e\24cddc00a9d8043afa58a5c21190a200.jpg,1,ai,clean,0.985058,1,1
data\wildfake\Images\Diffusion_based\DALLE\DALLE\Advanced\DALLE3\dalle3\202311011943129901ca391019566e\24d8f8c33ebf2fb0027fb4ba0efa65c9.jpg,1,ai,clean,0.952191,1,1
data\wildfake\Images\Diffusion_based\DALLE\DALLE\Advanced\DALLE3\dalle3\202311011943129901ca391019566e\24dc50c8caf89d08f8457fc8b76a3d79.jpg,1,ai,clean,0.993632,1,1
data\wildfake\Images\Diffusion_based\DALLE\DALLE\Advanced\DALLE3\dalle3\202311011943129901ca391019566e\251f4c46046dea63ec695bcd3954bc46.jpg,1,ai,clean,0.984769,1,1
data\wildfake\Images\Diffusion_based\DALLE\DALLE\Advanced\DALLE3\dalle3\202311011943129901ca391019566e\25315324a02ab280c84592a11d3d65d2.jpg,1,ai,clean,0.992789,1,1
data\wildfake\Images\Diffusion_based\DALLE\DALLE\Advanced\DALLE3\dalle3\202311011943129901ca391019566e\266b1a0f44f0ccfd8c7babee949d54f2.jpg,1,ai,clean,0.987370,1,1
data\wildfake\Images\Diffusion_based\DALLE\DALLE\Advanced\DALLE3\dalle3\202311011943129901ca391019566e\26a06b3b925d71cbd14e1d93b91c3518.jpg,1,ai,clean,0.992919,1,1
data\wildfake\Images\Diffusion_based\DALLE\DALLE\Advanced\DALLE3\dalle3\202311011943129901ca391019566e\26e9f580c486a74f4730013128aa1628.jpg,1,ai,clean,0.844300,1,1
data\wildfake\Images\Diffusion_based\DALLE\DALLE\Advanced\DALLE3\dalle3\202311011943129901ca391019566e\273f7e17db0fa27c4b098b50f12793d4.jpg,1,ai,clean,0.999115,1,1
data\wildfake\Images\Diffusion_based\DALLE\DALLE\Advanced\DALLE3\dalle3\202311011943129901ca391019566e\2741601c9df7feece2ec2d6dd736e3e6.jpg,1,ai,clean,0.618759,1,1
data\wildfake\Images\Diffusion_based\DALLE\DALLE\Advanced\DALLE3\dalle3\202311011943129901ca391019566e\2758d67d642f975d28ba66e08f99f682.jpg,1,ai,clean,0.927068,1,1
data\wildfake\Images\Diffusion_based\DALLE\DALLE\Advanced\DALLE3\dalle3\202311011943129901ca391019566e\27603ed699b0cdcba8f93b98f7c26c18.jpg,1,ai,clean,0.881452,1,1
data\wildfake\Images\Diffusion_based\DALLE\DALLE\Advanced\DALLE3\dalle3\202311011943129901ca391019566e\27a39f309e630becf0b4190c3451af79.jpg,1,ai,clean,0.978016,1,1
data\wildfake\Images\Diffusion_based\DALLE\DALLE\Advanced\DALLE3\dalle3\202311011943129901ca391019566e\27aa87d93c97720af6e3faf1f97d3404.jpg,1,ai,clean,0.961455,1,1
data\wildfake\Images\Diffusion_based\DALLE\DALLE\Advanced\DALLE3\dalle3\202311011943129901ca391019566e\28002ab34f92fbd2f654a7eb386b970b.jpg,1,ai,clean,0.960085,1,1
data\wildfake\Images\Diffusion_based\DALLE\DALLE\Advanced\DALLE3\dalle3\202311011943129901ca391019566e\280516b7c009bfd9e1764aa60ca15212.jpg,1,ai,clean,0.989544,1,1
data\wildfake\Images\Diffusion_based\DALLE\DALLE\Advanced\DALLE3\dalle3\202311011943129901ca391019566e\280ddc85097e9e98fd41d48bb843ba12.jpg,1,ai,clean,0.908834,1,1
data\wildfake\Images\Diffusion_based\DALLE\DALLE\Advanced\DALLE3\dalle3\202311011943129901ca391019566e\281463519a99dcf7289ae19c233a828e.jpg,1,ai,clean,0.996228,1,1
data\wildfake\Images\Diffusion_based\DALLE\DALLE\Advanced\DALLE3\dalle3\202311011943129901ca391019566e\283d27b212907668f6fe714f8a8d3126.jpg,1,ai,clean,0.999251,1,1
data\wildfake\Images\Diffusion_based\DALLE\DALLE\Advanced\DALLE3\dalle3\202311011943129901ca391019566e\284730af67d18cd1fdb82e6180a534ea.jpg,1,ai,clean,0.675943,1,1
data\wildfake\Images\Diffusion_based\DALLE\DALLE\Advanced\DALLE3\dalle3\202311011943129901ca391019566e\285eb0abc96d216b1177df2150388566.jpg,1,ai,clean,0.913818,1,1
data\wildfake\Images\Diffusion_based\DALLE\DALLE\Advanced\DALLE3\dalle3\202311011943129901ca391019566e\287c0539b2de4bdd47dbe548d3a53a33.jpg,1,ai,clean,0.998722,1,1
data\wildfake\Images\Diffusion_based\DALLE\DALLE\Advanced\DALLE3\dalle3\202311011943129901ca391019566e\2889aa3b1659714beca2666db9661eca.jpg,1,ai,clean,0.908348,1,1
data\wildfake\Images\Diffusion_based\DALLE\DALLE\Advanced\DALLE3\dalle3\202311011943129901ca391019566e\288abfe8473120a0a7d1b5b7837b03f5.jpg,1,ai,clean,0.991800,1,1
data\wildfake\Images\Diffusion_based\DALLE\DALLE\Advanced\DALLE3\dalle3\202311011943129901ca391019566e\2899508832ea7671fa1d9d27748c9f3b.jpg,1,ai,clean,0.955212,1,1
data\wildfake\Images\Diffusion_based\DALLE\DALLE\Advanced\DALLE3\dalle3\202311011943129901ca391019566e\28b0d18ffc7de41085f9290236ae9e66.jpg,1,ai,clean,0.638875,1,1
data\wildfake\Images\Diffusion_based\DALLE\DALLE\Advanced\DALLE3\dalle3\202311011943129901ca391019566e\28c739bc80372d76ba5e2e73f38188c0.jpg,1,ai,clean,0.932033,1,1
data\wildfake\Images\Diffusion_based\DALLE\DALLE\Advanced\DALLE3\dalle3\202311011943129901ca391019566e\294de44e036b179ca0018c11d4a5087a.jpg,1,ai,clean,0.991089,1,1
data\wildfake\Images\Diffusion_based\DALLE\DALLE\Advanced\DALLE3\dalle3\202311011943129901ca391019566e\295380882b0adcc9d1eb9c8d3763d723.jpg,1,ai,clean,0.118459,0,0
data\wildfake\Images\Diffusion_based\DALLE\DALLE\Advanced\DALLE3\dalle3\202311011943129901ca391019566e\29815b2d3496faff16f372aea636b903.jpg,1,ai,clean,0.958862,1,1
data\wildfake\Images\Diffusion_based\DALLE\DALLE\Advanced\DALLE3\dalle3\202311011943129901ca391019566e\2996bed4f9cd631835249fd365709b45.jpg,1,ai,clean,0.997482,1,1
data\wildfake\Images\Diffusion_based\DALLE\DALLE\Advanced\DALLE3\dalle3\202311011943129901ca391019566e\29d9713e54f6caee52bc489a743a6840.jpg,1,ai,clean,0.998925,1,1
data\wildfake\Images\Diffusion_based\DALLE\DALLE\Advanced\DALLE3\dalle3\202311011943129901ca391019566e\2a329dac55a299eba38d51ae20ff5bd3.jpg,1,ai,clean,0.996876,1,1
data\wildfake\Images\Diffusion_based\DALLE\DALLE\Advanced\DALLE3\dalle3\202311011943129901ca391019566e\2a69ff3713d4b2ba1757164c085ade21.jpg,1,ai,clean,0.904224,1,1
data\wildfake\Images\Diffusion_based\DALLE\DALLE\Advanced\DALLE3\dalle3\202311011943129901ca391019566e\2a9297148ff24d0010c68ccb302c1b7b.jpg,1,ai,clean,0.968368,1,1
data\wildfake\Images\Diffusion_based\DALLE\DALLE\Advanced\DALLE3\dalle3\202311011943129901ca391019566e\2a99e610a0855229e120a8383d04e592.jpg,1,ai,clean,0.922420,1,1
data\wildfake\Images\Diffusion_based\DALLE\DALLE\Advanced\DALLE3\dalle3\202311011943129901ca391019566e\2abd7c1847e9e618a0e99054891c699d.jpg,1,ai,clean,0.944690,1,1
data\wildfake\Images\Diffusion_based\DALLE\DALLE\Advanced\DALLE3\dalle3\202311011943129901ca391019566e\2af852d4196a4b8c505b03b5a7be1d87.jpg,1,ai,clean,0.968128,1,1
data\wildfake\Images\Diffusion_based\DALLE\DALLE\Advanced\DALLE3\dalle3\202311011943129901ca391019566e\2b2b0561e0554b6365fc2706d57f2917.jpg,1,ai,clean,0.894889,1,1
data\wildfake\Images\Diffusion_based\DALLE\DALLE\Advanced\DALLE3\dalle3\202311011943129901ca391019566e\2b30b7f64b701044c567458ceac10f02.jpg,1,ai,clean,0.991290,1,1
data\wildfake\Images\Diffusion_based\DALLE\DALLE\Advanced\DALLE3\dalle3\202311011943129901ca391019566e\2b3b1fd6b38c4460e59e037aa1197d49.jpg,1,ai,clean,0.988852,1,1
data\wildfake\Images\Diffusion_based\DALLE\DALLE\Advanced\DALLE3\dalle3\202311011943129901ca391019566e\2b6b12823c02237b6f4afa37e23fa6e7.jpg,1,ai,clean,0.986170,1,1
data\wildfake\Images\Diffusion_based\DALLE\DALLE\Advanced\DALLE3\dalle3\202311011943129901ca391019566e\2b73c04219189c7aba28d7480a0c4d69.jpg,1,ai,clean,0.947829,1,1
data\wildfake\Images\Diffusion_based\DALLE\DALLE\Advanced\DALLE3\dalle3\202311011943129901ca391019566e\2b85f039018459581606576c1b4e171c.jpg,1,ai,clean,0.999672,1,1
data\wildfake\Images\Diffusion_based\DALLE\DALLE\Advanced\DALLE3\dalle3\202311011943129901ca391019566e\2ba8788f252bd2cbe1277910cbfeb515.jpg,1,ai,clean,0.945597,1,1
data\wildfake\Images\Diffusion_based\DALLE\DALLE\Advanced\DALLE3\dalle3\202311011943129901ca391019566e\2baf0c197e9c5ce4361b3d42155aa22e.jpg,1,ai,clean,0.996454,1,1
data\wildfake\Images\Diffusion_based\DALLE\DALLE\Advanced\DALLE3\dalle3\202311011943129901ca391019566e\2bb2b3d160e5311788624d273b772f40.jpg,1,ai,clean,0.990406,1,1
data\wildfake\Images\Diffusion_based\DALLE\DALLE\Advanced\DALLE3\dalle3\202311011943129901ca391019566e\2c0e365aeac4763b8e6a526e363bd610.jpg,1,ai,clean,0.561751,1,1
data\wildfake\Images\Diffusion_based\DALLE\DALLE\Advanced\DALLE3\dalle3\202311011943129901ca391019566e\2c11541922d2a6fe483be9e0178f671c.jpg,1,ai,clean,0.997479,1,1
data\wildfake\Images\Diffusion_based\DALLE\DALLE\Advanced\DALLE3\dalle3\202311011943129901ca391019566e\2c5344d328024d946219996f4abe3090.jpg,1,ai,clean,0.985484,1,1
data\wildfake\Images\Diffusion_based\DALLE\DALLE\Advanced\DALLE3\dalle3\202311011943129901ca391019566e\2c69e73c4582d42385954694ecdb6784.jpg,1,ai,clean,0.425347,0,0
data\wildfake\Images\Diffusion_based\DALLE\DALLE\Advanced\DALLE3\dalle3\202311011943129901ca391019566e\2c792457c59a478d71aa8aa5e3ce4b82.jpg,1,ai,clean,0.990984,1,1
data\wildfake\Images\Diffusion_based\DALLE\DALLE\Advanced\DALLE3\dalle3\202311011943129901ca391019566e\2cb7d5ac6ffd5010a455f2cd06ae7e8a.jpg,1,ai,clean,0.775043,1,1
data\wildfake\Images\Diffusion_based\DALLE\DALLE\Advanced\DALLE3\dalle3\202311011943129901ca391019566e\2d4407522203cc35dabb00de566aa4d9.jpg,1,ai,clean,0.992968,1,1
data\wildfake\Images\Diffusion_based\DALLE\DALLE\Advanced\DALLE3\dalle3\202311011943129901ca391019566e\2d4a70b3451df22b21b40ec729c00a48.jpg,1,ai,clean,0.975425,1,1
data\wildfake\Images\Diffusion_based\DALLE\DALLE\Advanced\DALLE3\dalle3\202311011943129901ca391019566e\2d5061ca63165c55f2ef846224f33dd2.jpg,1,ai,clean,0.999393,1,1
data\wildfake\Images\Diffusion_based\DALLE\DALLE\Advanced\DALLE3\dalle3\202311011943129901ca391019566e\2d53dd3dcc2de459e3f2d250bb437140.jpg,1,ai,clean,0.989463,1,1
data\wildfake\Images\Diffusion_based\DALLE\DALLE\Advanced\DALLE3\dalle3\202311011943129901ca391019566e\2d7ab35155588f94c1a348c27547fd74.jpg,1,ai,clean,0.965523,1,1
data\wildfake\Images\Diffusion_based\DALLE\DALLE\Advanced\DALLE3\dalle3\202311011943129901ca391019566e\2d8e38aa7e70ce9369aa171383bf65eb.jpg,1,ai,clean,0.947889,1,1
data\wildfake\Images\Diffusion_based\DALLE\DALLE\Advanced\DALLE3\dalle3\202311011943129901ca391019566e\2dd017a7a4f655dcb0c4372331c0b1b5.jpg,1,ai,clean,0.999125,1,1
data\wildfake\Images\Diffusion_based\DALLE\DALLE\Advanced\DALLE3\dalle3\202311011943129901ca391019566e\2de406e758d42a580e7fe68e7d630283.jpg,1,ai,clean,0.986540,1,1
data\wildfake\Images\Diffusion_based\DALLE\DALLE\Advanced\DALLE3\dalle3\202311011943129901ca391019566e\2e15e3a5e2e21acdc69da41965a0bedf.jpg,1,ai,clean,0.957105,1,1
data\wildfake\Images\Diffusion_based\DALLE\DALLE\Advanced\DALLE3\dalle3\202311011943129901ca391019566e\2e1ef76a03f1c5416e4bde07474943c4.jpg,1,ai,clean,0.987058,1,1
data\wildfake\Images\Diffusion_based\DALLE\DALLE\Advanced\DALLE3\dalle3\202311011943129901ca391019566e\2e7aff6277220e43a3daf5f30c06a068.jpg,1,ai,clean,0.977631,1,1
data\wildfake\Images\Diffusion_based\DALLE\DALLE\Advanced\DALLE3\dalle3\202311011943129901ca391019566e\2eb4a5e062ba72185389e9307e44cd2d.jpg,1,ai,clean,0.994694,1,1
data\wildfake\Images\Diffusion_based\DALLE\DALLE\Advanced\DALLE3\dalle3\202311011943129901ca391019566e\2ef04a5fc0572c6d60a425eb9aa2caa4.jpg,1,ai,clean,0.951225,1,1
data\wildfake\Images\Diffusion_based\DALLE\DALLE\Advanced\DALLE3\dalle3\202311011943129901ca391019566e\2f10ecc0fa83c79f1e16ce90189d9a1f.jpg,1,ai,clean,0.905084,1,1
data\wildfake\Images\Diffusion_based\DALLE\DALLE\Advanced\DALLE3\dalle3\202311011943129901ca391019566e\2f35a3f9a6a688927094ea0d49cfeff1.jpg,1,ai,clean,0.967034,1,1
data\wildfake\Images\Diffusion_based\DALLE\DALLE\Advanced\DALLE3\dalle3\202311011943129901ca391019566e\2f38a4dc1b3d6898ebef464d6e42e30e.jpg,1,ai,clean,0.984478,1,1
data\wildfake\Images\Diffusion_based\DALLE\DALLE\Advanced\DALLE3\dalle3\202311011943129901ca391019566e\2fee7962741814f7d0b72cc6662b064f.jpg,1,ai,clean,0.618515,1,1
data\wildfake\Images\Diffusion_based\DALLE\DALLE\Advanced\DALLE3\dalle3\202311011943129901ca391019566e\304856302c6c89d4704bf858af8338ff.jpg,1,ai,clean,0.995348,1,1
data\wildfake\Images\Diffusion_based\DALLE\DALLE\Advanced\DALLE3\dalle3\202311011943129901ca391019566e\304fd3f94a49d5200243851cb1ebc110.jpg,1,ai,clean,0.984735,1,1
data\wildfake\Images\Diffusion_based\DALLE\DALLE\Advanced\DALLE3\dalle3\202311011943129901ca391019566e\30560488aed228278d62eddd812ad46f.jpg,1,ai,clean,0.989172,1,1
data\wildfake\Images\Diffusion_based\DALLE\DALLE\Advanced\DALLE3\dalle3\202311011943129901ca391019566e\30736792ffea71cb6ad31d157f99af48.jpg,1,ai,clean,0.987796,1,1
data\wildfake\Images\Diffusion_based\DALLE\DALLE\Advanced\DALLE3\dalle3\202311011943129901ca391019566e\30b2cfc02c06fb99cbfef1d388659152.jpg,1,ai,clean,0.934095,1,1
data\wildfake\Images\Diffusion_based\DALLE\DALLE\Advanced\DALLE3\dalle3\202311011943129901ca391019566e\30c49b6b1c420fc74213a41b2979a3c0.jpg,1,ai,clean,0.996102,1,1
data\wildfake\Images\Diffusion_based\DALLE\DALLE\Advanced\DALLE3\dalle3\202311011943129901ca391019566e\30c553711ea647681a5c645c0f67086a.jpg,1,ai,clean,0.945350,1,1
data\wildfake\Images\Diffusion_based\DALLE\DALLE\Advanced\DALLE3\dalle3\202311011943129901ca391019566e\315898da3833d2ee6901cda8b0a307ac.jpg,1,ai,clean,0.998433,1,1
data\wildfake\Images\Diffusion_based\DALLE\DALLE\Advanced\DALLE3\dalle3\202311011943129901ca391019566e\315923afcd05949e86784e05304935db.jpg,1,ai,clean,0.983232,1,1
data\wildfake\Images\Diffusion_based\DALLE\DALLE\Advanced\DALLE3\dalle3\202311011943129901ca391019566e\315f76c57b8a55035382dc9eb45bbc35.jpg,1,ai,clean,0.996191,1,1
data\wildfake\Images\Diffusion_based\DALLE\DALLE\Advanced\DALLE3\dalle3\202311011943129901ca391019566e\319271d13e343a78aa4b60d611880085.jpg,1,ai,clean,0.945346,1,1
data\wildfake\Images\Diffusion_based\DALLE\DALLE\Advanced\DALLE3\dalle3\202311011943129901ca391019566e\319352d3ba48a8c141010ef23a310dfa.jpg,1,ai,clean,0.841146,1,1
data\wildfake\Images\Diffusion_based\DALLE\DALLE\Advanced\DALLE3\dalle3\202311011943129901ca391019566e\31b0fea829c59468d074bf8d41e2874a.jpg,1,ai,clean,0.992912,1,1
data\wildfake\Images\Diffusion_based\DALLE\DALLE\Advanced\DALLE3\dalle3\202311011943129901ca391019566e\31fd1f9fbaaf9a21a31ed7d9079b809b.jpg,1,ai,clean,0.980574,1,1
data\wildfake\Images\Diffusion_based\DALLE\DALLE\Advanced\DALLE3\dalle3\202311011943129901ca391019566e\3213263f2367f1901333c55db977df4b.jpg,1,ai,clean,0.990236,1,1
data\wildfake\Images\Diffusion_based\DALLE\DALLE\Advanced\DALLE3\dalle3\202311011943129901ca391019566e\322e678734edd3815df7453195002717.jpg,1,ai,clean,0.998756,1,1
data\wildfake\Images\Diffusion_based\DALLE\DALLE\Advanced\DALLE3\dalle3\202311011943129901ca391019566e\32e6f9ca1ccd76d04fd44b937cae7d43.jpg,1,ai,clean,0.980817,1,1
data\wildfake\Images\Diffusion_based\DALLE\DALLE\Advanced\DALLE3\dalle3\202311011943129901ca391019566e\32eb6bb94aba85b0cb9aa9b2d5e27b9e.jpg,1,ai,clean,0.995900,1,1
data\wildfake\Images\Diffusion_based\DALLE\DALLE\Advanced\DALLE3\dalle3\202311011943129901ca391019566e\336063d010021b35f8766118ee2bef33.jpg,1,ai,clean,0.860408,1,1
data\wildfake\Images\Diffusion_based\DALLE\DALLE\Advanced\DALLE3\dalle3\202311011943129901ca391019566e\338381afdabb579e180fb70d0eef941f.jpg,1,ai,clean,0.851763,1,1
data\wildfake\Images\Diffusion_based\DALLE\DALLE\Advanced\DALLE3\dalle3\202311011943129901ca391019566e\33ca83250951eda1aa5770e402422db2.jpg,1,ai,clean,0.885248,1,1
data\wildfake\Images\Diffusion_based\DALLE\DALLE\Advanced\DALLE3\dalle3\202311011943129901ca391019566e\33f866ca2db6a848a4dca0380092daa7.jpg,1,ai,clean,0.985813,1,1
data\wildfake\Images\Diffusion_based\DALLE\DALLE\Advanced\DALLE3\dalle3\202311011943129901ca391019566e\3418ee210990b7fd9c6140957fa11cf7.jpg,1,ai,clean,0.979952,1,1
data\wildfake\Images\Diffusion_based\DALLE\DALLE\Advanced\DALLE3\dalle3\202311011943129901ca391019566e\345fc7b26c1e6d571cea80dcf35417ef.jpg,1,ai,clean,0.870571,1,1
data\wildfake\Images\Diffusion_based\DALLE\DALLE\Advanced\DALLE3\dalle3\202311011943129901ca391019566e\35164f35c66c83fed0de6b4118dd4261.jpg,1,ai,clean,0.959113,1,1
data\wildfake\Images\Diffusion_based\DALLE\DALLE\Advanced\DALLE3\dalle3\202311011943129901ca391019566e\352c02644ff0e10a17759dac5a0aa222.jpg,1,ai,clean,0.960843,1,1
data\wildfake\Images\Diffusion_based\DALLE\DALLE\Advanced\DALLE3\dalle3\202311011943129901ca391019566e\35db819bb6aaa5848c464902098d2734.jpg,1,ai,clean,0.926599,1,1
data\wildfake\Images\Diffusion_based\DALLE\DALLE\Advanced\DALLE3\dalle3\202311011943129901ca391019566e\362ae43f0e7be860ec6dd6e81a928b4b.jpg,1,ai,clean,0.964518,1,1
data\wildfake\Images\Diffusion_based\DALLE\DALLE\Advanced\DALLE3\dalle3\202311011943129901ca391019566e\3665bdb398545aec37c3c213361945f8.jpg,1,ai,clean,0.866671,1,1
data\wildfake\Images\Diffusion_based\DALLE\DALLE\Advanced\DALLE3\dalle3\202311011943129901ca391019566e\369fb53d3a6a12263b6ecd9afe70a62b.jpg,1,ai,clean,0.701167,1,1
data\wildfake\Images\Diffusion_based\DALLE\DALLE\Advanced\DALLE3\dalle3\202311011943129901ca391019566e\375a95817c1af04ed49db19dae0aaabe.jpg,1,ai,clean,0.977735,1,1
data\wildfake\Images\Diffusion_based\DALLE\DALLE\Advanced\DALLE3\dalle3\202311011943129901ca391019566e\375abcbb188328fe2445182ee772e4e6.jpg,1,ai,clean,0.971132,1,1
data\wildfake\Images\Diffusion_based\DALLE\DALLE\Advanced\DALLE3\dalle3\202311011943129901ca391019566e\37718b17aec9cff0fba348a00e4700f1.jpg,1,ai,clean,0.975402,1,1
data\wildfake\Images\Diffusion_based\DALLE\DALLE\Advanced\DALLE3\dalle3\202311011943129901ca391019566e\37cf3cd63b1341c596ad77d9a368e3ad.jpg,1,ai,clean,0.693179,1,1
data\wildfake\Images\Diffusion_based\DALLE\DALLE\Advanced\DALLE3\dalle3\202311011943129901ca391019566e\37fd34a74cdbb136dac1328065089604.jpg,1,ai,clean,0.992216,1,1
data\wildfake\Images\Diffusion_based\DALLE\DALLE\Advanced\DALLE3\dalle3\202311011943129901ca391019566e\380b9b83cb92cc0ec8b735ba1454571d.jpg,1,ai,clean,0.939390,1,1
data\wildfake\Images\Diffusion_based\DALLE\DALLE\Advanced\DALLE3\dalle3\202311011943129901ca391019566e\38259b16a26ba1567d1eed9ae28054c6.jpg,1,ai,clean,0.986940,1,1
data\wildfake\Images\Diffusion_based\DALLE\DALLE\Advanced\DALLE3\dalle3\202311011943129901ca391019566e\383b94992415b3dfc9145780cdce53e9.jpg,1,ai,clean,0.998731,1,1
data\wildfake\Images\Diffusion_based\DALLE\DALLE\Advanced\DALLE3\dalle3\202311011943129901ca391019566e\3848384edde46920c17f2d7d980d91c4.jpg,1,ai,clean,0.885316,1,1
data\wildfake\Images\Diffusion_based\DALLE\DALLE\Advanced\DALLE3\dalle3\202311011943129901ca391019566e\384a171d263043a8162c4c98e82b7c7a.jpg,1,ai,clean,0.996424,1,1
data\wildfake\Images\Diffusion_based\DALLE\DALLE\Advanced\DALLE3\dalle3\202311011943129901ca391019566e\389eb491a55dd0f0fc1bf55b8f7ac7bb.jpg,1,ai,clean,0.882567,1,1
data\wildfake\Images\Diffusion_based\DALLE\DALLE\Advanced\DALLE3\dalle3\202311011943129901ca391019566e\38c8ca7d7a460d31c0fb0e193eb5c7c3.jpg,1,ai,clean,0.534538,1,1
data\wildfake\Images\Diffusion_based\DALLE\DALLE\Advanced\DALLE3\dalle3\202311011943129901ca391019566e\38f214c0c4d5c60a5b0b840e4610e732.jpg,1,ai,clean,0.999463,1,1
data\wildfake\Images\Diffusion_based\DALLE\DALLE\Advanced\DALLE3\dalle3\202311011943129901ca391019566e\38f5cccc275617ac70b46ae61e056705.jpg,1,ai,clean,0.938845,1,1
data\wildfake\Images\Diffusion_based\DALLE\DALLE\Advanced\DALLE3\dalle3\202311011943129901ca391019566e\38f6c2b66f8996d1fb290ca05478de78.jpg,1,ai,clean,0.998670,1,1
data\wildfake\Images\Diffusion_based\DALLE\DALLE\Advanced\DALLE3\dalle3\202311011943129901ca391019566e\390fe2eb24f7ca85914fdf1650680eca.jpg,1,ai,clean,0.922109,1,1
data\wildfake\Images\Diffusion_based\DALLE\DALLE\Advanced\DALLE3\dalle3\202311011943129901ca391019566e\3914e2460ff7bf8d6f484b8cae774763.jpg,1,ai,clean,0.995834,1,1
data\wildfake\Images\Diffusion_based\DALLE\DALLE\Advanced\DALLE3\dalle3\202311011943129901ca391019566e\395d41cab76033ade5ce709902966d80.jpg,1,ai,clean,0.962308,1,1
data\wildfake\Images\Diffusion_based\DALLE\DALLE\Advanced\DALLE3\dalle3\202311011943129901ca391019566e\39671b268029c7b57bd9dc6cad1bc226.jpg,1,ai,clean,0.987452,1,1
data\wildfake\Images\Diffusion_based\DALLE\DALLE\Advanced\DALLE3\dalle3\202311011943129901ca391019566e\39852ffc62bfb82b263bde310e49fb5b.jpg,1,ai,clean,0.993102,1,1
data\wildfake\Images\Diffusion_based\DALLE\DALLE\Advanced\DALLE3\dalle3\202311011943129901ca391019566e\3995b44c45a65eff48af5844a3dd7eb4.jpg,1,ai,clean,0.958096,1,1
data\wildfake\Images\Diffusion_based\DALLE\DALLE\Advanced\DALLE3\dalle3\202311011943129901ca391019566e\39c5599932c5cf0f986a57e56650e2b1.jpg,1,ai,clean,0.995668,1,1
data\wildfake\Images\Diffusion_based\DALLE\DALLE\Advanced\DALLE3\dalle3\202311011943129901ca391019566e\39dd246d67876f64439a1ef3b64abea6.jpg,1,ai,clean,0.977641,1,1
data\wildfake\Images\Diffusion_based\DALLE\DALLE\Advanced\DALLE3\dalle3\202311011943129901ca391019566e\3a1cca493657f2cae4d9c5b669ac3b8d.jpg,1,ai,clean,0.882589,1,1
data\wildfake\Images\Diffusion_based\DALLE\DALLE\Advanced\DALLE3\dalle3\202311011943129901ca391019566e\3a678c2ff8d981f9530ef47cae8e0a5f.jpg,1,ai,clean,0.981722,1,1
data\wildfake\Images\Diffusion_based\DALLE\DALLE\Advanced\DALLE3\dalle3\202311011943129901ca391019566e\3a6ec4011b57139049bb5ae19ba76de4.jpg,1,ai,clean,0.977563,1,1
data\wildfake\Images\Diffusion_based\DALLE\DALLE\Advanced\DALLE3\dalle3\202311011943129901ca391019566e\3a6f3b2ac6534adbf161555ce195deeb.jpg,1,ai,clean,0.995430,1,1
data\wildfake\Images\Diffusion_based\DALLE\DALLE\Advanced\DALLE3\dalle3\202311011943129901ca391019566e\3a749895fdda9376f4e95572c38374ab.jpg,1,ai,clean,0.988549,1,1
data\wildfake\Images\Diffusion_based\DALLE\DALLE\Advanced\DALLE3\dalle3\202311011943129901ca391019566e\3aad6698fbc26fc01a59e290951e07cb.jpg,1,ai,clean,0.987397,1,1
data\wildfake\Images\Diffusion_based\DALLE\DALLE\Advanced\DALLE3\dalle3\202311011943129901ca391019566e\3ab373823ee114d2979bf2c3f275c380.jpg,1,ai,clean,0.970489,1,1
data\wildfake\Images\Diffusion_based\DALLE\DALLE\Advanced\DALLE3\dalle3\202311011943129901ca391019566e\3b0be3dfc43c47054bf071850e742f9b.jpg,1,ai,clean,0.931185,1,1
data\wildfake\Images\Diffusion_based\DALLE\DALLE\Advanced\DALLE3\dalle3\202311011943129901ca391019566e\3b132796458fc3b6cd2162510794b59e.jpg,1,ai,clean,0.997389,1,1
data\wildfake\Images\Diffusion_based\DALLE\DALLE\Advanced\DALLE3\dalle3\202311011943129901ca391019566e\3b14c85af39111933970882d7bd5c9b5.jpg,1,ai,clean,0.930372,1,1
data\wildfake\Images\Diffusion_based\DALLE\DALLE\Advanced\DALLE3\dalle3\202311011943129901ca391019566e\3b3f9a48d4312ff83d519f1df9cde44f.jpg,1,ai,clean,0.998165,1,1
data\wildfake\Images\Diffusion_based\DALLE\DALLE\Advanced\DALLE3\dalle3\202311011943129901ca391019566e\3b6ece90deb1a40e7d4b737fb82dfa2e.jpg,1,ai,clean,0.972062,1,1
data\wildfake\Images\Diffusion_based\DALLE\DALLE\Advanced\DALLE3\dalle3\202311011943129901ca391019566e\3b9caba8af9d9f83413cf371536715d2.jpg,1,ai,clean,0.978990,1,1
data\wildfake\Images\Diffusion_based\DALLE\DALLE\Advanced\DALLE3\dalle3\202311011943129901ca391019566e\3ba59b679202a365b18a667c1dec96cf.jpg,1,ai,clean,0.789011,1,1
data\wildfake\Images\Diffusion_based\DALLE\DALLE\Advanced\DALLE3\dalle3\202311011943129901ca391019566e\3bebba80c4fddc74bc418defa70fd893.jpg,1,ai,clean,0.997438,1,1
data\wildfake\Images\Diffusion_based\DALLE\DALLE\Advanced\DALLE3\dalle3\202311011943129901ca391019566e\3c589aa7fd4a6705f1fd7918daf4ffb9.jpg,1,ai,clean,0.758572,1,1
data\wildfake\Images\Diffusion_based\DALLE\DALLE\Advanced\DALLE3\dalle3\202311011943129901ca391019566e\3c6015025452c1f6c0e4d56b5c87e8be.jpg,1,ai,clean,0.987229,1,1
data\wildfake\Images\Diffusion_based\DALLE\DALLE\Advanced\DALLE3\dalle3\202311011943129901ca391019566e\3c608723c7bc2b41470ea8293ef7e629.jpg,1,ai,clean,0.967679,1,1
data\wildfake\Images\Diffusion_based\DALLE\DALLE\Advanced\DALLE3\dalle3\202311011943129901ca391019566e\3c98a1ae30b530d8b631072172132a7c.jpg,1,ai,clean,0.943543,1,1
data\wildfake\Images\Diffusion_based\DALLE\DALLE\Advanced\DALLE3\dalle3\202311011943129901ca391019566e\3d15ba5566ec4985c59f1fd8d41155eb.jpg,1,ai,clean,0.842451,1,1
data\wildfake\Images\Diffusion_based\DALLE\DALLE\Advanced\DALLE3\dalle3\202311011943129901ca391019566e\3d2f602326c6a4b0dafba72660022ec9.jpg,1,ai,clean,0.999160,1,1
data\wildfake\Images\Diffusion_based\DALLE\DALLE\Advanced\DALLE3\dalle3\202311011943129901ca391019566e\3d3294354d344fd190dbb0ddd868e82c.jpg,1,ai,clean,0.968534,1,1
data\wildfake\Images\Diffusion_based\DALLE\DALLE\Advanced\DALLE3\dalle3\202311011943129901ca391019566e\3d3ae692b6ab680c51483072bf14d79d.jpg,1,ai,clean,0.547389,1,1
data\wildfake\Images\Diffusion_based\DALLE\DALLE\Advanced\DALLE3\dalle3\202311011943129901ca391019566e\3d45830dd719ca2a08a1afe31dbd68d1.jpg,1,ai,clean,0.980862,1,1
data\wildfake\Images\Diffusion_based\DALLE\DALLE\Advanced\DALLE3\dalle3\202311011943129901ca391019566e\3e7512f7b39cb375dca034c813076ff7.jpg,1,ai,clean,0.625369,1,1
data\wildfake\Images\Diffusion_based\DALLE\DALLE\Advanced\DALLE3\dalle3\202311011943129901ca391019566e\3e90439cf6e6ca89a9707268e52dda1e.jpg,1,ai,clean,0.964367,1,1
data\wildfake\Images\Diffusion_based\DALLE\DALLE\Advanced\DALLE3\dalle3\202311011943129901ca391019566e\3ea41e7bbbe2c2b9b7f6a61ddf1f2ecd.jpg,1,ai,clean,0.996442,1,1
data\wildfake\Images\Diffusion_based\DALLE\DALLE\Advanced\DALLE3\dalle3\202311011943129901ca391019566e\3eba96dcd8633705c1164514f8c04d4d.jpg,1,ai,clean,0.926286,1,1
data\wildfake\Images\Diffusion_based\DALLE\DALLE\Advanced\DALLE3\dalle3\202311011943129901ca391019566e\3ec893f6ed98345d544139252b5c35a8.jpg,1,ai,clean,0.999477,1,1
data\wildfake\Images\Diffusion_based\DALLE\DALLE\Advanced\DALLE3\dalle3\202311011943129901ca391019566e\3edefece12fca8c44388b6abe6bfc46d.jpg,1,ai,clean,0.689987,1,1
data\wildfake\Images\Diffusion_based\DALLE\DALLE\Advanced\DALLE3\dalle3\202311011943129901ca391019566e\3f26607f332483551b724f82a14d800b.jpg,1,ai,clean,0.997566,1,1
data\wildfake\Images\Diffusion_based\DALLE\DALLE\Advanced\DALLE3\dalle3\202311011943129901ca391019566e\3f2ff704b294e08c4a1f6ffcf8631b1c.jpg,1,ai,clean,0.994854,1,1
data\wildfake\Images\Diffusion_based\DALLE\DALLE\Advanced\DALLE3\dalle3\202311011943129901ca391019566e\3f5ab657b89e15194a92fcd771378c0c.jpg,1,ai,clean,0.673978,1,1
data\wildfake\Images\Diffusion_based\DALLE\DALLE\Advanced\DALLE3\dalle3\202311011943129901ca391019566e\3fee7ce7157ed337574b8f427512735e.jpg,1,ai,clean,0.959829,1,1
data\wildfake\Images\Diffusion_based\DALLE\DALLE\Advanced\DALLE3\dalle3\202311011943129901ca391019566e\3ffc69b38bceeb3e1a0c33b3a1b430ed.jpg,1,ai,clean,0.976706,1,1
data\wildfake\Images\Diffusion_based\DALLE\DALLE\Advanced\DALLE3\dalle3\202311011943129901ca391019566e\40102e461d3bad344077ce2cca755963.jpg,1,ai,clean,0.984406,1,1
data\wildfake\Images\Diffusion_based\DALLE\DALLE\Advanced\DALLE3\dalle3\202311011943129901ca391019566e\402749b3ece18c65dd53d0904af2a040.jpg,1,ai,clean,0.749936,1,1
data\wildfake\Images\Diffusion_based\DALLE\DALLE\Advanced\DALLE3\dalle3\202311011943129901ca391019566e\402bdb5e6e3e7b9637ca2dd93424cd84.jpg,1,ai,clean,0.109342,0,0
data\wildfake\Images\Diffusion_based\DALLE\DALLE\Advanced\DALLE3\dalle3\202311011943129901ca391019566e\402d798fb9f40c7d03bc5ec8a1fd8c22.jpg,1,ai,clean,0.680954,1,1
data\wildfake\Images\Diffusion_based\DALLE\DALLE\Advanced\DALLE3\dalle3\202311011943129901ca391019566e\403ae67747cf6731576c84bac47ec145.jpg,1,ai,clean,0.464650,0,0
data\wildfake\Images\Diffusion_based\DALLE\DALLE\Advanced\DALLE3\dalle3\202311011943129901ca391019566e\404a76fa81908c93516f0cc87cf0412d.jpg,1,ai,clean,0.999004,1,1
data\wildfake\Images\Diffusion_based\DALLE\DALLE\Advanced\DALLE3\dalle3\202311011943129901ca391019566e\405e870a483b1244e2168dc318615c36.jpg,1,ai,clean,0.996607,1,1
data\wildfake\Images\Diffusion_based\DALLE\DALLE\Advanced\DALLE3\dalle3\202311011943129901ca391019566e\4073879d8d10986f5f75a1c525a1a9f3.jpg,1,ai,clean,0.997132,1,1
data\wildfake\Images\Diffusion_based\DALLE\DALLE\Advanced\DALLE3\dalle3\202311011943129901ca391019566e\4088de68f2905b1a84718bc6e57274c0.jpg,1,ai,clean,0.996834,1,1
data\wildfake\Images\Diffusion_based\DALLE\DALLE\Advanced\DALLE3\dalle3\202311011943129901ca391019566e\408a2aa7576f9951cf9c458ce273ce74.jpg,1,ai,clean,0.711659,1,1
data\wildfake\Images\Diffusion_based\DALLE\DALLE\Advanced\DALLE3\dalle3\202311011943129901ca391019566e\40ae90424bc188ad34574d8aa0b4e086.jpg,1,ai,clean,0.967165,1,1
data\wildfake\Images\Diffusion_based\DALLE\DALLE\Advanced\DALLE3\dalle3\202311011943129901ca391019566e\40f4ce4fad593a5c49a3349e0436ce83.jpg,1,ai,clean,0.602429,1,1
data\wildfake\Images\Diffusion_based\DALLE\DALLE\Advanced\DALLE3\dalle3\202311011943129901ca391019566e\41135f4abafca56efa0b16af52c3a91f.jpg,1,ai,clean,0.637551,1,1
data\wildfake\Images\Diffusion_based\DALLE\DALLE\Advanced\DALLE3\dalle3\202311011943129901ca391019566e\411a10080c3fa05d5ff2eb26b4fd67c9.jpg,1,ai,clean,0.996806,1,1
data\wildfake\Images\Diffusion_based\DALLE\DALLE\Advanced\DALLE3\dalle3\202311011943129901ca391019566e\41358f2fb91eb855899dc282e79419ce.jpg,1,ai,clean,0.998525,1,1
data\wildfake\Images\Diffusion_based\DALLE\DALLE\Advanced\DALLE3\dalle3\202311011943129901ca391019566e\416dfa034acc070dbfcfa04d8d997b1b.jpg,1,ai,clean,0.995105,1,1
data\wildfake\Images\Diffusion_based\DALLE\DALLE\Advanced\DALLE3\dalle3\202311011943129901ca391019566e\41a8a6bba5aae41f604e25548144ec61.jpg,1,ai,clean,0.999521,1,1
data\wildfake\Images\Diffusion_based\DALLE\DALLE\Advanced\DALLE3\dalle3\202311011943129901ca391019566e\41b7abbdc3a9ba445acd08488f15653d.jpg,1,ai,clean,0.798834,1,1
data\wildfake\Images\Diffusion_based\DALLE\DALLE\Advanced\DALLE3\dalle3\202311011943129901ca391019566e\41da469d28d6635377588301fe982446.jpg,1,ai,clean,0.415905,0,0
data\wildfake\Images\Diffusion_based\DALLE\DALLE\Advanced\DALLE3\dalle3\202311011943129901ca391019566e\421e515a0e88c109caa58bcf4086c2d3.jpg,1,ai,clean,0.998747,1,1
data\wildfake\Images\Diffusion_based\DALLE\DALLE\Advanced\DALLE3\dalle3\202311011943129901ca391019566e\426969be76f72756fdf5b97c8fc5b515.jpg,1,ai,clean,0.867132,1,1
data\wildfake\Images\Diffusion_based\DALLE\DALLE\Advanced\DALLE3\dalle3\202311011943129901ca391019566e\42808100cba46229d2270ede83a8d021.jpg,1,ai,clean,0.967508,1,1
data\wildfake\Images\Diffusion_based\DALLE\DALLE\Advanced\DALLE3\dalle3\202311011943129901ca391019566e\42cd948e772dc76afbd347543eba04e4.jpg,1,ai,clean,0.998691,1,1
data\wildfake\Images\Diffusion_based\DALLE\DALLE\Advanced\DALLE3\dalle3\202311011943129901ca391019566e\43024062edb87b3301305cd2f382ecf7.jpg,1,ai,clean,0.999271,1,1
data\wildfake\Images\Diffusion_based\DALLE\DALLE\Advanced\DALLE3\dalle3\202311011943129901ca391019566e\4319a10fded8829476dda68c05566a05.jpg,1,ai,clean,0.950441,1,1
data\wildfake\Images\Diffusion_based\DALLE\DALLE\Advanced\DALLE3\dalle3\202311011943129901ca391019566e\431d0170d25d728ab50fe9125cf3b146.jpg,1,ai,clean,0.995074,1,1
data\wildfake\Images\Diffusion_based\DALLE\DALLE\Advanced\DALLE3\dalle3\202311011943129901ca391019566e\43575994134d8aa86fc10243bdb3b09c.jpg,1,ai,clean,0.361219,0,0
data\wildfake\Images\Diffusion_based\DALLE\DALLE\Advanced\DALLE3\dalle3\202311011943129901ca391019566e\439923d8fe5004248b8140e82aa4fcba.jpg,1,ai,clean,0.903780,1,1
data\wildfake\Images\Diffusion_based\DALLE\DALLE\Advanced\DALLE3\dalle3\202311011943129901ca391019566e\43dd08d60d23d01b89c4d9768cde59b2.jpg,1,ai,clean,0.988948,1,1
data\wildfake\Images\Diffusion_based\DALLE\DALLE\Advanced\DALLE3\dalle3\202311011943129901ca391019566e\441812da5113fd0c4645574cbc9ab9ad.jpg,1,ai,clean,0.927369,1,1
data\wildfake\Images\Diffusion_based\DALLE\DALLE\Advanced\DALLE3\dalle3\202311011943129901ca391019566e\441e49e90b00ca7a7b71c9f292531acb.jpg,1,ai,clean,0.993995,1,1
data\wildfake\Images\Diffusion_based\DALLE\DALLE\Advanced\DALLE3\dalle3\202311011943129901ca391019566e\4436418c3026e0e299f03bbb39095760.jpg,1,ai,clean,0.949984,1,1
data\wildfake\Images\Diffusion_based\DALLE\DALLE\Advanced\DALLE3\dalle3\202311011943129901ca391019566e\443d50e1cb5add625e596c43e015507b.jpg,1,ai,clean,0.997157,1,1
data\wildfake\Images\Diffusion_based\DALLE\DALLE\Advanced\DALLE3\dalle3\202311011943129901ca391019566e\44545c360b39210bb44518c5b2443e49.jpg,1,ai,clean,0.998606,1,1
data\wildfake\Images\Diffusion_based\DALLE\DALLE\Advanced\DALLE3\dalle3\202311011943129901ca391019566e\44859a46c923205dffb37e029996a334.jpg,1,ai,clean,0.999080,1,1
data\wildfake\Images\Diffusion_based\DALLE\DALLE\Advanced\DALLE3\dalle3\202311011943129901ca391019566e\4492384edaf145b93ceb269a54af2a97.jpg,1,ai,clean,0.967156,1,1
data\wildfake\Images\Diffusion_based\DALLE\DALLE\Advanced\DALLE3\dalle3\202311011943129901ca391019566e\44961d6790a07bd7e0a2d2f9fe9b7f79.jpg,1,ai,clean,0.812866,1,1
data\wildfake\Images\Diffusion_based\DALLE\DALLE\Advanced\DALLE3\dalle3\202311011943129901ca391019566e\44a5d446b7c18d5a57bc71141cd2aa45.jpg,1,ai,clean,0.963217,1,1
data\wildfake\Images\Diffusion_based\DALLE\DALLE\Advanced\DALLE3\dalle3\202311011943129901ca391019566e\44f76fdbb8949da7bf5b6610814449ff.jpg,1,ai,clean,0.999403,1,1
data\wildfake\Images\Diffusion_based\DALLE\DALLE\Advanced\DALLE3\dalle3\202311011943129901ca391019566e\44f7e1e7f6ef306935bce078f1b1a864.jpg,1,ai,clean,0.865784,1,1
data\wildfake\Images\Diffusion_based\DALLE\DALLE\Advanced\DALLE3\dalle3\202311011943129901ca391019566e\45027d028f70e6adf658df5b8c7371cc.jpg,1,ai,clean,0.982403,1,1
data\wildfake\Images\Diffusion_based\DALLE\DALLE\Advanced\DALLE3\dalle3\202311011943129901ca391019566e\452a2d250bb9a97675c38f25848e7757.jpg,1,ai,clean,0.998772,1,1
data\wildfake\Images\Diffusion_based\DALLE\DALLE\Advanced\DALLE3\dalle3\202311011943129901ca391019566e\4588355873bd3ce542152b826bfaf6f7.jpg,1,ai,clean,0.999574,1,1
data\wildfake\Images\Diffusion_based\DALLE\DALLE\Advanced\DALLE3\dalle3\202311011943129901ca391019566e\45d5e8397ec19935f3c5c76ee3dd5b73.jpg,1,ai,clean,0.739121,1,1
data\wildfake\Images\Diffusion_based\DALLE\DALLE\Advanced\DALLE3\dalle3\202311011943129901ca391019566e\4625d58a5065c18397937e6d4b09ccbb.jpg,1,ai,clean,0.996872,1,1
data\wildfake\Images\Diffusion_based\DALLE\DALLE\Advanced\DALLE3\dalle3\202311011943129901ca391019566e\4636469c4254183625aab9204e882711.jpg,1,ai,clean,0.582832,1,1
data\wildfake\Images\Diffusion_based\DALLE\DALLE\Advanced\DALLE3\dalle3\202311011943129901ca391019566e\468637d99ed33a9b5b9d7640b838ca4f.jpg,1,ai,clean,0.982370,1,1
data\wildfake\Images\Diffusion_based\DALLE\DALLE\Advanced\DALLE3\dalle3\202311011943129901ca391019566e\46d3499859242bab9aa57a95542152d8.jpg,1,ai,clean,0.914473,1,1
data\wildfake\Images\Diffusion_based\DALLE\DALLE\Advanced\DALLE3\dalle3\202311011943129901ca391019566e\46fe0f44f11d3c00aa8a9c02b75e2b3e.jpg,1,ai,clean,0.908804,1,1
data\wildfake\Images\Diffusion_based\DALLE\DALLE\Advanced\DALLE3\dalle3\202311011943129901ca391019566e\471f24c0c0ffe8e35263e00831608713.jpg,1,ai,clean,0.979071,1,1
data\wildfake\Images\Diffusion_based\DALLE\DALLE\Advanced\DALLE3\dalle3\202311011943129901ca391019566e\4725f73f1c1513ffa9e8091490752584.jpg,1,ai,clean,0.989879,1,1
data\wildfake\Images\Diffusion_based\DALLE\DALLE\Advanced\DALLE3\dalle3\202311011943129901ca391019566e\4739760d65f803aa6f795729dac44a4b.jpg,1,ai,clean,0.400656,0,0
data\wildfake\Images\Diffusion_based\DALLE\DALLE\Advanced\DALLE3\dalle3\202311011943129901ca391019566e\473d9358cd5dadc9d059ae6f23615a08.jpg,1,ai,clean,0.958242,1,1
data\wildfake\Images\Diffusion_based\DALLE\DALLE\Advanced\DALLE3\dalle3\202311011943129901ca391019566e\4743b32a5d208525dbafb06458250227.jpg,1,ai,clean,0.987505,1,1
data\wildfake\Images\Diffusion_based\DALLE\DALLE\Advanced\DALLE3\dalle3\202311011943129901ca391019566e\4749cf6a0429c68331a21c86c869019c.jpg,1,ai,clean,0.975727,1,1
data\wildfake\Images\Diffusion_based\DALLE\DALLE\Advanced\DALLE3\dalle3\202311011943129901ca391019566e\47b230943a7ccf459bac499a167e88c0.jpg,1,ai,clean,0.999067,1,1
data\wildfake\Images\Diffusion_based\DALLE\DALLE\Advanced\DALLE3\dalle3\202311011943129901ca391019566e\47ff752ab1f760ac9ccea6fb1a8bdbc2.jpg,1,ai,clean,0.985241,1,1
data\wildfake\Images\Diffusion_based\DALLE\DALLE\Advanced\DALLE3\dalle3\202311011943129901ca391019566e\4812e523deb1c1a89285838496713e71.jpg,1,ai,clean,0.962275,1,1
data\wildfake\Images\Diffusion_based\DALLE\DALLE\Advanced\DALLE3\dalle3\202311011943129901ca391019566e\48385b32de03a857b551da9c5d167383.jpg,1,ai,clean,0.999380,1,1
data\wildfake\Images\Diffusion_based\DALLE\DALLE\Advanced\DALLE3\dalle3\202311011943129901ca391019566e\48390d6dbfa181447942bcb9299d3a65.jpg,1,ai,clean,0.977028,1,1
data\wildfake\Images\Diffusion_based\DALLE\DALLE\Advanced\DALLE3\dalle3\202311011943129901ca391019566e\4844bd6f619763f36d8812e2b943708f.jpg,1,ai,clean,0.812151,1,1
data\wildfake\Images\Diffusion_based\DALLE\DALLE\Advanced\DALLE3\dalle3\202311011943129901ca391019566e\48463159e1f209a28723c6f44b1f8bcb.jpg,1,ai,clean,0.988798,1,1
data\wildfake\Images\Diffusion_based\DALLE\DALLE\Advanced\DALLE3\dalle3\202311011943129901ca391019566e\485c1d97310769e4ced3957775c6fbb4.jpg,1,ai,clean,0.987985,1,1
data\wildfake\Images\Diffusion_based\DALLE\DALLE\Advanced\DALLE3\dalle3\202311011943129901ca391019566e\486f4badafd391ff2b9d4d159f270f20.jpg,1,ai,clean,0.994514,1,1
data\wildfake\Images\Diffusion_based\DALLE\DALLE\Advanced\DALLE3\dalle3\202311011943129901ca391019566e\4875f2a6256c57e8e60e58000fa686c4.jpg,1,ai,clean,0.993977,1,1
data\wildfake\Images\Diffusion_based\DALLE\DALLE\Advanced\DALLE3\dalle3\202311011943129901ca391019566e\487ec128dae98d0dbcc86a301dd91482.jpg,1,ai,clean,0.978931,1,1
data\wildfake\Images\Diffusion_based\DALLE\DALLE\Advanced\DALLE3\dalle3\202311011943129901ca391019566e\489d6dee73070f3ffa1276cd0e145d55.jpg,1,ai,clean,0.984729,1,1
data\wildfake\Images\Diffusion_based\DALLE\DALLE\Advanced\DALLE3\dalle3\202311011943129901ca391019566e\4922164150386e68fdcb8f067019ba8d.jpg,1,ai,clean,0.991513,1,1
data\wildfake\Images\Diffusion_based\DALLE\DALLE\Advanced\DALLE3\dalle3\202311011943129901ca391019566e\49720c883fed478e35d0825d2a020a1d.jpg,1,ai,clean,0.660514,1,1
data\wildfake\Images\Diffusion_based\DALLE\DALLE\Advanced\DALLE3\dalle3\202311011943129901ca391019566e\497329311ca13f4404649da7530d4f64.jpg,1,ai,clean,0.992206,1,1
data\wildfake\Images\Diffusion_based\DALLE\DALLE\Advanced\DALLE3\dalle3\202311011943129901ca391019566e\49927870fa1f1c4817e3a6bec7d04771.jpg,1,ai,clean,0.992126,1,1
data\wildfake\Images\Diffusion_based\DALLE\DALLE\Advanced\DALLE3\dalle3\202311011943129901ca391019566e\49c2dae00eeb27965c3e865f02e3a199.jpg,1,ai,clean,0.976904,1,1
data\wildfake\Images\Diffusion_based\DALLE\DALLE\Advanced\DALLE3\dalle3\202311011943129901ca391019566e\49d3a17968d4bca49d38f5de54526dbb.jpg,1,ai,clean,0.964060,1,1
data\wildfake\Images\Diffusion_based\DALLE\DALLE\Advanced\DALLE3\dalle3\202311011943129901ca391019566e\49e3e03c351579d3865dbe865e358b52.jpg,1,ai,clean,0.979514,1,1
data\wildfake\Images\Diffusion_based\DALLE\DALLE\Advanced\DALLE3\dalle3\202311011943129901ca391019566e\49e968922c315f200a29400adfd63524.jpg,1,ai,clean,0.976107,1,1
data\wildfake\Images\Diffusion_based\DALLE\DALLE\Advanced\DALLE3\dalle3\202311011943129901ca391019566e\4a5d2f38b2c0fca78828adf9d6f6296c.jpg,1,ai,clean,0.984872,1,1
data\wildfake\Images\Diffusion_based\DALLE\DALLE\Advanced\DALLE3\dalle3\202311011943129901ca391019566e\4aac29808ad56a671c1da2f831c31392.jpg,1,ai,clean,0.911061,1,1
data\wildfake\Images\Diffusion_based\DALLE\DALLE\Advanced\DALLE3\dalle3\202311011943129901ca391019566e\4ae5c1e57cfdce9c4be7cb9165abfe15.jpg,1,ai,clean,0.878795,1,1
data\wildfake\Images\Diffusion_based\DALLE\DALLE\Advanced\DALLE3\dalle3\202311011943129901ca391019566e\4b09a0d86cc237d7a7fa0e5453e4f9a1.jpg,1,ai,clean,0.999557,1,1
data\wildfake\Images\Diffusion_based\DALLE\DALLE\Advanced\DALLE3\dalle3\202311011943129901ca391019566e\4b1f6c9c7d65f8a324414b323cada82c.jpg,1,ai,clean,0.985418,1,1
data\wildfake\Images\Diffusion_based\DALLE\DALLE\Advanced\DALLE3\dalle3\202311011943129901ca391019566e\4b2179fe5a391d088197e56df4d86d5e.jpg,1,ai,clean,0.974836,1,1
data\wildfake\Images\Diffusion_based\DALLE\DALLE\Advanced\DALLE3\dalle3\202311011943129901ca391019566e\4b280ed6aaccc8460f2ce8134b5aa226.jpg,1,ai,clean,0.501314,1,1
data\wildfake\Images\Diffusion_based\DALLE\DALLE\Advanced\DALLE3\dalle3\202311011943129901ca391019566e\4b580e592324ddcef9a4665122cfa3ff.jpg,1,ai,clean,0.829926,1,1
data\wildfake\Images\Diffusion_based\DALLE\DALLE\Advanced\DALLE3\dalle3\202311011943129901ca391019566e\4b83dccbdb1c2fd84b80b1ddbdcac2e6.jpg,1,ai,clean,0.263145,0,0
data\wildfake\Images\Diffusion_based\DALLE\DALLE\Advanced\DALLE3\dalle3\202311011943129901ca391019566e\4bccbe67ae688eed37405074a92c79ad.jpg,1,ai,clean,0.970246,1,1
data\wildfake\Images\Diffusion_based\DALLE\DALLE\Advanced\DALLE3\dalle3\202311011943129901ca391019566e\4c0562860dc1056633db43557e06bff3.jpg,1,ai,clean,0.963192,1,1
data\wildfake\Images\Diffusion_based\DALLE\DALLE\Advanced\DALLE3\dalle3\202311011943129901ca391019566e\4c252a942df979698399d534efdca9a1.jpg,1,ai,clean,0.977447,1,1
data\val\real\000000000139.jpg,0,real,jpeg_q90,0.566362,1,0
data\val\real\000000000285.jpg,0,real,jpeg_q90,0.141623,0,1
data\val\real\000000000632.jpg,0,real,jpeg_q90,0.632614,1,0
data\val\real\000000000724.jpg,0,real,jpeg_q90,0.335621,0,1
data\val\real\000000000776.jpg,0,real,jpeg_q90,0.158852,0,1
data\val\real\000000000785.jpg,0,real,jpeg_q90,0.750244,1,0
data\val\real\000000000802.jpg,0,real,jpeg_q90,0.060797,0,1
data\val\real\000000000872.jpg,0,real,jpeg_q90,0.072570,0,1
data\val\real\000000000885.jpg,0,real,jpeg_q90,0.500540,1,0
data\val\real\000000001000.jpg,0,real,jpeg_q90,0.075858,0,1
data\val\real\000000001268.jpg,0,real,jpeg_q90,0.079118,0,1
data\val\real\000000001296.jpg,0,real,jpeg_q90,0.118527,0,1
data\val\real\000000001353.jpg,0,real,jpeg_q90,0.076475,0,1
data\val\real\000000001425.jpg,0,real,jpeg_q90,0.408949,0,1
data\val\real\000000001490.jpg,0,real,jpeg_q90,0.221797,0,1
data\val\real\000000001503.jpg,0,real,jpeg_q90,0.422097,0,1
data\val\real\000000001532.jpg,0,real,jpeg_q90,0.184635,0,1
data\val\real\000000001584.jpg,0,real,jpeg_q90,0.721713,1,0
data\val\real\000000001675.jpg,0,real,jpeg_q90,0.120571,0,1
data\val\real\000000001761.jpg,0,real,jpeg_q90,0.047693,0,1
data\val\real\000000001818.jpg,0,real,jpeg_q90,0.384926,0,1
data\val\real\000000001993.jpg,0,real,jpeg_q90,0.077545,0,1
data\val\real\000000002006.jpg,0,real,jpeg_q90,0.273435,0,1
data\val\real\000000002149.jpg,0,real,jpeg_q90,0.359640,0,1
data\val\real\000000002153.jpg,0,real,jpeg_q90,0.020087,0,1
data\val\real\000000002157.jpg,0,real,jpeg_q90,0.517088,1,0
data\val\real\000000002261.jpg,0,real,jpeg_q90,0.123626,0,1
data\val\real\000000002299.jpg,0,real,jpeg_q90,0.203342,0,1
data\val\real\000000002431.jpg,0,real,jpeg_q90,0.040276,0,1
data\val\real\000000002473.jpg,0,real,jpeg_q90,0.294745,0,1
data\val\real\000000002532.jpg,0,real,jpeg_q90,0.158258,0,1
data\val\real\000000002587.jpg,0,real,jpeg_q90,0.048972,0,1
data\val\real\000000002592.jpg,0,real,jpeg_q90,0.066703,0,1
data\val\real\000000002685.jpg,0,real,jpeg_q90,0.010839,0,1
data\val\real\000000002923.jpg,0,real,jpeg_q90,0.024325,0,1
data\val\real\000000003156.jpg,0,real,jpeg_q90,0.680672,1,0
data\val\real\000000003255.jpg,0,real,jpeg_q90,0.626467,1,0
data\val\real\000000003501.jpg,0,real,jpeg_q90,0.328708,0,1
data\val\real\000000003553.jpg,0,real,jpeg_q90,0.172078,0,1
data\val\real\000000003661.jpg,0,real,jpeg_q90,0.028301,0,1
data\val\real\000000003845.jpg,0,real,jpeg_q90,0.231110,0,1
data\val\real\000000003934.jpg,0,real,jpeg_q90,0.004024,0,1
data\val\real\000000004134.jpg,0,real,jpeg_q90,0.008817,0,1
data\val\real\000000004395.jpg,0,real,jpeg_q90,0.036464,0,1
data\val\real\000000004495.jpg,0,real,jpeg_q90,0.017142,0,1
data\val\real\000000004765.jpg,0,real,jpeg_q90,0.426367,0,1
data\val\real\000000004795.jpg,0,real,jpeg_q90,0.005492,0,1
data\val\real\000000005001.jpg,0,real,jpeg_q90,0.057124,0,1
data\val\real\000000005037.jpg,0,real,jpeg_q90,0.452408,0,1
data\val\real\000000005060.jpg,0,real,jpeg_q90,0.041004,0,1
data\val\real\000000005193.jpg,0,real,jpeg_q90,0.019575,0,1
data\val\real\000000005477.jpg,0,real,jpeg_q90,0.631465,1,0
data\val\real\000000005503.jpg,0,real,jpeg_q90,0.048526,0,1
data\val\real\000000005529.jpg,0,real,jpeg_q90,0.123637,0,1
data\val\real\000000005586.jpg,0,real,jpeg_q90,0.125460,0,1
data\val\real\000000005600.jpg,0,real,jpeg_q90,0.027867,0,1
data\val\real\000000005992.jpg,0,real,jpeg_q90,0.075508,0,1
data\val\real\000000006012.jpg,0,real,jpeg_q90,0.236355,0,1
data\val\real\000000006040.jpg,0,real,jpeg_q90,0.563878,1,0
data\val\real\000000006213.jpg,0,real,jpeg_q90,0.119282,0,1
data\val\real\000000006460.jpg,0,real,jpeg_q90,0.208579,0,1
data\val\real\000000006471.jpg,0,real,jpeg_q90,0.080567,0,1
data\val\real\000000006614.jpg,0,real,jpeg_q90,0.048995,0,1
data\val\real\000000006723.jpg,0,real,jpeg_q90,0.059576,0,1
data\val\real\000000006763.jpg,0,real,jpeg_q90,0.002120,0,1
data\val\real\000000006771.jpg,0,real,jpeg_q90,0.038270,0,1
data\val\real\000000006818.jpg,0,real,jpeg_q90,0.059927,0,1
data\val\real\000000006894.jpg,0,real,jpeg_q90,0.217112,0,1
data\val\real\000000006954.jpg,0,real,jpeg_q90,0.264298,0,1
data\val\real\000000007088.jpg,0,real,jpeg_q90,0.028228,0,1
data\val\real\000000007108.jpg,0,real,jpeg_q90,0.202861,0,1
data\val\real\000000007278.jpg,0,real,jpeg_q90,0.310581,0,1
data\val\real\000000007281.jpg,0,real,jpeg_q90,0.140500,0,1
data\val\real\000000007386.jpg,0,real,jpeg_q90,0.095529,0,1
data\val\real\000000007511.jpg,0,real,jpeg_q90,0.153703,0,1
data\val\real\000000007574.jpg,0,real,jpeg_q90,0.034679,0,1
data\val\real\000000007784.jpg,0,real,jpeg_q90,0.617467,1,0
data\val\real\000000007795.jpg,0,real,jpeg_q90,0.482430,0,1
data\val\real\000000007816.jpg,0,real,jpeg_q90,0.038521,0,1
data\val\real\000000007818.jpg,0,real,jpeg_q90,0.471502,0,1
data\val\real\000000007888.jpg,0,real,jpeg_q90,0.573471,1,0
data\val\real\000000007977.jpg,0,real,jpeg_q90,0.564351,1,0
data\val\real\000000007991.jpg,0,real,jpeg_q90,0.067931,0,1
data\val\real\000000008021.jpg,0,real,jpeg_q90,0.041369,0,1
data\val\real\000000008211.jpg,0,real,jpeg_q90,0.298369,0,1
data\val\real\000000008277.jpg,0,real,jpeg_q90,0.046030,0,1
data\val\real\000000008532.jpg,0,real,jpeg_q90,0.059487,0,1
data\val\real\000000008629.jpg,0,real,jpeg_q90,0.144702,0,1
data\val\real\000000008690.jpg,0,real,jpeg_q90,0.018994,0,1
data\val\real\000000008762.jpg,0,real,jpeg_q90,0.290598,0,1
data\val\real\000000008844.jpg,0,real,jpeg_q90,0.368200,0,1
data\val\real\000000008899.jpg,0,real,jpeg_q90,0.278401,0,1
data\val\real\000000009378.jpg,0,real,jpeg_q90,0.203285,0,1
data\val\real\000000009400.jpg,0,real,jpeg_q90,0.007124,0,1
data\val\real\000000009448.jpg,0,real,jpeg_q90,0.037509,0,1
data\val\real\000000009483.jpg,0,real,jpeg_q90,0.014180,0,1
data\val\real\000000009590.jpg,0,real,jpeg_q90,0.132834,0,1
data\val\real\000000009769.jpg,0,real,jpeg_q90,0.260852,0,1
data\val\real\000000009772.jpg,0,real,jpeg_q90,0.123877,0,1
data\val\real\000000009891.jpg,0,real,jpeg_q90,0.015868,0,1
data\val\real\000000009914.jpg,0,real,jpeg_q90,0.120496,0,1
data\val\real\000000010092.jpg,0,real,jpeg_q90,0.112858,0,1
data\val\real\000000010363.jpg,0,real,jpeg_q90,0.025643,0,1
data\val\real\000000010583.jpg,0,real,jpeg_q90,0.057774,0,1
data\val\real\000000010707.jpg,0,real,jpeg_q90,0.015100,0,1
data\val\real\000000010764.jpg,0,real,jpeg_q90,0.385663,0,1
data\val\real\000000010977.jpg,0,real,jpeg_q90,0.075052,0,1
data\val\real\000000010995.jpg,0,real,jpeg_q90,0.061722,0,1
data\val\real\000000011051.jpg,0,real,jpeg_q90,0.037727,0,1
data\val\real\000000011122.jpg,0,real,jpeg_q90,0.044950,0,1
data\val\real\000000011149.jpg,0,real,jpeg_q90,0.009089,0,1
data\val\real\000000011197.jpg,0,real,jpeg_q90,0.075748,0,1
data\val\real\000000011511.jpg,0,real,jpeg_q90,0.080561,0,1
data\val\real\000000011615.jpg,0,real,jpeg_q90,0.295433,0,1
data\val\real\000000011699.jpg,0,real,jpeg_q90,0.053481,0,1
data\val\real\000000011760.jpg,0,real,jpeg_q90,0.430370,0,1
data\val\real\000000011813.jpg,0,real,jpeg_q90,0.048894,0,1
data\val\real\000000012062.jpg,0,real,jpeg_q90,0.072408,0,1
data\val\real\000000012120.jpg,0,real,jpeg_q90,0.092239,0,1
data\val\real\000000012280.jpg,0,real,jpeg_q90,0.420447,0,1
data\val\real\000000012576.jpg,0,real,jpeg_q90,0.177131,0,1
data\val\real\000000012639.jpg,0,real,jpeg_q90,0.162690,0,1
data\val\real\000000012667.jpg,0,real,jpeg_q90,0.432138,0,1
data\val\real\000000012670.jpg,0,real,jpeg_q90,0.023471,0,1
data\val\real\000000012748.jpg,0,real,jpeg_q90,0.215596,0,1
data\val\real\000000013004.jpg,0,real,jpeg_q90,0.619040,1,0
data\val\real\000000013177.jpg,0,real,jpeg_q90,0.064995,0,1
data\val\real\000000013201.jpg,0,real,jpeg_q90,0.248273,0,1
data\val\real\000000013291.jpg,0,real,jpeg_q90,0.431741,0,1
data\val\real\000000013348.jpg,0,real,jpeg_q90,0.195952,0,1
data\val\real\000000013546.jpg,0,real,jpeg_q90,0.022658,0,1
data\val\real\000000013597.jpg,0,real,jpeg_q90,0.790923,1,0
data\val\real\000000013659.jpg,0,real,jpeg_q90,0.004875,0,1
data\val\real\000000013729.jpg,0,real,jpeg_q90,0.024378,0,1
data\val\real\000000013774.jpg,0,real,jpeg_q90,0.870131,1,0
data\val\real\000000013923.jpg,0,real,jpeg_q90,0.128229,0,1
data\val\real\000000014007.jpg,0,real,jpeg_q90,0.138224,0,1
data\val\real\000000014038.jpg,0,real,jpeg_q90,0.720202,1,0
data\val\real\000000014226.jpg,0,real,jpeg_q90,0.440489,0,1
data\val\real\000000014380.jpg,0,real,jpeg_q90,0.204646,0,1
data\val\real\000000014439.jpg,0,real,jpeg_q90,0.135091,0,1
data\val\real\000000014473.jpg,0,real,jpeg_q90,0.119231,0,1
data\val\real\000000014831.jpg,0,real,jpeg_q90,0.007018,0,1
data\val\real\000000014888.jpg,0,real,jpeg_q90,0.287470,0,1
data\val\real\000000015079.jpg,0,real,jpeg_q90,0.260218,0,1
data\val\real\000000015254.jpg,0,real,jpeg_q90,0.168303,0,1
data\val\real\000000015272.jpg,0,real,jpeg_q90,0.074217,0,1
data\val\real\000000015278.jpg,0,real,jpeg_q90,0.186078,0,1
data\val\real\000000015335.jpg,0,real,jpeg_q90,0.005247,0,1
data\val\real\000000015338.jpg,0,real,jpeg_q90,0.112309,0,1
data\val\real\000000015440.jpg,0,real,jpeg_q90,0.922302,1,0
data\val\real\000000015497.jpg,0,real,jpeg_q90,0.051512,0,1
data\val\real\000000015517.jpg,0,real,jpeg_q90,0.032084,0,1
data\val\real\000000015597.jpg,0,real,jpeg_q90,0.014198,0,1
data\val\real\000000015660.jpg,0,real,jpeg_q90,0.439115,0,1
data\val\real\000000015746.jpg,0,real,jpeg_q90,0.166765,0,1
data\val\real\000000015751.jpg,0,real,jpeg_q90,0.021222,0,1
data\val\real\000000015956.jpg,0,real,jpeg_q90,0.040575,0,1
data\val\real\000000016010.jpg,0,real,jpeg_q90,0.028929,0,1
data\val\real\000000016228.jpg,0,real,jpeg_q90,0.515825,1,0
data\val\real\000000016249.jpg,0,real,jpeg_q90,0.229843,0,1
data\val\real\000000016439.jpg,0,real,jpeg_q90,0.454177,0,1
data\val\real\000000016451.jpg,0,real,jpeg_q90,0.141156,0,1
data\val\real\000000016502.jpg,0,real,jpeg_q90,0.362909,0,1
data\val\real\000000016598.jpg,0,real,jpeg_q90,0.007383,0,1
data\val\real\000000016958.jpg,0,real,jpeg_q90,0.028589,0,1
data\val\real\000000017029.jpg,0,real,jpeg_q90,0.217293,0,1
data\val\real\000000017031.jpg,0,real,jpeg_q90,0.604254,1,0
data\val\real\000000017115.jpg,0,real,jpeg_q90,0.397349,0,1
data\val\real\000000017178.jpg,0,real,jpeg_q90,0.750214,1,0
data\val\real\000000017182.jpg,0,real,jpeg_q90,0.276500,0,1
data\val\real\000000017207.jpg,0,real,jpeg_q90,0.067116,0,1
data\val\real\000000017379.jpg,0,real,jpeg_q90,0.393128,0,1
data\val\real\000000017436.jpg,0,real,jpeg_q90,0.031972,0,1
data\val\real\000000017627.jpg,0,real,jpeg_q90,0.006226,0,1
data\val\real\000000017714.jpg,0,real,jpeg_q90,0.367753,0,1
data\val\real\000000017899.jpg,0,real,jpeg_q90,0.036706,0,1
data\val\real\000000017905.jpg,0,real,jpeg_q90,0.009173,0,1
data\val\real\000000017959.jpg,0,real,jpeg_q90,0.292365,0,1
data\val\real\000000018150.jpg,0,real,jpeg_q90,0.029175,0,1
data\val\real\000000018193.jpg,0,real,jpeg_q90,0.014319,0,1
data\val\real\000000018380.jpg,0,real,jpeg_q90,0.303496,0,1
data\val\real\000000018491.jpg,0,real,jpeg_q90,0.067073,0,1
data\val\real\000000018519.jpg,0,real,jpeg_q90,0.496381,0,1
data\val\real\000000018575.jpg,0,real,jpeg_q90,0.054015,0,1
data\val\real\000000018737.jpg,0,real,jpeg_q90,0.066212,0,1
data\val\real\000000018770.jpg,0,real,jpeg_q90,0.046954,0,1
data\val\real\000000018833.jpg,0,real,jpeg_q90,0.472487,0,1
data\val\real\000000018837.jpg,0,real,jpeg_q90,0.150359,0,1
data\val\real\000000019042.jpg,0,real,jpeg_q90,0.029230,0,1
data\val\real\000000019109.jpg,0,real,jpeg_q90,0.201928,0,1
data\val\real\000000019221.jpg,0,real,jpeg_q90,0.018755,0,1
data\val\real\000000019402.jpg,0,real,jpeg_q90,0.006259,0,1
data\val\real\000000019432.jpg,0,real,jpeg_q90,0.068072,0,1
data\val\real\000000019742.jpg,0,real,jpeg_q90,0.206266,0,1
data\val\real\000000019786.jpg,0,real,jpeg_q90,0.015938,0,1
data\val\real\000000019924.jpg,0,real,jpeg_q90,0.713922,1,0
data\val\real\000000020059.jpg,0,real,jpeg_q90,0.080286,0,1
data\val\real\000000020107.jpg,0,real,jpeg_q90,0.035435,0,1
data\val\real\000000020247.jpg,0,real,jpeg_q90,0.242477,0,1
data\val\real\000000020333.jpg,0,real,jpeg_q90,0.275217,0,1
data\val\real\000000020553.jpg,0,real,jpeg_q90,0.171994,0,1
data\val\real\000000020571.jpg,0,real,jpeg_q90,0.277523,0,1
data\val\real\000000020992.jpg,0,real,jpeg_q90,0.056529,0,1
data\val\real\000000021167.jpg,0,real,jpeg_q90,0.013445,0,1
data\val\real\000000021465.jpg,0,real,jpeg_q90,0.005112,0,1
data\val\real\000000021503.jpg,0,real,jpeg_q90,0.009088,0,1
data\val\real\000000021604.jpg,0,real,jpeg_q90,0.973402,1,0
data\val\real\000000021839.jpg,0,real,jpeg_q90,0.014325,0,1
data\val\real\000000021879.jpg,0,real,jpeg_q90,0.137210,0,1
data\val\real\000000021903.jpg,0,real,jpeg_q90,0.404359,0,1
data\val\real\000000022192.jpg,0,real,jpeg_q90,0.057572,0,1
data\val\real\000000022371.jpg,0,real,jpeg_q90,0.973075,1,0
data\val\real\000000022396.jpg,0,real,jpeg_q90,0.103156,0,1
data\val\real\000000022479.jpg,0,real,jpeg_q90,0.167256,0,1
data\val\real\000000022589.jpg,0,real,jpeg_q90,0.059812,0,1
data\val\real\000000022623.jpg,0,real,jpeg_q90,0.306116,0,1
data\val\real\000000022705.jpg,0,real,jpeg_q90,0.010677,0,1
data\val\real\000000022755.jpg,0,real,jpeg_q90,0.295996,0,1
data\val\real\000000022892.jpg,0,real,jpeg_q90,0.158993,0,1
data\val\real\000000022935.jpg,0,real,jpeg_q90,0.159344,0,1
data\val\real\000000022969.jpg,0,real,jpeg_q90,0.195105,0,1
data\val\real\000000023023.jpg,0,real,jpeg_q90,0.075252,0,1
data\val\real\000000023034.jpg,0,real,jpeg_q90,0.019094,0,1
data\val\real\000000023126.jpg,0,real,jpeg_q90,0.728556,1,0
data\val\real\000000023230.jpg,0,real,jpeg_q90,0.011688,0,1
data\val\real\000000023272.jpg,0,real,jpeg_q90,0.116829,0,1
data\val\real\000000023359.jpg,0,real,jpeg_q90,0.374958,0,1
data\val\real\000000023666.jpg,0,real,jpeg_q90,0.116155,0,1
data\val\real\000000023751.jpg,0,real,jpeg_q90,0.009797,0,1
data\val\real\000000023781.jpg,0,real,jpeg_q90,0.369298,0,1
data\val\real\000000023899.jpg,0,real,jpeg_q90,0.011359,0,1
data\val\real\000000023937.jpg,0,real,jpeg_q90,0.205192,0,1
data\val\real\000000024021.jpg,0,real,jpeg_q90,0.179362,0,1
data\val\real\000000024027.jpg,0,real,jpeg_q90,0.069124,0,1
data\val\real\000000024144.jpg,0,real,jpeg_q90,0.210068,0,1
data\val\real\000000024243.jpg,0,real,jpeg_q90,0.551723,1,0
data\val\real\000000024567.jpg,0,real,jpeg_q90,0.015461,0,1
data\val\real\000000024610.jpg,0,real,jpeg_q90,0.029307,0,1
data\val\real\000000024919.jpg,0,real,jpeg_q90,0.607222,1,0
data\val\real\000000025057.jpg,0,real,jpeg_q90,0.116444,0,1
data\val\real\000000025096.jpg,0,real,jpeg_q90,0.096639,0,1
data\val\real\000000025139.jpg,0,real,jpeg_q90,0.210957,0,1
data\val\real\000000025181.jpg,0,real,jpeg_q90,0.771890,1,0
data\val\real\000000025228.jpg,0,real,jpeg_q90,0.060753,0,1
data\val\real\000000025386.jpg,0,real,jpeg_q90,0.015552,0,1
data\val\real\000000025393.jpg,0,real,jpeg_q90,0.013921,0,1
data\val\real\000000025394.jpg,0,real,jpeg_q90,0.040634,0,1
data\val\real\000000025424.jpg,0,real,jpeg_q90,0.464862,0,1
data\val\real\000000025560.jpg,0,real,jpeg_q90,0.079043,0,1
data\val\real\000000025593.jpg,0,real,jpeg_q90,0.144699,0,1
data\val\real\000000025603.jpg,0,real,jpeg_q90,0.011961,0,1
data\val\real\000000025986.jpg,0,real,jpeg_q90,0.047550,0,1
data\val\real\000000026204.jpg,0,real,jpeg_q90,0.127497,0,1
data\val\real\000000026465.jpg,0,real,jpeg_q90,0.010986,0,1
data\val\real\000000026564.jpg,0,real,jpeg_q90,0.190700,0,1
data\val\real\000000026690.jpg,0,real,jpeg_q90,0.126467,0,1
data\val\real\000000026926.jpg,0,real,jpeg_q90,0.798719,1,0
data\val\real\000000026941.jpg,0,real,jpeg_q90,0.803751,1,0
data\val\real\000000027186.jpg,0,real,jpeg_q90,0.060356,0,1
data\val\real\000000027620.jpg,0,real,jpeg_q90,0.257592,0,1
data\val\real\000000027696.jpg,0,real,jpeg_q90,0.036051,0,1
data\val\real\000000027768.jpg,0,real,jpeg_q90,0.078874,0,1
data\val\real\000000027932.jpg,0,real,jpeg_q90,0.225504,0,1
data\val\real\000000027972.jpg,0,real,jpeg_q90,0.459236,0,1
data\val\real\000000027982.jpg,0,real,jpeg_q90,0.322071,0,1
data\val\real\000000028285.jpg,0,real,jpeg_q90,0.057475,0,1
data\val\real\000000028449.jpg,0,real,jpeg_q90,0.670316,1,0
data\val\real\000000028452.jpg,0,real,jpeg_q90,0.494581,0,1
data\val\real\000000028809.jpg,0,real,jpeg_q90,0.121961,0,1
data\val\real\000000028993.jpg,0,real,jpeg_q90,0.297314,0,1
data\val\real\000000029187.jpg,0,real,jpeg_q90,0.007363,0,1
data\val\real\000000029393.jpg,0,real,jpeg_q90,0.019417,0,1
data\val\real\000000029397.jpg,0,real,jpeg_q90,0.007006,0,1
data\val\real\000000029596.jpg,0,real,jpeg_q90,0.627615,1,0
data\val\real\000000029640.jpg,0,real,jpeg_q90,0.476434,0,1
data\val\real\000000029675.jpg,0,real,jpeg_q90,0.178898,0,1
data\val\real\000000029984.jpg,0,real,jpeg_q90,0.144480,0,1
data\val\real\000000030213.jpg,0,real,jpeg_q90,0.420000,0,1
data\val\real\000000030494.jpg,0,real,jpeg_q90,0.017310,0,1
data\val\real\000000030504.jpg,0,real,jpeg_q90,0.343403,0,1
data\val\real\000000030675.jpg,0,real,jpeg_q90,0.771089,1,0
data\val\real\000000030785.jpg,0,real,jpeg_q90,0.444238,0,1
data\val\real\000000030828.jpg,0,real,jpeg_q90,0.460296,0,1
data\val\real\000000031050.jpg,0,real,jpeg_q90,0.019744,0,1
data\val\real\000000031093.jpg,0,real,jpeg_q90,0.207142,0,1
data\val\real\000000031118.jpg,0,real,jpeg_q90,0.362756,0,1
data\val\real\000000031217.jpg,0,real,jpeg_q90,0.122013,0,1
data\val\real\000000031248.jpg,0,real,jpeg_q90,0.156977,0,1
data\val\real\000000031269.jpg,0,real,jpeg_q90,0.212694,0,1
data\val\real\000000031296.jpg,0,real,jpeg_q90,0.010808,0,1
data\val\real\000000031322.jpg,0,real,jpeg_q90,0.327416,0,1
data\val\real\000000031620.jpg,0,real,jpeg_q90,0.002385,0,1
data\val\real\000000031735.jpg,0,real,jpeg_q90,0.002648,0,1
data\val\real\000000031749.jpg,0,real,jpeg_q90,0.228083,0,1
data\val\real\000000031817.jpg,0,real,jpeg_q90,0.007256,0,1
data\val\real\000000032038.jpg,0,real,jpeg_q90,0.073354,0,1
data\val\real\000000032081.jpg,0,real,jpeg_q90,0.253143,0,1
data\val\real\000000032285.jpg,0,real,jpeg_q90,0.162550,0,1
data\val\real\000000032334.jpg,0,real,jpeg_q90,0.006436,0,1
data\val\real\000000032570.jpg,0,real,jpeg_q90,0.822248,1,0
data\val\real\000000032610.jpg,0,real,jpeg_q90,0.048283,0,1
data\val\real\000000032735.jpg,0,real,jpeg_q90,0.309516,0,1
data\val\real\000000032811.jpg,0,real,jpeg_q90,0.161555,0,1
data\val\real\000000032817.jpg,0,real,jpeg_q90,0.027461,0,1
data\val\real\000000032861.jpg,0,real,jpeg_q90,0.739579,1,0
data\val\real\000000032887.jpg,0,real,jpeg_q90,0.005972,0,1
data\val\real\000000032901.jpg,0,real,jpeg_q90,0.007313,0,1
data\val\real\000000032941.jpg,0,real,jpeg_q90,0.046939,0,1
data\val\real\000000033005.jpg,0,real,jpeg_q90,0.239832,0,1
data\val\real\000000033104.jpg,0,real,jpeg_q90,0.024520,0,1
data\val\real\000000033109.jpg,0,real,jpeg_q90,0.141866,0,1
data\val\real\000000033114.jpg,0,real,jpeg_q90,0.400704,0,1
data\val\real\000000033221.jpg,0,real,jpeg_q90,0.009549,0,1
data\val\real\000000033368.jpg,0,real,jpeg_q90,0.729831,1,0
data\val\real\000000033638.jpg,0,real,jpeg_q90,0.036392,0,1
data\val\real\000000033707.jpg,0,real,jpeg_q90,0.174233,0,1
data\val\real\000000033759.jpg,0,real,jpeg_q90,0.314971,0,1
data\val\real\000000033854.jpg,0,real,jpeg_q90,0.087561,0,1
data\val\real\000000034071.jpg,0,real,jpeg_q90,0.780223,1,0
data\val\real\000000034139.jpg,0,real,jpeg_q90,0.063288,0,1
data\val\real\000000034205.jpg,0,real,jpeg_q90,0.170473,0,1
data\val\real\000000034257.jpg,0,real,jpeg_q90,0.618548,1,0
data\val\real\000000034417.jpg,0,real,jpeg_q90,0.287768,0,1
data\val\real\000000034452.jpg,0,real,jpeg_q90,0.009536,0,1
data\val\real\000000034760.jpg,0,real,jpeg_q90,0.021199,0,1
data\val\real\000000034873.jpg,0,real,jpeg_q90,0.055936,0,1
data\val\real\000000035062.jpg,0,real,jpeg_q90,0.028313,0,1
data\val\real\000000035197.jpg,0,real,jpeg_q90,0.654922,1,0
data\val\real\000000035279.jpg,0,real,jpeg_q90,0.119204,0,1
data\val\real\000000035326.jpg,0,real,jpeg_q90,0.023145,0,1
data\val\real\000000035682.jpg,0,real,jpeg_q90,0.042512,0,1
data\val\real\000000035770.jpg,0,real,jpeg_q90,0.018357,0,1
data\val\real\000000035963.jpg,0,real,jpeg_q90,0.023835,0,1
data\val\real\000000036494.jpg,0,real,jpeg_q90,0.344752,0,1
data\val\real\000000036539.jpg,0,real,jpeg_q90,0.021223,0,1
data\val\real\000000036660.jpg,0,real,jpeg_q90,0.156027,0,1
data\val\real\000000036678.jpg,0,real,jpeg_q90,0.263342,0,1
data\val\real\000000036844.jpg,0,real,jpeg_q90,0.024758,0,1
data\val\real\000000036861.jpg,0,real,jpeg_q90,0.061332,0,1
data\val\real\000000036936.jpg,0,real,jpeg_q90,0.029790,0,1
data\val\real\000000037670.jpg,0,real,jpeg_q90,0.130373,0,1
data\val\real\000000037689.jpg,0,real,jpeg_q90,0.427343,0,1
data\val\real\000000037740.jpg,0,real,jpeg_q90,0.523272,1,0
data\val\real\000000037751.jpg,0,real,jpeg_q90,0.075904,0,1
data\val\real\000000037777.jpg,0,real,jpeg_q90,0.188382,0,1
data\val\real\000000037988.jpg,0,real,jpeg_q90,0.111040,0,1
data\val\real\000000038048.jpg,0,real,jpeg_q90,0.070179,0,1
data\val\real\000000038070.jpg,0,real,jpeg_q90,0.349680,0,1
data\val\real\000000038118.jpg,0,real,jpeg_q90,0.505513,1,0
data\val\real\000000038210.jpg,0,real,jpeg_q90,0.422179,0,1
data\val\real\000000038576.jpg,0,real,jpeg_q90,0.309927,0,1
data\val\real\000000038678.jpg,0,real,jpeg_q90,0.009639,0,1
data\val\real\000000038825.jpg,0,real,jpeg_q90,0.376708,0,1
data\val\real\000000038829.jpg,0,real,jpeg_q90,0.066549,0,1
data\val\real\000000039405.jpg,0,real,jpeg_q90,0.142151,0,1
data\val\real\000000039477.jpg,0,real,jpeg_q90,0.247357,0,1
data\val\real\000000039480.jpg,0,real,jpeg_q90,0.069759,0,1
data\val\real\000000039484.jpg,0,real,jpeg_q90,0.275637,0,1
data\val\real\000000039551.jpg,0,real,jpeg_q90,0.608078,1,0
data\val\real\000000039670.jpg,0,real,jpeg_q90,0.273854,0,1
data\val\real\000000039769.jpg,0,real,jpeg_q90,0.010284,0,1
data\val\real\000000039785.jpg,0,real,jpeg_q90,0.342074,0,1
data\val\real\000000039914.jpg,0,real,jpeg_q90,0.010961,0,1
data\val\real\000000039951.jpg,0,real,jpeg_q90,0.197075,0,1
data\val\real\000000039956.jpg,0,real,jpeg_q90,0.791301,1,0
data\val\real\000000040036.jpg,0,real,jpeg_q90,0.453776,0,1
data\val\real\000000040083.jpg,0,real,jpeg_q90,0.019891,0,1
data\val\real\000000040471.jpg,0,real,jpeg_q90,0.053812,0,1
data\val\real\000000040757.jpg,0,real,jpeg_q90,0.109900,0,1
data\val\real\000000041488.jpg,0,real,jpeg_q90,0.796673,1,0
data\val\real\000000041633.jpg,0,real,jpeg_q90,0.683663,1,0
data\val\real\000000041635.jpg,0,real,jpeg_q90,0.135763,0,1
data\val\real\000000041872.jpg,0,real,jpeg_q90,0.183505,0,1
data\val\real\000000041888.jpg,0,real,jpeg_q90,0.070277,0,1
data\val\real\000000041990.jpg,0,real,jpeg_q90,0.093482,0,1
data\val\real\000000042070.jpg,0,real,jpeg_q90,0.237414,0,1
data\val\real\000000042102.jpg,0,real,jpeg_q90,0.011728,0,1
data\val\real\000000042178.jpg,0,real,jpeg_q90,0.693478,1,0
data\val\real\000000042276.jpg,0,real,jpeg_q90,0.115411,0,1
data\val\real\000000042296.jpg,0,real,jpeg_q90,0.282836,0,1
data\val\real\000000042528.jpg,0,real,jpeg_q90,0.016242,0,1
data\val\real\000000042563.jpg,0,real,jpeg_q90,0.275240,0,1
data\val\real\000000042628.jpg,0,real,jpeg_q90,0.029397,0,1
data\val\real\000000042888.jpg,0,real,jpeg_q90,0.042944,0,1
data\val\real\000000042889.jpg,0,real,jpeg_q90,0.050667,0,1
data\val\real\000000043314.jpg,0,real,jpeg_q90,0.243600,0,1
data\val\real\000000043435.jpg,0,real,jpeg_q90,0.456187,0,1
data\val\real\000000043581.jpg,0,real,jpeg_q90,0.216309,0,1
data\val\real\000000043737.jpg,0,real,jpeg_q90,0.232221,0,1
data\val\real\000000043816.jpg,0,real,jpeg_q90,0.319417,0,1
data\val\real\000000044068.jpg,0,real,jpeg_q90,0.036303,0,1
data\val\real\000000044195.jpg,0,real,jpeg_q90,0.525186,1,0
data\val\real\000000044260.jpg,0,real,jpeg_q90,0.737688,1,0
data\val\real\000000044279.jpg,0,real,jpeg_q90,0.152680,0,1
data\val\real\000000044590.jpg,0,real,jpeg_q90,0.087607,0,1
data\val\real\000000044652.jpg,0,real,jpeg_q90,0.127295,0,1
data\val\real\000000044699.jpg,0,real,jpeg_q90,0.542388,1,0
data\val\real\000000044877.jpg,0,real,jpeg_q90,0.323887,0,1
data\val\real\000000045070.jpg,0,real,jpeg_q90,0.223517,0,1
data\val\real\000000045090.jpg,0,real,jpeg_q90,0.105121,0,1
data\val\real\000000045229.jpg,0,real,jpeg_q90,0.618901,1,0
data\val\real\000000045472.jpg,0,real,jpeg_q90,0.168761,0,1
data\val\real\000000045550.jpg,0,real,jpeg_q90,0.021525,0,1
data\val\real\000000045596.jpg,0,real,jpeg_q90,0.017333,0,1
data\val\real\000000045728.jpg,0,real,jpeg_q90,0.048648,0,1
data\val\real\000000046031.jpg,0,real,jpeg_q90,0.056225,0,1
data\val\real\000000046048.jpg,0,real,jpeg_q90,0.031693,0,1
data\val\real\000000046252.jpg,0,real,jpeg_q90,0.595471,1,0
data\val\real\000000046378.jpg,0,real,jpeg_q90,0.059159,0,1
data\val\real\000000046463.jpg,0,real,jpeg_q90,0.008925,0,1
data\val\real\000000046497.jpg,0,real,jpeg_q90,0.048113,0,1
data\val\real\000000046804.jpg,0,real,jpeg_q90,0.153503,0,1
data\val\real\000000046872.jpg,0,real,jpeg_q90,0.387550,0,1
data\val\real\000000047010.jpg,0,real,jpeg_q90,0.265650,0,1
data\val\real\000000047112.jpg,0,real,jpeg_q90,0.213258,0,1
data\val\real\000000047121.jpg,0,real,jpeg_q90,0.068778,0,1
data\val\real\000000047571.jpg,0,real,jpeg_q90,0.206286,0,1
data\val\real\000000047585.jpg,0,real,jpeg_q90,0.008562,0,1
data\val\real\000000047740.jpg,0,real,jpeg_q90,0.009894,0,1
data\val\real\000000047769.jpg,0,real,jpeg_q90,0.050901,0,1
data\val\real\000000047801.jpg,0,real,jpeg_q90,0.062942,0,1
data\val\real\000000047819.jpg,0,real,jpeg_q90,0.060927,0,1
data\val\real\000000047828.jpg,0,real,jpeg_q90,0.446051,0,1
data\val\real\000000048153.jpg,0,real,jpeg_q90,0.069828,0,1
data\val\real\000000048396.jpg,0,real,jpeg_q90,0.018394,0,1
data\val\real\000000048504.jpg,0,real,jpeg_q90,0.532031,1,0
data\val\real\000000048555.jpg,0,real,jpeg_q90,0.687027,1,0
data\val\real\000000048564.jpg,0,real,jpeg_q90,0.041293,0,1
data\val\real\000000048924.jpg,0,real,jpeg_q90,0.872424,1,0
data\val\real\000000049060.jpg,0,real,jpeg_q90,0.045426,0,1
data\val\real\000000049091.jpg,0,real,jpeg_q90,0.096111,0,1
data\val\real\000000049259.jpg,0,real,jpeg_q90,0.028997,0,1
data\val\real\000000049269.jpg,0,real,jpeg_q90,0.677450,1,0
data\val\real\000000049759.jpg,0,real,jpeg_q90,0.542354,1,0
data\val\real\000000049761.jpg,0,real,jpeg_q90,0.110686,0,1
data\val\real\000000049810.jpg,0,real,jpeg_q90,0.221556,0,1
data\val\real\000000050006.jpg,0,real,jpeg_q90,0.085082,0,1
data\val\real\000000050145.jpg,0,real,jpeg_q90,0.026522,0,1
data\val\real\000000050149.jpg,0,real,jpeg_q90,0.194844,0,1
data\val\real\000000050165.jpg,0,real,jpeg_q90,0.423378,0,1
data\val\real\000000050326.jpg,0,real,jpeg_q90,0.017026,0,1
data\val\real\000000050331.jpg,0,real,jpeg_q90,0.030496,0,1
data\val\real\000000050380.jpg,0,real,jpeg_q90,0.276065,0,1
data\val\real\000000050638.jpg,0,real,jpeg_q90,0.791860,1,0
data\val\real\000000050679.jpg,0,real,jpeg_q90,0.436786,0,1
data\val\real\000000050811.jpg,0,real,jpeg_q90,0.046079,0,1
data\val\real\000000050828.jpg,0,real,jpeg_q90,0.167533,0,1
data\val\real\000000050844.jpg,0,real,jpeg_q90,0.200537,0,1
data\val\real\000000050896.jpg,0,real,jpeg_q90,0.483961,0,1
data\val\real\000000050943.jpg,0,real,jpeg_q90,0.148659,0,1
data\val\real\000000051008.jpg,0,real,jpeg_q90,0.063271,0,1
data\val\real\000000051309.jpg,0,real,jpeg_q90,0.185123,0,1
data\val\real\000000051314.jpg,0,real,jpeg_q90,0.331285,0,1
data\val\real\000000051326.jpg,0,real,jpeg_q90,0.019198,0,1
data\val\real\000000051598.jpg,0,real,jpeg_q90,0.015581,0,1
data\val\real\000000051610.jpg,0,real,jpeg_q90,0.680088,1,0
data\val\real\000000051712.jpg,0,real,jpeg_q90,0.579426,1,0
data\val\real\000000051738.jpg,0,real,jpeg_q90,0.152096,0,1
data\val\real\000000051938.jpg,0,real,jpeg_q90,0.282933,0,1
data\val\real\000000051961.jpg,0,real,jpeg_q90,0.071724,0,1
data\val\real\000000051976.jpg,0,real,jpeg_q90,0.542619,1,0
data\val\real\000000052007.jpg,0,real,jpeg_q90,0.232565,0,1
data\val\real\000000052017.jpg,0,real,jpeg_q90,0.736786,1,0
data\val\real\000000052412.jpg,0,real,jpeg_q90,0.306961,0,1
data\val\real\000000052413.jpg,0,real,jpeg_q90,0.079379,0,1
data\val\real\000000052462.jpg,0,real,jpeg_q90,0.368903,0,1
data\val\real\000000052507.jpg,0,real,jpeg_q90,0.292486,0,1
data\val\real\000000052565.jpg,0,real,jpeg_q90,0.304612,0,1
data\val\real\000000052591.jpg,0,real,jpeg_q90,0.652685,1,0
data\val\real\000000052891.jpg,0,real,jpeg_q90,0.122839,0,1
data\val\real\000000052996.jpg,0,real,jpeg_q90,0.009023,0,1
data\val\real\000000053505.jpg,0,real,jpeg_q90,0.230215,0,1
data\val\real\000000053529.jpg,0,real,jpeg_q90,0.384936,0,1
data\val\real\000000053624.jpg,0,real,jpeg_q90,0.046804,0,1
data\val\real\000000053626.jpg,0,real,jpeg_q90,0.092521,0,1
data\val\real\000000053909.jpg,0,real,jpeg_q90,0.009997,0,1
data\val\real\000000053994.jpg,0,real,jpeg_q90,0.327745,0,1
data\val\real\000000054123.jpg,0,real,jpeg_q90,0.398060,0,1
data\val\real\000000054164.jpg,0,real,jpeg_q90,0.743043,1,0
data\val\real\000000054592.jpg,0,real,jpeg_q90,0.592849,1,0
data\val\real\000000054593.jpg,0,real,jpeg_q90,0.217766,0,1
data\val\real\000000054605.jpg,0,real,jpeg_q90,0.116777,0,1
data\val\real\000000054628.jpg,0,real,jpeg_q90,0.105583,0,1
data\val\real\000000054654.jpg,0,real,jpeg_q90,0.016266,0,1
data\val\real\000000054931.jpg,0,real,jpeg_q90,0.687004,1,0
data\val\real\000000054967.jpg,0,real,jpeg_q90,0.489305,0,1
data\val\real\000000055002.jpg,0,real,jpeg_q90,0.078580,0,1
data\val\real\000000055022.jpg,0,real,jpeg_q90,0.096837,0,1
data\val\real\000000055072.jpg,0,real,jpeg_q90,0.355833,0,1
data\val\real\000000055150.jpg,0,real,jpeg_q90,0.151118,0,1
data\val\real\000000055167.jpg,0,real,jpeg_q90,0.029070,0,1
data\val\real\000000055299.jpg,0,real,jpeg_q90,0.220650,0,1
data\val\real\000000055528.jpg,0,real,jpeg_q90,0.018937,0,1
data\val\real\000000055950.jpg,0,real,jpeg_q90,0.267481,0,1
data\val\real\000000056127.jpg,0,real,jpeg_q90,0.032199,0,1
data\val\real\000000056288.jpg,0,real,jpeg_q90,0.275485,0,1
data\val\real\000000056344.jpg,0,real,jpeg_q90,0.131036,0,1
data\val\real\000000056350.jpg,0,real,jpeg_q90,0.241352,0,1
data\val\real\000000056545.jpg,0,real,jpeg_q90,0.015057,0,1
data\wildfake\Images\Diffusion_based\DALLE\DALLE\Advanced\DALLE3\dalle3\202311011943129901ca391019566e\0000bc251bd2e98239266f18c7422f00.jpg,1,ai,jpeg_q90,0.996909,1,1
data\wildfake\Images\Diffusion_based\DALLE\DALLE\Advanced\DALLE3\dalle3\202311011943129901ca391019566e\001f5052a8976abf8628979c0a3295fd.jpg,1,ai,jpeg_q90,0.985858,1,1
data\wildfake\Images\Diffusion_based\DALLE\DALLE\Advanced\DALLE3\dalle3\202311011943129901ca391019566e\003a4c6ab6f2b3ab9658a92b5f05945e.jpg,1,ai,jpeg_q90,0.998570,1,1
data\wildfake\Images\Diffusion_based\DALLE\DALLE\Advanced\DALLE3\dalle3\202311011943129901ca391019566e\0043fbaa145d5c0a2a40d46645ed83cb.jpg,1,ai,jpeg_q90,0.945997,1,1
data\wildfake\Images\Diffusion_based\DALLE\DALLE\Advanced\DALLE3\dalle3\202311011943129901ca391019566e\00470ad00ea26cb498a51499f937e52b.jpg,1,ai,jpeg_q90,0.870436,1,1
data\wildfake\Images\Diffusion_based\DALLE\DALLE\Advanced\DALLE3\dalle3\202311011943129901ca391019566e\0052d17a5ef60d0d179717f85046f4b1.jpg,1,ai,jpeg_q90,0.936789,1,1
data\wildfake\Images\Diffusion_based\DALLE\DALLE\Advanced\DALLE3\dalle3\202311011943129901ca391019566e\009bbc62119d37a8fbb83bb9e0dbc508.jpg,1,ai,jpeg_q90,0.995746,1,1
data\wildfake\Images\Diffusion_based\DALLE\DALLE\Advanced\DALLE3\dalle3\202311011943129901ca391019566e\00c573bb9bc5a7eb21bc3be7ae501662.jpg,1,ai,jpeg_q90,0.659261,1,1
data\wildfake\Images\Diffusion_based\DALLE\DALLE\Advanced\DALLE3\dalle3\202311011943129901ca391019566e\00d38429f2b27b0c1704ee2e62d7a990.jpg,1,ai,jpeg_q90,0.658677,1,1
data\wildfake\Images\Diffusion_based\DALLE\DALLE\Advanced\DALLE3\dalle3\202311011943129901ca391019566e\00d73c1e7e3b3890737927fc56ce6e63.jpg,1,ai,jpeg_q90,0.931400,1,1
data\wildfake\Images\Diffusion_based\DALLE\DALLE\Advanced\DALLE3\dalle3\202311011943129901ca391019566e\00fcdf259a2e197eea470d5df3473c65.jpg,1,ai,jpeg_q90,0.983351,1,1
data\wildfake\Images\Diffusion_based\DALLE\DALLE\Advanced\DALLE3\dalle3\202311011943129901ca391019566e\01007fafc81c71ac48435ee0c7d4f2e3.jpg,1,ai,jpeg_q90,0.980949,1,1
data\wildfake\Images\Diffusion_based\DALLE\DALLE\Advanced\DALLE3\dalle3\202311011943129901ca391019566e\010d7366d58b4b5c787bcad069c1730b.jpg,1,ai,jpeg_q90,0.994348,1,1
data\wildfake\Images\Diffusion_based\DALLE\DALLE\Advanced\DALLE3\dalle3\202311011943129901ca391019566e\012bdc65f98678a9d2f300d3828985c2.jpg,1,ai,jpeg_q90,0.817859,1,1
data\wildfake\Images\Diffusion_based\DALLE\DALLE\Advanced\DALLE3\dalle3\202311011943129901ca391019566e\01427a315cdbac9741097790f78aa0fe.jpg,1,ai,jpeg_q90,0.990945,1,1
data\wildfake\Images\Diffusion_based\DALLE\DALLE\Advanced\DALLE3\dalle3\202311011943129901ca391019566e\01686507673b71e4d1fae61f9f3f305b.jpg,1,ai,jpeg_q90,0.982466,1,1
data\wildfake\Images\Diffusion_based\DALLE\DALLE\Advanced\DALLE3\dalle3\202311011943129901ca391019566e\0199b3d7eac3efb5e6a57ec8044c6f87.jpg,1,ai,jpeg_q90,0.985235,1,1
data\wildfake\Images\Diffusion_based\DALLE\DALLE\Advanced\DALLE3\dalle3\202311011943129901ca391019566e\019e486743b8e231bc299da988d9e6c8.jpg,1,ai,jpeg_q90,0.769934,1,1
data\wildfake\Images\Diffusion_based\DALLE\DALLE\Advanced\DALLE3\dalle3\202311011943129901ca391019566e\01ba9ec6bf20f7713b2367189281182e.jpg,1,ai,jpeg_q90,0.982053,1,1
data\wildfake\Images\Diffusion_based\DALLE\DALLE\Advanced\DALLE3\dalle3\202311011943129901ca391019566e\021108a4d05cd0b11e99b0138260665a.jpg,1,ai,jpeg_q90,0.713002,1,1
data\wildfake\Images\Diffusion_based\DALLE\DALLE\Advanced\DALLE3\dalle3\202311011943129901ca391019566e\0256205126a50f7e83488b229ad926b8.jpg,1,ai,jpeg_q90,0.911498,1,1
data\wildfake\Images\Diffusion_based\DALLE\DALLE\Advanced\DALLE3\dalle3\202311011943129901ca391019566e\028f173ecc8a7a865659c2d0bfb76cc0.jpg,1,ai,jpeg_q90,0.906112,1,1
data\wildfake\Images\Diffusion_based\DALLE\DALLE\Advanced\DALLE3\dalle3\202311011943129901ca391019566e\02c359a2bd6af2a45834b8ea3c86f63d.jpg,1,ai,jpeg_q90,0.793553,1,1
data\wildfake\Images\Diffusion_based\DALLE\DALLE\Advanced\DALLE3\dalle3\202311011943129901ca391019566e\02c38b86651eb0b1d5b9f61262d508ee.jpg,1,ai,jpeg_q90,0.983604,1,1
data\wildfake\Images\Diffusion_based\DALLE\DALLE\Advanced\DALLE3\dalle3\202311011943129901ca391019566e\02e9dfc8287798fdac01d4461933d577.jpg,1,ai,jpeg_q90,0.818257,1,1
data\wildfake\Images\Diffusion_based\DALLE\DALLE\Advanced\DALLE3\dalle3\202311011943129901ca391019566e\0304eaaaac6b68aec926d8544f214c81.jpg,1,ai,jpeg_q90,0.994409,1,1
data\wildfake\Images\Diffusion_based\DALLE\DALLE\Advanced\DALLE3\dalle3\202311011943129901ca391019566e\03086a843653df9b1ab5e57e5ecc2eff.jpg,1,ai,jpeg_q90,0.974243,1,1
data\wildfake\Images\Diffusion_based\DALLE\DALLE\Advanced\DALLE3\dalle3\202311011943129901ca391019566e\031844ca3fc6976c3f7e27610993b1dc.jpg,1,ai,jpeg_q90,0.982633,1,1
data\wildfake\Images\Diffusion_based\DALLE\DALLE\Advanced\DALLE3\dalle3\202311011943129901ca391019566e\032adbac54f2e53fbefb58dfa5c05d73.jpg,1,ai,jpeg_q90,0.964878,1,1
data\wildfake\Images\Diffusion_based\DALLE\DALLE\Advanced\DALLE3\dalle3\202311011943129901ca391019566e\033447efc58758adfcae16ba3835f106.jpg,1,ai,jpeg_q90,0.994571,1,1
data\wildfake\Images\Diffusion_based\DALLE\DALLE\Advanced\DALLE3\dalle3\202311011943129901ca391019566e\03aa56112f102b4497c1067d89d3de75.jpg,1,ai,jpeg_q90,0.964650,1,1
data\wildfake\Images\Diffusion_based\DALLE\DALLE\Advanced\DALLE3\dalle3\202311011943129901ca391019566e\042346a5a0950c816b3eec5a543462c5.jpg,1,ai,jpeg_q90,0.589417,1,1
data\wildfake\Images\Diffusion_based\DALLE\DALLE\Advanced\DALLE3\dalle3\202311011943129901ca391019566e\044f4f988518587886dc78b7d1da2b45.jpg,1,ai,jpeg_q90,0.938546,1,1
data\wildfake\Images\Diffusion_based\DALLE\DALLE\Advanced\DALLE3\dalle3\202311011943129901ca391019566e\04b89f4920d9cd392bb6521250256fb3.jpg,1,ai,jpeg_q90,0.966006,1,1
data\wildfake\Images\Diffusion_based\DALLE\DALLE\Advanced\DALLE3\dalle3\202311011943129901ca391019566e\04c4079b8c37703b654ee05f2da9d71b.jpg,1,ai,jpeg_q90,0.825228,1,1
data\wildfake\Images\Diffusion_based\DALLE\DALLE\Advanced\DALLE3\dalle3\202311011943129901ca391019566e\04e5ba4cdc8740da933119ebe3b88668.jpg,1,ai,jpeg_q90,0.981578,1,1
data\wildfake\Images\Diffusion_based\DALLE\DALLE\Advanced\DALLE3\dalle3\202311011943129901ca391019566e\050b5d5acf449d4939e62fb5c3dbf3dd.jpg,1,ai,jpeg_q90,0.976204,1,1
data\wildfake\Images\Diffusion_based\DALLE\DALLE\Advanced\DALLE3\dalle3\202311011943129901ca391019566e\051b85c650f4595bb765a88f571557a1.jpg,1,ai,jpeg_q90,0.975084,1,1
data\wildfake\Images\Diffusion_based\DALLE\DALLE\Advanced\DALLE3\dalle3\202311011943129901ca391019566e\0584095ade8a9eba85efb3019908a95b.jpg,1,ai,jpeg_q90,0.998358,1,1
data\wildfake\Images\Diffusion_based\DALLE\DALLE\Advanced\DALLE3\dalle3\202311011943129901ca391019566e\05902e52fb144e8fed59ef1ee0869e97.jpg,1,ai,jpeg_q90,0.418496,0,0
data\wildfake\Images\Diffusion_based\DALLE\DALLE\Advanced\DALLE3\dalle3\202311011943129901ca391019566e\060f9dc482b69735c78fc3a6f62372e9.jpg,1,ai,jpeg_q90,0.982937,1,1
data\wildfake\Images\Diffusion_based\DALLE\DALLE\Advanced\DALLE3\dalle3\202311011943129901ca391019566e\061125bbe93758dfb0d061c40e1019f3.jpg,1,ai,jpeg_q90,0.950634,1,1
data\wildfake\Images\Diffusion_based\DALLE\DALLE\Advanced\DALLE3\dalle3\202311011943129901ca391019566e\064511de32ccec75414b9f2ce3ac8130.jpg,1,ai,jpeg_q90,0.579581,1,1
data\wildfake\Images\Diffusion_based\DALLE\DALLE\Advanced\DALLE3\dalle3\202311011943129901ca391019566e\0653efeb7b33b1f1be03442e653ab690.jpg,1,ai,jpeg_q90,0.976081,1,1
data\wildfake\Images\Diffusion_based\DALLE\DALLE\Advanced\DALLE3\dalle3\202311011943129901ca391019566e\068ebb34284b9566d51c19f2b750cb21.jpg,1,ai,jpeg_q90,0.998605,1,1
data\wildfake\Images\Diffusion_based\DALLE\DALLE\Advanced\DALLE3\dalle3\202311011943129901ca391019566e\0696de89cef0d21e693e051518b02177.jpg,1,ai,jpeg_q90,0.972792,1,1
data\wildfake\Images\Diffusion_based\DALLE\DALLE\Advanced\DALLE3\dalle3\202311011943129901ca391019566e\06cbd80cf7e04cdfab33cbcc40ed1377.jpg,1,ai,jpeg_q90,0.998541,1,1
data\wildfake\Images\Diffusion_based\DALLE\DALLE\Advanced\DALLE3\dalle3\202311011943129901ca391019566e\06d60b93f6e61c7edcfc5e5753de2a3e.jpg,1,ai,jpeg_q90,0.730841,1,1
data\wildfake\Images\Diffusion_based\DALLE\DALLE\Advanced\DALLE3\dalle3\202311011943129901ca391019566e\0702e0e4309a483b277814a969ac6a3a.jpg,1,ai,jpeg_q90,0.993382,1,1
data\wildfake\Images\Diffusion_based\DALLE\DALLE\Advanced\DALLE3\dalle3\202311011943129901ca391019566e\071b9c87447db8868446f4ede8bd50cf.jpg,1,ai,jpeg_q90,0.948112,1,1
data\wildfake\Images\Diffusion_based\DALLE\DALLE\Advanced\DALLE3\dalle3\202311011943129901ca391019566e\0731f1aeb97a13e2272831b6496b55e2.jpg,1,ai,jpeg_q90,0.943962,1,1
data\wildfake\Images\Diffusion_based\DALLE\DALLE\Advanced\DALLE3\dalle3\202311011943129901ca391019566e\07515ebe1e48416ea62cb69f81a48d06.jpg,1,ai,jpeg_q90,0.943120,1,1
data\wildfake\Images\Diffusion_based\DALLE\DALLE\Advanced\DALLE3\dalle3\202311011943129901ca391019566e\0757a86e2794defa73a1c558e8d5471d.jpg,1,ai,jpeg_q90,0.357192,0,0
data\wildfake\Images\Diffusion_based\DALLE\DALLE\Advanced\DALLE3\dalle3\202311011943129901ca391019566e\078fa68f13b823a7bac90900fcba4c94.jpg,1,ai,jpeg_q90,0.917376,1,1
data\wildfake\Images\Diffusion_based\DALLE\DALLE\Advanced\DALLE3\dalle3\202311011943129901ca391019566e\07d775061577e8d728d9cbe9dbeb920a.jpg,1,ai,jpeg_q90,0.955960,1,1
data\wildfake\Images\Diffusion_based\DALLE\DALLE\Advanced\DALLE3\dalle3\202311011943129901ca391019566e\07fef4a916b296b4876f0f705369bc69.jpg,1,ai,jpeg_q90,0.811395,1,1
data\wildfake\Images\Diffusion_based\DALLE\DALLE\Advanced\DALLE3\dalle3\202311011943129901ca391019566e\082d967db15c1ccaf025f164ba0cecb7.jpg,1,ai,jpeg_q90,0.537423,1,1
data\wildfake\Images\Diffusion_based\DALLE\DALLE\Advanced\DALLE3\dalle3\202311011943129901ca391019566e\08397ae59441c23d1ac6b14c3206deb7.jpg,1,ai,jpeg_q90,0.984309,1,1
data\wildfake\Images\Diffusion_based\DALLE\DALLE\Advanced\DALLE3\dalle3\202311011943129901ca391019566e\088b4fdab675191339cda5cc70195351.jpg,1,ai,jpeg_q90,0.988181,1,1
data\wildfake\Images\Diffusion_based\DALLE\DALLE\Advanced\DALLE3\dalle3\202311011943129901ca391019566e\088e48ca8fcd3dc5a9bd8aa4f18e8368.jpg,1,ai,jpeg_q90,0.920697,1,1
data\wildfake\Images\Diffusion_based\DALLE\DALLE\Advanced\DALLE3\dalle3\202311011943129901ca391019566e\088f2c7a5dbe1984ccb023909d84376f.jpg,1,ai,jpeg_q90,0.831003,1,1
data\wildfake\Images\Diffusion_based\DALLE\DALLE\Advanced\DALLE3\dalle3\202311011943129901ca391019566e\08b5a7dda5f65109b0ccfa924a6e4476.jpg,1,ai,jpeg_q90,0.897157,1,1
data\wildfake\Images\Diffusion_based\DALLE\DALLE\Advanced\DALLE3\dalle3\202311011943129901ca391019566e\08cf20e142fff3fc52989698dcbec99b.jpg,1,ai,jpeg_q90,0.895715,1,1
data\wildfake\Images\Diffusion_based\DALLE\DALLE\Advanced\DALLE3\dalle3\202311011943129901ca391019566e\08da6052def863b1d84a1a89f7263739.jpg,1,ai,jpeg_q90,0.941664,1,1
data\wildfake\Images\Diffusion_based\DALLE\DALLE\Advanced\DALLE3\dalle3\202311011943129901ca391019566e\094c3f268ee5e69cfede62949fe801ae.jpg,1,ai,jpeg_q90,0.456357,0,0
data\wildfake\Images\Diffusion_based\DALLE\DALLE\Advanced\DALLE3\dalle3\202311011943129901ca391019566e\097945ac4b47c969ee0e72d2cb171308.jpg,1,ai,jpeg_q90,0.887655,1,1
data\wildfake\Images\Diffusion_based\DALLE\DALLE\Advanced\DALLE3\dalle3\202311011943129901ca391019566e\09a9492408f8f5066e5d3a6649256fb5.jpg,1,ai,jpeg_q90,0.851784,1,1
data\wildfake\Images\Diffusion_based\DALLE\DALLE\Advanced\DALLE3\dalle3\202311011943129901ca391019566e\0a05587af89f620c312758a4801b65cb.jpg,1,ai,jpeg_q90,0.993442,1,1
data\wildfake\Images\Diffusion_based\DALLE\DALLE\Advanced\DALLE3\dalle3\202311011943129901ca391019566e\0a402dc3fd6e86f21edc1c601cc76116.jpg,1,ai,jpeg_q90,0.993036,1,1
data\wildfake\Images\Diffusion_based\DALLE\DALLE\Advanced\DALLE3\dalle3\202311011943129901ca391019566e\0a5113aad57872829fb2744eaafdb374.jpg,1,ai,jpeg_q90,0.992729,1,1
data\wildfake\Images\Diffusion_based\DALLE\DALLE\Advanced\DALLE3\dalle3\202311011943129901ca391019566e\0aa3600fbc56232d6049f3d2c8004fc1.jpg,1,ai,jpeg_q90,0.967086,1,1
data\wildfake\Images\Diffusion_based\DALLE\DALLE\Advanced\DALLE3\dalle3\202311011943129901ca391019566e\0ab73f879d374402b2d67aaa08f10513.jpg,1,ai,jpeg_q90,0.685664,1,1
data\wildfake\Images\Diffusion_based\DALLE\DALLE\Advanced\DALLE3\dalle3\202311011943129901ca391019566e\0ac140106a13d7ddf206ed08393d91bb.jpg,1,ai,jpeg_q90,0.998186,1,1
data\wildfake\Images\Diffusion_based\DALLE\DALLE\Advanced\DALLE3\dalle3\202311011943129901ca391019566e\0ac596d803c82e9a21b77302a6a852c5.jpg,1,ai,jpeg_q90,0.989075,1,1
data\wildfake\Images\Diffusion_based\DALLE\DALLE\Advanced\DALLE3\dalle3\202311011943129901ca391019566e\0b135d57ccb2988a30a16904c4043956.jpg,1,ai,jpeg_q90,0.996706,1,1
data\wildfake\Images\Diffusion_based\DALLE\DALLE\Advanced\DALLE3\dalle3\202311011943129901ca391019566e\0b1d38baa6d1de13437546cc6e71fa33.jpg,1,ai,jpeg_q90,0.997297,1,1
data\wildfake\Images\Diffusion_based\DALLE\DALLE\Advanced\DALLE3\dalle3\202311011943129901ca391019566e\0b23724c883f100d5120b3aa5757f655.jpg,1,ai,jpeg_q90,0.998587,1,1
data\wildfake\Images\Diffusion_based\DALLE\DALLE\Advanced\DALLE3\dalle3\202311011943129901ca391019566e\0b2fcafeee696cbc14052db445f1d945.jpg,1,ai,jpeg_q90,0.997211,1,1
data\wildfake\Images\Diffusion_based\DALLE\DALLE\Advanced\DALLE3\dalle3\202311011943129901ca391019566e\0b6920007b8384d9a19ed8725e76732d.jpg,1,ai,jpeg_q90,0.999759,1,1
data\wildfake\Images\Diffusion_based\DALLE\DALLE\Advanced\DALLE3\dalle3\202311011943129901ca391019566e\0b9208fc69177a95f464877482e88a53.jpg,1,ai,jpeg_q90,0.831657,1,1
data\wildfake\Images\Diffusion_based\DALLE\DALLE\Advanced\DALLE3\dalle3\202311011943129901ca391019566e\0baacfcf304fe56cfd30beda11ea92f0.jpg,1,ai,jpeg_q90,0.934101,1,1
data\wildfake\Images\Diffusion_based\DALLE\DALLE\Advanced\DALLE3\dalle3\202311011943129901ca391019566e\0bbfbc01e5a719cdf1434dc1c66814d6.jpg,1,ai,jpeg_q90,0.991560,1,1
data\wildfake\Images\Diffusion_based\DALLE\DALLE\Advanced\DALLE3\dalle3\202311011943129901ca391019566e\0bc561ef655dff95ce7cb2480f0c4e72.jpg,1,ai,jpeg_q90,0.989080,1,1
data\wildfake\Images\Diffusion_based\DALLE\DALLE\Advanced\DALLE3\dalle3\202311011943129901ca391019566e\0bcb44a87f264f1c5a44030b6e1ce3ea.jpg,1,ai,jpeg_q90,0.995860,1,1
data\wildfake\Images\Diffusion_based\DALLE\DALLE\Advanced\DALLE3\dalle3\202311011943129901ca391019566e\0bcb9a27d494633927481e17c4b730fe.jpg,1,ai,jpeg_q90,0.976795,1,1
data\wildfake\Images\Diffusion_based\DALLE\DALLE\Advanced\DALLE3\dalle3\202311011943129901ca391019566e\0bd33e632fc315abd71b7a4cee297ca3.jpg,1,ai,jpeg_q90,0.998701,1,1
data\wildfake\Images\Diffusion_based\DALLE\DALLE\Advanced\DALLE3\dalle3\202311011943129901ca391019566e\0bfe972ca54581889aadedd0ae9db0fc.jpg,1,ai,jpeg_q90,0.870387,1,1
data\wildfake\Images\Diffusion_based\DALLE\DALLE\Advanced\DALLE3\dalle3\202311011943129901ca391019566e\0c0d6af60cc878079026bcce6ece1ecc.jpg,1,ai,jpeg_q90,0.891767,1,1
data\wildfake\Images\Diffusion_based\DALLE\DALLE\Advanced\DALLE3\dalle3\202311011943129901ca391019566e\0c1c38b0b60fa0523ee120ae7999ebfc.jpg,1,ai,jpeg_q90,0.905580,1,1
data\wildfake\Images\Diffusion_based\DALLE\DALLE\Advanced\DALLE3\dalle3\202311011943129901ca391019566e\0c2be68ec32cbf73376c07d399694ad7.jpg,1,ai,jpeg_q90,0.806544,1,1
data\wildfake\Images\Diffusion_based\DALLE\DALLE\Advanced\DALLE3\dalle3\202311011943129901ca391019566e\0c34d8f37ba9b3247b7cbe0eeb75988e.jpg,1,ai,jpeg_q90,0.964358,1,1
data\wildfake\Images\Diffusion_based\DALLE\DALLE\Advanced\DALLE3\dalle3\202311011943129901ca391019566e\0c4f7c121b1cd5b43a0e492bd97e9722.jpg,1,ai,jpeg_q90,0.952896,1,1
data\wildfake\Images\Diffusion_based\DALLE\DALLE\Advanced\DALLE3\dalle3\202311011943129901ca391019566e\0c50155477a7db3fe738216d0dc1d7ff.jpg,1,ai,jpeg_q90,0.977354,1,1
data\wildfake\Images\Diffusion_based\DALLE\DALLE\Advanced\DALLE3\dalle3\202311011943129901ca391019566e\0c8c6ab4d3c50381124f85479244a494.jpg,1,ai,jpeg_q90,0.919491,1,1
data\wildfake\Images\Diffusion_based\DALLE\DALLE\Advanced\DALLE3\dalle3\202311011943129901ca391019566e\0ca2b90db097552a408c8019211ba011.jpg,1,ai,jpeg_q90,0.998530,1,1
data\wildfake\Images\Diffusion_based\DALLE\DALLE\Advanced\DALLE3\dalle3\202311011943129901ca391019566e\0d1d3e1538f22ddc00a5202ed6216ef8.jpg,1,ai,jpeg_q90,0.424128,0,0
data\wildfake\Images\Diffusion_based\DALLE\DALLE\Advanced\DALLE3\dalle3\202311011943129901ca391019566e\0d37afa583f90871220d432098653482.jpg,1,ai,jpeg_q90,0.698087,1,1
data\wildfake\Images\Diffusion_based\DALLE\DALLE\Advanced\DALLE3\dalle3\202311011943129901ca391019566e\0dbba8f650bc53997792f9ec69e5d6c4.jpg,1,ai,jpeg_q90,0.889347,1,1
data\wildfake\Images\Diffusion_based\DALLE\DALLE\Advanced\DALLE3\dalle3\202311011943129901ca391019566e\0e004f3f1530a6171422027dbdba71d8.jpg,1,ai,jpeg_q90,0.973096,1,1
data\wildfake\Images\Diffusion_based\DALLE\DALLE\Advanced\DALLE3\dalle3\202311011943129901ca391019566e\0e058ef2dacd5b15e5a0d94afb8af447.jpg,1,ai,jpeg_q90,0.992539,1,1
data\wildfake\Images\Diffusion_based\DALLE\DALLE\Advanced\DALLE3\dalle3\202311011943129901ca391019566e\0e7e5022abee806028af770147d217a6.jpg,1,ai,jpeg_q90,0.569238,1,1
data\wildfake\Images\Diffusion_based\DALLE\DALLE\Advanced\DALLE3\dalle3\202311011943129901ca391019566e\0e902a5f074d876f7bec6690fff2c12a.jpg,1,ai,jpeg_q90,0.963959,1,1
data\wildfake\Images\Diffusion_based\DALLE\DALLE\Advanced\DALLE3\dalle3\202311011943129901ca391019566e\0ea049fe2b6900ad1796d7e41050556e.jpg,1,ai,jpeg_q90,0.787640,1,1
data\wildfake\Images\Diffusion_based\DALLE\DALLE\Advanced\DALLE3\dalle3\202311011943129901ca391019566e\0ec917788370e6016cb653f0258b02f8.jpg,1,ai,jpeg_q90,0.981757,1,1
data\wildfake\Images\Diffusion_based\DALLE\DALLE\Advanced\DALLE3\dalle3\202311011943129901ca391019566e\0ee577d7124e0ba0278e7eaa2fb37aba.jpg,1,ai,jpeg_q90,0.720731,1,1
data\wildfake\Images\Diffusion_based\DALLE\DALLE\Advanced\DALLE3\dalle3\202311011943129901ca391019566e\0eeda20de85490b88b3e31943d287f64.jpg,1,ai,jpeg_q90,0.917363,1,1
data\wildfake\Images\Diffusion_based\DALLE\DALLE\Advanced\DALLE3\dalle3\202311011943129901ca391019566e\0f2aaea9bec9c763792ba9457e5e7523.jpg,1,ai,jpeg_q90,0.995936,1,1
data\wildfake\Images\Diffusion_based\DALLE\DALLE\Advanced\DALLE3\dalle3\202311011943129901ca391019566e\0f6e5f532c05eef701e282b5862e7b81.jpg,1,ai,jpeg_q90,0.989477,1,1
data\wildfake\Images\Diffusion_based\DALLE\DALLE\Advanced\DALLE3\dalle3\202311011943129901ca391019566e\0f7a97efc54df412123f89b8f43cf6cd.jpg,1,ai,jpeg_q90,0.927678,1,1
data\wildfake\Images\Diffusion_based\DALLE\DALLE\Advanced\DALLE3\dalle3\202311011943129901ca391019566e\0f828871c22d5aee351c018ace3ff443.jpg,1,ai,jpeg_q90,0.997282,1,1
data\wildfake\Images\Diffusion_based\DALLE\DALLE\Advanced\DALLE3\dalle3\202311011943129901ca391019566e\0f83380997c61d1503a21dc11db9a321.jpg,1,ai,jpeg_q90,0.653328,1,1
data\wildfake\Images\Diffusion_based\DALLE\DALLE\Advanced\DALLE3\dalle3\202311011943129901ca391019566e\0fa1d2a2370c6aa0219da9593c389f89.jpg,1,ai,jpeg_q90,0.836797,1,1
data\wildfake\Images\Diffusion_based\DALLE\DALLE\Advanced\DALLE3\dalle3\202311011943129901ca391019566e\0fa38d8654540e2e7521d1480fa2aaf2.jpg,1,ai,jpeg_q90,0.903364,1,1
data\wildfake\Images\Diffusion_based\DALLE\DALLE\Advanced\DALLE3\dalle3\202311011943129901ca391019566e\0fba2ef3d0bd4498ffebb363134e5735.jpg,1,ai,jpeg_q90,0.997405,1,1
data\wildfake\Images\Diffusion_based\DALLE\DALLE\Advanced\DALLE3\dalle3\202311011943129901ca391019566e\0fbee5be4285b267d8a846210622c0c2.jpg,1,ai,jpeg_q90,0.995474,1,1
data\wildfake\Images\Diffusion_based\DALLE\DALLE\Advanced\DALLE3\dalle3\202311011943129901ca391019566e\0fcc3c1b80d1edc98ab788006c4ffd11.jpg,1,ai,jpeg_q90,0.881375,1,1
data\wildfake\Images\Diffusion_based\DALLE\DALLE\Advanced\DALLE3\dalle3\202311011943129901ca391019566e\0fdf0b7a8f6d5665b4b9aac57fcc3508.jpg,1,ai,jpeg_q90,0.966306,1,1
data\wildfake\Images\Diffusion_based\DALLE\DALLE\Advanced\DALLE3\dalle3\202311011943129901ca391019566e\0fe6a99337a3a064cfd7098c6fdb779d.jpg,1,ai,jpeg_q90,0.949018,1,1
data\wildfake\Images\Diffusion_based\DALLE\DALLE\Advanced\DALLE3\dalle3\202311011943129901ca391019566e\0fec4331252d31b9656a36471008fcb6.jpg,1,ai,jpeg_q90,0.754555,1,1
data\wildfake\Images\Diffusion_based\DALLE\DALLE\Advanced\DALLE3\dalle3\202311011943129901ca391019566e\100221e516d4ff591861c174f9787d5b.jpg,1,ai,jpeg_q90,0.960046,1,1
data\wildfake\Images\Diffusion_based\DALLE\DALLE\Advanced\DALLE3\dalle3\202311011943129901ca391019566e\10a4632b25b8359db64edf3fb65a3831.jpg,1,ai,jpeg_q90,0.960497,1,1
data\wildfake\Images\Diffusion_based\DALLE\DALLE\Advanced\DALLE3\dalle3\202311011943129901ca391019566e\10b30af29c21b51dfe40704afe13743f.jpg,1,ai,jpeg_q90,0.994810,1,1
data\wildfake\Images\Diffusion_based\DALLE\DALLE\Advanced\DALLE3\dalle3\202311011943129901ca391019566e\10b75f96e27cf72a7db8ec1d16dcf0ba.jpg,1,ai,jpeg_q90,0.967000,1,1
data\wildfake\Images\Diffusion_based\DALLE\DALLE\Advanced\DALLE3\dalle3\202311011943129901ca391019566e\111eaa61713e75b690a716cd264cbe91.jpg,1,ai,jpeg_q90,0.843907,1,1
data\wildfake\Images\Diffusion_based\DALLE\DALLE\Advanced\DALLE3\dalle3\202311011943129901ca391019566e\113efca49b4dfadb29c4fd8f7fc531a9.jpg,1,ai,jpeg_q90,0.980502,1,1
data\wildfake\Images\Diffusion_based\DALLE\DALLE\Advanced\DALLE3\dalle3\202311011943129901ca391019566e\114de573889b1390cd4412fd2a813af5.jpg,1,ai,jpeg_q90,0.970257,1,1
data\wildfake\Images\Diffusion_based\DALLE\DALLE\Advanced\DALLE3\dalle3\202311011943129901ca391019566e\11999532bbb9818d7a8703db08eaa15f.jpg,1,ai,jpeg_q90,0.999658,1,1
data\wildfake\Images\Diffusion_based\DALLE\DALLE\Advanced\DALLE3\dalle3\202311011943129901ca391019566e\11a41e9baee00823583b98ec8af3b58c.jpg,1,ai,jpeg_q90,0.990904,1,1
data\wildfake\Images\Diffusion_based\DALLE\DALLE\Advanced\DALLE3\dalle3\202311011943129901ca391019566e\11e08bded1546d11b1190a0f1bd16d8a.jpg,1,ai,jpeg_q90,0.599984,1,1
data\wildfake\Images\Diffusion_based\DALLE\DALLE\Advanced\DALLE3\dalle3\202311011943129901ca391019566e\11fce2fd04967c0be72d6115c34e0244.jpg,1,ai,jpeg_q90,0.947896,1,1
data\wildfake\Images\Diffusion_based\DALLE\DALLE\Advanced\DALLE3\dalle3\202311011943129901ca391019566e\12199fc91d9b85047a0ea8b162a31ee7.jpg,1,ai,jpeg_q90,0.972907,1,1
data\wildfake\Images\Diffusion_based\DALLE\DALLE\Advanced\DALLE3\dalle3\202311011943129901ca391019566e\124585f0c7fc25a26a803023a694b229.jpg,1,ai,jpeg_q90,0.994718,1,1
data\wildfake\Images\Diffusion_based\DALLE\DALLE\Advanced\DALLE3\dalle3\202311011943129901ca391019566e\125a024f1f3ffbe093634bde85fa4fb4.jpg,1,ai,jpeg_q90,0.717290,1,1
data\wildfake\Images\Diffusion_based\DALLE\DALLE\Advanced\DALLE3\dalle3\202311011943129901ca391019566e\12668e1cffb82a97f3f06c0a84022c50.jpg,1,ai,jpeg_q90,0.998963,1,1
data\wildfake\Images\Diffusion_based\DALLE\DALLE\Advanced\DALLE3\dalle3\202311011943129901ca391019566e\129c9496f9fb40acffb64cbdafcdb889.jpg,1,ai,jpeg_q90,0.980862,1,1
data\wildfake\Images\Diffusion_based\DALLE\DALLE\Advanced\DALLE3\dalle3\202311011943129901ca391019566e\12f610d278da15eb3bd71fc134d2935c.jpg,1,ai,jpeg_q90,0.993610,1,1
data\wildfake\Images\Diffusion_based\DALLE\DALLE\Advanced\DALLE3\dalle3\202311011943129901ca391019566e\12f9f3e406c691cc5a748418a4819064.jpg,1,ai,jpeg_q90,0.992001,1,1
data\wildfake\Images\Diffusion_based\DALLE\DALLE\Advanced\DALLE3\dalle3\202311011943129901ca391019566e\134320da972b9965797f4911a35bcbb3.jpg,1,ai,jpeg_q90,0.988394,1,1
data\wildfake\Images\Diffusion_based\DALLE\DALLE\Advanced\DALLE3\dalle3\202311011943129901ca391019566e\1352abf7be43936f60f0aeb07d05b005.jpg,1,ai,jpeg_q90,0.978919,1,1
data\wildfake\Images\Diffusion_based\DALLE\DALLE\Advanced\DALLE3\dalle3\202311011943129901ca391019566e\135e3922663688f09953df4d67ff60d2.jpg,1,ai,jpeg_q90,0.963051,1,1
data\wildfake\Images\Diffusion_based\DALLE\DALLE\Advanced\DALLE3\dalle3\202311011943129901ca391019566e\138b74b95547c532e5b16c03bd936af0.jpg,1,ai,jpeg_q90,0.999839,1,1
data\wildfake\Images\Diffusion_based\DALLE\DALLE\Advanced\DALLE3\dalle3\202311011943129901ca391019566e\13fddd6cde4747405fcd15b83e3accd0.jpg,1,ai,jpeg_q90,0.464920,0,0
data\wildfake\Images\Diffusion_based\DALLE\DALLE\Advanced\DALLE3\dalle3\202311011943129901ca391019566e\143ed506925e7b32854daaba82a0cfc3.jpg,1,ai,jpeg_q90,0.985385,1,1
data\wildfake\Images\Diffusion_based\DALLE\DALLE\Advanced\DALLE3\dalle3\202311011943129901ca391019566e\14424c51c39e7367416871e162616f3f.jpg,1,ai,jpeg_q90,0.993732,1,1
data\wildfake\Images\Diffusion_based\DALLE\DALLE\Advanced\DALLE3\dalle3\202311011943129901ca391019566e\144b069908c5d833af3e1b448eeaf8e3.jpg,1,ai,jpeg_q90,0.990865,1,1
data\wildfake\Images\Diffusion_based\DALLE\DALLE\Advanced\DALLE3\dalle3\202311011943129901ca391019566e\145a49671427d119887821421de98970.jpg,1,ai,jpeg_q90,0.867166,1,1
data\wildfake\Images\Diffusion_based\DALLE\DALLE\Advanced\DALLE3\dalle3\202311011943129901ca391019566e\145c831f29f8bb4548d974d6f6bd67ec.jpg,1,ai,jpeg_q90,0.982962,1,1
data\wildfake\Images\Diffusion_based\DALLE\DALLE\Advanced\DALLE3\dalle3\202311011943129901ca391019566e\1465e000d91f2128157d4805279530a1.jpg,1,ai,jpeg_q90,0.889532,1,1
data\wildfake\Images\Diffusion_based\DALLE\DALLE\Advanced\DALLE3\dalle3\202311011943129901ca391019566e\146e40b2bfe919469fe34398818b2eaf.jpg,1,ai,jpeg_q90,0.993763,1,1
data\wildfake\Images\Diffusion_based\DALLE\DALLE\Advanced\DALLE3\dalle3\202311011943129901ca391019566e\149de138ef77950b20fdfff261c6f0d3.jpg,1,ai,jpeg_q90,0.805382,1,1
data\wildfake\Images\Diffusion_based\DALLE\DALLE\Advanced\DALLE3\dalle3\202311011943129901ca391019566e\14bfa56cfa34f18e266657328306c4c3.jpg,1,ai,jpeg_q90,0.997921,1,1
data\wildfake\Images\Diffusion_based\DALLE\DALLE\Advanced\DALLE3\dalle3\202311011943129901ca391019566e\14c7e46722a5c8b5cf956387ad8cb928.jpg,1,ai,jpeg_q90,0.734707,1,1
data\wildfake\Images\Diffusion_based\DALLE\DALLE\Advanced\DALLE3\dalle3\202311011943129901ca391019566e\14eecf455f810645a93b47ae54718217.jpg,1,ai,jpeg_q90,0.997336,1,1
data\wildfake\Images\Diffusion_based\DALLE\DALLE\Advanced\DALLE3\dalle3\202311011943129901ca391019566e\150d00c6714464229268a4e5a00cb091.jpg,1,ai,jpeg_q90,0.985509,1,1
data\wildfake\Images\Diffusion_based\DALLE\DALLE\Advanced\DALLE3\dalle3\202311011943129901ca391019566e\1562c833ea47ced770924ee187444034.jpg,1,ai,jpeg_q90,0.510228,1,1
data\wildfake\Images\Diffusion_based\DALLE\DALLE\Advanced\DALLE3\dalle3\202311011943129901ca391019566e\15673c5eaafff8b18498d73f48112e35.jpg,1,ai,jpeg_q90,0.997979,1,1
data\wildfake\Images\Diffusion_based\DALLE\DALLE\Advanced\DALLE3\dalle3\202311011943129901ca391019566e\157066375504df33728399cfc83fc298.jpg,1,ai,jpeg_q90,0.833270,1,1
data\wildfake\Images\Diffusion_based\DALLE\DALLE\Advanced\DALLE3\dalle3\202311011943129901ca391019566e\158191e5ae2eee816f605c475ae1605b.jpg,1,ai,jpeg_q90,0.992423,1,1
data\wildfake\Images\Diffusion_based\DALLE\DALLE\Advanced\DALLE3\dalle3\202311011943129901ca391019566e\158d85a64ca66f1c1ff0d14027e33b54.jpg,1,ai,jpeg_q90,0.962282,1,1
data\wildfake\Images\Diffusion_based\DALLE\DALLE\Advanced\DALLE3\dalle3\202311011943129901ca391019566e\15ceb3020f0ec8775788b1dbed61ce2b.jpg,1,ai,jpeg_q90,0.995782,1,1
data\wildfake\Images\Diffusion_based\DALLE\DALLE\Advanced\DALLE3\dalle3\202311011943129901ca391019566e\15dae765b38b8a0804ab91b1a7d5308a.jpg,1,ai,jpeg_q90,0.494568,0,0
data\wildfake\Images\Diffusion_based\DALLE\DALLE\Advanced\DALLE3\dalle3\202311011943129901ca391019566e\15e9e309697a9b5abd17effe1e7a0cfd.jpg,1,ai,jpeg_q90,0.773961,1,1
data\wildfake\Images\Diffusion_based\DALLE\DALLE\Advanced\DALLE3\dalle3\202311011943129901ca391019566e\160dbee2eb3f281ca7993885872dda44.jpg,1,ai,jpeg_q90,0.978608,1,1
data\wildfake\Images\Diffusion_based\DALLE\DALLE\Advanced\DALLE3\dalle3\202311011943129901ca391019566e\1620ae43681077db5f43ff30ca4863b9.jpg,1,ai,jpeg_q90,0.989075,1,1
data\wildfake\Images\Diffusion_based\DALLE\DALLE\Advanced\DALLE3\dalle3\202311011943129901ca391019566e\163793038151368b50a4fb0e7c6e3d29.jpg,1,ai,jpeg_q90,0.828714,1,1
data\wildfake\Images\Diffusion_based\DALLE\DALLE\Advanced\DALLE3\dalle3\202311011943129901ca391019566e\1645a93cc6285586ac2bab5006867a75.jpg,1,ai,jpeg_q90,0.968777,1,1
data\wildfake\Images\Diffusion_based\DALLE\DALLE\Advanced\DALLE3\dalle3\202311011943129901ca391019566e\16562af0480008ef2a9718369f47ab54.jpg,1,ai,jpeg_q90,0.997136,1,1
data\wildfake\Images\Diffusion_based\DALLE\DALLE\Advanced\DALLE3\dalle3\202311011943129901ca391019566e\165cb2107bdf2ac6e061909655382eb5.jpg,1,ai,jpeg_q90,0.978918,1,1
data\wildfake\Images\Diffusion_based\DALLE\DALLE\Advanced\DALLE3\dalle3\202311011943129901ca391019566e\166efc8a9b28dd09bf5321a6c4cf5d8a.jpg,1,ai,jpeg_q90,0.765357,1,1
data\wildfake\Images\Diffusion_based\DALLE\DALLE\Advanced\DALLE3\dalle3\202311011943129901ca391019566e\170709830122acd1a91b177a54f8d163.jpg,1,ai,jpeg_q90,0.956645,1,1
data\wildfake\Images\Diffusion_based\DALLE\DALLE\Advanced\DALLE3\dalle3\202311011943129901ca391019566e\17451bcbdf00df3209d5ce1ff95e6369.jpg,1,ai,jpeg_q90,0.992926,1,1
data\wildfake\Images\Diffusion_based\DALLE\DALLE\Advanced\DALLE3\dalle3\202311011943129901ca391019566e\17633ed5a54b17ba87ebc6b49d4ab116.jpg,1,ai,jpeg_q90,0.985364,1,1
data\wildfake\Images\Diffusion_based\DALLE\DALLE\Advanced\DALLE3\dalle3\202311011943129901ca391019566e\1768a24885692ea4bdb21b57183594fc.jpg,1,ai,jpeg_q90,0.906943,1,1
data\wildfake\Images\Diffusion_based\DALLE\DALLE\Advanced\DALLE3\dalle3\202311011943129901ca391019566e\1773bbe9e6e714e61b65a44de692ce6a.jpg,1,ai,jpeg_q90,0.944417,1,1
data\wildfake\Images\Diffusion_based\DALLE\DALLE\Advanced\DALLE3\dalle3\202311011943129901ca391019566e\1789b66cfae0c3e92b39da83695acddd.jpg,1,ai,jpeg_q90,0.989237,1,1
data\wildfake\Images\Diffusion_based\DALLE\DALLE\Advanced\DALLE3\dalle3\202311011943129901ca391019566e\17a16edd797318e2ed94bb0519b9439c.jpg,1,ai,jpeg_q90,0.969952,1,1
data\wildfake\Images\Diffusion_based\DALLE\DALLE\Advanced\DALLE3\dalle3\202311011943129901ca391019566e\17b14fdfe6818265b8d68545b8867301.jpg,1,ai,jpeg_q90,0.897568,1,1
data\wildfake\Images\Diffusion_based\DALLE\DALLE\Advanced\DALLE3\dalle3\202311011943129901ca391019566e\17d3c25db1e85811c32d9077a57f6eb2.jpg,1,ai,jpeg_q90,0.791388,1,1
data\wildfake\Images\Diffusion_based\DALLE\DALLE\Advanced\DALLE3\dalle3\202311011943129901ca391019566e\17fd288a4732aa031001c881513470cb.jpg,1,ai,jpeg_q90,0.998626,1,1
data\wildfake\Images\Diffusion_based\DALLE\DALLE\Advanced\DALLE3\dalle3\202311011943129901ca391019566e\1843377b601721accded9c3030178165.jpg,1,ai,jpeg_q90,0.988643,1,1
data\wildfake\Images\Diffusion_based\DALLE\DALLE\Advanced\DALLE3\dalle3\202311011943129901ca391019566e\186d5d8372701b8e0a8d006e268e9930.jpg,1,ai,jpeg_q90,0.998697,1,1
data\wildfake\Images\Diffusion_based\DALLE\DALLE\Advanced\DALLE3\dalle3\202311011943129901ca391019566e\18f4cc72459f730f8b7a3470b89b9434.jpg,1,ai,jpeg_q90,0.972894,1,1
data\wildfake\Images\Diffusion_based\DALLE\DALLE\Advanced\DALLE3\dalle3\202311011943129901ca391019566e\19005e511148e095ed978622ff646cf5.jpg,1,ai,jpeg_q90,0.689230,1,1
data\wildfake\Images\Diffusion_based\DALLE\DALLE\Advanced\DALLE3\dalle3\202311011943129901ca391019566e\192fe83831eb438961e0bf35700ff7e4.jpg,1,ai,jpeg_q90,0.858162,1,1
data\wildfake\Images\Diffusion_based\DALLE\DALLE\Advanced\DALLE3\dalle3\202311011943129901ca391019566e\193f49a3fcb7bc6a6d959dd2191fc94a.jpg,1,ai,jpeg_q90,0.833203,1,1
data\wildfake\Images\Diffusion_based\DALLE\DALLE\Advanced\DALLE3\dalle3\202311011943129901ca391019566e\194b53f14214b8b3f77f57028df17ea7.jpg,1,ai,jpeg_q90,0.994860,1,1
data\wildfake\Images\Diffusion_based\DALLE\DALLE\Advanced\DALLE3\dalle3\202311011943129901ca391019566e\19780b1dbfaf4e9adc70395200ee7bd6.jpg,1,ai,jpeg_q90,0.970555,1,1
data\wildfake\Images\Diffusion_based\DALLE\DALLE\Advanced\DALLE3\dalle3\202311011943129901ca391019566e\19b2fe020996ae4ecf90642d00c7a4dc.jpg,1,ai,jpeg_q90,0.998284,1,1
data\wildfake\Images\Diffusion_based\DALLE\DALLE\Advanced\DALLE3\dalle3\202311011943129901ca391019566e\19e6b577fefa1ae1a478e0a0d1c4dbbe.jpg,1,ai,jpeg_q90,0.987851,1,1
data\wildfake\Images\Diffusion_based\DALLE\DALLE\Advanced\DALLE3\dalle3\202311011943129901ca391019566e\19eb1c46e83c41a5932abeea1a0546a5.jpg,1,ai,jpeg_q90,0.972396,1,1
data\wildfake\Images\Diffusion_based\DALLE\DALLE\Advanced\DALLE3\dalle3\202311011943129901ca391019566e\19fa205d91cbebb195345d174e182b80.jpg,1,ai,jpeg_q90,0.976447,1,1
data\wildfake\Images\Diffusion_based\DALLE\DALLE\Advanced\DALLE3\dalle3\202311011943129901ca391019566e\1a3b024b0e39e41137b6ef08d26bd3ea.jpg,1,ai,jpeg_q90,0.997299,1,1
data\wildfake\Images\Diffusion_based\DALLE\DALLE\Advanced\DALLE3\dalle3\202311011943129901ca391019566e\1a5022515a79050e910902109eda6f5e.jpg,1,ai,jpeg_q90,0.768691,1,1
data\wildfake\Images\Diffusion_based\DALLE\DALLE\Advanced\DALLE3\dalle3\202311011943129901ca391019566e\1a8b8a3d3eda638dda7772ab0bed80a5.jpg,1,ai,jpeg_q90,0.990250,1,1
data\wildfake\Images\Diffusion_based\DALLE\DALLE\Advanced\DALLE3\dalle3\202311011943129901ca391019566e\1a9fa2a6430987459636043607cc4ef3.jpg,1,ai,jpeg_q90,0.997816,1,1
data\wildfake\Images\Diffusion_based\DALLE\DALLE\Advanced\DALLE3\dalle3\202311011943129901ca391019566e\1ab0a3cb9cd675a28cdaa9bb26177459.jpg,1,ai,jpeg_q90,0.998336,1,1
data\wildfake\Images\Diffusion_based\DALLE\DALLE\Advanced\DALLE3\dalle3\202311011943129901ca391019566e\1ac74c7c8c97664239a77de513a212ba.jpg,1,ai,jpeg_q90,0.261543,0,0
data\wildfake\Images\Diffusion_based\DALLE\DALLE\Advanced\DALLE3\dalle3\202311011943129901ca391019566e\1b2381e4458c5e0abbdf09fc983a289b.jpg,1,ai,jpeg_q90,0.965930,1,1
data\wildfake\Images\Diffusion_based\DALLE\DALLE\Advanced\DALLE3\dalle3\202311011943129901ca391019566e\1b2d822481485fc0cbe2bce8106316af.jpg,1,ai,jpeg_q90,0.982253,1,1
data\wildfake\Images\Diffusion_based\DALLE\DALLE\Advanced\DALLE3\dalle3\202311011943129901ca391019566e\1b4acf6a4d62581b89b003f0392f4bda.jpg,1,ai,jpeg_q90,0.660694,1,1
data\wildfake\Images\Diffusion_based\DALLE\DALLE\Advanced\DALLE3\dalle3\202311011943129901ca391019566e\1ba3ed35be9bd907a1010ff8131a2f96.jpg,1,ai,jpeg_q90,0.962979,1,1
data\wildfake\Images\Diffusion_based\DALLE\DALLE\Advanced\DALLE3\dalle3\202311011943129901ca391019566e\1ba71688207f99e835566aeb657c249e.jpg,1,ai,jpeg_q90,0.928926,1,1
data\wildfake\Images\Diffusion_based\DALLE\DALLE\Advanced\DALLE3\dalle3\202311011943129901ca391019566e\1bad98fd644e170c35c005b344810408.jpg,1,ai,jpeg_q90,0.951349,1,1
data\wildfake\Images\Diffusion_based\DALLE\DALLE\Advanced\DALLE3\dalle3\202311011943129901ca391019566e\1bcc29f8fa9394ad10c42d1c3502eba6.jpg,1,ai,jpeg_q90,0.980870,1,1
data\wildfake\Images\Diffusion_based\DALLE\DALLE\Advanced\DALLE3\dalle3\202311011943129901ca391019566e\1bd1c793df70dc7b8a611805be8d986d.jpg,1,ai,jpeg_q90,0.983096,1,1
data\wildfake\Images\Diffusion_based\DALLE\DALLE\Advanced\DALLE3\dalle3\202311011943129901ca391019566e\1beb06d056dea8e8ea477618aed96bcb.jpg,1,ai,jpeg_q90,0.982081,1,1
data\wildfake\Images\Diffusion_based\DALLE\DALLE\Advanced\DALLE3\dalle3\202311011943129901ca391019566e\1c0c0d3552dc4d8770308b7f3579328c.jpg,1,ai,jpeg_q90,0.943863,1,1
data\wildfake\Images\Diffusion_based\DALLE\DALLE\Advanced\DALLE3\dalle3\202311011943129901ca391019566e\1c33a8cc97c3f594bc3127f9a1dfc2fb.jpg,1,ai,jpeg_q90,0.952285,1,1
data\wildfake\Images\Diffusion_based\DALLE\DALLE\Advanced\DALLE3\dalle3\202311011943129901ca391019566e\1c3a3c42eb20e435007f09086d61194b.jpg,1,ai,jpeg_q90,0.950689,1,1
data\wildfake\Images\Diffusion_based\DALLE\DALLE\Advanced\DALLE3\dalle3\202311011943129901ca391019566e\1c4fd32ed56bed50810ead79661b7c5a.jpg,1,ai,jpeg_q90,0.875395,1,1
data\wildfake\Images\Diffusion_based\DALLE\DALLE\Advanced\DALLE3\dalle3\202311011943129901ca391019566e\1c5717661344d68c9d4b75d9b15a1e47.jpg,1,ai,jpeg_q90,0.986849,1,1
data\wildfake\Images\Diffusion_based\DALLE\DALLE\Advanced\DALLE3\dalle3\202311011943129901ca391019566e\1c87432cf9bd4d371e9c05ad7515d6d7.jpg,1,ai,jpeg_q90,0.900641,1,1
data\wildfake\Images\Diffusion_based\DALLE\DALLE\Advanced\DALLE3\dalle3\202311011943129901ca391019566e\1d010a72d6a8828ae276938b363edf1c.jpg,1,ai,jpeg_q90,0.968226,1,1
data\wildfake\Images\Diffusion_based\DALLE\DALLE\Advanced\DALLE3\dalle3\202311011943129901ca391019566e\1d1791e9159a3e3b866a792ad9936775.jpg,1,ai,jpeg_q90,0.993623,1,1
data\wildfake\Images\Diffusion_based\DALLE\DALLE\Advanced\DALLE3\dalle3\202311011943129901ca391019566e\1d56d34817b41b3dc2a69766c0784569.jpg,1,ai,jpeg_q90,0.992755,1,1
data\wildfake\Images\Diffusion_based\DALLE\DALLE\Advanced\DALLE3\dalle3\202311011943129901ca391019566e\1d9e26c2fc2a9262d27770387cab276e.jpg,1,ai,jpeg_q90,0.974867,1,1
data\wildfake\Images\Diffusion_based\DALLE\DALLE\Advanced\DALLE3\dalle3\202311011943129901ca391019566e\1dbcb985faa6e548489de57abe132b68.jpg,1,ai,jpeg_q90,0.970867,1,1
data\wildfake\Images\Diffusion_based\DALLE\DALLE\Advanced\DALLE3\dalle3\202311011943129901ca391019566e\1ddb80aad2461f122817ec9d11c83772.jpg,1,ai,jpeg_q90,0.928173,1,1
data\wildfake\Images\Diffusion_based\DALLE\DALLE\Advanced\DALLE3\dalle3\202311011943129901ca391019566e\1e47e41e0803aae92c966977938afb46.jpg,1,ai,jpeg_q90,0.943944,1,1
data\wildfake\Images\Diffusion_based\DALLE\DALLE\Advanced\DALLE3\dalle3\202311011943129901ca391019566e\1e840936745b78d2c87de3246ce087e9.jpg,1,ai,jpeg_q90,0.953658,1,1
data\wildfake\Images\Diffusion_based\DALLE\DALLE\Advanced\DALLE3\dalle3\202311011943129901ca391019566e\1ec13ac183e8bf2428394bcc12bec874.jpg,1,ai,jpeg_q90,0.980494,1,1
data\wildfake\Images\Diffusion_based\DALLE\DALLE\Advanced\DALLE3\dalle3\202311011943129901ca391019566e\1f4afce6752d667361835865f8124481.jpg,1,ai,jpeg_q90,0.651200,1,1
data\wildfake\Images\Diffusion_based\DALLE\DALLE\Advanced\DALLE3\dalle3\202311011943129901ca391019566e\1f67be9fe2a328610312003063c63761.jpg,1,ai,jpeg_q90,0.996478,1,1
data\wildfake\Images\Diffusion_based\DALLE\DALLE\Advanced\DALLE3\dalle3\202311011943129901ca391019566e\1f827642ba09be33c8984fef7b49a78d.jpg,1,ai,jpeg_q90,0.981701,1,1
data\wildfake\Images\Diffusion_based\DALLE\DALLE\Advanced\DALLE3\dalle3\202311011943129901ca391019566e\1fbc0f4bd779e2746ef6423bed694855.jpg,1,ai,jpeg_q90,0.562267,1,1
data\wildfake\Images\Diffusion_based\DALLE\DALLE\Advanced\DALLE3\dalle3\202311011943129901ca391019566e\1ff97b617a2010ba1d499268994ffb1d.jpg,1,ai,jpeg_q90,0.385604,0,0
data\wildfake\Images\Diffusion_based\DALLE\DALLE\Advanced\DALLE3\dalle3\202311011943129901ca391019566e\200ca0d1889a556d0068eb3715d04128.jpg,1,ai,jpeg_q90,0.732701,1,1
data\wildfake\Images\Diffusion_based\DALLE\DALLE\Advanced\DALLE3\dalle3\202311011943129901ca391019566e\200fdff4ea13388e9e235094339a01ef.jpg,1,ai,jpeg_q90,0.948820,1,1
data\wildfake\Images\Diffusion_based\DALLE\DALLE\Advanced\DALLE3\dalle3\202311011943129901ca391019566e\202129ee68b9337c7f43c86b99256250.jpg,1,ai,jpeg_q90,0.785785,1,1
data\wildfake\Images\Diffusion_based\DALLE\DALLE\Advanced\DALLE3\dalle3\202311011943129901ca391019566e\206ad045c342e398fbc8d920c41f5c35.jpg,1,ai,jpeg_q90,0.866711,1,1
data\wildfake\Images\Diffusion_based\DALLE\DALLE\Advanced\DALLE3\dalle3\202311011943129901ca391019566e\20768ef53dcdaf863df339568b280ec2.jpg,1,ai,jpeg_q90,0.482820,0,0
data\wildfake\Images\Diffusion_based\DALLE\DALLE\Advanced\DALLE3\dalle3\202311011943129901ca391019566e\20a018543ff917bd3e067a9d918b0c1a.jpg,1,ai,jpeg_q90,0.939492,1,1
data\wildfake\Images\Diffusion_based\DALLE\DALLE\Advanced\DALLE3\dalle3\202311011943129901ca391019566e\20ab8b1b8b8b51434ac776a665222b66.jpg,1,ai,jpeg_q90,0.965286,1,1
data\wildfake\Images\Diffusion_based\DALLE\DALLE\Advanced\DALLE3\dalle3\202311011943129901ca391019566e\20abed32990a6c32807bc52b68f8c116.jpg,1,ai,jpeg_q90,0.991034,1,1
data\wildfake\Images\Diffusion_based\DALLE\DALLE\Advanced\DALLE3\dalle3\202311011943129901ca391019566e\20fb65acd9c4e2758d094564e88c0605.jpg,1,ai,jpeg_q90,0.957603,1,1
data\wildfake\Images\Diffusion_based\DALLE\DALLE\Advanced\DALLE3\dalle3\202311011943129901ca391019566e\2120baa1c39f7d68ec43b8e89350cbcf.jpg,1,ai,jpeg_q90,0.988607,1,1
data\wildfake\Images\Diffusion_based\DALLE\DALLE\Advanced\DALLE3\dalle3\202311011943129901ca391019566e\21327580217c47a87b27f435c60e4b7b.jpg,1,ai,jpeg_q90,0.927217,1,1
data\wildfake\Images\Diffusion_based\DALLE\DALLE\Advanced\DALLE3\dalle3\202311011943129901ca391019566e\215cde3f0c01ce8b74d4493c9d1a2693.jpg,1,ai,jpeg_q90,0.677653,1,1
data\wildfake\Images\Diffusion_based\DALLE\DALLE\Advanced\DALLE3\dalle3\202311011943129901ca391019566e\2165259beffedee2969d07846aba6003.jpg,1,ai,jpeg_q90,0.991874,1,1
data\wildfake\Images\Diffusion_based\DALLE\DALLE\Advanced\DALLE3\dalle3\202311011943129901ca391019566e\219fce894b6d9c7b46d5de58e7493578.jpg,1,ai,jpeg_q90,0.950872,1,1
data\wildfake\Images\Diffusion_based\DALLE\DALLE\Advanced\DALLE3\dalle3\202311011943129901ca391019566e\21b32d1de5e001c1b07b25738265e57a.jpg,1,ai,jpeg_q90,0.997029,1,1
data\wildfake\Images\Diffusion_based\DALLE\DALLE\Advanced\DALLE3\dalle3\202311011943129901ca391019566e\21b99519f3170266d325bf919ac59a0c.jpg,1,ai,jpeg_q90,0.983648,1,1
data\wildfake\Images\Diffusion_based\DALLE\DALLE\Advanced\DALLE3\dalle3\202311011943129901ca391019566e\21d07ab8c6ca5829e8b62e7c3ee8ea7f.jpg,1,ai,jpeg_q90,0.902015,1,1
data\wildfake\Images\Diffusion_based\DALLE\DALLE\Advanced\DALLE3\dalle3\202311011943129901ca391019566e\22117ddcb0340b426eb340780968517a.jpg,1,ai,jpeg_q90,0.990498,1,1
data\wildfake\Images\Diffusion_based\DALLE\DALLE\Advanced\DALLE3\dalle3\202311011943129901ca391019566e\2220e18282218193049ed45b67b61949.jpg,1,ai,jpeg_q90,0.999687,1,1
data\wildfake\Images\Diffusion_based\DALLE\DALLE\Advanced\DALLE3\dalle3\202311011943129901ca391019566e\22737dbf71b8ce8da4ec3cd585fd0883.jpg,1,ai,jpeg_q90,0.971366,1,1
data\wildfake\Images\Diffusion_based\DALLE\DALLE\Advanced\DALLE3\dalle3\202311011943129901ca391019566e\22c068a822ad867f58f80740fee0164b.jpg,1,ai,jpeg_q90,0.738012,1,1
data\wildfake\Images\Diffusion_based\DALLE\DALLE\Advanced\DALLE3\dalle3\202311011943129901ca391019566e\23d0530d20bdd7834e4b7bf6e06dcc4c.jpg,1,ai,jpeg_q90,0.801112,1,1
data\wildfake\Images\Diffusion_based\DALLE\DALLE\Advanced\DALLE3\dalle3\202311011943129901ca391019566e\23d4f1810767daab0cd79f1f28938b85.jpg,1,ai,jpeg_q90,0.917478,1,1
data\wildfake\Images\Diffusion_based\DALLE\DALLE\Advanced\DALLE3\dalle3\202311011943129901ca391019566e\23d6091b55599f27dc52facb36350a46.jpg,1,ai,jpeg_q90,0.953768,1,1
data\wildfake\Images\Diffusion_based\DALLE\DALLE\Advanced\DALLE3\dalle3\202311011943129901ca391019566e\23e02d35eba5d9089cd28de285b1b7a8.jpg,1,ai,jpeg_q90,0.998112,1,1
data\wildfake\Images\Diffusion_based\DALLE\DALLE\Advanced\DALLE3\dalle3\202311011943129901ca391019566e\2424f97b93a5304e497057f339bb0150.jpg,1,ai,jpeg_q90,0.997579,1,1
data\wildfake\Images\Diffusion_based\DALLE\DALLE\Advanced\DALLE3\dalle3\202311011943129901ca391019566e\24279c06dee893328230ba3a3b07d6f4.jpg,1,ai,jpeg_q90,0.971488,1,1
data\wildfake\Images\Diffusion_based\DALLE\DALLE\Advanced\DALLE3\dalle3\202311011943129901ca391019566e\2445ca045f03d71680bdb1e14c95c1c0.jpg,1,ai,jpeg_q90,0.997835,1,1
data\wildfake\Images\Diffusion_based\DALLE\DALLE\Advanced\DALLE3\dalle3\202311011943129901ca391019566e\24520f53b41d702cb03d64cbbad917d0.jpg,1,ai,jpeg_q90,0.928079,1,1
data\wildfake\Images\Diffusion_based\DALLE\DALLE\Advanced\DALLE3\dalle3\202311011943129901ca391019566e\24cddc00a9d8043afa58a5c21190a200.jpg,1,ai,jpeg_q90,0.983485,1,1
data\wildfake\Images\Diffusion_based\DALLE\DALLE\Advanced\DALLE3\dalle3\202311011943129901ca391019566e\24d8f8c33ebf2fb0027fb4ba0efa65c9.jpg,1,ai,jpeg_q90,0.954153,1,1
data\wildfake\Images\Diffusion_based\DALLE\DALLE\Advanced\DALLE3\dalle3\202311011943129901ca391019566e\24dc50c8caf89d08f8457fc8b76a3d79.jpg,1,ai,jpeg_q90,0.993086,1,1
data\wildfake\Images\Diffusion_based\DALLE\DALLE\Advanced\DALLE3\dalle3\202311011943129901ca391019566e\251f4c46046dea63ec695bcd3954bc46.jpg,1,ai,jpeg_q90,0.984886,1,1
data\wildfake\Images\Diffusion_based\DALLE\DALLE\Advanced\DALLE3\dalle3\202311011943129901ca391019566e\25315324a02ab280c84592a11d3d65d2.jpg,1,ai,jpeg_q90,0.992005,1,1
data\wildfake\Images\Diffusion_based\DALLE\DALLE\Advanced\DALLE3\dalle3\202311011943129901ca391019566e\266b1a0f44f0ccfd8c7babee949d54f2.jpg,1,ai,jpeg_q90,0.987723,1,1
data\wildfake\Images\Diffusion_based\DALLE\DALLE\Advanced\DALLE3\dalle3\202311011943129901ca391019566e\26a06b3b925d71cbd14e1d93b91c3518.jpg,1,ai,jpeg_q90,0.992345,1,1
data\wildfake\Images\Diffusion_based\DALLE\DALLE\Advanced\DALLE3\dalle3\202311011943129901ca391019566e\26e9f580c486a74f4730013128aa1628.jpg,1,ai,jpeg_q90,0.842565,1,1
data\wildfake\Images\Diffusion_based\DALLE\DALLE\Advanced\DALLE3\dalle3\202311011943129901ca391019566e\273f7e17db0fa27c4b098b50f12793d4.jpg,1,ai,jpeg_q90,0.999224,1,1
data\wildfake\Images\Diffusion_based\DALLE\DALLE\Advanced\DALLE3\dalle3\202311011943129901ca391019566e\2741601c9df7feece2ec2d6dd736e3e6.jpg,1,ai,jpeg_q90,0.626002,1,1
data\wildfake\Images\Diffusion_based\DALLE\DALLE\Advanced\DALLE3\dalle3\202311011943129901ca391019566e\2758d67d642f975d28ba66e08f99f682.jpg,1,ai,jpeg_q90,0.923607,1,1
data\wildfake\Images\Diffusion_based\DALLE\DALLE\Advanced\DALLE3\dalle3\202311011943129901ca391019566e\27603ed699b0cdcba8f93b98f7c26c18.jpg,1,ai,jpeg_q90,0.890572,1,1
data\wildfake\Images\Diffusion_based\DALLE\DALLE\Advanced\DALLE3\dalle3\202311011943129901ca391019566e\27a39f309e630becf0b4190c3451af79.jpg,1,ai,jpeg_q90,0.977038,1,1
data\wildfake\Images\Diffusion_based\DALLE\DALLE\Advanced\DALLE3\dalle3\202311011943129901ca391019566e\27aa87d93c97720af6e3faf1f97d3404.jpg,1,ai,jpeg_q90,0.957410,1,1
data\wildfake\Images\Diffusion_based\DALLE\DALLE\Advanced\DALLE3\dalle3\202311011943129901ca391019566e\28002ab34f92fbd2f654a7eb386b970b.jpg,1,ai,jpeg_q90,0.941482,1,1
data\wildfake\Images\Diffusion_based\DALLE\DALLE\Advanced\DALLE3\dalle3\202311011943129901ca391019566e\280516b7c009bfd9e1764aa60ca15212.jpg,1,ai,jpeg_q90,0.987408,1,1
data\wildfake\Images\Diffusion_based\DALLE\DALLE\Advanced\DALLE3\dalle3\202311011943129901ca391019566e\280ddc85097e9e98fd41d48bb843ba12.jpg,1,ai,jpeg_q90,0.896281,1,1
data\wildfake\Images\Diffusion_based\DALLE\DALLE\Advanced\DALLE3\dalle3\202311011943129901ca391019566e\281463519a99dcf7289ae19c233a828e.jpg,1,ai,jpeg_q90,0.995741,1,1
data\wildfake\Images\Diffusion_based\DALLE\DALLE\Advanced\DALLE3\dalle3\202311011943129901ca391019566e\283d27b212907668f6fe714f8a8d3126.jpg,1,ai,jpeg_q90,0.999034,1,1
data\wildfake\Images\Diffusion_based\DALLE\DALLE\Advanced\DALLE3\dalle3\202311011943129901ca391019566e\284730af67d18cd1fdb82e6180a534ea.jpg,1,ai,jpeg_q90,0.670241,1,1
data\wildfake\Images\Diffusion_based\DALLE\DALLE\Advanced\DALLE3\dalle3\202311011943129901ca391019566e\285eb0abc96d216b1177df2150388566.jpg,1,ai,jpeg_q90,0.914888,1,1
data\wildfake\Images\Diffusion_based\DALLE\DALLE\Advanced\DALLE3\dalle3\202311011943129901ca391019566e\287c0539b2de4bdd47dbe548d3a53a33.jpg,1,ai,jpeg_q90,0.998777,1,1
data\wildfake\Images\Diffusion_based\DALLE\DALLE\Advanced\DALLE3\dalle3\202311011943129901ca391019566e\2889aa3b1659714beca2666db9661eca.jpg,1,ai,jpeg_q90,0.899734,1,1
data\wildfake\Images\Diffusion_based\DALLE\DALLE\Advanced\DALLE3\dalle3\202311011943129901ca391019566e\288abfe8473120a0a7d1b5b7837b03f5.jpg,1,ai,jpeg_q90,0.992027,1,1
data\wildfake\Images\Diffusion_based\DALLE\DALLE\Advanced\DALLE3\dalle3\202311011943129901ca391019566e\2899508832ea7671fa1d9d27748c9f3b.jpg,1,ai,jpeg_q90,0.955588,1,1
data\wildfake\Images\Diffusion_based\DALLE\DALLE\Advanced\DALLE3\dalle3\202311011943129901ca391019566e\28b0d18ffc7de41085f9290236ae9e66.jpg,1,ai,jpeg_q90,0.661199,1,1
data\wildfake\Images\Diffusion_based\DALLE\DALLE\Advanced\DALLE3\dalle3\202311011943129901ca391019566e\28c739bc80372d76ba5e2e73f38188c0.jpg,1,ai,jpeg_q90,0.930025,1,1
data\wildfake\Images\Diffusion_based\DALLE\DALLE\Advanced\DALLE3\dalle3\202311011943129901ca391019566e\294de44e036b179ca0018c11d4a5087a.jpg,1,ai,jpeg_q90,0.988977,1,1
data\wildfake\Images\Diffusion_based\DALLE\DALLE\Advanced\DALLE3\dalle3\202311011943129901ca391019566e\295380882b0adcc9d1eb9c8d3763d723.jpg,1,ai,jpeg_q90,0.118375,0,0
data\wildfake\Images\Diffusion_based\DALLE\DALLE\Advanced\DALLE3\dalle3\202311011943129901ca391019566e\29815b2d3496faff16f372aea636b903.jpg,1,ai,jpeg_q90,0.952659,1,1
data\wildfake\Images\Diffusion_based\DALLE\DALLE\Advanced\DALLE3\dalle3\202311011943129901ca391019566e\2996bed4f9cd631835249fd365709b45.jpg,1,ai,jpeg_q90,0.997692,1,1
data\wildfake\Images\Diffusion_based\DALLE\DALLE\Advanced\DALLE3\dalle3\202311011943129901ca391019566e\29d9713e54f6caee52bc489a743a6840.jpg,1,ai,jpeg_q90,0.998848,1,1
data\wildfake\Images\Diffusion_based\DALLE\DALLE\Advanced\DALLE3\dalle3\202311011943129901ca391019566e\2a329dac55a299eba38d51ae20ff5bd3.jpg,1,ai,jpeg_q90,0.996621,1,1
data\wildfake\Images\Diffusion_based\DALLE\DALLE\Advanced\DALLE3\dalle3\202311011943129901ca391019566e\2a69ff3713d4b2ba1757164c085ade21.jpg,1,ai,jpeg_q90,0.916075,1,1
data\wildfake\Images\Diffusion_based\DALLE\DALLE\Advanced\DALLE3\dalle3\202311011943129901ca391019566e\2a9297148ff24d0010c68ccb302c1b7b.jpg,1,ai,jpeg_q90,0.966815,1,1
data\wildfake\Images\Diffusion_based\DALLE\DALLE\Advanced\DALLE3\dalle3\202311011943129901ca391019566e\2a99e610a0855229e120a8383d04e592.jpg,1,ai,jpeg_q90,0.914030,1,1
data\wildfake\Images\Diffusion_based\DALLE\DALLE\Advanced\DALLE3\dalle3\202311011943129901ca391019566e\2abd7c1847e9e618a0e99054891c699d.jpg,1,ai,jpeg_q90,0.944707,1,1
data\wildfake\Images\Diffusion_based\DALLE\DALLE\Advanced\DALLE3\dalle3\202311011943129901ca391019566e\2af852d4196a4b8c505b03b5a7be1d87.jpg,1,ai,jpeg_q90,0.968165,1,1
data\wildfake\Images\Diffusion_based\DALLE\DALLE\Advanced\DALLE3\dalle3\202311011943129901ca391019566e\2b2b0561e0554b6365fc2706d57f2917.jpg,1,ai,jpeg_q90,0.918258,1,1
data\wildfake\Images\Diffusion_based\DALLE\DALLE\Advanced\DALLE3\dalle3\202311011943129901ca391019566e\2b30b7f64b701044c567458ceac10f02.jpg,1,ai,jpeg_q90,0.988271,1,1
data\wildfake\Images\Diffusion_based\DALLE\DALLE\Advanced\DALLE3\dalle3\202311011943129901ca391019566e\2b3b1fd6b38c4460e59e037aa1197d49.jpg,1,ai,jpeg_q90,0.988553,1,1
data\wildfake\Images\Diffusion_based\DALLE\DALLE\Advanced\DALLE3\dalle3\202311011943129901ca391019566e\2b6b12823c02237b6f4afa37e23fa6e7.jpg,1,ai,jpeg_q90,0.985127,1,1
data\wildfake\Images\Diffusion_based\DALLE\DALLE\Advanced\DALLE3\dalle3\202311011943129901ca391019566e\2b73c04219189c7aba28d7480a0c4d69.jpg,1,ai,jpeg_q90,0.962884,1,1
data\wildfake\Images\Diffusion_based\DALLE\DALLE\Advanced\DALLE3\dalle3\202311011943129901ca391019566e\2b85f039018459581606576c1b4e171c.jpg,1,ai,jpeg_q90,0.999719,1,1
data\wildfake\Images\Diffusion_based\DALLE\DALLE\Advanced\DALLE3\dalle3\202311011943129901ca391019566e\2ba8788f252bd2cbe1277910cbfeb515.jpg,1,ai,jpeg_q90,0.940486,1,1
data\wildfake\Images\Diffusion_based\DALLE\DALLE\Advanced\DALLE3\dalle3\202311011943129901ca391019566e\2baf0c197e9c5ce4361b3d42155aa22e.jpg,1,ai,jpeg_q90,0.996597,1,1
data\wildfake\Images\Diffusion_based\DALLE\DALLE\Advanced\DALLE3\dalle3\202311011943129901ca391019566e\2bb2b3d160e5311788624d273b772f40.jpg,1,ai,jpeg_q90,0.985233,1,1
data\wildfake\Images\Diffusion_based\DALLE\DALLE\Advanced\DALLE3\dalle3\202311011943129901ca391019566e\2c0e365aeac4763b8e6a526e363bd610.jpg,1,ai,jpeg_q90,0.583880,1,1
data\wildfake\Images\Diffusion_based\DALLE\DALLE\Advanced\DALLE3\dalle3\202311011943129901ca391019566e\2c11541922d2a6fe483be9e0178f671c.jpg,1,ai,jpeg_q90,0.997263,1,1
data\wildfake\Images\Diffusion_based\DALLE\DALLE\Advanced\DALLE3\dalle3\202311011943129901ca391019566e\2c5344d328024d946219996f4abe3090.jpg,1,ai,jpeg_q90,0.985067,1,1
data\wildfake\Images\Diffusion_based\DALLE\DALLE\Advanced\DALLE3\dalle3\202311011943129901ca391019566e\2c69e73c4582d42385954694ecdb6784.jpg,1,ai,jpeg_q90,0.417753,0,0
data\wildfake\Images\Diffusion_based\DALLE\DALLE\Advanced\DALLE3\dalle3\202311011943129901ca391019566e\2c792457c59a478d71aa8aa5e3ce4b82.jpg,1,ai,jpeg_q90,0.991254,1,1
data\wildfake\Images\Diffusion_based\DALLE\DALLE\Advanced\DALLE3\dalle3\202311011943129901ca391019566e\2cb7d5ac6ffd5010a455f2cd06ae7e8a.jpg,1,ai,jpeg_q90,0.781344,1,1
data\wildfake\Images\Diffusion_based\DALLE\DALLE\Advanced\DALLE3\dalle3\202311011943129901ca391019566e\2d4407522203cc35dabb00de566aa4d9.jpg,1,ai,jpeg_q90,0.992652,1,1
data\wildfake\Images\Diffusion_based\DALLE\DALLE\Advanced\DALLE3\dalle3\202311011943129901ca391019566e\2d4a70b3451df22b21b40ec729c00a48.jpg,1,ai,jpeg_q90,0.976138,1,1
data\wildfake\Images\Diffusion_based\DALLE\DALLE\Advanced\DALLE3\dalle3\202311011943129901ca391019566e\2d5061ca63165c55f2ef846224f33dd2.jpg,1,ai,jpeg_q90,0.999351,1,1
data\wildfake\Images\Diffusion_based\DALLE\DALLE\Advanced\DALLE3\dalle3\202311011943129901ca391019566e\2d53dd3dcc2de459e3f2d250bb437140.jpg,1,ai,jpeg_q90,0.989942,1,1
data\wildfake\Images\Diffusion_based\DALLE\DALLE\Advanced\DALLE3\dalle3\202311011943129901ca391019566e\2d7ab35155588f94c1a348c27547fd74.jpg,1,ai,jpeg_q90,0.959781,1,1
data\wildfake\Images\Diffusion_based\DALLE\DALLE\Advanced\DALLE3\dalle3\202311011943129901ca391019566e\2d8e38aa7e70ce9369aa171383bf65eb.jpg,1,ai,jpeg_q90,0.950112,1,1
data\wildfake\Images\Diffusion_based\DALLE\DALLE\Advanced\DALLE3\dalle3\202311011943129901ca391019566e\2dd017a7a4f655dcb0c4372331c0b1b5.jpg,1,ai,jpeg_q90,0.999112,1,1
data\wildfake\Images\Diffusion_based\DALLE\DALLE\Advanced\DALLE3\dalle3\202311011943129901ca391019566e\2de406e758d42a580e7fe68e7d630283.jpg,1,ai,jpeg_q90,0.983854,1,1
data\wildfake\Images\Diffusion_based\DALLE\DALLE\Advanced\DALLE3\dalle3\202311011943129901ca391019566e\2e15e3a5e2e21acdc69da41965a0bedf.jpg,1,ai,jpeg_q90,0.957092,1,1
data\wildfake\Images\Diffusion_based\DALLE\DALLE\Advanced\DALLE3\dalle3\202311011943129901ca391019566e\2e1ef76a03f1c5416e4bde07474943c4.jpg,1,ai,jpeg_q90,0.986069,1,1
data\wildfake\Images\Diffusion_based\DALLE\DALLE\Advanced\DALLE3\dalle3\202311011943129901ca391019566e\2e7aff6277220e43a3daf5f30c06a068.jpg,1,ai,jpeg_q90,0.977187,1,1
data\wildfake\Images\Diffusion_based\DALLE\DALLE\Advanced\DALLE3\dalle3\202311011943129901ca391019566e\2eb4a5e062ba72185389e9307e44cd2d.jpg,1,ai,jpeg_q90,0.993040,1,1
data\wildfake\Images\Diffusion_based\DALLE\DALLE\Advanced\DALLE3\dalle3\202311011943129901ca391019566e\2ef04a5fc0572c6d60a425eb9aa2caa4.jpg,1,ai,jpeg_q90,0.950980,1,1
data\wildfake\Images\Diffusion_based\DALLE\DALLE\Advanced\DALLE3\dalle3\202311011943129901ca391019566e\2f10ecc0fa83c79f1e16ce90189d9a1f.jpg,1,ai,jpeg_q90,0.912408,1,1
data\wildfake\Images\Diffusion_based\DALLE\DALLE\Advanced\DALLE3\dalle3\202311011943129901ca391019566e\2f35a3f9a6a688927094ea0d49cfeff1.jpg,1,ai,jpeg_q90,0.968684,1,1
data\wildfake\Images\Diffusion_based\DALLE\DALLE\Advanced\DALLE3\dalle3\202311011943129901ca391019566e\2f38a4dc1b3d6898ebef464d6e42e30e.jpg,1,ai,jpeg_q90,0.984689,1,1
data\wildfake\Images\Diffusion_based\DALLE\DALLE\Advanced\DALLE3\dalle3\202311011943129901ca391019566e\2fee7962741814f7d0b72cc6662b064f.jpg,1,ai,jpeg_q90,0.577806,1,1
data\wildfake\Images\Diffusion_based\DALLE\DALLE\Advanced\DALLE3\dalle3\202311011943129901ca391019566e\304856302c6c89d4704bf858af8338ff.jpg,1,ai,jpeg_q90,0.995193,1,1
data\wildfake\Images\Diffusion_based\DALLE\DALLE\Advanced\DALLE3\dalle3\202311011943129901ca391019566e\304fd3f94a49d5200243851cb1ebc110.jpg,1,ai,jpeg_q90,0.985487,1,1
data\wildfake\Images\Diffusion_based\DALLE\DALLE\Advanced\DALLE3\dalle3\202311011943129901ca391019566e\30560488aed228278d62eddd812ad46f.jpg,1,ai,jpeg_q90,0.986105,1,1
data\wildfake\Images\Diffusion_based\DALLE\DALLE\Advanced\DALLE3\dalle3\202311011943129901ca391019566e\30736792ffea71cb6ad31d157f99af48.jpg,1,ai,jpeg_q90,0.987801,1,1
data\wildfake\Images\Diffusion_based\DALLE\DALLE\Advanced\DALLE3\dalle3\202311011943129901ca391019566e\30b2cfc02c06fb99cbfef1d388659152.jpg,1,ai,jpeg_q90,0.928046,1,1
data\wildfake\Images\Diffusion_based\DALLE\DALLE\Advanced\DALLE3\dalle3\202311011943129901ca391019566e\30c49b6b1c420fc74213a41b2979a3c0.jpg,1,ai,jpeg_q90,0.996210,1,1
data\wildfake\Images\Diffusion_based\DALLE\DALLE\Advanced\DALLE3\dalle3\202311011943129901ca391019566e\30c553711ea647681a5c645c0f67086a.jpg,1,ai,jpeg_q90,0.938539,1,1
data\wildfake\Images\Diffusion_based\DALLE\DALLE\Advanced\DALLE3\dalle3\202311011943129901ca391019566e\315898da3833d2ee6901cda8b0a307ac.jpg,1,ai,jpeg_q90,0.998364,1,1
data\wildfake\Images\Diffusion_based\DALLE\DALLE\Advanced\DALLE3\dalle3\202311011943129901ca391019566e\315923afcd05949e86784e05304935db.jpg,1,ai,jpeg_q90,0.977848,1,1
data\wildfake\Images\Diffusion_based\DALLE\DALLE\Advanced\DALLE3\dalle3\202311011943129901ca391019566e\315f76c57b8a55035382dc9eb45bbc35.jpg,1,ai,jpeg_q90,0.995862,1,1
data\wildfake\Images\Diffusion_based\DALLE\DALLE\Advanced\DALLE3\dalle3\202311011943129901ca391019566e\319271d13e343a78aa4b60d611880085.jpg,1,ai,jpeg_q90,0.947237,1,1
data\wildfake\Images\Diffusion_based\DALLE\DALLE\Advanced\DALLE3\dalle3\202311011943129901ca391019566e\319352d3ba48a8c141010ef23a310dfa.jpg,1,ai,jpeg_q90,0.834472,1,1
data\wildfake\Images\Diffusion_based\DALLE\DALLE\Advanced\DALLE3\dalle3\202311011943129901ca391019566e\31b0fea829c59468d074bf8d41e2874a.jpg,1,ai,jpeg_q90,0.992927,1,1
data\wildfake\Images\Diffusion_based\DALLE\DALLE\Advanced\DALLE3\dalle3\202311011943129901ca391019566e\31fd1f9fbaaf9a21a31ed7d9079b809b.jpg,1,ai,jpeg_q90,0.981971,1,1
data\wildfake\Images\Diffusion_based\DALLE\DALLE\Advanced\DALLE3\dalle3\202311011943129901ca391019566e\3213263f2367f1901333c55db977df4b.jpg,1,ai,jpeg_q90,0.988956,1,1
data\wildfake\Images\Diffusion_based\DALLE\DALLE\Advanced\DALLE3\dalle3\202311011943129901ca391019566e\322e678734edd3815df7453195002717.jpg,1,ai,jpeg_q90,0.998743,1,1
data\wildfake\Images\Diffusion_based\DALLE\DALLE\Advanced\DALLE3\dalle3\202311011943129901ca391019566e\32e6f9ca1ccd76d04fd44b937cae7d43.jpg,1,ai,jpeg_q90,0.978697,1,1
data\wildfake\Images\Diffusion_based\DALLE\DALLE\Advanced\DALLE3\dalle3\202311011943129901ca391019566e\32eb6bb94aba85b0cb9aa9b2d5e27b9e.jpg,1,ai,jpeg_q90,0.995386,1,1
data\wildfake\Images\Diffusion_based\DALLE\DALLE\Advanced\DALLE3\dalle3\202311011943129901ca391019566e\336063d010021b35f8766118ee2bef33.jpg,1,ai,jpeg_q90,0.870061,1,1
data\wildfake\Images\Diffusion_based\DALLE\DALLE\Advanced\DALLE3\dalle3\202311011943129901ca391019566e\338381afdabb579e180fb70d0eef941f.jpg,1,ai,jpeg_q90,0.831905,1,1
data\wildfake\Images\Diffusion_based\DALLE\DALLE\Advanced\DALLE3\dalle3\202311011943129901ca391019566e\33ca83250951eda1aa5770e402422db2.jpg,1,ai,jpeg_q90,0.902996,1,1
data\wildfake\Images\Diffusion_based\DALLE\DALLE\Advanced\DALLE3\dalle3\202311011943129901ca391019566e\33f866ca2db6a848a4dca0380092daa7.jpg,1,ai,jpeg_q90,0.983432,1,1
data\wildfake\Images\Diffusion_based\DALLE\DALLE\Advanced\DALLE3\dalle3\202311011943129901ca391019566e\3418ee210990b7fd9c6140957fa11cf7.jpg,1,ai,jpeg_q90,0.978863,1,1
data\wildfake\Images\Diffusion_based\DALLE\DALLE\Advanced\DALLE3\dalle3\202311011943129901ca391019566e\345fc7b26c1e6d571cea80dcf35417ef.jpg,1,ai,jpeg_q90,0.859692,1,1
data\wildfake\Images\Diffusion_based\DALLE\DALLE\Advanced\DALLE3\dalle3\202311011943129901ca391019566e\35164f35c66c83fed0de6b4118dd4261.jpg,1,ai,jpeg_q90,0.969188,1,1
data\wildfake\Images\Diffusion_based\DALLE\DALLE\Advanced\DALLE3\dalle3\202311011943129901ca391019566e\352c02644ff0e10a17759dac5a0aa222.jpg,1,ai,jpeg_q90,0.963066,1,1
data\wildfake\Images\Diffusion_based\DALLE\DALLE\Advanced\DALLE3\dalle3\202311011943129901ca391019566e\35db819bb6aaa5848c464902098d2734.jpg,1,ai,jpeg_q90,0.936241,1,1
data\wildfake\Images\Diffusion_based\DALLE\DALLE\Advanced\DALLE3\dalle3\202311011943129901ca391019566e\362ae43f0e7be860ec6dd6e81a928b4b.jpg,1,ai,jpeg_q90,0.965186,1,1
data\wildfake\Images\Diffusion_based\DALLE\DALLE\Advanced\DALLE3\dalle3\202311011943129901ca391019566e\3665bdb398545aec37c3c213361945f8.jpg,1,ai,jpeg_q90,0.882786,1,1
data\wildfake\Images\Diffusion_based\DALLE\DALLE\Advanced\DALLE3\dalle3\202311011943129901ca391019566e\369fb53d3a6a12263b6ecd9afe70a62b.jpg,1,ai,jpeg_q90,0.725144,1,1
data\wildfake\Images\Diffusion_based\DALLE\DALLE\Advanced\DALLE3\dalle3\202311011943129901ca391019566e\375a95817c1af04ed49db19dae0aaabe.jpg,1,ai,jpeg_q90,0.975530,1,1
data\wildfake\Images\Diffusion_based\DALLE\DALLE\Advanced\DALLE3\dalle3\202311011943129901ca391019566e\375abcbb188328fe2445182ee772e4e6.jpg,1,ai,jpeg_q90,0.970312,1,1
data\wildfake\Images\Diffusion_based\DALLE\DALLE\Advanced\DALLE3\dalle3\202311011943129901ca391019566e\37718b17aec9cff0fba348a00e4700f1.jpg,1,ai,jpeg_q90,0.975557,1,1
data\wildfake\Images\Diffusion_based\DALLE\DALLE\Advanced\DALLE3\dalle3\202311011943129901ca391019566e\37cf3cd63b1341c596ad77d9a368e3ad.jpg,1,ai,jpeg_q90,0.700072,1,1
data\wildfake\Images\Diffusion_based\DALLE\DALLE\Advanced\DALLE3\dalle3\202311011943129901ca391019566e\37fd34a74cdbb136dac1328065089604.jpg,1,ai,jpeg_q90,0.992510,1,1
data\wildfake\Images\Diffusion_based\DALLE\DALLE\Advanced\DALLE3\dalle3\202311011943129901ca391019566e\380b9b83cb92cc0ec8b735ba1454571d.jpg,1,ai,jpeg_q90,0.938474,1,1
data\wildfake\Images\Diffusion_based\DALLE\DALLE\Advanced\DALLE3\dalle3\202311011943129901ca391019566e\38259b16a26ba1567d1eed9ae28054c6.jpg,1,ai,jpeg_q90,0.986318,1,1
data\wildfake\Images\Diffusion_based\DALLE\DALLE\Advanced\DALLE3\dalle3\202311011943129901ca391019566e\383b94992415b3dfc9145780cdce53e9.jpg,1,ai,jpeg_q90,0.998796,1,1
data\wildfake\Images\Diffusion_based\DALLE\DALLE\Advanced\DALLE3\dalle3\202311011943129901ca391019566e\3848384edde46920c17f2d7d980d91c4.jpg,1,ai,jpeg_q90,0.880977,1,1
data\wildfake\Images\Diffusion_based\DALLE\DALLE\Advanced\DALLE3\dalle3\202311011943129901ca391019566e\384a171d263043a8162c4c98e82b7c7a.jpg,1,ai,jpeg_q90,0.996484,1,1
data\wildfake\Images\Diffusion_based\DALLE\DALLE\Advanced\DALLE3\dalle3\202311011943129901ca391019566e\389eb491a55dd0f0fc1bf55b8f7ac7bb.jpg,1,ai,jpeg_q90,0.874737,1,1
data\wildfake\Images\Diffusion_based\DALLE\DALLE\Advanced\DALLE3\dalle3\202311011943129901ca391019566e\38c8ca7d7a460d31c0fb0e193eb5c7c3.jpg,1,ai,jpeg_q90,0.565923,1,1
data\wildfake\Images\Diffusion_based\DALLE\DALLE\Advanced\DALLE3\dalle3\202311011943129901ca391019566e\38f214c0c4d5c60a5b0b840e4610e732.jpg,1,ai,jpeg_q90,0.999441,1,1
data\wildfake\Images\Diffusion_based\DALLE\DALLE\Advanced\DALLE3\dalle3\202311011943129901ca391019566e\38f5cccc275617ac70b46ae61e056705.jpg,1,ai,jpeg_q90,0.925422,1,1
data\wildfake\Images\Diffusion_based\DALLE\DALLE\Advanced\DALLE3\dalle3\202311011943129901ca391019566e\38f6c2b66f8996d1fb290ca05478de78.jpg,1,ai,jpeg_q90,0.998633,1,1
data\wildfake\Images\Diffusion_based\DALLE\DALLE\Advanced\DALLE3\dalle3\202311011943129901ca391019566e\390fe2eb24f7ca85914fdf1650680eca.jpg,1,ai,jpeg_q90,0.923955,1,1
data\wildfake\Images\Diffusion_based\DALLE\DALLE\Advanced\DALLE3\dalle3\202311011943129901ca391019566e\3914e2460ff7bf8d6f484b8cae774763.jpg,1,ai,jpeg_q90,0.995889,1,1
data\wildfake\Images\Diffusion_based\DALLE\DALLE\Advanced\DALLE3\dalle3\202311011943129901ca391019566e\395d41cab76033ade5ce709902966d80.jpg,1,ai,jpeg_q90,0.964133,1,1
data\wildfake\Images\Diffusion_based\DALLE\DALLE\Advanced\DALLE3\dalle3\202311011943129901ca391019566e\39671b268029c7b57bd9dc6cad1bc226.jpg,1,ai,jpeg_q90,0.988586,1,1
data\wildfake\Images\Diffusion_based\DALLE\DALLE\Advanced\DALLE3\dalle3\202311011943129901ca391019566e\39852ffc62bfb82b263bde310e49fb5b.jpg,1,ai,jpeg_q90,0.992765,1,1
data\wildfake\Images\Diffusion_based\DALLE\DALLE\Advanced\DALLE3\dalle3\202311011943129901ca391019566e\3995b44c45a65eff48af5844a3dd7eb4.jpg,1,ai,jpeg_q90,0.955167,1,1
data\wildfake\Images\Diffusion_based\DALLE\DALLE\Advanced\DALLE3\dalle3\202311011943129901ca391019566e\39c5599932c5cf0f986a57e56650e2b1.jpg,1,ai,jpeg_q90,0.995337,1,1
data\wildfake\Images\Diffusion_based\DALLE\DALLE\Advanced\DALLE3\dalle3\202311011943129901ca391019566e\39dd246d67876f64439a1ef3b64abea6.jpg,1,ai,jpeg_q90,0.974547,1,1
data\wildfake\Images\Diffusion_based\DALLE\DALLE\Advanced\DALLE3\dalle3\202311011943129901ca391019566e\3a1cca493657f2cae4d9c5b669ac3b8d.jpg,1,ai,jpeg_q90,0.901175,1,1
data\wildfake\Images\Diffusion_based\DALLE\DALLE\Advanced\DALLE3\dalle3\202311011943129901ca391019566e\3a678c2ff8d981f9530ef47cae8e0a5f.jpg,1,ai,jpeg_q90,0.981051,1,1
data\wildfake\Images\Diffusion_based\DALLE\DALLE\Advanced\DALLE3\dalle3\202311011943129901ca391019566e\3a6ec4011b57139049bb5ae19ba76de4.jpg,1,ai,jpeg_q90,0.978396,1,1
data\wildfake\Images\Diffusion_based\DALLE\DALLE\Advanced\DALLE3\dalle3\202311011943129901ca391019566e\3a6f3b2ac6534adbf161555ce195deeb.jpg,1,ai,jpeg_q90,0.995691,1,1
data\wildfake\Images\Diffusion_based\DALLE\DALLE\Advanced\DALLE3\dalle3\202311011943129901ca391019566e\3a749895fdda9376f4e95572c38374ab.jpg,1,ai,jpeg_q90,0.987784,1,1
data\wildfake\Images\Diffusion_based\DALLE\DALLE\Advanced\DALLE3\dalle3\202311011943129901ca391019566e\3aad6698fbc26fc01a59e290951e07cb.jpg,1,ai,jpeg_q90,0.982672,1,1
data\wildfake\Images\Diffusion_based\DALLE\DALLE\Advanced\DALLE3\dalle3\202311011943129901ca391019566e\3ab373823ee114d2979bf2c3f275c380.jpg,1,ai,jpeg_q90,0.975668,1,1
data\wildfake\Images\Diffusion_based\DALLE\DALLE\Advanced\DALLE3\dalle3\202311011943129901ca391019566e\3b0be3dfc43c47054bf071850e742f9b.jpg,1,ai,jpeg_q90,0.930477,1,1
data\wildfake\Images\Diffusion_based\DALLE\DALLE\Advanced\DALLE3\dalle3\202311011943129901ca391019566e\3b132796458fc3b6cd2162510794b59e.jpg,1,ai,jpeg_q90,0.997366,1,1
data\wildfake\Images\Diffusion_based\DALLE\DALLE\Advanced\DALLE3\dalle3\202311011943129901ca391019566e\3b14c85af39111933970882d7bd5c9b5.jpg,1,ai,jpeg_q90,0.934530,1,1
data\wildfake\Images\Diffusion_based\DALLE\DALLE\Advanced\DALLE3\dalle3\202311011943129901ca391019566e\3b3f9a48d4312ff83d519f1df9cde44f.jpg,1,ai,jpeg_q90,0.998069,1,1
data\wildfake\Images\Diffusion_based\DALLE\DALLE\Advanced\DALLE3\dalle3\202311011943129901ca391019566e\3b6ece90deb1a40e7d4b737fb82dfa2e.jpg,1,ai,jpeg_q90,0.970863,1,1
data\wildfake\Images\Diffusion_based\DALLE\DALLE\Advanced\DALLE3\dalle3\202311011943129901ca391019566e\3b9caba8af9d9f83413cf371536715d2.jpg,1,ai,jpeg_q90,0.979606,1,1
data\wildfake\Images\Diffusion_based\DALLE\DALLE\Advanced\DALLE3\dalle3\202311011943129901ca391019566e\3ba59b679202a365b18a667c1dec96cf.jpg,1,ai,jpeg_q90,0.790551,1,1
data\wildfake\Images\Diffusion_based\DALLE\DALLE\Advanced\DALLE3\dalle3\202311011943129901ca391019566e\3bebba80c4fddc74bc418defa70fd893.jpg,1,ai,jpeg_q90,0.996580,1,1
data\wildfake\Images\Diffusion_based\DALLE\DALLE\Advanced\DALLE3\dalle3\202311011943129901ca391019566e\3c589aa7fd4a6705f1fd7918daf4ffb9.jpg,1,ai,jpeg_q90,0.774500,1,1
data\wildfake\Images\Diffusion_based\DALLE\DALLE\Advanced\DALLE3\dalle3\202311011943129901ca391019566e\3c6015025452c1f6c0e4d56b5c87e8be.jpg,1,ai,jpeg_q90,0.985001,1,1
data\wildfake\Images\Diffusion_based\DALLE\DALLE\Advanced\DALLE3\dalle3\202311011943129901ca391019566e\3c608723c7bc2b41470ea8293ef7e629.jpg,1,ai,jpeg_q90,0.965903,1,1
data\wildfake\Images\Diffusion_based\DALLE\DALLE\Advanced\DALLE3\dalle3\202311011943129901ca391019566e\3c98a1ae30b530d8b631072172132a7c.jpg,1,ai,jpeg_q90,0.940565,1,1
data\wildfake\Images\Diffusion_based\DALLE\DALLE\Advanced\DALLE3\dalle3\202311011943129901ca391019566e\3d15ba5566ec4985c59f1fd8d41155eb.jpg,1,ai,jpeg_q90,0.854315,1,1
data\wildfake\Images\Diffusion_based\DALLE\DALLE\Advanced\DALLE3\dalle3\202311011943129901ca391019566e\3d2f602326c6a4b0dafba72660022ec9.jpg,1,ai,jpeg_q90,0.999138,1,1
data\wildfake\Images\Diffusion_based\DALLE\DALLE\Advanced\DALLE3\dalle3\202311011943129901ca391019566e\3d3294354d344fd190dbb0ddd868e82c.jpg,1,ai,jpeg_q90,0.969299,1,1
data\wildfake\Images\Diffusion_based\DALLE\DALLE\Advanced\DALLE3\dalle3\202311011943129901ca391019566e\3d3ae692b6ab680c51483072bf14d79d.jpg,1,ai,jpeg_q90,0.568666,1,1
data\wildfake\Images\Diffusion_based\DALLE\DALLE\Advanced\DALLE3\dalle3\202311011943129901ca391019566e\3d45830dd719ca2a08a1afe31dbd68d1.jpg,1,ai,jpeg_q90,0.978121,1,1
data\wildfake\Images\Diffusion_based\DALLE\DALLE\Advanced\DALLE3\dalle3\202311011943129901ca391019566e\3e7512f7b39cb375dca034c813076ff7.jpg,1,ai,jpeg_q90,0.625219,1,1
data\wildfake\Images\Diffusion_based\DALLE\DALLE\Advanced\DALLE3\dalle3\202311011943129901ca391019566e\3e90439cf6e6ca89a9707268e52dda1e.jpg,1,ai,jpeg_q90,0.954654,1,1
data\wildfake\Images\Diffusion_based\DALLE\DALLE\Advanced\DALLE3\dalle3\202311011943129901ca391019566e\3ea41e7bbbe2c2b9b7f6a61ddf1f2ecd.jpg,1,ai,jpeg_q90,0.996597,1,1
data\wildfake\Images\Diffusion_based\DALLE\DALLE\Advanced\DALLE3\dalle3\202311011943129901ca391019566e\3eba96dcd8633705c1164514f8c04d4d.jpg,1,ai,jpeg_q90,0.928956,1,1
data\wildfake\Images\Diffusion_based\DALLE\DALLE\Advanced\DALLE3\dalle3\202311011943129901ca391019566e\3ec893f6ed98345d544139252b5c35a8.jpg,1,ai,jpeg_q90,0.999417,1,1
data\wildfake\Images\Diffusion_based\DALLE\DALLE\Advanced\DALLE3\dalle3\202311011943129901ca391019566e\3edefece12fca8c44388b6abe6bfc46d.jpg,1,ai,jpeg_q90,0.687776,1,1
data\wildfake\Images\Diffusion_based\DALLE\DALLE\Advanced\DALLE3\dalle3\202311011943129901ca391019566e\3f26607f332483551b724f82a14d800b.jpg,1,ai,jpeg_q90,0.997421,1,1
data\wildfake\Images\Diffusion_based\DALLE\DALLE\Advanced\DALLE3\dalle3\202311011943129901ca391019566e\3f2ff704b294e08c4a1f6ffcf8631b1c.jpg,1,ai,jpeg_q90,0.997367,1,1
data\wildfake\Images\Diffusion_based\DALLE\DALLE\Advanced\DALLE3\dalle3\202311011943129901ca391019566e\3f5ab657b89e15194a92fcd771378c0c.jpg,1,ai,jpeg_q90,0.680102,1,1
data\wildfake\Images\Diffusion_based\DALLE\DALLE\Advanced\DALLE3\dalle3\202311011943129901ca391019566e\3fee7ce7157ed337574b8f427512735e.jpg,1,ai,jpeg_q90,0.951390,1,1
data\wildfake\Images\Diffusion_based\DALLE\DALLE\Advanced\DALLE3\dalle3\202311011943129901ca391019566e\3ffc69b38bceeb3e1a0c33b3a1b430ed.jpg,1,ai,jpeg_q90,0.971479,1,1
data\wildfake\Images\Diffusion_based\DALLE\DALLE\Advanced\DALLE3\dalle3\202311011943129901ca391019566e\40102e461d3bad344077ce2cca755963.jpg,1,ai,jpeg_q90,0.983864,1,1
data\wildfake\Images\Diffusion_based\DALLE\DALLE\Advanced\DALLE3\dalle3\202311011943129901ca391019566e\402749b3ece18c65dd53d0904af2a040.jpg,1,ai,jpeg_q90,0.740511,1,1
data\wildfake\Images\Diffusion_based\DALLE\DALLE\Advanced\DALLE3\dalle3\202311011943129901ca391019566e\402bdb5e6e3e7b9637ca2dd93424cd84.jpg,1,ai,jpeg_q90,0.147214,0,0
data\wildfake\Images\Diffusion_based\DALLE\DALLE\Advanced\DALLE3\dalle3\202311011943129901ca391019566e\402d798fb9f40c7d03bc5ec8a1fd8c22.jpg,1,ai,jpeg_q90,0.688275,1,1
data\wildfake\Images\Diffusion_based\DALLE\DALLE\Advanced\DALLE3\dalle3\202311011943129901ca391019566e\403ae67747cf6731576c84bac47ec145.jpg,1,ai,jpeg_q90,0.497612,0,0
data\wildfake\Images\Diffusion_based\DALLE\DALLE\Advanced\DALLE3\dalle3\202311011943129901ca391019566e\404a76fa81908c93516f0cc87cf0412d.jpg,1,ai,jpeg_q90,0.999136,1,1
data\wildfake\Images\Diffusion_based\DALLE\DALLE\Advanced\DALLE3\dalle3\202311011943129901ca391019566e\405e870a483b1244e2168dc318615c36.jpg,1,ai,jpeg_q90,0.996606,1,1
data\wildfake\Images\Diffusion_based\DALLE\DALLE\Advanced\DALLE3\dalle3\202311011943129901ca391019566e\4073879d8d10986f5f75a1c525a1a9f3.jpg,1,ai,jpeg_q90,0.997183,1,1
data\wildfake\Images\Diffusion_based\DALLE\DALLE\Advanced\DALLE3\dalle3\202311011943129901ca391019566e\4088de68f2905b1a84718bc6e57274c0.jpg,1,ai,jpeg_q90,0.996645,1,1
data\wildfake\Images\Diffusion_based\DALLE\DALLE\Advanced\DALLE3\dalle3\202311011943129901ca391019566e\408a2aa7576f9951cf9c458ce273ce74.jpg,1,ai,jpeg_q90,0.715885,1,1
data\wildfake\Images\Diffusion_based\DALLE\DALLE\Advanced\DALLE3\dalle3\202311011943129901ca391019566e\40ae90424bc188ad34574d8aa0b4e086.jpg,1,ai,jpeg_q90,0.966407,1,1
data\wildfake\Images\Diffusion_based\DALLE\DALLE\Advanced\DALLE3\dalle3\202311011943129901ca391019566e\40f4ce4fad593a5c49a3349e0436ce83.jpg,1,ai,jpeg_q90,0.642857,1,1
data\wildfake\Images\Diffusion_based\DALLE\DALLE\Advanced\DALLE3\dalle3\202311011943129901ca391019566e\41135f4abafca56efa0b16af52c3a91f.jpg,1,ai,jpeg_q90,0.636788,1,1
data\wildfake\Images\Diffusion_based\DALLE\DALLE\Advanced\DALLE3\dalle3\202311011943129901ca391019566e\411a10080c3fa05d5ff2eb26b4fd67c9.jpg,1,ai,jpeg_q90,0.995687,1,1
data\wildfake\Images\Diffusion_based\DALLE\DALLE\Advanced\DALLE3\dalle3\202311011943129901ca391019566e\41358f2fb91eb855899dc282e79419ce.jpg,1,ai,jpeg_q90,0.998434,1,1
data\wildfake\Images\Diffusion_based\DALLE\DALLE\Advanced\DALLE3\dalle3\202311011943129901ca391019566e\416dfa034acc070dbfcfa04d8d997b1b.jpg,1,ai,jpeg_q90,0.995417,1,1
data\wildfake\Images\Diffusion_based\DALLE\DALLE\Advanced\DALLE3\dalle3\202311011943129901ca391019566e\41a8a6bba5aae41f604e25548144ec61.jpg,1,ai,jpeg_q90,0.999555,1,1
data\wildfake\Images\Diffusion_based\DALLE\DALLE\Advanced\DALLE3\dalle3\202311011943129901ca391019566e\41b7abbdc3a9ba445acd08488f15653d.jpg,1,ai,jpeg_q90,0.812850,1,1
data\wildfake\Images\Diffusion_based\DALLE\DALLE\Advanced\DALLE3\dalle3\202311011943129901ca391019566e\41da469d28d6635377588301fe982446.jpg,1,ai,jpeg_q90,0.485825,0,0
data\wildfake\Images\Diffusion_based\DALLE\DALLE\Advanced\DALLE3\dalle3\202311011943129901ca391019566e\421e515a0e88c109caa58bcf4086c2d3.jpg,1,ai,jpeg_q90,0.997598,1,1
data\wildfake\Images\Diffusion_based\DALLE\DALLE\Advanced\DALLE3\dalle3\202311011943129901ca391019566e\426969be76f72756fdf5b97c8fc5b515.jpg,1,ai,jpeg_q90,0.875519,1,1
data\wildfake\Images\Diffusion_based\DALLE\DALLE\Advanced\DALLE3\dalle3\202311011943129901ca391019566e\42808100cba46229d2270ede83a8d021.jpg,1,ai,jpeg_q90,0.967106,1,1
data\wildfake\Images\Diffusion_based\DALLE\DALLE\Advanced\DALLE3\dalle3\202311011943129901ca391019566e\42cd948e772dc76afbd347543eba04e4.jpg,1,ai,jpeg_q90,0.998672,1,1
data\wildfake\Images\Diffusion_based\DALLE\DALLE\Advanced\DALLE3\dalle3\202311011943129901ca391019566e\43024062edb87b3301305cd2f382ecf7.jpg,1,ai,jpeg_q90,0.999187,1,1
data\wildfake\Images\Diffusion_based\DALLE\DALLE\Advanced\DALLE3\dalle3\202311011943129901ca391019566e\4319a10fded8829476dda68c05566a05.jpg,1,ai,jpeg_q90,0.945035,1,1
data\wildfake\Images\Diffusion_based\DALLE\DALLE\Advanced\DALLE3\dalle3\202311011943129901ca391019566e\431d0170d25d728ab50fe9125cf3b146.jpg,1,ai,jpeg_q90,0.996324,1,1
data\wildfake\Images\Diffusion_based\DALLE\DALLE\Advanced\DALLE3\dalle3\202311011943129901ca391019566e\43575994134d8aa86fc10243bdb3b09c.jpg,1,ai,jpeg_q90,0.294868,0,0
data\wildfake\Images\Diffusion_based\DALLE\DALLE\Advanced\DALLE3\dalle3\202311011943129901ca391019566e\439923d8fe5004248b8140e82aa4fcba.jpg,1,ai,jpeg_q90,0.898964,1,1
data\wildfake\Images\Diffusion_based\DALLE\DALLE\Advanced\DALLE3\dalle3\202311011943129901ca391019566e\43dd08d60d23d01b89c4d9768cde59b2.jpg,1,ai,jpeg_q90,0.986359,1,1
data\wildfake\Images\Diffusion_based\DALLE\DALLE\Advanced\DALLE3\dalle3\202311011943129901ca391019566e\441812da5113fd0c4645574cbc9ab9ad.jpg,1,ai,jpeg_q90,0.916479,1,1
data\wildfake\Images\Diffusion_based\DALLE\DALLE\Advanced\DALLE3\dalle3\202311011943129901ca391019566e\441e49e90b00ca7a7b71c9f292531acb.jpg,1,ai,jpeg_q90,0.992403,1,1
data\wildfake\Images\Diffusion_based\DALLE\DALLE\Advanced\DALLE3\dalle3\202311011943129901ca391019566e\4436418c3026e0e299f03bbb39095760.jpg,1,ai,jpeg_q90,0.952212,1,1
data\wildfake\Images\Diffusion_based\DALLE\DALLE\Advanced\DALLE3\dalle3\202311011943129901ca391019566e\443d50e1cb5add625e596c43e015507b.jpg,1,ai,jpeg_q90,0.997102,1,1
data\wildfake\Images\Diffusion_based\DALLE\DALLE\Advanced\DALLE3\dalle3\202311011943129901ca391019566e\44545c360b39210bb44518c5b2443e49.jpg,1,ai,jpeg_q90,0.998744,1,1
data\wildfake\Images\Diffusion_based\DALLE\DALLE\Advanced\DALLE3\dalle3\202311011943129901ca391019566e\44859a46c923205dffb37e029996a334.jpg,1,ai,jpeg_q90,0.999002,1,1
data\wildfake\Images\Diffusion_based\DALLE\DALLE\Advanced\DALLE3\dalle3\202311011943129901ca391019566e\4492384edaf145b93ceb269a54af2a97.jpg,1,ai,jpeg_q90,0.966976,1,1
data\wildfake\Images\Diffusion_based\DALLE\DALLE\Advanced\DALLE3\dalle3\202311011943129901ca391019566e\44961d6790a07bd7e0a2d2f9fe9b7f79.jpg,1,ai,jpeg_q90,0.819268,1,1
data\wildfake\Images\Diffusion_based\DALLE\DALLE\Advanced\DALLE3\dalle3\202311011943129901ca391019566e\44a5d446b7c18d5a57bc71141cd2aa45.jpg,1,ai,jpeg_q90,0.964793,1,1
data\wildfake\Images\Diffusion_based\DALLE\DALLE\Advanced\DALLE3\dalle3\202311011943129901ca391019566e\44f76fdbb8949da7bf5b6610814449ff.jpg,1,ai,jpeg_q90,0.999388,1,1
data\wildfake\Images\Diffusion_based\DALLE\DALLE\Advanced\DALLE3\dalle3\202311011943129901ca391019566e\44f7e1e7f6ef306935bce078f1b1a864.jpg,1,ai,jpeg_q90,0.861454,1,1
data\wildfake\Images\Diffusion_based\DALLE\DALLE\Advanced\DALLE3\dalle3\202311011943129901ca391019566e\45027d028f70e6adf658df5b8c7371cc.jpg,1,ai,jpeg_q90,0.979077,1,1
data\wildfake\Images\Diffusion_based\DALLE\DALLE\Advanced\DALLE3\dalle3\202311011943129901ca391019566e\452a2d250bb9a97675c38f25848e7757.jpg,1,ai,jpeg_q90,0.998723,1,1
data\wildfake\Images\Diffusion_based\DALLE\DALLE\Advanced\DALLE3\dalle3\202311011943129901ca391019566e\4588355873bd3ce542152b826bfaf6f7.jpg,1,ai,jpeg_q90,0.999602,1,1
data\wildfake\Images\Diffusion_based\DALLE\DALLE\Advanced\DALLE3\dalle3\202311011943129901ca391019566e\45d5e8397ec19935f3c5c76ee3dd5b73.jpg,1,ai,jpeg_q90,0.730341,1,1
data\wildfake\Images\Diffusion_based\DALLE\DALLE\Advanced\DALLE3\dalle3\202311011943129901ca391019566e\4625d58a5065c18397937e6d4b09ccbb.jpg,1,ai,jpeg_q90,0.996126,1,1
data\wildfake\Images\Diffusion_based\DALLE\DALLE\Advanced\DALLE3\dalle3\202311011943129901ca391019566e\4636469c4254183625aab9204e882711.jpg,1,ai,jpeg_q90,0.587043,1,1
data\wildfake\Images\Diffusion_based\DALLE\DALLE\Advanced\DALLE3\dalle3\202311011943129901ca391019566e\468637d99ed33a9b5b9d7640b838ca4f.jpg,1,ai,jpeg_q90,0.983678,1,1
data\wildfake\Images\Diffusion_based\DALLE\DALLE\Advanced\DALLE3\dalle3\202311011943129901ca391019566e\46d3499859242bab9aa57a95542152d8.jpg,1,ai,jpeg_q90,0.906787,1,1
data\wildfake\Images\Diffusion_based\DALLE\DALLE\Advanced\DALLE3\dalle3\202311011943129901ca391019566e\46fe0f44f11d3c00aa8a9c02b75e2b3e.jpg,1,ai,jpeg_q90,0.901658,1,1
data\wildfake\Images\Diffusion_based\DALLE\DALLE\Advanced\DALLE3\dalle3\202311011943129901ca391019566e\471f24c0c0ffe8e35263e00831608713.jpg,1,ai,jpeg_q90,0.980249,1,1
data\wildfake\Images\Diffusion_based\DALLE\DALLE\Advanced\DALLE3\dalle3\202311011943129901ca391019566e\4725f73f1c1513ffa9e8091490752584.jpg,1,ai,jpeg_q90,0.990152,1,1
data\wildfake\Images\Diffusion_based\DALLE\DALLE\Advanced\DALLE3\dalle3\202311011943129901ca391019566e\4739760d65f803aa6f795729dac44a4b.jpg,1,ai,jpeg_q90,0.401751,0,0
data\wildfake\Images\Diffusion_based\DALLE\DALLE\Advanced\DALLE3\dalle3\202311011943129901ca391019566e\473d9358cd5dadc9d059ae6f23615a08.jpg,1,ai,jpeg_q90,0.958571,1,1
data\wildfake\Images\Diffusion_based\DALLE\DALLE\Advanced\DALLE3\dalle3\202311011943129901ca391019566e\4743b32a5d208525dbafb06458250227.jpg,1,ai,jpeg_q90,0.991121,1,1
data\wildfake\Images\Diffusion_based\DALLE\DALLE\Advanced\DALLE3\dalle3\202311011943129901ca391019566e\4749cf6a0429c68331a21c86c869019c.jpg,1,ai,jpeg_q90,0.975698,1,1
data\wildfake\Images\Diffusion_based\DALLE\DALLE\Advanced\DALLE3\dalle3\202311011943129901ca391019566e\47b230943a7ccf459bac499a167e88c0.jpg,1,ai,jpeg_q90,0.998869,1,1
data\wildfake\Images\Diffusion_based\DALLE\DALLE\Advanced\DALLE3\dalle3\202311011943129901ca391019566e\47ff752ab1f760ac9ccea6fb1a8bdbc2.jpg,1,ai,jpeg_q90,0.982231,1,1
data\wildfake\Images\Diffusion_based\DALLE\DALLE\Advanced\DALLE3\dalle3\202311011943129901ca391019566e\4812e523deb1c1a89285838496713e71.jpg,1,ai,jpeg_q90,0.958898,1,1
data\wildfake\Images\Diffusion_based\DALLE\DALLE\Advanced\DALLE3\dalle3\202311011943129901ca391019566e\48385b32de03a857b551da9c5d167383.jpg,1,ai,jpeg_q90,0.999308,1,1
data\wildfake\Images\Diffusion_based\DALLE\DALLE\Advanced\DALLE3\dalle3\202311011943129901ca391019566e\48390d6dbfa181447942bcb9299d3a65.jpg,1,ai,jpeg_q90,0.975645,1,1
data\wildfake\Images\Diffusion_based\DALLE\DALLE\Advanced\DALLE3\dalle3\202311011943129901ca391019566e\4844bd6f619763f36d8812e2b943708f.jpg,1,ai,jpeg_q90,0.835691,1,1
data\wildfake\Images\Diffusion_based\DALLE\DALLE\Advanced\DALLE3\dalle3\202311011943129901ca391019566e\48463159e1f209a28723c6f44b1f8bcb.jpg,1,ai,jpeg_q90,0.988431,1,1
data\wildfake\Images\Diffusion_based\DALLE\DALLE\Advanced\DALLE3\dalle3\202311011943129901ca391019566e\485c1d97310769e4ced3957775c6fbb4.jpg,1,ai,jpeg_q90,0.988447,1,1
data\wildfake\Images\Diffusion_based\DALLE\DALLE\Advanced\DALLE3\dalle3\202311011943129901ca391019566e\486f4badafd391ff2b9d4d159f270f20.jpg,1,ai,jpeg_q90,0.994152,1,1
data\wildfake\Images\Diffusion_based\DALLE\DALLE\Advanced\DALLE3\dalle3\202311011943129901ca391019566e\4875f2a6256c57e8e60e58000fa686c4.jpg,1,ai,jpeg_q90,0.994286,1,1
data\wildfake\Images\Diffusion_based\DALLE\DALLE\Advanced\DALLE3\dalle3\202311011943129901ca391019566e\487ec128dae98d0dbcc86a301dd91482.jpg,1,ai,jpeg_q90,0.979041,1,1
data\wildfake\Images\Diffusion_based\DALLE\DALLE\Advanced\DALLE3\dalle3\202311011943129901ca391019566e\489d6dee73070f3ffa1276cd0e145d55.jpg,1,ai,jpeg_q90,0.982356,1,1
data\wildfake\Images\Diffusion_based\DALLE\DALLE\Advanced\DALLE3\dalle3\202311011943129901ca391019566e\4922164150386e68fdcb8f067019ba8d.jpg,1,ai,jpeg_q90,0.988997,1,1
data\wildfake\Images\Diffusion_based\DALLE\DALLE\Advanced\DALLE3\dalle3\202311011943129901ca391019566e\49720c883fed478e35d0825d2a020a1d.jpg,1,ai,jpeg_q90,0.657988,1,1
data\wildfake\Images\Diffusion_based\DALLE\DALLE\Advanced\DALLE3\dalle3\202311011943129901ca391019566e\497329311ca13f4404649da7530d4f64.jpg,1,ai,jpeg_q90,0.991452,1,1
data\wildfake\Images\Diffusion_based\DALLE\DALLE\Advanced\DALLE3\dalle3\202311011943129901ca391019566e\49927870fa1f1c4817e3a6bec7d04771.jpg,1,ai,jpeg_q90,0.991589,1,1
data\wildfake\Images\Diffusion_based\DALLE\DALLE\Advanced\DALLE3\dalle3\202311011943129901ca391019566e\49c2dae00eeb27965c3e865f02e3a199.jpg,1,ai,jpeg_q90,0.975187,1,1
data\wildfake\Images\Diffusion_based\DALLE\DALLE\Advanced\DALLE3\dalle3\202311011943129901ca391019566e\49d3a17968d4bca49d38f5de54526dbb.jpg,1,ai,jpeg_q90,0.961528,1,1
data\wildfake\Images\Diffusion_based\DALLE\DALLE\Advanced\DALLE3\dalle3\202311011943129901ca391019566e\49e3e03c351579d3865dbe865e358b52.jpg,1,ai,jpeg_q90,0.979095,1,1
data\wildfake\Images\Diffusion_based\DALLE\DALLE\Advanced\DALLE3\dalle3\202311011943129901ca391019566e\49e968922c315f200a29400adfd63524.jpg,1,ai,jpeg_q90,0.973882,1,1
data\wildfake\Images\Diffusion_based\DALLE\DALLE\Advanced\DALLE3\dalle3\202311011943129901ca391019566e\4a5d2f38b2c0fca78828adf9d6f6296c.jpg,1,ai,jpeg_q90,0.983700,1,1
data\wildfake\Images\Diffusion_based\DALLE\DALLE\Advanced\DALLE3\dalle3\202311011943129901ca391019566e\4aac29808ad56a671c1da2f831c31392.jpg,1,ai,jpeg_q90,0.900833,1,1
data\wildfake\Images\Diffusion_based\DALLE\DALLE\Advanced\DALLE3\dalle3\202311011943129901ca391019566e\4ae5c1e57cfdce9c4be7cb9165abfe15.jpg,1,ai,jpeg_q90,0.876335,1,1
data\wildfake\Images\Diffusion_based\DALLE\DALLE\Advanced\DALLE3\dalle3\202311011943129901ca391019566e\4b09a0d86cc237d7a7fa0e5453e4f9a1.jpg,1,ai,jpeg_q90,0.999550,1,1
data\wildfake\Images\Diffusion_based\DALLE\DALLE\Advanced\DALLE3\dalle3\202311011943129901ca391019566e\4b1f6c9c7d65f8a324414b323cada82c.jpg,1,ai,jpeg_q90,0.985169,1,1
data\wildfake\Images\Diffusion_based\DALLE\DALLE\Advanced\DALLE3\dalle3\202311011943129901ca391019566e\4b2179fe5a391d088197e56df4d86d5e.jpg,1,ai,jpeg_q90,0.976577,1,1
data\wildfake\Images\Diffusion_based\DALLE\DALLE\Advanced\DALLE3\dalle3\202311011943129901ca391019566e\4b280ed6aaccc8460f2ce8134b5aa226.jpg,1,ai,jpeg_q90,0.515078,1,1
data\wildfake\Images\Diffusion_based\DALLE\DALLE\Advanced\DALLE3\dalle3\202311011943129901ca391019566e\4b580e592324ddcef9a4665122cfa3ff.jpg,1,ai,jpeg_q90,0.814741,1,1
data\wildfake\Images\Diffusion_based\DALLE\DALLE\Advanced\DALLE3\dalle3\202311011943129901ca391019566e\4b83dccbdb1c2fd84b80b1ddbdcac2e6.jpg,1,ai,jpeg_q90,0.234376,0,0
data\wildfake\Images\Diffusion_based\DALLE\DALLE\Advanced\DALLE3\dalle3\202311011943129901ca391019566e\4bccbe67ae688eed37405074a92c79ad.jpg,1,ai,jpeg_q90,0.966010,1,1
data\wildfake\Images\Diffusion_based\DALLE\DALLE\Advanced\DALLE3\dalle3\202311011943129901ca391019566e\4c0562860dc1056633db43557e06bff3.jpg,1,ai,jpeg_q90,0.965264,1,1
data\wildfake\Images\Diffusion_based\DALLE\DALLE\Advanced\DALLE3\dalle3\202311011943129901ca391019566e\4c252a942df979698399d534efdca9a1.jpg,1,ai,jpeg_q90,0.978337,1,1
data\val\real\000000000139.jpg,0,real,jpeg_q70,0.480889,0,1
data\val\real\000000000285.jpg,0,real,jpeg_q70,0.111962,0,1
data\val\real\000000000632.jpg,0,real,jpeg_q70,0.147821,0,1
data\val\real\000000000724.jpg,0,real,jpeg_q70,0.221848,0,1
data\val\real\000000000776.jpg,0,real,jpeg_q70,0.107303,0,1
data\val\real\000000000785.jpg,0,real,jpeg_q70,0.600687,1,0
data\val\real\000000000802.jpg,0,real,jpeg_q70,0.046356,0,1
data\val\real\000000000872.jpg,0,real,jpeg_q70,0.025409,0,1
data\val\real\000000000885.jpg,0,real,jpeg_q70,0.416514,0,1
data\val\real\000000001000.jpg,0,real,jpeg_q70,0.058694,0,1
data\val\real\000000001268.jpg,0,real,jpeg_q70,0.069060,0,1
data\val\real\000000001296.jpg,0,real,jpeg_q70,0.060010,0,1
data\val\real\000000001353.jpg,0,real,jpeg_q70,0.019063,0,1
data\val\real\000000001425.jpg,0,real,jpeg_q70,0.526586,1,0
data\val\real\000000001490.jpg,0,real,jpeg_q70,0.287944,0,1
data\val\real\000000001503.jpg,0,real,jpeg_q70,0.341894,0,1
data\val\real\000000001532.jpg,0,real,jpeg_q70,0.130238,0,1
data\val\real\000000001584.jpg,0,real,jpeg_q70,0.720738,1,0
data\val\real\000000001675.jpg,0,real,jpeg_q70,0.096748,0,1
data\val\real\000000001761.jpg,0,real,jpeg_q70,0.048019,0,1
data\val\real\000000001818.jpg,0,real,jpeg_q70,0.253608,0,1
data\val\real\000000001993.jpg,0,real,jpeg_q70,0.093238,0,1
data\val\real\000000002006.jpg,0,real,jpeg_q70,0.229936,0,1
data\val\real\000000002149.jpg,0,real,jpeg_q70,0.427750,0,1
data\val\real\000000002153.jpg,0,real,jpeg_q70,0.030515,0,1
data\val\real\000000002157.jpg,0,real,jpeg_q70,0.333715,0,1
data\val\real\000000002261.jpg,0,real,jpeg_q70,0.072170,0,1
data\val\real\000000002299.jpg,0,real,jpeg_q70,0.196745,0,1
data\val\real\000000002431.jpg,0,real,jpeg_q70,0.065518,0,1
data\val\real\000000002473.jpg,0,real,jpeg_q70,0.277926,0,1
data\val\real\000000002532.jpg,0,real,jpeg_q70,0.074754,0,1
data\val\real\000000002587.jpg,0,real,jpeg_q70,0.052422,0,1
data\val\real\000000002592.jpg,0,real,jpeg_q70,0.055709,0,1
data\val\real\000000002685.jpg,0,real,jpeg_q70,0.005128,0,1
data\val\real\000000002923.jpg,0,real,jpeg_q70,0.029519,0,1
data\val\real\000000003156.jpg,0,real,jpeg_q70,0.582040,1,0
data\val\real\000000003255.jpg,0,real,jpeg_q70,0.750282,1,0
data\val\real\000000003501.jpg,0,real,jpeg_q70,0.347661,0,1
data\val\real\000000003553.jpg,0,real,jpeg_q70,0.181536,0,1
data\val\real\000000003661.jpg,0,real,jpeg_q70,0.017428,0,1
data\val\real\000000003845.jpg,0,real,jpeg_q70,0.288022,0,1
data\val\real\000000003934.jpg,0,real,jpeg_q70,0.002990,0,1
data\val\real\000000004134.jpg,0,real,jpeg_q70,0.004437,0,1
data\val\real\000000004395.jpg,0,real,jpeg_q70,0.028204,0,1
data\val\real\000000004495.jpg,0,real,jpeg_q70,0.014440,0,1
data\val\real\000000004765.jpg,0,real,jpeg_q70,0.267961,0,1
data\val\real\000000004795.jpg,0,real,jpeg_q70,0.004813,0,1
data\val\real\000000005001.jpg,0,real,jpeg_q70,0.055109,0,1
data\val\real\000000005037.jpg,0,real,jpeg_q70,0.534062,1,0
data\val\real\000000005060.jpg,0,real,jpeg_q70,0.062222,0,1
data\val\real\000000005193.jpg,0,real,jpeg_q70,0.011216,0,1
data\val\real\000000005477.jpg,0,real,jpeg_q70,0.716540,1,0
data\val\real\000000005503.jpg,0,real,jpeg_q70,0.034012,0,1
data\val\real\000000005529.jpg,0,real,jpeg_q70,0.116853,0,1
data\val\real\000000005586.jpg,0,real,jpeg_q70,0.130858,0,1
data\val\real\000000005600.jpg,0,real,jpeg_q70,0.035168,0,1
data\val\real\000000005992.jpg,0,real,jpeg_q70,0.082914,0,1
data\val\real\000000006012.jpg,0,real,jpeg_q70,0.209580,0,1
data\val\real\000000006040.jpg,0,real,jpeg_q70,0.509789,1,0
data\val\real\000000006213.jpg,0,real,jpeg_q70,0.059494,0,1
data\val\real\000000006460.jpg,0,real,jpeg_q70,0.201667,0,1
data\val\real\000000006471.jpg,0,real,jpeg_q70,0.058423,0,1
data\val\real\000000006614.jpg,0,real,jpeg_q70,0.066558,0,1
data\val\real\000000006723.jpg,0,real,jpeg_q70,0.045540,0,1
data\val\real\000000006763.jpg,0,real,jpeg_q70,0.001231,0,1
data\val\real\000000006771.jpg,0,real,jpeg_q70,0.043070,0,1
data\val\real\000000006818.jpg,0,real,jpeg_q70,0.044366,0,1
data\val\real\000000006894.jpg,0,real,jpeg_q70,0.199294,0,1
data\val\real\000000006954.jpg,0,real,jpeg_q70,0.249500,0,1
data\val\real\000000007088.jpg,0,real,jpeg_q70,0.034413,0,1
data\val\real\000000007108.jpg,0,real,jpeg_q70,0.348370,0,1
data\val\real\000000007278.jpg,0,real,jpeg_q70,0.119164,0,1
data\val\real\000000007281.jpg,0,real,jpeg_q70,0.058229,0,1
data\val\real\000000007386.jpg,0,real,jpeg_q70,0.031166,0,1
data\val\real\000000007511.jpg,0,real,jpeg_q70,0.149124,0,1
data\val\real\000000007574.jpg,0,real,jpeg_q70,0.035759,0,1
data\val\real\000000007784.jpg,0,real,jpeg_q70,0.564121,1,0
data\val\real\000000007795.jpg,0,real,jpeg_q70,0.331965,0,1
data\val\real\000000007816.jpg,0,real,jpeg_q70,0.016565,0,1
data\val\real\000000007818.jpg,0,real,jpeg_q70,0.544274,1,0
data\val\real\000000007888.jpg,0,real,jpeg_q70,0.692129,1,0
data\val\real\000000007977.jpg,0,real,jpeg_q70,0.397962,0,1
data\val\real\000000007991.jpg,0,real,jpeg_q70,0.150818,0,1
data\val\real\000000008021.jpg,0,real,jpeg_q70,0.038694,0,1
data\val\real\000000008211.jpg,0,real,jpeg_q70,0.203005,0,1
data\val\real\000000008277.jpg,0,real,jpeg_q70,0.062719,0,1
data\val\real\000000008532.jpg,0,real,jpeg_q70,0.052983,0,1
data\val\real\000000008629.jpg,0,real,jpeg_q70,0.135259,0,1
data\val\real\000000008690.jpg,0,real,jpeg_q70,0.012193,0,1
data\val\real\000000008762.jpg,0,real,jpeg_q70,0.488793,0,1
data\val\real\000000008844.jpg,0,real,jpeg_q70,0.224475,0,1
data\val\real\000000008899.jpg,0,real,jpeg_q70,0.147003,0,1
data\val\real\000000009378.jpg,0,real,jpeg_q70,0.113870,0,1
data\val\real\000000009400.jpg,0,real,jpeg_q70,0.003311,0,1
data\val\real\000000009448.jpg,0,real,jpeg_q70,0.023280,0,1
data\val\real\000000009483.jpg,0,real,jpeg_q70,0.014497,0,1
data\val\real\000000009590.jpg,0,real,jpeg_q70,0.082984,0,1
data\val\real\000000009769.jpg,0,real,jpeg_q70,0.191630,0,1
data\val\real\000000009772.jpg,0,real,jpeg_q70,0.045300,0,1
data\val\real\000000009891.jpg,0,real,jpeg_q70,0.005388,0,1
data\val\real\000000009914.jpg,0,real,jpeg_q70,0.156561,0,1
data\val\real\000000010092.jpg,0,real,jpeg_q70,0.084382,0,1
data\val\real\000000010363.jpg,0,real,jpeg_q70,0.014952,0,1
data\val\real\000000010583.jpg,0,real,jpeg_q70,0.073815,0,1
data\val\real\000000010707.jpg,0,real,jpeg_q70,0.009066,0,1
data\val\real\000000010764.jpg,0,real,jpeg_q70,0.215563,0,1
data\val\real\000000010977.jpg,0,real,jpeg_q70,0.036251,0,1
data\val\real\000000010995.jpg,0,real,jpeg_q70,0.039868,0,1
data\val\real\000000011051.jpg,0,real,jpeg_q70,0.013871,0,1
data\val\real\000000011122.jpg,0,real,jpeg_q70,0.027317,0,1
data\val\real\000000011149.jpg,0,real,jpeg_q70,0.008337,0,1
data\val\real\000000011197.jpg,0,real,jpeg_q70,0.045520,0,1
data\val\real\000000011511.jpg,0,real,jpeg_q70,0.037741,0,1
data\val\real\000000011615.jpg,0,real,jpeg_q70,0.203933,0,1
data\val\real\000000011699.jpg,0,real,jpeg_q70,0.040001,0,1
data\val\real\000000011760.jpg,0,real,jpeg_q70,0.423550,0,1
data\val\real\000000011813.jpg,0,real,jpeg_q70,0.055299,0,1
data\val\real\000000012062.jpg,0,real,jpeg_q70,0.086700,0,1
data\val\real\000000012120.jpg,0,real,jpeg_q70,0.077337,0,1
data\val\real\000000012280.jpg,0,real,jpeg_q70,0.589392,1,0
data\val\real\000000012576.jpg,0,real,jpeg_q70,0.272575,0,1
data\val\real\000000012639.jpg,0,real,jpeg_q70,0.067522,0,1
data\val\real\000000012667.jpg,0,real,jpeg_q70,0.320499,0,1
data\val\real\000000012670.jpg,0,real,jpeg_q70,0.029731,0,1
data\val\real\000000012748.jpg,0,real,jpeg_q70,0.205660,0,1
data\val\real\000000013004.jpg,0,real,jpeg_q70,0.660874,1,0
data\val\real\000000013177.jpg,0,real,jpeg_q70,0.038833,0,1
data\val\real\000000013201.jpg,0,real,jpeg_q70,0.192491,0,1
data\val\real\000000013291.jpg,0,real,jpeg_q70,0.466614,0,1
data\val\real\000000013348.jpg,0,real,jpeg_q70,0.198977,0,1
data\val\real\000000013546.jpg,0,real,jpeg_q70,0.025490,0,1
data\val\real\000000013597.jpg,0,real,jpeg_q70,0.790836,1,0
data\val\real\000000013659.jpg,0,real,jpeg_q70,0.002707,0,1
data\val\real\000000013729.jpg,0,real,jpeg_q70,0.028969,0,1
data\val\real\000000013774.jpg,0,real,jpeg_q70,0.825308,1,0
data\val\real\000000013923.jpg,0,real,jpeg_q70,0.060388,0,1
data\val\real\000000014007.jpg,0,real,jpeg_q70,0.232763,0,1
data\val\real\000000014038.jpg,0,real,jpeg_q70,0.758239,1,0
data\val\real\000000014226.jpg,0,real,jpeg_q70,0.269606,0,1
data\val\real\000000014380.jpg,0,real,jpeg_q70,0.223613,0,1
data\val\real\000000014439.jpg,0,real,jpeg_q70,0.070333,0,1
data\val\real\000000014473.jpg,0,real,jpeg_q70,0.302868,0,1
data\val\real\000000014831.jpg,0,real,jpeg_q70,0.020017,0,1
data\val\real\000000014888.jpg,0,real,jpeg_q70,0.133856,0,1
data\val\real\000000015079.jpg,0,real,jpeg_q70,0.139522,0,1
data\val\real\000000015254.jpg,0,real,jpeg_q70,0.121319,0,1
data\val\real\000000015272.jpg,0,real,jpeg_q70,0.107484,0,1
data\val\real\000000015278.jpg,0,real,jpeg_q70,0.167828,0,1
data\val\real\000000015335.jpg,0,real,jpeg_q70,0.004416,0,1
data\val\real\000000015338.jpg,0,real,jpeg_q70,0.121982,0,1
data\val\real\000000015440.jpg,0,real,jpeg_q70,0.828617,1,0
data\val\real\000000015497.jpg,0,real,jpeg_q70,0.022763,0,1
data\val\real\000000015517.jpg,0,real,jpeg_q70,0.015269,0,1
data\val\real\000000015597.jpg,0,real,jpeg_q70,0.019468,0,1
data\val\real\000000015660.jpg,0,real,jpeg_q70,0.295297,0,1
data\val\real\000000015746.jpg,0,real,jpeg_q70,0.176154,0,1
data\val\real\000000015751.jpg,0,real,jpeg_q70,0.029194,0,1
data\val\real\000000015956.jpg,0,real,jpeg_q70,0.022445,0,1
data\val\real\000000016010.jpg,0,real,jpeg_q70,0.022286,0,1
data\val\real\000000016228.jpg,0,real,jpeg_q70,0.257485,0,1
data\val\real\000000016249.jpg,0,real,jpeg_q70,0.063510,0,1
data\val\real\000000016439.jpg,0,real,jpeg_q70,0.321414,0,1
data\val\real\000000016451.jpg,0,real,jpeg_q70,0.128140,0,1
data\val\real\000000016502.jpg,0,real,jpeg_q70,0.210550,0,1
data\val\real\000000016598.jpg,0,real,jpeg_q70,0.007164,0,1
data\val\real\000000016958.jpg,0,real,jpeg_q70,0.042084,0,1
data\val\real\000000017029.jpg,0,real,jpeg_q70,0.159284,0,1
data\val\real\000000017031.jpg,0,real,jpeg_q70,0.369350,0,1
data\val\real\000000017115.jpg,0,real,jpeg_q70,0.351881,0,1
data\val\real\000000017178.jpg,0,real,jpeg_q70,0.662929,1,0
data\val\real\000000017182.jpg,0,real,jpeg_q70,0.191434,0,1
data\val\real\000000017207.jpg,0,real,jpeg_q70,0.037045,0,1
data\val\real\000000017379.jpg,0,real,jpeg_q70,0.485623,0,1
data\val\real\000000017436.jpg,0,real,jpeg_q70,0.028383,0,1
data\val\real\000000017627.jpg,0,real,jpeg_q70,0.011373,0,1
data\val\real\000000017714.jpg,0,real,jpeg_q70,0.223426,0,1
data\val\real\000000017899.jpg,0,real,jpeg_q70,0.014452,0,1
data\val\real\000000017905.jpg,0,real,jpeg_q70,0.008577,0,1
data\val\real\000000017959.jpg,0,real,jpeg_q70,0.241349,0,1
data\val\real\000000018150.jpg,0,real,jpeg_q70,0.035709,0,1
data\val\real\000000018193.jpg,0,real,jpeg_q70,0.006138,0,1
data\val\real\000000018380.jpg,0,real,jpeg_q70,0.261146,0,1
data\val\real\000000018491.jpg,0,real,jpeg_q70,0.085551,0,1
data\val\real\000000018519.jpg,0,real,jpeg_q70,0.291635,0,1
data\val\real\000000018575.jpg,0,real,jpeg_q70,0.060302,0,1
data\val\real\000000018737.jpg,0,real,jpeg_q70,0.050011,0,1
data\val\real\000000018770.jpg,0,real,jpeg_q70,0.062994,0,1
data\val\real\000000018833.jpg,0,real,jpeg_q70,0.409568,0,1
data\val\real\000000018837.jpg,0,real,jpeg_q70,0.109326,0,1
data\val\real\000000019042.jpg,0,real,jpeg_q70,0.030937,0,1
data\val\real\000000019109.jpg,0,real,jpeg_q70,0.179087,0,1
data\val\real\000000019221.jpg,0,real,jpeg_q70,0.015721,0,1
data\val\real\000000019402.jpg,0,real,jpeg_q70,0.004194,0,1
data\val\real\000000019432.jpg,0,real,jpeg_q70,0.029447,0,1
data\val\real\000000019742.jpg,0,real,jpeg_q70,0.188344,0,1
data\val\real\000000019786.jpg,0,real,jpeg_q70,0.012257,0,1
data\val\real\000000019924.jpg,0,real,jpeg_q70,0.741227,1,0
data\val\real\000000020059.jpg,0,real,jpeg_q70,0.089850,0,1
data\val\real\000000020107.jpg,0,real,jpeg_q70,0.024789,0,1
data\val\real\000000020247.jpg,0,real,jpeg_q70,0.327038,0,1
data\val\real\000000020333.jpg,0,real,jpeg_q70,0.153881,0,1
data\val\real\000000020553.jpg,0,real,jpeg_q70,0.150499,0,1
data\val\real\000000020571.jpg,0,real,jpeg_q70,0.128610,0,1
data\val\real\000000020992.jpg,0,real,jpeg_q70,0.056219,0,1
data\val\real\000000021167.jpg,0,real,jpeg_q70,0.005259,0,1
data\val\real\000000021465.jpg,0,real,jpeg_q70,0.013685,0,1
data\val\real\000000021503.jpg,0,real,jpeg_q70,0.006407,0,1
data\val\real\000000021604.jpg,0,real,jpeg_q70,0.901367,1,0
data\val\real\000000021839.jpg,0,real,jpeg_q70,0.008998,0,1
data\val\real\000000021879.jpg,0,real,jpeg_q70,0.120021,0,1
data\val\real\000000021903.jpg,0,real,jpeg_q70,0.276434,0,1
data\val\real\000000022192.jpg,0,real,jpeg_q70,0.030497,0,1
data\val\real\000000022371.jpg,0,real,jpeg_q70,0.982242,1,0
data\val\real\000000022396.jpg,0,real,jpeg_q70,0.117657,0,1
data\val\real\000000022479.jpg,0,real,jpeg_q70,0.061893,0,1
data\val\real\000000022589.jpg,0,real,jpeg_q70,0.055045,0,1
data\val\real\000000022623.jpg,0,real,jpeg_q70,0.208630,0,1
data\val\real\000000022705.jpg,0,real,jpeg_q70,0.006492,0,1
data\val\real\000000022755.jpg,0,real,jpeg_q70,0.263369,0,1
data\val\real\000000022892.jpg,0,real,jpeg_q70,0.138623,0,1
data\val\real\000000022935.jpg,0,real,jpeg_q70,0.126674,0,1
data\val\real\000000022969.jpg,0,real,jpeg_q70,0.228813,0,1
data\val\real\000000023023.jpg,0,real,jpeg_q70,0.058202,0,1
data\val\real\000000023034.jpg,0,real,jpeg_q70,0.019600,0,1
data\val\real\000000023126.jpg,0,real,jpeg_q70,0.707712,1,0
data\val\real\000000023230.jpg,0,real,jpeg_q70,0.019548,0,1
data\val\real\000000023272.jpg,0,real,jpeg_q70,0.046594,0,1
data\val\real\000000023359.jpg,0,real,jpeg_q70,0.280830,0,1
data\val\real\000000023666.jpg,0,real,jpeg_q70,0.256136,0,1
data\val\real\000000023751.jpg,0,real,jpeg_q70,0.012031,0,1
data\val\real\000000023781.jpg,0,real,jpeg_q70,0.296573,0,1
data\val\real\000000023899.jpg,0,real,jpeg_q70,0.038002,0,1
data\val\real\000000023937.jpg,0,real,jpeg_q70,0.170855,0,1
data\val\real\000000024021.jpg,0,real,jpeg_q70,0.180840,0,1
data\val\real\000000024027.jpg,0,real,jpeg_q70,0.082748,0,1
data\val\real\000000024144.jpg,0,real,jpeg_q70,0.302221,0,1
data\val\real\000000024243.jpg,0,real,jpeg_q70,0.523990,1,0
data\val\real\000000024567.jpg,0,real,jpeg_q70,0.020897,0,1
data\val\real\000000024610.jpg,0,real,jpeg_q70,0.035374,0,1
data\val\real\000000024919.jpg,0,real,jpeg_q70,0.636493,1,0
data\val\real\000000025057.jpg,0,real,jpeg_q70,0.093555,0,1
data\val\real\000000025096.jpg,0,real,jpeg_q70,0.032940,0,1
data\val\real\000000025139.jpg,0,real,jpeg_q70,0.134559,0,1
data\val\real\000000025181.jpg,0,real,jpeg_q70,0.736095,1,0
data\val\real\000000025228.jpg,0,real,jpeg_q70,0.057094,0,1
data\val\real\000000025386.jpg,0,real,jpeg_q70,0.012093,0,1
data\val\real\000000025393.jpg,0,real,jpeg_q70,0.008667,0,1
data\val\real\000000025394.jpg,0,real,jpeg_q70,0.016017,0,1
data\val\real\000000025424.jpg,0,real,jpeg_q70,0.286528,0,1
data\val\real\000000025560.jpg,0,real,jpeg_q70,0.040204,0,1
data\val\real\000000025593.jpg,0,real,jpeg_q70,0.235692,0,1
data\val\real\000000025603.jpg,0,real,jpeg_q70,0.003850,0,1
data\val\real\000000025986.jpg,0,real,jpeg_q70,0.024007,0,1
data\val\real\000000026204.jpg,0,real,jpeg_q70,0.039852,0,1
data\val\real\000000026465.jpg,0,real,jpeg_q70,0.006534,0,1
data\val\real\000000026564.jpg,0,real,jpeg_q70,0.075560,0,1
data\val\real\000000026690.jpg,0,real,jpeg_q70,0.071254,0,1
data\val\real\000000026926.jpg,0,real,jpeg_q70,0.709936,1,0
data\val\real\000000026941.jpg,0,real,jpeg_q70,0.829881,1,0
data\val\real\000000027186.jpg,0,real,jpeg_q70,0.070573,0,1
data\val\real\000000027620.jpg,0,real,jpeg_q70,0.068911,0,1
data\val\real\000000027696.jpg,0,real,jpeg_q70,0.030315,0,1
data\val\real\000000027768.jpg,0,real,jpeg_q70,0.101097,0,1
data\val\real\000000027932.jpg,0,real,jpeg_q70,0.341492,0,1
data\val\real\000000027972.jpg,0,real,jpeg_q70,0.486874,0,1
data\val\real\000000027982.jpg,0,real,jpeg_q70,0.280285,0,1
data\val\real\000000028285.jpg,0,real,jpeg_q70,0.055023,0,1
data\val\real\000000028449.jpg,0,real,jpeg_q70,0.501493,1,0
data\val\real\000000028452.jpg,0,real,jpeg_q70,0.439993,0,1
data\val\real\000000028809.jpg,0,real,jpeg_q70,0.117766,0,1
data\val\real\000000028993.jpg,0,real,jpeg_q70,0.263664,0,1
data\val\real\000000029187.jpg,0,real,jpeg_q70,0.003141,0,1
data\val\real\000000029393.jpg,0,real,jpeg_q70,0.020238,0,1
data\val\real\000000029397.jpg,0,real,jpeg_q70,0.004229,0,1
data\val\real\000000029596.jpg,0,real,jpeg_q70,0.558762,1,0
data\val\real\000000029640.jpg,0,real,jpeg_q70,0.387165,0,1
data\val\real\000000029675.jpg,0,real,jpeg_q70,0.211467,0,1
data\val\real\000000029984.jpg,0,real,jpeg_q70,0.043209,0,1
data\val\real\000000030213.jpg,0,real,jpeg_q70,0.275677,0,1
data\val\real\000000030494.jpg,0,real,jpeg_q70,0.008453,0,1
data\val\real\000000030504.jpg,0,real,jpeg_q70,0.175937,0,1
data\val\real\000000030675.jpg,0,real,jpeg_q70,0.694045,1,0
data\val\real\000000030785.jpg,0,real,jpeg_q70,0.345248,0,1
data\val\real\000000030828.jpg,0,real,jpeg_q70,0.298007,0,1
data\val\real\000000031050.jpg,0,real,jpeg_q70,0.009074,0,1
data\val\real\000000031093.jpg,0,real,jpeg_q70,0.173666,0,1
data\val\real\000000031118.jpg,0,real,jpeg_q70,0.561660,1,0
data\val\real\000000031217.jpg,0,real,jpeg_q70,0.180047,0,1
data\val\real\000000031248.jpg,0,real,jpeg_q70,0.115498,0,1
data\val\real\000000031269.jpg,0,real,jpeg_q70,0.208750,0,1
data\val\real\000000031296.jpg,0,real,jpeg_q70,0.007589,0,1
data\val\real\000000031322.jpg,0,real,jpeg_q70,0.335130,0,1
data\val\real\000000031620.jpg,0,real,jpeg_q70,0.001635,0,1
data\val\real\000000031735.jpg,0,real,jpeg_q70,0.004963,0,1
data\val\real\000000031749.jpg,0,real,jpeg_q70,0.153832,0,1
data\val\real\000000031817.jpg,0,real,jpeg_q70,0.005637,0,1
data\val\real\000000032038.jpg,0,real,jpeg_q70,0.081915,0,1
data\val\real\000000032081.jpg,0,real,jpeg_q70,0.334402,0,1
data\val\real\000000032285.jpg,0,real,jpeg_q70,0.148776,0,1
data\val\real\000000032334.jpg,0,real,jpeg_q70,0.004920,0,1
data\val\real\000000032570.jpg,0,real,jpeg_q70,0.833447,1,0
data\val\real\000000032610.jpg,0,real,jpeg_q70,0.027767,0,1
data\val\real\000000032735.jpg,0,real,jpeg_q70,0.194044,0,1
data\val\real\000000032811.jpg,0,real,jpeg_q70,0.059856,0,1
data\val\real\000000032817.jpg,0,real,jpeg_q70,0.069139,0,1
data\val\real\000000032861.jpg,0,real,jpeg_q70,0.653546,1,0
data\val\real\000000032887.jpg,0,real,jpeg_q70,0.007072,0,1
data\val\real\000000032901.jpg,0,real,jpeg_q70,0.002742,0,1
data\val\real\000000032941.jpg,0,real,jpeg_q70,0.069375,0,1
data\val\real\000000033005.jpg,0,real,jpeg_q70,0.227098,0,1
data\val\real\000000033104.jpg,0,real,jpeg_q70,0.011709,0,1
data\val\real\000000033109.jpg,0,real,jpeg_q70,0.160758,0,1
data\val\real\000000033114.jpg,0,real,jpeg_q70,0.410373,0,1
data\val\real\000000033221.jpg,0,real,jpeg_q70,0.003696,0,1
data\val\real\000000033368.jpg,0,real,jpeg_q70,0.685754,1,0
data\val\real\000000033638.jpg,0,real,jpeg_q70,0.042691,0,1
data\val\real\000000033707.jpg,0,real,jpeg_q70,0.121055,0,1
data\val\real\000000033759.jpg,0,real,jpeg_q70,0.142594,0,1
data\val\real\000000033854.jpg,0,real,jpeg_q70,0.044570,0,1
data\val\real\000000034071.jpg,0,real,jpeg_q70,0.760988,1,0
data\val\real\000000034139.jpg,0,real,jpeg_q70,0.029442,0,1
data\val\real\000000034205.jpg,0,real,jpeg_q70,0.197320,0,1
data\val\real\000000034257.jpg,0,real,jpeg_q70,0.479129,0,1
data\val\real\000000034417.jpg,0,real,jpeg_q70,0.251768,0,1
data\val\real\000000034452.jpg,0,real,jpeg_q70,0.008872,0,1
data\val\real\000000034760.jpg,0,real,jpeg_q70,0.030544,0,1
data\val\real\000000034873.jpg,0,real,jpeg_q70,0.037940,0,1
data\val\real\000000035062.jpg,0,real,jpeg_q70,0.042023,0,1
data\val\real\000000035197.jpg,0,real,jpeg_q70,0.415910,0,1
data\val\real\000000035279.jpg,0,real,jpeg_q70,0.088296,0,1
data\val\real\000000035326.jpg,0,real,jpeg_q70,0.016594,0,1
data\val\real\000000035682.jpg,0,real,jpeg_q70,0.035108,0,1
data\val\real\000000035770.jpg,0,real,jpeg_q70,0.022589,0,1
data\val\real\000000035963.jpg,0,real,jpeg_q70,0.010633,0,1
data\val\real\000000036494.jpg,0,real,jpeg_q70,0.322265,0,1
data\val\real\000000036539.jpg,0,real,jpeg_q70,0.012233,0,1
data\val\real\000000036660.jpg,0,real,jpeg_q70,0.230877,0,1
data\val\real\000000036678.jpg,0,real,jpeg_q70,0.211576,0,1
data\val\real\000000036844.jpg,0,real,jpeg_q70,0.019039,0,1
data\val\real\000000036861.jpg,0,real,jpeg_q70,0.025000,0,1
data\val\real\000000036936.jpg,0,real,jpeg_q70,0.013777,0,1
data\val\real\000000037670.jpg,0,real,jpeg_q70,0.157569,0,1
data\val\real\000000037689.jpg,0,real,jpeg_q70,0.403365,0,1
data\val\real\000000037740.jpg,0,real,jpeg_q70,0.345453,0,1
data\val\real\000000037751.jpg,0,real,jpeg_q70,0.074797,0,1
data\val\real\000000037777.jpg,0,real,jpeg_q70,0.171927,0,1
data\val\real\000000037988.jpg,0,real,jpeg_q70,0.121550,0,1
data\val\real\000000038048.jpg,0,real,jpeg_q70,0.032611,0,1
data\val\real\000000038070.jpg,0,real,jpeg_q70,0.347468,0,1
data\val\real\000000038118.jpg,0,real,jpeg_q70,0.516253,1,0
data\val\real\000000038210.jpg,0,real,jpeg_q70,0.412281,0,1
data\val\real\000000038576.jpg,0,real,jpeg_q70,0.464138,0,1
data\val\real\000000038678.jpg,0,real,jpeg_q70,0.005419,0,1
data\val\real\000000038825.jpg,0,real,jpeg_q70,0.341123,0,1
data\val\real\000000038829.jpg,0,real,jpeg_q70,0.030989,0,1
data\val\real\000000039405.jpg,0,real,jpeg_q70,0.079390,0,1
data\val\real\000000039477.jpg,0,real,jpeg_q70,0.202509,0,1
data\val\real\000000039480.jpg,0,real,jpeg_q70,0.104443,0,1
data\val\real\000000039484.jpg,0,real,jpeg_q70,0.149816,0,1
data\val\real\000000039551.jpg,0,real,jpeg_q70,0.556043,1,0
data\val\real\000000039670.jpg,0,real,jpeg_q70,0.231745,0,1
data\val\real\000000039769.jpg,0,real,jpeg_q70,0.024232,0,1
data\val\real\000000039785.jpg,0,real,jpeg_q70,0.268082,0,1
data\val\real\000000039914.jpg,0,real,jpeg_q70,0.007881,0,1
data\val\real\000000039951.jpg,0,real,jpeg_q70,0.075643,0,1
data\val\real\000000039956.jpg,0,real,jpeg_q70,0.560132,1,0
data\val\real\000000040036.jpg,0,real,jpeg_q70,0.199305,0,1
data\val\real\000000040083.jpg,0,real,jpeg_q70,0.035106,0,1
data\val\real\000000040471.jpg,0,real,jpeg_q70,0.029879,0,1
data\val\real\000000040757.jpg,0,real,jpeg_q70,0.222092,0,1
data\val\real\000000041488.jpg,0,real,jpeg_q70,0.733130,1,0
data\val\real\000000041633.jpg,0,real,jpeg_q70,0.542288,1,0
data\val\real\000000041635.jpg,0,real,jpeg_q70,0.121771,0,1
data\val\real\000000041872.jpg,0,real,jpeg_q70,0.223697,0,1
data\val\real\000000041888.jpg,0,real,jpeg_q70,0.094946,0,1
data\val\real\000000041990.jpg,0,real,jpeg_q70,0.058917,0,1
data\val\real\000000042070.jpg,0,real,jpeg_q70,0.281369,0,1
data\val\real\000000042102.jpg,0,real,jpeg_q70,0.020282,0,1
data\val\real\000000042178.jpg,0,real,jpeg_q70,0.399851,0,1
data\val\real\000000042276.jpg,0,real,jpeg_q70,0.128369,0,1
data\val\real\000000042296.jpg,0,real,jpeg_q70,0.330774,0,1
data\val\real\000000042528.jpg,0,real,jpeg_q70,0.016139,0,1
data\val\real\000000042563.jpg,0,real,jpeg_q70,0.235765,0,1
data\val\real\000000042628.jpg,0,real,jpeg_q70,0.033629,0,1
data\val\real\000000042888.jpg,0,real,jpeg_q70,0.046738,0,1
data\val\real\000000042889.jpg,0,real,jpeg_q70,0.021181,0,1
data\val\real\000000043314.jpg,0,real,jpeg_q70,0.167726,0,1
data\val\real\000000043435.jpg,0,real,jpeg_q70,0.577021,1,0
data\val\real\000000043581.jpg,0,real,jpeg_q70,0.100309,0,1
data\val\real\000000043737.jpg,0,real,jpeg_q70,0.200076,0,1
data\val\real\000000043816.jpg,0,real,jpeg_q70,0.254063,0,1
data\val\real\000000044068.jpg,0,real,jpeg_q70,0.033213,0,1
data\val\real\000000044195.jpg,0,real,jpeg_q70,0.288617,0,1
data\val\real\000000044260.jpg,0,real,jpeg_q70,0.663844,1,0
data\val\real\000000044279.jpg,0,real,jpeg_q70,0.068606,0,1
data\val\real\000000044590.jpg,0,real,jpeg_q70,0.093435,0,1
data\val\real\000000044652.jpg,0,real,jpeg_q70,0.044346,0,1
data\val\real\000000044699.jpg,0,real,jpeg_q70,0.711296,1,0
data\val\real\000000044877.jpg,0,real,jpeg_q70,0.252199,0,1
data\val\real\000000045070.jpg,0,real,jpeg_q70,0.184925,0,1
data\val\real\000000045090.jpg,0,real,jpeg_q70,0.204370,0,1
data\val\real\000000045229.jpg,0,real,jpeg_q70,0.552861,1,0
data\val\real\000000045472.jpg,0,real,jpeg_q70,0.079465,0,1
data\val\real\000000045550.jpg,0,real,jpeg_q70,0.009960,0,1
data\val\real\000000045596.jpg,0,real,jpeg_q70,0.017271,0,1
data\val\real\000000045728.jpg,0,real,jpeg_q70,0.050077,0,1
data\val\real\000000046031.jpg,0,real,jpeg_q70,0.018649,0,1
data\val\real\000000046048.jpg,0,real,jpeg_q70,0.026780,0,1
data\val\real\000000046252.jpg,0,real,jpeg_q70,0.420234,0,1
data\val\real\000000046378.jpg,0,real,jpeg_q70,0.042623,0,1
data\val\real\000000046463.jpg,0,real,jpeg_q70,0.017006,0,1
data\val\real\000000046497.jpg,0,real,jpeg_q70,0.018729,0,1
data\val\real\000000046804.jpg,0,real,jpeg_q70,0.072638,0,1
data\val\real\000000046872.jpg,0,real,jpeg_q70,0.177406,0,1
data\val\real\000000047010.jpg,0,real,jpeg_q70,0.359464,0,1
data\val\real\000000047112.jpg,0,real,jpeg_q70,0.135264,0,1
data\val\real\000000047121.jpg,0,real,jpeg_q70,0.072696,0,1
data\val\real\000000047571.jpg,0,real,jpeg_q70,0.085508,0,1
data\val\real\000000047585.jpg,0,real,jpeg_q70,0.003323,0,1
data\val\real\000000047740.jpg,0,real,jpeg_q70,0.005593,0,1
data\val\real\000000047769.jpg,0,real,jpeg_q70,0.047080,0,1
data\val\real\000000047801.jpg,0,real,jpeg_q70,0.035975,0,1
data\val\real\000000047819.jpg,0,real,jpeg_q70,0.097718,0,1
data\val\real\000000047828.jpg,0,real,jpeg_q70,0.626101,1,0
data\val\real\000000048153.jpg,0,real,jpeg_q70,0.025810,0,1
data\val\real\000000048396.jpg,0,real,jpeg_q70,0.016252,0,1
data\val\real\000000048504.jpg,0,real,jpeg_q70,0.429182,0,1
data\val\real\000000048555.jpg,0,real,jpeg_q70,0.430486,0,1
data\val\real\000000048564.jpg,0,real,jpeg_q70,0.023076,0,1
data\val\real\000000048924.jpg,0,real,jpeg_q70,0.872627,1,0
data\val\real\000000049060.jpg,0,real,jpeg_q70,0.038392,0,1
data\val\real\000000049091.jpg,0,real,jpeg_q70,0.069567,0,1
data\val\real\000000049259.jpg,0,real,jpeg_q70,0.021342,0,1
data\val\real\000000049269.jpg,0,real,jpeg_q70,0.705378,1,0
data\val\real\000000049759.jpg,0,real,jpeg_q70,0.358802,0,1
data\val\real\000000049761.jpg,0,real,jpeg_q70,0.077875,0,1
data\val\real\000000049810.jpg,0,real,jpeg_q70,0.279629,0,1
data\val\real\000000050006.jpg,0,real,jpeg_q70,0.076112,0,1
data\val\real\000000050145.jpg,0,real,jpeg_q70,0.017448,0,1
data\val\real\000000050149.jpg,0,real,jpeg_q70,0.302825,0,1
data\val\real\000000050165.jpg,0,real,jpeg_q70,0.371207,0,1
data\val\real\000000050326.jpg,0,real,jpeg_q70,0.024869,0,1
data\val\real\000000050331.jpg,0,real,jpeg_q70,0.032445,0,1
data\val\real\000000050380.jpg,0,real,jpeg_q70,0.233744,0,1
data\val\real\000000050638.jpg,0,real,jpeg_q70,0.665181,1,0
data\val\real\000000050679.jpg,0,real,jpeg_q70,0.323822,0,1
data\val\real\000000050811.jpg,0,real,jpeg_q70,0.036070,0,1
data\val\real\000000050828.jpg,0,real,jpeg_q70,0.100384,0,1
data\val\real\000000050844.jpg,0,real,jpeg_q70,0.261532,0,1
data\val\real\000000050896.jpg,0,real,jpeg_q70,0.333549,0,1
data\val\real\000000050943.jpg,0,real,jpeg_q70,0.225405,0,1
data\val\real\000000051008.jpg,0,real,jpeg_q70,0.047832,0,1
data\val\real\000000051309.jpg,0,real,jpeg_q70,0.323183,0,1
data\val\real\000000051314.jpg,0,real,jpeg_q70,0.396159,0,1
data\val\real\000000051326.jpg,0,real,jpeg_q70,0.016391,0,1
data\val\real\000000051598.jpg,0,real,jpeg_q70,0.011908,0,1
data\val\real\000000051610.jpg,0,real,jpeg_q70,0.600529,1,0
data\val\real\000000051712.jpg,0,real,jpeg_q70,0.649952,1,0
data\val\real\000000051738.jpg,0,real,jpeg_q70,0.087338,0,1
data\val\real\000000051938.jpg,0,real,jpeg_q70,0.206007,0,1
data\val\real\000000051961.jpg,0,real,jpeg_q70,0.034433,0,1
data\val\real\000000051976.jpg,0,real,jpeg_q70,0.593944,1,0
data\val\real\000000052007.jpg,0,real,jpeg_q70,0.276238,0,1
data\val\real\000000052017.jpg,0,real,jpeg_q70,0.515590,1,0
data\val\real\000000052412.jpg,0,real,jpeg_q70,0.454458,0,1
data\val\real\000000052413.jpg,0,real,jpeg_q70,0.052939,0,1
data\val\real\000000052462.jpg,0,real,jpeg_q70,0.453158,0,1
data\val\real\000000052507.jpg,0,real,jpeg_q70,0.326677,0,1
data\val\real\000000052565.jpg,0,real,jpeg_q70,0.250477,0,1
data\val\real\000000052591.jpg,0,real,jpeg_q70,0.595082,1,0
data\val\real\000000052891.jpg,0,real,jpeg_q70,0.134169,0,1
data\val\real\000000052996.jpg,0,real,jpeg_q70,0.005767,0,1
data\val\real\000000053505.jpg,0,real,jpeg_q70,0.142177,0,1
data\val\real\000000053529.jpg,0,real,jpeg_q70,0.348276,0,1
data\val\real\000000053624.jpg,0,real,jpeg_q70,0.054855,0,1
data\val\real\000000053626.jpg,0,real,jpeg_q70,0.024050,0,1
data\val\real\000000053909.jpg,0,real,jpeg_q70,0.010549,0,1
data\val\real\000000053994.jpg,0,real,jpeg_q70,0.147961,0,1
data\val\real\000000054123.jpg,0,real,jpeg_q70,0.448653,0,1
data\val\real\000000054164.jpg,0,real,jpeg_q70,0.545630,1,0
data\val\real\000000054592.jpg,0,real,jpeg_q70,0.671698,1,0
data\val\real\000000054593.jpg,0,real,jpeg_q70,0.080984,0,1
data\val\real\000000054605.jpg,0,real,jpeg_q70,0.118212,0,1
data\val\real\000000054628.jpg,0,real,jpeg_q70,0.089473,0,1
data\val\real\000000054654.jpg,0,real,jpeg_q70,0.011841,0,1
data\val\real\000000054931.jpg,0,real,jpeg_q70,0.385928,0,1
data\val\real\000000054967.jpg,0,real,jpeg_q70,0.219581,0,1
data\val\real\000000055002.jpg,0,real,jpeg_q70,0.139473,0,1
data\val\real\000000055022.jpg,0,real,jpeg_q70,0.052401,0,1
data\val\real\000000055072.jpg,0,real,jpeg_q70,0.449063,0,1
data\val\real\000000055150.jpg,0,real,jpeg_q70,0.089125,0,1
data\val\real\000000055167.jpg,0,real,jpeg_q70,0.020130,0,1
data\val\real\000000055299.jpg,0,real,jpeg_q70,0.267460,0,1
data\val\real\000000055528.jpg,0,real,jpeg_q70,0.004496,0,1
data\val\real\000000055950.jpg,0,real,jpeg_q70,0.195385,0,1
data\val\real\000000056127.jpg,0,real,jpeg_q70,0.024177,0,1
data\val\real\000000056288.jpg,0,real,jpeg_q70,0.211889,0,1
data\val\real\000000056344.jpg,0,real,jpeg_q70,0.160045,0,1
data\val\real\000000056350.jpg,0,real,jpeg_q70,0.245903,0,1
data\val\real\000000056545.jpg,0,real,jpeg_q70,0.007380,0,1
data\wildfake\Images\Diffusion_based\DALLE\DALLE\Advanced\DALLE3\dalle3\202311011943129901ca391019566e\0000bc251bd2e98239266f18c7422f00.jpg,1,ai,jpeg_q70,0.996515,1,1
data\wildfake\Images\Diffusion_based\DALLE\DALLE\Advanced\DALLE3\dalle3\202311011943129901ca391019566e\001f5052a8976abf8628979c0a3295fd.jpg,1,ai,jpeg_q70,0.983394,1,1
data\wildfake\Images\Diffusion_based\DALLE\DALLE\Advanced\DALLE3\dalle3\202311011943129901ca391019566e\003a4c6ab6f2b3ab9658a92b5f05945e.jpg,1,ai,jpeg_q70,0.997477,1,1
data\wildfake\Images\Diffusion_based\DALLE\DALLE\Advanced\DALLE3\dalle3\202311011943129901ca391019566e\0043fbaa145d5c0a2a40d46645ed83cb.jpg,1,ai,jpeg_q70,0.937116,1,1
data\wildfake\Images\Diffusion_based\DALLE\DALLE\Advanced\DALLE3\dalle3\202311011943129901ca391019566e\00470ad00ea26cb498a51499f937e52b.jpg,1,ai,jpeg_q70,0.882446,1,1
data\wildfake\Images\Diffusion_based\DALLE\DALLE\Advanced\DALLE3\dalle3\202311011943129901ca391019566e\0052d17a5ef60d0d179717f85046f4b1.jpg,1,ai,jpeg_q70,0.924536,1,1
data\wildfake\Images\Diffusion_based\DALLE\DALLE\Advanced\DALLE3\dalle3\202311011943129901ca391019566e\009bbc62119d37a8fbb83bb9e0dbc508.jpg,1,ai,jpeg_q70,0.990642,1,1
data\wildfake\Images\Diffusion_based\DALLE\DALLE\Advanced\DALLE3\dalle3\202311011943129901ca391019566e\00c573bb9bc5a7eb21bc3be7ae501662.jpg,1,ai,jpeg_q70,0.599892,1,1
data\wildfake\Images\Diffusion_based\DALLE\DALLE\Advanced\DALLE3\dalle3\202311011943129901ca391019566e\00d38429f2b27b0c1704ee2e62d7a990.jpg,1,ai,jpeg_q70,0.606039,1,1
data\wildfake\Images\Diffusion_based\DALLE\DALLE\Advanced\DALLE3\dalle3\202311011943129901ca391019566e\00d73c1e7e3b3890737927fc56ce6e63.jpg,1,ai,jpeg_q70,0.872575,1,1
data\wildfake\Images\Diffusion_based\DALLE\DALLE\Advanced\DALLE3\dalle3\202311011943129901ca391019566e\00fcdf259a2e197eea470d5df3473c65.jpg,1,ai,jpeg_q70,0.978234,1,1
data\wildfake\Images\Diffusion_based\DALLE\DALLE\Advanced\DALLE3\dalle3\202311011943129901ca391019566e\01007fafc81c71ac48435ee0c7d4f2e3.jpg,1,ai,jpeg_q70,0.980407,1,1
data\wildfake\Images\Diffusion_based\DALLE\DALLE\Advanced\DALLE3\dalle3\202311011943129901ca391019566e\010d7366d58b4b5c787bcad069c1730b.jpg,1,ai,jpeg_q70,0.991270,1,1
data\wildfake\Images\Diffusion_based\DALLE\DALLE\Advanced\DALLE3\dalle3\202311011943129901ca391019566e\012bdc65f98678a9d2f300d3828985c2.jpg,1,ai,jpeg_q70,0.782768,1,1
data\wildfake\Images\Diffusion_based\DALLE\DALLE\Advanced\DALLE3\dalle3\202311011943129901ca391019566e\01427a315cdbac9741097790f78aa0fe.jpg,1,ai,jpeg_q70,0.985676,1,1
data\wildfake\Images\Diffusion_based\DALLE\DALLE\Advanced\DALLE3\dalle3\202311011943129901ca391019566e\01686507673b71e4d1fae61f9f3f305b.jpg,1,ai,jpeg_q70,0.972212,1,1
data\wildfake\Images\Diffusion_based\DALLE\DALLE\Advanced\DALLE3\dalle3\202311011943129901ca391019566e\0199b3d7eac3efb5e6a57ec8044c6f87.jpg,1,ai,jpeg_q70,0.981205,1,1
data\wildfake\Images\Diffusion_based\DALLE\DALLE\Advanced\DALLE3\dalle3\202311011943129901ca391019566e\019e486743b8e231bc299da988d9e6c8.jpg,1,ai,jpeg_q70,0.720335,1,1
data\wildfake\Images\Diffusion_based\DALLE\DALLE\Advanced\DALLE3\dalle3\202311011943129901ca391019566e\01ba9ec6bf20f7713b2367189281182e.jpg,1,ai,jpeg_q70,0.978424,1,1
data\wildfake\Images\Diffusion_based\DALLE\DALLE\Advanced\DALLE3\dalle3\202311011943129901ca391019566e\021108a4d05cd0b11e99b0138260665a.jpg,1,ai,jpeg_q70,0.648278,1,1
data\wildfake\Images\Diffusion_based\DALLE\DALLE\Advanced\DALLE3\dalle3\202311011943129901ca391019566e\0256205126a50f7e83488b229ad926b8.jpg,1,ai,jpeg_q70,0.907532,1,1
data\wildfake\Images\Diffusion_based\DALLE\DALLE\Advanced\DALLE3\dalle3\202311011943129901ca391019566e\028f173ecc8a7a865659c2d0bfb76cc0.jpg,1,ai,jpeg_q70,0.912937,1,1
data\wildfake\Images\Diffusion_based\DALLE\DALLE\Advanced\DALLE3\dalle3\202311011943129901ca391019566e\02c359a2bd6af2a45834b8ea3c86f63d.jpg,1,ai,jpeg_q70,0.706940,1,1
data\wildfake\Images\Diffusion_based\DALLE\DALLE\Advanced\DALLE3\dalle3\202311011943129901ca391019566e\02c38b86651eb0b1d5b9f61262d508ee.jpg,1,ai,jpeg_q70,0.980284,1,1
data\wildfake\Images\Diffusion_based\DALLE\DALLE\Advanced\DALLE3\dalle3\202311011943129901ca391019566e\02e9dfc8287798fdac01d4461933d577.jpg,1,ai,jpeg_q70,0.779802,1,1
data\wildfake\Images\Diffusion_based\DALLE\DALLE\Advanced\DALLE3\dalle3\202311011943129901ca391019566e\0304eaaaac6b68aec926d8544f214c81.jpg,1,ai,jpeg_q70,0.993777,1,1
data\wildfake\Images\Diffusion_based\DALLE\DALLE\Advanced\DALLE3\dalle3\202311011943129901ca391019566e\03086a843653df9b1ab5e57e5ecc2eff.jpg,1,ai,jpeg_q70,0.967815,1,1
data\wildfake\Images\Diffusion_based\DALLE\DALLE\Advanced\DALLE3\dalle3\202311011943129901ca391019566e\031844ca3fc6976c3f7e27610993b1dc.jpg,1,ai,jpeg_q70,0.980122,1,1
data\wildfake\Images\Diffusion_based\DALLE\DALLE\Advanced\DALLE3\dalle3\202311011943129901ca391019566e\032adbac54f2e53fbefb58dfa5c05d73.jpg,1,ai,jpeg_q70,0.951268,1,1
data\wildfake\Images\Diffusion_based\DALLE\DALLE\Advanced\DALLE3\dalle3\202311011943129901ca391019566e\033447efc58758adfcae16ba3835f106.jpg,1,ai,jpeg_q70,0.990340,1,1
data\wildfake\Images\Diffusion_based\DALLE\DALLE\Advanced\DALLE3\dalle3\202311011943129901ca391019566e\03aa56112f102b4497c1067d89d3de75.jpg,1,ai,jpeg_q70,0.964090,1,1
data\wildfake\Images\Diffusion_based\DALLE\DALLE\Advanced\DALLE3\dalle3\202311011943129901ca391019566e\042346a5a0950c816b3eec5a543462c5.jpg,1,ai,jpeg_q70,0.605168,1,1
data\wildfake\Images\Diffusion_based\DALLE\DALLE\Advanced\DALLE3\dalle3\202311011943129901ca391019566e\044f4f988518587886dc78b7d1da2b45.jpg,1,ai,jpeg_q70,0.926245,1,1
data\wildfake\Images\Diffusion_based\DALLE\DALLE\Advanced\DALLE3\dalle3\202311011943129901ca391019566e\04b89f4920d9cd392bb6521250256fb3.jpg,1,ai,jpeg_q70,0.962916,1,1
data\wildfake\Images\Diffusion_based\DALLE\DALLE\Advanced\DALLE3\dalle3\202311011943129901ca391019566e\04c4079b8c37703b654ee05f2da9d71b.jpg,1,ai,jpeg_q70,0.857947,1,1
data\wildfake\Images\Diffusion_based\DALLE\DALLE\Advanced\DALLE3\dalle3\202311011943129901ca391019566e\04e5ba4cdc8740da933119ebe3b88668.jpg,1,ai,jpeg_q70,0.978109,1,1
data\wildfake\Images\Diffusion_based\DALLE\DALLE\Advanced\DALLE3\dalle3\202311011943129901ca391019566e\050b5d5acf449d4939e62fb5c3dbf3dd.jpg,1,ai,jpeg_q70,0.976527,1,1
data\wildfake\Images\Diffusion_based\DALLE\DALLE\Advanced\DALLE3\dalle3\202311011943129901ca391019566e\051b85c650f4595bb765a88f571557a1.jpg,1,ai,jpeg_q70,0.924104,1,1
data\wildfake\Images\Diffusion_based\DALLE\DALLE\Advanced\DALLE3\dalle3\202311011943129901ca391019566e\0584095ade8a9eba85efb3019908a95b.jpg,1,ai,jpeg_q70,0.997552,1,1
data\wildfake\Images\Diffusion_based\DALLE\DALLE\Advanced\DALLE3\dalle3\202311011943129901ca391019566e\05902e52fb144e8fed59ef1ee0869e97.jpg,1,ai,jpeg_q70,0.379788,0,0
data\wildfake\Images\Diffusion_based\DALLE\DALLE\Advanced\DALLE3\dalle3\202311011943129901ca391019566e\060f9dc482b69735c78fc3a6f62372e9.jpg,1,ai,jpeg_q70,0.974206,1,1
data\wildfake\Images\Diffusion_based\DALLE\DALLE\Advanced\DALLE3\dalle3\202311011943129901ca391019566e\061125bbe93758dfb0d061c40e1019f3.jpg,1,ai,jpeg_q70,0.951134,1,1
data\wildfake\Images\Diffusion_based\DALLE\DALLE\Advanced\DALLE3\dalle3\202311011943129901ca391019566e\064511de32ccec75414b9f2ce3ac8130.jpg,1,ai,jpeg_q70,0.582835,1,1
data\wildfake\Images\Diffusion_based\DALLE\DALLE\Advanced\DALLE3\dalle3\202311011943129901ca391019566e\0653efeb7b33b1f1be03442e653ab690.jpg,1,ai,jpeg_q70,0.973545,1,1
data\wildfake\Images\Diffusion_based\DALLE\DALLE\Advanced\DALLE3\dalle3\202311011943129901ca391019566e\068ebb34284b9566d51c19f2b750cb21.jpg,1,ai,jpeg_q70,0.998356,1,1
data\wildfake\Images\Diffusion_based\DALLE\DALLE\Advanced\DALLE3\dalle3\202311011943129901ca391019566e\0696de89cef0d21e693e051518b02177.jpg,1,ai,jpeg_q70,0.966456,1,1
data\wildfake\Images\Diffusion_based\DALLE\DALLE\Advanced\DALLE3\dalle3\202311011943129901ca391019566e\06cbd80cf7e04cdfab33cbcc40ed1377.jpg,1,ai,jpeg_q70,0.997925,1,1
data\wildfake\Images\Diffusion_based\DALLE\DALLE\Advanced\DALLE3\dalle3\202311011943129901ca391019566e\06d60b93f6e61c7edcfc5e5753de2a3e.jpg,1,ai,jpeg_q70,0.675861,1,1
data\wildfake\Images\Diffusion_based\DALLE\DALLE\Advanced\DALLE3\dalle3\202311011943129901ca391019566e\0702e0e4309a483b277814a969ac6a3a.jpg,1,ai,jpeg_q70,0.994619,1,1
data\wildfake\Images\Diffusion_based\DALLE\DALLE\Advanced\DALLE3\dalle3\202311011943129901ca391019566e\071b9c87447db8868446f4ede8bd50cf.jpg,1,ai,jpeg_q70,0.954948,1,1
data\wildfake\Images\Diffusion_based\DALLE\DALLE\Advanced\DALLE3\dalle3\202311011943129901ca391019566e\0731f1aeb97a13e2272831b6496b55e2.jpg,1,ai,jpeg_q70,0.938850,1,1
data\wildfake\Images\Diffusion_based\DALLE\DALLE\Advanced\DALLE3\dalle3\202311011943129901ca391019566e\07515ebe1e48416ea62cb69f81a48d06.jpg,1,ai,jpeg_q70,0.911851,1,1
data\wildfake\Images\Diffusion_based\DALLE\DALLE\Advanced\DALLE3\dalle3\202311011943129901ca391019566e\0757a86e2794defa73a1c558e8d5471d.jpg,1,ai,jpeg_q70,0.371218,0,0
data\wildfake\Images\Diffusion_based\DALLE\DALLE\Advanced\DALLE3\dalle3\202311011943129901ca391019566e\078fa68f13b823a7bac90900fcba4c94.jpg,1,ai,jpeg_q70,0.914435,1,1
data\wildfake\Images\Diffusion_based\DALLE\DALLE\Advanced\DALLE3\dalle3\202311011943129901ca391019566e\07d775061577e8d728d9cbe9dbeb920a.jpg,1,ai,jpeg_q70,0.960136,1,1
data\wildfake\Images\Diffusion_based\DALLE\DALLE\Advanced\DALLE3\dalle3\202311011943129901ca391019566e\07fef4a916b296b4876f0f705369bc69.jpg,1,ai,jpeg_q70,0.740998,1,1
data\wildfake\Images\Diffusion_based\DALLE\DALLE\Advanced\DALLE3\dalle3\202311011943129901ca391019566e\082d967db15c1ccaf025f164ba0cecb7.jpg,1,ai,jpeg_q70,0.648024,1,1
data\wildfake\Images\Diffusion_based\DALLE\DALLE\Advanced\DALLE3\dalle3\202311011943129901ca391019566e\08397ae59441c23d1ac6b14c3206deb7.jpg,1,ai,jpeg_q70,0.976558,1,1
data\wildfake\Images\Diffusion_based\DALLE\DALLE\Advanced\DALLE3\dalle3\202311011943129901ca391019566e\088b4fdab675191339cda5cc70195351.jpg,1,ai,jpeg_q70,0.980499,1,1
data\wildfake\Images\Diffusion_based\DALLE\DALLE\Advanced\DALLE3\dalle3\202311011943129901ca391019566e\088e48ca8fcd3dc5a9bd8aa4f18e8368.jpg,1,ai,jpeg_q70,0.943476,1,1
data\wildfake\Images\Diffusion_based\DALLE\DALLE\Advanced\DALLE3\dalle3\202311011943129901ca391019566e\088f2c7a5dbe1984ccb023909d84376f.jpg,1,ai,jpeg_q70,0.844738,1,1
data\wildfake\Images\Diffusion_based\DALLE\DALLE\Advanced\DALLE3\dalle3\202311011943129901ca391019566e\08b5a7dda5f65109b0ccfa924a6e4476.jpg,1,ai,jpeg_q70,0.916902,1,1
data\wildfake\Images\Diffusion_based\DALLE\DALLE\Advanced\DALLE3\dalle3\202311011943129901ca391019566e\08cf20e142fff3fc52989698dcbec99b.jpg,1,ai,jpeg_q70,0.864199,1,1
data\wildfake\Images\Diffusion_based\DALLE\DALLE\Advanced\DALLE3\dalle3\202311011943129901ca391019566e\08da6052def863b1d84a1a89f7263739.jpg,1,ai,jpeg_q70,0.946917,1,1
data\wildfake\Images\Diffusion_based\DALLE\DALLE\Advanced\DALLE3\dalle3\202311011943129901ca391019566e\094c3f268ee5e69cfede62949fe801ae.jpg,1,ai,jpeg_q70,0.611539,1,1
data\wildfake\Images\Diffusion_based\DALLE\DALLE\Advanced\DALLE3\dalle3\202311011943129901ca391019566e\097945ac4b47c969ee0e72d2cb171308.jpg,1,ai,jpeg_q70,0.857174,1,1
data\wildfake\Images\Diffusion_based\DALLE\DALLE\Advanced\DALLE3\dalle3\202311011943129901ca391019566e\09a9492408f8f5066e5d3a6649256fb5.jpg,1,ai,jpeg_q70,0.799456,1,1
data\wildfake\Images\Diffusion_based\DALLE\DALLE\Advanced\DALLE3\dalle3\202311011943129901ca391019566e\0a05587af89f620c312758a4801b65cb.jpg,1,ai,jpeg_q70,0.990633,1,1
data\wildfake\Images\Diffusion_based\DALLE\DALLE\Advanced\DALLE3\dalle3\202311011943129901ca391019566e\0a402dc3fd6e86f21edc1c601cc76116.jpg,1,ai,jpeg_q70,0.989386,1,1
data\wildfake\Images\Diffusion_based\DALLE\DALLE\Advanced\DALLE3\dalle3\202311011943129901ca391019566e\0a5113aad57872829fb2744eaafdb374.jpg,1,ai,jpeg_q70,0.994817,1,1
data\wildfake\Images\Diffusion_based\DALLE\DALLE\Advanced\DALLE3\dalle3\202311011943129901ca391019566e\0aa3600fbc56232d6049f3d2c8004fc1.jpg,1,ai,jpeg_q70,0.947450,1,1
data\wildfake\Images\Diffusion_based\DALLE\DALLE\Advanced\DALLE3\dalle3\202311011943129901ca391019566e\0ab73f879d374402b2d67aaa08f10513.jpg,1,ai,jpeg_q70,0.588693,1,1
data\wildfake\Images\Diffusion_based\DALLE\DALLE\Advanced\DALLE3\dalle3\202311011943129901ca391019566e\0ac140106a13d7ddf206ed08393d91bb.jpg,1,ai,jpeg_q70,0.997522,1,1
data\wildfake\Images\Diffusion_based\DALLE\DALLE\Advanced\DALLE3\dalle3\202311011943129901ca391019566e\0ac596d803c82e9a21b77302a6a852c5.jpg,1,ai,jpeg_q70,0.986244,1,1
data\wildfake\Images\Diffusion_based\DALLE\DALLE\Advanced\DALLE3\dalle3\202311011943129901ca391019566e\0b135d57ccb2988a30a16904c4043956.jpg,1,ai,jpeg_q70,0.994816,1,1
data\wildfake\Images\Diffusion_based\DALLE\DALLE\Advanced\DALLE3\dalle3\202311011943129901ca391019566e\0b1d38baa6d1de13437546cc6e71fa33.jpg,1,ai,jpeg_q70,0.996679,1,1
data\wildfake\Images\Diffusion_based\DALLE\DALLE\Advanced\DALLE3\dalle3\202311011943129901ca391019566e\0b23724c883f100d5120b3aa5757f655.jpg,1,ai,jpeg_q70,0.997905,1,1
data\wildfake\Images\Diffusion_based\DALLE\DALLE\Advanced\DALLE3\dalle3\202311011943129901ca391019566e\0b2fcafeee696cbc14052db445f1d945.jpg,1,ai,jpeg_q70,0.996187,1,1
data\wildfake\Images\Diffusion_based\DALLE\DALLE\Advanced\DALLE3\dalle3\202311011943129901ca391019566e\0b6920007b8384d9a19ed8725e76732d.jpg,1,ai,jpeg_q70,0.999733,1,1
data\wildfake\Images\Diffusion_based\DALLE\DALLE\Advanced\DALLE3\dalle3\202311011943129901ca391019566e\0b9208fc69177a95f464877482e88a53.jpg,1,ai,jpeg_q70,0.819952,1,1
data\wildfake\Images\Diffusion_based\DALLE\DALLE\Advanced\DALLE3\dalle3\202311011943129901ca391019566e\0baacfcf304fe56cfd30beda11ea92f0.jpg,1,ai,jpeg_q70,0.953109,1,1
data\wildfake\Images\Diffusion_based\DALLE\DALLE\Advanced\DALLE3\dalle3\202311011943129901ca391019566e\0bbfbc01e5a719cdf1434dc1c66814d6.jpg,1,ai,jpeg_q70,0.992416,1,1
data\wildfake\Images\Diffusion_based\DALLE\DALLE\Advanced\DALLE3\dalle3\202311011943129901ca391019566e\0bc561ef655dff95ce7cb2480f0c4e72.jpg,1,ai,jpeg_q70,0.974789,1,1
data\wildfake\Images\Diffusion_based\DALLE\DALLE\Advanced\DALLE3\dalle3\202311011943129901ca391019566e\0bcb44a87f264f1c5a44030b6e1ce3ea.jpg,1,ai,jpeg_q70,0.996431,1,1
data\wildfake\Images\Diffusion_based\DALLE\DALLE\Advanced\DALLE3\dalle3\202311011943129901ca391019566e\0bcb9a27d494633927481e17c4b730fe.jpg,1,ai,jpeg_q70,0.966470,1,1
data\wildfake\Images\Diffusion_based\DALLE\DALLE\Advanced\DALLE3\dalle3\202311011943129901ca391019566e\0bd33e632fc315abd71b7a4cee297ca3.jpg,1,ai,jpeg_q70,0.998155,1,1
data\wildfake\Images\Diffusion_based\DALLE\DALLE\Advanced\DALLE3\dalle3\202311011943129901ca391019566e\0bfe972ca54581889aadedd0ae9db0fc.jpg,1,ai,jpeg_q70,0.877376,1,1
data\wildfake\Images\Diffusion_based\DALLE\DALLE\Advanced\DALLE3\dalle3\202311011943129901ca391019566e\0c0d6af60cc878079026bcce6ece1ecc.jpg,1,ai,jpeg_q70,0.899631,1,1
data\wildfake\Images\Diffusion_based\DALLE\DALLE\Advanced\DALLE3\dalle3\202311011943129901ca391019566e\0c1c38b0b60fa0523ee120ae7999ebfc.jpg,1,ai,jpeg_q70,0.930904,1,1
data\wildfake\Images\Diffusion_based\DALLE\DALLE\Advanced\DALLE3\dalle3\202311011943129901ca391019566e\0c2be68ec32cbf73376c07d399694ad7.jpg,1,ai,jpeg_q70,0.792247,1,1
data\wildfake\Images\Diffusion_based\DALLE\DALLE\Advanced\DALLE3\dalle3\202311011943129901ca391019566e\0c34d8f37ba9b3247b7cbe0eeb75988e.jpg,1,ai,jpeg_q70,0.947998,1,1
data\wildfake\Images\Diffusion_based\DALLE\DALLE\Advanced\DALLE3\dalle3\202311011943129901ca391019566e\0c4f7c121b1cd5b43a0e492bd97e9722.jpg,1,ai,jpeg_q70,0.940012,1,1
data\wildfake\Images\Diffusion_based\DALLE\DALLE\Advanced\DALLE3\dalle3\202311011943129901ca391019566e\0c50155477a7db3fe738216d0dc1d7ff.jpg,1,ai,jpeg_q70,0.969952,1,1
data\wildfake\Images\Diffusion_based\DALLE\DALLE\Advanced\DALLE3\dalle3\202311011943129901ca391019566e\0c8c6ab4d3c50381124f85479244a494.jpg,1,ai,jpeg_q70,0.901642,1,1
data\wildfake\Images\Diffusion_based\DALLE\DALLE\Advanced\DALLE3\dalle3\202311011943129901ca391019566e\0ca2b90db097552a408c8019211ba011.jpg,1,ai,jpeg_q70,0.997845,1,1
data\wildfake\Images\Diffusion_based\DALLE\DALLE\Advanced\DALLE3\dalle3\202311011943129901ca391019566e\0d1d3e1538f22ddc00a5202ed6216ef8.jpg,1,ai,jpeg_q70,0.413729,0,0
data\wildfake\Images\Diffusion_based\DALLE\DALLE\Advanced\DALLE3\dalle3\202311011943129901ca391019566e\0d37afa583f90871220d432098653482.jpg,1,ai,jpeg_q70,0.733565,1,1
data\wildfake\Images\Diffusion_based\DALLE\DALLE\Advanced\DALLE3\dalle3\202311011943129901ca391019566e\0dbba8f650bc53997792f9ec69e5d6c4.jpg,1,ai,jpeg_q70,0.920330,1,1
data\wildfake\Images\Diffusion_based\DALLE\DALLE\Advanced\DALLE3\dalle3\202311011943129901ca391019566e\0e004f3f1530a6171422027dbdba71d8.jpg,1,ai,jpeg_q70,0.950605,1,1
data\wildfake\Images\Diffusion_based\DALLE\DALLE\Advanced\DALLE3\dalle3\202311011943129901ca391019566e\0e058ef2dacd5b15e5a0d94afb8af447.jpg,1,ai,jpeg_q70,0.993972,1,1
data\wildfake\Images\Diffusion_based\DALLE\DALLE\Advanced\DALLE3\dalle3\202311011943129901ca391019566e\0e7e5022abee806028af770147d217a6.jpg,1,ai,jpeg_q70,0.604450,1,1
data\wildfake\Images\Diffusion_based\DALLE\DALLE\Advanced\DALLE3\dalle3\202311011943129901ca391019566e\0e902a5f074d876f7bec6690fff2c12a.jpg,1,ai,jpeg_q70,0.947157,1,1
data\wildfake\Images\Diffusion_based\DALLE\DALLE\Advanced\DALLE3\dalle3\202311011943129901ca391019566e\0ea049fe2b6900ad1796d7e41050556e.jpg,1,ai,jpeg_q70,0.791741,1,1
data\wildfake\Images\Diffusion_based\DALLE\DALLE\Advanced\DALLE3\dalle3\202311011943129901ca391019566e\0ec917788370e6016cb653f0258b02f8.jpg,1,ai,jpeg_q70,0.989114,1,1
data\wildfake\Images\Diffusion_based\DALLE\DALLE\Advanced\DALLE3\dalle3\202311011943129901ca391019566e\0ee577d7124e0ba0278e7eaa2fb37aba.jpg,1,ai,jpeg_q70,0.689286,1,1
data\wildfake\Images\Diffusion_based\DALLE\DALLE\Advanced\DALLE3\dalle3\202311011943129901ca391019566e\0eeda20de85490b88b3e31943d287f64.jpg,1,ai,jpeg_q70,0.908543,1,1
data\wildfake\Images\Diffusion_based\DALLE\DALLE\Advanced\DALLE3\dalle3\202311011943129901ca391019566e\0f2aaea9bec9c763792ba9457e5e7523.jpg,1,ai,jpeg_q70,0.994033,1,1
data\wildfake\Images\Diffusion_based\DALLE\DALLE\Advanced\DALLE3\dalle3\202311011943129901ca391019566e\0f6e5f532c05eef701e282b5862e7b81.jpg,1,ai,jpeg_q70,0.985455,1,1
data\wildfake\Images\Diffusion_based\DALLE\DALLE\Advanced\DALLE3\dalle3\202311011943129901ca391019566e\0f7a97efc54df412123f89b8f43cf6cd.jpg,1,ai,jpeg_q70,0.902766,1,1
data\wildfake\Images\Diffusion_based\DALLE\DALLE\Advanced\DALLE3\dalle3\202311011943129901ca391019566e\0f828871c22d5aee351c018ace3ff443.jpg,1,ai,jpeg_q70,0.996846,1,1
data\wildfake\Images\Diffusion_based\DALLE\DALLE\Advanced\DALLE3\dalle3\202311011943129901ca391019566e\0f83380997c61d1503a21dc11db9a321.jpg,1,ai,jpeg_q70,0.748922,1,1
data\wildfake\Images\Diffusion_based\DALLE\DALLE\Advanced\DALLE3\dalle3\202311011943129901ca391019566e\0fa1d2a2370c6aa0219da9593c389f89.jpg,1,ai,jpeg_q70,0.811038,1,1
data\wildfake\Images\Diffusion_based\DALLE\DALLE\Advanced\DALLE3\dalle3\202311011943129901ca391019566e\0fa38d8654540e2e7521d1480fa2aaf2.jpg,1,ai,jpeg_q70,0.876166,1,1
data\wildfake\Images\Diffusion_based\DALLE\DALLE\Advanced\DALLE3\dalle3\202311011943129901ca391019566e\0fba2ef3d0bd4498ffebb363134e5735.jpg,1,ai,jpeg_q70,0.996217,1,1
data\wildfake\Images\Diffusion_based\DALLE\DALLE\Advanced\DALLE3\dalle3\202311011943129901ca391019566e\0fbee5be4285b267d8a846210622c0c2.jpg,1,ai,jpeg_q70,0.993280,1,1
data\wildfake\Images\Diffusion_based\DALLE\DALLE\Advanced\DALLE3\dalle3\202311011943129901ca391019566e\0fcc3c1b80d1edc98ab788006c4ffd11.jpg,1,ai,jpeg_q70,0.911767,1,1
data\wildfake\Images\Diffusion_based\DALLE\DALLE\Advanced\DALLE3\dalle3\202311011943129901ca391019566e\0fdf0b7a8f6d5665b4b9aac57fcc3508.jpg,1,ai,jpeg_q70,0.967950,1,1
data\wildfake\Images\Diffusion_based\DALLE\DALLE\Advanced\DALLE3\dalle3\202311011943129901ca391019566e\0fe6a99337a3a064cfd7098c6fdb779d.jpg,1,ai,jpeg_q70,0.943107,1,1
data\wildfake\Images\Diffusion_based\DALLE\DALLE\Advanced\DALLE3\dalle3\202311011943129901ca391019566e\0fec4331252d31b9656a36471008fcb6.jpg,1,ai,jpeg_q70,0.739414,1,1
data\wildfake\Images\Diffusion_based\DALLE\DALLE\Advanced\DALLE3\dalle3\202311011943129901ca391019566e\100221e516d4ff591861c174f9787d5b.jpg,1,ai,jpeg_q70,0.925075,1,1
data\wildfake\Images\Diffusion_based\DALLE\DALLE\Advanced\DALLE3\dalle3\202311011943129901ca391019566e\10a4632b25b8359db64edf3fb65a3831.jpg,1,ai,jpeg_q70,0.957876,1,1
data\wildfake\Images\Diffusion_based\DALLE\DALLE\Advanced\DALLE3\dalle3\202311011943129901ca391019566e\10b30af29c21b51dfe40704afe13743f.jpg,1,ai,jpeg_q70,0.995071,1,1
data\wildfake\Images\Diffusion_based\DALLE\DALLE\Advanced\DALLE3\dalle3\202311011943129901ca391019566e\10b75f96e27cf72a7db8ec1d16dcf0ba.jpg,1,ai,jpeg_q70,0.969863,1,1
data\wildfake\Images\Diffusion_based\DALLE\DALLE\Advanced\DALLE3\dalle3\202311011943129901ca391019566e\111eaa61713e75b690a716cd264cbe91.jpg,1,ai,jpeg_q70,0.851591,1,1
data\wildfake\Images\Diffusion_based\DALLE\DALLE\Advanced\DALLE3\dalle3\202311011943129901ca391019566e\113efca49b4dfadb29c4fd8f7fc531a9.jpg,1,ai,jpeg_q70,0.976759,1,1
data\wildfake\Images\Diffusion_based\DALLE\DALLE\Advanced\DALLE3\dalle3\202311011943129901ca391019566e\114de573889b1390cd4412fd2a813af5.jpg,1,ai,jpeg_q70,0.968175,1,1
data\wildfake\Images\Diffusion_based\DALLE\DALLE\Advanced\DALLE3\dalle3\202311011943129901ca391019566e\11999532bbb9818d7a8703db08eaa15f.jpg,1,ai,jpeg_q70,0.999583,1,1
data\wildfake\Images\Diffusion_based\DALLE\DALLE\Advanced\DALLE3\dalle3\202311011943129901ca391019566e\11a41e9baee00823583b98ec8af3b58c.jpg,1,ai,jpeg_q70,0.983239,1,1
data\wildfake\Images\Diffusion_based\DALLE\DALLE\Advanced\DALLE3\dalle3\202311011943129901ca391019566e\11e08bded1546d11b1190a0f1bd16d8a.jpg,1,ai,jpeg_q70,0.622510,1,1
data\wildfake\Images\Diffusion_based\DALLE\DALLE\Advanced\DALLE3\dalle3\202311011943129901ca391019566e\11fce2fd04967c0be72d6115c34e0244.jpg,1,ai,jpeg_q70,0.957797,1,1
data\wildfake\Images\Diffusion_based\DALLE\DALLE\Advanced\DALLE3\dalle3\202311011943129901ca391019566e\12199fc91d9b85047a0ea8b162a31ee7.jpg,1,ai,jpeg_q70,0.967002,1,1
data\wildfake\Images\Diffusion_based\DALLE\DALLE\Advanced\DALLE3\dalle3\202311011943129901ca391019566e\124585f0c7fc25a26a803023a694b229.jpg,1,ai,jpeg_q70,0.992353,1,1
data\wildfake\Images\Diffusion_based\DALLE\DALLE\Advanced\DALLE3\dalle3\202311011943129901ca391019566e\125a024f1f3ffbe093634bde85fa4fb4.jpg,1,ai,jpeg_q70,0.597300,1,1
data\wildfake\Images\Diffusion_based\DALLE\DALLE\Advanced\DALLE3\dalle3\202311011943129901ca391019566e\12668e1cffb82a97f3f06c0a84022c50.jpg,1,ai,jpeg_q70,0.998833,1,1
data\wildfake\Images\Diffusion_based\DALLE\DALLE\Advanced\DALLE3\dalle3\202311011943129901ca391019566e\129c9496f9fb40acffb64cbdafcdb889.jpg,1,ai,jpeg_q70,0.979742,1,1
data\wildfake\Images\Diffusion_based\DALLE\DALLE\Advanced\DALLE3\dalle3\202311011943129901ca391019566e\12f610d278da15eb3bd71fc134d2935c.jpg,1,ai,jpeg_q70,0.994543,1,1
data\wildfake\Images\Diffusion_based\DALLE\DALLE\Advanced\DALLE3\dalle3\202311011943129901ca391019566e\12f9f3e406c691cc5a748418a4819064.jpg,1,ai,jpeg_q70,0.989309,1,1
data\wildfake\Images\Diffusion_based\DALLE\DALLE\Advanced\DALLE3\dalle3\202311011943129901ca391019566e\134320da972b9965797f4911a35bcbb3.jpg,1,ai,jpeg_q70,0.984224,1,1
data\wildfake\Images\Diffusion_based\DALLE\DALLE\Advanced\DALLE3\dalle3\202311011943129901ca391019566e\1352abf7be43936f60f0aeb07d05b005.jpg,1,ai,jpeg_q70,0.956680,1,1
data\wildfake\Images\Diffusion_based\DALLE\DALLE\Advanced\DALLE3\dalle3\202311011943129901ca391019566e\135e3922663688f09953df4d67ff60d2.jpg,1,ai,jpeg_q70,0.952660,1,1
data\wildfake\Images\Diffusion_based\DALLE\DALLE\Advanced\DALLE3\dalle3\202311011943129901ca391019566e\138b74b95547c532e5b16c03bd936af0.jpg,1,ai,jpeg_q70,0.999779,1,1
data\wildfake\Images\Diffusion_based\DALLE\DALLE\Advanced\DALLE3\dalle3\202311011943129901ca391019566e\13fddd6cde4747405fcd15b83e3accd0.jpg,1,ai,jpeg_q70,0.376580,0,0
data\wildfake\Images\Diffusion_based\DALLE\DALLE\Advanced\DALLE3\dalle3\202311011943129901ca391019566e\143ed506925e7b32854daaba82a0cfc3.jpg,1,ai,jpeg_q70,0.979212,1,1
data\wildfake\Images\Diffusion_based\DALLE\DALLE\Advanced\DALLE3\dalle3\202311011943129901ca391019566e\14424c51c39e7367416871e162616f3f.jpg,1,ai,jpeg_q70,0.992954,1,1
data\wildfake\Images\Diffusion_based\DALLE\DALLE\Advanced\DALLE3\dalle3\202311011943129901ca391019566e\144b069908c5d833af3e1b448eeaf8e3.jpg,1,ai,jpeg_q70,0.989658,1,1
data\wildfake\Images\Diffusion_based\DALLE\DALLE\Advanced\DALLE3\dalle3\202311011943129901ca391019566e\145a49671427d119887821421de98970.jpg,1,ai,jpeg_q70,0.811072,1,1
data\wildfake\Images\Diffusion_based\DALLE\DALLE\Advanced\DALLE3\dalle3\202311011943129901ca391019566e\145c831f29f8bb4548d974d6f6bd67ec.jpg,1,ai,jpeg_q70,0.978922,1,1
data\wildfake\Images\Diffusion_based\DALLE\DALLE\Advanced\DALLE3\dalle3\202311011943129901ca391019566e\1465e000d91f2128157d4805279530a1.jpg,1,ai,jpeg_q70,0.890103,1,1
data\wildfake\Images\Diffusion_based\DALLE\DALLE\Advanced\DALLE3\dalle3\202311011943129901ca391019566e\146e40b2bfe919469fe34398818b2eaf.jpg,1,ai,jpeg_q70,0.986710,1,1
data\wildfake\Images\Diffusion_based\DALLE\DALLE\Advanced\DALLE3\dalle3\202311011943129901ca391019566e\149de138ef77950b20fdfff261c6f0d3.jpg,1,ai,jpeg_q70,0.785212,1,1
data\wildfake\Images\Diffusion_based\DALLE\DALLE\Advanced\DALLE3\dalle3\202311011943129901ca391019566e\14bfa56cfa34f18e266657328306c4c3.jpg,1,ai,jpeg_q70,0.996631,1,1
data\wildfake\Images\Diffusion_based\DALLE\DALLE\Advanced\DALLE3\dalle3\202311011943129901ca391019566e\14c7e46722a5c8b5cf956387ad8cb928.jpg,1,ai,jpeg_q70,0.711805,1,1
data\wildfake\Images\Diffusion_based\DALLE\DALLE\Advanced\DALLE3\dalle3\202311011943129901ca391019566e\14eecf455f810645a93b47ae54718217.jpg,1,ai,jpeg_q70,0.996821,1,1
data\wildfake\Images\Diffusion_based\DALLE\DALLE\Advanced\DALLE3\dalle3\202311011943129901ca391019566e\150d00c6714464229268a4e5a00cb091.jpg,1,ai,jpeg_q70,0.972813,1,1
data\wildfake\Images\Diffusion_based\DALLE\DALLE\Advanced\DALLE3\dalle3\202311011943129901ca391019566e\1562c833ea47ced770924ee187444034.jpg,1,ai,jpeg_q70,0.471621,0,0
data\wildfake\Images\Diffusion_based\DALLE\DALLE\Advanced\DALLE3\dalle3\202311011943129901ca391019566e\15673c5eaafff8b18498d73f48112e35.jpg,1,ai,jpeg_q70,0.996444,1,1
data\wildfake\Images\Diffusion_based\DALLE\DALLE\Advanced\DALLE3\dalle3\202311011943129901ca391019566e\157066375504df33728399cfc83fc298.jpg,1,ai,jpeg_q70,0.872820,1,1
data\wildfake\Images\Diffusion_based\DALLE\DALLE\Advanced\DALLE3\dalle3\202311011943129901ca391019566e\158191e5ae2eee816f605c475ae1605b.jpg,1,ai,jpeg_q70,0.990315,1,1
data\wildfake\Images\Diffusion_based\DALLE\DALLE\Advanced\DALLE3\dalle3\202311011943129901ca391019566e\158d85a64ca66f1c1ff0d14027e33b54.jpg,1,ai,jpeg_q70,0.947632,1,1
data\wildfake\Images\Diffusion_based\DALLE\DALLE\Advanced\DALLE3\dalle3\202311011943129901ca391019566e\15ceb3020f0ec8775788b1dbed61ce2b.jpg,1,ai,jpeg_q70,0.993366,1,1
data\wildfake\Images\Diffusion_based\DALLE\DALLE\Advanced\DALLE3\dalle3\202311011943129901ca391019566e\15dae765b38b8a0804ab91b1a7d5308a.jpg,1,ai,jpeg_q70,0.570241,1,1
data\wildfake\Images\Diffusion_based\DALLE\DALLE\Advanced\DALLE3\dalle3\202311011943129901ca391019566e\15e9e309697a9b5abd17effe1e7a0cfd.jpg,1,ai,jpeg_q70,0.734151,1,1
data\wildfake\Images\Diffusion_based\DALLE\DALLE\Advanced\DALLE3\dalle3\202311011943129901ca391019566e\160dbee2eb3f281ca7993885872dda44.jpg,1,ai,jpeg_q70,0.971978,1,1
data\wildfake\Images\Diffusion_based\DALLE\DALLE\Advanced\DALLE3\dalle3\202311011943129901ca391019566e\1620ae43681077db5f43ff30ca4863b9.jpg,1,ai,jpeg_q70,0.988408,1,1
data\wildfake\Images\Diffusion_based\DALLE\DALLE\Advanced\DALLE3\dalle3\202311011943129901ca391019566e\163793038151368b50a4fb0e7c6e3d29.jpg,1,ai,jpeg_q70,0.786179,1,1
data\wildfake\Images\Diffusion_based\DALLE\DALLE\Advanced\DALLE3\dalle3\202311011943129901ca391019566e\1645a93cc6285586ac2bab5006867a75.jpg,1,ai,jpeg_q70,0.958912,1,1
data\wildfake\Images\Diffusion_based\DALLE\DALLE\Advanced\DALLE3\dalle3\202311011943129901ca391019566e\16562af0480008ef2a9718369f47ab54.jpg,1,ai,jpeg_q70,0.996905,1,1
data\wildfake\Images\Diffusion_based\DALLE\DALLE\Advanced\DALLE3\dalle3\202311011943129901ca391019566e\165cb2107bdf2ac6e061909655382eb5.jpg,1,ai,jpeg_q70,0.975432,1,1
data\wildfake\Images\Diffusion_based\DALLE\DALLE\Advanced\DALLE3\dalle3\202311011943129901ca391019566e\166efc8a9b28dd09bf5321a6c4cf5d8a.jpg,1,ai,jpeg_q70,0.763049,1,1
data\wildfake\Images\Diffusion_based\DALLE\DALLE\Advanced\DALLE3\dalle3\202311011943129901ca391019566e\170709830122acd1a91b177a54f8d163.jpg,1,ai,jpeg_q70,0.872295,1,1
data\wildfake\Images\Diffusion_based\DALLE\DALLE\Advanced\DALLE3\dalle3\202311011943129901ca391019566e\17451bcbdf00df3209d5ce1ff95e6369.jpg,1,ai,jpeg_q70,0.990187,1,1
data\wildfake\Images\Diffusion_based\DALLE\DALLE\Advanced\DALLE3\dalle3\202311011943129901ca391019566e\17633ed5a54b17ba87ebc6b49d4ab116.jpg,1,ai,jpeg_q70,0.976719,1,1
data\wildfake\Images\Diffusion_based\DALLE\DALLE\Advanced\DALLE3\dalle3\202311011943129901ca391019566e\1768a24885692ea4bdb21b57183594fc.jpg,1,ai,jpeg_q70,0.824271,1,1
data\wildfake\Images\Diffusion_based\DALLE\DALLE\Advanced\DALLE3\dalle3\202311011943129901ca391019566e\1773bbe9e6e714e61b65a44de692ce6a.jpg,1,ai,jpeg_q70,0.926640,1,1
data\wildfake\Images\Diffusion_based\DALLE\DALLE\Advanced\DALLE3\dalle3\202311011943129901ca391019566e\1789b66cfae0c3e92b39da83695acddd.jpg,1,ai,jpeg_q70,0.989905,1,1
data\wildfake\Images\Diffusion_based\DALLE\DALLE\Advanced\DALLE3\dalle3\202311011943129901ca391019566e\17a16edd797318e2ed94bb0519b9439c.jpg,1,ai,jpeg_q70,0.970620,1,1
data\wildfake\Images\Diffusion_based\DALLE\DALLE\Advanced\DALLE3\dalle3\202311011943129901ca391019566e\17b14fdfe6818265b8d68545b8867301.jpg,1,ai,jpeg_q70,0.890921,1,1
data\wildfake\Images\Diffusion_based\DALLE\DALLE\Advanced\DALLE3\dalle3\202311011943129901ca391019566e\17d3c25db1e85811c32d9077a57f6eb2.jpg,1,ai,jpeg_q70,0.676157,1,1
data\wildfake\Images\Diffusion_based\DALLE\DALLE\Advanced\DALLE3\dalle3\202311011943129901ca391019566e\17fd288a4732aa031001c881513470cb.jpg,1,ai,jpeg_q70,0.998172,1,1
data\wildfake\Images\Diffusion_based\DALLE\DALLE\Advanced\DALLE3\dalle3\202311011943129901ca391019566e\1843377b601721accded9c3030178165.jpg,1,ai,jpeg_q70,0.988364,1,1
data\wildfake\Images\Diffusion_based\DALLE\DALLE\Advanced\DALLE3\dalle3\202311011943129901ca391019566e\186d5d8372701b8e0a8d006e268e9930.jpg,1,ai,jpeg_q70,0.997604,1,1
data\wildfake\Images\Diffusion_based\DALLE\DALLE\Advanced\DALLE3\dalle3\202311011943129901ca391019566e\18f4cc72459f730f8b7a3470b89b9434.jpg,1,ai,jpeg_q70,0.959694,1,1
data\wildfake\Images\Diffusion_based\DALLE\DALLE\Advanced\DALLE3\dalle3\202311011943129901ca391019566e\19005e511148e095ed978622ff646cf5.jpg,1,ai,jpeg_q70,0.694338,1,1
data\wildfake\Images\Diffusion_based\DALLE\DALLE\Advanced\DALLE3\dalle3\202311011943129901ca391019566e\192fe83831eb438961e0bf35700ff7e4.jpg,1,ai,jpeg_q70,0.842181,1,1
data\wildfake\Images\Diffusion_based\DALLE\DALLE\Advanced\DALLE3\dalle3\202311011943129901ca391019566e\193f49a3fcb7bc6a6d959dd2191fc94a.jpg,1,ai,jpeg_q70,0.841981,1,1
data\wildfake\Images\Diffusion_based\DALLE\DALLE\Advanced\DALLE3\dalle3\202311011943129901ca391019566e\194b53f14214b8b3f77f57028df17ea7.jpg,1,ai,jpeg_q70,0.991981,1,1
data\wildfake\Images\Diffusion_based\DALLE\DALLE\Advanced\DALLE3\dalle3\202311011943129901ca391019566e\19780b1dbfaf4e9adc70395200ee7bd6.jpg,1,ai,jpeg_q70,0.960625,1,1
data\wildfake\Images\Diffusion_based\DALLE\DALLE\Advanced\DALLE3\dalle3\202311011943129901ca391019566e\19b2fe020996ae4ecf90642d00c7a4dc.jpg,1,ai,jpeg_q70,0.997037,1,1
data\wildfake\Images\Diffusion_based\DALLE\DALLE\Advanced\DALLE3\dalle3\202311011943129901ca391019566e\19e6b577fefa1ae1a478e0a0d1c4dbbe.jpg,1,ai,jpeg_q70,0.985279,1,1
data\wildfake\Images\Diffusion_based\DALLE\DALLE\Advanced\DALLE3\dalle3\202311011943129901ca391019566e\19eb1c46e83c41a5932abeea1a0546a5.jpg,1,ai,jpeg_q70,0.963597,1,1
data\wildfake\Images\Diffusion_based\DALLE\DALLE\Advanced\DALLE3\dalle3\202311011943129901ca391019566e\19fa205d91cbebb195345d174e182b80.jpg,1,ai,jpeg_q70,0.962463,1,1
data\wildfake\Images\Diffusion_based\DALLE\DALLE\Advanced\DALLE3\dalle3\202311011943129901ca391019566e\1a3b024b0e39e41137b6ef08d26bd3ea.jpg,1,ai,jpeg_q70,0.998332,1,1
data\wildfake\Images\Diffusion_based\DALLE\DALLE\Advanced\DALLE3\dalle3\202311011943129901ca391019566e\1a5022515a79050e910902109eda6f5e.jpg,1,ai,jpeg_q70,0.803638,1,1
data\wildfake\Images\Diffusion_based\DALLE\DALLE\Advanced\DALLE3\dalle3\202311011943129901ca391019566e\1a8b8a3d3eda638dda7772ab0bed80a5.jpg,1,ai,jpeg_q70,0.985409,1,1
data\wildfake\Images\Diffusion_based\DALLE\DALLE\Advanced\DALLE3\dalle3\202311011943129901ca391019566e\1a9fa2a6430987459636043607cc4ef3.jpg,1,ai,jpeg_q70,0.997552,1,1
data\wildfake\Images\Diffusion_based\DALLE\DALLE\Advanced\DALLE3\dalle3\202311011943129901ca391019566e\1ab0a3cb9cd675a28cdaa9bb26177459.jpg,1,ai,jpeg_q70,0.997651,1,1
data\wildfake\Images\Diffusion_based\DALLE\DALLE\Advanced\DALLE3\dalle3\202311011943129901ca391019566e\1ac74c7c8c97664239a77de513a212ba.jpg,1,ai,jpeg_q70,0.169666,0,0
data\wildfake\Images\Diffusion_based\DALLE\DALLE\Advanced\DALLE3\dalle3\202311011943129901ca391019566e\1b2381e4458c5e0abbdf09fc983a289b.jpg,1,ai,jpeg_q70,0.956441,1,1
data\wildfake\Images\Diffusion_based\DALLE\DALLE\Advanced\DALLE3\dalle3\202311011943129901ca391019566e\1b2d822481485fc0cbe2bce8106316af.jpg,1,ai,jpeg_q70,0.974789,1,1
data\wildfake\Images\Diffusion_based\DALLE\DALLE\Advanced\DALLE3\dalle3\202311011943129901ca391019566e\1b4acf6a4d62581b89b003f0392f4bda.jpg,1,ai,jpeg_q70,0.520187,1,1
data\wildfake\Images\Diffusion_based\DALLE\DALLE\Advanced\DALLE3\dalle3\202311011943129901ca391019566e\1ba3ed35be9bd907a1010ff8131a2f96.jpg,1,ai,jpeg_q70,0.956240,1,1
data\wildfake\Images\Diffusion_based\DALLE\DALLE\Advanced\DALLE3\dalle3\202311011943129901ca391019566e\1ba71688207f99e835566aeb657c249e.jpg,1,ai,jpeg_q70,0.859491,1,1
data\wildfake\Images\Diffusion_based\DALLE\DALLE\Advanced\DALLE3\dalle3\202311011943129901ca391019566e\1bad98fd644e170c35c005b344810408.jpg,1,ai,jpeg_q70,0.950548,1,1
data\wildfake\Images\Diffusion_based\DALLE\DALLE\Advanced\DALLE3\dalle3\202311011943129901ca391019566e\1bcc29f8fa9394ad10c42d1c3502eba6.jpg,1,ai,jpeg_q70,0.980830,1,1
data\wildfake\Images\Diffusion_based\DALLE\DALLE\Advanced\DALLE3\dalle3\202311011943129901ca391019566e\1bd1c793df70dc7b8a611805be8d986d.jpg,1,ai,jpeg_q70,0.989069,1,1
data\wildfake\Images\Diffusion_based\DALLE\DALLE\Advanced\DALLE3\dalle3\202311011943129901ca391019566e\1beb06d056dea8e8ea477618aed96bcb.jpg,1,ai,jpeg_q70,0.979190,1,1
data\wildfake\Images\Diffusion_based\DALLE\DALLE\Advanced\DALLE3\dalle3\202311011943129901ca391019566e\1c0c0d3552dc4d8770308b7f3579328c.jpg,1,ai,jpeg_q70,0.939900,1,1
data\wildfake\Images\Diffusion_based\DALLE\DALLE\Advanced\DALLE3\dalle3\202311011943129901ca391019566e\1c33a8cc97c3f594bc3127f9a1dfc2fb.jpg,1,ai,jpeg_q70,0.908643,1,1
data\wildfake\Images\Diffusion_based\DALLE\DALLE\Advanced\DALLE3\dalle3\202311011943129901ca391019566e\1c3a3c42eb20e435007f09086d61194b.jpg,1,ai,jpeg_q70,0.934463,1,1
data\wildfake\Images\Diffusion_based\DALLE\DALLE\Advanced\DALLE3\dalle3\202311011943129901ca391019566e\1c4fd32ed56bed50810ead79661b7c5a.jpg,1,ai,jpeg_q70,0.839932,1,1
data\wildfake\Images\Diffusion_based\DALLE\DALLE\Advanced\DALLE3\dalle3\202311011943129901ca391019566e\1c5717661344d68c9d4b75d9b15a1e47.jpg,1,ai,jpeg_q70,0.981469,1,1
data\wildfake\Images\Diffusion_based\DALLE\DALLE\Advanced\DALLE3\dalle3\202311011943129901ca391019566e\1c87432cf9bd4d371e9c05ad7515d6d7.jpg,1,ai,jpeg_q70,0.880111,1,1
data\wildfake\Images\Diffusion_based\DALLE\DALLE\Advanced\DALLE3\dalle3\202311011943129901ca391019566e\1d010a72d6a8828ae276938b363edf1c.jpg,1,ai,jpeg_q70,0.966017,1,1
data\wildfake\Images\Diffusion_based\DALLE\DALLE\Advanced\DALLE3\dalle3\202311011943129901ca391019566e\1d1791e9159a3e3b866a792ad9936775.jpg,1,ai,jpeg_q70,0.995249,1,1
data\wildfake\Images\Diffusion_based\DALLE\DALLE\Advanced\DALLE3\dalle3\202311011943129901ca391019566e\1d56d34817b41b3dc2a69766c0784569.jpg,1,ai,jpeg_q70,0.985232,1,1
data\wildfake\Images\Diffusion_based\DALLE\DALLE\Advanced\DALLE3\dalle3\202311011943129901ca391019566e\1d9e26c2fc2a9262d27770387cab276e.jpg,1,ai,jpeg_q70,0.972587,1,1
data\wildfake\Images\Diffusion_based\DALLE\DALLE\Advanced\DALLE3\dalle3\202311011943129901ca391019566e\1dbcb985faa6e548489de57abe132b68.jpg,1,ai,jpeg_q70,0.959165,1,1
data\wildfake\Images\Diffusion_based\DALLE\DALLE\Advanced\DALLE3\dalle3\202311011943129901ca391019566e\1ddb80aad2461f122817ec9d11c83772.jpg,1,ai,jpeg_q70,0.907423,1,1
data\wildfake\Images\Diffusion_based\DALLE\DALLE\Advanced\DALLE3\dalle3\202311011943129901ca391019566e\1e47e41e0803aae92c966977938afb46.jpg,1,ai,jpeg_q70,0.903757,1,1
data\wildfake\Images\Diffusion_based\DALLE\DALLE\Advanced\DALLE3\dalle3\202311011943129901ca391019566e\1e840936745b78d2c87de3246ce087e9.jpg,1,ai,jpeg_q70,0.938014,1,1
data\wildfake\Images\Diffusion_based\DALLE\DALLE\Advanced\DALLE3\dalle3\202311011943129901ca391019566e\1ec13ac183e8bf2428394bcc12bec874.jpg,1,ai,jpeg_q70,0.969978,1,1
data\wildfake\Images\Diffusion_based\DALLE\DALLE\Advanced\DALLE3\dalle3\202311011943129901ca391019566e\1f4afce6752d667361835865f8124481.jpg,1,ai,jpeg_q70,0.652009,1,1
data\wildfake\Images\Diffusion_based\DALLE\DALLE\Advanced\DALLE3\dalle3\202311011943129901ca391019566e\1f67be9fe2a328610312003063c63761.jpg,1,ai,jpeg_q70,0.996605,1,1
data\wildfake\Images\Diffusion_based\DALLE\DALLE\Advanced\DALLE3\dalle3\202311011943129901ca391019566e\1f827642ba09be33c8984fef7b49a78d.jpg,1,ai,jpeg_q70,0.983960,1,1
data\wildfake\Images\Diffusion_based\DALLE\DALLE\Advanced\DALLE3\dalle3\202311011943129901ca391019566e\1fbc0f4bd779e2746ef6423bed694855.jpg,1,ai,jpeg_q70,0.693570,1,1
data\wildfake\Images\Diffusion_based\DALLE\DALLE\Advanced\DALLE3\dalle3\202311011943129901ca391019566e\1ff97b617a2010ba1d499268994ffb1d.jpg,1,ai,jpeg_q70,0.445399,0,0
data\wildfake\Images\Diffusion_based\DALLE\DALLE\Advanced\DALLE3\dalle3\202311011943129901ca391019566e\200ca0d1889a556d0068eb3715d04128.jpg,1,ai,jpeg_q70,0.704845,1,1
data\wildfake\Images\Diffusion_based\DALLE\DALLE\Advanced\DALLE3\dalle3\202311011943129901ca391019566e\200fdff4ea13388e9e235094339a01ef.jpg,1,ai,jpeg_q70,0.903390,1,1
data\wildfake\Images\Diffusion_based\DALLE\DALLE\Advanced\DALLE3\dalle3\202311011943129901ca391019566e\202129ee68b9337c7f43c86b99256250.jpg,1,ai,jpeg_q70,0.732244,1,1
data\wildfake\Images\Diffusion_based\DALLE\DALLE\Advanced\DALLE3\dalle3\202311011943129901ca391019566e\206ad045c342e398fbc8d920c41f5c35.jpg,1,ai,jpeg_q70,0.876365,1,1
data\wildfake\Images\Diffusion_based\DALLE\DALLE\Advanced\DALLE3\dalle3\202311011943129901ca391019566e\20768ef53dcdaf863df339568b280ec2.jpg,1,ai,jpeg_q70,0.442421,0,0
data\wildfake\Images\Diffusion_based\DALLE\DALLE\Advanced\DALLE3\dalle3\202311011943129901ca391019566e\20a018543ff917bd3e067a9d918b0c1a.jpg,1,ai,jpeg_q70,0.927530,1,1
data\wildfake\Images\Diffusion_based\DALLE\DALLE\Advanced\DALLE3\dalle3\202311011943129901ca391019566e\20ab8b1b8b8b51434ac776a665222b66.jpg,1,ai,jpeg_q70,0.964561,1,1
data\wildfake\Images\Diffusion_based\DALLE\DALLE\Advanced\DALLE3\dalle3\202311011943129901ca391019566e\20abed32990a6c32807bc52b68f8c116.jpg,1,ai,jpeg_q70,0.987124,1,1
data\wildfake\Images\Diffusion_based\DALLE\DALLE\Advanced\DALLE3\dalle3\202311011943129901ca391019566e\20fb65acd9c4e2758d094564e88c0605.jpg,1,ai,jpeg_q70,0.916794,1,1
data\wildfake\Images\Diffusion_based\DALLE\DALLE\Advanced\DALLE3\dalle3\202311011943129901ca391019566e\2120baa1c39f7d68ec43b8e89350cbcf.jpg,1,ai,jpeg_q70,0.985567,1,1
data\wildfake\Images\Diffusion_based\DALLE\DALLE\Advanced\DALLE3\dalle3\202311011943129901ca391019566e\21327580217c47a87b27f435c60e4b7b.jpg,1,ai,jpeg_q70,0.924757,1,1
data\wildfake\Images\Diffusion_based\DALLE\DALLE\Advanced\DALLE3\dalle3\202311011943129901ca391019566e\215cde3f0c01ce8b74d4493c9d1a2693.jpg,1,ai,jpeg_q70,0.624540,1,1
data\wildfake\Images\Diffusion_based\DALLE\DALLE\Advanced\DALLE3\dalle3\202311011943129901ca391019566e\2165259beffedee2969d07846aba6003.jpg,1,ai,jpeg_q70,0.993801,1,1
data\wildfake\Images\Diffusion_based\DALLE\DALLE\Advanced\DALLE3\dalle3\202311011943129901ca391019566e\219fce894b6d9c7b46d5de58e7493578.jpg,1,ai,jpeg_q70,0.931115,1,1
data\wildfake\Images\Diffusion_based\DALLE\DALLE\Advanced\DALLE3\dalle3\202311011943129901ca391019566e\21b32d1de5e001c1b07b25738265e57a.jpg,1,ai,jpeg_q70,0.996068,1,1
data\wildfake\Images\Diffusion_based\DALLE\DALLE\Advanced\DALLE3\dalle3\202311011943129901ca391019566e\21b99519f3170266d325bf919ac59a0c.jpg,1,ai,jpeg_q70,0.984890,1,1
data\wildfake\Images\Diffusion_based\DALLE\DALLE\Advanced\DALLE3\dalle3\202311011943129901ca391019566e\21d07ab8c6ca5829e8b62e7c3ee8ea7f.jpg,1,ai,jpeg_q70,0.870661,1,1
data\wildfake\Images\Diffusion_based\DALLE\DALLE\Advanced\DALLE3\dalle3\202311011943129901ca391019566e\22117ddcb0340b426eb340780968517a.jpg,1,ai,jpeg_q70,0.984444,1,1
data\wildfake\Images\Diffusion_based\DALLE\DALLE\Advanced\DALLE3\dalle3\202311011943129901ca391019566e\2220e18282218193049ed45b67b61949.jpg,1,ai,jpeg_q70,0.999592,1,1
data\wildfake\Images\Diffusion_based\DALLE\DALLE\Advanced\DALLE3\dalle3\202311011943129901ca391019566e\22737dbf71b8ce8da4ec3cd585fd0883.jpg,1,ai,jpeg_q70,0.974592,1,1
data\wildfake\Images\Diffusion_based\DALLE\DALLE\Advanced\DALLE3\dalle3\202311011943129901ca391019566e\22c068a822ad867f58f80740fee0164b.jpg,1,ai,jpeg_q70,0.738887,1,1
data\wildfake\Images\Diffusion_based\DALLE\DALLE\Advanced\DALLE3\dalle3\202311011943129901ca391019566e\23d0530d20bdd7834e4b7bf6e06dcc4c.jpg,1,ai,jpeg_q70,0.801812,1,1
data\wildfake\Images\Diffusion_based\DALLE\DALLE\Advanced\DALLE3\dalle3\202311011943129901ca391019566e\23d4f1810767daab0cd79f1f28938b85.jpg,1,ai,jpeg_q70,0.910926,1,1
data\wildfake\Images\Diffusion_based\DALLE\DALLE\Advanced\DALLE3\dalle3\202311011943129901ca391019566e\23d6091b55599f27dc52facb36350a46.jpg,1,ai,jpeg_q70,0.949546,1,1
data\wildfake\Images\Diffusion_based\DALLE\DALLE\Advanced\DALLE3\dalle3\202311011943129901ca391019566e\23e02d35eba5d9089cd28de285b1b7a8.jpg,1,ai,jpeg_q70,0.994194,1,1
data\wildfake\Images\Diffusion_based\DALLE\DALLE\Advanced\DALLE3\dalle3\202311011943129901ca391019566e\2424f97b93a5304e497057f339bb0150.jpg,1,ai,jpeg_q70,0.996968,1,1
data\wildfake\Images\Diffusion_based\DALLE\DALLE\Advanced\DALLE3\dalle3\202311011943129901ca391019566e\24279c06dee893328230ba3a3b07d6f4.jpg,1,ai,jpeg_q70,0.964986,1,1
data\wildfake\Images\Diffusion_based\DALLE\DALLE\Advanced\DALLE3\dalle3\202311011943129901ca391019566e\2445ca045f03d71680bdb1e14c95c1c0.jpg,1,ai,jpeg_q70,0.996793,1,1
data\wildfake\Images\Diffusion_based\DALLE\DALLE\Advanced\DALLE3\dalle3\202311011943129901ca391019566e\24520f53b41d702cb03d64cbbad917d0.jpg,1,ai,jpeg_q70,0.908268,1,1
data\wildfake\Images\Diffusion_based\DALLE\DALLE\Advanced\DALLE3\dalle3\202311011943129901ca391019566e\24cddc00a9d8043afa58a5c21190a200.jpg,1,ai,jpeg_q70,0.980923,1,1
data\wildfake\Images\Diffusion_based\DALLE\DALLE\Advanced\DALLE3\dalle3\202311011943129901ca391019566e\24d8f8c33ebf2fb0027fb4ba0efa65c9.jpg,1,ai,jpeg_q70,0.918547,1,1
data\wildfake\Images\Diffusion_based\DALLE\DALLE\Advanced\DALLE3\dalle3\202311011943129901ca391019566e\24dc50c8caf89d08f8457fc8b76a3d79.jpg,1,ai,jpeg_q70,0.993618,1,1
data\wildfake\Images\Diffusion_based\DALLE\DALLE\Advanced\DALLE3\dalle3\202311011943129901ca391019566e\251f4c46046dea63ec695bcd3954bc46.jpg,1,ai,jpeg_q70,0.970241,1,1
data\wildfake\Images\Diffusion_based\DALLE\DALLE\Advanced\DALLE3\dalle3\202311011943129901ca391019566e\25315324a02ab280c84592a11d3d65d2.jpg,1,ai,jpeg_q70,0.987897,1,1
data\wildfake\Images\Diffusion_based\DALLE\DALLE\Advanced\DALLE3\dalle3\202311011943129901ca391019566e\266b1a0f44f0ccfd8c7babee949d54f2.jpg,1,ai,jpeg_q70,0.989352,1,1
data\wildfake\Images\Diffusion_based\DALLE\DALLE\Advanced\DALLE3\dalle3\202311011943129901ca391019566e\26a06b3b925d71cbd14e1d93b91c3518.jpg,1,ai,jpeg_q70,0.992993,1,1
data\wildfake\Images\Diffusion_based\DALLE\DALLE\Advanced\DALLE3\dalle3\202311011943129901ca391019566e\26e9f580c486a74f4730013128aa1628.jpg,1,ai,jpeg_q70,0.837815,1,1
data\wildfake\Images\Diffusion_based\DALLE\DALLE\Advanced\DALLE3\dalle3\202311011943129901ca391019566e\273f7e17db0fa27c4b098b50f12793d4.jpg,1,ai,jpeg_q70,0.999225,1,1
data\wildfake\Images\Diffusion_based\DALLE\DALLE\Advanced\DALLE3\dalle3\202311011943129901ca391019566e\2741601c9df7feece2ec2d6dd736e3e6.jpg,1,ai,jpeg_q70,0.629534,1,1
data\wildfake\Images\Diffusion_based\DALLE\DALLE\Advanced\DALLE3\dalle3\202311011943129901ca391019566e\2758d67d642f975d28ba66e08f99f682.jpg,1,ai,jpeg_q70,0.922708,1,1
data\wildfake\Images\Diffusion_based\DALLE\DALLE\Advanced\DALLE3\dalle3\202311011943129901ca391019566e\27603ed699b0cdcba8f93b98f7c26c18.jpg,1,ai,jpeg_q70,0.916401,1,1
data\wildfake\Images\Diffusion_based\DALLE\DALLE\Advanced\DALLE3\dalle3\202311011943129901ca391019566e\27a39f309e630becf0b4190c3451af79.jpg,1,ai,jpeg_q70,0.958483,1,1
data\wildfake\Images\Diffusion_based\DALLE\DALLE\Advanced\DALLE3\dalle3\202311011943129901ca391019566e\27aa87d93c97720af6e3faf1f97d3404.jpg,1,ai,jpeg_q70,0.945808,1,1
data\wildfake\Images\Diffusion_based\DALLE\DALLE\Advanced\DALLE3\dalle3\202311011943129901ca391019566e\28002ab34f92fbd2f654a7eb386b970b.jpg,1,ai,jpeg_q70,0.900786,1,1
data\wildfake\Images\Diffusion_based\DALLE\DALLE\Advanced\DALLE3\dalle3\202311011943129901ca391019566e\280516b7c009bfd9e1764aa60ca15212.jpg,1,ai,jpeg_q70,0.983314,1,1
data\wildfake\Images\Diffusion_based\DALLE\DALLE\Advanced\DALLE3\dalle3\202311011943129901ca391019566e\280ddc85097e9e98fd41d48bb843ba12.jpg,1,ai,jpeg_q70,0.913859,1,1
data\wildfake\Images\Diffusion_based\DALLE\DALLE\Advanced\DALLE3\dalle3\202311011943129901ca391019566e\281463519a99dcf7289ae19c233a828e.jpg,1,ai,jpeg_q70,0.994671,1,1
data\wildfake\Images\Diffusion_based\DALLE\DALLE\Advanced\DALLE3\dalle3\202311011943129901ca391019566e\283d27b212907668f6fe714f8a8d3126.jpg,1,ai,jpeg_q70,0.999038,1,1
data\wildfake\Images\Diffusion_based\DALLE\DALLE\Advanced\DALLE3\dalle3\202311011943129901ca391019566e\284730af67d18cd1fdb82e6180a534ea.jpg,1,ai,jpeg_q70,0.626612,1,1
data\wildfake\Images\Diffusion_based\DALLE\DALLE\Advanced\DALLE3\dalle3\202311011943129901ca391019566e\285eb0abc96d216b1177df2150388566.jpg,1,ai,jpeg_q70,0.877118,1,1
data\wildfake\Images\Diffusion_based\DALLE\DALLE\Advanced\DALLE3\dalle3\202311011943129901ca391019566e\287c0539b2de4bdd47dbe548d3a53a33.jpg,1,ai,jpeg_q70,0.998647,1,1
data\wildfake\Images\Diffusion_based\DALLE\DALLE\Advanced\DALLE3\dalle3\202311011943129901ca391019566e\2889aa3b1659714beca2666db9661eca.jpg,1,ai,jpeg_q70,0.931577,1,1
data\wildfake\Images\Diffusion_based\DALLE\DALLE\Advanced\DALLE3\dalle3\202311011943129901ca391019566e\288abfe8473120a0a7d1b5b7837b03f5.jpg,1,ai,jpeg_q70,0.989090,1,1
data\wildfake\Images\Diffusion_based\DALLE\DALLE\Advanced\DALLE3\dalle3\202311011943129901ca391019566e\2899508832ea7671fa1d9d27748c9f3b.jpg,1,ai,jpeg_q70,0.965860,1,1
data\wildfake\Images\Diffusion_based\DALLE\DALLE\Advanced\DALLE3\dalle3\202311011943129901ca391019566e\28b0d18ffc7de41085f9290236ae9e66.jpg,1,ai,jpeg_q70,0.589460,1,1
data\wildfake\Images\Diffusion_based\DALLE\DALLE\Advanced\DALLE3\dalle3\202311011943129901ca391019566e\28c739bc80372d76ba5e2e73f38188c0.jpg,1,ai,jpeg_q70,0.940081,1,1
data\wildfake\Images\Diffusion_based\DALLE\DALLE\Advanced\DALLE3\dalle3\202311011943129901ca391019566e\294de44e036b179ca0018c11d4a5087a.jpg,1,ai,jpeg_q70,0.984864,1,1
data\wildfake\Images\Diffusion_based\DALLE\DALLE\Advanced\DALLE3\dalle3\202311011943129901ca391019566e\295380882b0adcc9d1eb9c8d3763d723.jpg,1,ai,jpeg_q70,0.112660,0,0
data\wildfake\Images\Diffusion_based\DALLE\DALLE\Advanced\DALLE3\dalle3\202311011943129901ca391019566e\29815b2d3496faff16f372aea636b903.jpg,1,ai,jpeg_q70,0.928811,1,1
data\wildfake\Images\Diffusion_based\DALLE\DALLE\Advanced\DALLE3\dalle3\202311011943129901ca391019566e\2996bed4f9cd631835249fd365709b45.jpg,1,ai,jpeg_q70,0.998106,1,1
data\wildfake\Images\Diffusion_based\DALLE\DALLE\Advanced\DALLE3\dalle3\202311011943129901ca391019566e\29d9713e54f6caee52bc489a743a6840.jpg,1,ai,jpeg_q70,0.998626,1,1
data\wildfake\Images\Diffusion_based\DALLE\DALLE\Advanced\DALLE3\dalle3\202311011943129901ca391019566e\2a329dac55a299eba38d51ae20ff5bd3.jpg,1,ai,jpeg_q70,0.993614,1,1
data\wildfake\Images\Diffusion_based\DALLE\DALLE\Advanced\DALLE3\dalle3\202311011943129901ca391019566e\2a69ff3713d4b2ba1757164c085ade21.jpg,1,ai,jpeg_q70,0.898056,1,1
data\wildfake\Images\Diffusion_based\DALLE\DALLE\Advanced\DALLE3\dalle3\202311011943129901ca391019566e\2a9297148ff24d0010c68ccb302c1b7b.jpg,1,ai,jpeg_q70,0.927620,1,1
data\wildfake\Images\Diffusion_based\DALLE\DALLE\Advanced\DALLE3\dalle3\202311011943129901ca391019566e\2a99e610a0855229e120a8383d04e592.jpg,1,ai,jpeg_q70,0.923338,1,1
data\wildfake\Images\Diffusion_based\DALLE\DALLE\Advanced\DALLE3\dalle3\202311011943129901ca391019566e\2abd7c1847e9e618a0e99054891c699d.jpg,1,ai,jpeg_q70,0.904138,1,1
data\wildfake\Images\Diffusion_based\DALLE\DALLE\Advanced\DALLE3\dalle3\202311011943129901ca391019566e\2af852d4196a4b8c505b03b5a7be1d87.jpg,1,ai,jpeg_q70,0.964622,1,1
data\wildfake\Images\Diffusion_based\DALLE\DALLE\Advanced\DALLE3\dalle3\202311011943129901ca391019566e\2b2b0561e0554b6365fc2706d57f2917.jpg,1,ai,jpeg_q70,0.845190,1,1
data\wildfake\Images\Diffusion_based\DALLE\DALLE\Advanced\DALLE3\dalle3\202311011943129901ca391019566e\2b30b7f64b701044c567458ceac10f02.jpg,1,ai,jpeg_q70,0.994794,1,1
data\wildfake\Images\Diffusion_based\DALLE\DALLE\Advanced\DALLE3\dalle3\202311011943129901ca391019566e\2b3b1fd6b38c4460e59e037aa1197d49.jpg,1,ai,jpeg_q70,0.988626,1,1
data\wildfake\Images\Diffusion_based\DALLE\DALLE\Advanced\DALLE3\dalle3\202311011943129901ca391019566e\2b6b12823c02237b6f4afa37e23fa6e7.jpg,1,ai,jpeg_q70,0.988533,1,1
data\wildfake\Images\Diffusion_based\DALLE\DALLE\Advanced\DALLE3\dalle3\202311011943129901ca391019566e\2b73c04219189c7aba28d7480a0c4d69.jpg,1,ai,jpeg_q70,0.946873,1,1
data\wildfake\Images\Diffusion_based\DALLE\DALLE\Advanced\DALLE3\dalle3\202311011943129901ca391019566e\2b85f039018459581606576c1b4e171c.jpg,1,ai,jpeg_q70,0.999623,1,1
data\wildfake\Images\Diffusion_based\DALLE\DALLE\Advanced\DALLE3\dalle3\202311011943129901ca391019566e\2ba8788f252bd2cbe1277910cbfeb515.jpg,1,ai,jpeg_q70,0.893045,1,1
data\wildfake\Images\Diffusion_based\DALLE\DALLE\Advanced\DALLE3\dalle3\202311011943129901ca391019566e\2baf0c197e9c5ce4361b3d42155aa22e.jpg,1,ai,jpeg_q70,0.992592,1,1
data\wildfake\Images\Diffusion_based\DALLE\DALLE\Advanced\DALLE3\dalle3\202311011943129901ca391019566e\2bb2b3d160e5311788624d273b772f40.jpg,1,ai,jpeg_q70,0.987099,1,1
data\wildfake\Images\Diffusion_based\DALLE\DALLE\Advanced\DALLE3\dalle3\202311011943129901ca391019566e\2c0e365aeac4763b8e6a526e363bd610.jpg,1,ai,jpeg_q70,0.654164,1,1
data\wildfake\Images\Diffusion_based\DALLE\DALLE\Advanced\DALLE3\dalle3\202311011943129901ca391019566e\2c11541922d2a6fe483be9e0178f671c.jpg,1,ai,jpeg_q70,0.995912,1,1
data\wildfake\Images\Diffusion_based\DALLE\DALLE\Advanced\DALLE3\dalle3\202311011943129901ca391019566e\2c5344d328024d946219996f4abe3090.jpg,1,ai,jpeg_q70,0.983652,1,1
data\wildfake\Images\Diffusion_based\DALLE\DALLE\Advanced\DALLE3\dalle3\202311011943129901ca391019566e\2c69e73c4582d42385954694ecdb6784.jpg,1,ai,jpeg_q70,0.363885,0,0
data\wildfake\Images\Diffusion_based\DALLE\DALLE\Advanced\DALLE3\dalle3\202311011943129901ca391019566e\2c792457c59a478d71aa8aa5e3ce4b82.jpg,1,ai,jpeg_q70,0.985271,1,1
data\wildfake\Images\Diffusion_based\DALLE\DALLE\Advanced\DALLE3\dalle3\202311011943129901ca391019566e\2cb7d5ac6ffd5010a455f2cd06ae7e8a.jpg,1,ai,jpeg_q70,0.799921,1,1
data\wildfake\Images\Diffusion_based\DALLE\DALLE\Advanced\DALLE3\dalle3\202311011943129901ca391019566e\2d4407522203cc35dabb00de566aa4d9.jpg,1,ai,jpeg_q70,0.989264,1,1
data\wildfake\Images\Diffusion_based\DALLE\DALLE\Advanced\DALLE3\dalle3\202311011943129901ca391019566e\2d4a70b3451df22b21b40ec729c00a48.jpg,1,ai,jpeg_q70,0.954701,1,1
data\wildfake\Images\Diffusion_based\DALLE\DALLE\Advanced\DALLE3\dalle3\202311011943129901ca391019566e\2d5061ca63165c55f2ef846224f33dd2.jpg,1,ai,jpeg_q70,0.999014,1,1
data\wildfake\Images\Diffusion_based\DALLE\DALLE\Advanced\DALLE3\dalle3\202311011943129901ca391019566e\2d53dd3dcc2de459e3f2d250bb437140.jpg,1,ai,jpeg_q70,0.989669,1,1
data\wildfake\Images\Diffusion_based\DALLE\DALLE\Advanced\DALLE3\dalle3\202311011943129901ca391019566e\2d7ab35155588f94c1a348c27547fd74.jpg,1,ai,jpeg_q70,0.962092,1,1
data\wildfake\Images\Diffusion_based\DALLE\DALLE\Advanced\DALLE3\dalle3\202311011943129901ca391019566e\2d8e38aa7e70ce9369aa171383bf65eb.jpg,1,ai,jpeg_q70,0.942349,1,1
data\wildfake\Images\Diffusion_based\DALLE\DALLE\Advanced\DALLE3\dalle3\202311011943129901ca391019566e\2dd017a7a4f655dcb0c4372331c0b1b5.jpg,1,ai,jpeg_q70,0.998983,1,1
data\wildfake\Images\Diffusion_based\DALLE\DALLE\Advanced\DALLE3\dalle3\202311011943129901ca391019566e\2de406e758d42a580e7fe68e7d630283.jpg,1,ai,jpeg_q70,0.976731,1,1
data\wildfake\Images\Diffusion_based\DALLE\DALLE\Advanced\DALLE3\dalle3\202311011943129901ca391019566e\2e15e3a5e2e21acdc69da41965a0bedf.jpg,1,ai,jpeg_q70,0.958253,1,1
data\wildfake\Images\Diffusion_based\DALLE\DALLE\Advanced\DALLE3\dalle3\202311011943129901ca391019566e\2e1ef76a03f1c5416e4bde07474943c4.jpg,1,ai,jpeg_q70,0.977960,1,1
data\wildfake\Images\Diffusion_based\DALLE\DALLE\Advanced\DALLE3\dalle3\202311011943129901ca391019566e\2e7aff6277220e43a3daf5f30c06a068.jpg,1,ai,jpeg_q70,0.978212,1,1
data\wildfake\Images\Diffusion_based\DALLE\DALLE\Advanced\DALLE3\dalle3\202311011943129901ca391019566e\2eb4a5e062ba72185389e9307e44cd2d.jpg,1,ai,jpeg_q70,0.993059,1,1
data\wildfake\Images\Diffusion_based\DALLE\DALLE\Advanced\DALLE3\dalle3\202311011943129901ca391019566e\2ef04a5fc0572c6d60a425eb9aa2caa4.jpg,1,ai,jpeg_q70,0.959749,1,1
data\wildfake\Images\Diffusion_based\DALLE\DALLE\Advanced\DALLE3\dalle3\202311011943129901ca391019566e\2f10ecc0fa83c79f1e16ce90189d9a1f.jpg,1,ai,jpeg_q70,0.866179,1,1
data\wildfake\Images\Diffusion_based\DALLE\DALLE\Advanced\DALLE3\dalle3\202311011943129901ca391019566e\2f35a3f9a6a688927094ea0d49cfeff1.jpg,1,ai,jpeg_q70,0.956884,1,1
data\wildfake\Images\Diffusion_based\DALLE\DALLE\Advanced\DALLE3\dalle3\202311011943129901ca391019566e\2f38a4dc1b3d6898ebef464d6e42e30e.jpg,1,ai,jpeg_q70,0.989206,1,1
data\wildfake\Images\Diffusion_based\DALLE\DALLE\Advanced\DALLE3\dalle3\202311011943129901ca391019566e\2fee7962741814f7d0b72cc6662b064f.jpg,1,ai,jpeg_q70,0.531631,1,1
data\wildfake\Images\Diffusion_based\DALLE\DALLE\Advanced\DALLE3\dalle3\202311011943129901ca391019566e\304856302c6c89d4704bf858af8338ff.jpg,1,ai,jpeg_q70,0.991469,1,1
data\wildfake\Images\Diffusion_based\DALLE\DALLE\Advanced\DALLE3\dalle3\202311011943129901ca391019566e\304fd3f94a49d5200243851cb1ebc110.jpg,1,ai,jpeg_q70,0.981969,1,1
data\wildfake\Images\Diffusion_based\DALLE\DALLE\Advanced\DALLE3\dalle3\202311011943129901ca391019566e\30560488aed228278d62eddd812ad46f.jpg,1,ai,jpeg_q70,0.970487,1,1
data\wildfake\Images\Diffusion_based\DALLE\DALLE\Advanced\DALLE3\dalle3\202311011943129901ca391019566e\30736792ffea71cb6ad31d157f99af48.jpg,1,ai,jpeg_q70,0.987915,1,1
data\wildfake\Images\Diffusion_based\DALLE\DALLE\Advanced\DALLE3\dalle3\202311011943129901ca391019566e\30b2cfc02c06fb99cbfef1d388659152.jpg,1,ai,jpeg_q70,0.913243,1,1
data\wildfake\Images\Diffusion_based\DALLE\DALLE\Advanced\DALLE3\dalle3\202311011943129901ca391019566e\30c49b6b1c420fc74213a41b2979a3c0.jpg,1,ai,jpeg_q70,0.995384,1,1
data\wildfake\Images\Diffusion_based\DALLE\DALLE\Advanced\DALLE3\dalle3\202311011943129901ca391019566e\30c553711ea647681a5c645c0f67086a.jpg,1,ai,jpeg_q70,0.948653,1,1
data\wildfake\Images\Diffusion_based\DALLE\DALLE\Advanced\DALLE3\dalle3\202311011943129901ca391019566e\315898da3833d2ee6901cda8b0a307ac.jpg,1,ai,jpeg_q70,0.995770,1,1
data\wildfake\Images\Diffusion_based\DALLE\DALLE\Advanced\DALLE3\dalle3\202311011943129901ca391019566e\315923afcd05949e86784e05304935db.jpg,1,ai,jpeg_q70,0.975601,1,1
data\wildfake\Images\Diffusion_based\DALLE\DALLE\Advanced\DALLE3\dalle3\202311011943129901ca391019566e\315f76c57b8a55035382dc9eb45bbc35.jpg,1,ai,jpeg_q70,0.995405,1,1
data\wildfake\Images\Diffusion_based\DALLE\DALLE\Advanced\DALLE3\dalle3\202311011943129901ca391019566e\319271d13e343a78aa4b60d611880085.jpg,1,ai,jpeg_q70,0.934490,1,1
data\wildfake\Images\Diffusion_based\DALLE\DALLE\Advanced\DALLE3\dalle3\202311011943129901ca391019566e\319352d3ba48a8c141010ef23a310dfa.jpg,1,ai,jpeg_q70,0.812569,1,1
data\wildfake\Images\Diffusion_based\DALLE\DALLE\Advanced\DALLE3\dalle3\202311011943129901ca391019566e\31b0fea829c59468d074bf8d41e2874a.jpg,1,ai,jpeg_q70,0.991858,1,1
data\wildfake\Images\Diffusion_based\DALLE\DALLE\Advanced\DALLE3\dalle3\202311011943129901ca391019566e\31fd1f9fbaaf9a21a31ed7d9079b809b.jpg,1,ai,jpeg_q70,0.975385,1,1
data\wildfake\Images\Diffusion_based\DALLE\DALLE\Advanced\DALLE3\dalle3\202311011943129901ca391019566e\3213263f2367f1901333c55db977df4b.jpg,1,ai,jpeg_q70,0.970074,1,1
data\wildfake\Images\Diffusion_based\DALLE\DALLE\Advanced\DALLE3\dalle3\202311011943129901ca391019566e\322e678734edd3815df7453195002717.jpg,1,ai,jpeg_q70,0.998370,1,1
data\wildfake\Images\Diffusion_based\DALLE\DALLE\Advanced\DALLE3\dalle3\202311011943129901ca391019566e\32e6f9ca1ccd76d04fd44b937cae7d43.jpg,1,ai,jpeg_q70,0.972144,1,1
data\wildfake\Images\Diffusion_based\DALLE\DALLE\Advanced\DALLE3\dalle3\202311011943129901ca391019566e\32eb6bb94aba85b0cb9aa9b2d5e27b9e.jpg,1,ai,jpeg_q70,0.991102,1,1
data\wildfake\Images\Diffusion_based\DALLE\DALLE\Advanced\DALLE3\dalle3\202311011943129901ca391019566e\336063d010021b35f8766118ee2bef33.jpg,1,ai,jpeg_q70,0.796419,1,1
data\wildfake\Images\Diffusion_based\DALLE\DALLE\Advanced\DALLE3\dalle3\202311011943129901ca391019566e\338381afdabb579e180fb70d0eef941f.jpg,1,ai,jpeg_q70,0.807467,1,1
data\wildfake\Images\Diffusion_based\DALLE\DALLE\Advanced\DALLE3\dalle3\202311011943129901ca391019566e\33ca83250951eda1aa5770e402422db2.jpg,1,ai,jpeg_q70,0.862854,1,1
data\wildfake\Images\Diffusion_based\DALLE\DALLE\Advanced\DALLE3\dalle3\202311011943129901ca391019566e\33f866ca2db6a848a4dca0380092daa7.jpg,1,ai,jpeg_q70,0.983694,1,1
data\wildfake\Images\Diffusion_based\DALLE\DALLE\Advanced\DALLE3\dalle3\202311011943129901ca391019566e\3418ee210990b7fd9c6140957fa11cf7.jpg,1,ai,jpeg_q70,0.969959,1,1
data\wildfake\Images\Diffusion_based\DALLE\DALLE\Advanced\DALLE3\dalle3\202311011943129901ca391019566e\345fc7b26c1e6d571cea80dcf35417ef.jpg,1,ai,jpeg_q70,0.825898,1,1
data\wildfake\Images\Diffusion_based\DALLE\DALLE\Advanced\DALLE3\dalle3\202311011943129901ca391019566e\35164f35c66c83fed0de6b4118dd4261.jpg,1,ai,jpeg_q70,0.971916,1,1
data\wildfake\Images\Diffusion_based\DALLE\DALLE\Advanced\DALLE3\dalle3\202311011943129901ca391019566e\352c02644ff0e10a17759dac5a0aa222.jpg,1,ai,jpeg_q70,0.967696,1,1
data\wildfake\Images\Diffusion_based\DALLE\DALLE\Advanced\DALLE3\dalle3\202311011943129901ca391019566e\35db819bb6aaa5848c464902098d2734.jpg,1,ai,jpeg_q70,0.921192,1,1
data\wildfake\Images\Diffusion_based\DALLE\DALLE\Advanced\DALLE3\dalle3\202311011943129901ca391019566e\362ae43f0e7be860ec6dd6e81a928b4b.jpg,1,ai,jpeg_q70,0.964293,1,1
data\wildfake\Images\Diffusion_based\DALLE\DALLE\Advanced\DALLE3\dalle3\202311011943129901ca391019566e\3665bdb398545aec37c3c213361945f8.jpg,1,ai,jpeg_q70,0.875065,1,1
data\wildfake\Images\Diffusion_based\DALLE\DALLE\Advanced\DALLE3\dalle3\202311011943129901ca391019566e\369fb53d3a6a12263b6ecd9afe70a62b.jpg,1,ai,jpeg_q70,0.720397,1,1
data\wildfake\Images\Diffusion_based\DALLE\DALLE\Advanced\DALLE3\dalle3\202311011943129901ca391019566e\375a95817c1af04ed49db19dae0aaabe.jpg,1,ai,jpeg_q70,0.967725,1,1
data\wildfake\Images\Diffusion_based\DALLE\DALLE\Advanced\DALLE3\dalle3\202311011943129901ca391019566e\375abcbb188328fe2445182ee772e4e6.jpg,1,ai,jpeg_q70,0.948484,1,1
data\wildfake\Images\Diffusion_based\DALLE\DALLE\Advanced\DALLE3\dalle3\202311011943129901ca391019566e\37718b17aec9cff0fba348a00e4700f1.jpg,1,ai,jpeg_q70,0.959122,1,1
data\wildfake\Images\Diffusion_based\DALLE\DALLE\Advanced\DALLE3\dalle3\202311011943129901ca391019566e\37cf3cd63b1341c596ad77d9a368e3ad.jpg,1,ai,jpeg_q70,0.670874,1,1
data\wildfake\Images\Diffusion_based\DALLE\DALLE\Advanced\DALLE3\dalle3\202311011943129901ca391019566e\37fd34a74cdbb136dac1328065089604.jpg,1,ai,jpeg_q70,0.986561,1,1
data\wildfake\Images\Diffusion_based\DALLE\DALLE\Advanced\DALLE3\dalle3\202311011943129901ca391019566e\380b9b83cb92cc0ec8b735ba1454571d.jpg,1,ai,jpeg_q70,0.875291,1,1
data\wildfake\Images\Diffusion_based\DALLE\DALLE\Advanced\DALLE3\dalle3\202311011943129901ca391019566e\38259b16a26ba1567d1eed9ae28054c6.jpg,1,ai,jpeg_q70,0.978467,1,1
data\wildfake\Images\Diffusion_based\DALLE\DALLE\Advanced\DALLE3\dalle3\202311011943129901ca391019566e\383b94992415b3dfc9145780cdce53e9.jpg,1,ai,jpeg_q70,0.998177,1,1
data\wildfake\Images\Diffusion_based\DALLE\DALLE\Advanced\DALLE3\dalle3\202311011943129901ca391019566e\3848384edde46920c17f2d7d980d91c4.jpg,1,ai,jpeg_q70,0.860990,1,1
data\wildfake\Images\Diffusion_based\DALLE\DALLE\Advanced\DALLE3\dalle3\202311011943129901ca391019566e\384a171d263043a8162c4c98e82b7c7a.jpg,1,ai,jpeg_q70,0.994302,1,1
data\wildfake\Images\Diffusion_based\DALLE\DALLE\Advanced\DALLE3\dalle3\202311011943129901ca391019566e\389eb491a55dd0f0fc1bf55b8f7ac7bb.jpg,1,ai,jpeg_q70,0.876205,1,1
data\wildfake\Images\Diffusion_based\DALLE\DALLE\Advanced\DALLE3\dalle3\202311011943129901ca391019566e\38c8ca7d7a460d31c0fb0e193eb5c7c3.jpg,1,ai,jpeg_q70,0.469519,0,0
data\wildfake\Images\Diffusion_based\DALLE\DALLE\Advanced\DALLE3\dalle3\202311011943129901ca391019566e\38f214c0c4d5c60a5b0b840e4610e732.jpg,1,ai,jpeg_q70,0.999227,1,1
data\wildfake\Images\Diffusion_based\DALLE\DALLE\Advanced\DALLE3\dalle3\202311011943129901ca391019566e\38f5cccc275617ac70b46ae61e056705.jpg,1,ai,jpeg_q70,0.881813,1,1
data\wildfake\Images\Diffusion_based\DALLE\DALLE\Advanced\DALLE3\dalle3\202311011943129901ca391019566e\38f6c2b66f8996d1fb290ca05478de78.jpg,1,ai,jpeg_q70,0.998729,1,1
data\wildfake\Images\Diffusion_based\DALLE\DALLE\Advanced\DALLE3\dalle3\202311011943129901ca391019566e\390fe2eb24f7ca85914fdf1650680eca.jpg,1,ai,jpeg_q70,0.934298,1,1
data\wildfake\Images\Diffusion_based\DALLE\DALLE\Advanced\DALLE3\dalle3\202311011943129901ca391019566e\3914e2460ff7bf8d6f484b8cae774763.jpg,1,ai,jpeg_q70,0.994686,1,1
data\wildfake\Images\Diffusion_based\DALLE\DALLE\Advanced\DALLE3\dalle3\202311011943129901ca391019566e\395d41cab76033ade5ce709902966d80.jpg,1,ai,jpeg_q70,0.956084,1,1
data\wildfake\Images\Diffusion_based\DALLE\DALLE\Advanced\DALLE3\dalle3\202311011943129901ca391019566e\39671b268029c7b57bd9dc6cad1bc226.jpg,1,ai,jpeg_q70,0.983171,1,1
data\wildfake\Images\Diffusion_based\DALLE\DALLE\Advanced\DALLE3\dalle3\202311011943129901ca391019566e\39852ffc62bfb82b263bde310e49fb5b.jpg,1,ai,jpeg_q70,0.989152,1,1
data\wildfake\Images\Diffusion_based\DALLE\DALLE\Advanced\DALLE3\dalle3\202311011943129901ca391019566e\3995b44c45a65eff48af5844a3dd7eb4.jpg,1,ai,jpeg_q70,0.900344,1,1
data\wildfake\Images\Diffusion_based\DALLE\DALLE\Advanced\DALLE3\dalle3\202311011943129901ca391019566e\39c5599932c5cf0f986a57e56650e2b1.jpg,1,ai,jpeg_q70,0.995634,1,1
data\wildfake\Images\Diffusion_based\DALLE\DALLE\Advanced\DALLE3\dalle3\202311011943129901ca391019566e\39dd246d67876f64439a1ef3b64abea6.jpg,1,ai,jpeg_q70,0.969277,1,1
data\wildfake\Images\Diffusion_based\DALLE\DALLE\Advanced\DALLE3\dalle3\202311011943129901ca391019566e\3a1cca493657f2cae4d9c5b669ac3b8d.jpg,1,ai,jpeg_q70,0.876131,1,1
data\wildfake\Images\Diffusion_based\DALLE\DALLE\Advanced\DALLE3\dalle3\202311011943129901ca391019566e\3a678c2ff8d981f9530ef47cae8e0a5f.jpg,1,ai,jpeg_q70,0.978985,1,1
data\wildfake\Images\Diffusion_based\DALLE\DALLE\Advanced\DALLE3\dalle3\202311011943129901ca391019566e\3a6ec4011b57139049bb5ae19ba76de4.jpg,1,ai,jpeg_q70,0.961549,1,1
data\wildfake\Images\Diffusion_based\DALLE\DALLE\Advanced\DALLE3\dalle3\202311011943129901ca391019566e\3a6f3b2ac6534adbf161555ce195deeb.jpg,1,ai,jpeg_q70,0.993998,1,1
data\wildfake\Images\Diffusion_based\DALLE\DALLE\Advanced\DALLE3\dalle3\202311011943129901ca391019566e\3a749895fdda9376f4e95572c38374ab.jpg,1,ai,jpeg_q70,0.985220,1,1
data\wildfake\Images\Diffusion_based\DALLE\DALLE\Advanced\DALLE3\dalle3\202311011943129901ca391019566e\3aad6698fbc26fc01a59e290951e07cb.jpg,1,ai,jpeg_q70,0.979503,1,1
data\wildfake\Images\Diffusion_based\DALLE\DALLE\Advanced\DALLE3\dalle3\202311011943129901ca391019566e\3ab373823ee114d2979bf2c3f275c380.jpg,1,ai,jpeg_q70,0.954336,1,1
data\wildfake\Images\Diffusion_based\DALLE\DALLE\Advanced\DALLE3\dalle3\202311011943129901ca391019566e\3b0be3dfc43c47054bf071850e742f9b.jpg,1,ai,jpeg_q70,0.913862,1,1
data\wildfake\Images\Diffusion_based\DALLE\DALLE\Advanced\DALLE3\dalle3\202311011943129901ca391019566e\3b132796458fc3b6cd2162510794b59e.jpg,1,ai,jpeg_q70,0.997882,1,1
data\wildfake\Images\Diffusion_based\DALLE\DALLE\Advanced\DALLE3\dalle3\202311011943129901ca391019566e\3b14c85af39111933970882d7bd5c9b5.jpg,1,ai,jpeg_q70,0.935612,1,1
data\wildfake\Images\Diffusion_based\DALLE\DALLE\Advanced\DALLE3\dalle3\202311011943129901ca391019566e\3b3f9a48d4312ff83d519f1df9cde44f.jpg,1,ai,jpeg_q70,0.996510,1,1
data\wildfake\Images\Diffusion_based\DALLE\DALLE\Advanced\DALLE3\dalle3\202311011943129901ca391019566e\3b6ece90deb1a40e7d4b737fb82dfa2e.jpg,1,ai,jpeg_q70,0.963185,1,1
data\wildfake\Images\Diffusion_based\DALLE\DALLE\Advanced\DALLE3\dalle3\202311011943129901ca391019566e\3b9caba8af9d9f83413cf371536715d2.jpg,1,ai,jpeg_q70,0.971958,1,1
data\wildfake\Images\Diffusion_based\DALLE\DALLE\Advanced\DALLE3\dalle3\202311011943129901ca391019566e\3ba59b679202a365b18a667c1dec96cf.jpg,1,ai,jpeg_q70,0.782309,1,1
data\wildfake\Images\Diffusion_based\DALLE\DALLE\Advanced\DALLE3\dalle3\202311011943129901ca391019566e\3bebba80c4fddc74bc418defa70fd893.jpg,1,ai,jpeg_q70,0.997153,1,1
data\wildfake\Images\Diffusion_based\DALLE\DALLE\Advanced\DALLE3\dalle3\202311011943129901ca391019566e\3c589aa7fd4a6705f1fd7918daf4ffb9.jpg,1,ai,jpeg_q70,0.729042,1,1
data\wildfake\Images\Diffusion_based\DALLE\DALLE\Advanced\DALLE3\dalle3\202311011943129901ca391019566e\3c6015025452c1f6c0e4d56b5c87e8be.jpg,1,ai,jpeg_q70,0.974616,1,1
data\wildfake\Images\Diffusion_based\DALLE\DALLE\Advanced\DALLE3\dalle3\202311011943129901ca391019566e\3c608723c7bc2b41470ea8293ef7e629.jpg,1,ai,jpeg_q70,0.951136,1,1
data\wildfake\Images\Diffusion_based\DALLE\DALLE\Advanced\DALLE3\dalle3\202311011943129901ca391019566e\3c98a1ae30b530d8b631072172132a7c.jpg,1,ai,jpeg_q70,0.949468,1,1
data\wildfake\Images\Diffusion_based\DALLE\DALLE\Advanced\DALLE3\dalle3\202311011943129901ca391019566e\3d15ba5566ec4985c59f1fd8d41155eb.jpg,1,ai,jpeg_q70,0.873565,1,1
data\wildfake\Images\Diffusion_based\DALLE\DALLE\Advanced\DALLE3\dalle3\202311011943129901ca391019566e\3d2f602326c6a4b0dafba72660022ec9.jpg,1,ai,jpeg_q70,0.998789,1,1
data\wildfake\Images\Diffusion_based\DALLE\DALLE\Advanced\DALLE3\dalle3\202311011943129901ca391019566e\3d3294354d344fd190dbb0ddd868e82c.jpg,1,ai,jpeg_q70,0.963139,1,1
data\wildfake\Images\Diffusion_based\DALLE\DALLE\Advanced\DALLE3\dalle3\202311011943129901ca391019566e\3d3ae692b6ab680c51483072bf14d79d.jpg,1,ai,jpeg_q70,0.529964,1,1
data\wildfake\Images\Diffusion_based\DALLE\DALLE\Advanced\DALLE3\dalle3\202311011943129901ca391019566e\3d45830dd719ca2a08a1afe31dbd68d1.jpg,1,ai,jpeg_q70,0.966996,1,1
data\wildfake\Images\Diffusion_based\DALLE\DALLE\Advanced\DALLE3\dalle3\202311011943129901ca391019566e\3e7512f7b39cb375dca034c813076ff7.jpg,1,ai,jpeg_q70,0.543916,1,1
data\wildfake\Images\Diffusion_based\DALLE\DALLE\Advanced\DALLE3\dalle3\202311011943129901ca391019566e\3e90439cf6e6ca89a9707268e52dda1e.jpg,1,ai,jpeg_q70,0.956077,1,1
data\wildfake\Images\Diffusion_based\DALLE\DALLE\Advanced\DALLE3\dalle3\202311011943129901ca391019566e\3ea41e7bbbe2c2b9b7f6a61ddf1f2ecd.jpg,1,ai,jpeg_q70,0.994870,1,1
data\wildfake\Images\Diffusion_based\DALLE\DALLE\Advanced\DALLE3\dalle3\202311011943129901ca391019566e\3eba96dcd8633705c1164514f8c04d4d.jpg,1,ai,jpeg_q70,0.893234,1,1
data\wildfake\Images\Diffusion_based\DALLE\DALLE\Advanced\DALLE3\dalle3\202311011943129901ca391019566e\3ec893f6ed98345d544139252b5c35a8.jpg,1,ai,jpeg_q70,0.999286,1,1
data\wildfake\Images\Diffusion_based\DALLE\DALLE\Advanced\DALLE3\dalle3\202311011943129901ca391019566e\3edefece12fca8c44388b6abe6bfc46d.jpg,1,ai,jpeg_q70,0.772105,1,1
data\wildfake\Images\Diffusion_based\DALLE\DALLE\Advanced\DALLE3\dalle3\202311011943129901ca391019566e\3f26607f332483551b724f82a14d800b.jpg,1,ai,jpeg_q70,0.997300,1,1
data\wildfake\Images\Diffusion_based\DALLE\DALLE\Advanced\DALLE3\dalle3\202311011943129901ca391019566e\3f2ff704b294e08c4a1f6ffcf8631b1c.jpg,1,ai,jpeg_q70,0.997169,1,1
data\wildfake\Images\Diffusion_based\DALLE\DALLE\Advanced\DALLE3\dalle3\202311011943129901ca391019566e\3f5ab657b89e15194a92fcd771378c0c.jpg,1,ai,jpeg_q70,0.511995,1,1
data\wildfake\Images\Diffusion_based\DALLE\DALLE\Advanced\DALLE3\dalle3\202311011943129901ca391019566e\3fee7ce7157ed337574b8f427512735e.jpg,1,ai,jpeg_q70,0.955956,1,1
data\wildfake\Images\Diffusion_based\DALLE\DALLE\Advanced\DALLE3\dalle3\202311011943129901ca391019566e\3ffc69b38bceeb3e1a0c33b3a1b430ed.jpg,1,ai,jpeg_q70,0.975057,1,1
data\wildfake\Images\Diffusion_based\DALLE\DALLE\Advanced\DALLE3\dalle3\202311011943129901ca391019566e\40102e461d3bad344077ce2cca755963.jpg,1,ai,jpeg_q70,0.974183,1,1
data\wildfake\Images\Diffusion_based\DALLE\DALLE\Advanced\DALLE3\dalle3\202311011943129901ca391019566e\402749b3ece18c65dd53d0904af2a040.jpg,1,ai,jpeg_q70,0.714859,1,1
data\wildfake\Images\Diffusion_based\DALLE\DALLE\Advanced\DALLE3\dalle3\202311011943129901ca391019566e\402bdb5e6e3e7b9637ca2dd93424cd84.jpg,1,ai,jpeg_q70,0.159517,0,0
data\wildfake\Images\Diffusion_based\DALLE\DALLE\Advanced\DALLE3\dalle3\202311011943129901ca391019566e\402d798fb9f40c7d03bc5ec8a1fd8c22.jpg,1,ai,jpeg_q70,0.761575,1,1
data\wildfake\Images\Diffusion_based\DALLE\DALLE\Advanced\DALLE3\dalle3\202311011943129901ca391019566e\403ae67747cf6731576c84bac47ec145.jpg,1,ai,jpeg_q70,0.528017,1,1
data\wildfake\Images\Diffusion_based\DALLE\DALLE\Advanced\DALLE3\dalle3\202311011943129901ca391019566e\404a76fa81908c93516f0cc87cf0412d.jpg,1,ai,jpeg_q70,0.997425,1,1
data\wildfake\Images\Diffusion_based\DALLE\DALLE\Advanced\DALLE3\dalle3\202311011943129901ca391019566e\405e870a483b1244e2168dc318615c36.jpg,1,ai,jpeg_q70,0.995760,1,1
data\wildfake\Images\Diffusion_based\DALLE\DALLE\Advanced\DALLE3\dalle3\202311011943129901ca391019566e\4073879d8d10986f5f75a1c525a1a9f3.jpg,1,ai,jpeg_q70,0.996656,1,1
data\wildfake\Images\Diffusion_based\DALLE\DALLE\Advanced\DALLE3\dalle3\202311011943129901ca391019566e\4088de68f2905b1a84718bc6e57274c0.jpg,1,ai,jpeg_q70,0.993907,1,1
data\wildfake\Images\Diffusion_based\DALLE\DALLE\Advanced\DALLE3\dalle3\202311011943129901ca391019566e\408a2aa7576f9951cf9c458ce273ce74.jpg,1,ai,jpeg_q70,0.710310,1,1
data\wildfake\Images\Diffusion_based\DALLE\DALLE\Advanced\DALLE3\dalle3\202311011943129901ca391019566e\40ae90424bc188ad34574d8aa0b4e086.jpg,1,ai,jpeg_q70,0.962275,1,1
data\wildfake\Images\Diffusion_based\DALLE\DALLE\Advanced\DALLE3\dalle3\202311011943129901ca391019566e\40f4ce4fad593a5c49a3349e0436ce83.jpg,1,ai,jpeg_q70,0.724852,1,1
data\wildfake\Images\Diffusion_based\DALLE\DALLE\Advanced\DALLE3\dalle3\202311011943129901ca391019566e\41135f4abafca56efa0b16af52c3a91f.jpg,1,ai,jpeg_q70,0.706928,1,1
data\wildfake\Images\Diffusion_based\DALLE\DALLE\Advanced\DALLE3\dalle3\202311011943129901ca391019566e\411a10080c3fa05d5ff2eb26b4fd67c9.jpg,1,ai,jpeg_q70,0.993206,1,1
data\wildfake\Images\Diffusion_based\DALLE\DALLE\Advanced\DALLE3\dalle3\202311011943129901ca391019566e\41358f2fb91eb855899dc282e79419ce.jpg,1,ai,jpeg_q70,0.997519,1,1
data\wildfake\Images\Diffusion_based\DALLE\DALLE\Advanced\DALLE3\dalle3\202311011943129901ca391019566e\416dfa034acc070dbfcfa04d8d997b1b.jpg,1,ai,jpeg_q70,0.994929,1,1
data\wildfake\Images\Diffusion_based\DALLE\DALLE\Advanced\DALLE3\dalle3\202311011943129901ca391019566e\41a8a6bba5aae41f604e25548144ec61.jpg,1,ai,jpeg_q70,0.999196,1,1
data\wildfake\Images\Diffusion_based\DALLE\DALLE\Advanced\DALLE3\dalle3\202311011943129901ca391019566e\41b7abbdc3a9ba445acd08488f15653d.jpg,1,ai,jpeg_q70,0.766221,1,1
data\wildfake\Images\Diffusion_based\DALLE\DALLE\Advanced\DALLE3\dalle3\202311011943129901ca391019566e\41da469d28d6635377588301fe982446.jpg,1,ai,jpeg_q70,0.394839,0,0
data\wildfake\Images\Diffusion_based\DALLE\DALLE\Advanced\DALLE3\dalle3\202311011943129901ca391019566e\421e515a0e88c109caa58bcf4086c2d3.jpg,1,ai,jpeg_q70,0.995346,1,1
data\wildfake\Images\Diffusion_based\DALLE\DALLE\Advanced\DALLE3\dalle3\202311011943129901ca391019566e\426969be76f72756fdf5b97c8fc5b515.jpg,1,ai,jpeg_q70,0.867819,1,1
data\wildfake\Images\Diffusion_based\DALLE\DALLE\Advanced\DALLE3\dalle3\202311011943129901ca391019566e\42808100cba46229d2270ede83a8d021.jpg,1,ai,jpeg_q70,0.958166,1,1
data\wildfake\Images\Diffusion_based\DALLE\DALLE\Advanced\DALLE3\dalle3\202311011943129901ca391019566e\42cd948e772dc76afbd347543eba04e4.jpg,1,ai,jpeg_q70,0.997900,1,1
data\wildfake\Images\Diffusion_based\DALLE\DALLE\Advanced\DALLE3\dalle3\202311011943129901ca391019566e\43024062edb87b3301305cd2f382ecf7.jpg,1,ai,jpeg_q70,0.998682,1,1
data\wildfake\Images\Diffusion_based\DALLE\DALLE\Advanced\DALLE3\dalle3\202311011943129901ca391019566e\4319a10fded8829476dda68c05566a05.jpg,1,ai,jpeg_q70,0.942811,1,1
data\wildfake\Images\Diffusion_based\DALLE\DALLE\Advanced\DALLE3\dalle3\202311011943129901ca391019566e\431d0170d25d728ab50fe9125cf3b146.jpg,1,ai,jpeg_q70,0.993196,1,1
data\wildfake\Images\Diffusion_based\DALLE\DALLE\Advanced\DALLE3\dalle3\202311011943129901ca391019566e\43575994134d8aa86fc10243bdb3b09c.jpg,1,ai,jpeg_q70,0.312190,0,0
data\wildfake\Images\Diffusion_based\DALLE\DALLE\Advanced\DALLE3\dalle3\202311011943129901ca391019566e\439923d8fe5004248b8140e82aa4fcba.jpg,1,ai,jpeg_q70,0.822336,1,1
data\wildfake\Images\Diffusion_based\DALLE\DALLE\Advanced\DALLE3\dalle3\202311011943129901ca391019566e\43dd08d60d23d01b89c4d9768cde59b2.jpg,1,ai,jpeg_q70,0.979672,1,1
data\wildfake\Images\Diffusion_based\DALLE\DALLE\Advanced\DALLE3\dalle3\202311011943129901ca391019566e\441812da5113fd0c4645574cbc9ab9ad.jpg,1,ai,jpeg_q70,0.928607,1,1
data\wildfake\Images\Diffusion_based\DALLE\DALLE\Advanced\DALLE3\dalle3\202311011943129901ca391019566e\441e49e90b00ca7a7b71c9f292531acb.jpg,1,ai,jpeg_q70,0.990266,1,1
data\wildfake\Images\Diffusion_based\DALLE\DALLE\Advanced\DALLE3\dalle3\202311011943129901ca391019566e\4436418c3026e0e299f03bbb39095760.jpg,1,ai,jpeg_q70,0.945961,1,1
data\wildfake\Images\Diffusion_based\DALLE\DALLE\Advanced\DALLE3\dalle3\202311011943129901ca391019566e\443d50e1cb5add625e596c43e015507b.jpg,1,ai,jpeg_q70,0.997435,1,1
data\wildfake\Images\Diffusion_based\DALLE\DALLE\Advanced\DALLE3\dalle3\202311011943129901ca391019566e\44545c360b39210bb44518c5b2443e49.jpg,1,ai,jpeg_q70,0.998023,1,1
data\wildfake\Images\Diffusion_based\DALLE\DALLE\Advanced\DALLE3\dalle3\202311011943129901ca391019566e\44859a46c923205dffb37e029996a334.jpg,1,ai,jpeg_q70,0.998776,1,1
data\wildfake\Images\Diffusion_based\DALLE\DALLE\Advanced\DALLE3\dalle3\202311011943129901ca391019566e\4492384edaf145b93ceb269a54af2a97.jpg,1,ai,jpeg_q70,0.970180,1,1
data\wildfake\Images\Diffusion_based\DALLE\DALLE\Advanced\DALLE3\dalle3\202311011943129901ca391019566e\44961d6790a07bd7e0a2d2f9fe9b7f79.jpg,1,ai,jpeg_q70,0.798531,1,1
data\wildfake\Images\Diffusion_based\DALLE\DALLE\Advanced\DALLE3\dalle3\202311011943129901ca391019566e\44a5d446b7c18d5a57bc71141cd2aa45.jpg,1,ai,jpeg_q70,0.905348,1,1
data\wildfake\Images\Diffusion_based\DALLE\DALLE\Advanced\DALLE3\dalle3\202311011943129901ca391019566e\44f76fdbb8949da7bf5b6610814449ff.jpg,1,ai,jpeg_q70,0.999334,1,1
data\wildfake\Images\Diffusion_based\DALLE\DALLE\Advanced\DALLE3\dalle3\202311011943129901ca391019566e\44f7e1e7f6ef306935bce078f1b1a864.jpg,1,ai,jpeg_q70,0.838107,1,1
data\wildfake\Images\Diffusion_based\DALLE\DALLE\Advanced\DALLE3\dalle3\202311011943129901ca391019566e\45027d028f70e6adf658df5b8c7371cc.jpg,1,ai,jpeg_q70,0.976561,1,1
data\wildfake\Images\Diffusion_based\DALLE\DALLE\Advanced\DALLE3\dalle3\202311011943129901ca391019566e\452a2d250bb9a97675c38f25848e7757.jpg,1,ai,jpeg_q70,0.998306,1,1
data\wildfake\Images\Diffusion_based\DALLE\DALLE\Advanced\DALLE3\dalle3\202311011943129901ca391019566e\4588355873bd3ce542152b826bfaf6f7.jpg,1,ai,jpeg_q70,0.999036,1,1
data\wildfake\Images\Diffusion_based\DALLE\DALLE\Advanced\DALLE3\dalle3\202311011943129901ca391019566e\45d5e8397ec19935f3c5c76ee3dd5b73.jpg,1,ai,jpeg_q70,0.723877,1,1
data\wildfake\Images\Diffusion_based\DALLE\DALLE\Advanced\DALLE3\dalle3\202311011943129901ca391019566e\4625d58a5065c18397937e6d4b09ccbb.jpg,1,ai,jpeg_q70,0.995722,1,1
data\wildfake\Images\Diffusion_based\DALLE\DALLE\Advanced\DALLE3\dalle3\202311011943129901ca391019566e\4636469c4254183625aab9204e882711.jpg,1,ai,jpeg_q70,0.638311,1,1
data\wildfake\Images\Diffusion_based\DALLE\DALLE\Advanced\DALLE3\dalle3\202311011943129901ca391019566e\468637d99ed33a9b5b9d7640b838ca4f.jpg,1,ai,jpeg_q70,0.986365,1,1
data\wildfake\Images\Diffusion_based\DALLE\DALLE\Advanced\DALLE3\dalle3\202311011943129901ca391019566e\46d3499859242bab9aa57a95542152d8.jpg,1,ai,jpeg_q70,0.900408,1,1
data\wildfake\Images\Diffusion_based\DALLE\DALLE\Advanced\DALLE3\dalle3\202311011943129901ca391019566e\46fe0f44f11d3c00aa8a9c02b75e2b3e.jpg,1,ai,jpeg_q70,0.891267,1,1
data\wildfake\Images\Diffusion_based\DALLE\DALLE\Advanced\DALLE3\dalle3\202311011943129901ca391019566e\471f24c0c0ffe8e35263e00831608713.jpg,1,ai,jpeg_q70,0.976383,1,1
data\wildfake\Images\Diffusion_based\DALLE\DALLE\Advanced\DALLE3\dalle3\202311011943129901ca391019566e\4725f73f1c1513ffa9e8091490752584.jpg,1,ai,jpeg_q70,0.989531,1,1
data\wildfake\Images\Diffusion_based\DALLE\DALLE\Advanced\DALLE3\dalle3\202311011943129901ca391019566e\4739760d65f803aa6f795729dac44a4b.jpg,1,ai,jpeg_q70,0.451108,0,0
data\wildfake\Images\Diffusion_based\DALLE\DALLE\Advanced\DALLE3\dalle3\202311011943129901ca391019566e\473d9358cd5dadc9d059ae6f23615a08.jpg,1,ai,jpeg_q70,0.929405,1,1
data\wildfake\Images\Diffusion_based\DALLE\DALLE\Advanced\DALLE3\dalle3\202311011943129901ca391019566e\4743b32a5d208525dbafb06458250227.jpg,1,ai,jpeg_q70,0.984185,1,1
data\wildfake\Images\Diffusion_based\DALLE\DALLE\Advanced\DALLE3\dalle3\202311011943129901ca391019566e\4749cf6a0429c68331a21c86c869019c.jpg,1,ai,jpeg_q70,0.968597,1,1
data\wildfake\Images\Diffusion_based\DALLE\DALLE\Advanced\DALLE3\dalle3\202311011943129901ca391019566e\47b230943a7ccf459bac499a167e88c0.jpg,1,ai,jpeg_q70,0.998487,1,1
data\wildfake\Images\Diffusion_based\DALLE\DALLE\Advanced\DALLE3\dalle3\202311011943129901ca391019566e\47ff752ab1f760ac9ccea6fb1a8bdbc2.jpg,1,ai,jpeg_q70,0.983668,1,1
data\wildfake\Images\Diffusion_based\DALLE\DALLE\Advanced\DALLE3\dalle3\202311011943129901ca391019566e\4812e523deb1c1a89285838496713e71.jpg,1,ai,jpeg_q70,0.940884,1,1
data\wildfake\Images\Diffusion_based\DALLE\DALLE\Advanced\DALLE3\dalle3\202311011943129901ca391019566e\48385b32de03a857b551da9c5d167383.jpg,1,ai,jpeg_q70,0.999302,1,1
data\wildfake\Images\Diffusion_based\DALLE\DALLE\Advanced\DALLE3\dalle3\202311011943129901ca391019566e\48390d6dbfa181447942bcb9299d3a65.jpg,1,ai,jpeg_q70,0.975574,1,1
data\wildfake\Images\Diffusion_based\DALLE\DALLE\Advanced\DALLE3\dalle3\202311011943129901ca391019566e\4844bd6f619763f36d8812e2b943708f.jpg,1,ai,jpeg_q70,0.821936,1,1
data\wildfake\Images\Diffusion_based\DALLE\DALLE\Advanced\DALLE3\dalle3\202311011943129901ca391019566e\48463159e1f209a28723c6f44b1f8bcb.jpg,1,ai,jpeg_q70,0.974772,1,1
data\wildfake\Images\Diffusion_based\DALLE\DALLE\Advanced\DALLE3\dalle3\202311011943129901ca391019566e\485c1d97310769e4ced3957775c6fbb4.jpg,1,ai,jpeg_q70,0.977217,1,1
data\wildfake\Images\Diffusion_based\DALLE\DALLE\Advanced\DALLE3\dalle3\202311011943129901ca391019566e\486f4badafd391ff2b9d4d159f270f20.jpg,1,ai,jpeg_q70,0.991675,1,1
data\wildfake\Images\Diffusion_based\DALLE\DALLE\Advanced\DALLE3\dalle3\202311011943129901ca391019566e\4875f2a6256c57e8e60e58000fa686c4.jpg,1,ai,jpeg_q70,0.995449,1,1
data\wildfake\Images\Diffusion_based\DALLE\DALLE\Advanced\DALLE3\dalle3\202311011943129901ca391019566e\487ec128dae98d0dbcc86a301dd91482.jpg,1,ai,jpeg_q70,0.971430,1,1
data\wildfake\Images\Diffusion_based\DALLE\DALLE\Advanced\DALLE3\dalle3\202311011943129901ca391019566e\489d6dee73070f3ffa1276cd0e145d55.jpg,1,ai,jpeg_q70,0.977181,1,1
data\wildfake\Images\Diffusion_based\DALLE\DALLE\Advanced\DALLE3\dalle3\202311011943129901ca391019566e\4922164150386e68fdcb8f067019ba8d.jpg,1,ai,jpeg_q70,0.985290,1,1
data\wildfake\Images\Diffusion_based\DALLE\DALLE\Advanced\DALLE3\dalle3\202311011943129901ca391019566e\49720c883fed478e35d0825d2a020a1d.jpg,1,ai,jpeg_q70,0.588366,1,1
data\wildfake\Images\Diffusion_based\DALLE\DALLE\Advanced\DALLE3\dalle3\202311011943129901ca391019566e\497329311ca13f4404649da7530d4f64.jpg,1,ai,jpeg_q70,0.982412,1,1
data\wildfake\Images\Diffusion_based\DALLE\DALLE\Advanced\DALLE3\dalle3\202311011943129901ca391019566e\49927870fa1f1c4817e3a6bec7d04771.jpg,1,ai,jpeg_q70,0.990496,1,1
data\wildfake\Images\Diffusion_based\DALLE\DALLE\Advanced\DALLE3\dalle3\202311011943129901ca391019566e\49c2dae00eeb27965c3e865f02e3a199.jpg,1,ai,jpeg_q70,0.979456,1,1
data\wildfake\Images\Diffusion_based\DALLE\DALLE\Advanced\DALLE3\dalle3\202311011943129901ca391019566e\49d3a17968d4bca49d38f5de54526dbb.jpg,1,ai,jpeg_q70,0.968024,1,1
data\wildfake\Images\Diffusion_based\DALLE\DALLE\Advanced\DALLE3\dalle3\202311011943129901ca391019566e\49e3e03c351579d3865dbe865e358b52.jpg,1,ai,jpeg_q70,0.986530,1,1
data\wildfake\Images\Diffusion_based\DALLE\DALLE\Advanced\DALLE3\dalle3\202311011943129901ca391019566e\49e968922c315f200a29400adfd63524.jpg,1,ai,jpeg_q70,0.974052,1,1
data\wildfake\Images\Diffusion_based\DALLE\DALLE\Advanced\DALLE3\dalle3\202311011943129901ca391019566e\4a5d2f38b2c0fca78828adf9d6f6296c.jpg,1,ai,jpeg_q70,0.980198,1,1
data\wildfake\Images\Diffusion_based\DALLE\DALLE\Advanced\DALLE3\dalle3\202311011943129901ca391019566e\4aac29808ad56a671c1da2f831c31392.jpg,1,ai,jpeg_q70,0.943056,1,1
data\wildfake\Images\Diffusion_based\DALLE\DALLE\Advanced\DALLE3\dalle3\202311011943129901ca391019566e\4ae5c1e57cfdce9c4be7cb9165abfe15.jpg,1,ai,jpeg_q70,0.856232,1,1
data\wildfake\Images\Diffusion_based\DALLE\DALLE\Advanced\DALLE3\dalle3\202311011943129901ca391019566e\4b09a0d86cc237d7a7fa0e5453e4f9a1.jpg,1,ai,jpeg_q70,0.999345,1,1
data\wildfake\Images\Diffusion_based\DALLE\DALLE\Advanced\DALLE3\dalle3\202311011943129901ca391019566e\4b1f6c9c7d65f8a324414b323cada82c.jpg,1,ai,jpeg_q70,0.984996,1,1
data\wildfake\Images\Diffusion_based\DALLE\DALLE\Advanced\DALLE3\dalle3\202311011943129901ca391019566e\4b2179fe5a391d088197e56df4d86d5e.jpg,1,ai,jpeg_q70,0.958289,1,1
data\wildfake\Images\Diffusion_based\DALLE\DALLE\Advanced\DALLE3\dalle3\202311011943129901ca391019566e\4b280ed6aaccc8460f2ce8134b5aa226.jpg,1,ai,jpeg_q70,0.465949,0,0
data\wildfake\Images\Diffusion_based\DALLE\DALLE\Advanced\DALLE3\dalle3\202311011943129901ca391019566e\4b580e592324ddcef9a4665122cfa3ff.jpg,1,ai,jpeg_q70,0.772423,1,1
data\wildfake\Images\Diffusion_based\DALLE\DALLE\Advanced\DALLE3\dalle3\202311011943129901ca391019566e\4b83dccbdb1c2fd84b80b1ddbdcac2e6.jpg,1,ai,jpeg_q70,0.222163,0,0
data\wildfake\Images\Diffusion_based\DALLE\DALLE\Advanced\DALLE3\dalle3\202311011943129901ca391019566e\4bccbe67ae688eed37405074a92c79ad.jpg,1,ai,jpeg_q70,0.962837,1,1
data\wildfake\Images\Diffusion_based\DALLE\DALLE\Advanced\DALLE3\dalle3\202311011943129901ca391019566e\4c0562860dc1056633db43557e06bff3.jpg,1,ai,jpeg_q70,0.975355,1,1
data\wildfake\Images\Diffusion_based\DALLE\DALLE\Advanced\DALLE3\dalle3\202311011943129901ca391019566e\4c252a942df979698399d534efdca9a1.jpg,1,ai,jpeg_q70,0.974402,1,1
data\val\real\000000000139.jpg,0,real,jpeg_q50,0.588717,1,0
data\val\real\000000000285.jpg,0,real,jpeg_q50,0.112279,0,1
data\val\real\000000000632.jpg,0,real,jpeg_q50,0.406749,0,1
data\val\real\000000000724.jpg,0,real,jpeg_q50,0.216314,0,1
data\val\real\000000000776.jpg,0,real,jpeg_q50,0.250239,0,1
data\val\real\000000000785.jpg,0,real,jpeg_q50,0.362867,0,1
data\val\real\000000000802.jpg,0,real,jpeg_q50,0.044620,0,1
data\val\real\000000000872.jpg,0,real,jpeg_q50,0.028772,0,1
data\val\real\000000000885.jpg,0,real,jpeg_q50,0.457201,0,1
data\val\real\000000001000.jpg,0,real,jpeg_q50,0.042901,0,1
data\val\real\000000001268.jpg,0,real,jpeg_q50,0.107321,0,1
data\val\real\000000001296.jpg,0,real,jpeg_q50,0.111324,0,1
data\val\real\000000001353.jpg,0,real,jpeg_q50,0.031152,0,1
data\val\real\000000001425.jpg,0,real,jpeg_q50,0.484530,0,1
data\val\real\000000001490.jpg,0,real,jpeg_q50,0.421098,0,1
data\val\real\000000001503.jpg,0,real,jpeg_q50,0.344739,0,1
data\val\real\000000001532.jpg,0,real,jpeg_q50,0.129646,0,1
data\val\real\000000001584.jpg,0,real,jpeg_q50,0.827400,1,0
data\val\real\000000001675.jpg,0,real,jpeg_q50,0.169061,0,1
data\val\real\000000001761.jpg,0,real,jpeg_q50,0.044873,0,1
data\val\real\000000001818.jpg,0,real,jpeg_q50,0.317137,0,1
data\val\real\000000001993.jpg,0,real,jpeg_q50,0.089432,0,1
data\val\real\000000002006.jpg,0,real,jpeg_q50,0.222743,0,1
data\val\real\000000002149.jpg,0,real,jpeg_q50,0.416333,0,1
data\val\real\000000002153.jpg,0,real,jpeg_q50,0.058729,0,1
data\val\real\000000002157.jpg,0,real,jpeg_q50,0.441431,0,1
data\val\real\000000002261.jpg,0,real,jpeg_q50,0.082085,0,1
data\val\real\000000002299.jpg,0,real,jpeg_q50,0.207101,0,1
data\val\real\000000002431.jpg,0,real,jpeg_q50,0.063438,0,1
data\val\real\000000002473.jpg,0,real,jpeg_q50,0.379911,0,1
data\val\real\000000002532.jpg,0,real,jpeg_q50,0.094506,0,1
data\val\real\000000002587.jpg,0,real,jpeg_q50,0.048865,0,1
data\val\real\000000002592.jpg,0,real,jpeg_q50,0.149606,0,1
data\val\real\000000002685.jpg,0,real,jpeg_q50,0.007332,0,1
data\val\real\000000002923.jpg,0,real,jpeg_q50,0.014055,0,1
data\val\real\000000003156.jpg,0,real,jpeg_q50,0.493639,0,1
data\val\real\000000003255.jpg,0,real,jpeg_q50,0.649180,1,0
data\val\real\000000003501.jpg,0,real,jpeg_q50,0.433889,0,1
data\val\real\000000003553.jpg,0,real,jpeg_q50,0.322333,0,1
data\val\real\000000003661.jpg,0,real,jpeg_q50,0.032332,0,1
data\val\real\000000003845.jpg,0,real,jpeg_q50,0.219112,0,1
data\val\real\000000003934.jpg,0,real,jpeg_q50,0.004239,0,1
data\val\real\000000004134.jpg,0,real,jpeg_q50,0.005210,0,1
data\val\real\000000004395.jpg,0,real,jpeg_q50,0.033984,0,1
data\val\real\000000004495.jpg,0,real,jpeg_q50,0.022318,0,1
data\val\real\000000004765.jpg,0,real,jpeg_q50,0.528794,1,0
data\val\real\000000004795.jpg,0,real,jpeg_q50,0.007246,0,1
data\val\real\000000005001.jpg,0,real,jpeg_q50,0.048800,0,1
data\val\real\000000005037.jpg,0,real,jpeg_q50,0.458840,0,1
data\val\real\000000005060.jpg,0,real,jpeg_q50,0.040911,0,1
data\val\real\000000005193.jpg,0,real,jpeg_q50,0.012819,0,1
data\val\real\000000005477.jpg,0,real,jpeg_q50,0.659735,1,0
data\val\real\000000005503.jpg,0,real,jpeg_q50,0.023751,0,1
data\val\real\000000005529.jpg,0,real,jpeg_q50,0.271554,0,1
data\val\real\000000005586.jpg,0,real,jpeg_q50,0.236103,0,1
data\val\real\000000005600.jpg,0,real,jpeg_q50,0.044823,0,1
data\val\real\000000005992.jpg,0,real,jpeg_q50,0.077417,0,1
data\val\real\000000006012.jpg,0,real,jpeg_q50,0.203607,0,1
data\val\real\000000006040.jpg,0,real,jpeg_q50,0.479164,0,1
data\val\real\000000006213.jpg,0,real,jpeg_q50,0.043854,0,1
data\val\real\000000006460.jpg,0,real,jpeg_q50,0.162580,0,1
data\val\real\000000006471.jpg,0,real,jpeg_q50,0.080966,0,1
data\val\real\000000006614.jpg,0,real,jpeg_q50,0.061036,0,1
data\val\real\000000006723.jpg,0,real,jpeg_q50,0.035177,0,1
data\val\real\000000006763.jpg,0,real,jpeg_q50,0.001627,0,1
data\val\real\000000006771.jpg,0,real,jpeg_q50,0.039170,0,1
data\val\real\000000006818.jpg,0,real,jpeg_q50,0.045232,0,1
data\val\real\000000006894.jpg,0,real,jpeg_q50,0.176156,0,1
data\val\real\000000006954.jpg,0,real,jpeg_q50,0.322820,0,1
data\val\real\000000007088.jpg,0,real,jpeg_q50,0.033397,0,1
data\val\real\000000007108.jpg,0,real,jpeg_q50,0.244533,0,1
data\val\real\000000007278.jpg,0,real,jpeg_q50,0.302056,0,1
data\val\real\000000007281.jpg,0,real,jpeg_q50,0.102706,0,1
data\val\real\000000007386.jpg,0,real,jpeg_q50,0.023165,0,1
data\val\real\000000007511.jpg,0,real,jpeg_q50,0.103617,0,1
data\val\real\000000007574.jpg,0,real,jpeg_q50,0.036196,0,1
data\val\real\000000007784.jpg,0,real,jpeg_q50,0.573380,1,0
data\val\real\000000007795.jpg,0,real,jpeg_q50,0.317579,0,1
data\val\real\000000007816.jpg,0,real,jpeg_q50,0.017979,0,1
data\val\real\000000007818.jpg,0,real,jpeg_q50,0.555822,1,0
data\val\real\000000007888.jpg,0,real,jpeg_q50,0.731099,1,0
data\val\real\000000007977.jpg,0,real,jpeg_q50,0.369032,0,1
data\val\real\000000007991.jpg,0,real,jpeg_q50,0.141506,0,1
data\val\real\000000008021.jpg,0,real,jpeg_q50,0.026310,0,1
data\val\real\000000008211.jpg,0,real,jpeg_q50,0.313398,0,1
data\val\real\000000008277.jpg,0,real,jpeg_q50,0.132256,0,1
data\val\real\000000008532.jpg,0,real,jpeg_q50,0.086029,0,1
data\val\real\000000008629.jpg,0,real,jpeg_q50,0.088648,0,1
data\val\real\000000008690.jpg,0,real,jpeg_q50,0.018046,0,1
data\val\real\000000008762.jpg,0,real,jpeg_q50,0.390998,0,1
data\val\real\000000008844.jpg,0,real,jpeg_q50,0.409911,0,1
data\val\real\000000008899.jpg,0,real,jpeg_q50,0.152427,0,1
data\val\real\000000009378.jpg,0,real,jpeg_q50,0.182297,0,1
data\val\real\000000009400.jpg,0,real,jpeg_q50,0.003648,0,1
data\val\real\000000009448.jpg,0,real,jpeg_q50,0.042298,0,1
data\val\real\000000009483.jpg,0,real,jpeg_q50,0.041529,0,1
data\val\real\000000009590.jpg,0,real,jpeg_q50,0.159579,0,1
data\val\real\000000009769.jpg,0,real,jpeg_q50,0.142690,0,1
data\val\real\000000009772.jpg,0,real,jpeg_q50,0.122840,0,1
data\val\real\000000009891.jpg,0,real,jpeg_q50,0.009944,0,1
data\val\real\000000009914.jpg,0,real,jpeg_q50,0.075172,0,1
data\val\real\000000010092.jpg,0,real,jpeg_q50,0.099682,0,1
data\val\real\000000010363.jpg,0,real,jpeg_q50,0.013496,0,1
data\val\real\000000010583.jpg,0,real,jpeg_q50,0.218756,0,1
data\val\real\000000010707.jpg,0,real,jpeg_q50,0.008870,0,1
data\val\real\000000010764.jpg,0,real,jpeg_q50,0.156514,0,1
data\val\real\000000010977.jpg,0,real,jpeg_q50,0.030260,0,1
data\val\real\000000010995.jpg,0,real,jpeg_q50,0.046736,0,1
data\val\real\000000011051.jpg,0,real,jpeg_q50,0.014968,0,1
data\val\real\000000011122.jpg,0,real,jpeg_q50,0.029278,0,1
data\val\real\000000011149.jpg,0,real,jpeg_q50,0.004286,0,1
data\val\real\000000011197.jpg,0,real,jpeg_q50,0.053924,0,1
data\val\real\000000011511.jpg,0,real,jpeg_q50,0.047641,0,1
data\val\real\000000011615.jpg,0,real,jpeg_q50,0.224120,0,1
data\val\real\000000011699.jpg,0,real,jpeg_q50,0.041457,0,1
data\val\real\000000011760.jpg,0,real,jpeg_q50,0.545758,1,0
data\val\real\000000011813.jpg,0,real,jpeg_q50,0.058172,0,1
data\val\real\000000012062.jpg,0,real,jpeg_q50,0.075239,0,1
data\val\real\000000012120.jpg,0,real,jpeg_q50,0.121417,0,1
data\val\real\000000012280.jpg,0,real,jpeg_q50,0.493772,0,1
data\val\real\000000012576.jpg,0,real,jpeg_q50,0.483214,0,1
data\val\real\000000012639.jpg,0,real,jpeg_q50,0.201084,0,1
data\val\real\000000012667.jpg,0,real,jpeg_q50,0.395552,0,1
data\val\real\000000012670.jpg,0,real,jpeg_q50,0.024105,0,1
data\val\real\000000012748.jpg,0,real,jpeg_q50,0.207882,0,1
data\val\real\000000013004.jpg,0,real,jpeg_q50,0.755013,1,0
data\val\real\000000013177.jpg,0,real,jpeg_q50,0.052557,0,1
data\val\real\000000013201.jpg,0,real,jpeg_q50,0.166982,0,1
data\val\real\000000013291.jpg,0,real,jpeg_q50,0.302333,0,1
data\val\real\000000013348.jpg,0,real,jpeg_q50,0.176682,0,1
data\val\real\000000013546.jpg,0,real,jpeg_q50,0.021354,0,1
data\val\real\000000013597.jpg,0,real,jpeg_q50,0.737687,1,0
data\val\real\000000013659.jpg,0,real,jpeg_q50,0.008376,0,1
data\val\real\000000013729.jpg,0,real,jpeg_q50,0.025699,0,1
data\val\real\000000013774.jpg,0,real,jpeg_q50,0.840225,1,0
data\val\real\000000013923.jpg,0,real,jpeg_q50,0.064758,0,1
data\val\real\000000014007.jpg,0,real,jpeg_q50,0.127493,0,1
data\val\real\000000014038.jpg,0,real,jpeg_q50,0.737083,1,0
data\val\real\000000014226.jpg,0,real,jpeg_q50,0.385705,0,1
data\val\real\000000014380.jpg,0,real,jpeg_q50,0.121344,0,1
data\val\real\000000014439.jpg,0,real,jpeg_q50,0.121588,0,1
data\val\real\000000014473.jpg,0,real,jpeg_q50,0.333440,0,1
data\val\real\000000014831.jpg,0,real,jpeg_q50,0.012051,0,1
data\val\real\000000014888.jpg,0,real,jpeg_q50,0.158010,0,1
data\val\real\000000015079.jpg,0,real,jpeg_q50,0.175024,0,1
data\val\real\000000015254.jpg,0,real,jpeg_q50,0.204412,0,1
data\val\real\000000015272.jpg,0,real,jpeg_q50,0.136350,0,1
data\val\real\000000015278.jpg,0,real,jpeg_q50,0.176729,0,1
data\val\real\000000015335.jpg,0,real,jpeg_q50,0.012803,0,1
data\val\real\000000015338.jpg,0,real,jpeg_q50,0.113202,0,1
data\val\real\000000015440.jpg,0,real,jpeg_q50,0.781709,1,0
data\val\real\000000015497.jpg,0,real,jpeg_q50,0.018307,0,1
data\val\real\000000015517.jpg,0,real,jpeg_q50,0.024452,0,1
data\val\real\000000015597.jpg,0,real,jpeg_q50,0.022748,0,1
data\val\real\000000015660.jpg,0,real,jpeg_q50,0.359253,0,1
data\val\real\000000015746.jpg,0,real,jpeg_q50,0.210118,0,1
data\val\real\000000015751.jpg,0,real,jpeg_q50,0.066329,0,1
data\val\real\000000015956.jpg,0,real,jpeg_q50,0.044908,0,1
data\val\real\000000016010.jpg,0,real,jpeg_q50,0.026805,0,1
data\val\real\000000016228.jpg,0,real,jpeg_q50,0.258691,0,1
data\val\real\000000016249.jpg,0,real,jpeg_q50,0.055046,0,1
data\val\real\000000016439.jpg,0,real,jpeg_q50,0.373571,0,1
data\val\real\000000016451.jpg,0,real,jpeg_q50,0.193029,0,1
data\val\real\000000016502.jpg,0,real,jpeg_q50,0.254872,0,1
data\val\real\000000016598.jpg,0,real,jpeg_q50,0.010062,0,1
data\val\real\000000016958.jpg,0,real,jpeg_q50,0.034664,0,1
data\val\real\000000017029.jpg,0,real,jpeg_q50,0.213759,0,1
data\val\real\000000017031.jpg,0,real,jpeg_q50,0.583393,1,0
data\val\real\000000017115.jpg,0,real,jpeg_q50,0.530699,1,0
data\val\real\000000017178.jpg,0,real,jpeg_q50,0.752190,1,0
data\val\real\000000017182.jpg,0,real,jpeg_q50,0.417823,0,1
data\val\real\000000017207.jpg,0,real,jpeg_q50,0.053493,0,1
data\val\real\000000017379.jpg,0,real,jpeg_q50,0.311801,0,1
data\val\real\000000017436.jpg,0,real,jpeg_q50,0.036862,0,1
data\val\real\000000017627.jpg,0,real,jpeg_q50,0.008491,0,1
data\val\real\000000017714.jpg,0,real,jpeg_q50,0.310692,0,1
data\val\real\000000017899.jpg,0,real,jpeg_q50,0.025134,0,1
data\val\real\000000017905.jpg,0,real,jpeg_q50,0.013295,0,1
data\val\real\000000017959.jpg,0,real,jpeg_q50,0.201753,0,1
data\val\real\000000018150.jpg,0,real,jpeg_q50,0.060998,0,1
data\val\real\000000018193.jpg,0,real,jpeg_q50,0.017311,0,1
data\val\real\000000018380.jpg,0,real,jpeg_q50,0.156958,0,1
data\val\real\000000018491.jpg,0,real,jpeg_q50,0.055669,0,1
data\val\real\000000018519.jpg,0,real,jpeg_q50,0.510932,1,0
data\val\real\000000018575.jpg,0,real,jpeg_q50,0.041107,0,1
data\val\real\000000018737.jpg,0,real,jpeg_q50,0.047499,0,1
data\val\real\000000018770.jpg,0,real,jpeg_q50,0.093490,0,1
data\val\real\000000018833.jpg,0,real,jpeg_q50,0.575216,1,0
data\val\real\000000018837.jpg,0,real,jpeg_q50,0.135176,0,1
data\val\real\000000019042.jpg,0,real,jpeg_q50,0.046333,0,1
data\val\real\000000019109.jpg,0,real,jpeg_q50,0.165790,0,1
data\val\real\000000019221.jpg,0,real,jpeg_q50,0.029247,0,1
data\val\real\000000019402.jpg,0,real,jpeg_q50,0.009965,0,1
data\val\real\000000019432.jpg,0,real,jpeg_q50,0.097029,0,1
data\val\real\000000019742.jpg,0,real,jpeg_q50,0.134531,0,1
data\val\real\000000019786.jpg,0,real,jpeg_q50,0.010056,0,1
data\val\real\000000019924.jpg,0,real,jpeg_q50,0.731942,1,0
data\val\real\000000020059.jpg,0,real,jpeg_q50,0.118177,0,1
data\val\real\000000020107.jpg,0,real,jpeg_q50,0.048008,0,1
data\val\real\000000020247.jpg,0,real,jpeg_q50,0.209314,0,1
data\val\real\000000020333.jpg,0,real,jpeg_q50,0.175310,0,1
data\val\real\000000020553.jpg,0,real,jpeg_q50,0.044431,0,1
data\val\real\000000020571.jpg,0,real,jpeg_q50,0.142508,0,1
data\val\real\000000020992.jpg,0,real,jpeg_q50,0.064990,0,1
data\val\real\000000021167.jpg,0,real,jpeg_q50,0.006088,0,1
data\val\real\000000021465.jpg,0,real,jpeg_q50,0.003825,0,1
data\val\real\000000021503.jpg,0,real,jpeg_q50,0.016656,0,1
data\val\real\000000021604.jpg,0,real,jpeg_q50,0.906931,1,0
data\val\real\000000021839.jpg,0,real,jpeg_q50,0.009720,0,1
data\val\real\000000021879.jpg,0,real,jpeg_q50,0.160282,0,1
data\val\real\000000021903.jpg,0,real,jpeg_q50,0.399557,0,1
data\val\real\000000022192.jpg,0,real,jpeg_q50,0.055352,0,1
data\val\real\000000022371.jpg,0,real,jpeg_q50,0.950660,1,0
data\val\real\000000022396.jpg,0,real,jpeg_q50,0.345472,0,1
data\val\real\000000022479.jpg,0,real,jpeg_q50,0.089408,0,1
data\val\real\000000022589.jpg,0,real,jpeg_q50,0.049072,0,1
data\val\real\000000022623.jpg,0,real,jpeg_q50,0.429225,0,1
data\val\real\000000022705.jpg,0,real,jpeg_q50,0.014365,0,1
data\val\real\000000022755.jpg,0,real,jpeg_q50,0.260163,0,1
data\val\real\000000022892.jpg,0,real,jpeg_q50,0.115670,0,1
data\val\real\000000022935.jpg,0,real,jpeg_q50,0.116984,0,1
data\val\real\000000022969.jpg,0,real,jpeg_q50,0.149532,0,1
data\val\real\000000023023.jpg,0,real,jpeg_q50,0.124684,0,1
data\val\real\000000023034.jpg,0,real,jpeg_q50,0.025726,0,1
data\val\real\000000023126.jpg,0,real,jpeg_q50,0.790598,1,0
data\val\real\000000023230.jpg,0,real,jpeg_q50,0.027211,0,1
data\val\real\000000023272.jpg,0,real,jpeg_q50,0.092458,0,1
data\val\real\000000023359.jpg,0,real,jpeg_q50,0.361225,0,1
data\val\real\000000023666.jpg,0,real,jpeg_q50,0.216022,0,1
data\val\real\000000023751.jpg,0,real,jpeg_q50,0.008233,0,1
data\val\real\000000023781.jpg,0,real,jpeg_q50,0.345868,0,1
data\val\real\000000023899.jpg,0,real,jpeg_q50,0.021694,0,1
data\val\real\000000023937.jpg,0,real,jpeg_q50,0.185412,0,1
data\val\real\000000024021.jpg,0,real,jpeg_q50,0.117332,0,1
data\val\real\000000024027.jpg,0,real,jpeg_q50,0.077183,0,1
data\val\real\000000024144.jpg,0,real,jpeg_q50,0.219423,0,1
data\val\real\000000024243.jpg,0,real,jpeg_q50,0.620707,1,0
data\val\real\000000024567.jpg,0,real,jpeg_q50,0.018665,0,1
data\val\real\000000024610.jpg,0,real,jpeg_q50,0.026526,0,1
data\val\real\000000024919.jpg,0,real,jpeg_q50,0.664814,1,0
data\val\real\000000025057.jpg,0,real,jpeg_q50,0.106633,0,1
data\val\real\000000025096.jpg,0,real,jpeg_q50,0.050650,0,1
data\val\real\000000025139.jpg,0,real,jpeg_q50,0.130238,0,1
data\val\real\000000025181.jpg,0,real,jpeg_q50,0.739586,1,0
data\val\real\000000025228.jpg,0,real,jpeg_q50,0.079384,0,1
data\val\real\000000025386.jpg,0,real,jpeg_q50,0.011984,0,1
data\val\real\000000025393.jpg,0,real,jpeg_q50,0.009643,0,1
data\val\real\000000025394.jpg,0,real,jpeg_q50,0.032722,0,1
data\val\real\000000025424.jpg,0,real,jpeg_q50,0.361715,0,1
data\val\real\000000025560.jpg,0,real,jpeg_q50,0.110723,0,1
data\val\real\000000025593.jpg,0,real,jpeg_q50,0.147863,0,1
data\val\real\000000025603.jpg,0,real,jpeg_q50,0.016148,0,1
data\val\real\000000025986.jpg,0,real,jpeg_q50,0.037905,0,1
data\val\real\000000026204.jpg,0,real,jpeg_q50,0.037104,0,1
data\val\real\000000026465.jpg,0,real,jpeg_q50,0.007705,0,1
data\val\real\000000026564.jpg,0,real,jpeg_q50,0.121364,0,1
data\val\real\000000026690.jpg,0,real,jpeg_q50,0.123515,0,1
data\val\real\000000026926.jpg,0,real,jpeg_q50,0.672428,1,0
data\val\real\000000026941.jpg,0,real,jpeg_q50,0.859031,1,0
data\val\real\000000027186.jpg,0,real,jpeg_q50,0.037151,0,1
data\val\real\000000027620.jpg,0,real,jpeg_q50,0.150725,0,1
data\val\real\000000027696.jpg,0,real,jpeg_q50,0.085046,0,1
data\val\real\000000027768.jpg,0,real,jpeg_q50,0.107109,0,1
data\val\real\000000027932.jpg,0,real,jpeg_q50,0.489560,0,1
data\val\real\000000027972.jpg,0,real,jpeg_q50,0.579009,1,0
data\val\real\000000027982.jpg,0,real,jpeg_q50,0.544555,1,0
data\val\real\000000028285.jpg,0,real,jpeg_q50,0.097131,0,1
data\val\real\000000028449.jpg,0,real,jpeg_q50,0.623769,1,0
data\val\real\000000028452.jpg,0,real,jpeg_q50,0.455337,0,1
data\val\real\000000028809.jpg,0,real,jpeg_q50,0.313630,0,1
data\val\real\000000028993.jpg,0,real,jpeg_q50,0.339547,0,1
data\val\real\000000029187.jpg,0,real,jpeg_q50,0.008381,0,1
data\val\real\000000029393.jpg,0,real,jpeg_q50,0.018388,0,1
data\val\real\000000029397.jpg,0,real,jpeg_q50,0.010872,0,1
data\val\real\000000029596.jpg,0,real,jpeg_q50,0.487125,0,1
data\val\real\000000029640.jpg,0,real,jpeg_q50,0.538998,1,0
data\val\real\000000029675.jpg,0,real,jpeg_q50,0.185914,0,1
data\val\real\000000029984.jpg,0,real,jpeg_q50,0.033973,0,1
data\val\real\000000030213.jpg,0,real,jpeg_q50,0.520762,1,0
data\val\real\000000030494.jpg,0,real,jpeg_q50,0.014699,0,1
data\val\real\000000030504.jpg,0,real,jpeg_q50,0.290871,0,1
data\val\real\000000030675.jpg,0,real,jpeg_q50,0.699677,1,0
data\val\real\000000030785.jpg,0,real,jpeg_q50,0.566179,1,0
data\val\real\000000030828.jpg,0,real,jpeg_q50,0.485863,0,1
data\val\real\000000031050.jpg,0,real,jpeg_q50,0.018351,0,1
data\val\real\000000031093.jpg,0,real,jpeg_q50,0.351536,0,1
data\val\real\000000031118.jpg,0,real,jpeg_q50,0.422700,0,1
data\val\real\000000031217.jpg,0,real,jpeg_q50,0.118133,0,1
data\val\real\000000031248.jpg,0,real,jpeg_q50,0.166875,0,1
data\val\real\000000031269.jpg,0,real,jpeg_q50,0.185483,0,1
data\val\real\000000031296.jpg,0,real,jpeg_q50,0.006854,0,1
data\val\real\000000031322.jpg,0,real,jpeg_q50,0.512649,1,0
data\val\real\000000031620.jpg,0,real,jpeg_q50,0.001500,0,1
data\val\real\000000031735.jpg,0,real,jpeg_q50,0.004762,0,1
data\val\real\000000031749.jpg,0,real,jpeg_q50,0.177439,0,1
data\val\real\000000031817.jpg,0,real,jpeg_q50,0.009288,0,1
data\val\real\000000032038.jpg,0,real,jpeg_q50,0.087535,0,1
data\val\real\000000032081.jpg,0,real,jpeg_q50,0.274100,0,1
data\val\real\000000032285.jpg,0,real,jpeg_q50,0.162337,0,1
data\val\real\000000032334.jpg,0,real,jpeg_q50,0.006401,0,1
data\val\real\000000032570.jpg,0,real,jpeg_q50,0.822685,1,0
data\val\real\000000032610.jpg,0,real,jpeg_q50,0.055660,0,1
data\val\real\000000032735.jpg,0,real,jpeg_q50,0.258525,0,1
data\val\real\000000032811.jpg,0,real,jpeg_q50,0.120012,0,1
data\val\real\000000032817.jpg,0,real,jpeg_q50,0.027532,0,1
data\val\real\000000032861.jpg,0,real,jpeg_q50,0.693442,1,0
data\val\real\000000032887.jpg,0,real,jpeg_q50,0.006460,0,1
data\val\real\000000032901.jpg,0,real,jpeg_q50,0.004631,0,1
data\val\real\000000032941.jpg,0,real,jpeg_q50,0.078265,0,1
data\val\real\000000033005.jpg,0,real,jpeg_q50,0.272243,0,1
data\val\real\000000033104.jpg,0,real,jpeg_q50,0.015474,0,1
data\val\real\000000033109.jpg,0,real,jpeg_q50,0.122295,0,1
data\val\real\000000033114.jpg,0,real,jpeg_q50,0.525134,1,0
data\val\real\000000033221.jpg,0,real,jpeg_q50,0.003093,0,1
data\val\real\000000033368.jpg,0,real,jpeg_q50,0.832566,1,0
data\val\real\000000033638.jpg,0,real,jpeg_q50,0.022471,0,1
data\val\real\000000033707.jpg,0,real,jpeg_q50,0.266054,0,1
data\val\real\000000033759.jpg,0,real,jpeg_q50,0.186139,0,1
data\val\real\000000033854.jpg,0,real,jpeg_q50,0.045815,0,1
data\val\real\000000034071.jpg,0,real,jpeg_q50,0.802552,1,0
data\val\real\000000034139.jpg,0,real,jpeg_q50,0.134563,0,1
data\val\real\000000034205.jpg,0,real,jpeg_q50,0.338338,0,1
data\val\real\000000034257.jpg,0,real,jpeg_q50,0.535496,1,0
data\val\real\000000034417.jpg,0,real,jpeg_q50,0.064721,0,1
data\val\real\000000034452.jpg,0,real,jpeg_q50,0.005611,0,1
data\val\real\000000034760.jpg,0,real,jpeg_q50,0.022026,0,1
data\val\real\000000034873.jpg,0,real,jpeg_q50,0.031067,0,1
data\val\real\000000035062.jpg,0,real,jpeg_q50,0.093144,0,1
data\val\real\000000035197.jpg,0,real,jpeg_q50,0.430569,0,1
data\val\real\000000035279.jpg,0,real,jpeg_q50,0.092563,0,1
data\val\real\000000035326.jpg,0,real,jpeg_q50,0.013249,0,1
data\val\real\000000035682.jpg,0,real,jpeg_q50,0.063788,0,1
data\val\real\000000035770.jpg,0,real,jpeg_q50,0.023355,0,1
data\val\real\000000035963.jpg,0,real,jpeg_q50,0.007696,0,1
data\val\real\000000036494.jpg,0,real,jpeg_q50,0.377883,0,1
data\val\real\000000036539.jpg,0,real,jpeg_q50,0.010764,0,1
data\val\real\000000036660.jpg,0,real,jpeg_q50,0.443655,0,1
data\val\real\000000036678.jpg,0,real,jpeg_q50,0.227687,0,1
data\val\real\000000036844.jpg,0,real,jpeg_q50,0.032398,0,1
data\val\real\000000036861.jpg,0,real,jpeg_q50,0.054456,0,1
data\val\real\000000036936.jpg,0,real,jpeg_q50,0.011466,0,1
data\val\real\000000037670.jpg,0,real,jpeg_q50,0.175277,0,1
data\val\real\000000037689.jpg,0,real,jpeg_q50,0.331424,0,1
data\val\real\000000037740.jpg,0,real,jpeg_q50,0.207629,0,1
data\val\real\000000037751.jpg,0,real,jpeg_q50,0.055452,0,1
data\val\real\000000037777.jpg,0,real,jpeg_q50,0.264375,0,1
data\val\real\000000037988.jpg,0,real,jpeg_q50,0.256261,0,1
data\val\real\000000038048.jpg,0,real,jpeg_q50,0.052959,0,1
data\val\real\000000038070.jpg,0,real,jpeg_q50,0.436635,0,1
data\val\real\000000038118.jpg,0,real,jpeg_q50,0.649291,1,0
data\val\real\000000038210.jpg,0,real,jpeg_q50,0.361691,0,1
data\val\real\000000038576.jpg,0,real,jpeg_q50,0.458526,0,1
data\val\real\000000038678.jpg,0,real,jpeg_q50,0.006740,0,1
data\val\real\000000038825.jpg,0,real,jpeg_q50,0.503051,1,0
data\val\real\000000038829.jpg,0,real,jpeg_q50,0.044509,0,1
data\val\real\000000039405.jpg,0,real,jpeg_q50,0.059807,0,1
data\val\real\000000039477.jpg,0,real,jpeg_q50,0.128761,0,1
data\val\real\000000039480.jpg,0,real,jpeg_q50,0.266935,0,1
data\val\real\000000039484.jpg,0,real,jpeg_q50,0.195956,0,1
data\val\real\000000039551.jpg,0,real,jpeg_q50,0.900193,1,0
data\val\real\000000039670.jpg,0,real,jpeg_q50,0.268970,0,1
data\val\real\000000039769.jpg,0,real,jpeg_q50,0.042919,0,1
data\val\real\000000039785.jpg,0,real,jpeg_q50,0.221980,0,1
data\val\real\000000039914.jpg,0,real,jpeg_q50,0.004729,0,1
data\val\real\000000039951.jpg,0,real,jpeg_q50,0.137954,0,1
data\val\real\000000039956.jpg,0,real,jpeg_q50,0.734584,1,0
data\val\real\000000040036.jpg,0,real,jpeg_q50,0.255850,0,1
data\val\real\000000040083.jpg,0,real,jpeg_q50,0.026886,0,1
data\val\real\000000040471.jpg,0,real,jpeg_q50,0.021394,0,1
data\val\real\000000040757.jpg,0,real,jpeg_q50,0.129138,0,1
data\val\real\000000041488.jpg,0,real,jpeg_q50,0.740208,1,0
data\val\real\000000041633.jpg,0,real,jpeg_q50,0.661354,1,0
data\val\real\000000041635.jpg,0,real,jpeg_q50,0.089122,0,1
data\val\real\000000041872.jpg,0,real,jpeg_q50,0.208826,0,1
data\val\real\000000041888.jpg,0,real,jpeg_q50,0.085466,0,1
data\val\real\000000041990.jpg,0,real,jpeg_q50,0.091582,0,1
data\val\real\000000042070.jpg,0,real,jpeg_q50,0.534007,1,0
data\val\real\000000042102.jpg,0,real,jpeg_q50,0.041186,0,1
data\val\real\000000042178.jpg,0,real,jpeg_q50,0.570718,1,0
data\val\real\000000042276.jpg,0,real,jpeg_q50,0.083123,0,1
data\val\real\000000042296.jpg,0,real,jpeg_q50,0.264871,0,1
data\val\real\000000042528.jpg,0,real,jpeg_q50,0.020771,0,1
data\val\real\000000042563.jpg,0,real,jpeg_q50,0.373540,0,1
data\val\real\000000042628.jpg,0,real,jpeg_q50,0.021088,0,1
data\val\real\000000042888.jpg,0,real,jpeg_q50,0.056001,0,1
data\val\real\000000042889.jpg,0,real,jpeg_q50,0.045079,0,1
data\val\real\000000043314.jpg,0,real,jpeg_q50,0.078035,0,1
data\val\real\000000043435.jpg,0,real,jpeg_q50,0.297371,0,1
data\val\real\000000043581.jpg,0,real,jpeg_q50,0.198167,0,1
data\val\real\000000043737.jpg,0,real,jpeg_q50,0.140724,0,1
data\val\real\000000043816.jpg,0,real,jpeg_q50,0.271115,0,1
data\val\real\000000044068.jpg,0,real,jpeg_q50,0.040020,0,1
data\val\real\000000044195.jpg,0,real,jpeg_q50,0.181188,0,1
data\val\real\000000044260.jpg,0,real,jpeg_q50,0.704893,1,0
data\val\real\000000044279.jpg,0,real,jpeg_q50,0.072179,0,1
data\val\real\000000044590.jpg,0,real,jpeg_q50,0.243066,0,1
data\val\real\000000044652.jpg,0,real,jpeg_q50,0.114000,0,1
data\val\real\000000044699.jpg,0,real,jpeg_q50,0.754402,1,0
data\val\real\000000044877.jpg,0,real,jpeg_q50,0.379489,0,1
data\val\real\000000045070.jpg,0,real,jpeg_q50,0.311424,0,1
data\val\real\000000045090.jpg,0,real,jpeg_q50,0.194545,0,1
data\val\real\000000045229.jpg,0,real,jpeg_q50,0.637353,1,0
data\val\real\000000045472.jpg,0,real,jpeg_q50,0.182951,0,1
data\val\real\000000045550.jpg,0,real,jpeg_q50,0.020823,0,1
data\val\real\000000045596.jpg,0,real,jpeg_q50,0.029867,0,1
data\val\real\000000045728.jpg,0,real,jpeg_q50,0.050895,0,1
data\val\real\000000046031.jpg,0,real,jpeg_q50,0.037228,0,1
data\val\real\000000046048.jpg,0,real,jpeg_q50,0.022569,0,1
data\val\real\000000046252.jpg,0,real,jpeg_q50,0.613371,1,0
data\val\real\000000046378.jpg,0,real,jpeg_q50,0.048764,0,1
data\val\real\000000046463.jpg,0,real,jpeg_q50,0.011698,0,1
data\val\real\000000046497.jpg,0,real,jpeg_q50,0.035119,0,1
data\val\real\000000046804.jpg,0,real,jpeg_q50,0.106812,0,1
data\val\real\000000046872.jpg,0,real,jpeg_q50,0.139911,0,1
data\val\real\000000047010.jpg,0,real,jpeg_q50,0.439957,0,1
data\val\real\000000047112.jpg,0,real,jpeg_q50,0.231585,0,1
data\val\real\000000047121.jpg,0,real,jpeg_q50,0.123798,0,1
data\val\real\000000047571.jpg,0,real,jpeg_q50,0.192970,0,1
data\val\real\000000047585.jpg,0,real,jpeg_q50,0.003681,0,1
data\val\real\000000047740.jpg,0,real,jpeg_q50,0.003470,0,1
data\val\real\000000047769.jpg,0,real,jpeg_q50,0.045123,0,1
data\val\real\000000047801.jpg,0,real,jpeg_q50,0.095103,0,1
data\val\real\000000047819.jpg,0,real,jpeg_q50,0.049805,0,1
data\val\real\000000047828.jpg,0,real,jpeg_q50,0.735658,1,0
data\val\real\000000048153.jpg,0,real,jpeg_q50,0.043990,0,1
data\val\real\000000048396.jpg,0,real,jpeg_q50,0.007215,0,1
data\val\real\000000048504.jpg,0,real,jpeg_q50,0.323352,0,1
data\val\real\000000048555.jpg,0,real,jpeg_q50,0.636198,1,0
data\val\real\000000048564.jpg,0,real,jpeg_q50,0.035500,0,1
data\val\real\000000048924.jpg,0,real,jpeg_q50,0.928997,1,0
data\val\real\000000049060.jpg,0,real,jpeg_q50,0.108537,0,1
data\val\real\000000049091.jpg,0,real,jpeg_q50,0.120830,0,1
data\val\real\000000049259.jpg,0,real,jpeg_q50,0.028234,0,1
data\val\real\000000049269.jpg,0,real,jpeg_q50,0.694234,1,0
data\val\real\000000049759.jpg,0,real,jpeg_q50,0.345596,0,1
data\val\real\000000049761.jpg,0,real,jpeg_q50,0.124542,0,1
data\val\real\000000049810.jpg,0,real,jpeg_q50,0.455613,0,1
data\val\real\000000050006.jpg,0,real,jpeg_q50,0.144466,0,1
data\val\real\000000050145.jpg,0,real,jpeg_q50,0.013723,0,1
data\val\real\000000050149.jpg,0,real,jpeg_q50,0.313885,0,1
data\val\real\000000050165.jpg,0,real,jpeg_q50,0.350809,0,1
data\val\real\000000050326.jpg,0,real,jpeg_q50,0.101623,0,1
data\val\real\000000050331.jpg,0,real,jpeg_q50,0.033437,0,1
data\val\real\000000050380.jpg,0,real,jpeg_q50,0.150045,0,1
data\val\real\000000050638.jpg,0,real,jpeg_q50,0.742160,1,0
data\val\real\000000050679.jpg,0,real,jpeg_q50,0.288698,0,1
data\val\real\000000050811.jpg,0,real,jpeg_q50,0.052633,0,1
data\val\real\000000050828.jpg,0,real,jpeg_q50,0.074875,0,1
data\val\real\000000050844.jpg,0,real,jpeg_q50,0.416638,0,1
data\val\real\000000050896.jpg,0,real,jpeg_q50,0.549716,1,0
data\val\real\000000050943.jpg,0,real,jpeg_q50,0.266073,0,1
data\val\real\000000051008.jpg,0,real,jpeg_q50,0.061450,0,1
data\val\real\000000051309.jpg,0,real,jpeg_q50,0.295605,0,1
data\val\real\000000051314.jpg,0,real,jpeg_q50,0.384328,0,1
data\val\real\000000051326.jpg,0,real,jpeg_q50,0.014050,0,1
data\val\real\000000051598.jpg,0,real,jpeg_q50,0.012955,0,1
data\val\real\000000051610.jpg,0,real,jpeg_q50,0.544259,1,0
data\val\real\000000051712.jpg,0,real,jpeg_q50,0.776845,1,0
data\val\real\000000051738.jpg,0,real,jpeg_q50,0.146172,0,1
data\val\real\000000051938.jpg,0,real,jpeg_q50,0.198262,0,1
data\val\real\000000051961.jpg,0,real,jpeg_q50,0.060278,0,1
data\val\real\000000051976.jpg,0,real,jpeg_q50,0.645680,1,0
data\val\real\000000052007.jpg,0,real,jpeg_q50,0.386847,0,1
data\val\real\000000052017.jpg,0,real,jpeg_q50,0.383881,0,1
data\val\real\000000052412.jpg,0,real,jpeg_q50,0.372753,0,1
data\val\real\000000052413.jpg,0,real,jpeg_q50,0.046877,0,1
data\val\real\000000052462.jpg,0,real,jpeg_q50,0.388481,0,1
data\val\real\000000052507.jpg,0,real,jpeg_q50,0.378439,0,1
data\val\real\000000052565.jpg,0,real,jpeg_q50,0.262825,0,1
data\val\real\000000052591.jpg,0,real,jpeg_q50,0.679555,1,0
data\val\real\000000052891.jpg,0,real,jpeg_q50,0.074287,0,1
data\val\real\000000052996.jpg,0,real,jpeg_q50,0.010200,0,1
data\val\real\000000053505.jpg,0,real,jpeg_q50,0.095846,0,1
data\val\real\000000053529.jpg,0,real,jpeg_q50,0.310288,0,1
data\val\real\000000053624.jpg,0,real,jpeg_q50,0.049486,0,1
data\val\real\000000053626.jpg,0,real,jpeg_q50,0.034546,0,1
data\val\real\000000053909.jpg,0,real,jpeg_q50,0.010272,0,1
data\val\real\000000053994.jpg,0,real,jpeg_q50,0.155900,0,1
data\val\real\000000054123.jpg,0,real,jpeg_q50,0.503131,1,0
data\val\real\000000054164.jpg,0,real,jpeg_q50,0.517082,1,0
data\val\real\000000054592.jpg,0,real,jpeg_q50,0.673267,1,0
data\val\real\000000054593.jpg,0,real,jpeg_q50,0.261275,0,1
data\val\real\000000054605.jpg,0,real,jpeg_q50,0.056307,0,1
data\val\real\000000054628.jpg,0,real,jpeg_q50,0.128146,0,1
data\val\real\000000054654.jpg,0,real,jpeg_q50,0.009272,0,1
data\val\real\000000054931.jpg,0,real,jpeg_q50,0.770869,1,0
data\val\real\000000054967.jpg,0,real,jpeg_q50,0.154257,0,1
data\val\real\000000055002.jpg,0,real,jpeg_q50,0.122840,0,1
data\val\real\000000055022.jpg,0,real,jpeg_q50,0.047116,0,1
data\val\real\000000055072.jpg,0,real,jpeg_q50,0.391828,0,1
data\val\real\000000055150.jpg,0,real,jpeg_q50,0.109173,0,1
data\val\real\000000055167.jpg,0,real,jpeg_q50,0.060941,0,1
data\val\real\000000055299.jpg,0,real,jpeg_q50,0.260079,0,1
data\val\real\000000055528.jpg,0,real,jpeg_q50,0.012388,0,1
data\val\real\000000055950.jpg,0,real,jpeg_q50,0.340334,0,1
data\val\real\000000056127.jpg,0,real,jpeg_q50,0.029552,0,1
data\val\real\000000056288.jpg,0,real,jpeg_q50,0.167700,0,1
data\val\real\000000056344.jpg,0,real,jpeg_q50,0.117389,0,1
data\val\real\000000056350.jpg,0,real,jpeg_q50,0.495501,0,1
data\val\real\000000056545.jpg,0,real,jpeg_q50,0.015097,0,1
data\wildfake\Images\Diffusion_based\DALLE\DALLE\Advanced\DALLE3\dalle3\202311011943129901ca391019566e\0000bc251bd2e98239266f18c7422f00.jpg,1,ai,jpeg_q50,0.996719,1,1
data\wildfake\Images\Diffusion_based\DALLE\DALLE\Advanced\DALLE3\dalle3\202311011943129901ca391019566e\001f5052a8976abf8628979c0a3295fd.jpg,1,ai,jpeg_q50,0.983823,1,1
data\wildfake\Images\Diffusion_based\DALLE\DALLE\Advanced\DALLE3\dalle3\202311011943129901ca391019566e\003a4c6ab6f2b3ab9658a92b5f05945e.jpg,1,ai,jpeg_q50,0.998848,1,1
data\wildfake\Images\Diffusion_based\DALLE\DALLE\Advanced\DALLE3\dalle3\202311011943129901ca391019566e\0043fbaa145d5c0a2a40d46645ed83cb.jpg,1,ai,jpeg_q50,0.954939,1,1
data\wildfake\Images\Diffusion_based\DALLE\DALLE\Advanced\DALLE3\dalle3\202311011943129901ca391019566e\00470ad00ea26cb498a51499f937e52b.jpg,1,ai,jpeg_q50,0.912853,1,1
data\wildfake\Images\Diffusion_based\DALLE\DALLE\Advanced\DALLE3\dalle3\202311011943129901ca391019566e\0052d17a5ef60d0d179717f85046f4b1.jpg,1,ai,jpeg_q50,0.938644,1,1
data\wildfake\Images\Diffusion_based\DALLE\DALLE\Advanced\DALLE3\dalle3\202311011943129901ca391019566e\009bbc62119d37a8fbb83bb9e0dbc508.jpg,1,ai,jpeg_q50,0.993234,1,1
data\wildfake\Images\Diffusion_based\DALLE\DALLE\Advanced\DALLE3\dalle3\202311011943129901ca391019566e\00c573bb9bc5a7eb21bc3be7ae501662.jpg,1,ai,jpeg_q50,0.733595,1,1
data\wildfake\Images\Diffusion_based\DALLE\DALLE\Advanced\DALLE3\dalle3\202311011943129901ca391019566e\00d38429f2b27b0c1704ee2e62d7a990.jpg,1,ai,jpeg_q50,0.583606,1,1
data\wildfake\Images\Diffusion_based\DALLE\DALLE\Advanced\DALLE3\dalle3\202311011943129901ca391019566e\00d73c1e7e3b3890737927fc56ce6e63.jpg,1,ai,jpeg_q50,0.813650,1,1
data\wildfake\Images\Diffusion_based\DALLE\DALLE\Advanced\DALLE3\dalle3\202311011943129901ca391019566e\00fcdf259a2e197eea470d5df3473c65.jpg,1,ai,jpeg_q50,0.979275,1,1
data\wildfake\Images\Diffusion_based\DALLE\DALLE\Advanced\DALLE3\dalle3\202311011943129901ca391019566e\01007fafc81c71ac48435ee0c7d4f2e3.jpg,1,ai,jpeg_q50,0.968111,1,1
data\wildfake\Images\Diffusion_based\DALLE\DALLE\Advanced\DALLE3\dalle3\202311011943129901ca391019566e\010d7366d58b4b5c787bcad069c1730b.jpg,1,ai,jpeg_q50,0.992969,1,1
data\wildfake\Images\Diffusion_based\DALLE\DALLE\Advanced\DALLE3\dalle3\202311011943129901ca391019566e\012bdc65f98678a9d2f300d3828985c2.jpg,1,ai,jpeg_q50,0.828046,1,1
data\wildfake\Images\Diffusion_based\DALLE\DALLE\Advanced\DALLE3\dalle3\202311011943129901ca391019566e\01427a315cdbac9741097790f78aa0fe.jpg,1,ai,jpeg_q50,0.989433,1,1
data\wildfake\Images\Diffusion_based\DALLE\DALLE\Advanced\DALLE3\dalle3\202311011943129901ca391019566e\01686507673b71e4d1fae61f9f3f305b.jpg,1,ai,jpeg_q50,0.977280,1,1
data\wildfake\Images\Diffusion_based\DALLE\DALLE\Advanced\DALLE3\dalle3\202311011943129901ca391019566e\0199b3d7eac3efb5e6a57ec8044c6f87.jpg,1,ai,jpeg_q50,0.973421,1,1
data\wildfake\Images\Diffusion_based\DALLE\DALLE\Advanced\DALLE3\dalle3\202311011943129901ca391019566e\019e486743b8e231bc299da988d9e6c8.jpg,1,ai,jpeg_q50,0.663742,1,1
data\wildfake\Images\Diffusion_based\DALLE\DALLE\Advanced\DALLE3\dalle3\202311011943129901ca391019566e\01ba9ec6bf20f7713b2367189281182e.jpg,1,ai,jpeg_q50,0.991026,1,1
data\wildfake\Images\Diffusion_based\DALLE\DALLE\Advanced\DALLE3\dalle3\202311011943129901ca391019566e\021108a4d05cd0b11e99b0138260665a.jpg,1,ai,jpeg_q50,0.664670,1,1
data\wildfake\Images\Diffusion_based\DALLE\DALLE\Advanced\DALLE3\dalle3\202311011943129901ca391019566e\0256205126a50f7e83488b229ad926b8.jpg,1,ai,jpeg_q50,0.932755,1,1
data\wildfake\Images\Diffusion_based\DALLE\DALLE\Advanced\DALLE3\dalle3\202311011943129901ca391019566e\028f173ecc8a7a865659c2d0bfb76cc0.jpg,1,ai,jpeg_q50,0.920667,1,1
data\wildfake\Images\Diffusion_based\DALLE\DALLE\Advanced\DALLE3\dalle3\202311011943129901ca391019566e\02c359a2bd6af2a45834b8ea3c86f63d.jpg,1,ai,jpeg_q50,0.776327,1,1
data\wildfake\Images\Diffusion_based\DALLE\DALLE\Advanced\DALLE3\dalle3\202311011943129901ca391019566e\02c38b86651eb0b1d5b9f61262d508ee.jpg,1,ai,jpeg_q50,0.965094,1,1
data\wildfake\Images\Diffusion_based\DALLE\DALLE\Advanced\DALLE3\dalle3\202311011943129901ca391019566e\02e9dfc8287798fdac01d4461933d577.jpg,1,ai,jpeg_q50,0.847855,1,1
data\wildfake\Images\Diffusion_based\DALLE\DALLE\Advanced\DALLE3\dalle3\202311011943129901ca391019566e\0304eaaaac6b68aec926d8544f214c81.jpg,1,ai,jpeg_q50,0.994674,1,1
data\wildfake\Images\Diffusion_based\DALLE\DALLE\Advanced\DALLE3\dalle3\202311011943129901ca391019566e\03086a843653df9b1ab5e57e5ecc2eff.jpg,1,ai,jpeg_q50,0.974785,1,1
data\wildfake\Images\Diffusion_based\DALLE\DALLE\Advanced\DALLE3\dalle3\202311011943129901ca391019566e\031844ca3fc6976c3f7e27610993b1dc.jpg,1,ai,jpeg_q50,0.978100,1,1
data\wildfake\Images\Diffusion_based\DALLE\DALLE\Advanced\DALLE3\dalle3\202311011943129901ca391019566e\032adbac54f2e53fbefb58dfa5c05d73.jpg,1,ai,jpeg_q50,0.968530,1,1
data\wildfake\Images\Diffusion_based\DALLE\DALLE\Advanced\DALLE3\dalle3\202311011943129901ca391019566e\033447efc58758adfcae16ba3835f106.jpg,1,ai,jpeg_q50,0.993698,1,1
data\wildfake\Images\Diffusion_based\DALLE\DALLE\Advanced\DALLE3\dalle3\202311011943129901ca391019566e\03aa56112f102b4497c1067d89d3de75.jpg,1,ai,jpeg_q50,0.965867,1,1
data\wildfake\Images\Diffusion_based\DALLE\DALLE\Advanced\DALLE3\dalle3\202311011943129901ca391019566e\042346a5a0950c816b3eec5a543462c5.jpg,1,ai,jpeg_q50,0.573272,1,1
data\wildfake\Images\Diffusion_based\DALLE\DALLE\Advanced\DALLE3\dalle3\202311011943129901ca391019566e\044f4f988518587886dc78b7d1da2b45.jpg,1,ai,jpeg_q50,0.930006,1,1
data\wildfake\Images\Diffusion_based\DALLE\DALLE\Advanced\DALLE3\dalle3\202311011943129901ca391019566e\04b89f4920d9cd392bb6521250256fb3.jpg,1,ai,jpeg_q50,0.959598,1,1
data\wildfake\Images\Diffusion_based\DALLE\DALLE\Advanced\DALLE3\dalle3\202311011943129901ca391019566e\04c4079b8c37703b654ee05f2da9d71b.jpg,1,ai,jpeg_q50,0.797037,1,1
data\wildfake\Images\Diffusion_based\DALLE\DALLE\Advanced\DALLE3\dalle3\202311011943129901ca391019566e\04e5ba4cdc8740da933119ebe3b88668.jpg,1,ai,jpeg_q50,0.967227,1,1
data\wildfake\Images\Diffusion_based\DALLE\DALLE\Advanced\DALLE3\dalle3\202311011943129901ca391019566e\050b5d5acf449d4939e62fb5c3dbf3dd.jpg,1,ai,jpeg_q50,0.961634,1,1
data\wildfake\Images\Diffusion_based\DALLE\DALLE\Advanced\DALLE3\dalle3\202311011943129901ca391019566e\051b85c650f4595bb765a88f571557a1.jpg,1,ai,jpeg_q50,0.971002,1,1
data\wildfake\Images\Diffusion_based\DALLE\DALLE\Advanced\DALLE3\dalle3\202311011943129901ca391019566e\0584095ade8a9eba85efb3019908a95b.jpg,1,ai,jpeg_q50,0.998136,1,1
data\wildfake\Images\Diffusion_based\DALLE\DALLE\Advanced\DALLE3\dalle3\202311011943129901ca391019566e\05902e52fb144e8fed59ef1ee0869e97.jpg,1,ai,jpeg_q50,0.509198,1,1
data\wildfake\Images\Diffusion_based\DALLE\DALLE\Advanced\DALLE3\dalle3\202311011943129901ca391019566e\060f9dc482b69735c78fc3a6f62372e9.jpg,1,ai,jpeg_q50,0.984662,1,1
data\wildfake\Images\Diffusion_based\DALLE\DALLE\Advanced\DALLE3\dalle3\202311011943129901ca391019566e\061125bbe93758dfb0d061c40e1019f3.jpg,1,ai,jpeg_q50,0.972991,1,1
data\wildfake\Images\Diffusion_based\DALLE\DALLE\Advanced\DALLE3\dalle3\202311011943129901ca391019566e\064511de32ccec75414b9f2ce3ac8130.jpg,1,ai,jpeg_q50,0.550619,1,1
data\wildfake\Images\Diffusion_based\DALLE\DALLE\Advanced\DALLE3\dalle3\202311011943129901ca391019566e\0653efeb7b33b1f1be03442e653ab690.jpg,1,ai,jpeg_q50,0.981603,1,1
data\wildfake\Images\Diffusion_based\DALLE\DALLE\Advanced\DALLE3\dalle3\202311011943129901ca391019566e\068ebb34284b9566d51c19f2b750cb21.jpg,1,ai,jpeg_q50,0.998229,1,1
data\wildfake\Images\Diffusion_based\DALLE\DALLE\Advanced\DALLE3\dalle3\202311011943129901ca391019566e\0696de89cef0d21e693e051518b02177.jpg,1,ai,jpeg_q50,0.978467,1,1
data\wildfake\Images\Diffusion_based\DALLE\DALLE\Advanced\DALLE3\dalle3\202311011943129901ca391019566e\06cbd80cf7e04cdfab33cbcc40ed1377.jpg,1,ai,jpeg_q50,0.995101,1,1
data\wildfake\Images\Diffusion_based\DALLE\DALLE\Advanced\DALLE3\dalle3\202311011943129901ca391019566e\06d60b93f6e61c7edcfc5e5753de2a3e.jpg,1,ai,jpeg_q50,0.761931,1,1
data\wildfake\Images\Diffusion_based\DALLE\DALLE\Advanced\DALLE3\dalle3\202311011943129901ca391019566e\0702e0e4309a483b277814a969ac6a3a.jpg,1,ai,jpeg_q50,0.984463,1,1
data\wildfake\Images\Diffusion_based\DALLE\DALLE\Advanced\DALLE3\dalle3\202311011943129901ca391019566e\071b9c87447db8868446f4ede8bd50cf.jpg,1,ai,jpeg_q50,0.928371,1,1
data\wildfake\Images\Diffusion_based\DALLE\DALLE\Advanced\DALLE3\dalle3\202311011943129901ca391019566e\0731f1aeb97a13e2272831b6496b55e2.jpg,1,ai,jpeg_q50,0.959838,1,1
data\wildfake\Images\Diffusion_based\DALLE\DALLE\Advanced\DALLE3\dalle3\202311011943129901ca391019566e\07515ebe1e48416ea62cb69f81a48d06.jpg,1,ai,jpeg_q50,0.946855,1,1
data\wildfake\Images\Diffusion_based\DALLE\DALLE\Advanced\DALLE3\dalle3\202311011943129901ca391019566e\0757a86e2794defa73a1c558e8d5471d.jpg,1,ai,jpeg_q50,0.369846,0,0
data\wildfake\Images\Diffusion_based\DALLE\DALLE\Advanced\DALLE3\dalle3\202311011943129901ca391019566e\078fa68f13b823a7bac90900fcba4c94.jpg,1,ai,jpeg_q50,0.871536,1,1
data\wildfake\Images\Diffusion_based\DALLE\DALLE\Advanced\DALLE3\dalle3\202311011943129901ca391019566e\07d775061577e8d728d9cbe9dbeb920a.jpg,1,ai,jpeg_q50,0.964736,1,1
data\wildfake\Images\Diffusion_based\DALLE\DALLE\Advanced\DALLE3\dalle3\202311011943129901ca391019566e\07fef4a916b296b4876f0f705369bc69.jpg,1,ai,jpeg_q50,0.793636,1,1
data\wildfake\Images\Diffusion_based\DALLE\DALLE\Advanced\DALLE3\dalle3\202311011943129901ca391019566e\082d967db15c1ccaf025f164ba0cecb7.jpg,1,ai,jpeg_q50,0.485180,0,0
data\wildfake\Images\Diffusion_based\DALLE\DALLE\Advanced\DALLE3\dalle3\202311011943129901ca391019566e\08397ae59441c23d1ac6b14c3206deb7.jpg,1,ai,jpeg_q50,0.982743,1,1
data\wildfake\Images\Diffusion_based\DALLE\DALLE\Advanced\DALLE3\dalle3\202311011943129901ca391019566e\088b4fdab675191339cda5cc70195351.jpg,1,ai,jpeg_q50,0.975189,1,1
data\wildfake\Images\Diffusion_based\DALLE\DALLE\Advanced\DALLE3\dalle3\202311011943129901ca391019566e\088e48ca8fcd3dc5a9bd8aa4f18e8368.jpg,1,ai,jpeg_q50,0.932965,1,1
data\wildfake\Images\Diffusion_based\DALLE\DALLE\Advanced\DALLE3\dalle3\202311011943129901ca391019566e\088f2c7a5dbe1984ccb023909d84376f.jpg,1,ai,jpeg_q50,0.846193,1,1
data\wildfake\Images\Diffusion_based\DALLE\DALLE\Advanced\DALLE3\dalle3\202311011943129901ca391019566e\08b5a7dda5f65109b0ccfa924a6e4476.jpg,1,ai,jpeg_q50,0.908155,1,1
data\wildfake\Images\Diffusion_based\DALLE\DALLE\Advanced\DALLE3\dalle3\202311011943129901ca391019566e\08cf20e142fff3fc52989698dcbec99b.jpg,1,ai,jpeg_q50,0.884519,1,1
data\wildfake\Images\Diffusion_based\DALLE\DALLE\Advanced\DALLE3\dalle3\202311011943129901ca391019566e\08da6052def863b1d84a1a89f7263739.jpg,1,ai,jpeg_q50,0.936168,1,1
data\wildfake\Images\Diffusion_based\DALLE\DALLE\Advanced\DALLE3\dalle3\202311011943129901ca391019566e\094c3f268ee5e69cfede62949fe801ae.jpg,1,ai,jpeg_q50,0.638785,1,1
data\wildfake\Images\Diffusion_based\DALLE\DALLE\Advanced\DALLE3\dalle3\202311011943129901ca391019566e\097945ac4b47c969ee0e72d2cb171308.jpg,1,ai,jpeg_q50,0.929505,1,1
data\wildfake\Images\Diffusion_based\DALLE\DALLE\Advanced\DALLE3\dalle3\202311011943129901ca391019566e\09a9492408f8f5066e5d3a6649256fb5.jpg,1,ai,jpeg_q50,0.775803,1,1
data\wildfake\Images\Diffusion_based\DALLE\DALLE\Advanced\DALLE3\dalle3\202311011943129901ca391019566e\0a05587af89f620c312758a4801b65cb.jpg,1,ai,jpeg_q50,0.995203,1,1
data\wildfake\Images\Diffusion_based\DALLE\DALLE\Advanced\DALLE3\dalle3\202311011943129901ca391019566e\0a402dc3fd6e86f21edc1c601cc76116.jpg,1,ai,jpeg_q50,0.994888,1,1
data\wildfake\Images\Diffusion_based\DALLE\DALLE\Advanced\DALLE3\dalle3\202311011943129901ca391019566e\0a5113aad57872829fb2744eaafdb374.jpg,1,ai,jpeg_q50,0.996080,1,1
data\wildfake\Images\Diffusion_based\DALLE\DALLE\Advanced\DALLE3\dalle3\202311011943129901ca391019566e\0aa3600fbc56232d6049f3d2c8004fc1.jpg,1,ai,jpeg_q50,0.960321,1,1
data\wildfake\Images\Diffusion_based\DALLE\DALLE\Advanced\DALLE3\dalle3\202311011943129901ca391019566e\0ab73f879d374402b2d67aaa08f10513.jpg,1,ai,jpeg_q50,0.573051,1,1
data\wildfake\Images\Diffusion_based\DALLE\DALLE\Advanced\DALLE3\dalle3\202311011943129901ca391019566e\0ac140106a13d7ddf206ed08393d91bb.jpg,1,ai,jpeg_q50,0.997391,1,1
data\wildfake\Images\Diffusion_based\DALLE\DALLE\Advanced\DALLE3\dalle3\202311011943129901ca391019566e\0ac596d803c82e9a21b77302a6a852c5.jpg,1,ai,jpeg_q50,0.987949,1,1
data\wildfake\Images\Diffusion_based\DALLE\DALLE\Advanced\DALLE3\dalle3\202311011943129901ca391019566e\0b135d57ccb2988a30a16904c4043956.jpg,1,ai,jpeg_q50,0.996001,1,1
data\wildfake\Images\Diffusion_based\DALLE\DALLE\Advanced\DALLE3\dalle3\202311011943129901ca391019566e\0b1d38baa6d1de13437546cc6e71fa33.jpg,1,ai,jpeg_q50,0.997506,1,1
data\wildfake\Images\Diffusion_based\DALLE\DALLE\Advanced\DALLE3\dalle3\202311011943129901ca391019566e\0b23724c883f100d5120b3aa5757f655.jpg,1,ai,jpeg_q50,0.998235,1,1
data\wildfake\Images\Diffusion_based\DALLE\DALLE\Advanced\DALLE3\dalle3\202311011943129901ca391019566e\0b2fcafeee696cbc14052db445f1d945.jpg,1,ai,jpeg_q50,0.993471,1,1
data\wildfake\Images\Diffusion_based\DALLE\DALLE\Advanced\DALLE3\dalle3\202311011943129901ca391019566e\0b6920007b8384d9a19ed8725e76732d.jpg,1,ai,jpeg_q50,0.999344,1,1
data\wildfake\Images\Diffusion_based\DALLE\DALLE\Advanced\DALLE3\dalle3\202311011943129901ca391019566e\0b9208fc69177a95f464877482e88a53.jpg,1,ai,jpeg_q50,0.870345,1,1
data\wildfake\Images\Diffusion_based\DALLE\DALLE\Advanced\DALLE3\dalle3\202311011943129901ca391019566e\0baacfcf304fe56cfd30beda11ea92f0.jpg,1,ai,jpeg_q50,0.957747,1,1
data\wildfake\Images\Diffusion_based\DALLE\DALLE\Advanced\DALLE3\dalle3\202311011943129901ca391019566e\0bbfbc01e5a719cdf1434dc1c66814d6.jpg,1,ai,jpeg_q50,0.993433,1,1
data\wildfake\Images\Diffusion_based\DALLE\DALLE\Advanced\DALLE3\dalle3\202311011943129901ca391019566e\0bc561ef655dff95ce7cb2480f0c4e72.jpg,1,ai,jpeg_q50,0.977297,1,1
data\wildfake\Images\Diffusion_based\DALLE\DALLE\Advanced\DALLE3\dalle3\202311011943129901ca391019566e\0bcb44a87f264f1c5a44030b6e1ce3ea.jpg,1,ai,jpeg_q50,0.996485,1,1
data\wildfake\Images\Diffusion_based\DALLE\DALLE\Advanced\DALLE3\dalle3\202311011943129901ca391019566e\0bcb9a27d494633927481e17c4b730fe.jpg,1,ai,jpeg_q50,0.960936,1,1
data\wildfake\Images\Diffusion_based\DALLE\DALLE\Advanced\DALLE3\dalle3\202311011943129901ca391019566e\0bd33e632fc315abd71b7a4cee297ca3.jpg,1,ai,jpeg_q50,0.998615,1,1
data\wildfake\Images\Diffusion_based\DALLE\DALLE\Advanced\DALLE3\dalle3\202311011943129901ca391019566e\0bfe972ca54581889aadedd0ae9db0fc.jpg,1,ai,jpeg_q50,0.852397,1,1
data\wildfake\Images\Diffusion_based\DALLE\DALLE\Advanced\DALLE3\dalle3\202311011943129901ca391019566e\0c0d6af60cc878079026bcce6ece1ecc.jpg,1,ai,jpeg_q50,0.919165,1,1
data\wildfake\Images\Diffusion_based\DALLE\DALLE\Advanced\DALLE3\dalle3\202311011943129901ca391019566e\0c1c38b0b60fa0523ee120ae7999ebfc.jpg,1,ai,jpeg_q50,0.921179,1,1
data\wildfake\Images\Diffusion_based\DALLE\DALLE\Advanced\DALLE3\dalle3\202311011943129901ca391019566e\0c2be68ec32cbf73376c07d399694ad7.jpg,1,ai,jpeg_q50,0.799583,1,1
data\wildfake\Images\Diffusion_based\DALLE\DALLE\Advanced\DALLE3\dalle3\202311011943129901ca391019566e\0c34d8f37ba9b3247b7cbe0eeb75988e.jpg,1,ai,jpeg_q50,0.943451,1,1
data\wildfake\Images\Diffusion_based\DALLE\DALLE\Advanced\DALLE3\dalle3\202311011943129901ca391019566e\0c4f7c121b1cd5b43a0e492bd97e9722.jpg,1,ai,jpeg_q50,0.921516,1,1
data\wildfake\Images\Diffusion_based\DALLE\DALLE\Advanced\DALLE3\dalle3\202311011943129901ca391019566e\0c50155477a7db3fe738216d0dc1d7ff.jpg,1,ai,jpeg_q50,0.972915,1,1
data\wildfake\Images\Diffusion_based\DALLE\DALLE\Advanced\DALLE3\dalle3\202311011943129901ca391019566e\0c8c6ab4d3c50381124f85479244a494.jpg,1,ai,jpeg_q50,0.917111,1,1
data\wildfake\Images\Diffusion_based\DALLE\DALLE\Advanced\DALLE3\dalle3\202311011943129901ca391019566e\0ca2b90db097552a408c8019211ba011.jpg,1,ai,jpeg_q50,0.997505,1,1
data\wildfake\Images\Diffusion_based\DALLE\DALLE\Advanced\DALLE3\dalle3\202311011943129901ca391019566e\0d1d3e1538f22ddc00a5202ed6216ef8.jpg,1,ai,jpeg_q50,0.383883,0,0
data\wildfake\Images\Diffusion_based\DALLE\DALLE\Advanced\DALLE3\dalle3\202311011943129901ca391019566e\0d37afa583f90871220d432098653482.jpg,1,ai,jpeg_q50,0.760843,1,1
data\wildfake\Images\Diffusion_based\DALLE\DALLE\Advanced\DALLE3\dalle3\202311011943129901ca391019566e\0dbba8f650bc53997792f9ec69e5d6c4.jpg,1,ai,jpeg_q50,0.858707,1,1
data\wildfake\Images\Diffusion_based\DALLE\DALLE\Advanced\DALLE3\dalle3\202311011943129901ca391019566e\0e004f3f1530a6171422027dbdba71d8.jpg,1,ai,jpeg_q50,0.948157,1,1
data\wildfake\Images\Diffusion_based\DALLE\DALLE\Advanced\DALLE3\dalle3\202311011943129901ca391019566e\0e058ef2dacd5b15e5a0d94afb8af447.jpg,1,ai,jpeg_q50,0.991959,1,1
data\wildfake\Images\Diffusion_based\DALLE\DALLE\Advanced\DALLE3\dalle3\202311011943129901ca391019566e\0e7e5022abee806028af770147d217a6.jpg,1,ai,jpeg_q50,0.540116,1,1
data\wildfake\Images\Diffusion_based\DALLE\DALLE\Advanced\DALLE3\dalle3\202311011943129901ca391019566e\0e902a5f074d876f7bec6690fff2c12a.jpg,1,ai,jpeg_q50,0.939542,1,1
data\wildfake\Images\Diffusion_based\DALLE\DALLE\Advanced\DALLE3\dalle3\202311011943129901ca391019566e\0ea049fe2b6900ad1796d7e41050556e.jpg,1,ai,jpeg_q50,0.873292,1,1
data\wildfake\Images\Diffusion_based\DALLE\DALLE\Advanced\DALLE3\dalle3\202311011943129901ca391019566e\0ec917788370e6016cb653f0258b02f8.jpg,1,ai,jpeg_q50,0.984742,1,1
data\wildfake\Images\Diffusion_based\DALLE\DALLE\Advanced\DALLE3\dalle3\202311011943129901ca391019566e\0ee577d7124e0ba0278e7eaa2fb37aba.jpg,1,ai,jpeg_q50,0.687397,1,1
data\wildfake\Images\Diffusion_based\DALLE\DALLE\Advanced\DALLE3\dalle3\202311011943129901ca391019566e\0eeda20de85490b88b3e31943d287f64.jpg,1,ai,jpeg_q50,0.843598,1,1
data\wildfake\Images\Diffusion_based\DALLE\DALLE\Advanced\DALLE3\dalle3\202311011943129901ca391019566e\0f2aaea9bec9c763792ba9457e5e7523.jpg,1,ai,jpeg_q50,0.995101,1,1
data\wildfake\Images\Diffusion_based\DALLE\DALLE\Advanced\DALLE3\dalle3\202311011943129901ca391019566e\0f6e5f532c05eef701e282b5862e7b81.jpg,1,ai,jpeg_q50,0.988278,1,1
data\wildfake\Images\Diffusion_based\DALLE\DALLE\Advanced\DALLE3\dalle3\202311011943129901ca391019566e\0f7a97efc54df412123f89b8f43cf6cd.jpg,1,ai,jpeg_q50,0.918198,1,1
data\wildfake\Images\Diffusion_based\DALLE\DALLE\Advanced\DALLE3\dalle3\202311011943129901ca391019566e\0f828871c22d5aee351c018ace3ff443.jpg,1,ai,jpeg_q50,0.997318,1,1
data\wildfake\Images\Diffusion_based\DALLE\DALLE\Advanced\DALLE3\dalle3\202311011943129901ca391019566e\0f83380997c61d1503a21dc11db9a321.jpg,1,ai,jpeg_q50,0.685972,1,1
data\wildfake\Images\Diffusion_based\DALLE\DALLE\Advanced\DALLE3\dalle3\202311011943129901ca391019566e\0fa1d2a2370c6aa0219da9593c389f89.jpg,1,ai,jpeg_q50,0.856095,1,1
data\wildfake\Images\Diffusion_based\DALLE\DALLE\Advanced\DALLE3\dalle3\202311011943129901ca391019566e\0fa38d8654540e2e7521d1480fa2aaf2.jpg,1,ai,jpeg_q50,0.882301,1,1
data\wildfake\Images\Diffusion_based\DALLE\DALLE\Advanced\DALLE3\dalle3\202311011943129901ca391019566e\0fba2ef3d0bd4498ffebb363134e5735.jpg,1,ai,jpeg_q50,0.997519,1,1
data\wildfake\Images\Diffusion_based\DALLE\DALLE\Advanced\DALLE3\dalle3\202311011943129901ca391019566e\0fbee5be4285b267d8a846210622c0c2.jpg,1,ai,jpeg_q50,0.990571,1,1
data\wildfake\Images\Diffusion_based\DALLE\DALLE\Advanced\DALLE3\dalle3\202311011943129901ca391019566e\0fcc3c1b80d1edc98ab788006c4ffd11.jpg,1,ai,jpeg_q50,0.887343,1,1
data\wildfake\Images\Diffusion_based\DALLE\DALLE\Advanced\DALLE3\dalle3\202311011943129901ca391019566e\0fdf0b7a8f6d5665b4b9aac57fcc3508.jpg,1,ai,jpeg_q50,0.952923,1,1
data\wildfake\Images\Diffusion_based\DALLE\DALLE\Advanced\DALLE3\dalle3\202311011943129901ca391019566e\0fe6a99337a3a064cfd7098c6fdb779d.jpg,1,ai,jpeg_q50,0.948822,1,1
data\wildfake\Images\Diffusion_based\DALLE\DALLE\Advanced\DALLE3\dalle3\202311011943129901ca391019566e\0fec4331252d31b9656a36471008fcb6.jpg,1,ai,jpeg_q50,0.726788,1,1
data\wildfake\Images\Diffusion_based\DALLE\DALLE\Advanced\DALLE3\dalle3\202311011943129901ca391019566e\100221e516d4ff591861c174f9787d5b.jpg,1,ai,jpeg_q50,0.908752,1,1
data\wildfake\Images\Diffusion_based\DALLE\DALLE\Advanced\DALLE3\dalle3\202311011943129901ca391019566e\10a4632b25b8359db64edf3fb65a3831.jpg,1,ai,jpeg_q50,0.868812,1,1
data\wildfake\Images\Diffusion_based\DALLE\DALLE\Advanced\DALLE3\dalle3\202311011943129901ca391019566e\10b30af29c21b51dfe40704afe13743f.jpg,1,ai,jpeg_q50,0.995787,1,1
data\wildfake\Images\Diffusion_based\DALLE\DALLE\Advanced\DALLE3\dalle3\202311011943129901ca391019566e\10b75f96e27cf72a7db8ec1d16dcf0ba.jpg,1,ai,jpeg_q50,0.964409,1,1
data\wildfake\Images\Diffusion_based\DALLE\DALLE\Advanced\DALLE3\dalle3\202311011943129901ca391019566e\111eaa61713e75b690a716cd264cbe91.jpg,1,ai,jpeg_q50,0.898545,1,1
data\wildfake\Images\Diffusion_based\DALLE\DALLE\Advanced\DALLE3\dalle3\202311011943129901ca391019566e\113efca49b4dfadb29c4fd8f7fc531a9.jpg,1,ai,jpeg_q50,0.981522,1,1
data\wildfake\Images\Diffusion_based\DALLE\DALLE\Advanced\DALLE3\dalle3\202311011943129901ca391019566e\114de573889b1390cd4412fd2a813af5.jpg,1,ai,jpeg_q50,0.980176,1,1
data\wildfake\Images\Diffusion_based\DALLE\DALLE\Advanced\DALLE3\dalle3\202311011943129901ca391019566e\11999532bbb9818d7a8703db08eaa15f.jpg,1,ai,jpeg_q50,0.999364,1,1
data\wildfake\Images\Diffusion_based\DALLE\DALLE\Advanced\DALLE3\dalle3\202311011943129901ca391019566e\11a41e9baee00823583b98ec8af3b58c.jpg,1,ai,jpeg_q50,0.989698,1,1
data\wildfake\Images\Diffusion_based\DALLE\DALLE\Advanced\DALLE3\dalle3\202311011943129901ca391019566e\11e08bded1546d11b1190a0f1bd16d8a.jpg,1,ai,jpeg_q50,0.753727,1,1
data\wildfake\Images\Diffusion_based\DALLE\DALLE\Advanced\DALLE3\dalle3\202311011943129901ca391019566e\11fce2fd04967c0be72d6115c34e0244.jpg,1,ai,jpeg_q50,0.942198,1,1
data\wildfake\Images\Diffusion_based\DALLE\DALLE\Advanced\DALLE3\dalle3\202311011943129901ca391019566e\12199fc91d9b85047a0ea8b162a31ee7.jpg,1,ai,jpeg_q50,0.954616,1,1
data\wildfake\Images\Diffusion_based\DALLE\DALLE\Advanced\DALLE3\dalle3\202311011943129901ca391019566e\124585f0c7fc25a26a803023a694b229.jpg,1,ai,jpeg_q50,0.988170,1,1
data\wildfake\Images\Diffusion_based\DALLE\DALLE\Advanced\DALLE3\dalle3\202311011943129901ca391019566e\125a024f1f3ffbe093634bde85fa4fb4.jpg,1,ai,jpeg_q50,0.721478,1,1
data\wildfake\Images\Diffusion_based\DALLE\DALLE\Advanced\DALLE3\dalle3\202311011943129901ca391019566e\12668e1cffb82a97f3f06c0a84022c50.jpg,1,ai,jpeg_q50,0.998561,1,1
data\wildfake\Images\Diffusion_based\DALLE\DALLE\Advanced\DALLE3\dalle3\202311011943129901ca391019566e\129c9496f9fb40acffb64cbdafcdb889.jpg,1,ai,jpeg_q50,0.976997,1,1
data\wildfake\Images\Diffusion_based\DALLE\DALLE\Advanced\DALLE3\dalle3\202311011943129901ca391019566e\12f610d278da15eb3bd71fc134d2935c.jpg,1,ai,jpeg_q50,0.996210,1,1
data\wildfake\Images\Diffusion_based\DALLE\DALLE\Advanced\DALLE3\dalle3\202311011943129901ca391019566e\12f9f3e406c691cc5a748418a4819064.jpg,1,ai,jpeg_q50,0.992089,1,1
data\wildfake\Images\Diffusion_based\DALLE\DALLE\Advanced\DALLE3\dalle3\202311011943129901ca391019566e\134320da972b9965797f4911a35bcbb3.jpg,1,ai,jpeg_q50,0.983561,1,1
data\wildfake\Images\Diffusion_based\DALLE\DALLE\Advanced\DALLE3\dalle3\202311011943129901ca391019566e\1352abf7be43936f60f0aeb07d05b005.jpg,1,ai,jpeg_q50,0.909937,1,1
data\wildfake\Images\Diffusion_based\DALLE\DALLE\Advanced\DALLE3\dalle3\202311011943129901ca391019566e\135e3922663688f09953df4d67ff60d2.jpg,1,ai,jpeg_q50,0.964510,1,1
data\wildfake\Images\Diffusion_based\DALLE\DALLE\Advanced\DALLE3\dalle3\202311011943129901ca391019566e\138b74b95547c532e5b16c03bd936af0.jpg,1,ai,jpeg_q50,0.999820,1,1
data\wildfake\Images\Diffusion_based\DALLE\DALLE\Advanced\DALLE3\dalle3\202311011943129901ca391019566e\13fddd6cde4747405fcd15b83e3accd0.jpg,1,ai,jpeg_q50,0.594587,1,1
data\wildfake\Images\Diffusion_based\DALLE\DALLE\Advanced\DALLE3\dalle3\202311011943129901ca391019566e\143ed506925e7b32854daaba82a0cfc3.jpg,1,ai,jpeg_q50,0.988401,1,1
data\wildfake\Images\Diffusion_based\DALLE\DALLE\Advanced\DALLE3\dalle3\202311011943129901ca391019566e\14424c51c39e7367416871e162616f3f.jpg,1,ai,jpeg_q50,0.992377,1,1
data\wildfake\Images\Diffusion_based\DALLE\DALLE\Advanced\DALLE3\dalle3\202311011943129901ca391019566e\144b069908c5d833af3e1b448eeaf8e3.jpg,1,ai,jpeg_q50,0.986560,1,1
data\wildfake\Images\Diffusion_based\DALLE\DALLE\Advanced\DALLE3\dalle3\202311011943129901ca391019566e\145a49671427d119887821421de98970.jpg,1,ai,jpeg_q50,0.881849,1,1
data\wildfake\Images\Diffusion_based\DALLE\DALLE\Advanced\DALLE3\dalle3\202311011943129901ca391019566e\145c831f29f8bb4548d974d6f6bd67ec.jpg,1,ai,jpeg_q50,0.971573,1,1
data\wildfake\Images\Diffusion_based\DALLE\DALLE\Advanced\DALLE3\dalle3\202311011943129901ca391019566e\1465e000d91f2128157d4805279530a1.jpg,1,ai,jpeg_q50,0.867864,1,1
data\wildfake\Images\Diffusion_based\DALLE\DALLE\Advanced\DALLE3\dalle3\202311011943129901ca391019566e\146e40b2bfe919469fe34398818b2eaf.jpg,1,ai,jpeg_q50,0.993390,1,1
data\wildfake\Images\Diffusion_based\DALLE\DALLE\Advanced\DALLE3\dalle3\202311011943129901ca391019566e\149de138ef77950b20fdfff261c6f0d3.jpg,1,ai,jpeg_q50,0.793085,1,1
data\wildfake\Images\Diffusion_based\DALLE\DALLE\Advanced\DALLE3\dalle3\202311011943129901ca391019566e\14bfa56cfa34f18e266657328306c4c3.jpg,1,ai,jpeg_q50,0.997039,1,1
data\wildfake\Images\Diffusion_based\DALLE\DALLE\Advanced\DALLE3\dalle3\202311011943129901ca391019566e\14c7e46722a5c8b5cf956387ad8cb928.jpg,1,ai,jpeg_q50,0.754480,1,1
data\wildfake\Images\Diffusion_based\DALLE\DALLE\Advanced\DALLE3\dalle3\202311011943129901ca391019566e\14eecf455f810645a93b47ae54718217.jpg,1,ai,jpeg_q50,0.996715,1,1
data\wildfake\Images\Diffusion_based\DALLE\DALLE\Advanced\DALLE3\dalle3\202311011943129901ca391019566e\150d00c6714464229268a4e5a00cb091.jpg,1,ai,jpeg_q50,0.963899,1,1
data\wildfake\Images\Diffusion_based\DALLE\DALLE\Advanced\DALLE3\dalle3\202311011943129901ca391019566e\1562c833ea47ced770924ee187444034.jpg,1,ai,jpeg_q50,0.592762,1,1
data\wildfake\Images\Diffusion_based\DALLE\DALLE\Advanced\DALLE3\dalle3\202311011943129901ca391019566e\15673c5eaafff8b18498d73f48112e35.jpg,1,ai,jpeg_q50,0.998077,1,1
data\wildfake\Images\Diffusion_based\DALLE\DALLE\Advanced\DALLE3\dalle3\202311011943129901ca391019566e\157066375504df33728399cfc83fc298.jpg,1,ai,jpeg_q50,0.779203,1,1
data\wildfake\Images\Diffusion_based\DALLE\DALLE\Advanced\DALLE3\dalle3\202311011943129901ca391019566e\158191e5ae2eee816f605c475ae1605b.jpg,1,ai,jpeg_q50,0.987454,1,1
data\wildfake\Images\Diffusion_based\DALLE\DALLE\Advanced\DALLE3\dalle3\202311011943129901ca391019566e\158d85a64ca66f1c1ff0d14027e33b54.jpg,1,ai,jpeg_q50,0.909656,1,1
data\wildfake\Images\Diffusion_based\DALLE\DALLE\Advanced\DALLE3\dalle3\202311011943129901ca391019566e\15ceb3020f0ec8775788b1dbed61ce2b.jpg,1,ai,jpeg_q50,0.992330,1,1
data\wildfake\Images\Diffusion_based\DALLE\DALLE\Advanced\DALLE3\dalle3\202311011943129901ca391019566e\15dae765b38b8a0804ab91b1a7d5308a.jpg,1,ai,jpeg_q50,0.530559,1,1
data\wildfake\Images\Diffusion_based\DALLE\DALLE\Advanced\DALLE3\dalle3\202311011943129901ca391019566e\15e9e309697a9b5abd17effe1e7a0cfd.jpg,1,ai,jpeg_q50,0.729743,1,1
data\wildfake\Images\Diffusion_based\DALLE\DALLE\Advanced\DALLE3\dalle3\202311011943129901ca391019566e\160dbee2eb3f281ca7993885872dda44.jpg,1,ai,jpeg_q50,0.967319,1,1
data\wildfake\Images\Diffusion_based\DALLE\DALLE\Advanced\DALLE3\dalle3\202311011943129901ca391019566e\1620ae43681077db5f43ff30ca4863b9.jpg,1,ai,jpeg_q50,0.984742,1,1
data\wildfake\Images\Diffusion_based\DALLE\DALLE\Advanced\DALLE3\dalle3\202311011943129901ca391019566e\163793038151368b50a4fb0e7c6e3d29.jpg,1,ai,jpeg_q50,0.824821,1,1
data\wildfake\Images\Diffusion_based\DALLE\DALLE\Advanced\DALLE3\dalle3\202311011943129901ca391019566e\1645a93cc6285586ac2bab5006867a75.jpg,1,ai,jpeg_q50,0.960455,1,1
data\wildfake\Images\Diffusion_based\DALLE\DALLE\Advanced\DALLE3\dalle3\202311011943129901ca391019566e\16562af0480008ef2a9718369f47ab54.jpg,1,ai,jpeg_q50,0.997877,1,1
data\wildfake\Images\Diffusion_based\DALLE\DALLE\Advanced\DALLE3\dalle3\202311011943129901ca391019566e\165cb2107bdf2ac6e061909655382eb5.jpg,1,ai,jpeg_q50,0.974936,1,1
data\wildfake\Images\Diffusion_based\DALLE\DALLE\Advanced\DALLE3\dalle3\202311011943129901ca391019566e\166efc8a9b28dd09bf5321a6c4cf5d8a.jpg,1,ai,jpeg_q50,0.648516,1,1
data\wildfake\Images\Diffusion_based\DALLE\DALLE\Advanced\DALLE3\dalle3\202311011943129901ca391019566e\170709830122acd1a91b177a54f8d163.jpg,1,ai,jpeg_q50,0.951520,1,1
data\wildfake\Images\Diffusion_based\DALLE\DALLE\Advanced\DALLE3\dalle3\202311011943129901ca391019566e\17451bcbdf00df3209d5ce1ff95e6369.jpg,1,ai,jpeg_q50,0.991221,1,1
data\wildfake\Images\Diffusion_based\DALLE\DALLE\Advanced\DALLE3\dalle3\202311011943129901ca391019566e\17633ed5a54b17ba87ebc6b49d4ab116.jpg,1,ai,jpeg_q50,0.975635,1,1
data\wildfake\Images\Diffusion_based\DALLE\DALLE\Advanced\DALLE3\dalle3\202311011943129901ca391019566e\1768a24885692ea4bdb21b57183594fc.jpg,1,ai,jpeg_q50,0.894707,1,1
data\wildfake\Images\Diffusion_based\DALLE\DALLE\Advanced\DALLE3\dalle3\202311011943129901ca391019566e\1773bbe9e6e714e61b65a44de692ce6a.jpg,1,ai,jpeg_q50,0.961428,1,1
data\wildfake\Images\Diffusion_based\DALLE\DALLE\Advanced\DALLE3\dalle3\202311011943129901ca391019566e\1789b66cfae0c3e92b39da83695acddd.jpg,1,ai,jpeg_q50,0.962042,1,1
data\wildfake\Images\Diffusion_based\DALLE\DALLE\Advanced\DALLE3\dalle3\202311011943129901ca391019566e\17a16edd797318e2ed94bb0519b9439c.jpg,1,ai,jpeg_q50,0.971338,1,1
data\wildfake\Images\Diffusion_based\DALLE\DALLE\Advanced\DALLE3\dalle3\202311011943129901ca391019566e\17b14fdfe6818265b8d68545b8867301.jpg,1,ai,jpeg_q50,0.885652,1,1
data\wildfake\Images\Diffusion_based\DALLE\DALLE\Advanced\DALLE3\dalle3\202311011943129901ca391019566e\17d3c25db1e85811c32d9077a57f6eb2.jpg,1,ai,jpeg_q50,0.817844,1,1
data\wildfake\Images\Diffusion_based\DALLE\DALLE\Advanced\DALLE3\dalle3\202311011943129901ca391019566e\17fd288a4732aa031001c881513470cb.jpg,1,ai,jpeg_q50,0.998087,1,1
data\wildfake\Images\Diffusion_based\DALLE\DALLE\Advanced\DALLE3\dalle3\202311011943129901ca391019566e\1843377b601721accded9c3030178165.jpg,1,ai,jpeg_q50,0.985534,1,1
data\wildfake\Images\Diffusion_based\DALLE\DALLE\Advanced\DALLE3\dalle3\202311011943129901ca391019566e\186d5d8372701b8e0a8d006e268e9930.jpg,1,ai,jpeg_q50,0.998403,1,1
data\wildfake\Images\Diffusion_based\DALLE\DALLE\Advanced\DALLE3\dalle3\202311011943129901ca391019566e\18f4cc72459f730f8b7a3470b89b9434.jpg,1,ai,jpeg_q50,0.965320,1,1
data\wildfake\Images\Diffusion_based\DALLE\DALLE\Advanced\DALLE3\dalle3\202311011943129901ca391019566e\19005e511148e095ed978622ff646cf5.jpg,1,ai,jpeg_q50,0.577357,1,1
data\wildfake\Images\Diffusion_based\DALLE\DALLE\Advanced\DALLE3\dalle3\202311011943129901ca391019566e\192fe83831eb438961e0bf35700ff7e4.jpg,1,ai,jpeg_q50,0.932241,1,1
data\wildfake\Images\Diffusion_based\DALLE\DALLE\Advanced\DALLE3\dalle3\202311011943129901ca391019566e\193f49a3fcb7bc6a6d959dd2191fc94a.jpg,1,ai,jpeg_q50,0.880941,1,1
data\wildfake\Images\Diffusion_based\DALLE\DALLE\Advanced\DALLE3\dalle3\202311011943129901ca391019566e\194b53f14214b8b3f77f57028df17ea7.jpg,1,ai,jpeg_q50,0.991091,1,1
data\wildfake\Images\Diffusion_based\DALLE\DALLE\Advanced\DALLE3\dalle3\202311011943129901ca391019566e\19780b1dbfaf4e9adc70395200ee7bd6.jpg,1,ai,jpeg_q50,0.979172,1,1
data\wildfake\Images\Diffusion_based\DALLE\DALLE\Advanced\DALLE3\dalle3\202311011943129901ca391019566e\19b2fe020996ae4ecf90642d00c7a4dc.jpg,1,ai,jpeg_q50,0.997916,1,1
data\wildfake\Images\Diffusion_based\DALLE\DALLE\Advanced\DALLE3\dalle3\202311011943129901ca391019566e\19e6b577fefa1ae1a478e0a0d1c4dbbe.jpg,1,ai,jpeg_q50,0.983369,1,1
data\wildfake\Images\Diffusion_based\DALLE\DALLE\Advanced\DALLE3\dalle3\202311011943129901ca391019566e\19eb1c46e83c41a5932abeea1a0546a5.jpg,1,ai,jpeg_q50,0.965917,1,1
data\wildfake\Images\Diffusion_based\DALLE\DALLE\Advanced\DALLE3\dalle3\202311011943129901ca391019566e\19fa205d91cbebb195345d174e182b80.jpg,1,ai,jpeg_q50,0.972523,1,1
data\wildfake\Images\Diffusion_based\DALLE\DALLE\Advanced\DALLE3\dalle3\202311011943129901ca391019566e\1a3b024b0e39e41137b6ef08d26bd3ea.jpg,1,ai,jpeg_q50,0.997734,1,1
data\wildfake\Images\Diffusion_based\DALLE\DALLE\Advanced\DALLE3\dalle3\202311011943129901ca391019566e\1a5022515a79050e910902109eda6f5e.jpg,1,ai,jpeg_q50,0.739117,1,1
data\wildfake\Images\Diffusion_based\DALLE\DALLE\Advanced\DALLE3\dalle3\202311011943129901ca391019566e\1a8b8a3d3eda638dda7772ab0bed80a5.jpg,1,ai,jpeg_q50,0.989793,1,1
data\wildfake\Images\Diffusion_based\DALLE\DALLE\Advanced\DALLE3\dalle3\202311011943129901ca391019566e\1a9fa2a6430987459636043607cc4ef3.jpg,1,ai,jpeg_q50,0.996993,1,1
data\wildfake\Images\Diffusion_based\DALLE\DALLE\Advanced\DALLE3\dalle3\202311011943129901ca391019566e\1ab0a3cb9cd675a28cdaa9bb26177459.jpg,1,ai,jpeg_q50,0.997867,1,1
data\wildfake\Images\Diffusion_based\DALLE\DALLE\Advanced\DALLE3\dalle3\202311011943129901ca391019566e\1ac74c7c8c97664239a77de513a212ba.jpg,1,ai,jpeg_q50,0.173401,0,0
data\wildfake\Images\Diffusion_based\DALLE\DALLE\Advanced\DALLE3\dalle3\202311011943129901ca391019566e\1b2381e4458c5e0abbdf09fc983a289b.jpg,1,ai,jpeg_q50,0.965673,1,1
data\wildfake\Images\Diffusion_based\DALLE\DALLE\Advanced\DALLE3\dalle3\202311011943129901ca391019566e\1b2d822481485fc0cbe2bce8106316af.jpg,1,ai,jpeg_q50,0.990278,1,1
data\wildfake\Images\Diffusion_based\DALLE\DALLE\Advanced\DALLE3\dalle3\202311011943129901ca391019566e\1b4acf6a4d62581b89b003f0392f4bda.jpg,1,ai,jpeg_q50,0.638027,1,1
data\wildfake\Images\Diffusion_based\DALLE\DALLE\Advanced\DALLE3\dalle3\202311011943129901ca391019566e\1ba3ed35be9bd907a1010ff8131a2f96.jpg,1,ai,jpeg_q50,0.960280,1,1
data\wildfake\Images\Diffusion_based\DALLE\DALLE\Advanced\DALLE3\dalle3\202311011943129901ca391019566e\1ba71688207f99e835566aeb657c249e.jpg,1,ai,jpeg_q50,0.884770,1,1
data\wildfake\Images\Diffusion_based\DALLE\DALLE\Advanced\DALLE3\dalle3\202311011943129901ca391019566e\1bad98fd644e170c35c005b344810408.jpg,1,ai,jpeg_q50,0.937807,1,1
data\wildfake\Images\Diffusion_based\DALLE\DALLE\Advanced\DALLE3\dalle3\202311011943129901ca391019566e\1bcc29f8fa9394ad10c42d1c3502eba6.jpg,1,ai,jpeg_q50,0.979931,1,1
data\wildfake\Images\Diffusion_based\DALLE\DALLE\Advanced\DALLE3\dalle3\202311011943129901ca391019566e\1bd1c793df70dc7b8a611805be8d986d.jpg,1,ai,jpeg_q50,0.992742,1,1
data\wildfake\Images\Diffusion_based\DALLE\DALLE\Advanced\DALLE3\dalle3\202311011943129901ca391019566e\1beb06d056dea8e8ea477618aed96bcb.jpg,1,ai,jpeg_q50,0.974129,1,1
data\wildfake\Images\Diffusion_based\DALLE\DALLE\Advanced\DALLE3\dalle3\202311011943129901ca391019566e\1c0c0d3552dc4d8770308b7f3579328c.jpg,1,ai,jpeg_q50,0.929546,1,1
data\wildfake\Images\Diffusion_based\DALLE\DALLE\Advanced\DALLE3\dalle3\202311011943129901ca391019566e\1c33a8cc97c3f594bc3127f9a1dfc2fb.jpg,1,ai,jpeg_q50,0.953984,1,1
data\wildfake\Images\Diffusion_based\DALLE\DALLE\Advanced\DALLE3\dalle3\202311011943129901ca391019566e\1c3a3c42eb20e435007f09086d61194b.jpg,1,ai,jpeg_q50,0.964249,1,1
data\wildfake\Images\Diffusion_based\DALLE\DALLE\Advanced\DALLE3\dalle3\202311011943129901ca391019566e\1c4fd32ed56bed50810ead79661b7c5a.jpg,1,ai,jpeg_q50,0.804567,1,1
data\wildfake\Images\Diffusion_based\DALLE\DALLE\Advanced\DALLE3\dalle3\202311011943129901ca391019566e\1c5717661344d68c9d4b75d9b15a1e47.jpg,1,ai,jpeg_q50,0.993599,1,1
data\wildfake\Images\Diffusion_based\DALLE\DALLE\Advanced\DALLE3\dalle3\202311011943129901ca391019566e\1c87432cf9bd4d371e9c05ad7515d6d7.jpg,1,ai,jpeg_q50,0.939817,1,1
data\wildfake\Images\Diffusion_based\DALLE\DALLE\Advanced\DALLE3\dalle3\202311011943129901ca391019566e\1d010a72d6a8828ae276938b363edf1c.jpg,1,ai,jpeg_q50,0.950756,1,1
data\wildfake\Images\Diffusion_based\DALLE\DALLE\Advanced\DALLE3\dalle3\202311011943129901ca391019566e\1d1791e9159a3e3b866a792ad9936775.jpg,1,ai,jpeg_q50,0.996601,1,1
data\wildfake\Images\Diffusion_based\DALLE\DALLE\Advanced\DALLE3\dalle3\202311011943129901ca391019566e\1d56d34817b41b3dc2a69766c0784569.jpg,1,ai,jpeg_q50,0.988387,1,1
data\wildfake\Images\Diffusion_based\DALLE\DALLE\Advanced\DALLE3\dalle3\202311011943129901ca391019566e\1d9e26c2fc2a9262d27770387cab276e.jpg,1,ai,jpeg_q50,0.964146,1,1
data\wildfake\Images\Diffusion_based\DALLE\DALLE\Advanced\DALLE3\dalle3\202311011943129901ca391019566e\1dbcb985faa6e548489de57abe132b68.jpg,1,ai,jpeg_q50,0.935663,1,1
data\wildfake\Images\Diffusion_based\DALLE\DALLE\Advanced\DALLE3\dalle3\202311011943129901ca391019566e\1ddb80aad2461f122817ec9d11c83772.jpg,1,ai,jpeg_q50,0.890597,1,1
data\wildfake\Images\Diffusion_based\DALLE\DALLE\Advanced\DALLE3\dalle3\202311011943129901ca391019566e\1e47e41e0803aae92c966977938afb46.jpg,1,ai,jpeg_q50,0.893259,1,1
data\wildfake\Images\Diffusion_based\DALLE\DALLE\Advanced\DALLE3\dalle3\202311011943129901ca391019566e\1e840936745b78d2c87de3246ce087e9.jpg,1,ai,jpeg_q50,0.951051,1,1
data\wildfake\Images\Diffusion_based\DALLE\DALLE\Advanced\DALLE3\dalle3\202311011943129901ca391019566e\1ec13ac183e8bf2428394bcc12bec874.jpg,1,ai,jpeg_q50,0.981481,1,1
data\wildfake\Images\Diffusion_based\DALLE\DALLE\Advanced\DALLE3\dalle3\202311011943129901ca391019566e\1f4afce6752d667361835865f8124481.jpg,1,ai,jpeg_q50,0.763297,1,1
data\wildfake\Images\Diffusion_based\DALLE\DALLE\Advanced\DALLE3\dalle3\202311011943129901ca391019566e\1f67be9fe2a328610312003063c63761.jpg,1,ai,jpeg_q50,0.996529,1,1
data\wildfake\Images\Diffusion_based\DALLE\DALLE\Advanced\DALLE3\dalle3\202311011943129901ca391019566e\1f827642ba09be33c8984fef7b49a78d.jpg,1,ai,jpeg_q50,0.988392,1,1
data\wildfake\Images\Diffusion_based\DALLE\DALLE\Advanced\DALLE3\dalle3\202311011943129901ca391019566e\1fbc0f4bd779e2746ef6423bed694855.jpg,1,ai,jpeg_q50,0.620692,1,1
data\wildfake\Images\Diffusion_based\DALLE\DALLE\Advanced\DALLE3\dalle3\202311011943129901ca391019566e\1ff97b617a2010ba1d499268994ffb1d.jpg,1,ai,jpeg_q50,0.514525,1,1
data\wildfake\Images\Diffusion_based\DALLE\DALLE\Advanced\DALLE3\dalle3\202311011943129901ca391019566e\200ca0d1889a556d0068eb3715d04128.jpg,1,ai,jpeg_q50,0.693391,1,1
data\wildfake\Images\Diffusion_based\DALLE\DALLE\Advanced\DALLE3\dalle3\202311011943129901ca391019566e\200fdff4ea13388e9e235094339a01ef.jpg,1,ai,jpeg_q50,0.968770,1,1
data\wildfake\Images\Diffusion_based\DALLE\DALLE\Advanced\DALLE3\dalle3\202311011943129901ca391019566e\202129ee68b9337c7f43c86b99256250.jpg,1,ai,jpeg_q50,0.805851,1,1
data\wildfake\Images\Diffusion_based\DALLE\DALLE\Advanced\DALLE3\dalle3\202311011943129901ca391019566e\206ad045c342e398fbc8d920c41f5c35.jpg,1,ai,jpeg_q50,0.892148,1,1
data\wildfake\Images\Diffusion_based\DALLE\DALLE\Advanced\DALLE3\dalle3\202311011943129901ca391019566e\20768ef53dcdaf863df339568b280ec2.jpg,1,ai,jpeg_q50,0.277310,0,0
data\wildfake\Images\Diffusion_based\DALLE\DALLE\Advanced\DALLE3\dalle3\202311011943129901ca391019566e\20a018543ff917bd3e067a9d918b0c1a.jpg,1,ai,jpeg_q50,0.966811,1,1
data\wildfake\Images\Diffusion_based\DALLE\DALLE\Advanced\DALLE3\dalle3\202311011943129901ca391019566e\20ab8b1b8b8b51434ac776a665222b66.jpg,1,ai,jpeg_q50,0.942938,1,1
data\wildfake\Images\Diffusion_based\DALLE\DALLE\Advanced\DALLE3\dalle3\202311011943129901ca391019566e\20abed32990a6c32807bc52b68f8c116.jpg,1,ai,jpeg_q50,0.987970,1,1
data\wildfake\Images\Diffusion_based\DALLE\DALLE\Advanced\DALLE3\dalle3\202311011943129901ca391019566e\20fb65acd9c4e2758d094564e88c0605.jpg,1,ai,jpeg_q50,0.898413,1,1
data\wildfake\Images\Diffusion_based\DALLE\DALLE\Advanced\DALLE3\dalle3\202311011943129901ca391019566e\2120baa1c39f7d68ec43b8e89350cbcf.jpg,1,ai,jpeg_q50,0.978998,1,1
data\wildfake\Images\Diffusion_based\DALLE\DALLE\Advanced\DALLE3\dalle3\202311011943129901ca391019566e\21327580217c47a87b27f435c60e4b7b.jpg,1,ai,jpeg_q50,0.936481,1,1
data\wildfake\Images\Diffusion_based\DALLE\DALLE\Advanced\DALLE3\dalle3\202311011943129901ca391019566e\215cde3f0c01ce8b74d4493c9d1a2693.jpg,1,ai,jpeg_q50,0.630441,1,1
data\wildfake\Images\Diffusion_based\DALLE\DALLE\Advanced\DALLE3\dalle3\202311011943129901ca391019566e\2165259beffedee2969d07846aba6003.jpg,1,ai,jpeg_q50,0.991456,1,1
data\wildfake\Images\Diffusion_based\DALLE\DALLE\Advanced\DALLE3\dalle3\202311011943129901ca391019566e\219fce894b6d9c7b46d5de58e7493578.jpg,1,ai,jpeg_q50,0.960952,1,1
data\wildfake\Images\Diffusion_based\DALLE\DALLE\Advanced\DALLE3\dalle3\202311011943129901ca391019566e\21b32d1de5e001c1b07b25738265e57a.jpg,1,ai,jpeg_q50,0.992110,1,1
data\wildfake\Images\Diffusion_based\DALLE\DALLE\Advanced\DALLE3\dalle3\202311011943129901ca391019566e\21b99519f3170266d325bf919ac59a0c.jpg,1,ai,jpeg_q50,0.987390,1,1
data\wildfake\Images\Diffusion_based\DALLE\DALLE\Advanced\DALLE3\dalle3\202311011943129901ca391019566e\21d07ab8c6ca5829e8b62e7c3ee8ea7f.jpg,1,ai,jpeg_q50,0.895942,1,1
data\wildfake\Images\Diffusion_based\DALLE\DALLE\Advanced\DALLE3\dalle3\202311011943129901ca391019566e\22117ddcb0340b426eb340780968517a.jpg,1,ai,jpeg_q50,0.981534,1,1
data\wildfake\Images\Diffusion_based\DALLE\DALLE\Advanced\DALLE3\dalle3\202311011943129901ca391019566e\2220e18282218193049ed45b67b61949.jpg,1,ai,jpeg_q50,0.999439,1,1
data\wildfake\Images\Diffusion_based\DALLE\DALLE\Advanced\DALLE3\dalle3\202311011943129901ca391019566e\22737dbf71b8ce8da4ec3cd585fd0883.jpg,1,ai,jpeg_q50,0.975141,1,1
data\wildfake\Images\Diffusion_based\DALLE\DALLE\Advanced\DALLE3\dalle3\202311011943129901ca391019566e\22c068a822ad867f58f80740fee0164b.jpg,1,ai,jpeg_q50,0.725676,1,1
data\wildfake\Images\Diffusion_based\DALLE\DALLE\Advanced\DALLE3\dalle3\202311011943129901ca391019566e\23d0530d20bdd7834e4b7bf6e06dcc4c.jpg,1,ai,jpeg_q50,0.790004,1,1
data\wildfake\Images\Diffusion_based\DALLE\DALLE\Advanced\DALLE3\dalle3\202311011943129901ca391019566e\23d4f1810767daab0cd79f1f28938b85.jpg,1,ai,jpeg_q50,0.905752,1,1
data\wildfake\Images\Diffusion_based\DALLE\DALLE\Advanced\DALLE3\dalle3\202311011943129901ca391019566e\23d6091b55599f27dc52facb36350a46.jpg,1,ai,jpeg_q50,0.937377,1,1
data\wildfake\Images\Diffusion_based\DALLE\DALLE\Advanced\DALLE3\dalle3\202311011943129901ca391019566e\23e02d35eba5d9089cd28de285b1b7a8.jpg,1,ai,jpeg_q50,0.994969,1,1
data\wildfake\Images\Diffusion_based\DALLE\DALLE\Advanced\DALLE3\dalle3\202311011943129901ca391019566e\2424f97b93a5304e497057f339bb0150.jpg,1,ai,jpeg_q50,0.996440,1,1
data\wildfake\Images\Diffusion_based\DALLE\DALLE\Advanced\DALLE3\dalle3\202311011943129901ca391019566e\24279c06dee893328230ba3a3b07d6f4.jpg,1,ai,jpeg_q50,0.953143,1,1
data\wildfake\Images\Diffusion_based\DALLE\DALLE\Advanced\DALLE3\dalle3\202311011943129901ca391019566e\2445ca045f03d71680bdb1e14c95c1c0.jpg,1,ai,jpeg_q50,0.997893,1,1
data\wildfake\Images\Diffusion_based\DALLE\DALLE\Advanced\DALLE3\dalle3\202311011943129901ca391019566e\24520f53b41d702cb03d64cbbad917d0.jpg,1,ai,jpeg_q50,0.902805,1,1
data\wildfake\Images\Diffusion_based\DALLE\DALLE\Advanced\DALLE3\dalle3\202311011943129901ca391019566e\24cddc00a9d8043afa58a5c21190a200.jpg,1,ai,jpeg_q50,0.973963,1,1
data\wildfake\Images\Diffusion_based\DALLE\DALLE\Advanced\DALLE3\dalle3\202311011943129901ca391019566e\24d8f8c33ebf2fb0027fb4ba0efa65c9.jpg,1,ai,jpeg_q50,0.923166,1,1
data\wildfake\Images\Diffusion_based\DALLE\DALLE\Advanced\DALLE3\dalle3\202311011943129901ca391019566e\24dc50c8caf89d08f8457fc8b76a3d79.jpg,1,ai,jpeg_q50,0.992434,1,1
data\wildfake\Images\Diffusion_based\DALLE\DALLE\Advanced\DALLE3\dalle3\202311011943129901ca391019566e\251f4c46046dea63ec695bcd3954bc46.jpg,1,ai,jpeg_q50,0.983568,1,1
data\wildfake\Images\Diffusion_based\DALLE\DALLE\Advanced\DALLE3\dalle3\202311011943129901ca391019566e\25315324a02ab280c84592a11d3d65d2.jpg,1,ai,jpeg_q50,0.992218,1,1
data\wildfake\Images\Diffusion_based\DALLE\DALLE\Advanced\DALLE3\dalle3\202311011943129901ca391019566e\266b1a0f44f0ccfd8c7babee949d54f2.jpg,1,ai,jpeg_q50,0.951102,1,1
data\wildfake\Images\Diffusion_based\DALLE\DALLE\Advanced\DALLE3\dalle3\202311011943129901ca391019566e\26a06b3b925d71cbd14e1d93b91c3518.jpg,1,ai,jpeg_q50,0.989556,1,1
data\wildfake\Images\Diffusion_based\DALLE\DALLE\Advanced\DALLE3\dalle3\202311011943129901ca391019566e\26e9f580c486a74f4730013128aa1628.jpg,1,ai,jpeg_q50,0.835081,1,1
data\wildfake\Images\Diffusion_based\DALLE\DALLE\Advanced\DALLE3\dalle3\202311011943129901ca391019566e\273f7e17db0fa27c4b098b50f12793d4.jpg,1,ai,jpeg_q50,0.998894,1,1
data\wildfake\Images\Diffusion_based\DALLE\DALLE\Advanced\DALLE3\dalle3\202311011943129901ca391019566e\2741601c9df7feece2ec2d6dd736e3e6.jpg,1,ai,jpeg_q50,0.566058,1,1
data\wildfake\Images\Diffusion_based\DALLE\DALLE\Advanced\DALLE3\dalle3\202311011943129901ca391019566e\2758d67d642f975d28ba66e08f99f682.jpg,1,ai,jpeg_q50,0.892992,1,1
data\wildfake\Images\Diffusion_based\DALLE\DALLE\Advanced\DALLE3\dalle3\202311011943129901ca391019566e\27603ed699b0cdcba8f93b98f7c26c18.jpg,1,ai,jpeg_q50,0.895414,1,1
data\wildfake\Images\Diffusion_based\DALLE\DALLE\Advanced\DALLE3\dalle3\202311011943129901ca391019566e\27a39f309e630becf0b4190c3451af79.jpg,1,ai,jpeg_q50,0.949677,1,1
data\wildfake\Images\Diffusion_based\DALLE\DALLE\Advanced\DALLE3\dalle3\202311011943129901ca391019566e\27aa87d93c97720af6e3faf1f97d3404.jpg,1,ai,jpeg_q50,0.937185,1,1
data\wildfake\Images\Diffusion_based\DALLE\DALLE\Advanced\DALLE3\dalle3\202311011943129901ca391019566e\28002ab34f92fbd2f654a7eb386b970b.jpg,1,ai,jpeg_q50,0.929367,1,1
data\wildfake\Images\Diffusion_based\DALLE\DALLE\Advanced\DALLE3\dalle3\202311011943129901ca391019566e\280516b7c009bfd9e1764aa60ca15212.jpg,1,ai,jpeg_q50,0.989713,1,1
data\wildfake\Images\Diffusion_based\DALLE\DALLE\Advanced\DALLE3\dalle3\202311011943129901ca391019566e\280ddc85097e9e98fd41d48bb843ba12.jpg,1,ai,jpeg_q50,0.923127,1,1
data\wildfake\Images\Diffusion_based\DALLE\DALLE\Advanced\DALLE3\dalle3\202311011943129901ca391019566e\281463519a99dcf7289ae19c233a828e.jpg,1,ai,jpeg_q50,0.993863,1,1
data\wildfake\Images\Diffusion_based\DALLE\DALLE\Advanced\DALLE3\dalle3\202311011943129901ca391019566e\283d27b212907668f6fe714f8a8d3126.jpg,1,ai,jpeg_q50,0.999052,1,1
data\wildfake\Images\Diffusion_based\DALLE\DALLE\Advanced\DALLE3\dalle3\202311011943129901ca391019566e\284730af67d18cd1fdb82e6180a534ea.jpg,1,ai,jpeg_q50,0.723093,1,1
data\wildfake\Images\Diffusion_based\DALLE\DALLE\Advanced\DALLE3\dalle3\202311011943129901ca391019566e\285eb0abc96d216b1177df2150388566.jpg,1,ai,jpeg_q50,0.901768,1,1
data\wildfake\Images\Diffusion_based\DALLE\DALLE\Advanced\DALLE3\dalle3\202311011943129901ca391019566e\287c0539b2de4bdd47dbe548d3a53a33.jpg,1,ai,jpeg_q50,0.998932,1,1
data\wildfake\Images\Diffusion_based\DALLE\DALLE\Advanced\DALLE3\dalle3\202311011943129901ca391019566e\2889aa3b1659714beca2666db9661eca.jpg,1,ai,jpeg_q50,0.885268,1,1
data\wildfake\Images\Diffusion_based\DALLE\DALLE\Advanced\DALLE3\dalle3\202311011943129901ca391019566e\288abfe8473120a0a7d1b5b7837b03f5.jpg,1,ai,jpeg_q50,0.988631,1,1
data\wildfake\Images\Diffusion_based\DALLE\DALLE\Advanced\DALLE3\dalle3\202311011943129901ca391019566e\2899508832ea7671fa1d9d27748c9f3b.jpg,1,ai,jpeg_q50,0.952556,1,1
data\wildfake\Images\Diffusion_based\DALLE\DALLE\Advanced\DALLE3\dalle3\202311011943129901ca391019566e\28b0d18ffc7de41085f9290236ae9e66.jpg,1,ai,jpeg_q50,0.655711,1,1
data\wildfake\Images\Diffusion_based\DALLE\DALLE\Advanced\DALLE3\dalle3\202311011943129901ca391019566e\28c739bc80372d76ba5e2e73f38188c0.jpg,1,ai,jpeg_q50,0.923254,1,1
data\wildfake\Images\Diffusion_based\DALLE\DALLE\Advanced\DALLE3\dalle3\202311011943129901ca391019566e\294de44e036b179ca0018c11d4a5087a.jpg,1,ai,jpeg_q50,0.976813,1,1
data\wildfake\Images\Diffusion_based\DALLE\DALLE\Advanced\DALLE3\dalle3\202311011943129901ca391019566e\295380882b0adcc9d1eb9c8d3763d723.jpg,1,ai,jpeg_q50,0.222354,0,0
data\wildfake\Images\Diffusion_based\DALLE\DALLE\Advanced\DALLE3\dalle3\202311011943129901ca391019566e\29815b2d3496faff16f372aea636b903.jpg,1,ai,jpeg_q50,0.969176,1,1
data\wildfake\Images\Diffusion_based\DALLE\DALLE\Advanced\DALLE3\dalle3\202311011943129901ca391019566e\2996bed4f9cd631835249fd365709b45.jpg,1,ai,jpeg_q50,0.998494,1,1
data\wildfake\Images\Diffusion_based\DALLE\DALLE\Advanced\DALLE3\dalle3\202311011943129901ca391019566e\29d9713e54f6caee52bc489a743a6840.jpg,1,ai,jpeg_q50,0.998965,1,1
data\wildfake\Images\Diffusion_based\DALLE\DALLE\Advanced\DALLE3\dalle3\202311011943129901ca391019566e\2a329dac55a299eba38d51ae20ff5bd3.jpg,1,ai,jpeg_q50,0.996170,1,1
data\wildfake\Images\Diffusion_based\DALLE\DALLE\Advanced\DALLE3\dalle3\202311011943129901ca391019566e\2a69ff3713d4b2ba1757164c085ade21.jpg,1,ai,jpeg_q50,0.843602,1,1
data\wildfake\Images\Diffusion_based\DALLE\DALLE\Advanced\DALLE3\dalle3\202311011943129901ca391019566e\2a9297148ff24d0010c68ccb302c1b7b.jpg,1,ai,jpeg_q50,0.908349,1,1
data\wildfake\Images\Diffusion_based\DALLE\DALLE\Advanced\DALLE3\dalle3\202311011943129901ca391019566e\2a99e610a0855229e120a8383d04e592.jpg,1,ai,jpeg_q50,0.921710,1,1
data\wildfake\Images\Diffusion_based\DALLE\DALLE\Advanced\DALLE3\dalle3\202311011943129901ca391019566e\2abd7c1847e9e618a0e99054891c699d.jpg,1,ai,jpeg_q50,0.952985,1,1
data\wildfake\Images\Diffusion_based\DALLE\DALLE\Advanced\DALLE3\dalle3\202311011943129901ca391019566e\2af852d4196a4b8c505b03b5a7be1d87.jpg,1,ai,jpeg_q50,0.965990,1,1
data\wildfake\Images\Diffusion_based\DALLE\DALLE\Advanced\DALLE3\dalle3\202311011943129901ca391019566e\2b2b0561e0554b6365fc2706d57f2917.jpg,1,ai,jpeg_q50,0.928809,1,1
data\wildfake\Images\Diffusion_based\DALLE\DALLE\Advanced\DALLE3\dalle3\202311011943129901ca391019566e\2b30b7f64b701044c567458ceac10f02.jpg,1,ai,jpeg_q50,0.989690,1,1
data\wildfake\Images\Diffusion_based\DALLE\DALLE\Advanced\DALLE3\dalle3\202311011943129901ca391019566e\2b3b1fd6b38c4460e59e037aa1197d49.jpg,1,ai,jpeg_q50,0.986751,1,1
data\wildfake\Images\Diffusion_based\DALLE\DALLE\Advanced\DALLE3\dalle3\202311011943129901ca391019566e\2b6b12823c02237b6f4afa37e23fa6e7.jpg,1,ai,jpeg_q50,0.987565,1,1
data\wildfake\Images\Diffusion_based\DALLE\DALLE\Advanced\DALLE3\dalle3\202311011943129901ca391019566e\2b73c04219189c7aba28d7480a0c4d69.jpg,1,ai,jpeg_q50,0.919281,1,1
data\wildfake\Images\Diffusion_based\DALLE\DALLE\Advanced\DALLE3\dalle3\202311011943129901ca391019566e\2b85f039018459581606576c1b4e171c.jpg,1,ai,jpeg_q50,0.999542,1,1
data\wildfake\Images\Diffusion_based\DALLE\DALLE\Advanced\DALLE3\dalle3\202311011943129901ca391019566e\2ba8788f252bd2cbe1277910cbfeb515.jpg,1,ai,jpeg_q50,0.906994,1,1
data\wildfake\Images\Diffusion_based\DALLE\DALLE\Advanced\DALLE3\dalle3\202311011943129901ca391019566e\2baf0c197e9c5ce4361b3d42155aa22e.jpg,1,ai,jpeg_q50,0.996285,1,1
data\wildfake\Images\Diffusion_based\DALLE\DALLE\Advanced\DALLE3\dalle3\202311011943129901ca391019566e\2bb2b3d160e5311788624d273b772f40.jpg,1,ai,jpeg_q50,0.979646,1,1
data\wildfake\Images\Diffusion_based\DALLE\DALLE\Advanced\DALLE3\dalle3\202311011943129901ca391019566e\2c0e365aeac4763b8e6a526e363bd610.jpg,1,ai,jpeg_q50,0.595538,1,1
data\wildfake\Images\Diffusion_based\DALLE\DALLE\Advanced\DALLE3\dalle3\202311011943129901ca391019566e\2c11541922d2a6fe483be9e0178f671c.jpg,1,ai,jpeg_q50,0.995613,1,1
data\wildfake\Images\Diffusion_based\DALLE\DALLE\Advanced\DALLE3\dalle3\202311011943129901ca391019566e\2c5344d328024d946219996f4abe3090.jpg,1,ai,jpeg_q50,0.983821,1,1
data\wildfake\Images\Diffusion_based\DALLE\DALLE\Advanced\DALLE3\dalle3\202311011943129901ca391019566e\2c69e73c4582d42385954694ecdb6784.jpg,1,ai,jpeg_q50,0.310597,0,0
data\wildfake\Images\Diffusion_based\DALLE\DALLE\Advanced\DALLE3\dalle3\202311011943129901ca391019566e\2c792457c59a478d71aa8aa5e3ce4b82.jpg,1,ai,jpeg_q50,0.989307,1,1
data\wildfake\Images\Diffusion_based\DALLE\DALLE\Advanced\DALLE3\dalle3\202311011943129901ca391019566e\2cb7d5ac6ffd5010a455f2cd06ae7e8a.jpg,1,ai,jpeg_q50,0.801224,1,1
data\wildfake\Images\Diffusion_based\DALLE\DALLE\Advanced\DALLE3\dalle3\202311011943129901ca391019566e\2d4407522203cc35dabb00de566aa4d9.jpg,1,ai,jpeg_q50,0.989366,1,1
data\wildfake\Images\Diffusion_based\DALLE\DALLE\Advanced\DALLE3\dalle3\202311011943129901ca391019566e\2d4a70b3451df22b21b40ec729c00a48.jpg,1,ai,jpeg_q50,0.936028,1,1
data\wildfake\Images\Diffusion_based\DALLE\DALLE\Advanced\DALLE3\dalle3\202311011943129901ca391019566e\2d5061ca63165c55f2ef846224f33dd2.jpg,1,ai,jpeg_q50,0.998535,1,1
data\wildfake\Images\Diffusion_based\DALLE\DALLE\Advanced\DALLE3\dalle3\202311011943129901ca391019566e\2d53dd3dcc2de459e3f2d250bb437140.jpg,1,ai,jpeg_q50,0.987665,1,1
data\wildfake\Images\Diffusion_based\DALLE\DALLE\Advanced\DALLE3\dalle3\202311011943129901ca391019566e\2d7ab35155588f94c1a348c27547fd74.jpg,1,ai,jpeg_q50,0.936483,1,1
data\wildfake\Images\Diffusion_based\DALLE\DALLE\Advanced\DALLE3\dalle3\202311011943129901ca391019566e\2d8e38aa7e70ce9369aa171383bf65eb.jpg,1,ai,jpeg_q50,0.955888,1,1
data\wildfake\Images\Diffusion_based\DALLE\DALLE\Advanced\DALLE3\dalle3\202311011943129901ca391019566e\2dd017a7a4f655dcb0c4372331c0b1b5.jpg,1,ai,jpeg_q50,0.999453,1,1
data\wildfake\Images\Diffusion_based\DALLE\DALLE\Advanced\DALLE3\dalle3\202311011943129901ca391019566e\2de406e758d42a580e7fe68e7d630283.jpg,1,ai,jpeg_q50,0.978667,1,1
data\wildfake\Images\Diffusion_based\DALLE\DALLE\Advanced\DALLE3\dalle3\202311011943129901ca391019566e\2e15e3a5e2e21acdc69da41965a0bedf.jpg,1,ai,jpeg_q50,0.952124,1,1
data\wildfake\Images\Diffusion_based\DALLE\DALLE\Advanced\DALLE3\dalle3\202311011943129901ca391019566e\2e1ef76a03f1c5416e4bde07474943c4.jpg,1,ai,jpeg_q50,0.989467,1,1
data\wildfake\Images\Diffusion_based\DALLE\DALLE\Advanced\DALLE3\dalle3\202311011943129901ca391019566e\2e7aff6277220e43a3daf5f30c06a068.jpg,1,ai,jpeg_q50,0.971180,1,1
data\wildfake\Images\Diffusion_based\DALLE\DALLE\Advanced\DALLE3\dalle3\202311011943129901ca391019566e\2eb4a5e062ba72185389e9307e44cd2d.jpg,1,ai,jpeg_q50,0.993687,1,1
data\wildfake\Images\Diffusion_based\DALLE\DALLE\Advanced\DALLE3\dalle3\202311011943129901ca391019566e\2ef04a5fc0572c6d60a425eb9aa2caa4.jpg,1,ai,jpeg_q50,0.965945,1,1
data\wildfake\Images\Diffusion_based\DALLE\DALLE\Advanced\DALLE3\dalle3\202311011943129901ca391019566e\2f10ecc0fa83c79f1e16ce90189d9a1f.jpg,1,ai,jpeg_q50,0.889392,1,1
data\wildfake\Images\Diffusion_based\DALLE\DALLE\Advanced\DALLE3\dalle3\202311011943129901ca391019566e\2f35a3f9a6a688927094ea0d49cfeff1.jpg,1,ai,jpeg_q50,0.962851,1,1
data\wildfake\Images\Diffusion_based\DALLE\DALLE\Advanced\DALLE3\dalle3\202311011943129901ca391019566e\2f38a4dc1b3d6898ebef464d6e42e30e.jpg,1,ai,jpeg_q50,0.988372,1,1
data\wildfake\Images\Diffusion_based\DALLE\DALLE\Advanced\DALLE3\dalle3\202311011943129901ca391019566e\2fee7962741814f7d0b72cc6662b064f.jpg,1,ai,jpeg_q50,0.623493,1,1
data\wildfake\Images\Diffusion_based\DALLE\DALLE\Advanced\DALLE3\dalle3\202311011943129901ca391019566e\304856302c6c89d4704bf858af8338ff.jpg,1,ai,jpeg_q50,0.994960,1,1
data\wildfake\Images\Diffusion_based\DALLE\DALLE\Advanced\DALLE3\dalle3\202311011943129901ca391019566e\304fd3f94a49d5200243851cb1ebc110.jpg,1,ai,jpeg_q50,0.988912,1,1
data\wildfake\Images\Diffusion_based\DALLE\DALLE\Advanced\DALLE3\dalle3\202311011943129901ca391019566e\30560488aed228278d62eddd812ad46f.jpg,1,ai,jpeg_q50,0.960420,1,1
data\wildfake\Images\Diffusion_based\DALLE\DALLE\Advanced\DALLE3\dalle3\202311011943129901ca391019566e\30736792ffea71cb6ad31d157f99af48.jpg,1,ai,jpeg_q50,0.994191,1,1
data\wildfake\Images\Diffusion_based\DALLE\DALLE\Advanced\DALLE3\dalle3\202311011943129901ca391019566e\30b2cfc02c06fb99cbfef1d388659152.jpg,1,ai,jpeg_q50,0.884110,1,1
data\wildfake\Images\Diffusion_based\DALLE\DALLE\Advanced\DALLE3\dalle3\202311011943129901ca391019566e\30c49b6b1c420fc74213a41b2979a3c0.jpg,1,ai,jpeg_q50,0.996735,1,1
data\wildfake\Images\Diffusion_based\DALLE\DALLE\Advanced\DALLE3\dalle3\202311011943129901ca391019566e\30c553711ea647681a5c645c0f67086a.jpg,1,ai,jpeg_q50,0.944066,1,1
data\wildfake\Images\Diffusion_based\DALLE\DALLE\Advanced\DALLE3\dalle3\202311011943129901ca391019566e\315898da3833d2ee6901cda8b0a307ac.jpg,1,ai,jpeg_q50,0.997288,1,1
data\wildfake\Images\Diffusion_based\DALLE\DALLE\Advanced\DALLE3\dalle3\202311011943129901ca391019566e\315923afcd05949e86784e05304935db.jpg,1,ai,jpeg_q50,0.978035,1,1
data\wildfake\Images\Diffusion_based\DALLE\DALLE\Advanced\DALLE3\dalle3\202311011943129901ca391019566e\315f76c57b8a55035382dc9eb45bbc35.jpg,1,ai,jpeg_q50,0.992030,1,1
data\wildfake\Images\Diffusion_based\DALLE\DALLE\Advanced\DALLE3\dalle3\202311011943129901ca391019566e\319271d13e343a78aa4b60d611880085.jpg,1,ai,jpeg_q50,0.927333,1,1
data\wildfake\Images\Diffusion_based\DALLE\DALLE\Advanced\DALLE3\dalle3\202311011943129901ca391019566e\319352d3ba48a8c141010ef23a310dfa.jpg,1,ai,jpeg_q50,0.804498,1,1
data\wildfake\Images\Diffusion_based\DALLE\DALLE\Advanced\DALLE3\dalle3\202311011943129901ca391019566e\31b0fea829c59468d074bf8d41e2874a.jpg,1,ai,jpeg_q50,0.992430,1,1
data\wildfake\Images\Diffusion_based\DALLE\DALLE\Advanced\DALLE3\dalle3\202311011943129901ca391019566e\31fd1f9fbaaf9a21a31ed7d9079b809b.jpg,1,ai,jpeg_q50,0.955299,1,1
data\wildfake\Images\Diffusion_based\DALLE\DALLE\Advanced\DALLE3\dalle3\202311011943129901ca391019566e\3213263f2367f1901333c55db977df4b.jpg,1,ai,jpeg_q50,0.980797,1,1
data\wildfake\Images\Diffusion_based\DALLE\DALLE\Advanced\DALLE3\dalle3\202311011943129901ca391019566e\322e678734edd3815df7453195002717.jpg,1,ai,jpeg_q50,0.999060,1,1
data\wildfake\Images\Diffusion_based\DALLE\DALLE\Advanced\DALLE3\dalle3\202311011943129901ca391019566e\32e6f9ca1ccd76d04fd44b937cae7d43.jpg,1,ai,jpeg_q50,0.971358,1,1
data\wildfake\Images\Diffusion_based\DALLE\DALLE\Advanced\DALLE3\dalle3\202311011943129901ca391019566e\32eb6bb94aba85b0cb9aa9b2d5e27b9e.jpg,1,ai,jpeg_q50,0.995765,1,1
data\wildfake\Images\Diffusion_based\DALLE\DALLE\Advanced\DALLE3\dalle3\202311011943129901ca391019566e\336063d010021b35f8766118ee2bef33.jpg,1,ai,jpeg_q50,0.768110,1,1
data\wildfake\Images\Diffusion_based\DALLE\DALLE\Advanced\DALLE3\dalle3\202311011943129901ca391019566e\338381afdabb579e180fb70d0eef941f.jpg,1,ai,jpeg_q50,0.864216,1,1
data\wildfake\Images\Diffusion_based\DALLE\DALLE\Advanced\DALLE3\dalle3\202311011943129901ca391019566e\33ca83250951eda1aa5770e402422db2.jpg,1,ai,jpeg_q50,0.859496,1,1
data\wildfake\Images\Diffusion_based\DALLE\DALLE\Advanced\DALLE3\dalle3\202311011943129901ca391019566e\33f866ca2db6a848a4dca0380092daa7.jpg,1,ai,jpeg_q50,0.972063,1,1
data\wildfake\Images\Diffusion_based\DALLE\DALLE\Advanced\DALLE3\dalle3\202311011943129901ca391019566e\3418ee210990b7fd9c6140957fa11cf7.jpg,1,ai,jpeg_q50,0.964991,1,1
data\wildfake\Images\Diffusion_based\DALLE\DALLE\Advanced\DALLE3\dalle3\202311011943129901ca391019566e\345fc7b26c1e6d571cea80dcf35417ef.jpg,1,ai,jpeg_q50,0.797355,1,1
data\wildfake\Images\Diffusion_based\DALLE\DALLE\Advanced\DALLE3\dalle3\202311011943129901ca391019566e\35164f35c66c83fed0de6b4118dd4261.jpg,1,ai,jpeg_q50,0.971165,1,1
data\wildfake\Images\Diffusion_based\DALLE\DALLE\Advanced\DALLE3\dalle3\202311011943129901ca391019566e\352c02644ff0e10a17759dac5a0aa222.jpg,1,ai,jpeg_q50,0.966356,1,1
data\wildfake\Images\Diffusion_based\DALLE\DALLE\Advanced\DALLE3\dalle3\202311011943129901ca391019566e\35db819bb6aaa5848c464902098d2734.jpg,1,ai,jpeg_q50,0.877891,1,1
data\wildfake\Images\Diffusion_based\DALLE\DALLE\Advanced\DALLE3\dalle3\202311011943129901ca391019566e\362ae43f0e7be860ec6dd6e81a928b4b.jpg,1,ai,jpeg_q50,0.963623,1,1
data\wildfake\Images\Diffusion_based\DALLE\DALLE\Advanced\DALLE3\dalle3\202311011943129901ca391019566e\3665bdb398545aec37c3c213361945f8.jpg,1,ai,jpeg_q50,0.901067,1,1
data\wildfake\Images\Diffusion_based\DALLE\DALLE\Advanced\DALLE3\dalle3\202311011943129901ca391019566e\369fb53d3a6a12263b6ecd9afe70a62b.jpg,1,ai,jpeg_q50,0.707865,1,1
data\wildfake\Images\Diffusion_based\DALLE\DALLE\Advanced\DALLE3\dalle3\202311011943129901ca391019566e\375a95817c1af04ed49db19dae0aaabe.jpg,1,ai,jpeg_q50,0.984475,1,1
data\wildfake\Images\Diffusion_based\DALLE\DALLE\Advanced\DALLE3\dalle3\202311011943129901ca391019566e\375abcbb188328fe2445182ee772e4e6.jpg,1,ai,jpeg_q50,0.933105,1,1
data\wildfake\Images\Diffusion_based\DALLE\DALLE\Advanced\DALLE3\dalle3\202311011943129901ca391019566e\37718b17aec9cff0fba348a00e4700f1.jpg,1,ai,jpeg_q50,0.935666,1,1
data\wildfake\Images\Diffusion_based\DALLE\DALLE\Advanced\DALLE3\dalle3\202311011943129901ca391019566e\37cf3cd63b1341c596ad77d9a368e3ad.jpg,1,ai,jpeg_q50,0.640273,1,1
data\wildfake\Images\Diffusion_based\DALLE\DALLE\Advanced\DALLE3\dalle3\202311011943129901ca391019566e\37fd34a74cdbb136dac1328065089604.jpg,1,ai,jpeg_q50,0.991820,1,1
data\wildfake\Images\Diffusion_based\DALLE\DALLE\Advanced\DALLE3\dalle3\202311011943129901ca391019566e\380b9b83cb92cc0ec8b735ba1454571d.jpg,1,ai,jpeg_q50,0.941193,1,1
data\wildfake\Images\Diffusion_based\DALLE\DALLE\Advanced\DALLE3\dalle3\202311011943129901ca391019566e\38259b16a26ba1567d1eed9ae28054c6.jpg,1,ai,jpeg_q50,0.969765,1,1
data\wildfake\Images\Diffusion_based\DALLE\DALLE\Advanced\DALLE3\dalle3\202311011943129901ca391019566e\383b94992415b3dfc9145780cdce53e9.jpg,1,ai,jpeg_q50,0.999166,1,1
data\wildfake\Images\Diffusion_based\DALLE\DALLE\Advanced\DALLE3\dalle3\202311011943129901ca391019566e\3848384edde46920c17f2d7d980d91c4.jpg,1,ai,jpeg_q50,0.865024,1,1
data\wildfake\Images\Diffusion_based\DALLE\DALLE\Advanced\DALLE3\dalle3\202311011943129901ca391019566e\384a171d263043a8162c4c98e82b7c7a.jpg,1,ai,jpeg_q50,0.996698,1,1
data\wildfake\Images\Diffusion_based\DALLE\DALLE\Advanced\DALLE3\dalle3\202311011943129901ca391019566e\389eb491a55dd0f0fc1bf55b8f7ac7bb.jpg,1,ai,jpeg_q50,0.782124,1,1
data\wildfake\Images\Diffusion_based\DALLE\DALLE\Advanced\DALLE3\dalle3\202311011943129901ca391019566e\38c8ca7d7a460d31c0fb0e193eb5c7c3.jpg,1,ai,jpeg_q50,0.505829,1,1
data\wildfake\Images\Diffusion_based\DALLE\DALLE\Advanced\DALLE3\dalle3\202311011943129901ca391019566e\38f214c0c4d5c60a5b0b840e4610e732.jpg,1,ai,jpeg_q50,0.999596,1,1
data\wildfake\Images\Diffusion_based\DALLE\DALLE\Advanced\DALLE3\dalle3\202311011943129901ca391019566e\38f5cccc275617ac70b46ae61e056705.jpg,1,ai,jpeg_q50,0.926580,1,1
data\wildfake\Images\Diffusion_based\DALLE\DALLE\Advanced\DALLE3\dalle3\202311011943129901ca391019566e\38f6c2b66f8996d1fb290ca05478de78.jpg,1,ai,jpeg_q50,0.998084,1,1
data\wildfake\Images\Diffusion_based\DALLE\DALLE\Advanced\DALLE3\dalle3\202311011943129901ca391019566e\390fe2eb24f7ca85914fdf1650680eca.jpg,1,ai,jpeg_q50,0.890098,1,1
data\wildfake\Images\Diffusion_based\DALLE\DALLE\Advanced\DALLE3\dalle3\202311011943129901ca391019566e\3914e2460ff7bf8d6f484b8cae774763.jpg,1,ai,jpeg_q50,0.995547,1,1
data\wildfake\Images\Diffusion_based\DALLE\DALLE\Advanced\DALLE3\dalle3\202311011943129901ca391019566e\395d41cab76033ade5ce709902966d80.jpg,1,ai,jpeg_q50,0.966750,1,1
data\wildfake\Images\Diffusion_based\DALLE\DALLE\Advanced\DALLE3\dalle3\202311011943129901ca391019566e\39671b268029c7b57bd9dc6cad1bc226.jpg,1,ai,jpeg_q50,0.981067,1,1
data\wildfake\Images\Diffusion_based\DALLE\DALLE\Advanced\DALLE3\dalle3\202311011943129901ca391019566e\39852ffc62bfb82b263bde310e49fb5b.jpg,1,ai,jpeg_q50,0.989208,1,1
data\wildfake\Images\Diffusion_based\DALLE\DALLE\Advanced\DALLE3\dalle3\202311011943129901ca391019566e\3995b44c45a65eff48af5844a3dd7eb4.jpg,1,ai,jpeg_q50,0.864799,1,1
data\wildfake\Images\Diffusion_based\DALLE\DALLE\Advanced\DALLE3\dalle3\202311011943129901ca391019566e\39c5599932c5cf0f986a57e56650e2b1.jpg,1,ai,jpeg_q50,0.994540,1,1
data\wildfake\Images\Diffusion_based\DALLE\DALLE\Advanced\DALLE3\dalle3\202311011943129901ca391019566e\39dd246d67876f64439a1ef3b64abea6.jpg,1,ai,jpeg_q50,0.975144,1,1
data\wildfake\Images\Diffusion_based\DALLE\DALLE\Advanced\DALLE3\dalle3\202311011943129901ca391019566e\3a1cca493657f2cae4d9c5b669ac3b8d.jpg,1,ai,jpeg_q50,0.867741,1,1
data\wildfake\Images\Diffusion_based\DALLE\DALLE\Advanced\DALLE3\dalle3\202311011943129901ca391019566e\3a678c2ff8d981f9530ef47cae8e0a5f.jpg,1,ai,jpeg_q50,0.981444,1,1
data\wildfake\Images\Diffusion_based\DALLE\DALLE\Advanced\DALLE3\dalle3\202311011943129901ca391019566e\3a6ec4011b57139049bb5ae19ba76de4.jpg,1,ai,jpeg_q50,0.965920,1,1
data\wildfake\Images\Diffusion_based\DALLE\DALLE\Advanced\DALLE3\dalle3\202311011943129901ca391019566e\3a6f3b2ac6534adbf161555ce195deeb.jpg,1,ai,jpeg_q50,0.992729,1,1
data\wildfake\Images\Diffusion_based\DALLE\DALLE\Advanced\DALLE3\dalle3\202311011943129901ca391019566e\3a749895fdda9376f4e95572c38374ab.jpg,1,ai,jpeg_q50,0.990051,1,1
data\wildfake\Images\Diffusion_based\DALLE\DALLE\Advanced\DALLE3\dalle3\202311011943129901ca391019566e\3aad6698fbc26fc01a59e290951e07cb.jpg,1,ai,jpeg_q50,0.981049,1,1
data\wildfake\Images\Diffusion_based\DALLE\DALLE\Advanced\DALLE3\dalle3\202311011943129901ca391019566e\3ab373823ee114d2979bf2c3f275c380.jpg,1,ai,jpeg_q50,0.978729,1,1
data\wildfake\Images\Diffusion_based\DALLE\DALLE\Advanced\DALLE3\dalle3\202311011943129901ca391019566e\3b0be3dfc43c47054bf071850e742f9b.jpg,1,ai,jpeg_q50,0.906374,1,1
data\wildfake\Images\Diffusion_based\DALLE\DALLE\Advanced\DALLE3\dalle3\202311011943129901ca391019566e\3b132796458fc3b6cd2162510794b59e.jpg,1,ai,jpeg_q50,0.997221,1,1
data\wildfake\Images\Diffusion_based\DALLE\DALLE\Advanced\DALLE3\dalle3\202311011943129901ca391019566e\3b14c85af39111933970882d7bd5c9b5.jpg,1,ai,jpeg_q50,0.928332,1,1
data\wildfake\Images\Diffusion_based\DALLE\DALLE\Advanced\DALLE3\dalle3\202311011943129901ca391019566e\3b3f9a48d4312ff83d519f1df9cde44f.jpg,1,ai,jpeg_q50,0.998465,1,1
data\wildfake\Images\Diffusion_based\DALLE\DALLE\Advanced\DALLE3\dalle3\202311011943129901ca391019566e\3b6ece90deb1a40e7d4b737fb82dfa2e.jpg,1,ai,jpeg_q50,0.967397,1,1
data\wildfake\Images\Diffusion_based\DALLE\DALLE\Advanced\DALLE3\dalle3\202311011943129901ca391019566e\3b9caba8af9d9f83413cf371536715d2.jpg,1,ai,jpeg_q50,0.976215,1,1
data\wildfake\Images\Diffusion_based\DALLE\DALLE\Advanced\DALLE3\dalle3\202311011943129901ca391019566e\3ba59b679202a365b18a667c1dec96cf.jpg,1,ai,jpeg_q50,0.868501,1,1
data\wildfake\Images\Diffusion_based\DALLE\DALLE\Advanced\DALLE3\dalle3\202311011943129901ca391019566e\3bebba80c4fddc74bc418defa70fd893.jpg,1,ai,jpeg_q50,0.997507,1,1
data\wildfake\Images\Diffusion_based\DALLE\DALLE\Advanced\DALLE3\dalle3\202311011943129901ca391019566e\3c589aa7fd4a6705f1fd7918daf4ffb9.jpg,1,ai,jpeg_q50,0.790767,1,1
data\wildfake\Images\Diffusion_based\DALLE\DALLE\Advanced\DALLE3\dalle3\202311011943129901ca391019566e\3c6015025452c1f6c0e4d56b5c87e8be.jpg,1,ai,jpeg_q50,0.983816,1,1
data\wildfake\Images\Diffusion_based\DALLE\DALLE\Advanced\DALLE3\dalle3\202311011943129901ca391019566e\3c608723c7bc2b41470ea8293ef7e629.jpg,1,ai,jpeg_q50,0.967896,1,1
data\wildfake\Images\Diffusion_based\DALLE\DALLE\Advanced\DALLE3\dalle3\202311011943129901ca391019566e\3c98a1ae30b530d8b631072172132a7c.jpg,1,ai,jpeg_q50,0.939024,1,1
data\wildfake\Images\Diffusion_based\DALLE\DALLE\Advanced\DALLE3\dalle3\202311011943129901ca391019566e\3d15ba5566ec4985c59f1fd8d41155eb.jpg,1,ai,jpeg_q50,0.873395,1,1
data\wildfake\Images\Diffusion_based\DALLE\DALLE\Advanced\DALLE3\dalle3\202311011943129901ca391019566e\3d2f602326c6a4b0dafba72660022ec9.jpg,1,ai,jpeg_q50,0.998641,1,1
data\wildfake\Images\Diffusion_based\DALLE\DALLE\Advanced\DALLE3\dalle3\202311011943129901ca391019566e\3d3294354d344fd190dbb0ddd868e82c.jpg,1,ai,jpeg_q50,0.977548,1,1
data\wildfake\Images\Diffusion_based\DALLE\DALLE\Advanced\DALLE3\dalle3\202311011943129901ca391019566e\3d3ae692b6ab680c51483072bf14d79d.jpg,1,ai,jpeg_q50,0.486300,0,0
data\wildfake\Images\Diffusion_based\DALLE\DALLE\Advanced\DALLE3\dalle3\202311011943129901ca391019566e\3d45830dd719ca2a08a1afe31dbd68d1.jpg,1,ai,jpeg_q50,0.984714,1,1
data\wildfake\Images\Diffusion_based\DALLE\DALLE\Advanced\DALLE3\dalle3\202311011943129901ca391019566e\3e7512f7b39cb375dca034c813076ff7.jpg,1,ai,jpeg_q50,0.564183,1,1
data\wildfake\Images\Diffusion_based\DALLE\DALLE\Advanced\DALLE3\dalle3\202311011943129901ca391019566e\3e90439cf6e6ca89a9707268e52dda1e.jpg,1,ai,jpeg_q50,0.940127,1,1
data\wildfake\Images\Diffusion_based\DALLE\DALLE\Advanced\DALLE3\dalle3\202311011943129901ca391019566e\3ea41e7bbbe2c2b9b7f6a61ddf1f2ecd.jpg,1,ai,jpeg_q50,0.992791,1,1
data\wildfake\Images\Diffusion_based\DALLE\DALLE\Advanced\DALLE3\dalle3\202311011943129901ca391019566e\3eba96dcd8633705c1164514f8c04d4d.jpg,1,ai,jpeg_q50,0.934487,1,1
data\wildfake\Images\Diffusion_based\DALLE\DALLE\Advanced\DALLE3\dalle3\202311011943129901ca391019566e\3ec893f6ed98345d544139252b5c35a8.jpg,1,ai,jpeg_q50,0.999237,1,1
data\wildfake\Images\Diffusion_based\DALLE\DALLE\Advanced\DALLE3\dalle3\202311011943129901ca391019566e\3edefece12fca8c44388b6abe6bfc46d.jpg,1,ai,jpeg_q50,0.675227,1,1
data\wildfake\Images\Diffusion_based\DALLE\DALLE\Advanced\DALLE3\dalle3\202311011943129901ca391019566e\3f26607f332483551b724f82a14d800b.jpg,1,ai,jpeg_q50,0.997057,1,1
data\wildfake\Images\Diffusion_based\DALLE\DALLE\Advanced\DALLE3\dalle3\202311011943129901ca391019566e\3f2ff704b294e08c4a1f6ffcf8631b1c.jpg,1,ai,jpeg_q50,0.995721,1,1
data\wildfake\Images\Diffusion_based\DALLE\DALLE\Advanced\DALLE3\dalle3\202311011943129901ca391019566e\3f5ab657b89e15194a92fcd771378c0c.jpg,1,ai,jpeg_q50,0.668872,1,1
data\wildfake\Images\Diffusion_based\DALLE\DALLE\Advanced\DALLE3\dalle3\202311011943129901ca391019566e\3fee7ce7157ed337574b8f427512735e.jpg,1,ai,jpeg_q50,0.948486,1,1
data\wildfake\Images\Diffusion_based\DALLE\DALLE\Advanced\DALLE3\dalle3\202311011943129901ca391019566e\3ffc69b38bceeb3e1a0c33b3a1b430ed.jpg,1,ai,jpeg_q50,0.969248,1,1
data\wildfake\Images\Diffusion_based\DALLE\DALLE\Advanced\DALLE3\dalle3\202311011943129901ca391019566e\40102e461d3bad344077ce2cca755963.jpg,1,ai,jpeg_q50,0.982549,1,1
data\wildfake\Images\Diffusion_based\DALLE\DALLE\Advanced\DALLE3\dalle3\202311011943129901ca391019566e\402749b3ece18c65dd53d0904af2a040.jpg,1,ai,jpeg_q50,0.676438,1,1
data\wildfake\Images\Diffusion_based\DALLE\DALLE\Advanced\DALLE3\dalle3\202311011943129901ca391019566e\402bdb5e6e3e7b9637ca2dd93424cd84.jpg,1,ai,jpeg_q50,0.139266,0,0
data\wildfake\Images\Diffusion_based\DALLE\DALLE\Advanced\DALLE3\dalle3\202311011943129901ca391019566e\402d798fb9f40c7d03bc5ec8a1fd8c22.jpg,1,ai,jpeg_q50,0.802624,1,1
data\wildfake\Images\Diffusion_based\DALLE\DALLE\Advanced\DALLE3\dalle3\202311011943129901ca391019566e\403ae67747cf6731576c84bac47ec145.jpg,1,ai,jpeg_q50,0.541985,1,1
data\wildfake\Images\Diffusion_based\DALLE\DALLE\Advanced\DALLE3\dalle3\202311011943129901ca391019566e\404a76fa81908c93516f0cc87cf0412d.jpg,1,ai,jpeg_q50,0.996836,1,1
data\wildfake\Images\Diffusion_based\DALLE\DALLE\Advanced\DALLE3\dalle3\202311011943129901ca391019566e\405e870a483b1244e2168dc318615c36.jpg,1,ai,jpeg_q50,0.994190,1,1
data\wildfake\Images\Diffusion_based\DALLE\DALLE\Advanced\DALLE3\dalle3\202311011943129901ca391019566e\4073879d8d10986f5f75a1c525a1a9f3.jpg,1,ai,jpeg_q50,0.997648,1,1
data\wildfake\Images\Diffusion_based\DALLE\DALLE\Advanced\DALLE3\dalle3\202311011943129901ca391019566e\4088de68f2905b1a84718bc6e57274c0.jpg,1,ai,jpeg_q50,0.994616,1,1
data\wildfake\Images\Diffusion_based\DALLE\DALLE\Advanced\DALLE3\dalle3\202311011943129901ca391019566e\408a2aa7576f9951cf9c458ce273ce74.jpg,1,ai,jpeg_q50,0.720927,1,1
data\wildfake\Images\Diffusion_based\DALLE\DALLE\Advanced\DALLE3\dalle3\202311011943129901ca391019566e\40ae90424bc188ad34574d8aa0b4e086.jpg,1,ai,jpeg_q50,0.954918,1,1
data\wildfake\Images\Diffusion_based\DALLE\DALLE\Advanced\DALLE3\dalle3\202311011943129901ca391019566e\40f4ce4fad593a5c49a3349e0436ce83.jpg,1,ai,jpeg_q50,0.628003,1,1
data\wildfake\Images\Diffusion_based\DALLE\DALLE\Advanced\DALLE3\dalle3\202311011943129901ca391019566e\41135f4abafca56efa0b16af52c3a91f.jpg,1,ai,jpeg_q50,0.684731,1,1
data\wildfake\Images\Diffusion_based\DALLE\DALLE\Advanced\DALLE3\dalle3\202311011943129901ca391019566e\411a10080c3fa05d5ff2eb26b4fd67c9.jpg,1,ai,jpeg_q50,0.994116,1,1
data\wildfake\Images\Diffusion_based\DALLE\DALLE\Advanced\DALLE3\dalle3\202311011943129901ca391019566e\41358f2fb91eb855899dc282e79419ce.jpg,1,ai,jpeg_q50,0.998820,1,1
data\wildfake\Images\Diffusion_based\DALLE\DALLE\Advanced\DALLE3\dalle3\202311011943129901ca391019566e\416dfa034acc070dbfcfa04d8d997b1b.jpg,1,ai,jpeg_q50,0.994553,1,1
data\wildfake\Images\Diffusion_based\DALLE\DALLE\Advanced\DALLE3\dalle3\202311011943129901ca391019566e\41a8a6bba5aae41f604e25548144ec61.jpg,1,ai,jpeg_q50,0.999345,1,1
data\wildfake\Images\Diffusion_based\DALLE\DALLE\Advanced\DALLE3\dalle3\202311011943129901ca391019566e\41b7abbdc3a9ba445acd08488f15653d.jpg,1,ai,jpeg_q50,0.841807,1,1
data\wildfake\Images\Diffusion_based\DALLE\DALLE\Advanced\DALLE3\dalle3\202311011943129901ca391019566e\41da469d28d6635377588301fe982446.jpg,1,ai,jpeg_q50,0.231934,0,0
data\wildfake\Images\Diffusion_based\DALLE\DALLE\Advanced\DALLE3\dalle3\202311011943129901ca391019566e\421e515a0e88c109caa58bcf4086c2d3.jpg,1,ai,jpeg_q50,0.995589,1,1
data\wildfake\Images\Diffusion_based\DALLE\DALLE\Advanced\DALLE3\dalle3\202311011943129901ca391019566e\426969be76f72756fdf5b97c8fc5b515.jpg,1,ai,jpeg_q50,0.796393,1,1
data\wildfake\Images\Diffusion_based\DALLE\DALLE\Advanced\DALLE3\dalle3\202311011943129901ca391019566e\42808100cba46229d2270ede83a8d021.jpg,1,ai,jpeg_q50,0.960976,1,1
data\wildfake\Images\Diffusion_based\DALLE\DALLE\Advanced\DALLE3\dalle3\202311011943129901ca391019566e\42cd948e772dc76afbd347543eba04e4.jpg,1,ai,jpeg_q50,0.998944,1,1
data\wildfake\Images\Diffusion_based\DALLE\DALLE\Advanced\DALLE3\dalle3\202311011943129901ca391019566e\43024062edb87b3301305cd2f382ecf7.jpg,1,ai,jpeg_q50,0.997748,1,1
data\wildfake\Images\Diffusion_based\DALLE\DALLE\Advanced\DALLE3\dalle3\202311011943129901ca391019566e\4319a10fded8829476dda68c05566a05.jpg,1,ai,jpeg_q50,0.937242,1,1
data\wildfake\Images\Diffusion_based\DALLE\DALLE\Advanced\DALLE3\dalle3\202311011943129901ca391019566e\431d0170d25d728ab50fe9125cf3b146.jpg,1,ai,jpeg_q50,0.983417,1,1
data\wildfake\Images\Diffusion_based\DALLE\DALLE\Advanced\DALLE3\dalle3\202311011943129901ca391019566e\43575994134d8aa86fc10243bdb3b09c.jpg,1,ai,jpeg_q50,0.280867,0,0
data\wildfake\Images\Diffusion_based\DALLE\DALLE\Advanced\DALLE3\dalle3\202311011943129901ca391019566e\439923d8fe5004248b8140e82aa4fcba.jpg,1,ai,jpeg_q50,0.913961,1,1
data\wildfake\Images\Diffusion_based\DALLE\DALLE\Advanced\DALLE3\dalle3\202311011943129901ca391019566e\43dd08d60d23d01b89c4d9768cde59b2.jpg,1,ai,jpeg_q50,0.987218,1,1
data\wildfake\Images\Diffusion_based\DALLE\DALLE\Advanced\DALLE3\dalle3\202311011943129901ca391019566e\441812da5113fd0c4645574cbc9ab9ad.jpg,1,ai,jpeg_q50,0.904978,1,1
data\wildfake\Images\Diffusion_based\DALLE\DALLE\Advanced\DALLE3\dalle3\202311011943129901ca391019566e\441e49e90b00ca7a7b71c9f292531acb.jpg,1,ai,jpeg_q50,0.985788,1,1
data\wildfake\Images\Diffusion_based\DALLE\DALLE\Advanced\DALLE3\dalle3\202311011943129901ca391019566e\4436418c3026e0e299f03bbb39095760.jpg,1,ai,jpeg_q50,0.935684,1,1
data\wildfake\Images\Diffusion_based\DALLE\DALLE\Advanced\DALLE3\dalle3\202311011943129901ca391019566e\443d50e1cb5add625e596c43e015507b.jpg,1,ai,jpeg_q50,0.997786,1,1
data\wildfake\Images\Diffusion_based\DALLE\DALLE\Advanced\DALLE3\dalle3\202311011943129901ca391019566e\44545c360b39210bb44518c5b2443e49.jpg,1,ai,jpeg_q50,0.998058,1,1
data\wildfake\Images\Diffusion_based\DALLE\DALLE\Advanced\DALLE3\dalle3\202311011943129901ca391019566e\44859a46c923205dffb37e029996a334.jpg,1,ai,jpeg_q50,0.998704,1,1
data\wildfake\Images\Diffusion_based\DALLE\DALLE\Advanced\DALLE3\dalle3\202311011943129901ca391019566e\4492384edaf145b93ceb269a54af2a97.jpg,1,ai,jpeg_q50,0.975249,1,1
data\wildfake\Images\Diffusion_based\DALLE\DALLE\Advanced\DALLE3\dalle3\202311011943129901ca391019566e\44961d6790a07bd7e0a2d2f9fe9b7f79.jpg,1,ai,jpeg_q50,0.726693,1,1
data\wildfake\Images\Diffusion_based\DALLE\DALLE\Advanced\DALLE3\dalle3\202311011943129901ca391019566e\44a5d446b7c18d5a57bc71141cd2aa45.jpg,1,ai,jpeg_q50,0.967934,1,1
data\wildfake\Images\Diffusion_based\DALLE\DALLE\Advanced\DALLE3\dalle3\202311011943129901ca391019566e\44f76fdbb8949da7bf5b6610814449ff.jpg,1,ai,jpeg_q50,0.998810,1,1
data\wildfake\Images\Diffusion_based\DALLE\DALLE\Advanced\DALLE3\dalle3\202311011943129901ca391019566e\44f7e1e7f6ef306935bce078f1b1a864.jpg,1,ai,jpeg_q50,0.768624,1,1
data\wildfake\Images\Diffusion_based\DALLE\DALLE\Advanced\DALLE3\dalle3\202311011943129901ca391019566e\45027d028f70e6adf658df5b8c7371cc.jpg,1,ai,jpeg_q50,0.963165,1,1
data\wildfake\Images\Diffusion_based\DALLE\DALLE\Advanced\DALLE3\dalle3\202311011943129901ca391019566e\452a2d250bb9a97675c38f25848e7757.jpg,1,ai,jpeg_q50,0.997279,1,1
data\wildfake\Images\Diffusion_based\DALLE\DALLE\Advanced\DALLE3\dalle3\202311011943129901ca391019566e\4588355873bd3ce542152b826bfaf6f7.jpg,1,ai,jpeg_q50,0.999303,1,1
data\wildfake\Images\Diffusion_based\DALLE\DALLE\Advanced\DALLE3\dalle3\202311011943129901ca391019566e\45d5e8397ec19935f3c5c76ee3dd5b73.jpg,1,ai,jpeg_q50,0.693917,1,1
data\wildfake\Images\Diffusion_based\DALLE\DALLE\Advanced\DALLE3\dalle3\202311011943129901ca391019566e\4625d58a5065c18397937e6d4b09ccbb.jpg,1,ai,jpeg_q50,0.988137,1,1
data\wildfake\Images\Diffusion_based\DALLE\DALLE\Advanced\DALLE3\dalle3\202311011943129901ca391019566e\4636469c4254183625aab9204e882711.jpg,1,ai,jpeg_q50,0.715986,1,1
data\wildfake\Images\Diffusion_based\DALLE\DALLE\Advanced\DALLE3\dalle3\202311011943129901ca391019566e\468637d99ed33a9b5b9d7640b838ca4f.jpg,1,ai,jpeg_q50,0.985555,1,1
data\wildfake\Images\Diffusion_based\DALLE\DALLE\Advanced\DALLE3\dalle3\202311011943129901ca391019566e\46d3499859242bab9aa57a95542152d8.jpg,1,ai,jpeg_q50,0.896675,1,1
data\wildfake\Images\Diffusion_based\DALLE\DALLE\Advanced\DALLE3\dalle3\202311011943129901ca391019566e\46fe0f44f11d3c00aa8a9c02b75e2b3e.jpg,1,ai,jpeg_q50,0.931685,1,1
data\wildfake\Images\Diffusion_based\DALLE\DALLE\Advanced\DALLE3\dalle3\202311011943129901ca391019566e\471f24c0c0ffe8e35263e00831608713.jpg,1,ai,jpeg_q50,0.977834,1,1
data\wildfake\Images\Diffusion_based\DALLE\DALLE\Advanced\DALLE3\dalle3\202311011943129901ca391019566e\4725f73f1c1513ffa9e8091490752584.jpg,1,ai,jpeg_q50,0.983412,1,1
data\wildfake\Images\Diffusion_based\DALLE\DALLE\Advanced\DALLE3\dalle3\202311011943129901ca391019566e\4739760d65f803aa6f795729dac44a4b.jpg,1,ai,jpeg_q50,0.347802,0,0
data\wildfake\Images\Diffusion_based\DALLE\DALLE\Advanced\DALLE3\dalle3\202311011943129901ca391019566e\473d9358cd5dadc9d059ae6f23615a08.jpg,1,ai,jpeg_q50,0.962821,1,1
data\wildfake\Images\Diffusion_based\DALLE\DALLE\Advanced\DALLE3\dalle3\202311011943129901ca391019566e\4743b32a5d208525dbafb06458250227.jpg,1,ai,jpeg_q50,0.988411,1,1
data\wildfake\Images\Diffusion_based\DALLE\DALLE\Advanced\DALLE3\dalle3\202311011943129901ca391019566e\4749cf6a0429c68331a21c86c869019c.jpg,1,ai,jpeg_q50,0.969855,1,1
data\wildfake\Images\Diffusion_based\DALLE\DALLE\Advanced\DALLE3\dalle3\202311011943129901ca391019566e\47b230943a7ccf459bac499a167e88c0.jpg,1,ai,jpeg_q50,0.998513,1,1
data\wildfake\Images\Diffusion_based\DALLE\DALLE\Advanced\DALLE3\dalle3\202311011943129901ca391019566e\47ff752ab1f760ac9ccea6fb1a8bdbc2.jpg,1,ai,jpeg_q50,0.987198,1,1
data\wildfake\Images\Diffusion_based\DALLE\DALLE\Advanced\DALLE3\dalle3\202311011943129901ca391019566e\4812e523deb1c1a89285838496713e71.jpg,1,ai,jpeg_q50,0.981513,1,1
data\wildfake\Images\Diffusion_based\DALLE\DALLE\Advanced\DALLE3\dalle3\202311011943129901ca391019566e\48385b32de03a857b551da9c5d167383.jpg,1,ai,jpeg_q50,0.999289,1,1
data\wildfake\Images\Diffusion_based\DALLE\DALLE\Advanced\DALLE3\dalle3\202311011943129901ca391019566e\48390d6dbfa181447942bcb9299d3a65.jpg,1,ai,jpeg_q50,0.980111,1,1
data\wildfake\Images\Diffusion_based\DALLE\DALLE\Advanced\DALLE3\dalle3\202311011943129901ca391019566e\4844bd6f619763f36d8812e2b943708f.jpg,1,ai,jpeg_q50,0.859810,1,1
data\wildfake\Images\Diffusion_based\DALLE\DALLE\Advanced\DALLE3\dalle3\202311011943129901ca391019566e\48463159e1f209a28723c6f44b1f8bcb.jpg,1,ai,jpeg_q50,0.979278,1,1
data\wildfake\Images\Diffusion_based\DALLE\DALLE\Advanced\DALLE3\dalle3\202311011943129901ca391019566e\485c1d97310769e4ced3957775c6fbb4.jpg,1,ai,jpeg_q50,0.986483,1,1
data\wildfake\Images\Diffusion_based\DALLE\DALLE\Advanced\DALLE3\dalle3\202311011943129901ca391019566e\486f4badafd391ff2b9d4d159f270f20.jpg,1,ai,jpeg_q50,0.995141,1,1
data\wildfake\Images\Diffusion_based\DALLE\DALLE\Advanced\DALLE3\dalle3\202311011943129901ca391019566e\4875f2a6256c57e8e60e58000fa686c4.jpg,1,ai,jpeg_q50,0.994341,1,1
data\wildfake\Images\Diffusion_based\DALLE\DALLE\Advanced\DALLE3\dalle3\202311011943129901ca391019566e\487ec128dae98d0dbcc86a301dd91482.jpg,1,ai,jpeg_q50,0.982155,1,1
data\wildfake\Images\Diffusion_based\DALLE\DALLE\Advanced\DALLE3\dalle3\202311011943129901ca391019566e\489d6dee73070f3ffa1276cd0e145d55.jpg,1,ai,jpeg_q50,0.976954,1,1
data\wildfake\Images\Diffusion_based\DALLE\DALLE\Advanced\DALLE3\dalle3\202311011943129901ca391019566e\4922164150386e68fdcb8f067019ba8d.jpg,1,ai,jpeg_q50,0.989419,1,1
data\wildfake\Images\Diffusion_based\DALLE\DALLE\Advanced\DALLE3\dalle3\202311011943129901ca391019566e\49720c883fed478e35d0825d2a020a1d.jpg,1,ai,jpeg_q50,0.652039,1,1
data\wildfake\Images\Diffusion_based\DALLE\DALLE\Advanced\DALLE3\dalle3\202311011943129901ca391019566e\497329311ca13f4404649da7530d4f64.jpg,1,ai,jpeg_q50,0.992133,1,1
data\wildfake\Images\Diffusion_based\DALLE\DALLE\Advanced\DALLE3\dalle3\202311011943129901ca391019566e\49927870fa1f1c4817e3a6bec7d04771.jpg,1,ai,jpeg_q50,0.991931,1,1
data\wildfake\Images\Diffusion_based\DALLE\DALLE\Advanced\DALLE3\dalle3\202311011943129901ca391019566e\49c2dae00eeb27965c3e865f02e3a199.jpg,1,ai,jpeg_q50,0.968938,1,1
data\wildfake\Images\Diffusion_based\DALLE\DALLE\Advanced\DALLE3\dalle3\202311011943129901ca391019566e\49d3a17968d4bca49d38f5de54526dbb.jpg,1,ai,jpeg_q50,0.946140,1,1
data\wildfake\Images\Diffusion_based\DALLE\DALLE\Advanced\DALLE3\dalle3\202311011943129901ca391019566e\49e3e03c351579d3865dbe865e358b52.jpg,1,ai,jpeg_q50,0.984982,1,1
data\wildfake\Images\Diffusion_based\DALLE\DALLE\Advanced\DALLE3\dalle3\202311011943129901ca391019566e\49e968922c315f200a29400adfd63524.jpg,1,ai,jpeg_q50,0.945749,1,1
data\wildfake\Images\Diffusion_based\DALLE\DALLE\Advanced\DALLE3\dalle3\202311011943129901ca391019566e\4a5d2f38b2c0fca78828adf9d6f6296c.jpg,1,ai,jpeg_q50,0.985313,1,1
data\wildfake\Images\Diffusion_based\DALLE\DALLE\Advanced\DALLE3\dalle3\202311011943129901ca391019566e\4aac29808ad56a671c1da2f831c31392.jpg,1,ai,jpeg_q50,0.913936,1,1
data\wildfake\Images\Diffusion_based\DALLE\DALLE\Advanced\DALLE3\dalle3\202311011943129901ca391019566e\4ae5c1e57cfdce9c4be7cb9165abfe15.jpg,1,ai,jpeg_q50,0.910037,1,1
data\wildfake\Images\Diffusion_based\DALLE\DALLE\Advanced\DALLE3\dalle3\202311011943129901ca391019566e\4b09a0d86cc237d7a7fa0e5453e4f9a1.jpg,1,ai,jpeg_q50,0.999722,1,1
data\wildfake\Images\Diffusion_based\DALLE\DALLE\Advanced\DALLE3\dalle3\202311011943129901ca391019566e\4b1f6c9c7d65f8a324414b323cada82c.jpg,1,ai,jpeg_q50,0.982250,1,1
data\wildfake\Images\Diffusion_based\DALLE\DALLE\Advanced\DALLE3\dalle3\202311011943129901ca391019566e\4b2179fe5a391d088197e56df4d86d5e.jpg,1,ai,jpeg_q50,0.961806,1,1
data\wildfake\Images\Diffusion_based\DALLE\DALLE\Advanced\DALLE3\dalle3\202311011943129901ca391019566e\4b280ed6aaccc8460f2ce8134b5aa226.jpg,1,ai,jpeg_q50,0.467189,0,0
data\wildfake\Images\Diffusion_based\DALLE\DALLE\Advanced\DALLE3\dalle3\202311011943129901ca391019566e\4b580e592324ddcef9a4665122cfa3ff.jpg,1,ai,jpeg_q50,0.797430,1,1
data\wildfake\Images\Diffusion_based\DALLE\DALLE\Advanced\DALLE3\dalle3\202311011943129901ca391019566e\4b83dccbdb1c2fd84b80b1ddbdcac2e6.jpg,1,ai,jpeg_q50,0.280529,0,0
data\wildfake\Images\Diffusion_based\DALLE\DALLE\Advanced\DALLE3\dalle3\202311011943129901ca391019566e\4bccbe67ae688eed37405074a92c79ad.jpg,1,ai,jpeg_q50,0.935294,1,1
data\wildfake\Images\Diffusion_based\DALLE\DALLE\Advanced\DALLE3\dalle3\202311011943129901ca391019566e\4c0562860dc1056633db43557e06bff3.jpg,1,ai,jpeg_q50,0.949518,1,1
data\wildfake\Images\Diffusion_based\DALLE\DALLE\Advanced\DALLE3\dalle3\202311011943129901ca391019566e\4c252a942df979698399d534efdca9a1.jpg,1,ai,jpeg_q50,0.979650,1,1
data\val\real\000000000139.jpg,0,real,jpeg_q30,0.644437,1,0
data\val\real\000000000285.jpg,0,real,jpeg_q30,0.094255,0,1
data\val\real\000000000632.jpg,0,real,jpeg_q30,0.383201,0,1
data\val\real\000000000724.jpg,0,real,jpeg_q30,0.187734,0,1
data\val\real\000000000776.jpg,0,real,jpeg_q30,0.133003,0,1
data\val\real\000000000785.jpg,0,real,jpeg_q30,0.645777,1,0
data\val\real\000000000802.jpg,0,real,jpeg_q30,0.043791,0,1
data\val\real\000000000872.jpg,0,real,jpeg_q30,0.067110,0,1
data\val\real\000000000885.jpg,0,real,jpeg_q30,0.294348,0,1
data\val\real\000000001000.jpg,0,real,jpeg_q30,0.035692,0,1
data\val\real\000000001268.jpg,0,real,jpeg_q30,0.089520,0,1
data\val\real\000000001296.jpg,0,real,jpeg_q30,0.072290,0,1
data\val\real\000000001353.jpg,0,real,jpeg_q30,0.010841,0,1
data\val\real\000000001425.jpg,0,real,jpeg_q30,0.418846,0,1
data\val\real\000000001490.jpg,0,real,jpeg_q30,0.391562,0,1
data\val\real\000000001503.jpg,0,real,jpeg_q30,0.278544,0,1
data\val\real\000000001532.jpg,0,real,jpeg_q30,0.077127,0,1
data\val\real\000000001584.jpg,0,real,jpeg_q30,0.795112,1,0
data\val\real\000000001675.jpg,0,real,jpeg_q30,0.056093,0,1
data\val\real\000000001761.jpg,0,real,jpeg_q30,0.037646,0,1
data\val\real\000000001818.jpg,0,real,jpeg_q30,0.287205,0,1
data\val\real\000000001993.jpg,0,real,jpeg_q30,0.072628,0,1
data\val\real\000000002006.jpg,0,real,jpeg_q30,0.144029,0,1
data\val\real\000000002149.jpg,0,real,jpeg_q30,0.462858,0,1
data\val\real\000000002153.jpg,0,real,jpeg_q30,0.035779,0,1
data\val\real\000000002157.jpg,0,real,jpeg_q30,0.432549,0,1
data\val\real\000000002261.jpg,0,real,jpeg_q30,0.037855,0,1
data\val\real\000000002299.jpg,0,real,jpeg_q30,0.211474,0,1
data\val\real\000000002431.jpg,0,real,jpeg_q30,0.024334,0,1
data\val\real\000000002473.jpg,0,real,jpeg_q30,0.443402,0,1
data\val\real\000000002532.jpg,0,real,jpeg_q30,0.051911,0,1
data\val\real\000000002587.jpg,0,real,jpeg_q30,0.083981,0,1
data\val\real\000000002592.jpg,0,real,jpeg_q30,0.058109,0,1
data\val\real\000000002685.jpg,0,real,jpeg_q30,0.007802,0,1
data\val\real\000000002923.jpg,0,real,jpeg_q30,0.024243,0,1
data\val\real\000000003156.jpg,0,real,jpeg_q30,0.647700,1,0
data\val\real\000000003255.jpg,0,real,jpeg_q30,0.487156,0,1
data\val\real\000000003501.jpg,0,real,jpeg_q30,0.205424,0,1
data\val\real\000000003553.jpg,0,real,jpeg_q30,0.154583,0,1
data\val\real\000000003661.jpg,0,real,jpeg_q30,0.027409,0,1
data\val\real\000000003845.jpg,0,real,jpeg_q30,0.235794,0,1
data\val\real\000000003934.jpg,0,real,jpeg_q30,0.000948,0,1
data\val\real\000000004134.jpg,0,real,jpeg_q30,0.004286,0,1
data\val\real\000000004395.jpg,0,real,jpeg_q30,0.015059,0,1
data\val\real\000000004495.jpg,0,real,jpeg_q30,0.021987,0,1
data\val\real\000000004765.jpg,0,real,jpeg_q30,0.316797,0,1
data\val\real\000000004795.jpg,0,real,jpeg_q30,0.008566,0,1
data\val\real\000000005001.jpg,0,real,jpeg_q30,0.033195,0,1
data\val\real\000000005037.jpg,0,real,jpeg_q30,0.387682,0,1
data\val\real\000000005060.jpg,0,real,jpeg_q30,0.070081,0,1
data\val\real\000000005193.jpg,0,real,jpeg_q30,0.008070,0,1
data\val\real\000000005477.jpg,0,real,jpeg_q30,0.324978,0,1
data\val\real\000000005503.jpg,0,real,jpeg_q30,0.091015,0,1
data\val\real\000000005529.jpg,0,real,jpeg_q30,0.216494,0,1
data\val\real\000000005586.jpg,0,real,jpeg_q30,0.045046,0,1
data\val\real\000000005600.jpg,0,real,jpeg_q30,0.023832,0,1
data\val\real\000000005992.jpg,0,real,jpeg_q30,0.089103,0,1
data\val\real\000000006012.jpg,0,real,jpeg_q30,0.236323,0,1
data\val\real\000000006040.jpg,0,real,jpeg_q30,0.322161,0,1
data\val\real\000000006213.jpg,0,real,jpeg_q30,0.054022,0,1
data\val\real\000000006460.jpg,0,real,jpeg_q30,0.218289,0,1
data\val\real\000000006471.jpg,0,real,jpeg_q30,0.098620,0,1
data\val\real\000000006614.jpg,0,real,jpeg_q30,0.088709,0,1
data\val\real\000000006723.jpg,0,real,jpeg_q30,0.035964,0,1
data\val\real\000000006763.jpg,0,real,jpeg_q30,0.000619,0,1
data\val\real\000000006771.jpg,0,real,jpeg_q30,0.037685,0,1
data\val\real\000000006818.jpg,0,real,jpeg_q30,0.036960,0,1
data\val\real\000000006894.jpg,0,real,jpeg_q30,0.233407,0,1
data\val\real\000000006954.jpg,0,real,jpeg_q30,0.232613,0,1
data\val\real\000000007088.jpg,0,real,jpeg_q30,0.024515,0,1
data\val\real\000000007108.jpg,0,real,jpeg_q30,0.169697,0,1
data\val\real\000000007278.jpg,0,real,jpeg_q30,0.307751,0,1
data\val\real\000000007281.jpg,0,real,jpeg_q30,0.077317,0,1
data\val\real\000000007386.jpg,0,real,jpeg_q30,0.036422,0,1
data\val\real\000000007511.jpg,0,real,jpeg_q30,0.046666,0,1
data\val\real\000000007574.jpg,0,real,jpeg_q30,0.033425,0,1
data\val\real\000000007784.jpg,0,real,jpeg_q30,0.356227,0,1
data\val\real\000000007795.jpg,0,real,jpeg_q30,0.406147,0,1
data\val\real\000000007816.jpg,0,real,jpeg_q30,0.010435,0,1
data\val\real\000000007818.jpg,0,real,jpeg_q30,0.430869,0,1
data\val\real\000000007888.jpg,0,real,jpeg_q30,0.731864,1,0
data\val\real\000000007977.jpg,0,real,jpeg_q30,0.325112,0,1
data\val\real\000000007991.jpg,0,real,jpeg_q30,0.082018,0,1
data\val\real\000000008021.jpg,0,real,jpeg_q30,0.017800,0,1
data\val\real\000000008211.jpg,0,real,jpeg_q30,0.241924,0,1
data\val\real\000000008277.jpg,0,real,jpeg_q30,0.166998,0,1
data\val\real\000000008532.jpg,0,real,jpeg_q30,0.119134,0,1
data\val\real\000000008629.jpg,0,real,jpeg_q30,0.133844,0,1
data\val\real\000000008690.jpg,0,real,jpeg_q30,0.007301,0,1
data\val\real\000000008762.jpg,0,real,jpeg_q30,0.123056,0,1
data\val\real\000000008844.jpg,0,real,jpeg_q30,0.276095,0,1
data\val\real\000000008899.jpg,0,real,jpeg_q30,0.171861,0,1
data\val\real\000000009378.jpg,0,real,jpeg_q30,0.118674,0,1
data\val\real\000000009400.jpg,0,real,jpeg_q30,0.006175,0,1
data\val\real\000000009448.jpg,0,real,jpeg_q30,0.049922,0,1
data\val\real\000000009483.jpg,0,real,jpeg_q30,0.025124,0,1
data\val\real\000000009590.jpg,0,real,jpeg_q30,0.105601,0,1
data\val\real\000000009769.jpg,0,real,jpeg_q30,0.186846,0,1
data\val\real\000000009772.jpg,0,real,jpeg_q30,0.105787,0,1
data\val\real\000000009891.jpg,0,real,jpeg_q30,0.008232,0,1
data\val\real\000000009914.jpg,0,real,jpeg_q30,0.135156,0,1
data\val\real\000000010092.jpg,0,real,jpeg_q30,0.105801,0,1
data\val\real\000000010363.jpg,0,real,jpeg_q30,0.012025,0,1
data\val\real\000000010583.jpg,0,real,jpeg_q30,0.084099,0,1
data\val\real\000000010707.jpg,0,real,jpeg_q30,0.004342,0,1
data\val\real\000000010764.jpg,0,real,jpeg_q30,0.123259,0,1
data\val\real\000000010977.jpg,0,real,jpeg_q30,0.043476,0,1
data\val\real\000000010995.jpg,0,real,jpeg_q30,0.041434,0,1
data\val\real\000000011051.jpg,0,real,jpeg_q30,0.012934,0,1
data\val\real\000000011122.jpg,0,real,jpeg_q30,0.065207,0,1
data\val\real\000000011149.jpg,0,real,jpeg_q30,0.003257,0,1
data\val\real\000000011197.jpg,0,real,jpeg_q30,0.083931,0,1
data\val\real\000000011511.jpg,0,real,jpeg_q30,0.070902,0,1
data\val\real\000000011615.jpg,0,real,jpeg_q30,0.219665,0,1
data\val\real\000000011699.jpg,0,real,jpeg_q30,0.063162,0,1
data\val\real\000000011760.jpg,0,real,jpeg_q30,0.378796,0,1
data\val\real\000000011813.jpg,0,real,jpeg_q30,0.043899,0,1
data\val\real\000000012062.jpg,0,real,jpeg_q30,0.050106,0,1
data\val\real\000000012120.jpg,0,real,jpeg_q30,0.133516,0,1
data\val\real\000000012280.jpg,0,real,jpeg_q30,0.537438,1,0
data\val\real\000000012576.jpg,0,real,jpeg_q30,0.212733,0,1
data\val\real\000000012639.jpg,0,real,jpeg_q30,0.236982,0,1
data\val\real\000000012667.jpg,0,real,jpeg_q30,0.383949,0,1
data\val\real\000000012670.jpg,0,real,jpeg_q30,0.060467,0,1
data\val\real\000000012748.jpg,0,real,jpeg_q30,0.225509,0,1
data\val\real\000000013004.jpg,0,real,jpeg_q30,0.333689,0,1
data\val\real\000000013177.jpg,0,real,jpeg_q30,0.041236,0,1
data\val\real\000000013201.jpg,0,real,jpeg_q30,0.196402,0,1
data\val\real\000000013291.jpg,0,real,jpeg_q30,0.455461,0,1
data\val\real\000000013348.jpg,0,real,jpeg_q30,0.185558,0,1
data\val\real\000000013546.jpg,0,real,jpeg_q30,0.018377,0,1
data\val\real\000000013597.jpg,0,real,jpeg_q30,0.533837,1,0
data\val\real\000000013659.jpg,0,real,jpeg_q30,0.007507,0,1
data\val\real\000000013729.jpg,0,real,jpeg_q30,0.019800,0,1
data\val\real\000000013774.jpg,0,real,jpeg_q30,0.823585,1,0
data\val\real\000000013923.jpg,0,real,jpeg_q30,0.068955,0,1
data\val\real\000000014007.jpg,0,real,jpeg_q30,0.142709,0,1
data\val\real\000000014038.jpg,0,real,jpeg_q30,0.648769,1,0
data\val\real\000000014226.jpg,0,real,jpeg_q30,0.454428,0,1
data\val\real\000000014380.jpg,0,real,jpeg_q30,0.119780,0,1
data\val\real\000000014439.jpg,0,real,jpeg_q30,0.086949,0,1
data\val\real\000000014473.jpg,0,real,jpeg_q30,0.311491,0,1
data\val\real\000000014831.jpg,0,real,jpeg_q30,0.003404,0,1
data\val\real\000000014888.jpg,0,real,jpeg_q30,0.098547,0,1
data\val\real\000000015079.jpg,0,real,jpeg_q30,0.064116,0,1
data\val\real\000000015254.jpg,0,real,jpeg_q30,0.157495,0,1
data\val\real\000000015272.jpg,0,real,jpeg_q30,0.176061,0,1
data\val\real\000000015278.jpg,0,real,jpeg_q30,0.295329,0,1
data\val\real\000000015335.jpg,0,real,jpeg_q30,0.007040,0,1
data\val\real\000000015338.jpg,0,real,jpeg_q30,0.058430,0,1
data\val\real\000000015440.jpg,0,real,jpeg_q30,0.745058,1,0
data\val\real\000000015497.jpg,0,real,jpeg_q30,0.009205,0,1
data\val\real\000000015517.jpg,0,real,jpeg_q30,0.021631,0,1
data\val\real\000000015597.jpg,0,real,jpeg_q30,0.013921,0,1
data\val\real\000000015660.jpg,0,real,jpeg_q30,0.271013,0,1
data\val\real\000000015746.jpg,0,real,jpeg_q30,0.296451,0,1
data\val\real\000000015751.jpg,0,real,jpeg_q30,0.018783,0,1
data\val\real\000000015956.jpg,0,real,jpeg_q30,0.023612,0,1
data\val\real\000000016010.jpg,0,real,jpeg_q30,0.008912,0,1
data\val\real\000000016228.jpg,0,real,jpeg_q30,0.246890,0,1
data\val\real\000000016249.jpg,0,real,jpeg_q30,0.030677,0,1
data\val\real\000000016439.jpg,0,real,jpeg_q30,0.310315,0,1
data\val\real\000000016451.jpg,0,real,jpeg_q30,0.194868,0,1
data\val\real\000000016502.jpg,0,real,jpeg_q30,0.217064,0,1
data\val\real\000000016598.jpg,0,real,jpeg_q30,0.006061,0,1
data\val\real\000000016958.jpg,0,real,jpeg_q30,0.027585,0,1
data\val\real\000000017029.jpg,0,real,jpeg_q30,0.184971,0,1
data\val\real\000000017031.jpg,0,real,jpeg_q30,0.401081,0,1
data\val\real\000000017115.jpg,0,real,jpeg_q30,0.478642,0,1
data\val\real\000000017178.jpg,0,real,jpeg_q30,0.583962,1,0
data\val\real\000000017182.jpg,0,real,jpeg_q30,0.258055,0,1
data\val\real\000000017207.jpg,0,real,jpeg_q30,0.063777,0,1
data\val\real\000000017379.jpg,0,real,jpeg_q30,0.378904,0,1
data\val\real\000000017436.jpg,0,real,jpeg_q30,0.056279,0,1
data\val\real\000000017627.jpg,0,real,jpeg_q30,0.005463,0,1
data\val\real\000000017714.jpg,0,real,jpeg_q30,0.369269,0,1
data\val\real\000000017899.jpg,0,real,jpeg_q30,0.018656,0,1
data\val\real\000000017905.jpg,0,real,jpeg_q30,0.005930,0,1
data\val\real\000000017959.jpg,0,real,jpeg_q30,0.282523,0,1
data\val\real\000000018150.jpg,0,real,jpeg_q30,0.081421,0,1
data\val\real\000000018193.jpg,0,real,jpeg_q30,0.008009,0,1
data\val\real\000000018380.jpg,0,real,jpeg_q30,0.123760,0,1
data\val\real\000000018491.jpg,0,real,jpeg_q30,0.053927,0,1
data\val\real\000000018519.jpg,0,real,jpeg_q30,0.527684,1,0
data\val\real\000000018575.jpg,0,real,jpeg_q30,0.060685,0,1
data\val\real\000000018737.jpg,0,real,jpeg_q30,0.041775,0,1
data\val\real\000000018770.jpg,0,real,jpeg_q30,0.053092,0,1
data\val\real\000000018833.jpg,0,real,jpeg_q30,0.375105,0,1
data\val\real\000000018837.jpg,0,real,jpeg_q30,0.115767,0,1
data\val\real\000000019042.jpg,0,real,jpeg_q30,0.062629,0,1
data\val\real\000000019109.jpg,0,real,jpeg_q30,0.184738,0,1
data\val\real\000000019221.jpg,0,real,jpeg_q30,0.023023,0,1
data\val\real\000000019402.jpg,0,real,jpeg_q30,0.005068,0,1
data\val\real\000000019432.jpg,0,real,jpeg_q30,0.085029,0,1
data\val\real\000000019742.jpg,0,real,jpeg_q30,0.032225,0,1
data\val\real\000000019786.jpg,0,real,jpeg_q30,0.007092,0,1
data\val\real\000000019924.jpg,0,real,jpeg_q30,0.580581,1,0
data\val\real\000000020059.jpg,0,real,jpeg_q30,0.110323,0,1
data\val\real\000000020107.jpg,0,real,jpeg_q30,0.032851,0,1
data\val\real\000000020247.jpg,0,real,jpeg_q30,0.201837,0,1
data\val\real\000000020333.jpg,0,real,jpeg_q30,0.206879,0,1
data\val\real\000000020553.jpg,0,real,jpeg_q30,0.045404,0,1
data\val\real\000000020571.jpg,0,real,jpeg_q30,0.266386,0,1
data\val\real\000000020992.jpg,0,real,jpeg_q30,0.123226,0,1
data\val\real\000000021167.jpg,0,real,jpeg_q30,0.002448,0,1
data\val\real\000000021465.jpg,0,real,jpeg_q30,0.005603,0,1
data\val\real\000000021503.jpg,0,real,jpeg_q30,0.018487,0,1
data\val\real\000000021604.jpg,0,real,jpeg_q30,0.948879,1,0
data\val\real\000000021839.jpg,0,real,jpeg_q30,0.009407,0,1
data\val\real\000000021879.jpg,0,real,jpeg_q30,0.105585,0,1
data\val\real\000000021903.jpg,0,real,jpeg_q30,0.440759,0,1
data\val\real\000000022192.jpg,0,real,jpeg_q30,0.047621,0,1
data\val\real\000000022371.jpg,0,real,jpeg_q30,0.851556,1,0
data\val\real\000000022396.jpg,0,real,jpeg_q30,0.330931,0,1
data\val\real\000000022479.jpg,0,real,jpeg_q30,0.071763,0,1
data\val\real\000000022589.jpg,0,real,jpeg_q30,0.028986,0,1
data\val\real\000000022623.jpg,0,real,jpeg_q30,0.378632,0,1
data\val\real\000000022705.jpg,0,real,jpeg_q30,0.010567,0,1
data\val\real\000000022755.jpg,0,real,jpeg_q30,0.085582,0,1
data\val\real\000000022892.jpg,0,real,jpeg_q30,0.086314,0,1
data\val\real\000000022935.jpg,0,real,jpeg_q30,0.180844,0,1
data\val\real\000000022969.jpg,0,real,jpeg_q30,0.111783,0,1
data\val\real\000000023023.jpg,0,real,jpeg_q30,0.092224,0,1
data\val\real\000000023034.jpg,0,real,jpeg_q30,0.011105,0,1
data\val\real\000000023126.jpg,0,real,jpeg_q30,0.757881,1,0
data\val\real\000000023230.jpg,0,real,jpeg_q30,0.016804,0,1
data\val\real\000000023272.jpg,0,real,jpeg_q30,0.087765,0,1
data\val\real\000000023359.jpg,0,real,jpeg_q30,0.268211,0,1
data\val\real\000000023666.jpg,0,real,jpeg_q30,0.136976,0,1
data\val\real\000000023751.jpg,0,real,jpeg_q30,0.009580,0,1
data\val\real\000000023781.jpg,0,real,jpeg_q30,0.350432,0,1
data\val\real\000000023899.jpg,0,real,jpeg_q30,0.011351,0,1
data\val\real\000000023937.jpg,0,real,jpeg_q30,0.166968,0,1
data\val\real\000000024021.jpg,0,real,jpeg_q30,0.176832,0,1
data\val\real\000000024027.jpg,0,real,jpeg_q30,0.034150,0,1
data\val\real\000000024144.jpg,0,real,jpeg_q30,0.175596,0,1
data\val\real\000000024243.jpg,0,real,jpeg_q30,0.375245,0,1
data\val\real\000000024567.jpg,0,real,jpeg_q30,0.044354,0,1
data\val\real\000000024610.jpg,0,real,jpeg_q30,0.048640,0,1
data\val\real\000000024919.jpg,0,real,jpeg_q30,0.408145,0,1
data\val\real\000000025057.jpg,0,real,jpeg_q30,0.074193,0,1
data\val\real\000000025096.jpg,0,real,jpeg_q30,0.045574,0,1
data\val\real\000000025139.jpg,0,real,jpeg_q30,0.064061,0,1
data\val\real\000000025181.jpg,0,real,jpeg_q30,0.762446,1,0
data\val\real\000000025228.jpg,0,real,jpeg_q30,0.053169,0,1
data\val\real\000000025386.jpg,0,real,jpeg_q30,0.009782,0,1
data\val\real\000000025393.jpg,0,real,jpeg_q30,0.019709,0,1
data\val\real\000000025394.jpg,0,real,jpeg_q30,0.021653,0,1
data\val\real\000000025424.jpg,0,real,jpeg_q30,0.356353,0,1
data\val\real\000000025560.jpg,0,real,jpeg_q30,0.082965,0,1
data\val\real\000000025593.jpg,0,real,jpeg_q30,0.184049,0,1
data\val\real\000000025603.jpg,0,real,jpeg_q30,0.006162,0,1
data\val\real\000000025986.jpg,0,real,jpeg_q30,0.038892,0,1
data\val\real\000000026204.jpg,0,real,jpeg_q30,0.040758,0,1
data\val\real\000000026465.jpg,0,real,jpeg_q30,0.003072,0,1
data\val\real\000000026564.jpg,0,real,jpeg_q30,0.045507,0,1
data\val\real\000000026690.jpg,0,real,jpeg_q30,0.117207,0,1
data\val\real\000000026926.jpg,0,real,jpeg_q30,0.766558,1,0
data\val\real\000000026941.jpg,0,real,jpeg_q30,0.778812,1,0
data\val\real\000000027186.jpg,0,real,jpeg_q30,0.026579,0,1
data\val\real\000000027620.jpg,0,real,jpeg_q30,0.101301,0,1
data\val\real\000000027696.jpg,0,real,jpeg_q30,0.054647,0,1
data\val\real\000000027768.jpg,0,real,jpeg_q30,0.059649,0,1
data\val\real\000000027932.jpg,0,real,jpeg_q30,0.373164,0,1
data\val\real\000000027972.jpg,0,real,jpeg_q30,0.371945,0,1
data\val\real\000000027982.jpg,0,real,jpeg_q30,0.689839,1,0
data\val\real\000000028285.jpg,0,real,jpeg_q30,0.045461,0,1
data\val\real\000000028449.jpg,0,real,jpeg_q30,0.489425,0,1
data\val\real\000000028452.jpg,0,real,jpeg_q30,0.492560,0,1
data\val\real\000000028809.jpg,0,real,jpeg_q30,0.250070,0,1
data\val\real\000000028993.jpg,0,real,jpeg_q30,0.203939,0,1
data\val\real\000000029187.jpg,0,real,jpeg_q30,0.009737,0,1
data\val\real\000000029393.jpg,0,real,jpeg_q30,0.010928,0,1
data\val\real\000000029397.jpg,0,real,jpeg_q30,0.006157,0,1
data\val\real\000000029596.jpg,0,real,jpeg_q30,0.421435,0,1
data\val\real\000000029640.jpg,0,real,jpeg_q30,0.472759,0,1
data\val\real\000000029675.jpg,0,real,jpeg_q30,0.088222,0,1
data\val\real\000000029984.jpg,0,real,jpeg_q30,0.025518,0,1
data\val\real\000000030213.jpg,0,real,jpeg_q30,0.457870,0,1
data\val\real\000000030494.jpg,0,real,jpeg_q30,0.007156,0,1
data\val\real\000000030504.jpg,0,real,jpeg_q30,0.147241,0,1
data\val\real\000000030675.jpg,0,real,jpeg_q30,0.576033,1,0
data\val\real\000000030785.jpg,0,real,jpeg_q30,0.350591,0,1
data\val\real\000000030828.jpg,0,real,jpeg_q30,0.347569,0,1
data\val\real\000000031050.jpg,0,real,jpeg_q30,0.007704,0,1
data\val\real\000000031093.jpg,0,real,jpeg_q30,0.273731,0,1
data\val\real\000000031118.jpg,0,real,jpeg_q30,0.464790,0,1
data\val\real\000000031217.jpg,0,real,jpeg_q30,0.146393,0,1
data\val\real\000000031248.jpg,0,real,jpeg_q30,0.110663,0,1
data\val\real\000000031269.jpg,0,real,jpeg_q30,0.105188,0,1
data\val\real\000000031296.jpg,0,real,jpeg_q30,0.004173,0,1
data\val\real\000000031322.jpg,0,real,jpeg_q30,0.193856,0,1
data\val\real\000000031620.jpg,0,real,jpeg_q30,0.001487,0,1
data\val\real\000000031735.jpg,0,real,jpeg_q30,0.002717,0,1
data\val\real\000000031749.jpg,0,real,jpeg_q30,0.199209,0,1
data\val\real\000000031817.jpg,0,real,jpeg_q30,0.007784,0,1
data\val\real\000000032038.jpg,0,real,jpeg_q30,0.026153,0,1
data\val\real\000000032081.jpg,0,real,jpeg_q30,0.192400,0,1
data\val\real\000000032285.jpg,0,real,jpeg_q30,0.218610,0,1
data\val\real\000000032334.jpg,0,real,jpeg_q30,0.007955,0,1
data\val\real\000000032570.jpg,0,real,jpeg_q30,0.840612,1,0
data\val\real\000000032610.jpg,0,real,jpeg_q30,0.047644,0,1
data\val\real\000000032735.jpg,0,real,jpeg_q30,0.132781,0,1
data\val\real\000000032811.jpg,0,real,jpeg_q30,0.061733,0,1
data\val\real\000000032817.jpg,0,real,jpeg_q30,0.008779,0,1
data\val\real\000000032861.jpg,0,real,jpeg_q30,0.637228,1,0
data\val\real\000000032887.jpg,0,real,jpeg_q30,0.012837,0,1
data\val\real\000000032901.jpg,0,real,jpeg_q30,0.004061,0,1
data\val\real\000000032941.jpg,0,real,jpeg_q30,0.073014,0,1
data\val\real\000000033005.jpg,0,real,jpeg_q30,0.240088,0,1
data\val\real\000000033104.jpg,0,real,jpeg_q30,0.020179,0,1
data\val\real\000000033109.jpg,0,real,jpeg_q30,0.150466,0,1
data\val\real\000000033114.jpg,0,real,jpeg_q30,0.252573,0,1
data\val\real\000000033221.jpg,0,real,jpeg_q30,0.002716,0,1
data\val\real\000000033368.jpg,0,real,jpeg_q30,0.696202,1,0
data\val\real\000000033638.jpg,0,real,jpeg_q30,0.048037,0,1
data\val\real\000000033707.jpg,0,real,jpeg_q30,0.186584,0,1
data\val\real\000000033759.jpg,0,real,jpeg_q30,0.203728,0,1
data\val\real\000000033854.jpg,0,real,jpeg_q30,0.048654,0,1
data\val\real\000000034071.jpg,0,real,jpeg_q30,0.537379,1,0
data\val\real\000000034139.jpg,0,real,jpeg_q30,0.256582,0,1
data\val\real\000000034205.jpg,0,real,jpeg_q30,0.138190,0,1
data\val\real\000000034257.jpg,0,real,jpeg_q30,0.483095,0,1
data\val\real\000000034417.jpg,0,real,jpeg_q30,0.072690,0,1
data\val\real\000000034452.jpg,0,real,jpeg_q30,0.004277,0,1
data\val\real\000000034760.jpg,0,real,jpeg_q30,0.014120,0,1
data\val\real\000000034873.jpg,0,real,jpeg_q30,0.030295,0,1
data\val\real\000000035062.jpg,0,real,jpeg_q30,0.078689,0,1
data\val\real\000000035197.jpg,0,real,jpeg_q30,0.433527,0,1
data\val\real\000000035279.jpg,0,real,jpeg_q30,0.118368,0,1
data\val\real\000000035326.jpg,0,real,jpeg_q30,0.007840,0,1
data\val\real\000000035682.jpg,0,real,jpeg_q30,0.066772,0,1
data\val\real\000000035770.jpg,0,real,jpeg_q30,0.019082,0,1
data\val\real\000000035963.jpg,0,real,jpeg_q30,0.006455,0,1
data\val\real\000000036494.jpg,0,real,jpeg_q30,0.305769,0,1
data\val\real\000000036539.jpg,0,real,jpeg_q30,0.009046,0,1
data\val\real\000000036660.jpg,0,real,jpeg_q30,0.050141,0,1
data\val\real\000000036678.jpg,0,real,jpeg_q30,0.185567,0,1
data\val\real\000000036844.jpg,0,real,jpeg_q30,0.017905,0,1
data\val\real\000000036861.jpg,0,real,jpeg_q30,0.068210,0,1
data\val\real\000000036936.jpg,0,real,jpeg_q30,0.014047,0,1
data\val\real\000000037670.jpg,0,real,jpeg_q30,0.102015,0,1
data\val\real\000000037689.jpg,0,real,jpeg_q30,0.325147,0,1
data\val\real\000000037740.jpg,0,real,jpeg_q30,0.175568,0,1
data\val\real\000000037751.jpg,0,real,jpeg_q30,0.022526,0,1
data\val\real\000000037777.jpg,0,real,jpeg_q30,0.181742,0,1
data\val\real\000000037988.jpg,0,real,jpeg_q30,0.136713,0,1
data\val\real\000000038048.jpg,0,real,jpeg_q30,0.015113,0,1
data\val\real\000000038070.jpg,0,real,jpeg_q30,0.286210,0,1
data\val\real\000000038118.jpg,0,real,jpeg_q30,0.560846,1,0
data\val\real\000000038210.jpg,0,real,jpeg_q30,0.395365,0,1
data\val\real\000000038576.jpg,0,real,jpeg_q30,0.257469,0,1
data\val\real\000000038678.jpg,0,real,jpeg_q30,0.009421,0,1
data\val\real\000000038825.jpg,0,real,jpeg_q30,0.324959,0,1
data\val\real\000000038829.jpg,0,real,jpeg_q30,0.019501,0,1
data\val\real\000000039405.jpg,0,real,jpeg_q30,0.074278,0,1
data\val\real\000000039477.jpg,0,real,jpeg_q30,0.217262,0,1
data\val\real\000000039480.jpg,0,real,jpeg_q30,0.244802,0,1
data\val\real\000000039484.jpg,0,real,jpeg_q30,0.433926,0,1
data\val\real\000000039551.jpg,0,real,jpeg_q30,0.754190,1,0
data\val\real\000000039670.jpg,0,real,jpeg_q30,0.297920,0,1
data\val\real\000000039769.jpg,0,real,jpeg_q30,0.034933,0,1
data\val\real\000000039785.jpg,0,real,jpeg_q30,0.170198,0,1
data\val\real\000000039914.jpg,0,real,jpeg_q30,0.002529,0,1
data\val\real\000000039951.jpg,0,real,jpeg_q30,0.140690,0,1
data\val\real\000000039956.jpg,0,real,jpeg_q30,0.496397,0,1
data\val\real\000000040036.jpg,0,real,jpeg_q30,0.098985,0,1
data\val\real\000000040083.jpg,0,real,jpeg_q30,0.036257,0,1
data\val\real\000000040471.jpg,0,real,jpeg_q30,0.020052,0,1
data\val\real\000000040757.jpg,0,real,jpeg_q30,0.184425,0,1
data\val\real\000000041488.jpg,0,real,jpeg_q30,0.625777,1,0
data\val\real\000000041633.jpg,0,real,jpeg_q30,0.465653,0,1
data\val\real\000000041635.jpg,0,real,jpeg_q30,0.224280,0,1
data\val\real\000000041872.jpg,0,real,jpeg_q30,0.188479,0,1
data\val\real\000000041888.jpg,0,real,jpeg_q30,0.019225,0,1
data\val\real\000000041990.jpg,0,real,jpeg_q30,0.058420,0,1
data\val\real\000000042070.jpg,0,real,jpeg_q30,0.324000,0,1
data\val\real\000000042102.jpg,0,real,jpeg_q30,0.014134,0,1
data\val\real\000000042178.jpg,0,real,jpeg_q30,0.357784,0,1
data\val\real\000000042276.jpg,0,real,jpeg_q30,0.033045,0,1
data\val\real\000000042296.jpg,0,real,jpeg_q30,0.128737,0,1
data\val\real\000000042528.jpg,0,real,jpeg_q30,0.013322,0,1
data\val\real\000000042563.jpg,0,real,jpeg_q30,0.347431,0,1
data\val\real\000000042628.jpg,0,real,jpeg_q30,0.027640,0,1
data\val\real\000000042888.jpg,0,real,jpeg_q30,0.047473,0,1
data\val\real\000000042889.jpg,0,real,jpeg_q30,0.031967,0,1
data\val\real\000000043314.jpg,0,real,jpeg_q30,0.089850,0,1
data\val\real\000000043435.jpg,0,real,jpeg_q30,0.330721,0,1
data\val\real\000000043581.jpg,0,real,jpeg_q30,0.153447,0,1
data\val\real\000000043737.jpg,0,real,jpeg_q30,0.147228,0,1
data\val\real\000000043816.jpg,0,real,jpeg_q30,0.216880,0,1
data\val\real\000000044068.jpg,0,real,jpeg_q30,0.023505,0,1
data\val\real\000000044195.jpg,0,real,jpeg_q30,0.201122,0,1
data\val\real\000000044260.jpg,0,real,jpeg_q30,0.716287,1,0
data\val\real\000000044279.jpg,0,real,jpeg_q30,0.065435,0,1
data\val\real\000000044590.jpg,0,real,jpeg_q30,0.067284,0,1
data\val\real\000000044652.jpg,0,real,jpeg_q30,0.052275,0,1
data\val\real\000000044699.jpg,0,real,jpeg_q30,0.393433,0,1
data\val\real\000000044877.jpg,0,real,jpeg_q30,0.246150,0,1
data\val\real\000000045070.jpg,0,real,jpeg_q30,0.219911,0,1
data\val\real\000000045090.jpg,0,real,jpeg_q30,0.169247,0,1
data\val\real\000000045229.jpg,0,real,jpeg_q30,0.527045,1,0
data\val\real\000000045472.jpg,0,real,jpeg_q30,0.295278,0,1
data\val\real\000000045550.jpg,0,real,jpeg_q30,0.022574,0,1
data\val\real\000000045596.jpg,0,real,jpeg_q30,0.014463,0,1
data\val\real\000000045728.jpg,0,real,jpeg_q30,0.045746,0,1
data\val\real\000000046031.jpg,0,real,jpeg_q30,0.021727,0,1
data\val\real\000000046048.jpg,0,real,jpeg_q30,0.043826,0,1
data\val\real\000000046252.jpg,0,real,jpeg_q30,0.450357,0,1
data\val\real\000000046378.jpg,0,real,jpeg_q30,0.039085,0,1
data\val\real\000000046463.jpg,0,real,jpeg_q30,0.008606,0,1
data\val\real\000000046497.jpg,0,real,jpeg_q30,0.019395,0,1
data\val\real\000000046804.jpg,0,real,jpeg_q30,0.063080,0,1
data\val\real\000000046872.jpg,0,real,jpeg_q30,0.224788,0,1
data\val\real\000000047010.jpg,0,real,jpeg_q30,0.432924,0,1
data\val\real\000000047112.jpg,0,real,jpeg_q30,0.170112,0,1
data\val\real\000000047121.jpg,0,real,jpeg_q30,0.053224,0,1
data\val\real\000000047571.jpg,0,real,jpeg_q30,0.188245,0,1
data\val\real\000000047585.jpg,0,real,jpeg_q30,0.003965,0,1
data\val\real\000000047740.jpg,0,real,jpeg_q30,0.007864,0,1
data\val\real\000000047769.jpg,0,real,jpeg_q30,0.029642,0,1
data\val\real\000000047801.jpg,0,real,jpeg_q30,0.088310,0,1
data\val\real\000000047819.jpg,0,real,jpeg_q30,0.046448,0,1
data\val\real\000000047828.jpg,0,real,jpeg_q30,0.699989,1,0
data\val\real\000000048153.jpg,0,real,jpeg_q30,0.022406,0,1
data\val\real\000000048396.jpg,0,real,jpeg_q30,0.030198,0,1
data\val\real\000000048504.jpg,0,real,jpeg_q30,0.327042,0,1
data\val\real\000000048555.jpg,0,real,jpeg_q30,0.786242,1,0
data\val\real\000000048564.jpg,0,real,jpeg_q30,0.039217,0,1
data\val\real\000000048924.jpg,0,real,jpeg_q30,0.917097,1,0
data\val\real\000000049060.jpg,0,real,jpeg_q30,0.091733,0,1
data\val\real\000000049091.jpg,0,real,jpeg_q30,0.127084,0,1
data\val\real\000000049259.jpg,0,real,jpeg_q30,0.029993,0,1
data\val\real\000000049269.jpg,0,real,jpeg_q30,0.441794,0,1
data\val\real\000000049759.jpg,0,real,jpeg_q30,0.138513,0,1
data\val\real\000000049761.jpg,0,real,jpeg_q30,0.067108,0,1
data\val\real\000000049810.jpg,0,real,jpeg_q30,0.213298,0,1
data\val\real\000000050006.jpg,0,real,jpeg_q30,0.118923,0,1
data\val\real\000000050145.jpg,0,real,jpeg_q30,0.013467,0,1
data\val\real\000000050149.jpg,0,real,jpeg_q30,0.327478,0,1
data\val\real\000000050165.jpg,0,real,jpeg_q30,0.372271,0,1
data\val\real\000000050326.jpg,0,real,jpeg_q30,0.002492,0,1
data\val\real\000000050331.jpg,0,real,jpeg_q30,0.021709,0,1
data\val\real\000000050380.jpg,0,real,jpeg_q30,0.160805,0,1
data\val\real\000000050638.jpg,0,real,jpeg_q30,0.659709,1,0
data\val\real\000000050679.jpg,0,real,jpeg_q30,0.292221,0,1
data\val\real\000000050811.jpg,0,real,jpeg_q30,0.024277,0,1
data\val\real\000000050828.jpg,0,real,jpeg_q30,0.086422,0,1
data\val\real\000000050844.jpg,0,real,jpeg_q30,0.552218,1,0
data\val\real\000000050896.jpg,0,real,jpeg_q30,0.476353,0,1
data\val\real\000000050943.jpg,0,real,jpeg_q30,0.408930,0,1
data\val\real\000000051008.jpg,0,real,jpeg_q30,0.068128,0,1
data\val\real\000000051309.jpg,0,real,jpeg_q30,0.172127,0,1
data\val\real\000000051314.jpg,0,real,jpeg_q30,0.294040,0,1
data\val\real\000000051326.jpg,0,real,jpeg_q30,0.042628,0,1
data\val\real\000000051598.jpg,0,real,jpeg_q30,0.012909,0,1
data\val\real\000000051610.jpg,0,real,jpeg_q30,0.715151,1,0
data\val\real\000000051712.jpg,0,real,jpeg_q30,0.579245,1,0
data\val\real\000000051738.jpg,0,real,jpeg_q30,0.176232,0,1
data\val\real\000000051938.jpg,0,real,jpeg_q30,0.103840,0,1
data\val\real\000000051961.jpg,0,real,jpeg_q30,0.031537,0,1
data\val\real\000000051976.jpg,0,real,jpeg_q30,0.567809,1,0
data\val\real\000000052007.jpg,0,real,jpeg_q30,0.118520,0,1
data\val\real\000000052017.jpg,0,real,jpeg_q30,0.255858,0,1
data\val\real\000000052412.jpg,0,real,jpeg_q30,0.197453,0,1
data\val\real\000000052413.jpg,0,real,jpeg_q30,0.028325,0,1
data\val\real\000000052462.jpg,0,real,jpeg_q30,0.273191,0,1
data\val\real\000000052507.jpg,0,real,jpeg_q30,0.261687,0,1
data\val\real\000000052565.jpg,0,real,jpeg_q30,0.475511,0,1
data\val\real\000000052591.jpg,0,real,jpeg_q30,0.609311,1,0
data\val\real\000000052891.jpg,0,real,jpeg_q30,0.026914,0,1
data\val\real\000000052996.jpg,0,real,jpeg_q30,0.004386,0,1
data\val\real\000000053505.jpg,0,real,jpeg_q30,0.123919,0,1
data\val\real\000000053529.jpg,0,real,jpeg_q30,0.167805,0,1
data\val\real\000000053624.jpg,0,real,jpeg_q30,0.031574,0,1
data\val\real\000000053626.jpg,0,real,jpeg_q30,0.020145,0,1
data\val\real\000000053909.jpg,0,real,jpeg_q30,0.028912,0,1
data\val\real\000000053994.jpg,0,real,jpeg_q30,0.208816,0,1
data\val\real\000000054123.jpg,0,real,jpeg_q30,0.568160,1,0
data\val\real\000000054164.jpg,0,real,jpeg_q30,0.389257,0,1
data\val\real\000000054592.jpg,0,real,jpeg_q30,0.559405,1,0
data\val\real\000000054593.jpg,0,real,jpeg_q30,0.268112,0,1
data\val\real\000000054605.jpg,0,real,jpeg_q30,0.102700,0,1
data\val\real\000000054628.jpg,0,real,jpeg_q30,0.148261,0,1
data\val\real\000000054654.jpg,0,real,jpeg_q30,0.012116,0,1
data\val\real\000000054931.jpg,0,real,jpeg_q30,0.518740,1,0
data\val\real\000000054967.jpg,0,real,jpeg_q30,0.254914,0,1
data\val\real\000000055002.jpg,0,real,jpeg_q30,0.079369,0,1
data\val\real\000000055022.jpg,0,real,jpeg_q30,0.066884,0,1
data\val\real\000000055072.jpg,0,real,jpeg_q30,0.262170,0,1
data\val\real\000000055150.jpg,0,real,jpeg_q30,0.145417,0,1
data\val\real\000000055167.jpg,0,real,jpeg_q30,0.026735,0,1
data\val\real\000000055299.jpg,0,real,jpeg_q30,0.143704,0,1
data\val\real\000000055528.jpg,0,real,jpeg_q30,0.008977,0,1
data\val\real\000000055950.jpg,0,real,jpeg_q30,0.373937,0,1
data\val\real\000000056127.jpg,0,real,jpeg_q30,0.037340,0,1
data\val\real\000000056288.jpg,0,real,jpeg_q30,0.097343,0,1
data\val\real\000000056344.jpg,0,real,jpeg_q30,0.227037,0,1
data\val\real\000000056350.jpg,0,real,jpeg_q30,0.199710,0,1
data\val\real\000000056545.jpg,0,real,jpeg_q30,0.012479,0,1
data\wildfake\Images\Diffusion_based\DALLE\DALLE\Advanced\DALLE3\dalle3\202311011943129901ca391019566e\0000bc251bd2e98239266f18c7422f00.jpg,1,ai,jpeg_q30,0.994990,1,1
data\wildfake\Images\Diffusion_based\DALLE\DALLE\Advanced\DALLE3\dalle3\202311011943129901ca391019566e\001f5052a8976abf8628979c0a3295fd.jpg,1,ai,jpeg_q30,0.970159,1,1
data\wildfake\Images\Diffusion_based\DALLE\DALLE\Advanced\DALLE3\dalle3\202311011943129901ca391019566e\003a4c6ab6f2b3ab9658a92b5f05945e.jpg,1,ai,jpeg_q30,0.997352,1,1
data\wildfake\Images\Diffusion_based\DALLE\DALLE\Advanced\DALLE3\dalle3\202311011943129901ca391019566e\0043fbaa145d5c0a2a40d46645ed83cb.jpg,1,ai,jpeg_q30,0.928916,1,1
data\wildfake\Images\Diffusion_based\DALLE\DALLE\Advanced\DALLE3\dalle3\202311011943129901ca391019566e\00470ad00ea26cb498a51499f937e52b.jpg,1,ai,jpeg_q30,0.862078,1,1
data\wildfake\Images\Diffusion_based\DALLE\DALLE\Advanced\DALLE3\dalle3\202311011943129901ca391019566e\0052d17a5ef60d0d179717f85046f4b1.jpg,1,ai,jpeg_q30,0.937512,1,1
data\wildfake\Images\Diffusion_based\DALLE\DALLE\Advanced\DALLE3\dalle3\202311011943129901ca391019566e\009bbc62119d37a8fbb83bb9e0dbc508.jpg,1,ai,jpeg_q30,0.990204,1,1
data\wildfake\Images\Diffusion_based\DALLE\DALLE\Advanced\DALLE3\dalle3\202311011943129901ca391019566e\00c573bb9bc5a7eb21bc3be7ae501662.jpg,1,ai,jpeg_q30,0.743692,1,1
data\wildfake\Images\Diffusion_based\DALLE\DALLE\Advanced\DALLE3\dalle3\202311011943129901ca391019566e\00d38429f2b27b0c1704ee2e62d7a990.jpg,1,ai,jpeg_q30,0.602700,1,1
data\wildfake\Images\Diffusion_based\DALLE\DALLE\Advanced\DALLE3\dalle3\202311011943129901ca391019566e\00d73c1e7e3b3890737927fc56ce6e63.jpg,1,ai,jpeg_q30,0.919933,1,1
data\wildfake\Images\Diffusion_based\DALLE\DALLE\Advanced\DALLE3\dalle3\202311011943129901ca391019566e\00fcdf259a2e197eea470d5df3473c65.jpg,1,ai,jpeg_q30,0.977154,1,1
data\wildfake\Images\Diffusion_based\DALLE\DALLE\Advanced\DALLE3\dalle3\202311011943129901ca391019566e\01007fafc81c71ac48435ee0c7d4f2e3.jpg,1,ai,jpeg_q30,0.944232,1,1
data\wildfake\Images\Diffusion_based\DALLE\DALLE\Advanced\DALLE3\dalle3\202311011943129901ca391019566e\010d7366d58b4b5c787bcad069c1730b.jpg,1,ai,jpeg_q30,0.988306,1,1
data\wildfake\Images\Diffusion_based\DALLE\DALLE\Advanced\DALLE3\dalle3\202311011943129901ca391019566e\012bdc65f98678a9d2f300d3828985c2.jpg,1,ai,jpeg_q30,0.862802,1,1
data\wildfake\Images\Diffusion_based\DALLE\DALLE\Advanced\DALLE3\dalle3\202311011943129901ca391019566e\01427a315cdbac9741097790f78aa0fe.jpg,1,ai,jpeg_q30,0.976382,1,1
data\wildfake\Images\Diffusion_based\DALLE\DALLE\Advanced\DALLE3\dalle3\202311011943129901ca391019566e\01686507673b71e4d1fae61f9f3f305b.jpg,1,ai,jpeg_q30,0.965496,1,1
data\wildfake\Images\Diffusion_based\DALLE\DALLE\Advanced\DALLE3\dalle3\202311011943129901ca391019566e\0199b3d7eac3efb5e6a57ec8044c6f87.jpg,1,ai,jpeg_q30,0.972997,1,1
data\wildfake\Images\Diffusion_based\DALLE\DALLE\Advanced\DALLE3\dalle3\202311011943129901ca391019566e\019e486743b8e231bc299da988d9e6c8.jpg,1,ai,jpeg_q30,0.694739,1,1
data\wildfake\Images\Diffusion_based\DALLE\DALLE\Advanced\DALLE3\dalle3\202311011943129901ca391019566e\01ba9ec6bf20f7713b2367189281182e.jpg,1,ai,jpeg_q30,0.989317,1,1
data\wildfake\Images\Diffusion_based\DALLE\DALLE\Advanced\DALLE3\dalle3\202311011943129901ca391019566e\021108a4d05cd0b11e99b0138260665a.jpg,1,ai,jpeg_q30,0.678424,1,1
data\wildfake\Images\Diffusion_based\DALLE\DALLE\Advanced\DALLE3\dalle3\202311011943129901ca391019566e\0256205126a50f7e83488b229ad926b8.jpg,1,ai,jpeg_q30,0.834091,1,1
data\wildfake\Images\Diffusion_based\DALLE\DALLE\Advanced\DALLE3\dalle3\202311011943129901ca391019566e\028f173ecc8a7a865659c2d0bfb76cc0.jpg,1,ai,jpeg_q30,0.895759,1,1
data\wildfake\Images\Diffusion_based\DALLE\DALLE\Advanced\DALLE3\dalle3\202311011943129901ca391019566e\02c359a2bd6af2a45834b8ea3c86f63d.jpg,1,ai,jpeg_q30,0.703087,1,1
data\wildfake\Images\Diffusion_based\DALLE\DALLE\Advanced\DALLE3\dalle3\202311011943129901ca391019566e\02c38b86651eb0b1d5b9f61262d508ee.jpg,1,ai,jpeg_q30,0.964014,1,1
data\wildfake\Images\Diffusion_based\DALLE\DALLE\Advanced\DALLE3\dalle3\202311011943129901ca391019566e\02e9dfc8287798fdac01d4461933d577.jpg,1,ai,jpeg_q30,0.800229,1,1
data\wildfake\Images\Diffusion_based\DALLE\DALLE\Advanced\DALLE3\dalle3\202311011943129901ca391019566e\0304eaaaac6b68aec926d8544f214c81.jpg,1,ai,jpeg_q30,0.993714,1,1
data\wildfake\Images\Diffusion_based\DALLE\DALLE\Advanced\DALLE3\dalle3\202311011943129901ca391019566e\03086a843653df9b1ab5e57e5ecc2eff.jpg,1,ai,jpeg_q30,0.978331,1,1
data\wildfake\Images\Diffusion_based\DALLE\DALLE\Advanced\DALLE3\dalle3\202311011943129901ca391019566e\031844ca3fc6976c3f7e27610993b1dc.jpg,1,ai,jpeg_q30,0.972653,1,1
data\wildfake\Images\Diffusion_based\DALLE\DALLE\Advanced\DALLE3\dalle3\202311011943129901ca391019566e\032adbac54f2e53fbefb58dfa5c05d73.jpg,1,ai,jpeg_q30,0.946113,1,1
data\wildfake\Images\Diffusion_based\DALLE\DALLE\Advanced\DALLE3\dalle3\202311011943129901ca391019566e\033447efc58758adfcae16ba3835f106.jpg,1,ai,jpeg_q30,0.992534,1,1
data\wildfake\Images\Diffusion_based\DALLE\DALLE\Advanced\DALLE3\dalle3\202311011943129901ca391019566e\03aa56112f102b4497c1067d89d3de75.jpg,1,ai,jpeg_q30,0.945005,1,1
data\wildfake\Images\Diffusion_based\DALLE\DALLE\Advanced\DALLE3\dalle3\202311011943129901ca391019566e\042346a5a0950c816b3eec5a543462c5.jpg,1,ai,jpeg_q30,0.519874,1,1
data\wildfake\Images\Diffusion_based\DALLE\DALLE\Advanced\DALLE3\dalle3\202311011943129901ca391019566e\044f4f988518587886dc78b7d1da2b45.jpg,1,ai,jpeg_q30,0.946749,1,1
data\wildfake\Images\Diffusion_based\DALLE\DALLE\Advanced\DALLE3\dalle3\202311011943129901ca391019566e\04b89f4920d9cd392bb6521250256fb3.jpg,1,ai,jpeg_q30,0.974918,1,1
data\wildfake\Images\Diffusion_based\DALLE\DALLE\Advanced\DALLE3\dalle3\202311011943129901ca391019566e\04c4079b8c37703b654ee05f2da9d71b.jpg,1,ai,jpeg_q30,0.669864,1,1
data\wildfake\Images\Diffusion_based\DALLE\DALLE\Advanced\DALLE3\dalle3\202311011943129901ca391019566e\04e5ba4cdc8740da933119ebe3b88668.jpg,1,ai,jpeg_q30,0.966363,1,1
data\wildfake\Images\Diffusion_based\DALLE\DALLE\Advanced\DALLE3\dalle3\202311011943129901ca391019566e\050b5d5acf449d4939e62fb5c3dbf3dd.jpg,1,ai,jpeg_q30,0.957378,1,1
data\wildfake\Images\Diffusion_based\DALLE\DALLE\Advanced\DALLE3\dalle3\202311011943129901ca391019566e\051b85c650f4595bb765a88f571557a1.jpg,1,ai,jpeg_q30,0.963766,1,1
data\wildfake\Images\Diffusion_based\DALLE\DALLE\Advanced\DALLE3\dalle3\202311011943129901ca391019566e\0584095ade8a9eba85efb3019908a95b.jpg,1,ai,jpeg_q30,0.997851,1,1
data\wildfake\Images\Diffusion_based\DALLE\DALLE\Advanced\DALLE3\dalle3\202311011943129901ca391019566e\05902e52fb144e8fed59ef1ee0869e97.jpg,1,ai,jpeg_q30,0.668291,1,1
data\wildfake\Images\Diffusion_based\DALLE\DALLE\Advanced\DALLE3\dalle3\202311011943129901ca391019566e\060f9dc482b69735c78fc3a6f62372e9.jpg,1,ai,jpeg_q30,0.976782,1,1
data\wildfake\Images\Diffusion_based\DALLE\DALLE\Advanced\DALLE3\dalle3\202311011943129901ca391019566e\061125bbe93758dfb0d061c40e1019f3.jpg,1,ai,jpeg_q30,0.955993,1,1
data\wildfake\Images\Diffusion_based\DALLE\DALLE\Advanced\DALLE3\dalle3\202311011943129901ca391019566e\064511de32ccec75414b9f2ce3ac8130.jpg,1,ai,jpeg_q30,0.510069,1,1
data\wildfake\Images\Diffusion_based\DALLE\DALLE\Advanced\DALLE3\dalle3\202311011943129901ca391019566e\0653efeb7b33b1f1be03442e653ab690.jpg,1,ai,jpeg_q30,0.973291,1,1
data\wildfake\Images\Diffusion_based\DALLE\DALLE\Advanced\DALLE3\dalle3\202311011943129901ca391019566e\068ebb34284b9566d51c19f2b750cb21.jpg,1,ai,jpeg_q30,0.997692,1,1
data\wildfake\Images\Diffusion_based\DALLE\DALLE\Advanced\DALLE3\dalle3\202311011943129901ca391019566e\0696de89cef0d21e693e051518b02177.jpg,1,ai,jpeg_q30,0.961642,1,1
data\wildfake\Images\Diffusion_based\DALLE\DALLE\Advanced\DALLE3\dalle3\202311011943129901ca391019566e\06cbd80cf7e04cdfab33cbcc40ed1377.jpg,1,ai,jpeg_q30,0.996892,1,1
data\wildfake\Images\Diffusion_based\DALLE\DALLE\Advanced\DALLE3\dalle3\202311011943129901ca391019566e\06d60b93f6e61c7edcfc5e5753de2a3e.jpg,1,ai,jpeg_q30,0.690235,1,1
data\wildfake\Images\Diffusion_based\DALLE\DALLE\Advanced\DALLE3\dalle3\202311011943129901ca391019566e\0702e0e4309a483b277814a969ac6a3a.jpg,1,ai,jpeg_q30,0.985501,1,1
data\wildfake\Images\Diffusion_based\DALLE\DALLE\Advanced\DALLE3\dalle3\202311011943129901ca391019566e\071b9c87447db8868446f4ede8bd50cf.jpg,1,ai,jpeg_q30,0.904020,1,1
data\wildfake\Images\Diffusion_based\DALLE\DALLE\Advanced\DALLE3\dalle3\202311011943129901ca391019566e\0731f1aeb97a13e2272831b6496b55e2.jpg,1,ai,jpeg_q30,0.939698,1,1
data\wildfake\Images\Diffusion_based\DALLE\DALLE\Advanced\DALLE3\dalle3\202311011943129901ca391019566e\07515ebe1e48416ea62cb69f81a48d06.jpg,1,ai,jpeg_q30,0.962161,1,1
data\wildfake\Images\Diffusion_based\DALLE\DALLE\Advanced\DALLE3\dalle3\202311011943129901ca391019566e\0757a86e2794defa73a1c558e8d5471d.jpg,1,ai,jpeg_q30,0.385356,0,0
data\wildfake\Images\Diffusion_based\DALLE\DALLE\Advanced\DALLE3\dalle3\202311011943129901ca391019566e\078fa68f13b823a7bac90900fcba4c94.jpg,1,ai,jpeg_q30,0.737835,1,1
data\wildfake\Images\Diffusion_based\DALLE\DALLE\Advanced\DALLE3\dalle3\202311011943129901ca391019566e\07d775061577e8d728d9cbe9dbeb920a.jpg,1,ai,jpeg_q30,0.955118,1,1
data\wildfake\Images\Diffusion_based\DALLE\DALLE\Advanced\DALLE3\dalle3\202311011943129901ca391019566e\07fef4a916b296b4876f0f705369bc69.jpg,1,ai,jpeg_q30,0.745204,1,1
data\wildfake\Images\Diffusion_based\DALLE\DALLE\Advanced\DALLE3\dalle3\202311011943129901ca391019566e\082d967db15c1ccaf025f164ba0cecb7.jpg,1,ai,jpeg_q30,0.461387,0,0
data\wildfake\Images\Diffusion_based\DALLE\DALLE\Advanced\DALLE3\dalle3\202311011943129901ca391019566e\08397ae59441c23d1ac6b14c3206deb7.jpg,1,ai,jpeg_q30,0.953494,1,1
data\wildfake\Images\Diffusion_based\DALLE\DALLE\Advanced\DALLE3\dalle3\202311011943129901ca391019566e\088b4fdab675191339cda5cc70195351.jpg,1,ai,jpeg_q30,0.939570,1,1
data\wildfake\Images\Diffusion_based\DALLE\DALLE\Advanced\DALLE3\dalle3\202311011943129901ca391019566e\088e48ca8fcd3dc5a9bd8aa4f18e8368.jpg,1,ai,jpeg_q30,0.950252,1,1
data\wildfake\Images\Diffusion_based\DALLE\DALLE\Advanced\DALLE3\dalle3\202311011943129901ca391019566e\088f2c7a5dbe1984ccb023909d84376f.jpg,1,ai,jpeg_q30,0.760410,1,1
data\wildfake\Images\Diffusion_based\DALLE\DALLE\Advanced\DALLE3\dalle3\202311011943129901ca391019566e\08b5a7dda5f65109b0ccfa924a6e4476.jpg,1,ai,jpeg_q30,0.870479,1,1
data\wildfake\Images\Diffusion_based\DALLE\DALLE\Advanced\DALLE3\dalle3\202311011943129901ca391019566e\08cf20e142fff3fc52989698dcbec99b.jpg,1,ai,jpeg_q30,0.834683,1,1
data\wildfake\Images\Diffusion_based\DALLE\DALLE\Advanced\DALLE3\dalle3\202311011943129901ca391019566e\08da6052def863b1d84a1a89f7263739.jpg,1,ai,jpeg_q30,0.968741,1,1
data\wildfake\Images\Diffusion_based\DALLE\DALLE\Advanced\DALLE3\dalle3\202311011943129901ca391019566e\094c3f268ee5e69cfede62949fe801ae.jpg,1,ai,jpeg_q30,0.420839,0,0
data\wildfake\Images\Diffusion_based\DALLE\DALLE\Advanced\DALLE3\dalle3\202311011943129901ca391019566e\097945ac4b47c969ee0e72d2cb171308.jpg,1,ai,jpeg_q30,0.734934,1,1
data\wildfake\Images\Diffusion_based\DALLE\DALLE\Advanced\DALLE3\dalle3\202311011943129901ca391019566e\09a9492408f8f5066e5d3a6649256fb5.jpg,1,ai,jpeg_q30,0.618554,1,1
data\wildfake\Images\Diffusion_based\DALLE\DALLE\Advanced\DALLE3\dalle3\202311011943129901ca391019566e\0a05587af89f620c312758a4801b65cb.jpg,1,ai,jpeg_q30,0.983762,1,1
data\wildfake\Images\Diffusion_based\DALLE\DALLE\Advanced\DALLE3\dalle3\202311011943129901ca391019566e\0a402dc3fd6e86f21edc1c601cc76116.jpg,1,ai,jpeg_q30,0.993746,1,1
data\wildfake\Images\Diffusion_based\DALLE\DALLE\Advanced\DALLE3\dalle3\202311011943129901ca391019566e\0a5113aad57872829fb2744eaafdb374.jpg,1,ai,jpeg_q30,0.992486,1,1
data\wildfake\Images\Diffusion_based\DALLE\DALLE\Advanced\DALLE3\dalle3\202311011943129901ca391019566e\0aa3600fbc56232d6049f3d2c8004fc1.jpg,1,ai,jpeg_q30,0.920336,1,1
data\wildfake\Images\Diffusion_based\DALLE\DALLE\Advanced\DALLE3\dalle3\202311011943129901ca391019566e\0ab73f879d374402b2d67aaa08f10513.jpg,1,ai,jpeg_q30,0.537888,1,1
data\wildfake\Images\Diffusion_based\DALLE\DALLE\Advanced\DALLE3\dalle3\202311011943129901ca391019566e\0ac140106a13d7ddf206ed08393d91bb.jpg,1,ai,jpeg_q30,0.997029,1,1
data\wildfake\Images\Diffusion_based\DALLE\DALLE\Advanced\DALLE3\dalle3\202311011943129901ca391019566e\0ac596d803c82e9a21b77302a6a852c5.jpg,1,ai,jpeg_q30,0.980857,1,1
data\wildfake\Images\Diffusion_based\DALLE\DALLE\Advanced\DALLE3\dalle3\202311011943129901ca391019566e\0b135d57ccb2988a30a16904c4043956.jpg,1,ai,jpeg_q30,0.995039,1,1
data\wildfake\Images\Diffusion_based\DALLE\DALLE\Advanced\DALLE3\dalle3\202311011943129901ca391019566e\0b1d38baa6d1de13437546cc6e71fa33.jpg,1,ai,jpeg_q30,0.996938,1,1
data\wildfake\Images\Diffusion_based\DALLE\DALLE\Advanced\DALLE3\dalle3\202311011943129901ca391019566e\0b23724c883f100d5120b3aa5757f655.jpg,1,ai,jpeg_q30,0.996741,1,1
data\wildfake\Images\Diffusion_based\DALLE\DALLE\Advanced\DALLE3\dalle3\202311011943129901ca391019566e\0b2fcafeee696cbc14052db445f1d945.jpg,1,ai,jpeg_q30,0.981076,1,1
data\wildfake\Images\Diffusion_based\DALLE\DALLE\Advanced\DALLE3\dalle3\202311011943129901ca391019566e\0b6920007b8384d9a19ed8725e76732d.jpg,1,ai,jpeg_q30,0.999039,1,1
data\wildfake\Images\Diffusion_based\DALLE\DALLE\Advanced\DALLE3\dalle3\202311011943129901ca391019566e\0b9208fc69177a95f464877482e88a53.jpg,1,ai,jpeg_q30,0.811194,1,1
data\wildfake\Images\Diffusion_based\DALLE\DALLE\Advanced\DALLE3\dalle3\202311011943129901ca391019566e\0baacfcf304fe56cfd30beda11ea92f0.jpg,1,ai,jpeg_q30,0.934885,1,1
data\wildfake\Images\Diffusion_based\DALLE\DALLE\Advanced\DALLE3\dalle3\202311011943129901ca391019566e\0bbfbc01e5a719cdf1434dc1c66814d6.jpg,1,ai,jpeg_q30,0.985786,1,1
data\wildfake\Images\Diffusion_based\DALLE\DALLE\Advanced\DALLE3\dalle3\202311011943129901ca391019566e\0bc561ef655dff95ce7cb2480f0c4e72.jpg,1,ai,jpeg_q30,0.972444,1,1
data\wildfake\Images\Diffusion_based\DALLE\DALLE\Advanced\DALLE3\dalle3\202311011943129901ca391019566e\0bcb44a87f264f1c5a44030b6e1ce3ea.jpg,1,ai,jpeg_q30,0.992278,1,1
data\wildfake\Images\Diffusion_based\DALLE\DALLE\Advanced\DALLE3\dalle3\202311011943129901ca391019566e\0bcb9a27d494633927481e17c4b730fe.jpg,1,ai,jpeg_q30,0.968336,1,1
data\wildfake\Images\Diffusion_based\DALLE\DALLE\Advanced\DALLE3\dalle3\202311011943129901ca391019566e\0bd33e632fc315abd71b7a4cee297ca3.jpg,1,ai,jpeg_q30,0.997083,1,1
data\wildfake\Images\Diffusion_based\DALLE\DALLE\Advanced\DALLE3\dalle3\202311011943129901ca391019566e\0bfe972ca54581889aadedd0ae9db0fc.jpg,1,ai,jpeg_q30,0.782736,1,1
data\wildfake\Images\Diffusion_based\DALLE\DALLE\Advanced\DALLE3\dalle3\202311011943129901ca391019566e\0c0d6af60cc878079026bcce6ece1ecc.jpg,1,ai,jpeg_q30,0.914558,1,1
data\wildfake\Images\Diffusion_based\DALLE\DALLE\Advanced\DALLE3\dalle3\202311011943129901ca391019566e\0c1c38b0b60fa0523ee120ae7999ebfc.jpg,1,ai,jpeg_q30,0.907773,1,1
data\wildfake\Images\Diffusion_based\DALLE\DALLE\Advanced\DALLE3\dalle3\202311011943129901ca391019566e\0c2be68ec32cbf73376c07d399694ad7.jpg,1,ai,jpeg_q30,0.763274,1,1
data\wildfake\Images\Diffusion_based\DALLE\DALLE\Advanced\DALLE3\dalle3\202311011943129901ca391019566e\0c34d8f37ba9b3247b7cbe0eeb75988e.jpg,1,ai,jpeg_q30,0.958115,1,1
data\wildfake\Images\Diffusion_based\DALLE\DALLE\Advanced\DALLE3\dalle3\202311011943129901ca391019566e\0c4f7c121b1cd5b43a0e492bd97e9722.jpg,1,ai,jpeg_q30,0.934497,1,1
data\wildfake\Images\Diffusion_based\DALLE\DALLE\Advanced\DALLE3\dalle3\202311011943129901ca391019566e\0c50155477a7db3fe738216d0dc1d7ff.jpg,1,ai,jpeg_q30,0.962215,1,1
data\wildfake\Images\Diffusion_based\DALLE\DALLE\Advanced\DALLE3\dalle3\202311011943129901ca391019566e\0c8c6ab4d3c50381124f85479244a494.jpg,1,ai,jpeg_q30,0.841762,1,1
data\wildfake\Images\Diffusion_based\DALLE\DALLE\Advanced\DALLE3\dalle3\202311011943129901ca391019566e\0ca2b90db097552a408c8019211ba011.jpg,1,ai,jpeg_q30,0.995483,1,1
data\wildfake\Images\Diffusion_based\DALLE\DALLE\Advanced\DALLE3\dalle3\202311011943129901ca391019566e\0d1d3e1538f22ddc00a5202ed6216ef8.jpg,1,ai,jpeg_q30,0.524034,1,1
data\wildfake\Images\Diffusion_based\DALLE\DALLE\Advanced\DALLE3\dalle3\202311011943129901ca391019566e\0d37afa583f90871220d432098653482.jpg,1,ai,jpeg_q30,0.806360,1,1
data\wildfake\Images\Diffusion_based\DALLE\DALLE\Advanced\DALLE3\dalle3\202311011943129901ca391019566e\0dbba8f650bc53997792f9ec69e5d6c4.jpg,1,ai,jpeg_q30,0.865378,1,1
data\wildfake\Images\Diffusion_based\DALLE\DALLE\Advanced\DALLE3\dalle3\202311011943129901ca391019566e\0e004f3f1530a6171422027dbdba71d8.jpg,1,ai,jpeg_q30,0.959903,1,1
data\wildfake\Images\Diffusion_based\DALLE\DALLE\Advanced\DALLE3\dalle3\202311011943129901ca391019566e\0e058ef2dacd5b15e5a0d94afb8af447.jpg,1,ai,jpeg_q30,0.986176,1,1
data\wildfake\Images\Diffusion_based\DALLE\DALLE\Advanced\DALLE3\dalle3\202311011943129901ca391019566e\0e7e5022abee806028af770147d217a6.jpg,1,ai,jpeg_q30,0.447977,0,0
data\wildfake\Images\Diffusion_based\DALLE\DALLE\Advanced\DALLE3\dalle3\202311011943129901ca391019566e\0e902a5f074d876f7bec6690fff2c12a.jpg,1,ai,jpeg_q30,0.860650,1,1
data\wildfake\Images\Diffusion_based\DALLE\DALLE\Advanced\DALLE3\dalle3\202311011943129901ca391019566e\0ea049fe2b6900ad1796d7e41050556e.jpg,1,ai,jpeg_q30,0.846989,1,1
data\wildfake\Images\Diffusion_based\DALLE\DALLE\Advanced\DALLE3\dalle3\202311011943129901ca391019566e\0ec917788370e6016cb653f0258b02f8.jpg,1,ai,jpeg_q30,0.986954,1,1
data\wildfake\Images\Diffusion_based\DALLE\DALLE\Advanced\DALLE3\dalle3\202311011943129901ca391019566e\0ee577d7124e0ba0278e7eaa2fb37aba.jpg,1,ai,jpeg_q30,0.722786,1,1
data\wildfake\Images\Diffusion_based\DALLE\DALLE\Advanced\DALLE3\dalle3\202311011943129901ca391019566e\0eeda20de85490b88b3e31943d287f64.jpg,1,ai,jpeg_q30,0.713285,1,1
data\wildfake\Images\Diffusion_based\DALLE\DALLE\Advanced\DALLE3\dalle3\202311011943129901ca391019566e\0f2aaea9bec9c763792ba9457e5e7523.jpg,1,ai,jpeg_q30,0.995557,1,1
data\wildfake\Images\Diffusion_based\DALLE\DALLE\Advanced\DALLE3\dalle3\202311011943129901ca391019566e\0f6e5f532c05eef701e282b5862e7b81.jpg,1,ai,jpeg_q30,0.983472,1,1
data\wildfake\Images\Diffusion_based\DALLE\DALLE\Advanced\DALLE3\dalle3\202311011943129901ca391019566e\0f7a97efc54df412123f89b8f43cf6cd.jpg,1,ai,jpeg_q30,0.902357,1,1
data\wildfake\Images\Diffusion_based\DALLE\DALLE\Advanced\DALLE3\dalle3\202311011943129901ca391019566e\0f828871c22d5aee351c018ace3ff443.jpg,1,ai,jpeg_q30,0.996677,1,1
data\wildfake\Images\Diffusion_based\DALLE\DALLE\Advanced\DALLE3\dalle3\202311011943129901ca391019566e\0f83380997c61d1503a21dc11db9a321.jpg,1,ai,jpeg_q30,0.614470,1,1
data\wildfake\Images\Diffusion_based\DALLE\DALLE\Advanced\DALLE3\dalle3\202311011943129901ca391019566e\0fa1d2a2370c6aa0219da9593c389f89.jpg,1,ai,jpeg_q30,0.866853,1,1
data\wildfake\Images\Diffusion_based\DALLE\DALLE\Advanced\DALLE3\dalle3\202311011943129901ca391019566e\0fa38d8654540e2e7521d1480fa2aaf2.jpg,1,ai,jpeg_q30,0.867721,1,1
data\wildfake\Images\Diffusion_based\DALLE\DALLE\Advanced\DALLE3\dalle3\202311011943129901ca391019566e\0fba2ef3d0bd4498ffebb363134e5735.jpg,1,ai,jpeg_q30,0.996645,1,1
data\wildfake\Images\Diffusion_based\DALLE\DALLE\Advanced\DALLE3\dalle3\202311011943129901ca391019566e\0fbee5be4285b267d8a846210622c0c2.jpg,1,ai,jpeg_q30,0.990520,1,1
data\wildfake\Images\Diffusion_based\DALLE\DALLE\Advanced\DALLE3\dalle3\202311011943129901ca391019566e\0fcc3c1b80d1edc98ab788006c4ffd11.jpg,1,ai,jpeg_q30,0.833323,1,1
data\wildfake\Images\Diffusion_based\DALLE\DALLE\Advanced\DALLE3\dalle3\202311011943129901ca391019566e\0fdf0b7a8f6d5665b4b9aac57fcc3508.jpg,1,ai,jpeg_q30,0.948893,1,1
data\wildfake\Images\Diffusion_based\DALLE\DALLE\Advanced\DALLE3\dalle3\202311011943129901ca391019566e\0fe6a99337a3a064cfd7098c6fdb779d.jpg,1,ai,jpeg_q30,0.938937,1,1
data\wildfake\Images\Diffusion_based\DALLE\DALLE\Advanced\DALLE3\dalle3\202311011943129901ca391019566e\0fec4331252d31b9656a36471008fcb6.jpg,1,ai,jpeg_q30,0.690431,1,1
data\wildfake\Images\Diffusion_based\DALLE\DALLE\Advanced\DALLE3\dalle3\202311011943129901ca391019566e\100221e516d4ff591861c174f9787d5b.jpg,1,ai,jpeg_q30,0.946181,1,1
data\wildfake\Images\Diffusion_based\DALLE\DALLE\Advanced\DALLE3\dalle3\202311011943129901ca391019566e\10a4632b25b8359db64edf3fb65a3831.jpg,1,ai,jpeg_q30,0.629793,1,1
data\wildfake\Images\Diffusion_based\DALLE\DALLE\Advanced\DALLE3\dalle3\202311011943129901ca391019566e\10b30af29c21b51dfe40704afe13743f.jpg,1,ai,jpeg_q30,0.994455,1,1
data\wildfake\Images\Diffusion_based\DALLE\DALLE\Advanced\DALLE3\dalle3\202311011943129901ca391019566e\10b75f96e27cf72a7db8ec1d16dcf0ba.jpg,1,ai,jpeg_q30,0.946582,1,1
data\wildfake\Images\Diffusion_based\DALLE\DALLE\Advanced\DALLE3\dalle3\202311011943129901ca391019566e\111eaa61713e75b690a716cd264cbe91.jpg,1,ai,jpeg_q30,0.850266,1,1
data\wildfake\Images\Diffusion_based\DALLE\DALLE\Advanced\DALLE3\dalle3\202311011943129901ca391019566e\113efca49b4dfadb29c4fd8f7fc531a9.jpg,1,ai,jpeg_q30,0.985005,1,1
data\wildfake\Images\Diffusion_based\DALLE\DALLE\Advanced\DALLE3\dalle3\202311011943129901ca391019566e\114de573889b1390cd4412fd2a813af5.jpg,1,ai,jpeg_q30,0.962692,1,1
data\wildfake\Images\Diffusion_based\DALLE\DALLE\Advanced\DALLE3\dalle3\202311011943129901ca391019566e\11999532bbb9818d7a8703db08eaa15f.jpg,1,ai,jpeg_q30,0.998910,1,1
data\wildfake\Images\Diffusion_based\DALLE\DALLE\Advanced\DALLE3\dalle3\202311011943129901ca391019566e\11a41e9baee00823583b98ec8af3b58c.jpg,1,ai,jpeg_q30,0.987384,1,1
data\wildfake\Images\Diffusion_based\DALLE\DALLE\Advanced\DALLE3\dalle3\202311011943129901ca391019566e\11e08bded1546d11b1190a0f1bd16d8a.jpg,1,ai,jpeg_q30,0.680852,1,1
data\wildfake\Images\Diffusion_based\DALLE\DALLE\Advanced\DALLE3\dalle3\202311011943129901ca391019566e\11fce2fd04967c0be72d6115c34e0244.jpg,1,ai,jpeg_q30,0.949218,1,1
data\wildfake\Images\Diffusion_based\DALLE\DALLE\Advanced\DALLE3\dalle3\202311011943129901ca391019566e\12199fc91d9b85047a0ea8b162a31ee7.jpg,1,ai,jpeg_q30,0.973241,1,1
data\wildfake\Images\Diffusion_based\DALLE\DALLE\Advanced\DALLE3\dalle3\202311011943129901ca391019566e\124585f0c7fc25a26a803023a694b229.jpg,1,ai,jpeg_q30,0.991055,1,1
data\wildfake\Images\Diffusion_based\DALLE\DALLE\Advanced\DALLE3\dalle3\202311011943129901ca391019566e\125a024f1f3ffbe093634bde85fa4fb4.jpg,1,ai,jpeg_q30,0.564386,1,1
data\wildfake\Images\Diffusion_based\DALLE\DALLE\Advanced\DALLE3\dalle3\202311011943129901ca391019566e\12668e1cffb82a97f3f06c0a84022c50.jpg,1,ai,jpeg_q30,0.997707,1,1
data\wildfake\Images\Diffusion_based\DALLE\DALLE\Advanced\DALLE3\dalle3\202311011943129901ca391019566e\129c9496f9fb40acffb64cbdafcdb889.jpg,1,ai,jpeg_q30,0.972310,1,1
data\wildfake\Images\Diffusion_based\DALLE\DALLE\Advanced\DALLE3\dalle3\202311011943129901ca391019566e\12f610d278da15eb3bd71fc134d2935c.jpg,1,ai,jpeg_q30,0.993662,1,1
data\wildfake\Images\Diffusion_based\DALLE\DALLE\Advanced\DALLE3\dalle3\202311011943129901ca391019566e\12f9f3e406c691cc5a748418a4819064.jpg,1,ai,jpeg_q30,0.991684,1,1
data\wildfake\Images\Diffusion_based\DALLE\DALLE\Advanced\DALLE3\dalle3\202311011943129901ca391019566e\134320da972b9965797f4911a35bcbb3.jpg,1,ai,jpeg_q30,0.982047,1,1
data\wildfake\Images\Diffusion_based\DALLE\DALLE\Advanced\DALLE3\dalle3\202311011943129901ca391019566e\1352abf7be43936f60f0aeb07d05b005.jpg,1,ai,jpeg_q30,0.890169,1,1
data\wildfake\Images\Diffusion_based\DALLE\DALLE\Advanced\DALLE3\dalle3\202311011943129901ca391019566e\135e3922663688f09953df4d67ff60d2.jpg,1,ai,jpeg_q30,0.958884,1,1
data\wildfake\Images\Diffusion_based\DALLE\DALLE\Advanced\DALLE3\dalle3\202311011943129901ca391019566e\138b74b95547c532e5b16c03bd936af0.jpg,1,ai,jpeg_q30,0.999767,1,1
data\wildfake\Images\Diffusion_based\DALLE\DALLE\Advanced\DALLE3\dalle3\202311011943129901ca391019566e\13fddd6cde4747405fcd15b83e3accd0.jpg,1,ai,jpeg_q30,0.516488,1,1
data\wildfake\Images\Diffusion_based\DALLE\DALLE\Advanced\DALLE3\dalle3\202311011943129901ca391019566e\143ed506925e7b32854daaba82a0cfc3.jpg,1,ai,jpeg_q30,0.984889,1,1
data\wildfake\Images\Diffusion_based\DALLE\DALLE\Advanced\DALLE3\dalle3\202311011943129901ca391019566e\14424c51c39e7367416871e162616f3f.jpg,1,ai,jpeg_q30,0.987932,1,1
data\wildfake\Images\Diffusion_based\DALLE\DALLE\Advanced\DALLE3\dalle3\202311011943129901ca391019566e\144b069908c5d833af3e1b448eeaf8e3.jpg,1,ai,jpeg_q30,0.988110,1,1
data\wildfake\Images\Diffusion_based\DALLE\DALLE\Advanced\DALLE3\dalle3\202311011943129901ca391019566e\145a49671427d119887821421de98970.jpg,1,ai,jpeg_q30,0.774994,1,1
data\wildfake\Images\Diffusion_based\DALLE\DALLE\Advanced\DALLE3\dalle3\202311011943129901ca391019566e\145c831f29f8bb4548d974d6f6bd67ec.jpg,1,ai,jpeg_q30,0.967099,1,1
data\wildfake\Images\Diffusion_based\DALLE\DALLE\Advanced\DALLE3\dalle3\202311011943129901ca391019566e\1465e000d91f2128157d4805279530a1.jpg,1,ai,jpeg_q30,0.860870,1,1
data\wildfake\Images\Diffusion_based\DALLE\DALLE\Advanced\DALLE3\dalle3\202311011943129901ca391019566e\146e40b2bfe919469fe34398818b2eaf.jpg,1,ai,jpeg_q30,0.983425,1,1
data\wildfake\Images\Diffusion_based\DALLE\DALLE\Advanced\DALLE3\dalle3\202311011943129901ca391019566e\149de138ef77950b20fdfff261c6f0d3.jpg,1,ai,jpeg_q30,0.762233,1,1
data\wildfake\Images\Diffusion_based\DALLE\DALLE\Advanced\DALLE3\dalle3\202311011943129901ca391019566e\14bfa56cfa34f18e266657328306c4c3.jpg,1,ai,jpeg_q30,0.992382,1,1
data\wildfake\Images\Diffusion_based\DALLE\DALLE\Advanced\DALLE3\dalle3\202311011943129901ca391019566e\14c7e46722a5c8b5cf956387ad8cb928.jpg,1,ai,jpeg_q30,0.664178,1,1
data\wildfake\Images\Diffusion_based\DALLE\DALLE\Advanced\DALLE3\dalle3\202311011943129901ca391019566e\14eecf455f810645a93b47ae54718217.jpg,1,ai,jpeg_q30,0.995996,1,1
data\wildfake\Images\Diffusion_based\DALLE\DALLE\Advanced\DALLE3\dalle3\202311011943129901ca391019566e\150d00c6714464229268a4e5a00cb091.jpg,1,ai,jpeg_q30,0.948086,1,1
data\wildfake\Images\Diffusion_based\DALLE\DALLE\Advanced\DALLE3\dalle3\202311011943129901ca391019566e\1562c833ea47ced770924ee187444034.jpg,1,ai,jpeg_q30,0.452627,0,0
data\wildfake\Images\Diffusion_based\DALLE\DALLE\Advanced\DALLE3\dalle3\202311011943129901ca391019566e\15673c5eaafff8b18498d73f48112e35.jpg,1,ai,jpeg_q30,0.996259,1,1
data\wildfake\Images\Diffusion_based\DALLE\DALLE\Advanced\DALLE3\dalle3\202311011943129901ca391019566e\157066375504df33728399cfc83fc298.jpg,1,ai,jpeg_q30,0.717548,1,1
data\wildfake\Images\Diffusion_based\DALLE\DALLE\Advanced\DALLE3\dalle3\202311011943129901ca391019566e\158191e5ae2eee816f605c475ae1605b.jpg,1,ai,jpeg_q30,0.985684,1,1
data\wildfake\Images\Diffusion_based\DALLE\DALLE\Advanced\DALLE3\dalle3\202311011943129901ca391019566e\158d85a64ca66f1c1ff0d14027e33b54.jpg,1,ai,jpeg_q30,0.915003,1,1
data\wildfake\Images\Diffusion_based\DALLE\DALLE\Advanced\DALLE3\dalle3\202311011943129901ca391019566e\15ceb3020f0ec8775788b1dbed61ce2b.jpg,1,ai,jpeg_q30,0.989417,1,1
data\wildfake\Images\Diffusion_based\DALLE\DALLE\Advanced\DALLE3\dalle3\202311011943129901ca391019566e\15dae765b38b8a0804ab91b1a7d5308a.jpg,1,ai,jpeg_q30,0.568921,1,1
data\wildfake\Images\Diffusion_based\DALLE\DALLE\Advanced\DALLE3\dalle3\202311011943129901ca391019566e\15e9e309697a9b5abd17effe1e7a0cfd.jpg,1,ai,jpeg_q30,0.745074,1,1
data\wildfake\Images\Diffusion_based\DALLE\DALLE\Advanced\DALLE3\dalle3\202311011943129901ca391019566e\160dbee2eb3f281ca7993885872dda44.jpg,1,ai,jpeg_q30,0.940259,1,1
data\wildfake\Images\Diffusion_based\DALLE\DALLE\Advanced\DALLE3\dalle3\202311011943129901ca391019566e\1620ae43681077db5f43ff30ca4863b9.jpg,1,ai,jpeg_q30,0.988202,1,1
data\wildfake\Images\Diffusion_based\DALLE\DALLE\Advanced\DALLE3\dalle3\202311011943129901ca391019566e\163793038151368b50a4fb0e7c6e3d29.jpg,1,ai,jpeg_q30,0.770570,1,1
data\wildfake\Images\Diffusion_based\DALLE\DALLE\Advanced\DALLE3\dalle3\202311011943129901ca391019566e\1645a93cc6285586ac2bab5006867a75.jpg,1,ai,jpeg_q30,0.915306,1,1
data\wildfake\Images\Diffusion_based\DALLE\DALLE\Advanced\DALLE3\dalle3\202311011943129901ca391019566e\16562af0480008ef2a9718369f47ab54.jpg,1,ai,jpeg_q30,0.990564,1,1
data\wildfake\Images\Diffusion_based\DALLE\DALLE\Advanced\DALLE3\dalle3\202311011943129901ca391019566e\165cb2107bdf2ac6e061909655382eb5.jpg,1,ai,jpeg_q30,0.971955,1,1
data\wildfake\Images\Diffusion_based\DALLE\DALLE\Advanced\DALLE3\dalle3\202311011943129901ca391019566e\166efc8a9b28dd09bf5321a6c4cf5d8a.jpg,1,ai,jpeg_q30,0.520380,1,1
data\wildfake\Images\Diffusion_based\DALLE\DALLE\Advanced\DALLE3\dalle3\202311011943129901ca391019566e\170709830122acd1a91b177a54f8d163.jpg,1,ai,jpeg_q30,0.907060,1,1
data\wildfake\Images\Diffusion_based\DALLE\DALLE\Advanced\DALLE3\dalle3\202311011943129901ca391019566e\17451bcbdf00df3209d5ce1ff95e6369.jpg,1,ai,jpeg_q30,0.977507,1,1
data\wildfake\Images\Diffusion_based\DALLE\DALLE\Advanced\DALLE3\dalle3\202311011943129901ca391019566e\17633ed5a54b17ba87ebc6b49d4ab116.jpg,1,ai,jpeg_q30,0.940513,1,1
data\wildfake\Images\Diffusion_based\DALLE\DALLE\Advanced\DALLE3\dalle3\202311011943129901ca391019566e\1768a24885692ea4bdb21b57183594fc.jpg,1,ai,jpeg_q30,0.844086,1,1
data\wildfake\Images\Diffusion_based\DALLE\DALLE\Advanced\DALLE3\dalle3\202311011943129901ca391019566e\1773bbe9e6e714e61b65a44de692ce6a.jpg,1,ai,jpeg_q30,0.930131,1,1
data\wildfake\Images\Diffusion_based\DALLE\DALLE\Advanced\DALLE3\dalle3\202311011943129901ca391019566e\1789b66cfae0c3e92b39da83695acddd.jpg,1,ai,jpeg_q30,0.938272,1,1
data\wildfake\Images\Diffusion_based\DALLE\DALLE\Advanced\DALLE3\dalle3\202311011943129901ca391019566e\17a16edd797318e2ed94bb0519b9439c.jpg,1,ai,jpeg_q30,0.978855,1,1
data\wildfake\Images\Diffusion_based\DALLE\DALLE\Advanced\DALLE3\dalle3\202311011943129901ca391019566e\17b14fdfe6818265b8d68545b8867301.jpg,1,ai,jpeg_q30,0.854954,1,1
data\wildfake\Images\Diffusion_based\DALLE\DALLE\Advanced\DALLE3\dalle3\202311011943129901ca391019566e\17d3c25db1e85811c32d9077a57f6eb2.jpg,1,ai,jpeg_q30,0.714331,1,1
data\wildfake\Images\Diffusion_based\DALLE\DALLE\Advanced\DALLE3\dalle3\202311011943129901ca391019566e\17fd288a4732aa031001c881513470cb.jpg,1,ai,jpeg_q30,0.997812,1,1
data\wildfake\Images\Diffusion_based\DALLE\DALLE\Advanced\DALLE3\dalle3\202311011943129901ca391019566e\1843377b601721accded9c3030178165.jpg,1,ai,jpeg_q30,0.992208,1,1
data\wildfake\Images\Diffusion_based\DALLE\DALLE\Advanced\DALLE3\dalle3\202311011943129901ca391019566e\186d5d8372701b8e0a8d006e268e9930.jpg,1,ai,jpeg_q30,0.997903,1,1
data\wildfake\Images\Diffusion_based\DALLE\DALLE\Advanced\DALLE3\dalle3\202311011943129901ca391019566e\18f4cc72459f730f8b7a3470b89b9434.jpg,1,ai,jpeg_q30,0.958520,1,1
data\wildfake\Images\Diffusion_based\DALLE\DALLE\Advanced\DALLE3\dalle3\202311011943129901ca391019566e\19005e511148e095ed978622ff646cf5.jpg,1,ai,jpeg_q30,0.470335,0,0
data\wildfake\Images\Diffusion_based\DALLE\DALLE\Advanced\DALLE3\dalle3\202311011943129901ca391019566e\192fe83831eb438961e0bf35700ff7e4.jpg,1,ai,jpeg_q30,0.876849,1,1
data\wildfake\Images\Diffusion_based\DALLE\DALLE\Advanced\DALLE3\dalle3\202311011943129901ca391019566e\193f49a3fcb7bc6a6d959dd2191fc94a.jpg,1,ai,jpeg_q30,0.816518,1,1
data\wildfake\Images\Diffusion_based\DALLE\DALLE\Advanced\DALLE3\dalle3\202311011943129901ca391019566e\194b53f14214b8b3f77f57028df17ea7.jpg,1,ai,jpeg_q30,0.985958,1,1
data\wildfake\Images\Diffusion_based\DALLE\DALLE\Advanced\DALLE3\dalle3\202311011943129901ca391019566e\19780b1dbfaf4e9adc70395200ee7bd6.jpg,1,ai,jpeg_q30,0.963885,1,1
data\wildfake\Images\Diffusion_based\DALLE\DALLE\Advanced\DALLE3\dalle3\202311011943129901ca391019566e\19b2fe020996ae4ecf90642d00c7a4dc.jpg,1,ai,jpeg_q30,0.997260,1,1
data\wildfake\Images\Diffusion_based\DALLE\DALLE\Advanced\DALLE3\dalle3\202311011943129901ca391019566e\19e6b577fefa1ae1a478e0a0d1c4dbbe.jpg,1,ai,jpeg_q30,0.977559,1,1
data\wildfake\Images\Diffusion_based\DALLE\DALLE\Advanced\DALLE3\dalle3\202311011943129901ca391019566e\19eb1c46e83c41a5932abeea1a0546a5.jpg,1,ai,jpeg_q30,0.942987,1,1
data\wildfake\Images\Diffusion_based\DALLE\DALLE\Advanced\DALLE3\dalle3\202311011943129901ca391019566e\19fa205d91cbebb195345d174e182b80.jpg,1,ai,jpeg_q30,0.964607,1,1
data\wildfake\Images\Diffusion_based\DALLE\DALLE\Advanced\DALLE3\dalle3\202311011943129901ca391019566e\1a3b024b0e39e41137b6ef08d26bd3ea.jpg,1,ai,jpeg_q30,0.993442,1,1
data\wildfake\Images\Diffusion_based\DALLE\DALLE\Advanced\DALLE3\dalle3\202311011943129901ca391019566e\1a5022515a79050e910902109eda6f5e.jpg,1,ai,jpeg_q30,0.769912,1,1
data\wildfake\Images\Diffusion_based\DALLE\DALLE\Advanced\DALLE3\dalle3\202311011943129901ca391019566e\1a8b8a3d3eda638dda7772ab0bed80a5.jpg,1,ai,jpeg_q30,0.987134,1,1
data\wildfake\Images\Diffusion_based\DALLE\DALLE\Advanced\DALLE3\dalle3\202311011943129901ca391019566e\1a9fa2a6430987459636043607cc4ef3.jpg,1,ai,jpeg_q30,0.996519,1,1
data\wildfake\Images\Diffusion_based\DALLE\DALLE\Advanced\DALLE3\dalle3\202311011943129901ca391019566e\1ab0a3cb9cd675a28cdaa9bb26177459.jpg,1,ai,jpeg_q30,0.996593,1,1
data\wildfake\Images\Diffusion_based\DALLE\DALLE\Advanced\DALLE3\dalle3\202311011943129901ca391019566e\1ac74c7c8c97664239a77de513a212ba.jpg,1,ai,jpeg_q30,0.180720,0,0
data\wildfake\Images\Diffusion_based\DALLE\DALLE\Advanced\DALLE3\dalle3\202311011943129901ca391019566e\1b2381e4458c5e0abbdf09fc983a289b.jpg,1,ai,jpeg_q30,0.899351,1,1
data\wildfake\Images\Diffusion_based\DALLE\DALLE\Advanced\DALLE3\dalle3\202311011943129901ca391019566e\1b2d822481485fc0cbe2bce8106316af.jpg,1,ai,jpeg_q30,0.985816,1,1
data\wildfake\Images\Diffusion_based\DALLE\DALLE\Advanced\DALLE3\dalle3\202311011943129901ca391019566e\1b4acf6a4d62581b89b003f0392f4bda.jpg,1,ai,jpeg_q30,0.621085,1,1
data\wildfake\Images\Diffusion_based\DALLE\DALLE\Advanced\DALLE3\dalle3\202311011943129901ca391019566e\1ba3ed35be9bd907a1010ff8131a2f96.jpg,1,ai,jpeg_q30,0.946310,1,1
data\wildfake\Images\Diffusion_based\DALLE\DALLE\Advanced\DALLE3\dalle3\202311011943129901ca391019566e\1ba71688207f99e835566aeb657c249e.jpg,1,ai,jpeg_q30,0.875919,1,1
data\wildfake\Images\Diffusion_based\DALLE\DALLE\Advanced\DALLE3\dalle3\202311011943129901ca391019566e\1bad98fd644e170c35c005b344810408.jpg,1,ai,jpeg_q30,0.928431,1,1
data\wildfake\Images\Diffusion_based\DALLE\DALLE\Advanced\DALLE3\dalle3\202311011943129901ca391019566e\1bcc29f8fa9394ad10c42d1c3502eba6.jpg,1,ai,jpeg_q30,0.953588,1,1
data\wildfake\Images\Diffusion_based\DALLE\DALLE\Advanced\DALLE3\dalle3\202311011943129901ca391019566e\1bd1c793df70dc7b8a611805be8d986d.jpg,1,ai,jpeg_q30,0.990900,1,1
data\wildfake\Images\Diffusion_based\DALLE\DALLE\Advanced\DALLE3\dalle3\202311011943129901ca391019566e\1beb06d056dea8e8ea477618aed96bcb.jpg,1,ai,jpeg_q30,0.976360,1,1
data\wildfake\Images\Diffusion_based\DALLE\DALLE\Advanced\DALLE3\dalle3\202311011943129901ca391019566e\1c0c0d3552dc4d8770308b7f3579328c.jpg,1,ai,jpeg_q30,0.946077,1,1
data\wildfake\Images\Diffusion_based\DALLE\DALLE\Advanced\DALLE3\dalle3\202311011943129901ca391019566e\1c33a8cc97c3f594bc3127f9a1dfc2fb.jpg,1,ai,jpeg_q30,0.907510,1,1
data\wildfake\Images\Diffusion_based\DALLE\DALLE\Advanced\DALLE3\dalle3\202311011943129901ca391019566e\1c3a3c42eb20e435007f09086d61194b.jpg,1,ai,jpeg_q30,0.948692,1,1
data\wildfake\Images\Diffusion_based\DALLE\DALLE\Advanced\DALLE3\dalle3\202311011943129901ca391019566e\1c4fd32ed56bed50810ead79661b7c5a.jpg,1,ai,jpeg_q30,0.847460,1,1
data\wildfake\Images\Diffusion_based\DALLE\DALLE\Advanced\DALLE3\dalle3\202311011943129901ca391019566e\1c5717661344d68c9d4b75d9b15a1e47.jpg,1,ai,jpeg_q30,0.988517,1,1
data\wildfake\Images\Diffusion_based\DALLE\DALLE\Advanced\DALLE3\dalle3\202311011943129901ca391019566e\1c87432cf9bd4d371e9c05ad7515d6d7.jpg,1,ai,jpeg_q30,0.902564,1,1
data\wildfake\Images\Diffusion_based\DALLE\DALLE\Advanced\DALLE3\dalle3\202311011943129901ca391019566e\1d010a72d6a8828ae276938b363edf1c.jpg,1,ai,jpeg_q30,0.948068,1,1
data\wildfake\Images\Diffusion_based\DALLE\DALLE\Advanced\DALLE3\dalle3\202311011943129901ca391019566e\1d1791e9159a3e3b866a792ad9936775.jpg,1,ai,jpeg_q30,0.993273,1,1
data\wildfake\Images\Diffusion_based\DALLE\DALLE\Advanced\DALLE3\dalle3\202311011943129901ca391019566e\1d56d34817b41b3dc2a69766c0784569.jpg,1,ai,jpeg_q30,0.967944,1,1
data\wildfake\Images\Diffusion_based\DALLE\DALLE\Advanced\DALLE3\dalle3\202311011943129901ca391019566e\1d9e26c2fc2a9262d27770387cab276e.jpg,1,ai,jpeg_q30,0.953251,1,1
data\wildfake\Images\Diffusion_based\DALLE\DALLE\Advanced\DALLE3\dalle3\202311011943129901ca391019566e\1dbcb985faa6e548489de57abe132b68.jpg,1,ai,jpeg_q30,0.885560,1,1
data\wildfake\Images\Diffusion_based\DALLE\DALLE\Advanced\DALLE3\dalle3\202311011943129901ca391019566e\1ddb80aad2461f122817ec9d11c83772.jpg,1,ai,jpeg_q30,0.906951,1,1
data\wildfake\Images\Diffusion_based\DALLE\DALLE\Advanced\DALLE3\dalle3\202311011943129901ca391019566e\1e47e41e0803aae92c966977938afb46.jpg,1,ai,jpeg_q30,0.919428,1,1
data\wildfake\Images\Diffusion_based\DALLE\DALLE\Advanced\DALLE3\dalle3\202311011943129901ca391019566e\1e840936745b78d2c87de3246ce087e9.jpg,1,ai,jpeg_q30,0.947426,1,1
data\wildfake\Images\Diffusion_based\DALLE\DALLE\Advanced\DALLE3\dalle3\202311011943129901ca391019566e\1ec13ac183e8bf2428394bcc12bec874.jpg,1,ai,jpeg_q30,0.954253,1,1
data\wildfake\Images\Diffusion_based\DALLE\DALLE\Advanced\DALLE3\dalle3\202311011943129901ca391019566e\1f4afce6752d667361835865f8124481.jpg,1,ai,jpeg_q30,0.735170,1,1
data\wildfake\Images\Diffusion_based\DALLE\DALLE\Advanced\DALLE3\dalle3\202311011943129901ca391019566e\1f67be9fe2a328610312003063c63761.jpg,1,ai,jpeg_q30,0.996846,1,1
data\wildfake\Images\Diffusion_based\DALLE\DALLE\Advanced\DALLE3\dalle3\202311011943129901ca391019566e\1f827642ba09be33c8984fef7b49a78d.jpg,1,ai,jpeg_q30,0.988343,1,1
data\wildfake\Images\Diffusion_based\DALLE\DALLE\Advanced\DALLE3\dalle3\202311011943129901ca391019566e\1fbc0f4bd779e2746ef6423bed694855.jpg,1,ai,jpeg_q30,0.626011,1,1
data\wildfake\Images\Diffusion_based\DALLE\DALLE\Advanced\DALLE3\dalle3\202311011943129901ca391019566e\1ff97b617a2010ba1d499268994ffb1d.jpg,1,ai,jpeg_q30,0.309883,0,0
data\wildfake\Images\Diffusion_based\DALLE\DALLE\Advanced\DALLE3\dalle3\202311011943129901ca391019566e\200ca0d1889a556d0068eb3715d04128.jpg,1,ai,jpeg_q30,0.666467,1,1
data\wildfake\Images\Diffusion_based\DALLE\DALLE\Advanced\DALLE3\dalle3\202311011943129901ca391019566e\200fdff4ea13388e9e235094339a01ef.jpg,1,ai,jpeg_q30,0.929457,1,1
data\wildfake\Images\Diffusion_based\DALLE\DALLE\Advanced\DALLE3\dalle3\202311011943129901ca391019566e\202129ee68b9337c7f43c86b99256250.jpg,1,ai,jpeg_q30,0.823355,1,1
data\wildfake\Images\Diffusion_based\DALLE\DALLE\Advanced\DALLE3\dalle3\202311011943129901ca391019566e\206ad045c342e398fbc8d920c41f5c35.jpg,1,ai,jpeg_q30,0.864117,1,1
data\wildfake\Images\Diffusion_based\DALLE\DALLE\Advanced\DALLE3\dalle3\202311011943129901ca391019566e\20768ef53dcdaf863df339568b280ec2.jpg,1,ai,jpeg_q30,0.254911,0,0
data\wildfake\Images\Diffusion_based\DALLE\DALLE\Advanced\DALLE3\dalle3\202311011943129901ca391019566e\20a018543ff917bd3e067a9d918b0c1a.jpg,1,ai,jpeg_q30,0.945584,1,1
data\wildfake\Images\Diffusion_based\DALLE\DALLE\Advanced\DALLE3\dalle3\202311011943129901ca391019566e\20ab8b1b8b8b51434ac776a665222b66.jpg,1,ai,jpeg_q30,0.948330,1,1
data\wildfake\Images\Diffusion_based\DALLE\DALLE\Advanced\DALLE3\dalle3\202311011943129901ca391019566e\20abed32990a6c32807bc52b68f8c116.jpg,1,ai,jpeg_q30,0.966474,1,1
data\wildfake\Images\Diffusion_based\DALLE\DALLE\Advanced\DALLE3\dalle3\202311011943129901ca391019566e\20fb65acd9c4e2758d094564e88c0605.jpg,1,ai,jpeg_q30,0.847872,1,1
data\wildfake\Images\Diffusion_based\DALLE\DALLE\Advanced\DALLE3\dalle3\202311011943129901ca391019566e\2120baa1c39f7d68ec43b8e89350cbcf.jpg,1,ai,jpeg_q30,0.957841,1,1
data\wildfake\Images\Diffusion_based\DALLE\DALLE\Advanced\DALLE3\dalle3\202311011943129901ca391019566e\21327580217c47a87b27f435c60e4b7b.jpg,1,ai,jpeg_q30,0.955670,1,1
data\wildfake\Images\Diffusion_based\DALLE\DALLE\Advanced\DALLE3\dalle3\202311011943129901ca391019566e\215cde3f0c01ce8b74d4493c9d1a2693.jpg,1,ai,jpeg_q30,0.564793,1,1
data\wildfake\Images\Diffusion_based\DALLE\DALLE\Advanced\DALLE3\dalle3\202311011943129901ca391019566e\2165259beffedee2969d07846aba6003.jpg,1,ai,jpeg_q30,0.989777,1,1
data\wildfake\Images\Diffusion_based\DALLE\DALLE\Advanced\DALLE3\dalle3\202311011943129901ca391019566e\219fce894b6d9c7b46d5de58e7493578.jpg,1,ai,jpeg_q30,0.921200,1,1
data\wildfake\Images\Diffusion_based\DALLE\DALLE\Advanced\DALLE3\dalle3\202311011943129901ca391019566e\21b32d1de5e001c1b07b25738265e57a.jpg,1,ai,jpeg_q30,0.990164,1,1
data\wildfake\Images\Diffusion_based\DALLE\DALLE\Advanced\DALLE3\dalle3\202311011943129901ca391019566e\21b99519f3170266d325bf919ac59a0c.jpg,1,ai,jpeg_q30,0.984627,1,1
data\wildfake\Images\Diffusion_based\DALLE\DALLE\Advanced\DALLE3\dalle3\202311011943129901ca391019566e\21d07ab8c6ca5829e8b62e7c3ee8ea7f.jpg,1,ai,jpeg_q30,0.869373,1,1
data\wildfake\Images\Diffusion_based\DALLE\DALLE\Advanced\DALLE3\dalle3\202311011943129901ca391019566e\22117ddcb0340b426eb340780968517a.jpg,1,ai,jpeg_q30,0.983325,1,1
data\wildfake\Images\Diffusion_based\DALLE\DALLE\Advanced\DALLE3\dalle3\202311011943129901ca391019566e\2220e18282218193049ed45b67b61949.jpg,1,ai,jpeg_q30,0.998417,1,1
data\wildfake\Images\Diffusion_based\DALLE\DALLE\Advanced\DALLE3\dalle3\202311011943129901ca391019566e\22737dbf71b8ce8da4ec3cd585fd0883.jpg,1,ai,jpeg_q30,0.964489,1,1
data\wildfake\Images\Diffusion_based\DALLE\DALLE\Advanced\DALLE3\dalle3\202311011943129901ca391019566e\22c068a822ad867f58f80740fee0164b.jpg,1,ai,jpeg_q30,0.742275,1,1
data\wildfake\Images\Diffusion_based\DALLE\DALLE\Advanced\DALLE3\dalle3\202311011943129901ca391019566e\23d0530d20bdd7834e4b7bf6e06dcc4c.jpg,1,ai,jpeg_q30,0.765818,1,1
data\wildfake\Images\Diffusion_based\DALLE\DALLE\Advanced\DALLE3\dalle3\202311011943129901ca391019566e\23d4f1810767daab0cd79f1f28938b85.jpg,1,ai,jpeg_q30,0.890799,1,1
data\wildfake\Images\Diffusion_based\DALLE\DALLE\Advanced\DALLE3\dalle3\202311011943129901ca391019566e\23d6091b55599f27dc52facb36350a46.jpg,1,ai,jpeg_q30,0.917260,1,1
data\wildfake\Images\Diffusion_based\DALLE\DALLE\Advanced\DALLE3\dalle3\202311011943129901ca391019566e\23e02d35eba5d9089cd28de285b1b7a8.jpg,1,ai,jpeg_q30,0.981629,1,1
data\wildfake\Images\Diffusion_based\DALLE\DALLE\Advanced\DALLE3\dalle3\202311011943129901ca391019566e\2424f97b93a5304e497057f339bb0150.jpg,1,ai,jpeg_q30,0.996144,1,1
data\wildfake\Images\Diffusion_based\DALLE\DALLE\Advanced\DALLE3\dalle3\202311011943129901ca391019566e\24279c06dee893328230ba3a3b07d6f4.jpg,1,ai,jpeg_q30,0.873311,1,1
data\wildfake\Images\Diffusion_based\DALLE\DALLE\Advanced\DALLE3\dalle3\202311011943129901ca391019566e\2445ca045f03d71680bdb1e14c95c1c0.jpg,1,ai,jpeg_q30,0.994146,1,1
data\wildfake\Images\Diffusion_based\DALLE\DALLE\Advanced\DALLE3\dalle3\202311011943129901ca391019566e\24520f53b41d702cb03d64cbbad917d0.jpg,1,ai,jpeg_q30,0.906990,1,1
data\wildfake\Images\Diffusion_based\DALLE\DALLE\Advanced\DALLE3\dalle3\202311011943129901ca391019566e\24cddc00a9d8043afa58a5c21190a200.jpg,1,ai,jpeg_q30,0.943297,1,1
data\wildfake\Images\Diffusion_based\DALLE\DALLE\Advanced\DALLE3\dalle3\202311011943129901ca391019566e\24d8f8c33ebf2fb0027fb4ba0efa65c9.jpg,1,ai,jpeg_q30,0.859717,1,1
data\wildfake\Images\Diffusion_based\DALLE\DALLE\Advanced\DALLE3\dalle3\202311011943129901ca391019566e\24dc50c8caf89d08f8457fc8b76a3d79.jpg,1,ai,jpeg_q30,0.992961,1,1
data\wildfake\Images\Diffusion_based\DALLE\DALLE\Advanced\DALLE3\dalle3\202311011943129901ca391019566e\251f4c46046dea63ec695bcd3954bc46.jpg,1,ai,jpeg_q30,0.964057,1,1
data\wildfake\Images\Diffusion_based\DALLE\DALLE\Advanced\DALLE3\dalle3\202311011943129901ca391019566e\25315324a02ab280c84592a11d3d65d2.jpg,1,ai,jpeg_q30,0.982756,1,1
data\wildfake\Images\Diffusion_based\DALLE\DALLE\Advanced\DALLE3\dalle3\202311011943129901ca391019566e\266b1a0f44f0ccfd8c7babee949d54f2.jpg,1,ai,jpeg_q30,0.936855,1,1
data\wildfake\Images\Diffusion_based\DALLE\DALLE\Advanced\DALLE3\dalle3\202311011943129901ca391019566e\26a06b3b925d71cbd14e1d93b91c3518.jpg,1,ai,jpeg_q30,0.988262,1,1
data\wildfake\Images\Diffusion_based\DALLE\DALLE\Advanced\DALLE3\dalle3\202311011943129901ca391019566e\26e9f580c486a74f4730013128aa1628.jpg,1,ai,jpeg_q30,0.821151,1,1
data\wildfake\Images\Diffusion_based\DALLE\DALLE\Advanced\DALLE3\dalle3\202311011943129901ca391019566e\273f7e17db0fa27c4b098b50f12793d4.jpg,1,ai,jpeg_q30,0.998738,1,1
data\wildfake\Images\Diffusion_based\DALLE\DALLE\Advanced\DALLE3\dalle3\202311011943129901ca391019566e\2741601c9df7feece2ec2d6dd736e3e6.jpg,1,ai,jpeg_q30,0.465098,0,0
data\wildfake\Images\Diffusion_based\DALLE\DALLE\Advanced\DALLE3\dalle3\202311011943129901ca391019566e\2758d67d642f975d28ba66e08f99f682.jpg,1,ai,jpeg_q30,0.871204,1,1
data\wildfake\Images\Diffusion_based\DALLE\DALLE\Advanced\DALLE3\dalle3\202311011943129901ca391019566e\27603ed699b0cdcba8f93b98f7c26c18.jpg,1,ai,jpeg_q30,0.812261,1,1
data\wildfake\Images\Diffusion_based\DALLE\DALLE\Advanced\DALLE3\dalle3\202311011943129901ca391019566e\27a39f309e630becf0b4190c3451af79.jpg,1,ai,jpeg_q30,0.946862,1,1
data\wildfake\Images\Diffusion_based\DALLE\DALLE\Advanced\DALLE3\dalle3\202311011943129901ca391019566e\27aa87d93c97720af6e3faf1f97d3404.jpg,1,ai,jpeg_q30,0.963661,1,1
data\wildfake\Images\Diffusion_based\DALLE\DALLE\Advanced\DALLE3\dalle3\202311011943129901ca391019566e\28002ab34f92fbd2f654a7eb386b970b.jpg,1,ai,jpeg_q30,0.941908,1,1
data\wildfake\Images\Diffusion_based\DALLE\DALLE\Advanced\DALLE3\dalle3\202311011943129901ca391019566e\280516b7c009bfd9e1764aa60ca15212.jpg,1,ai,jpeg_q30,0.990453,1,1
data\wildfake\Images\Diffusion_based\DALLE\DALLE\Advanced\DALLE3\dalle3\202311011943129901ca391019566e\280ddc85097e9e98fd41d48bb843ba12.jpg,1,ai,jpeg_q30,0.877374,1,1
data\wildfake\Images\Diffusion_based\DALLE\DALLE\Advanced\DALLE3\dalle3\202311011943129901ca391019566e\281463519a99dcf7289ae19c233a828e.jpg,1,ai,jpeg_q30,0.993737,1,1
data\wildfake\Images\Diffusion_based\DALLE\DALLE\Advanced\DALLE3\dalle3\202311011943129901ca391019566e\283d27b212907668f6fe714f8a8d3126.jpg,1,ai,jpeg_q30,0.999519,1,1
data\wildfake\Images\Diffusion_based\DALLE\DALLE\Advanced\DALLE3\dalle3\202311011943129901ca391019566e\284730af67d18cd1fdb82e6180a534ea.jpg,1,ai,jpeg_q30,0.600672,1,1
data\wildfake\Images\Diffusion_based\DALLE\DALLE\Advanced\DALLE3\dalle3\202311011943129901ca391019566e\285eb0abc96d216b1177df2150388566.jpg,1,ai,jpeg_q30,0.868858,1,1
data\wildfake\Images\Diffusion_based\DALLE\DALLE\Advanced\DALLE3\dalle3\202311011943129901ca391019566e\287c0539b2de4bdd47dbe548d3a53a33.jpg,1,ai,jpeg_q30,0.998557,1,1
data\wildfake\Images\Diffusion_based\DALLE\DALLE\Advanced\DALLE3\dalle3\202311011943129901ca391019566e\2889aa3b1659714beca2666db9661eca.jpg,1,ai,jpeg_q30,0.868268,1,1
data\wildfake\Images\Diffusion_based\DALLE\DALLE\Advanced\DALLE3\dalle3\202311011943129901ca391019566e\288abfe8473120a0a7d1b5b7837b03f5.jpg,1,ai,jpeg_q30,0.990794,1,1
data\wildfake\Images\Diffusion_based\DALLE\DALLE\Advanced\DALLE3\dalle3\202311011943129901ca391019566e\2899508832ea7671fa1d9d27748c9f3b.jpg,1,ai,jpeg_q30,0.967857,1,1
data\wildfake\Images\Diffusion_based\DALLE\DALLE\Advanced\DALLE3\dalle3\202311011943129901ca391019566e\28b0d18ffc7de41085f9290236ae9e66.jpg,1,ai,jpeg_q30,0.677699,1,1
data\wildfake\Images\Diffusion_based\DALLE\DALLE\Advanced\DALLE3\dalle3\202311011943129901ca391019566e\28c739bc80372d76ba5e2e73f38188c0.jpg,1,ai,jpeg_q30,0.928936,1,1
data\wildfake\Images\Diffusion_based\DALLE\DALLE\Advanced\DALLE3\dalle3\202311011943129901ca391019566e\294de44e036b179ca0018c11d4a5087a.jpg,1,ai,jpeg_q30,0.982538,1,1
data\wildfake\Images\Diffusion_based\DALLE\DALLE\Advanced\DALLE3\dalle3\202311011943129901ca391019566e\295380882b0adcc9d1eb9c8d3763d723.jpg,1,ai,jpeg_q30,0.255169,0,0
data\wildfake\Images\Diffusion_based\DALLE\DALLE\Advanced\DALLE3\dalle3\202311011943129901ca391019566e\29815b2d3496faff16f372aea636b903.jpg,1,ai,jpeg_q30,0.937122,1,1
data\wildfake\Images\Diffusion_based\DALLE\DALLE\Advanced\DALLE3\dalle3\202311011943129901ca391019566e\2996bed4f9cd631835249fd365709b45.jpg,1,ai,jpeg_q30,0.998454,1,1
data\wildfake\Images\Diffusion_based\DALLE\DALLE\Advanced\DALLE3\dalle3\202311011943129901ca391019566e\29d9713e54f6caee52bc489a743a6840.jpg,1,ai,jpeg_q30,0.997761,1,1
data\wildfake\Images\Diffusion_based\DALLE\DALLE\Advanced\DALLE3\dalle3\202311011943129901ca391019566e\2a329dac55a299eba38d51ae20ff5bd3.jpg,1,ai,jpeg_q30,0.994824,1,1
data\wildfake\Images\Diffusion_based\DALLE\DALLE\Advanced\DALLE3\dalle3\202311011943129901ca391019566e\2a69ff3713d4b2ba1757164c085ade21.jpg,1,ai,jpeg_q30,0.842674,1,1
data\wildfake\Images\Diffusion_based\DALLE\DALLE\Advanced\DALLE3\dalle3\202311011943129901ca391019566e\2a9297148ff24d0010c68ccb302c1b7b.jpg,1,ai,jpeg_q30,0.895873,1,1
data\wildfake\Images\Diffusion_based\DALLE\DALLE\Advanced\DALLE3\dalle3\202311011943129901ca391019566e\2a99e610a0855229e120a8383d04e592.jpg,1,ai,jpeg_q30,0.895723,1,1
data\wildfake\Images\Diffusion_based\DALLE\DALLE\Advanced\DALLE3\dalle3\202311011943129901ca391019566e\2abd7c1847e9e618a0e99054891c699d.jpg,1,ai,jpeg_q30,0.935704,1,1
data\wildfake\Images\Diffusion_based\DALLE\DALLE\Advanced\DALLE3\dalle3\202311011943129901ca391019566e\2af852d4196a4b8c505b03b5a7be1d87.jpg,1,ai,jpeg_q30,0.949775,1,1
data\wildfake\Images\Diffusion_based\DALLE\DALLE\Advanced\DALLE3\dalle3\202311011943129901ca391019566e\2b2b0561e0554b6365fc2706d57f2917.jpg,1,ai,jpeg_q30,0.762921,1,1
data\wildfake\Images\Diffusion_based\DALLE\DALLE\Advanced\DALLE3\dalle3\202311011943129901ca391019566e\2b30b7f64b701044c567458ceac10f02.jpg,1,ai,jpeg_q30,0.984224,1,1
data\wildfake\Images\Diffusion_based\DALLE\DALLE\Advanced\DALLE3\dalle3\202311011943129901ca391019566e\2b3b1fd6b38c4460e59e037aa1197d49.jpg,1,ai,jpeg_q30,0.973813,1,1
data\wildfake\Images\Diffusion_based\DALLE\DALLE\Advanced\DALLE3\dalle3\202311011943129901ca391019566e\2b6b12823c02237b6f4afa37e23fa6e7.jpg,1,ai,jpeg_q30,0.984868,1,1
data\wildfake\Images\Diffusion_based\DALLE\DALLE\Advanced\DALLE3\dalle3\202311011943129901ca391019566e\2b73c04219189c7aba28d7480a0c4d69.jpg,1,ai,jpeg_q30,0.909276,1,1
data\wildfake\Images\Diffusion_based\DALLE\DALLE\Advanced\DALLE3\dalle3\202311011943129901ca391019566e\2b85f039018459581606576c1b4e171c.jpg,1,ai,jpeg_q30,0.999513,1,1
data\wildfake\Images\Diffusion_based\DALLE\DALLE\Advanced\DALLE3\dalle3\202311011943129901ca391019566e\2ba8788f252bd2cbe1277910cbfeb515.jpg,1,ai,jpeg_q30,0.871465,1,1
data\wildfake\Images\Diffusion_based\DALLE\DALLE\Advanced\DALLE3\dalle3\202311011943129901ca391019566e\2baf0c197e9c5ce4361b3d42155aa22e.jpg,1,ai,jpeg_q30,0.990530,1,1
data\wildfake\Images\Diffusion_based\DALLE\DALLE\Advanced\DALLE3\dalle3\202311011943129901ca391019566e\2bb2b3d160e5311788624d273b772f40.jpg,1,ai,jpeg_q30,0.981203,1,1
data\wildfake\Images\Diffusion_based\DALLE\DALLE\Advanced\DALLE3\dalle3\202311011943129901ca391019566e\2c0e365aeac4763b8e6a526e363bd610.jpg,1,ai,jpeg_q30,0.526570,1,1
data\wildfake\Images\Diffusion_based\DALLE\DALLE\Advanced\DALLE3\dalle3\202311011943129901ca391019566e\2c11541922d2a6fe483be9e0178f671c.jpg,1,ai,jpeg_q30,0.995304,1,1
data\wildfake\Images\Diffusion_based\DALLE\DALLE\Advanced\DALLE3\dalle3\202311011943129901ca391019566e\2c5344d328024d946219996f4abe3090.jpg,1,ai,jpeg_q30,0.983600,1,1
data\wildfake\Images\Diffusion_based\DALLE\DALLE\Advanced\DALLE3\dalle3\202311011943129901ca391019566e\2c69e73c4582d42385954694ecdb6784.jpg,1,ai,jpeg_q30,0.317137,0,0
data\wildfake\Images\Diffusion_based\DALLE\DALLE\Advanced\DALLE3\dalle3\202311011943129901ca391019566e\2c792457c59a478d71aa8aa5e3ce4b82.jpg,1,ai,jpeg_q30,0.979364,1,1
data\wildfake\Images\Diffusion_based\DALLE\DALLE\Advanced\DALLE3\dalle3\202311011943129901ca391019566e\2cb7d5ac6ffd5010a455f2cd06ae7e8a.jpg,1,ai,jpeg_q30,0.801753,1,1
data\wildfake\Images\Diffusion_based\DALLE\DALLE\Advanced\DALLE3\dalle3\202311011943129901ca391019566e\2d4407522203cc35dabb00de566aa4d9.jpg,1,ai,jpeg_q30,0.981144,1,1
data\wildfake\Images\Diffusion_based\DALLE\DALLE\Advanced\DALLE3\dalle3\202311011943129901ca391019566e\2d4a70b3451df22b21b40ec729c00a48.jpg,1,ai,jpeg_q30,0.914188,1,1
data\wildfake\Images\Diffusion_based\DALLE\DALLE\Advanced\DALLE3\dalle3\202311011943129901ca391019566e\2d5061ca63165c55f2ef846224f33dd2.jpg,1,ai,jpeg_q30,0.996375,1,1
data\wildfake\Images\Diffusion_based\DALLE\DALLE\Advanced\DALLE3\dalle3\202311011943129901ca391019566e\2d53dd3dcc2de459e3f2d250bb437140.jpg,1,ai,jpeg_q30,0.983576,1,1
data\wildfake\Images\Diffusion_based\DALLE\DALLE\Advanced\DALLE3\dalle3\202311011943129901ca391019566e\2d7ab35155588f94c1a348c27547fd74.jpg,1,ai,jpeg_q30,0.906366,1,1
data\wildfake\Images\Diffusion_based\DALLE\DALLE\Advanced\DALLE3\dalle3\202311011943129901ca391019566e\2d8e38aa7e70ce9369aa171383bf65eb.jpg,1,ai,jpeg_q30,0.859445,1,1
data\wildfake\Images\Diffusion_based\DALLE\DALLE\Advanced\DALLE3\dalle3\202311011943129901ca391019566e\2dd017a7a4f655dcb0c4372331c0b1b5.jpg,1,ai,jpeg_q30,0.999341,1,1
data\wildfake\Images\Diffusion_based\DALLE\DALLE\Advanced\DALLE3\dalle3\202311011943129901ca391019566e\2de406e758d42a580e7fe68e7d630283.jpg,1,ai,jpeg_q30,0.973102,1,1
data\wildfake\Images\Diffusion_based\DALLE\DALLE\Advanced\DALLE3\dalle3\202311011943129901ca391019566e\2e15e3a5e2e21acdc69da41965a0bedf.jpg,1,ai,jpeg_q30,0.919390,1,1
data\wildfake\Images\Diffusion_based\DALLE\DALLE\Advanced\DALLE3\dalle3\202311011943129901ca391019566e\2e1ef76a03f1c5416e4bde07474943c4.jpg,1,ai,jpeg_q30,0.981758,1,1
data\wildfake\Images\Diffusion_based\DALLE\DALLE\Advanced\DALLE3\dalle3\202311011943129901ca391019566e\2e7aff6277220e43a3daf5f30c06a068.jpg,1,ai,jpeg_q30,0.965821,1,1
data\wildfake\Images\Diffusion_based\DALLE\DALLE\Advanced\DALLE3\dalle3\202311011943129901ca391019566e\2eb4a5e062ba72185389e9307e44cd2d.jpg,1,ai,jpeg_q30,0.987016,1,1
data\wildfake\Images\Diffusion_based\DALLE\DALLE\Advanced\DALLE3\dalle3\202311011943129901ca391019566e\2ef04a5fc0572c6d60a425eb9aa2caa4.jpg,1,ai,jpeg_q30,0.957929,1,1
data\wildfake\Images\Diffusion_based\DALLE\DALLE\Advanced\DALLE3\dalle3\202311011943129901ca391019566e\2f10ecc0fa83c79f1e16ce90189d9a1f.jpg,1,ai,jpeg_q30,0.845372,1,1
data\wildfake\Images\Diffusion_based\DALLE\DALLE\Advanced\DALLE3\dalle3\202311011943129901ca391019566e\2f35a3f9a6a688927094ea0d49cfeff1.jpg,1,ai,jpeg_q30,0.930267,1,1
data\wildfake\Images\Diffusion_based\DALLE\DALLE\Advanced\DALLE3\dalle3\202311011943129901ca391019566e\2f38a4dc1b3d6898ebef464d6e42e30e.jpg,1,ai,jpeg_q30,0.986116,1,1
data\wildfake\Images\Diffusion_based\DALLE\DALLE\Advanced\DALLE3\dalle3\202311011943129901ca391019566e\2fee7962741814f7d0b72cc6662b064f.jpg,1,ai,jpeg_q30,0.642704,1,1
data\wildfake\Images\Diffusion_based\DALLE\DALLE\Advanced\DALLE3\dalle3\202311011943129901ca391019566e\304856302c6c89d4704bf858af8338ff.jpg,1,ai,jpeg_q30,0.973913,1,1
data\wildfake\Images\Diffusion_based\DALLE\DALLE\Advanced\DALLE3\dalle3\202311011943129901ca391019566e\304fd3f94a49d5200243851cb1ebc110.jpg,1,ai,jpeg_q30,0.987999,1,1
data\wildfake\Images\Diffusion_based\DALLE\DALLE\Advanced\DALLE3\dalle3\202311011943129901ca391019566e\30560488aed228278d62eddd812ad46f.jpg,1,ai,jpeg_q30,0.916629,1,1
data\wildfake\Images\Diffusion_based\DALLE\DALLE\Advanced\DALLE3\dalle3\202311011943129901ca391019566e\30736792ffea71cb6ad31d157f99af48.jpg,1,ai,jpeg_q30,0.983757,1,1
data\wildfake\Images\Diffusion_based\DALLE\DALLE\Advanced\DALLE3\dalle3\202311011943129901ca391019566e\30b2cfc02c06fb99cbfef1d388659152.jpg,1,ai,jpeg_q30,0.875853,1,1
data\wildfake\Images\Diffusion_based\DALLE\DALLE\Advanced\DALLE3\dalle3\202311011943129901ca391019566e\30c49b6b1c420fc74213a41b2979a3c0.jpg,1,ai,jpeg_q30,0.994514,1,1
data\wildfake\Images\Diffusion_based\DALLE\DALLE\Advanced\DALLE3\dalle3\202311011943129901ca391019566e\30c553711ea647681a5c645c0f67086a.jpg,1,ai,jpeg_q30,0.946430,1,1
data\wildfake\Images\Diffusion_based\DALLE\DALLE\Advanced\DALLE3\dalle3\202311011943129901ca391019566e\315898da3833d2ee6901cda8b0a307ac.jpg,1,ai,jpeg_q30,0.995174,1,1
data\wildfake\Images\Diffusion_based\DALLE\DALLE\Advanced\DALLE3\dalle3\202311011943129901ca391019566e\315923afcd05949e86784e05304935db.jpg,1,ai,jpeg_q30,0.975874,1,1
data\wildfake\Images\Diffusion_based\DALLE\DALLE\Advanced\DALLE3\dalle3\202311011943129901ca391019566e\315f76c57b8a55035382dc9eb45bbc35.jpg,1,ai,jpeg_q30,0.991684,1,1
data\wildfake\Images\Diffusion_based\DALLE\DALLE\Advanced\DALLE3\dalle3\202311011943129901ca391019566e\319271d13e343a78aa4b60d611880085.jpg,1,ai,jpeg_q30,0.893078,1,1
data\wildfake\Images\Diffusion_based\DALLE\DALLE\Advanced\DALLE3\dalle3\202311011943129901ca391019566e\319352d3ba48a8c141010ef23a310dfa.jpg,1,ai,jpeg_q30,0.793540,1,1
data\wildfake\Images\Diffusion_based\DALLE\DALLE\Advanced\DALLE3\dalle3\202311011943129901ca391019566e\31b0fea829c59468d074bf8d41e2874a.jpg,1,ai,jpeg_q30,0.990500,1,1
data\wildfake\Images\Diffusion_based\DALLE\DALLE\Advanced\DALLE3\dalle3\202311011943129901ca391019566e\31fd1f9fbaaf9a21a31ed7d9079b809b.jpg,1,ai,jpeg_q30,0.951909,1,1
data\wildfake\Images\Diffusion_based\DALLE\DALLE\Advanced\DALLE3\dalle3\202311011943129901ca391019566e\3213263f2367f1901333c55db977df4b.jpg,1,ai,jpeg_q30,0.955173,1,1
data\wildfake\Images\Diffusion_based\DALLE\DALLE\Advanced\DALLE3\dalle3\202311011943129901ca391019566e\322e678734edd3815df7453195002717.jpg,1,ai,jpeg_q30,0.998063,1,1
data\wildfake\Images\Diffusion_based\DALLE\DALLE\Advanced\DALLE3\dalle3\202311011943129901ca391019566e\32e6f9ca1ccd76d04fd44b937cae7d43.jpg,1,ai,jpeg_q30,0.970331,1,1
data\wildfake\Images\Diffusion_based\DALLE\DALLE\Advanced\DALLE3\dalle3\202311011943129901ca391019566e\32eb6bb94aba85b0cb9aa9b2d5e27b9e.jpg,1,ai,jpeg_q30,0.996124,1,1
data\wildfake\Images\Diffusion_based\DALLE\DALLE\Advanced\DALLE3\dalle3\202311011943129901ca391019566e\336063d010021b35f8766118ee2bef33.jpg,1,ai,jpeg_q30,0.736033,1,1
data\wildfake\Images\Diffusion_based\DALLE\DALLE\Advanced\DALLE3\dalle3\202311011943129901ca391019566e\338381afdabb579e180fb70d0eef941f.jpg,1,ai,jpeg_q30,0.785008,1,1
data\wildfake\Images\Diffusion_based\DALLE\DALLE\Advanced\DALLE3\dalle3\202311011943129901ca391019566e\33ca83250951eda1aa5770e402422db2.jpg,1,ai,jpeg_q30,0.879109,1,1
data\wildfake\Images\Diffusion_based\DALLE\DALLE\Advanced\DALLE3\dalle3\202311011943129901ca391019566e\33f866ca2db6a848a4dca0380092daa7.jpg,1,ai,jpeg_q30,0.980768,1,1
data\wildfake\Images\Diffusion_based\DALLE\DALLE\Advanced\DALLE3\dalle3\202311011943129901ca391019566e\3418ee210990b7fd9c6140957fa11cf7.jpg,1,ai,jpeg_q30,0.937077,1,1
data\wildfake\Images\Diffusion_based\DALLE\DALLE\Advanced\DALLE3\dalle3\202311011943129901ca391019566e\345fc7b26c1e6d571cea80dcf35417ef.jpg,1,ai,jpeg_q30,0.800617,1,1
data\wildfake\Images\Diffusion_based\DALLE\DALLE\Advanced\DALLE3\dalle3\202311011943129901ca391019566e\35164f35c66c83fed0de6b4118dd4261.jpg,1,ai,jpeg_q30,0.951094,1,1
data\wildfake\Images\Diffusion_based\DALLE\DALLE\Advanced\DALLE3\dalle3\202311011943129901ca391019566e\352c02644ff0e10a17759dac5a0aa222.jpg,1,ai,jpeg_q30,0.928649,1,1
data\wildfake\Images\Diffusion_based\DALLE\DALLE\Advanced\DALLE3\dalle3\202311011943129901ca391019566e\35db819bb6aaa5848c464902098d2734.jpg,1,ai,jpeg_q30,0.859176,1,1
data\wildfake\Images\Diffusion_based\DALLE\DALLE\Advanced\DALLE3\dalle3\202311011943129901ca391019566e\362ae43f0e7be860ec6dd6e81a928b4b.jpg,1,ai,jpeg_q30,0.919256,1,1
data\wildfake\Images\Diffusion_based\DALLE\DALLE\Advanced\DALLE3\dalle3\202311011943129901ca391019566e\3665bdb398545aec37c3c213361945f8.jpg,1,ai,jpeg_q30,0.885146,1,1
data\wildfake\Images\Diffusion_based\DALLE\DALLE\Advanced\DALLE3\dalle3\202311011943129901ca391019566e\369fb53d3a6a12263b6ecd9afe70a62b.jpg,1,ai,jpeg_q30,0.607543,1,1
data\wildfake\Images\Diffusion_based\DALLE\DALLE\Advanced\DALLE3\dalle3\202311011943129901ca391019566e\375a95817c1af04ed49db19dae0aaabe.jpg,1,ai,jpeg_q30,0.959011,1,1
data\wildfake\Images\Diffusion_based\DALLE\DALLE\Advanced\DALLE3\dalle3\202311011943129901ca391019566e\375abcbb188328fe2445182ee772e4e6.jpg,1,ai,jpeg_q30,0.948285,1,1
data\wildfake\Images\Diffusion_based\DALLE\DALLE\Advanced\DALLE3\dalle3\202311011943129901ca391019566e\37718b17aec9cff0fba348a00e4700f1.jpg,1,ai,jpeg_q30,0.907691,1,1
data\wildfake\Images\Diffusion_based\DALLE\DALLE\Advanced\DALLE3\dalle3\202311011943129901ca391019566e\37cf3cd63b1341c596ad77d9a368e3ad.jpg,1,ai,jpeg_q30,0.714816,1,1
data\wildfake\Images\Diffusion_based\DALLE\DALLE\Advanced\DALLE3\dalle3\202311011943129901ca391019566e\37fd34a74cdbb136dac1328065089604.jpg,1,ai,jpeg_q30,0.982628,1,1
data\wildfake\Images\Diffusion_based\DALLE\DALLE\Advanced\DALLE3\dalle3\202311011943129901ca391019566e\380b9b83cb92cc0ec8b735ba1454571d.jpg,1,ai,jpeg_q30,0.906743,1,1
data\wildfake\Images\Diffusion_based\DALLE\DALLE\Advanced\DALLE3\dalle3\202311011943129901ca391019566e\38259b16a26ba1567d1eed9ae28054c6.jpg,1,ai,jpeg_q30,0.966313,1,1
data\wildfake\Images\Diffusion_based\DALLE\DALLE\Advanced\DALLE3\dalle3\202311011943129901ca391019566e\383b94992415b3dfc9145780cdce53e9.jpg,1,ai,jpeg_q30,0.998993,1,1
data\wildfake\Images\Diffusion_based\DALLE\DALLE\Advanced\DALLE3\dalle3\202311011943129901ca391019566e\3848384edde46920c17f2d7d980d91c4.jpg,1,ai,jpeg_q30,0.833188,1,1
data\wildfake\Images\Diffusion_based\DALLE\DALLE\Advanced\DALLE3\dalle3\202311011943129901ca391019566e\384a171d263043a8162c4c98e82b7c7a.jpg,1,ai,jpeg_q30,0.996260,1,1
data\wildfake\Images\Diffusion_based\DALLE\DALLE\Advanced\DALLE3\dalle3\202311011943129901ca391019566e\389eb491a55dd0f0fc1bf55b8f7ac7bb.jpg,1,ai,jpeg_q30,0.744675,1,1
data\wildfake\Images\Diffusion_based\DALLE\DALLE\Advanced\DALLE3\dalle3\202311011943129901ca391019566e\38c8ca7d7a460d31c0fb0e193eb5c7c3.jpg,1,ai,jpeg_q30,0.422651,0,0
data\wildfake\Images\Diffusion_based\DALLE\DALLE\Advanced\DALLE3\dalle3\202311011943129901ca391019566e\38f214c0c4d5c60a5b0b840e4610e732.jpg,1,ai,jpeg_q30,0.999279,1,1
data\wildfake\Images\Diffusion_based\DALLE\DALLE\Advanced\DALLE3\dalle3\202311011943129901ca391019566e\38f5cccc275617ac70b46ae61e056705.jpg,1,ai,jpeg_q30,0.866451,1,1
data\wildfake\Images\Diffusion_based\DALLE\DALLE\Advanced\DALLE3\dalle3\202311011943129901ca391019566e\38f6c2b66f8996d1fb290ca05478de78.jpg,1,ai,jpeg_q30,0.998092,1,1
data\wildfake\Images\Diffusion_based\DALLE\DALLE\Advanced\DALLE3\dalle3\202311011943129901ca391019566e\390fe2eb24f7ca85914fdf1650680eca.jpg,1,ai,jpeg_q30,0.907129,1,1
data\wildfake\Images\Diffusion_based\DALLE\DALLE\Advanced\DALLE3\dalle3\202311011943129901ca391019566e\3914e2460ff7bf8d6f484b8cae774763.jpg,1,ai,jpeg_q30,0.995657,1,1
data\wildfake\Images\Diffusion_based\DALLE\DALLE\Advanced\DALLE3\dalle3\202311011943129901ca391019566e\395d41cab76033ade5ce709902966d80.jpg,1,ai,jpeg_q30,0.947660,1,1
data\wildfake\Images\Diffusion_based\DALLE\DALLE\Advanced\DALLE3\dalle3\202311011943129901ca391019566e\39671b268029c7b57bd9dc6cad1bc226.jpg,1,ai,jpeg_q30,0.977897,1,1
data\wildfake\Images\Diffusion_based\DALLE\DALLE\Advanced\DALLE3\dalle3\202311011943129901ca391019566e\39852ffc62bfb82b263bde310e49fb5b.jpg,1,ai,jpeg_q30,0.988475,1,1
data\wildfake\Images\Diffusion_based\DALLE\DALLE\Advanced\DALLE3\dalle3\202311011943129901ca391019566e\3995b44c45a65eff48af5844a3dd7eb4.jpg,1,ai,jpeg_q30,0.862047,1,1
data\wildfake\Images\Diffusion_based\DALLE\DALLE\Advanced\DALLE3\dalle3\202311011943129901ca391019566e\39c5599932c5cf0f986a57e56650e2b1.jpg,1,ai,jpeg_q30,0.994408,1,1
data\wildfake\Images\Diffusion_based\DALLE\DALLE\Advanced\DALLE3\dalle3\202311011943129901ca391019566e\39dd246d67876f64439a1ef3b64abea6.jpg,1,ai,jpeg_q30,0.955351,1,1
data\wildfake\Images\Diffusion_based\DALLE\DALLE\Advanced\DALLE3\dalle3\202311011943129901ca391019566e\3a1cca493657f2cae4d9c5b669ac3b8d.jpg,1,ai,jpeg_q30,0.856042,1,1
data\wildfake\Images\Diffusion_based\DALLE\DALLE\Advanced\DALLE3\dalle3\202311011943129901ca391019566e\3a678c2ff8d981f9530ef47cae8e0a5f.jpg,1,ai,jpeg_q30,0.970736,1,1
data\wildfake\Images\Diffusion_based\DALLE\DALLE\Advanced\DALLE3\dalle3\202311011943129901ca391019566e\3a6ec4011b57139049bb5ae19ba76de4.jpg,1,ai,jpeg_q30,0.871448,1,1
data\wildfake\Images\Diffusion_based\DALLE\DALLE\Advanced\DALLE3\dalle3\202311011943129901ca391019566e\3a6f3b2ac6534adbf161555ce195deeb.jpg,1,ai,jpeg_q30,0.989469,1,1
data\wildfake\Images\Diffusion_based\DALLE\DALLE\Advanced\DALLE3\dalle3\202311011943129901ca391019566e\3a749895fdda9376f4e95572c38374ab.jpg,1,ai,jpeg_q30,0.987609,1,1
data\wildfake\Images\Diffusion_based\DALLE\DALLE\Advanced\DALLE3\dalle3\202311011943129901ca391019566e\3aad6698fbc26fc01a59e290951e07cb.jpg,1,ai,jpeg_q30,0.977751,1,1
data\wildfake\Images\Diffusion_based\DALLE\DALLE\Advanced\DALLE3\dalle3\202311011943129901ca391019566e\3ab373823ee114d2979bf2c3f275c380.jpg,1,ai,jpeg_q30,0.894979,1,1
data\wildfake\Images\Diffusion_based\DALLE\DALLE\Advanced\DALLE3\dalle3\202311011943129901ca391019566e\3b0be3dfc43c47054bf071850e742f9b.jpg,1,ai,jpeg_q30,0.888694,1,1
data\wildfake\Images\Diffusion_based\DALLE\DALLE\Advanced\DALLE3\dalle3\202311011943129901ca391019566e\3b132796458fc3b6cd2162510794b59e.jpg,1,ai,jpeg_q30,0.997128,1,1
data\wildfake\Images\Diffusion_based\DALLE\DALLE\Advanced\DALLE3\dalle3\202311011943129901ca391019566e\3b14c85af39111933970882d7bd5c9b5.jpg,1,ai,jpeg_q30,0.918360,1,1
data\wildfake\Images\Diffusion_based\DALLE\DALLE\Advanced\DALLE3\dalle3\202311011943129901ca391019566e\3b3f9a48d4312ff83d519f1df9cde44f.jpg,1,ai,jpeg_q30,0.996579,1,1
data\wildfake\Images\Diffusion_based\DALLE\DALLE\Advanced\DALLE3\dalle3\202311011943129901ca391019566e\3b6ece90deb1a40e7d4b737fb82dfa2e.jpg,1,ai,jpeg_q30,0.962162,1,1
data\wildfake\Images\Diffusion_based\DALLE\DALLE\Advanced\DALLE3\dalle3\202311011943129901ca391019566e\3b9caba8af9d9f83413cf371536715d2.jpg,1,ai,jpeg_q30,0.977212,1,1
data\wildfake\Images\Diffusion_based\DALLE\DALLE\Advanced\DALLE3\dalle3\202311011943129901ca391019566e\3ba59b679202a365b18a667c1dec96cf.jpg,1,ai,jpeg_q30,0.827708,1,1
data\wildfake\Images\Diffusion_based\DALLE\DALLE\Advanced\DALLE3\dalle3\202311011943129901ca391019566e\3bebba80c4fddc74bc418defa70fd893.jpg,1,ai,jpeg_q30,0.998005,1,1
data\wildfake\Images\Diffusion_based\DALLE\DALLE\Advanced\DALLE3\dalle3\202311011943129901ca391019566e\3c589aa7fd4a6705f1fd7918daf4ffb9.jpg,1,ai,jpeg_q30,0.800061,1,1
data\wildfake\Images\Diffusion_based\DALLE\DALLE\Advanced\DALLE3\dalle3\202311011943129901ca391019566e\3c6015025452c1f6c0e4d56b5c87e8be.jpg,1,ai,jpeg_q30,0.957575,1,1
data\wildfake\Images\Diffusion_based\DALLE\DALLE\Advanced\DALLE3\dalle3\202311011943129901ca391019566e\3c608723c7bc2b41470ea8293ef7e629.jpg,1,ai,jpeg_q30,0.922771,1,1
data\wildfake\Images\Diffusion_based\DALLE\DALLE\Advanced\DALLE3\dalle3\202311011943129901ca391019566e\3c98a1ae30b530d8b631072172132a7c.jpg,1,ai,jpeg_q30,0.944991,1,1
data\wildfake\Images\Diffusion_based\DALLE\DALLE\Advanced\DALLE3\dalle3\202311011943129901ca391019566e\3d15ba5566ec4985c59f1fd8d41155eb.jpg,1,ai,jpeg_q30,0.833102,1,1
data\wildfake\Images\Diffusion_based\DALLE\DALLE\Advanced\DALLE3\dalle3\202311011943129901ca391019566e\3d2f602326c6a4b0dafba72660022ec9.jpg,1,ai,jpeg_q30,0.998115,1,1
data\wildfake\Images\Diffusion_based\DALLE\DALLE\Advanced\DALLE3\dalle3\202311011943129901ca391019566e\3d3294354d344fd190dbb0ddd868e82c.jpg,1,ai,jpeg_q30,0.937609,1,1
data\wildfake\Images\Diffusion_based\DALLE\DALLE\Advanced\DALLE3\dalle3\202311011943129901ca391019566e\3d3ae692b6ab680c51483072bf14d79d.jpg,1,ai,jpeg_q30,0.508808,1,1
data\wildfake\Images\Diffusion_based\DALLE\DALLE\Advanced\DALLE3\dalle3\202311011943129901ca391019566e\3d45830dd719ca2a08a1afe31dbd68d1.jpg,1,ai,jpeg_q30,0.981357,1,1
data\wildfake\Images\Diffusion_based\DALLE\DALLE\Advanced\DALLE3\dalle3\202311011943129901ca391019566e\3e7512f7b39cb375dca034c813076ff7.jpg,1,ai,jpeg_q30,0.774251,1,1
data\wildfake\Images\Diffusion_based\DALLE\DALLE\Advanced\DALLE3\dalle3\202311011943129901ca391019566e\3e90439cf6e6ca89a9707268e52dda1e.jpg,1,ai,jpeg_q30,0.919557,1,1
data\wildfake\Images\Diffusion_based\DALLE\DALLE\Advanced\DALLE3\dalle3\202311011943129901ca391019566e\3ea41e7bbbe2c2b9b7f6a61ddf1f2ecd.jpg,1,ai,jpeg_q30,0.995890,1,1
data\wildfake\Images\Diffusion_based\DALLE\DALLE\Advanced\DALLE3\dalle3\202311011943129901ca391019566e\3eba96dcd8633705c1164514f8c04d4d.jpg,1,ai,jpeg_q30,0.941314,1,1
data\wildfake\Images\Diffusion_based\DALLE\DALLE\Advanced\DALLE3\dalle3\202311011943129901ca391019566e\3ec893f6ed98345d544139252b5c35a8.jpg,1,ai,jpeg_q30,0.999032,1,1
data\wildfake\Images\Diffusion_based\DALLE\DALLE\Advanced\DALLE3\dalle3\202311011943129901ca391019566e\3edefece12fca8c44388b6abe6bfc46d.jpg,1,ai,jpeg_q30,0.636813,1,1
data\wildfake\Images\Diffusion_based\DALLE\DALLE\Advanced\DALLE3\dalle3\202311011943129901ca391019566e\3f26607f332483551b724f82a14d800b.jpg,1,ai,jpeg_q30,0.995858,1,1
data\wildfake\Images\Diffusion_based\DALLE\DALLE\Advanced\DALLE3\dalle3\202311011943129901ca391019566e\3f2ff704b294e08c4a1f6ffcf8631b1c.jpg,1,ai,jpeg_q30,0.996579,1,1
data\wildfake\Images\Diffusion_based\DALLE\DALLE\Advanced\DALLE3\dalle3\202311011943129901ca391019566e\3f5ab657b89e15194a92fcd771378c0c.jpg,1,ai,jpeg_q30,0.591287,1,1
data\wildfake\Images\Diffusion_based\DALLE\DALLE\Advanced\DALLE3\dalle3\202311011943129901ca391019566e\3fee7ce7157ed337574b8f427512735e.jpg,1,ai,jpeg_q30,0.928705,1,1
data\wildfake\Images\Diffusion_based\DALLE\DALLE\Advanced\DALLE3\dalle3\202311011943129901ca391019566e\3ffc69b38bceeb3e1a0c33b3a1b430ed.jpg,1,ai,jpeg_q30,0.943228,1,1
data\wildfake\Images\Diffusion_based\DALLE\DALLE\Advanced\DALLE3\dalle3\202311011943129901ca391019566e\40102e461d3bad344077ce2cca755963.jpg,1,ai,jpeg_q30,0.988519,1,1
data\wildfake\Images\Diffusion_based\DALLE\DALLE\Advanced\DALLE3\dalle3\202311011943129901ca391019566e\402749b3ece18c65dd53d0904af2a040.jpg,1,ai,jpeg_q30,0.617843,1,1
data\wildfake\Images\Diffusion_based\DALLE\DALLE\Advanced\DALLE3\dalle3\202311011943129901ca391019566e\402bdb5e6e3e7b9637ca2dd93424cd84.jpg,1,ai,jpeg_q30,0.061050,0,0
data\wildfake\Images\Diffusion_based\DALLE\DALLE\Advanced\DALLE3\dalle3\202311011943129901ca391019566e\402d798fb9f40c7d03bc5ec8a1fd8c22.jpg,1,ai,jpeg_q30,0.733778,1,1
data\wildfake\Images\Diffusion_based\DALLE\DALLE\Advanced\DALLE3\dalle3\202311011943129901ca391019566e\403ae67747cf6731576c84bac47ec145.jpg,1,ai,jpeg_q30,0.678639,1,1
data\wildfake\Images\Diffusion_based\DALLE\DALLE\Advanced\DALLE3\dalle3\202311011943129901ca391019566e\404a76fa81908c93516f0cc87cf0412d.jpg,1,ai,jpeg_q30,0.997529,1,1
data\wildfake\Images\Diffusion_based\DALLE\DALLE\Advanced\DALLE3\dalle3\202311011943129901ca391019566e\405e870a483b1244e2168dc318615c36.jpg,1,ai,jpeg_q30,0.992697,1,1
data\wildfake\Images\Diffusion_based\DALLE\DALLE\Advanced\DALLE3\dalle3\202311011943129901ca391019566e\4073879d8d10986f5f75a1c525a1a9f3.jpg,1,ai,jpeg_q30,0.997267,1,1
data\wildfake\Images\Diffusion_based\DALLE\DALLE\Advanced\DALLE3\dalle3\202311011943129901ca391019566e\4088de68f2905b1a84718bc6e57274c0.jpg,1,ai,jpeg_q30,0.993238,1,1
data\wildfake\Images\Diffusion_based\DALLE\DALLE\Advanced\DALLE3\dalle3\202311011943129901ca391019566e\408a2aa7576f9951cf9c458ce273ce74.jpg,1,ai,jpeg_q30,0.687768,1,1
data\wildfake\Images\Diffusion_based\DALLE\DALLE\Advanced\DALLE3\dalle3\202311011943129901ca391019566e\40ae90424bc188ad34574d8aa0b4e086.jpg,1,ai,jpeg_q30,0.894749,1,1
data\wildfake\Images\Diffusion_based\DALLE\DALLE\Advanced\DALLE3\dalle3\202311011943129901ca391019566e\40f4ce4fad593a5c49a3349e0436ce83.jpg,1,ai,jpeg_q30,0.741592,1,1
data\wildfake\Images\Diffusion_based\DALLE\DALLE\Advanced\DALLE3\dalle3\202311011943129901ca391019566e\41135f4abafca56efa0b16af52c3a91f.jpg,1,ai,jpeg_q30,0.626899,1,1
data\wildfake\Images\Diffusion_based\DALLE\DALLE\Advanced\DALLE3\dalle3\202311011943129901ca391019566e\411a10080c3fa05d5ff2eb26b4fd67c9.jpg,1,ai,jpeg_q30,0.969037,1,1
data\wildfake\Images\Diffusion_based\DALLE\DALLE\Advanced\DALLE3\dalle3\202311011943129901ca391019566e\41358f2fb91eb855899dc282e79419ce.jpg,1,ai,jpeg_q30,0.993543,1,1
data\wildfake\Images\Diffusion_based\DALLE\DALLE\Advanced\DALLE3\dalle3\202311011943129901ca391019566e\416dfa034acc070dbfcfa04d8d997b1b.jpg,1,ai,jpeg_q30,0.992731,1,1
data\wildfake\Images\Diffusion_based\DALLE\DALLE\Advanced\DALLE3\dalle3\202311011943129901ca391019566e\41a8a6bba5aae41f604e25548144ec61.jpg,1,ai,jpeg_q30,0.999397,1,1
data\wildfake\Images\Diffusion_based\DALLE\DALLE\Advanced\DALLE3\dalle3\202311011943129901ca391019566e\41b7abbdc3a9ba445acd08488f15653d.jpg,1,ai,jpeg_q30,0.811979,1,1
data\wildfake\Images\Diffusion_based\DALLE\DALLE\Advanced\DALLE3\dalle3\202311011943129901ca391019566e\41da469d28d6635377588301fe982446.jpg,1,ai,jpeg_q30,0.234446,0,0
data\wildfake\Images\Diffusion_based\DALLE\DALLE\Advanced\DALLE3\dalle3\202311011943129901ca391019566e\421e515a0e88c109caa58bcf4086c2d3.jpg,1,ai,jpeg_q30,0.988158,1,1
data\wildfake\Images\Diffusion_based\DALLE\DALLE\Advanced\DALLE3\dalle3\202311011943129901ca391019566e\426969be76f72756fdf5b97c8fc5b515.jpg,1,ai,jpeg_q30,0.889141,1,1
data\wildfake\Images\Diffusion_based\DALLE\DALLE\Advanced\DALLE3\dalle3\202311011943129901ca391019566e\42808100cba46229d2270ede83a8d021.jpg,1,ai,jpeg_q30,0.955217,1,1
data\wildfake\Images\Diffusion_based\DALLE\DALLE\Advanced\DALLE3\dalle3\202311011943129901ca391019566e\42cd948e772dc76afbd347543eba04e4.jpg,1,ai,jpeg_q30,0.998113,1,1
data\wildfake\Images\Diffusion_based\DALLE\DALLE\Advanced\DALLE3\dalle3\202311011943129901ca391019566e\43024062edb87b3301305cd2f382ecf7.jpg,1,ai,jpeg_q30,0.996927,1,1
data\wildfake\Images\Diffusion_based\DALLE\DALLE\Advanced\DALLE3\dalle3\202311011943129901ca391019566e\4319a10fded8829476dda68c05566a05.jpg,1,ai,jpeg_q30,0.945256,1,1
data\wildfake\Images\Diffusion_based\DALLE\DALLE\Advanced\DALLE3\dalle3\202311011943129901ca391019566e\431d0170d25d728ab50fe9125cf3b146.jpg,1,ai,jpeg_q30,0.975524,1,1
data\wildfake\Images\Diffusion_based\DALLE\DALLE\Advanced\DALLE3\dalle3\202311011943129901ca391019566e\43575994134d8aa86fc10243bdb3b09c.jpg,1,ai,jpeg_q30,0.309121,0,0
data\wildfake\Images\Diffusion_based\DALLE\DALLE\Advanced\DALLE3\dalle3\202311011943129901ca391019566e\439923d8fe5004248b8140e82aa4fcba.jpg,1,ai,jpeg_q30,0.881646,1,1
data\wildfake\Images\Diffusion_based\DALLE\DALLE\Advanced\DALLE3\dalle3\202311011943129901ca391019566e\43dd08d60d23d01b89c4d9768cde59b2.jpg,1,ai,jpeg_q30,0.980727,1,1
data\wildfake\Images\Diffusion_based\DALLE\DALLE\Advanced\DALLE3\dalle3\202311011943129901ca391019566e\441812da5113fd0c4645574cbc9ab9ad.jpg,1,ai,jpeg_q30,0.884557,1,1
data\wildfake\Images\Diffusion_based\DALLE\DALLE\Advanced\DALLE3\dalle3\202311011943129901ca391019566e\441e49e90b00ca7a7b71c9f292531acb.jpg,1,ai,jpeg_q30,0.982391,1,1
data\wildfake\Images\Diffusion_based\DALLE\DALLE\Advanced\DALLE3\dalle3\202311011943129901ca391019566e\4436418c3026e0e299f03bbb39095760.jpg,1,ai,jpeg_q30,0.914488,1,1
data\wildfake\Images\Diffusion_based\DALLE\DALLE\Advanced\DALLE3\dalle3\202311011943129901ca391019566e\443d50e1cb5add625e596c43e015507b.jpg,1,ai,jpeg_q30,0.996219,1,1
data\wildfake\Images\Diffusion_based\DALLE\DALLE\Advanced\DALLE3\dalle3\202311011943129901ca391019566e\44545c360b39210bb44518c5b2443e49.jpg,1,ai,jpeg_q30,0.997758,1,1
data\wildfake\Images\Diffusion_based\DALLE\DALLE\Advanced\DALLE3\dalle3\202311011943129901ca391019566e\44859a46c923205dffb37e029996a334.jpg,1,ai,jpeg_q30,0.998467,1,1
data\wildfake\Images\Diffusion_based\DALLE\DALLE\Advanced\DALLE3\dalle3\202311011943129901ca391019566e\4492384edaf145b93ceb269a54af2a97.jpg,1,ai,jpeg_q30,0.949929,1,1
data\wildfake\Images\Diffusion_based\DALLE\DALLE\Advanced\DALLE3\dalle3\202311011943129901ca391019566e\44961d6790a07bd7e0a2d2f9fe9b7f79.jpg,1,ai,jpeg_q30,0.713355,1,1
data\wildfake\Images\Diffusion_based\DALLE\DALLE\Advanced\DALLE3\dalle3\202311011943129901ca391019566e\44a5d446b7c18d5a57bc71141cd2aa45.jpg,1,ai,jpeg_q30,0.926589,1,1
data\wildfake\Images\Diffusion_based\DALLE\DALLE\Advanced\DALLE3\dalle3\202311011943129901ca391019566e\44f76fdbb8949da7bf5b6610814449ff.jpg,1,ai,jpeg_q30,0.996797,1,1
data\wildfake\Images\Diffusion_based\DALLE\DALLE\Advanced\DALLE3\dalle3\202311011943129901ca391019566e\44f7e1e7f6ef306935bce078f1b1a864.jpg,1,ai,jpeg_q30,0.786911,1,1
data\wildfake\Images\Diffusion_based\DALLE\DALLE\Advanced\DALLE3\dalle3\202311011943129901ca391019566e\45027d028f70e6adf658df5b8c7371cc.jpg,1,ai,jpeg_q30,0.950203,1,1
data\wildfake\Images\Diffusion_based\DALLE\DALLE\Advanced\DALLE3\dalle3\202311011943129901ca391019566e\452a2d250bb9a97675c38f25848e7757.jpg,1,ai,jpeg_q30,0.997377,1,1
data\wildfake\Images\Diffusion_based\DALLE\DALLE\Advanced\DALLE3\dalle3\202311011943129901ca391019566e\4588355873bd3ce542152b826bfaf6f7.jpg,1,ai,jpeg_q30,0.998894,1,1
data\wildfake\Images\Diffusion_based\DALLE\DALLE\Advanced\DALLE3\dalle3\202311011943129901ca391019566e\45d5e8397ec19935f3c5c76ee3dd5b73.jpg,1,ai,jpeg_q30,0.701848,1,1
data\wildfake\Images\Diffusion_based\DALLE\DALLE\Advanced\DALLE3\dalle3\202311011943129901ca391019566e\4625d58a5065c18397937e6d4b09ccbb.jpg,1,ai,jpeg_q30,0.961168,1,1
data\wildfake\Images\Diffusion_based\DALLE\DALLE\Advanced\DALLE3\dalle3\202311011943129901ca391019566e\4636469c4254183625aab9204e882711.jpg,1,ai,jpeg_q30,0.691012,1,1
data\wildfake\Images\Diffusion_based\DALLE\DALLE\Advanced\DALLE3\dalle3\202311011943129901ca391019566e\468637d99ed33a9b5b9d7640b838ca4f.jpg,1,ai,jpeg_q30,0.991530,1,1
data\wildfake\Images\Diffusion_based\DALLE\DALLE\Advanced\DALLE3\dalle3\202311011943129901ca391019566e\46d3499859242bab9aa57a95542152d8.jpg,1,ai,jpeg_q30,0.897779,1,1
data\wildfake\Images\Diffusion_based\DALLE\DALLE\Advanced\DALLE3\dalle3\202311011943129901ca391019566e\46fe0f44f11d3c00aa8a9c02b75e2b3e.jpg,1,ai,jpeg_q30,0.931145,1,1
data\wildfake\Images\Diffusion_based\DALLE\DALLE\Advanced\DALLE3\dalle3\202311011943129901ca391019566e\471f24c0c0ffe8e35263e00831608713.jpg,1,ai,jpeg_q30,0.971381,1,1
data\wildfake\Images\Diffusion_based\DALLE\DALLE\Advanced\DALLE3\dalle3\202311011943129901ca391019566e\4725f73f1c1513ffa9e8091490752584.jpg,1,ai,jpeg_q30,0.968220,1,1
data\wildfake\Images\Diffusion_based\DALLE\DALLE\Advanced\DALLE3\dalle3\202311011943129901ca391019566e\4739760d65f803aa6f795729dac44a4b.jpg,1,ai,jpeg_q30,0.444900,0,0
data\wildfake\Images\Diffusion_based\DALLE\DALLE\Advanced\DALLE3\dalle3\202311011943129901ca391019566e\473d9358cd5dadc9d059ae6f23615a08.jpg,1,ai,jpeg_q30,0.933295,1,1
data\wildfake\Images\Diffusion_based\DALLE\DALLE\Advanced\DALLE3\dalle3\202311011943129901ca391019566e\4743b32a5d208525dbafb06458250227.jpg,1,ai,jpeg_q30,0.982374,1,1
data\wildfake\Images\Diffusion_based\DALLE\DALLE\Advanced\DALLE3\dalle3\202311011943129901ca391019566e\4749cf6a0429c68331a21c86c869019c.jpg,1,ai,jpeg_q30,0.911095,1,1
data\wildfake\Images\Diffusion_based\DALLE\DALLE\Advanced\DALLE3\dalle3\202311011943129901ca391019566e\47b230943a7ccf459bac499a167e88c0.jpg,1,ai,jpeg_q30,0.998806,1,1
data\wildfake\Images\Diffusion_based\DALLE\DALLE\Advanced\DALLE3\dalle3\202311011943129901ca391019566e\47ff752ab1f760ac9ccea6fb1a8bdbc2.jpg,1,ai,jpeg_q30,0.986965,1,1
data\wildfake\Images\Diffusion_based\DALLE\DALLE\Advanced\DALLE3\dalle3\202311011943129901ca391019566e\4812e523deb1c1a89285838496713e71.jpg,1,ai,jpeg_q30,0.970633,1,1
data\wildfake\Images\Diffusion_based\DALLE\DALLE\Advanced\DALLE3\dalle3\202311011943129901ca391019566e\48385b32de03a857b551da9c5d167383.jpg,1,ai,jpeg_q30,0.999416,1,1
data\wildfake\Images\Diffusion_based\DALLE\DALLE\Advanced\DALLE3\dalle3\202311011943129901ca391019566e\48390d6dbfa181447942bcb9299d3a65.jpg,1,ai,jpeg_q30,0.970878,1,1
data\wildfake\Images\Diffusion_based\DALLE\DALLE\Advanced\DALLE3\dalle3\202311011943129901ca391019566e\4844bd6f619763f36d8812e2b943708f.jpg,1,ai,jpeg_q30,0.785647,1,1
data\wildfake\Images\Diffusion_based\DALLE\DALLE\Advanced\DALLE3\dalle3\202311011943129901ca391019566e\48463159e1f209a28723c6f44b1f8bcb.jpg,1,ai,jpeg_q30,0.976552,1,1
data\wildfake\Images\Diffusion_based\DALLE\DALLE\Advanced\DALLE3\dalle3\202311011943129901ca391019566e\485c1d97310769e4ced3957775c6fbb4.jpg,1,ai,jpeg_q30,0.980761,1,1
data\wildfake\Images\Diffusion_based\DALLE\DALLE\Advanced\DALLE3\dalle3\202311011943129901ca391019566e\486f4badafd391ff2b9d4d159f270f20.jpg,1,ai,jpeg_q30,0.994192,1,1
data\wildfake\Images\Diffusion_based\DALLE\DALLE\Advanced\DALLE3\dalle3\202311011943129901ca391019566e\4875f2a6256c57e8e60e58000fa686c4.jpg,1,ai,jpeg_q30,0.996221,1,1
data\wildfake\Images\Diffusion_based\DALLE\DALLE\Advanced\DALLE3\dalle3\202311011943129901ca391019566e\487ec128dae98d0dbcc86a301dd91482.jpg,1,ai,jpeg_q30,0.974440,1,1
data\wildfake\Images\Diffusion_based\DALLE\DALLE\Advanced\DALLE3\dalle3\202311011943129901ca391019566e\489d6dee73070f3ffa1276cd0e145d55.jpg,1,ai,jpeg_q30,0.949406,1,1
data\wildfake\Images\Diffusion_based\DALLE\DALLE\Advanced\DALLE3\dalle3\202311011943129901ca391019566e\4922164150386e68fdcb8f067019ba8d.jpg,1,ai,jpeg_q30,0.947452,1,1
data\wildfake\Images\Diffusion_based\DALLE\DALLE\Advanced\DALLE3\dalle3\202311011943129901ca391019566e\49720c883fed478e35d0825d2a020a1d.jpg,1,ai,jpeg_q30,0.512730,1,1
data\wildfake\Images\Diffusion_based\DALLE\DALLE\Advanced\DALLE3\dalle3\202311011943129901ca391019566e\497329311ca13f4404649da7530d4f64.jpg,1,ai,jpeg_q30,0.990147,1,1
data\wildfake\Images\Diffusion_based\DALLE\DALLE\Advanced\DALLE3\dalle3\202311011943129901ca391019566e\49927870fa1f1c4817e3a6bec7d04771.jpg,1,ai,jpeg_q30,0.981533,1,1
data\wildfake\Images\Diffusion_based\DALLE\DALLE\Advanced\DALLE3\dalle3\202311011943129901ca391019566e\49c2dae00eeb27965c3e865f02e3a199.jpg,1,ai,jpeg_q30,0.977223,1,1
data\wildfake\Images\Diffusion_based\DALLE\DALLE\Advanced\DALLE3\dalle3\202311011943129901ca391019566e\49d3a17968d4bca49d38f5de54526dbb.jpg,1,ai,jpeg_q30,0.944351,1,1
data\wildfake\Images\Diffusion_based\DALLE\DALLE\Advanced\DALLE3\dalle3\202311011943129901ca391019566e\49e3e03c351579d3865dbe865e358b52.jpg,1,ai,jpeg_q30,0.955335,1,1
data\wildfake\Images\Diffusion_based\DALLE\DALLE\Advanced\DALLE3\dalle3\202311011943129901ca391019566e\49e968922c315f200a29400adfd63524.jpg,1,ai,jpeg_q30,0.949538,1,1
data\wildfake\Images\Diffusion_based\DALLE\DALLE\Advanced\DALLE3\dalle3\202311011943129901ca391019566e\4a5d2f38b2c0fca78828adf9d6f6296c.jpg,1,ai,jpeg_q30,0.984032,1,1
data\wildfake\Images\Diffusion_based\DALLE\DALLE\Advanced\DALLE3\dalle3\202311011943129901ca391019566e\4aac29808ad56a671c1da2f831c31392.jpg,1,ai,jpeg_q30,0.920500,1,1
data\wildfake\Images\Diffusion_based\DALLE\DALLE\Advanced\DALLE3\dalle3\202311011943129901ca391019566e\4ae5c1e57cfdce9c4be7cb9165abfe15.jpg,1,ai,jpeg_q30,0.887830,1,1
data\wildfake\Images\Diffusion_based\DALLE\DALLE\Advanced\DALLE3\dalle3\202311011943129901ca391019566e\4b09a0d86cc237d7a7fa0e5453e4f9a1.jpg,1,ai,jpeg_q30,0.999631,1,1
data\wildfake\Images\Diffusion_based\DALLE\DALLE\Advanced\DALLE3\dalle3\202311011943129901ca391019566e\4b1f6c9c7d65f8a324414b323cada82c.jpg,1,ai,jpeg_q30,0.972167,1,1
data\wildfake\Images\Diffusion_based\DALLE\DALLE\Advanced\DALLE3\dalle3\202311011943129901ca391019566e\4b2179fe5a391d088197e56df4d86d5e.jpg,1,ai,jpeg_q30,0.940691,1,1
data\wildfake\Images\Diffusion_based\DALLE\DALLE\Advanced\DALLE3\dalle3\202311011943129901ca391019566e\4b280ed6aaccc8460f2ce8134b5aa226.jpg,1,ai,jpeg_q30,0.551536,1,1
data\wildfake\Images\Diffusion_based\DALLE\DALLE\Advanced\DALLE3\dalle3\202311011943129901ca391019566e\4b580e592324ddcef9a4665122cfa3ff.jpg,1,ai,jpeg_q30,0.722491,1,1
data\wildfake\Images\Diffusion_based\DALLE\DALLE\Advanced\DALLE3\dalle3\202311011943129901ca391019566e\4b83dccbdb1c2fd84b80b1ddbdcac2e6.jpg,1,ai,jpeg_q30,0.201900,0,0
data\wildfake\Images\Diffusion_based\DALLE\DALLE\Advanced\DALLE3\dalle3\202311011943129901ca391019566e\4bccbe67ae688eed37405074a92c79ad.jpg,1,ai,jpeg_q30,0.899000,1,1
data\wildfake\Images\Diffusion_based\DALLE\DALLE\Advanced\DALLE3\dalle3\202311011943129901ca391019566e\4c0562860dc1056633db43557e06bff3.jpg,1,ai,jpeg_q30,0.952607,1,1
data\wildfake\Images\Diffusion_based\DALLE\DALLE\Advanced\DALLE3\dalle3\202311011943129901ca391019566e\4c252a942df979698399d534efdca9a1.jpg,1,ai,jpeg_q30,0.971628,1,1
data\val\real\000000000139.jpg,0,real,blur_s0.5,0.471961,0,1
data\val\real\000000000285.jpg,0,real,blur_s0.5,0.132168,0,1
data\val\real\000000000632.jpg,0,real,blur_s0.5,0.579047,1,0
data\val\real\000000000724.jpg,0,real,blur_s0.5,0.296853,0,1
data\val\real\000000000776.jpg,0,real,blur_s0.5,0.156584,0,1
data\val\real\000000000785.jpg,0,real,blur_s0.5,0.818141,1,0
data\val\real\000000000802.jpg,0,real,blur_s0.5,0.046358,0,1
data\val\real\000000000872.jpg,0,real,blur_s0.5,0.029037,0,1
data\val\real\000000000885.jpg,0,real,blur_s0.5,0.423346,0,1
data\val\real\000000001000.jpg,0,real,blur_s0.5,0.067841,0,1
data\val\real\000000001268.jpg,0,real,blur_s0.5,0.057809,0,1
data\val\real\000000001296.jpg,0,real,blur_s0.5,0.130180,0,1
data\val\real\000000001353.jpg,0,real,blur_s0.5,0.046117,0,1
data\val\real\000000001425.jpg,0,real,blur_s0.5,0.448591,0,1
data\val\real\000000001490.jpg,0,real,blur_s0.5,0.138574,0,1
data\val\real\000000001503.jpg,0,real,blur_s0.5,0.130731,0,1
data\val\real\000000001532.jpg,0,real,blur_s0.5,0.150370,0,1
data\val\real\000000001584.jpg,0,real,blur_s0.5,0.689144,1,0
data\val\real\000000001675.jpg,0,real,blur_s0.5,0.057670,0,1
data\val\real\000000001761.jpg,0,real,blur_s0.5,0.055431,0,1
data\val\real\000000001818.jpg,0,real,blur_s0.5,0.363759,0,1
data\val\real\000000001993.jpg,0,real,blur_s0.5,0.061112,0,1
data\val\real\000000002006.jpg,0,real,blur_s0.5,0.175712,0,1
data\val\real\000000002149.jpg,0,real,blur_s0.5,0.438346,0,1
data\val\real\000000002153.jpg,0,real,blur_s0.5,0.018633,0,1
data\val\real\000000002157.jpg,0,real,blur_s0.5,0.492526,0,1
data\val\real\000000002261.jpg,0,real,blur_s0.5,0.158094,0,1
data\val\real\000000002299.jpg,0,real,blur_s0.5,0.122568,0,1
data\val\real\000000002431.jpg,0,real,blur_s0.5,0.027895,0,1
data\val\real\000000002473.jpg,0,real,blur_s0.5,0.503579,1,0
data\val\real\000000002532.jpg,0,real,blur_s0.5,0.083133,0,1
data\val\real\000000002587.jpg,0,real,blur_s0.5,0.124720,0,1
data\val\real\000000002592.jpg,0,real,blur_s0.5,0.032855,0,1
data\val\real\000000002685.jpg,0,real,blur_s0.5,0.008209,0,1
data\val\real\000000002923.jpg,0,real,blur_s0.5,0.014461,0,1
data\val\real\000000003156.jpg,0,real,blur_s0.5,0.560404,1,0
data\val\real\000000003255.jpg,0,real,blur_s0.5,0.614267,1,0
data\val\real\000000003501.jpg,0,real,blur_s0.5,0.266702,0,1
data\val\real\000000003553.jpg,0,real,blur_s0.5,0.149871,0,1
data\val\real\000000003661.jpg,0,real,blur_s0.5,0.014000,0,1
data\val\real\000000003845.jpg,0,real,blur_s0.5,0.247447,0,1
data\val\real\000000003934.jpg,0,real,blur_s0.5,0.003027,0,1
data\val\real\000000004134.jpg,0,real,blur_s0.5,0.006321,0,1
data\val\real\000000004395.jpg,0,real,blur_s0.5,0.039424,0,1
data\val\real\000000004495.jpg,0,real,blur_s0.5,0.013928,0,1
data\val\real\000000004765.jpg,0,real,blur_s0.5,0.324736,0,1
data\val\real\000000004795.jpg,0,real,blur_s0.5,0.005466,0,1
data\val\real\000000005001.jpg,0,real,blur_s0.5,0.051786,0,1
data\val\real\000000005037.jpg,0,real,blur_s0.5,0.292644,0,1
data\val\real\000000005060.jpg,0,real,blur_s0.5,0.030284,0,1
data\val\real\000000005193.jpg,0,real,blur_s0.5,0.011179,0,1
data\val\real\000000005477.jpg,0,real,blur_s0.5,0.519316,1,0
data\val\real\000000005503.jpg,0,real,blur_s0.5,0.031921,0,1
data\val\real\000000005529.jpg,0,real,blur_s0.5,0.082685,0,1
data\val\real\000000005586.jpg,0,real,blur_s0.5,0.018574,0,1
data\val\real\000000005600.jpg,0,real,blur_s0.5,0.018710,0,1
data\val\real\000000005992.jpg,0,real,blur_s0.5,0.039116,0,1
data\val\real\000000006012.jpg,0,real,blur_s0.5,0.193577,0,1
data\val\real\000000006040.jpg,0,real,blur_s0.5,0.420466,0,1
data\val\real\000000006213.jpg,0,real,blur_s0.5,0.128289,0,1
data\val\real\000000006460.jpg,0,real,blur_s0.5,0.151034,0,1
data\val\real\000000006471.jpg,0,real,blur_s0.5,0.038104,0,1
data\val\real\000000006614.jpg,0,real,blur_s0.5,0.040215,0,1
data\val\real\000000006723.jpg,0,real,blur_s0.5,0.032180,0,1
data\val\real\000000006763.jpg,0,real,blur_s0.5,0.002079,0,1
data\val\real\000000006771.jpg,0,real,blur_s0.5,0.024769,0,1
data\val\real\000000006818.jpg,0,real,blur_s0.5,0.070433,0,1
data\val\real\000000006894.jpg,0,real,blur_s0.5,0.103292,0,1
data\val\real\000000006954.jpg,0,real,blur_s0.5,0.165717,0,1
data\val\real\000000007088.jpg,0,real,blur_s0.5,0.025368,0,1
data\val\real\000000007108.jpg,0,real,blur_s0.5,0.207778,0,1
data\val\real\000000007278.jpg,0,real,blur_s0.5,0.198571,0,1
data\val\real\000000007281.jpg,0,real,blur_s0.5,0.066073,0,1
data\val\real\000000007386.jpg,0,real,blur_s0.5,0.024440,0,1
data\val\real\000000007511.jpg,0,real,blur_s0.5,0.043400,0,1
data\val\real\000000007574.jpg,0,real,blur_s0.5,0.033354,0,1
data\val\real\000000007784.jpg,0,real,blur_s0.5,0.581214,1,0
data\val\real\000000007795.jpg,0,real,blur_s0.5,0.575788,1,0
data\val\real\000000007816.jpg,0,real,blur_s0.5,0.022501,0,1
data\val\real\000000007818.jpg,0,real,blur_s0.5,0.510569,1,0
data\val\real\000000007888.jpg,0,real,blur_s0.5,0.573079,1,0
data\val\real\000000007977.jpg,0,real,blur_s0.5,0.509312,1,0
data\val\real\000000007991.jpg,0,real,blur_s0.5,0.062360,0,1
data\val\real\000000008021.jpg,0,real,blur_s0.5,0.025803,0,1
data\val\real\000000008211.jpg,0,real,blur_s0.5,0.214321,0,1
data\val\real\000000008277.jpg,0,real,blur_s0.5,0.043429,0,1
data\val\real\000000008532.jpg,0,real,blur_s0.5,0.022268,0,1
data\val\real\000000008629.jpg,0,real,blur_s0.5,0.120072,0,1
data\val\real\000000008690.jpg,0,real,blur_s0.5,0.008839,0,1
data\val\real\000000008762.jpg,0,real,blur_s0.5,0.420108,0,1
data\val\real\000000008844.jpg,0,real,blur_s0.5,0.268282,0,1
data\val\real\000000008899.jpg,0,real,blur_s0.5,0.140260,0,1
data\val\real\000000009378.jpg,0,real,blur_s0.5,0.105979,0,1
data\val\real\000000009400.jpg,0,real,blur_s0.5,0.004894,0,1
data\val\real\000000009448.jpg,0,real,blur_s0.5,0.020199,0,1
data\val\real\000000009483.jpg,0,real,blur_s0.5,0.014886,0,1
data\val\real\000000009590.jpg,0,real,blur_s0.5,0.080911,0,1
data\val\real\000000009769.jpg,0,real,blur_s0.5,0.053715,0,1
data\val\real\000000009772.jpg,0,real,blur_s0.5,0.055528,0,1
data\val\real\000000009891.jpg,0,real,blur_s0.5,0.012752,0,1
data\val\real\000000009914.jpg,0,real,blur_s0.5,0.048760,0,1
data\val\real\000000010092.jpg,0,real,blur_s0.5,0.082597,0,1
data\val\real\000000010363.jpg,0,real,blur_s0.5,0.013231,0,1
data\val\real\000000010583.jpg,0,real,blur_s0.5,0.052422,0,1
data\val\real\000000010707.jpg,0,real,blur_s0.5,0.006306,0,1
data\val\real\000000010764.jpg,0,real,blur_s0.5,0.364802,0,1
data\val\real\000000010977.jpg,0,real,blur_s0.5,0.066907,0,1
data\val\real\000000010995.jpg,0,real,blur_s0.5,0.102643,0,1
data\val\real\000000011051.jpg,0,real,blur_s0.5,0.028703,0,1
data\val\real\000000011122.jpg,0,real,blur_s0.5,0.036891,0,1
data\val\real\000000011149.jpg,0,real,blur_s0.5,0.005326,0,1
data\val\real\000000011197.jpg,0,real,blur_s0.5,0.031652,0,1
data\val\real\000000011511.jpg,0,real,blur_s0.5,0.138985,0,1
data\val\real\000000011615.jpg,0,real,blur_s0.5,0.177283,0,1
data\val\real\000000011699.jpg,0,real,blur_s0.5,0.079039,0,1
data\val\real\000000011760.jpg,0,real,blur_s0.5,0.452038,0,1
data\val\real\000000011813.jpg,0,real,blur_s0.5,0.021311,0,1
data\val\real\000000012062.jpg,0,real,blur_s0.5,0.032468,0,1
data\val\real\000000012120.jpg,0,real,blur_s0.5,0.048764,0,1
data\val\real\000000012280.jpg,0,real,blur_s0.5,0.399591,0,1
data\val\real\000000012576.jpg,0,real,blur_s0.5,0.135822,0,1
data\val\real\000000012639.jpg,0,real,blur_s0.5,0.134105,0,1
data\val\real\000000012667.jpg,0,real,blur_s0.5,0.340981,0,1
data\val\real\000000012670.jpg,0,real,blur_s0.5,0.022655,0,1
data\val\real\000000012748.jpg,0,real,blur_s0.5,0.147167,0,1
data\val\real\000000013004.jpg,0,real,blur_s0.5,0.364579,0,1
data\val\real\000000013177.jpg,0,real,blur_s0.5,0.039941,0,1
data\val\real\000000013201.jpg,0,real,blur_s0.5,0.199317,0,1
data\val\real\000000013291.jpg,0,real,blur_s0.5,0.324889,0,1
data\val\real\000000013348.jpg,0,real,blur_s0.5,0.178836,0,1
data\val\real\000000013546.jpg,0,real,blur_s0.5,0.022831,0,1
data\val\real\000000013597.jpg,0,real,blur_s0.5,0.835530,1,0
data\val\real\000000013659.jpg,0,real,blur_s0.5,0.003458,0,1
data\val\real\000000013729.jpg,0,real,blur_s0.5,0.014077,0,1
data\val\real\000000013774.jpg,0,real,blur_s0.5,0.798776,1,0
data\val\real\000000013923.jpg,0,real,blur_s0.5,0.080259,0,1
data\val\real\000000014007.jpg,0,real,blur_s0.5,0.131061,0,1
data\val\real\000000014038.jpg,0,real,blur_s0.5,0.495649,0,1
data\val\real\000000014226.jpg,0,real,blur_s0.5,0.402615,0,1
data\val\real\000000014380.jpg,0,real,blur_s0.5,0.202550,0,1
data\val\real\000000014439.jpg,0,real,blur_s0.5,0.062775,0,1
data\val\real\000000014473.jpg,0,real,blur_s0.5,0.103658,0,1
data\val\real\000000014831.jpg,0,real,blur_s0.5,0.005780,0,1
data\val\real\000000014888.jpg,0,real,blur_s0.5,0.090183,0,1
data\val\real\000000015079.jpg,0,real,blur_s0.5,0.237524,0,1
data\val\real\000000015254.jpg,0,real,blur_s0.5,0.217108,0,1
data\val\real\000000015272.jpg,0,real,blur_s0.5,0.100832,0,1
data\val\real\000000015278.jpg,0,real,blur_s0.5,0.127404,0,1
data\val\real\000000015335.jpg,0,real,blur_s0.5,0.003376,0,1
data\val\real\000000015338.jpg,0,real,blur_s0.5,0.071921,0,1
data\val\real\000000015440.jpg,0,real,blur_s0.5,0.831423,1,0
data\val\real\000000015497.jpg,0,real,blur_s0.5,0.016661,0,1
data\val\real\000000015517.jpg,0,real,blur_s0.5,0.028073,0,1
data\val\real\000000015597.jpg,0,real,blur_s0.5,0.013477,0,1
data\val\real\000000015660.jpg,0,real,blur_s0.5,0.202997,0,1
data\val\real\000000015746.jpg,0,real,blur_s0.5,0.099777,0,1
data\val\real\000000015751.jpg,0,real,blur_s0.5,0.038340,0,1
data\val\real\000000015956.jpg,0,real,blur_s0.5,0.026284,0,1
data\val\real\000000016010.jpg,0,real,blur_s0.5,0.020250,0,1
data\val\real\000000016228.jpg,0,real,blur_s0.5,0.343439,0,1
data\val\real\000000016249.jpg,0,real,blur_s0.5,0.083737,0,1
data\val\real\000000016439.jpg,0,real,blur_s0.5,0.263760,0,1
data\val\real\000000016451.jpg,0,real,blur_s0.5,0.180428,0,1
data\val\real\000000016502.jpg,0,real,blur_s0.5,0.137837,0,1
data\val\real\000000016598.jpg,0,real,blur_s0.5,0.004780,0,1
data\val\real\000000016958.jpg,0,real,blur_s0.5,0.034825,0,1
data\val\real\000000017029.jpg,0,real,blur_s0.5,0.182785,0,1
data\val\real\000000017031.jpg,0,real,blur_s0.5,0.631947,1,0
data\val\real\000000017115.jpg,0,real,blur_s0.5,0.327391,0,1
data\val\real\000000017178.jpg,0,real,blur_s0.5,0.743689,1,0
data\val\real\000000017182.jpg,0,real,blur_s0.5,0.187983,0,1
data\val\real\000000017207.jpg,0,real,blur_s0.5,0.035820,0,1
data\val\real\000000017379.jpg,0,real,blur_s0.5,0.291668,0,1
data\val\real\000000017436.jpg,0,real,blur_s0.5,0.041581,0,1
data\val\real\000000017627.jpg,0,real,blur_s0.5,0.008543,0,1
data\val\real\000000017714.jpg,0,real,blur_s0.5,0.246533,0,1
data\val\real\000000017899.jpg,0,real,blur_s0.5,0.014973,0,1
data\val\real\000000017905.jpg,0,real,blur_s0.5,0.003624,0,1
data\val\real\000000017959.jpg,0,real,blur_s0.5,0.231141,0,1
data\val\real\000000018150.jpg,0,real,blur_s0.5,0.023448,0,1
data\val\real\000000018193.jpg,0,real,blur_s0.5,0.015250,0,1
data\val\real\000000018380.jpg,0,real,blur_s0.5,0.212683,0,1
data\val\real\000000018491.jpg,0,real,blur_s0.5,0.065056,0,1
data\val\real\000000018519.jpg,0,real,blur_s0.5,0.336198,0,1
data\val\real\000000018575.jpg,0,real,blur_s0.5,0.025699,0,1
data\val\real\000000018737.jpg,0,real,blur_s0.5,0.047126,0,1
data\val\real\000000018770.jpg,0,real,blur_s0.5,0.027509,0,1
data\val\real\000000018833.jpg,0,real,blur_s0.5,0.460570,0,1
data\val\real\000000018837.jpg,0,real,blur_s0.5,0.156747,0,1
data\val\real\000000019042.jpg,0,real,blur_s0.5,0.006256,0,1
data\val\real\000000019109.jpg,0,real,blur_s0.5,0.143886,0,1
data\val\real\000000019221.jpg,0,real,blur_s0.5,0.007215,0,1
data\val\real\000000019402.jpg,0,real,blur_s0.5,0.005566,0,1
data\val\real\000000019432.jpg,0,real,blur_s0.5,0.055255,0,1
data\val\real\000000019742.jpg,0,real,blur_s0.5,0.112508,0,1
data\val\real\000000019786.jpg,0,real,blur_s0.5,0.004913,0,1
data\val\real\000000019924.jpg,0,real,blur_s0.5,0.689358,1,0
data\val\real\000000020059.jpg,0,real,blur_s0.5,0.031941,0,1
data\val\real\000000020107.jpg,0,real,blur_s0.5,0.023415,0,1
data\val\real\000000020247.jpg,0,real,blur_s0.5,0.168420,0,1
data\val\real\000000020333.jpg,0,real,blur_s0.5,0.156091,0,1
data\val\real\000000020553.jpg,0,real,blur_s0.5,0.054723,0,1
data\val\real\000000020571.jpg,0,real,blur_s0.5,0.151593,0,1
data\val\real\000000020992.jpg,0,real,blur_s0.5,0.026813,0,1
data\val\real\000000021167.jpg,0,real,blur_s0.5,0.007758,0,1
data\val\real\000000021465.jpg,0,real,blur_s0.5,0.001299,0,1
data\val\real\000000021503.jpg,0,real,blur_s0.5,0.003736,0,1
data\val\real\000000021604.jpg,0,real,blur_s0.5,0.949446,1,0
data\val\real\000000021839.jpg,0,real,blur_s0.5,0.008954,0,1
data\val\real\000000021879.jpg,0,real,blur_s0.5,0.129044,0,1
data\val\real\000000021903.jpg,0,real,blur_s0.5,0.187036,0,1
data\val\real\000000022192.jpg,0,real,blur_s0.5,0.038874,0,1
data\val\real\000000022371.jpg,0,real,blur_s0.5,0.809346,1,0
data\val\real\000000022396.jpg,0,real,blur_s0.5,0.112285,0,1
data\val\real\000000022479.jpg,0,real,blur_s0.5,0.147649,0,1
data\val\real\000000022589.jpg,0,real,blur_s0.5,0.021430,0,1
data\val\real\000000022623.jpg,0,real,blur_s0.5,0.226596,0,1
data\val\real\000000022705.jpg,0,real,blur_s0.5,0.008187,0,1
data\val\real\000000022755.jpg,0,real,blur_s0.5,0.199213,0,1
data\val\real\000000022892.jpg,0,real,blur_s0.5,0.100516,0,1
data\val\real\000000022935.jpg,0,real,blur_s0.5,0.158247,0,1
data\val\real\000000022969.jpg,0,real,blur_s0.5,0.098988,0,1
data\val\real\000000023023.jpg,0,real,blur_s0.5,0.067218,0,1
data\val\real\000000023034.jpg,0,real,blur_s0.5,0.012266,0,1
data\val\real\000000023126.jpg,0,real,blur_s0.5,0.657156,1,0
data\val\real\000000023230.jpg,0,real,blur_s0.5,0.007469,0,1
data\val\real\000000023272.jpg,0,real,blur_s0.5,0.034879,0,1
data\val\real\000000023359.jpg,0,real,blur_s0.5,0.321090,0,1
data\val\real\000000023666.jpg,0,real,blur_s0.5,0.089972,0,1
data\val\real\000000023751.jpg,0,real,blur_s0.5,0.009624,0,1
data\val\real\000000023781.jpg,0,real,blur_s0.5,0.269924,0,1
data\val\real\000000023899.jpg,0,real,blur_s0.5,0.009859,0,1
data\val\real\000000023937.jpg,0,real,blur_s0.5,0.185038,0,1
data\val\real\000000024021.jpg,0,real,blur_s0.5,0.146616,0,1
data\val\real\000000024027.jpg,0,real,blur_s0.5,0.049507,0,1
data\val\real\000000024144.jpg,0,real,blur_s0.5,0.190416,0,1
data\val\real\000000024243.jpg,0,real,blur_s0.5,0.215957,0,1
data\val\real\000000024567.jpg,0,real,blur_s0.5,0.012099,0,1
data\val\real\000000024610.jpg,0,real,blur_s0.5,0.018143,0,1
data\val\real\000000024919.jpg,0,real,blur_s0.5,0.498733,0,1
data\val\real\000000025057.jpg,0,real,blur_s0.5,0.071174,0,1
data\val\real\000000025096.jpg,0,real,blur_s0.5,0.037859,0,1
data\val\real\000000025139.jpg,0,real,blur_s0.5,0.134825,0,1
data\val\real\000000025181.jpg,0,real,blur_s0.5,0.728069,1,0
data\val\real\000000025228.jpg,0,real,blur_s0.5,0.035238,0,1
data\val\real\000000025386.jpg,0,real,blur_s0.5,0.008497,0,1
data\val\real\000000025393.jpg,0,real,blur_s0.5,0.007667,0,1
data\val\real\000000025394.jpg,0,real,blur_s0.5,0.036233,0,1
data\val\real\000000025424.jpg,0,real,blur_s0.5,0.472752,0,1
data\val\real\000000025560.jpg,0,real,blur_s0.5,0.047506,0,1
data\val\real\000000025593.jpg,0,real,blur_s0.5,0.089112,0,1
data\val\real\000000025603.jpg,0,real,blur_s0.5,0.003383,0,1
data\val\real\000000025986.jpg,0,real,blur_s0.5,0.014830,0,1
data\val\real\000000026204.jpg,0,real,blur_s0.5,0.063012,0,1
data\val\real\000000026465.jpg,0,real,blur_s0.5,0.004170,0,1
data\val\real\000000026564.jpg,0,real,blur_s0.5,0.176238,0,1
data\val\real\000000026690.jpg,0,real,blur_s0.5,0.095012,0,1
data\val\real\000000026926.jpg,0,real,blur_s0.5,0.770623,1,0
data\val\real\000000026941.jpg,0,real,blur_s0.5,0.775453,1,0
data\val\real\000000027186.jpg,0,real,blur_s0.5,0.035717,0,1
data\val\real\000000027620.jpg,0,real,blur_s0.5,0.062008,0,1
data\val\real\000000027696.jpg,0,real,blur_s0.5,0.014428,0,1
data\val\real\000000027768.jpg,0,real,blur_s0.5,0.072084,0,1
data\val\real\000000027932.jpg,0,real,blur_s0.5,0.239278,0,1
data\val\real\000000027972.jpg,0,real,blur_s0.5,0.389166,0,1
data\val\real\000000027982.jpg,0,real,blur_s0.5,0.211983,0,1
data\val\real\000000028285.jpg,0,real,blur_s0.5,0.031374,0,1
data\val\real\000000028449.jpg,0,real,blur_s0.5,0.701890,1,0
data\val\real\000000028452.jpg,0,real,blur_s0.5,0.477766,0,1
data\val\real\000000028809.jpg,0,real,blur_s0.5,0.120499,0,1
data\val\real\000000028993.jpg,0,real,blur_s0.5,0.233221,0,1
data\val\real\000000029187.jpg,0,real,blur_s0.5,0.007557,0,1
data\val\real\000000029393.jpg,0,real,blur_s0.5,0.017505,0,1
data\val\real\000000029397.jpg,0,real,blur_s0.5,0.004946,0,1
data\val\real\000000029596.jpg,0,real,blur_s0.5,0.554167,1,0
data\val\real\000000029640.jpg,0,real,blur_s0.5,0.414107,0,1
data\val\real\000000029675.jpg,0,real,blur_s0.5,0.231786,0,1
data\val\real\000000029984.jpg,0,real,blur_s0.5,0.018874,0,1
data\val\real\000000030213.jpg,0,real,blur_s0.5,0.316882,0,1
data\val\real\000000030494.jpg,0,real,blur_s0.5,0.005498,0,1
data\val\real\000000030504.jpg,0,real,blur_s0.5,0.315118,0,1
data\val\real\000000030675.jpg,0,real,blur_s0.5,0.568774,1,0
data\val\real\000000030785.jpg,0,real,blur_s0.5,0.231236,0,1
data\val\real\000000030828.jpg,0,real,blur_s0.5,0.335282,0,1
data\val\real\000000031050.jpg,0,real,blur_s0.5,0.014464,0,1
data\val\real\000000031093.jpg,0,real,blur_s0.5,0.304931,0,1
data\val\real\000000031118.jpg,0,real,blur_s0.5,0.424926,0,1
data\val\real\000000031217.jpg,0,real,blur_s0.5,0.076246,0,1
data\val\real\000000031248.jpg,0,real,blur_s0.5,0.059406,0,1
data\val\real\000000031269.jpg,0,real,blur_s0.5,0.114022,0,1
data\val\real\000000031296.jpg,0,real,blur_s0.5,0.003416,0,1
data\val\real\000000031322.jpg,0,real,blur_s0.5,0.170568,0,1
data\val\real\000000031620.jpg,0,real,blur_s0.5,0.001275,0,1
data\val\real\000000031735.jpg,0,real,blur_s0.5,0.001325,0,1
data\val\real\000000031749.jpg,0,real,blur_s0.5,0.265336,0,1
data\val\real\000000031817.jpg,0,real,blur_s0.5,0.006626,0,1
data\val\real\000000032038.jpg,0,real,blur_s0.5,0.120475,0,1
data\val\real\000000032081.jpg,0,real,blur_s0.5,0.168524,0,1
data\val\real\000000032285.jpg,0,real,blur_s0.5,0.244098,0,1
data\val\real\000000032334.jpg,0,real,blur_s0.5,0.006475,0,1
data\val\real\000000032570.jpg,0,real,blur_s0.5,0.798572,1,0
data\val\real\000000032610.jpg,0,real,blur_s0.5,0.028456,0,1
data\val\real\000000032735.jpg,0,real,blur_s0.5,0.222405,0,1
data\val\real\000000032811.jpg,0,real,blur_s0.5,0.043535,0,1
data\val\real\000000032817.jpg,0,real,blur_s0.5,0.024883,0,1
data\val\real\000000032861.jpg,0,real,blur_s0.5,0.379148,0,1
data\val\real\000000032887.jpg,0,real,blur_s0.5,0.006679,0,1
data\val\real\000000032901.jpg,0,real,blur_s0.5,0.006174,0,1
data\val\real\000000032941.jpg,0,real,blur_s0.5,0.030823,0,1
data\val\real\000000033005.jpg,0,real,blur_s0.5,0.165856,0,1
data\val\real\000000033104.jpg,0,real,blur_s0.5,0.025212,0,1
data\val\real\000000033109.jpg,0,real,blur_s0.5,0.066688,0,1
data\val\real\000000033114.jpg,0,real,blur_s0.5,0.271184,0,1
data\val\real\000000033221.jpg,0,real,blur_s0.5,0.003143,0,1
data\val\real\000000033368.jpg,0,real,blur_s0.5,0.696854,1,0
data\val\real\000000033638.jpg,0,real,blur_s0.5,0.030950,0,1
data\val\real\000000033707.jpg,0,real,blur_s0.5,0.142051,0,1
data\val\real\000000033759.jpg,0,real,blur_s0.5,0.109276,0,1
data\val\real\000000033854.jpg,0,real,blur_s0.5,0.076148,0,1
data\val\real\000000034071.jpg,0,real,blur_s0.5,0.448882,0,1
data\val\real\000000034139.jpg,0,real,blur_s0.5,0.102061,0,1
data\val\real\000000034205.jpg,0,real,blur_s0.5,0.145366,0,1
data\val\real\000000034257.jpg,0,real,blur_s0.5,0.500492,1,0
data\val\real\000000034417.jpg,0,real,blur_s0.5,0.199540,0,1
data\val\real\000000034452.jpg,0,real,blur_s0.5,0.005834,0,1
data\val\real\000000034760.jpg,0,real,blur_s0.5,0.026091,0,1
data\val\real\000000034873.jpg,0,real,blur_s0.5,0.039122,0,1
data\val\real\000000035062.jpg,0,real,blur_s0.5,0.034732,0,1
data\val\real\000000035197.jpg,0,real,blur_s0.5,0.466357,0,1
data\val\real\000000035279.jpg,0,real,blur_s0.5,0.053742,0,1
data\val\real\000000035326.jpg,0,real,blur_s0.5,0.011201,0,1
data\val\real\000000035682.jpg,0,real,blur_s0.5,0.050561,0,1
data\val\real\000000035770.jpg,0,real,blur_s0.5,0.025282,0,1
data\val\real\000000035963.jpg,0,real,blur_s0.5,0.013057,0,1
data\val\real\000000036494.jpg,0,real,blur_s0.5,0.289312,0,1
data\val\real\000000036539.jpg,0,real,blur_s0.5,0.015025,0,1
data\val\real\000000036660.jpg,0,real,blur_s0.5,0.077216,0,1
data\val\real\000000036678.jpg,0,real,blur_s0.5,0.101818,0,1
data\val\real\000000036844.jpg,0,real,blur_s0.5,0.019810,0,1
data\val\real\000000036861.jpg,0,real,blur_s0.5,0.062360,0,1
data\val\real\000000036936.jpg,0,real,blur_s0.5,0.010161,0,1
data\val\real\000000037670.jpg,0,real,blur_s0.5,0.077360,0,1
data\val\real\000000037689.jpg,0,real,blur_s0.5,0.332290,0,1
data\val\real\000000037740.jpg,0,real,blur_s0.5,0.247821,0,1
data\val\real\000000037751.jpg,0,real,blur_s0.5,0.041025,0,1
data\val\real\000000037777.jpg,0,real,blur_s0.5,0.108654,0,1
data\val\real\000000037988.jpg,0,real,blur_s0.5,0.054356,0,1
data\val\real\000000038048.jpg,0,real,blur_s0.5,0.033744,0,1
data\val\real\000000038070.jpg,0,real,blur_s0.5,0.326878,0,1
data\val\real\000000038118.jpg,0,real,blur_s0.5,0.625532,1,0
data\val\real\000000038210.jpg,0,real,blur_s0.5,0.327003,0,1
data\val\real\000000038576.jpg,0,real,blur_s0.5,0.211887,0,1
data\val\real\000000038678.jpg,0,real,blur_s0.5,0.007171,0,1
data\val\real\000000038825.jpg,0,real,blur_s0.5,0.317176,0,1
data\val\real\000000038829.jpg,0,real,blur_s0.5,0.045420,0,1
data\val\real\000000039405.jpg,0,real,blur_s0.5,0.046412,0,1
data\val\real\000000039477.jpg,0,real,blur_s0.5,0.155609,0,1
data\val\real\000000039480.jpg,0,real,blur_s0.5,0.076631,0,1
data\val\real\000000039484.jpg,0,real,blur_s0.5,0.176956,0,1
data\val\real\000000039551.jpg,0,real,blur_s0.5,0.631273,1,0
data\val\real\000000039670.jpg,0,real,blur_s0.5,0.237957,0,1
data\val\real\000000039769.jpg,0,real,blur_s0.5,0.016072,0,1
data\val\real\000000039785.jpg,0,real,blur_s0.5,0.189291,0,1
data\val\real\000000039914.jpg,0,real,blur_s0.5,0.009346,0,1
data\val\real\000000039951.jpg,0,real,blur_s0.5,0.199217,0,1
data\val\real\000000039956.jpg,0,real,blur_s0.5,0.745291,1,0
data\val\real\000000040036.jpg,0,real,blur_s0.5,0.280217,0,1
data\val\real\000000040083.jpg,0,real,blur_s0.5,0.016429,0,1
data\val\real\000000040471.jpg,0,real,blur_s0.5,0.024611,0,1
data\val\real\000000040757.jpg,0,real,blur_s0.5,0.125999,0,1
data\val\real\000000041488.jpg,0,real,blur_s0.5,0.709805,1,0
data\val\real\000000041633.jpg,0,real,blur_s0.5,0.586325,1,0
data\val\real\000000041635.jpg,0,real,blur_s0.5,0.118921,0,1
data\val\real\000000041872.jpg,0,real,blur_s0.5,0.152703,0,1
data\val\real\000000041888.jpg,0,real,blur_s0.5,0.013379,0,1
data\val\real\000000041990.jpg,0,real,blur_s0.5,0.033177,0,1
data\val\real\000000042070.jpg,0,real,blur_s0.5,0.086777,0,1
data\val\real\000000042102.jpg,0,real,blur_s0.5,0.011310,0,1
data\val\real\000000042178.jpg,0,real,blur_s0.5,0.318868,0,1
data\val\real\000000042276.jpg,0,real,blur_s0.5,0.099578,0,1
data\val\real\000000042296.jpg,0,real,blur_s0.5,0.193341,0,1
data\val\real\000000042528.jpg,0,real,blur_s0.5,0.004410,0,1
data\val\real\000000042563.jpg,0,real,blur_s0.5,0.283861,0,1
data\val\real\000000042628.jpg,0,real,blur_s0.5,0.030663,0,1
data\val\real\000000042888.jpg,0,real,blur_s0.5,0.018969,0,1
data\val\real\000000042889.jpg,0,real,blur_s0.5,0.026353,0,1
data\val\real\000000043314.jpg,0,real,blur_s0.5,0.167640,0,1
data\val\real\000000043435.jpg,0,real,blur_s0.5,0.441282,0,1
data\val\real\000000043581.jpg,0,real,blur_s0.5,0.322897,0,1
data\val\real\000000043737.jpg,0,real,blur_s0.5,0.158050,0,1
data\val\real\000000043816.jpg,0,real,blur_s0.5,0.103896,0,1
data\val\real\000000044068.jpg,0,real,blur_s0.5,0.013649,0,1
data\val\real\000000044195.jpg,0,real,blur_s0.5,0.258529,0,1
data\val\real\000000044260.jpg,0,real,blur_s0.5,0.623360,1,0
data\val\real\000000044279.jpg,0,real,blur_s0.5,0.174456,0,1
data\val\real\000000044590.jpg,0,real,blur_s0.5,0.031690,0,1
data\val\real\000000044652.jpg,0,real,blur_s0.5,0.161213,0,1
data\val\real\000000044699.jpg,0,real,blur_s0.5,0.556621,1,0
data\val\real\000000044877.jpg,0,real,blur_s0.5,0.201908,0,1
data\val\real\000000045070.jpg,0,real,blur_s0.5,0.172566,0,1
data\val\real\000000045090.jpg,0,real,blur_s0.5,0.074566,0,1
data\val\real\000000045229.jpg,0,real,blur_s0.5,0.547322,1,0
data\val\real\000000045472.jpg,0,real,blur_s0.5,0.061211,0,1
data\val\real\000000045550.jpg,0,real,blur_s0.5,0.015656,0,1
data\val\real\000000045596.jpg,0,real,blur_s0.5,0.021753,0,1
data\val\real\000000045728.jpg,0,real,blur_s0.5,0.052421,0,1
data\val\real\000000046031.jpg,0,real,blur_s0.5,0.035048,0,1
data\val\real\000000046048.jpg,0,real,blur_s0.5,0.031364,0,1
data\val\real\000000046252.jpg,0,real,blur_s0.5,0.624742,1,0
data\val\real\000000046378.jpg,0,real,blur_s0.5,0.026866,0,1
data\val\real\000000046463.jpg,0,real,blur_s0.5,0.007114,0,1
data\val\real\000000046497.jpg,0,real,blur_s0.5,0.032007,0,1
data\val\real\000000046804.jpg,0,real,blur_s0.5,0.068802,0,1
data\val\real\000000046872.jpg,0,real,blur_s0.5,0.239179,0,1
data\val\real\000000047010.jpg,0,real,blur_s0.5,0.142306,0,1
data\val\real\000000047112.jpg,0,real,blur_s0.5,0.143478,0,1
data\val\real\000000047121.jpg,0,real,blur_s0.5,0.045335,0,1
data\val\real\000000047571.jpg,0,real,blur_s0.5,0.140232,0,1
data\val\real\000000047585.jpg,0,real,blur_s0.5,0.005531,0,1
data\val\real\000000047740.jpg,0,real,blur_s0.5,0.003491,0,1
data\val\real\000000047769.jpg,0,real,blur_s0.5,0.029900,0,1
data\val\real\000000047801.jpg,0,real,blur_s0.5,0.060221,0,1
data\val\real\000000047819.jpg,0,real,blur_s0.5,0.018360,0,1
data\val\real\000000047828.jpg,0,real,blur_s0.5,0.546297,1,0
data\val\real\000000048153.jpg,0,real,blur_s0.5,0.034923,0,1
data\val\real\000000048396.jpg,0,real,blur_s0.5,0.009033,0,1
data\val\real\000000048504.jpg,0,real,blur_s0.5,0.476693,0,1
data\val\real\000000048555.jpg,0,real,blur_s0.5,0.486173,0,1
data\val\real\000000048564.jpg,0,real,blur_s0.5,0.033827,0,1
data\val\real\000000048924.jpg,0,real,blur_s0.5,0.867828,1,0
data\val\real\000000049060.jpg,0,real,blur_s0.5,0.021639,0,1
data\val\real\000000049091.jpg,0,real,blur_s0.5,0.070885,0,1
data\val\real\000000049259.jpg,0,real,blur_s0.5,0.011358,0,1
data\val\real\000000049269.jpg,0,real,blur_s0.5,0.626917,1,0
data\val\real\000000049759.jpg,0,real,blur_s0.5,0.301885,0,1
data\val\real\000000049761.jpg,0,real,blur_s0.5,0.064954,0,1
data\val\real\000000049810.jpg,0,real,blur_s0.5,0.128325,0,1
data\val\real\000000050006.jpg,0,real,blur_s0.5,0.060597,0,1
data\val\real\000000050145.jpg,0,real,blur_s0.5,0.021175,0,1
data\val\real\000000050149.jpg,0,real,blur_s0.5,0.063601,0,1
data\val\real\000000050165.jpg,0,real,blur_s0.5,0.376774,0,1
data\val\real\000000050326.jpg,0,real,blur_s0.5,0.010068,0,1
data\val\real\000000050331.jpg,0,real,blur_s0.5,0.025035,0,1
data\val\real\000000050380.jpg,0,real,blur_s0.5,0.207977,0,1
data\val\real\000000050638.jpg,0,real,blur_s0.5,0.682531,1,0
data\val\real\000000050679.jpg,0,real,blur_s0.5,0.455836,0,1
data\val\real\000000050811.jpg,0,real,blur_s0.5,0.030681,0,1
data\val\real\000000050828.jpg,0,real,blur_s0.5,0.166611,0,1
data\val\real\000000050844.jpg,0,real,blur_s0.5,0.259599,0,1
data\val\real\000000050896.jpg,0,real,blur_s0.5,0.262528,0,1
data\val\real\000000050943.jpg,0,real,blur_s0.5,0.143915,0,1
data\val\real\000000051008.jpg,0,real,blur_s0.5,0.059745,0,1
data\val\real\000000051309.jpg,0,real,blur_s0.5,0.093993,0,1
data\val\real\000000051314.jpg,0,real,blur_s0.5,0.238144,0,1
data\val\real\000000051326.jpg,0,real,blur_s0.5,0.017408,0,1
data\val\real\000000051598.jpg,0,real,blur_s0.5,0.006199,0,1
data\val\real\000000051610.jpg,0,real,blur_s0.5,0.544850,1,0
data\val\real\000000051712.jpg,0,real,blur_s0.5,0.411251,0,1
data\val\real\000000051738.jpg,0,real,blur_s0.5,0.097070,0,1
data\val\real\000000051938.jpg,0,real,blur_s0.5,0.177263,0,1
data\val\real\000000051961.jpg,0,real,blur_s0.5,0.073793,0,1
data\val\real\000000051976.jpg,0,real,blur_s0.5,0.534063,1,0
data\val\real\000000052007.jpg,0,real,blur_s0.5,0.151149,0,1
data\val\real\000000052017.jpg,0,real,blur_s0.5,0.622016,1,0
data\val\real\000000052412.jpg,0,real,blur_s0.5,0.365132,0,1
data\val\real\000000052413.jpg,0,real,blur_s0.5,0.036165,0,1
data\val\real\000000052462.jpg,0,real,blur_s0.5,0.393191,0,1
data\val\real\000000052507.jpg,0,real,blur_s0.5,0.238875,0,1
data\val\real\000000052565.jpg,0,real,blur_s0.5,0.247648,0,1
data\val\real\000000052591.jpg,0,real,blur_s0.5,0.585964,1,0
data\val\real\000000052891.jpg,0,real,blur_s0.5,0.397620,0,1
data\val\real\000000052996.jpg,0,real,blur_s0.5,0.009294,0,1
data\val\real\000000053505.jpg,0,real,blur_s0.5,0.240076,0,1
data\val\real\000000053529.jpg,0,real,blur_s0.5,0.246396,0,1
data\val\real\000000053624.jpg,0,real,blur_s0.5,0.022121,0,1
data\val\real\000000053626.jpg,0,real,blur_s0.5,0.060082,0,1
data\val\real\000000053909.jpg,0,real,blur_s0.5,0.010446,0,1
data\val\real\000000053994.jpg,0,real,blur_s0.5,0.218285,0,1
data\val\real\000000054123.jpg,0,real,blur_s0.5,0.325474,0,1
data\val\real\000000054164.jpg,0,real,blur_s0.5,0.547714,1,0
data\val\real\000000054592.jpg,0,real,blur_s0.5,0.511105,1,0
data\val\real\000000054593.jpg,0,real,blur_s0.5,0.130173,0,1
data\val\real\000000054605.jpg,0,real,blur_s0.5,0.124131,0,1
data\val\real\000000054628.jpg,0,real,blur_s0.5,0.108944,0,1
data\val\real\000000054654.jpg,0,real,blur_s0.5,0.015123,0,1
data\val\real\000000054931.jpg,0,real,blur_s0.5,0.686433,1,0
data\val\real\000000054967.jpg,0,real,blur_s0.5,0.332470,0,1
data\val\real\000000055002.jpg,0,real,blur_s0.5,0.117017,0,1
data\val\real\000000055022.jpg,0,real,blur_s0.5,0.040521,0,1
data\val\real\000000055072.jpg,0,real,blur_s0.5,0.418149,0,1
data\val\real\000000055150.jpg,0,real,blur_s0.5,0.064913,0,1
data\val\real\000000055167.jpg,0,real,blur_s0.5,0.006010,0,1
data\val\real\000000055299.jpg,0,real,blur_s0.5,0.177970,0,1
data\val\real\000000055528.jpg,0,real,blur_s0.5,0.008790,0,1
data\val\real\000000055950.jpg,0,real,blur_s0.5,0.152293,0,1
data\val\real\000000056127.jpg,0,real,blur_s0.5,0.023500,0,1
data\val\real\000000056288.jpg,0,real,blur_s0.5,0.175753,0,1
data\val\real\000000056344.jpg,0,real,blur_s0.5,0.130263,0,1
data\val\real\000000056350.jpg,0,real,blur_s0.5,0.176386,0,1
data\val\real\000000056545.jpg,0,real,blur_s0.5,0.007542,0,1
data\wildfake\Images\Diffusion_based\DALLE\DALLE\Advanced\DALLE3\dalle3\202311011943129901ca391019566e\0000bc251bd2e98239266f18c7422f00.jpg,1,ai,blur_s0.5,0.996729,1,1
data\wildfake\Images\Diffusion_based\DALLE\DALLE\Advanced\DALLE3\dalle3\202311011943129901ca391019566e\001f5052a8976abf8628979c0a3295fd.jpg,1,ai,blur_s0.5,0.986911,1,1
data\wildfake\Images\Diffusion_based\DALLE\DALLE\Advanced\DALLE3\dalle3\202311011943129901ca391019566e\003a4c6ab6f2b3ab9658a92b5f05945e.jpg,1,ai,blur_s0.5,0.998639,1,1
data\wildfake\Images\Diffusion_based\DALLE\DALLE\Advanced\DALLE3\dalle3\202311011943129901ca391019566e\0043fbaa145d5c0a2a40d46645ed83cb.jpg,1,ai,blur_s0.5,0.937122,1,1
data\wildfake\Images\Diffusion_based\DALLE\DALLE\Advanced\DALLE3\dalle3\202311011943129901ca391019566e\00470ad00ea26cb498a51499f937e52b.jpg,1,ai,blur_s0.5,0.864055,1,1
data\wildfake\Images\Diffusion_based\DALLE\DALLE\Advanced\DALLE3\dalle3\202311011943129901ca391019566e\0052d17a5ef60d0d179717f85046f4b1.jpg,1,ai,blur_s0.5,0.937747,1,1
data\wildfake\Images\Diffusion_based\DALLE\DALLE\Advanced\DALLE3\dalle3\202311011943129901ca391019566e\009bbc62119d37a8fbb83bb9e0dbc508.jpg,1,ai,blur_s0.5,0.995504,1,1
data\wildfake\Images\Diffusion_based\DALLE\DALLE\Advanced\DALLE3\dalle3\202311011943129901ca391019566e\00c573bb9bc5a7eb21bc3be7ae501662.jpg,1,ai,blur_s0.5,0.660775,1,1
data\wildfake\Images\Diffusion_based\DALLE\DALLE\Advanced\DALLE3\dalle3\202311011943129901ca391019566e\00d38429f2b27b0c1704ee2e62d7a990.jpg,1,ai,blur_s0.5,0.647956,1,1
data\wildfake\Images\Diffusion_based\DALLE\DALLE\Advanced\DALLE3\dalle3\202311011943129901ca391019566e\00d73c1e7e3b3890737927fc56ce6e63.jpg,1,ai,blur_s0.5,0.928606,1,1
data\wildfake\Images\Diffusion_based\DALLE\DALLE\Advanced\DALLE3\dalle3\202311011943129901ca391019566e\00fcdf259a2e197eea470d5df3473c65.jpg,1,ai,blur_s0.5,0.983363,1,1
data\wildfake\Images\Diffusion_based\DALLE\DALLE\Advanced\DALLE3\dalle3\202311011943129901ca391019566e\01007fafc81c71ac48435ee0c7d4f2e3.jpg,1,ai,blur_s0.5,0.981695,1,1
data\wildfake\Images\Diffusion_based\DALLE\DALLE\Advanced\DALLE3\dalle3\202311011943129901ca391019566e\010d7366d58b4b5c787bcad069c1730b.jpg,1,ai,blur_s0.5,0.994582,1,1
data\wildfake\Images\Diffusion_based\DALLE\DALLE\Advanced\DALLE3\dalle3\202311011943129901ca391019566e\012bdc65f98678a9d2f300d3828985c2.jpg,1,ai,blur_s0.5,0.812431,1,1
data\wildfake\Images\Diffusion_based\DALLE\DALLE\Advanced\DALLE3\dalle3\202311011943129901ca391019566e\01427a315cdbac9741097790f78aa0fe.jpg,1,ai,blur_s0.5,0.989801,1,1
data\wildfake\Images\Diffusion_based\DALLE\DALLE\Advanced\DALLE3\dalle3\202311011943129901ca391019566e\01686507673b71e4d1fae61f9f3f305b.jpg,1,ai,blur_s0.5,0.982768,1,1
data\wildfake\Images\Diffusion_based\DALLE\DALLE\Advanced\DALLE3\dalle3\202311011943129901ca391019566e\0199b3d7eac3efb5e6a57ec8044c6f87.jpg,1,ai,blur_s0.5,0.985563,1,1
data\wildfake\Images\Diffusion_based\DALLE\DALLE\Advanced\DALLE3\dalle3\202311011943129901ca391019566e\019e486743b8e231bc299da988d9e6c8.jpg,1,ai,blur_s0.5,0.681179,1,1
data\wildfake\Images\Diffusion_based\DALLE\DALLE\Advanced\DALLE3\dalle3\202311011943129901ca391019566e\01ba9ec6bf20f7713b2367189281182e.jpg,1,ai,blur_s0.5,0.982399,1,1
data\wildfake\Images\Diffusion_based\DALLE\DALLE\Advanced\DALLE3\dalle3\202311011943129901ca391019566e\021108a4d05cd0b11e99b0138260665a.jpg,1,ai,blur_s0.5,0.699752,1,1
data\wildfake\Images\Diffusion_based\DALLE\DALLE\Advanced\DALLE3\dalle3\202311011943129901ca391019566e\0256205126a50f7e83488b229ad926b8.jpg,1,ai,blur_s0.5,0.910649,1,1
data\wildfake\Images\Diffusion_based\DALLE\DALLE\Advanced\DALLE3\dalle3\202311011943129901ca391019566e\028f173ecc8a7a865659c2d0bfb76cc0.jpg,1,ai,blur_s0.5,0.917924,1,1
data\wildfake\Images\Diffusion_based\DALLE\DALLE\Advanced\DALLE3\dalle3\202311011943129901ca391019566e\02c359a2bd6af2a45834b8ea3c86f63d.jpg,1,ai,blur_s0.5,0.788989,1,1
data\wildfake\Images\Diffusion_based\DALLE\DALLE\Advanced\DALLE3\dalle3\202311011943129901ca391019566e\02c38b86651eb0b1d5b9f61262d508ee.jpg,1,ai,blur_s0.5,0.980338,1,1
data\wildfake\Images\Diffusion_based\DALLE\DALLE\Advanced\DALLE3\dalle3\202311011943129901ca391019566e\02e9dfc8287798fdac01d4461933d577.jpg,1,ai,blur_s0.5,0.810426,1,1
data\wildfake\Images\Diffusion_based\DALLE\DALLE\Advanced\DALLE3\dalle3\202311011943129901ca391019566e\0304eaaaac6b68aec926d8544f214c81.jpg,1,ai,blur_s0.5,0.993107,1,1
data\wildfake\Images\Diffusion_based\DALLE\DALLE\Advanced\DALLE3\dalle3\202311011943129901ca391019566e\03086a843653df9b1ab5e57e5ecc2eff.jpg,1,ai,blur_s0.5,0.968974,1,1
data\wildfake\Images\Diffusion_based\DALLE\DALLE\Advanced\DALLE3\dalle3\202311011943129901ca391019566e\031844ca3fc6976c3f7e27610993b1dc.jpg,1,ai,blur_s0.5,0.981173,1,1
data\wildfake\Images\Diffusion_based\DALLE\DALLE\Advanced\DALLE3\dalle3\202311011943129901ca391019566e\032adbac54f2e53fbefb58dfa5c05d73.jpg,1,ai,blur_s0.5,0.960799,1,1
data\wildfake\Images\Diffusion_based\DALLE\DALLE\Advanced\DALLE3\dalle3\202311011943129901ca391019566e\033447efc58758adfcae16ba3835f106.jpg,1,ai,blur_s0.5,0.994120,1,1
data\wildfake\Images\Diffusion_based\DALLE\DALLE\Advanced\DALLE3\dalle3\202311011943129901ca391019566e\03aa56112f102b4497c1067d89d3de75.jpg,1,ai,blur_s0.5,0.969361,1,1
data\wildfake\Images\Diffusion_based\DALLE\DALLE\Advanced\DALLE3\dalle3\202311011943129901ca391019566e\042346a5a0950c816b3eec5a543462c5.jpg,1,ai,blur_s0.5,0.623650,1,1
data\wildfake\Images\Diffusion_based\DALLE\DALLE\Advanced\DALLE3\dalle3\202311011943129901ca391019566e\044f4f988518587886dc78b7d1da2b45.jpg,1,ai,blur_s0.5,0.941249,1,1
data\wildfake\Images\Diffusion_based\DALLE\DALLE\Advanced\DALLE3\dalle3\202311011943129901ca391019566e\04b89f4920d9cd392bb6521250256fb3.jpg,1,ai,blur_s0.5,0.964014,1,1
data\wildfake\Images\Diffusion_based\DALLE\DALLE\Advanced\DALLE3\dalle3\202311011943129901ca391019566e\04c4079b8c37703b654ee05f2da9d71b.jpg,1,ai,blur_s0.5,0.813564,1,1
data\wildfake\Images\Diffusion_based\DALLE\DALLE\Advanced\DALLE3\dalle3\202311011943129901ca391019566e\04e5ba4cdc8740da933119ebe3b88668.jpg,1,ai,blur_s0.5,0.984128,1,1
data\wildfake\Images\Diffusion_based\DALLE\DALLE\Advanced\DALLE3\dalle3\202311011943129901ca391019566e\050b5d5acf449d4939e62fb5c3dbf3dd.jpg,1,ai,blur_s0.5,0.979199,1,1
data\wildfake\Images\Diffusion_based\DALLE\DALLE\Advanced\DALLE3\dalle3\202311011943129901ca391019566e\051b85c650f4595bb765a88f571557a1.jpg,1,ai,blur_s0.5,0.970074,1,1
data\wildfake\Images\Diffusion_based\DALLE\DALLE\Advanced\DALLE3\dalle3\202311011943129901ca391019566e\0584095ade8a9eba85efb3019908a95b.jpg,1,ai,blur_s0.5,0.998202,1,1
data\wildfake\Images\Diffusion_based\DALLE\DALLE\Advanced\DALLE3\dalle3\202311011943129901ca391019566e\05902e52fb144e8fed59ef1ee0869e97.jpg,1,ai,blur_s0.5,0.414462,0,0
data\wildfake\Images\Diffusion_based\DALLE\DALLE\Advanced\DALLE3\dalle3\202311011943129901ca391019566e\060f9dc482b69735c78fc3a6f62372e9.jpg,1,ai,blur_s0.5,0.983122,1,1
data\wildfake\Images\Diffusion_based\DALLE\DALLE\Advanced\DALLE3\dalle3\202311011943129901ca391019566e\061125bbe93758dfb0d061c40e1019f3.jpg,1,ai,blur_s0.5,0.948911,1,1
data\wildfake\Images\Diffusion_based\DALLE\DALLE\Advanced\DALLE3\dalle3\202311011943129901ca391019566e\064511de32ccec75414b9f2ce3ac8130.jpg,1,ai,blur_s0.5,0.565219,1,1
data\wildfake\Images\Diffusion_based\DALLE\DALLE\Advanced\DALLE3\dalle3\202311011943129901ca391019566e\0653efeb7b33b1f1be03442e653ab690.jpg,1,ai,blur_s0.5,0.975047,1,1
data\wildfake\Images\Diffusion_based\DALLE\DALLE\Advanced\DALLE3\dalle3\202311011943129901ca391019566e\068ebb34284b9566d51c19f2b750cb21.jpg,1,ai,blur_s0.5,0.998634,1,1
data\wildfake\Images\Diffusion_based\DALLE\DALLE\Advanced\DALLE3\dalle3\202311011943129901ca391019566e\0696de89cef0d21e693e051518b02177.jpg,1,ai,blur_s0.5,0.973301,1,1
data\wildfake\Images\Diffusion_based\DALLE\DALLE\Advanced\DALLE3\dalle3\202311011943129901ca391019566e\06cbd80cf7e04cdfab33cbcc40ed1377.jpg,1,ai,blur_s0.5,0.998530,1,1
data\wildfake\Images\Diffusion_based\DALLE\DALLE\Advanced\DALLE3\dalle3\202311011943129901ca391019566e\06d60b93f6e61c7edcfc5e5753de2a3e.jpg,1,ai,blur_s0.5,0.729527,1,1
data\wildfake\Images\Diffusion_based\DALLE\DALLE\Advanced\DALLE3\dalle3\202311011943129901ca391019566e\0702e0e4309a483b277814a969ac6a3a.jpg,1,ai,blur_s0.5,0.994089,1,1
data\wildfake\Images\Diffusion_based\DALLE\DALLE\Advanced\DALLE3\dalle3\202311011943129901ca391019566e\071b9c87447db8868446f4ede8bd50cf.jpg,1,ai,blur_s0.5,0.944075,1,1
data\wildfake\Images\Diffusion_based\DALLE\DALLE\Advanced\DALLE3\dalle3\202311011943129901ca391019566e\0731f1aeb97a13e2272831b6496b55e2.jpg,1,ai,blur_s0.5,0.944250,1,1
data\wildfake\Images\Diffusion_based\DALLE\DALLE\Advanced\DALLE3\dalle3\202311011943129901ca391019566e\07515ebe1e48416ea62cb69f81a48d06.jpg,1,ai,blur_s0.5,0.937184,1,1
data\wildfake\Images\Diffusion_based\DALLE\DALLE\Advanced\DALLE3\dalle3\202311011943129901ca391019566e\0757a86e2794defa73a1c558e8d5471d.jpg,1,ai,blur_s0.5,0.357294,0,0
data\wildfake\Images\Diffusion_based\DALLE\DALLE\Advanced\DALLE3\dalle3\202311011943129901ca391019566e\078fa68f13b823a7bac90900fcba4c94.jpg,1,ai,blur_s0.5,0.923159,1,1
data\wildfake\Images\Diffusion_based\DALLE\DALLE\Advanced\DALLE3\dalle3\202311011943129901ca391019566e\07d775061577e8d728d9cbe9dbeb920a.jpg,1,ai,blur_s0.5,0.960375,1,1
data\wildfake\Images\Diffusion_based\DALLE\DALLE\Advanced\DALLE3\dalle3\202311011943129901ca391019566e\07fef4a916b296b4876f0f705369bc69.jpg,1,ai,blur_s0.5,0.806226,1,1
data\wildfake\Images\Diffusion_based\DALLE\DALLE\Advanced\DALLE3\dalle3\202311011943129901ca391019566e\082d967db15c1ccaf025f164ba0cecb7.jpg,1,ai,blur_s0.5,0.510187,1,1
data\wildfake\Images\Diffusion_based\DALLE\DALLE\Advanced\DALLE3\dalle3\202311011943129901ca391019566e\08397ae59441c23d1ac6b14c3206deb7.jpg,1,ai,blur_s0.5,0.983543,1,1
data\wildfake\Images\Diffusion_based\DALLE\DALLE\Advanced\DALLE3\dalle3\202311011943129901ca391019566e\088b4fdab675191339cda5cc70195351.jpg,1,ai,blur_s0.5,0.988461,1,1
data\wildfake\Images\Diffusion_based\DALLE\DALLE\Advanced\DALLE3\dalle3\202311011943129901ca391019566e\088e48ca8fcd3dc5a9bd8aa4f18e8368.jpg,1,ai,blur_s0.5,0.917347,1,1
data\wildfake\Images\Diffusion_based\DALLE\DALLE\Advanced\DALLE3\dalle3\202311011943129901ca391019566e\088f2c7a5dbe1984ccb023909d84376f.jpg,1,ai,blur_s0.5,0.840598,1,1
data\wildfake\Images\Diffusion_based\DALLE\DALLE\Advanced\DALLE3\dalle3\202311011943129901ca391019566e\08b5a7dda5f65109b0ccfa924a6e4476.jpg,1,ai,blur_s0.5,0.882734,1,1
data\wildfake\Images\Diffusion_based\DALLE\DALLE\Advanced\DALLE3\dalle3\202311011943129901ca391019566e\08cf20e142fff3fc52989698dcbec99b.jpg,1,ai,blur_s0.5,0.879831,1,1
data\wildfake\Images\Diffusion_based\DALLE\DALLE\Advanced\DALLE3\dalle3\202311011943129901ca391019566e\08da6052def863b1d84a1a89f7263739.jpg,1,ai,blur_s0.5,0.939371,1,1
data\wildfake\Images\Diffusion_based\DALLE\DALLE\Advanced\DALLE3\dalle3\202311011943129901ca391019566e\094c3f268ee5e69cfede62949fe801ae.jpg,1,ai,blur_s0.5,0.443844,0,0
data\wildfake\Images\Diffusion_based\DALLE\DALLE\Advanced\DALLE3\dalle3\202311011943129901ca391019566e\097945ac4b47c969ee0e72d2cb171308.jpg,1,ai,blur_s0.5,0.870754,1,1
data\wildfake\Images\Diffusion_based\DALLE\DALLE\Advanced\DALLE3\dalle3\202311011943129901ca391019566e\09a9492408f8f5066e5d3a6649256fb5.jpg,1,ai,blur_s0.5,0.825104,1,1
data\wildfake\Images\Diffusion_based\DALLE\DALLE\Advanced\DALLE3\dalle3\202311011943129901ca391019566e\0a05587af89f620c312758a4801b65cb.jpg,1,ai,blur_s0.5,0.993154,1,1
data\wildfake\Images\Diffusion_based\DALLE\DALLE\Advanced\DALLE3\dalle3\202311011943129901ca391019566e\0a402dc3fd6e86f21edc1c601cc76116.jpg,1,ai,blur_s0.5,0.993422,1,1
data\wildfake\Images\Diffusion_based\DALLE\DALLE\Advanced\DALLE3\dalle3\202311011943129901ca391019566e\0a5113aad57872829fb2744eaafdb374.jpg,1,ai,blur_s0.5,0.994021,1,1
data\wildfake\Images\Diffusion_based\DALLE\DALLE\Advanced\DALLE3\dalle3\202311011943129901ca391019566e\0aa3600fbc56232d6049f3d2c8004fc1.jpg,1,ai,blur_s0.5,0.967950,1,1
data\wildfake\Images\Diffusion_based\DALLE\DALLE\Advanced\DALLE3\dalle3\202311011943129901ca391019566e\0ab73f879d374402b2d67aaa08f10513.jpg,1,ai,blur_s0.5,0.669152,1,1
data\wildfake\Images\Diffusion_based\DALLE\DALLE\Advanced\DALLE3\dalle3\202311011943129901ca391019566e\0ac140106a13d7ddf206ed08393d91bb.jpg,1,ai,blur_s0.5,0.998191,1,1
data\wildfake\Images\Diffusion_based\DALLE\DALLE\Advanced\DALLE3\dalle3\202311011943129901ca391019566e\0ac596d803c82e9a21b77302a6a852c5.jpg,1,ai,blur_s0.5,0.987894,1,1
data\wildfake\Images\Diffusion_based\DALLE\DALLE\Advanced\DALLE3\dalle3\202311011943129901ca391019566e\0b135d57ccb2988a30a16904c4043956.jpg,1,ai,blur_s0.5,0.997675,1,1
data\wildfake\Images\Diffusion_based\DALLE\DALLE\Advanced\DALLE3\dalle3\202311011943129901ca391019566e\0b1d38baa6d1de13437546cc6e71fa33.jpg,1,ai,blur_s0.5,0.997695,1,1
data\wildfake\Images\Diffusion_based\DALLE\DALLE\Advanced\DALLE3\dalle3\202311011943129901ca391019566e\0b23724c883f100d5120b3aa5757f655.jpg,1,ai,blur_s0.5,0.998560,1,1
data\wildfake\Images\Diffusion_based\DALLE\DALLE\Advanced\DALLE3\dalle3\202311011943129901ca391019566e\0b2fcafeee696cbc14052db445f1d945.jpg,1,ai,blur_s0.5,0.997224,1,1
data\wildfake\Images\Diffusion_based\DALLE\DALLE\Advanced\DALLE3\dalle3\202311011943129901ca391019566e\0b6920007b8384d9a19ed8725e76732d.jpg,1,ai,blur_s0.5,0.999762,1,1
data\wildfake\Images\Diffusion_based\DALLE\DALLE\Advanced\DALLE3\dalle3\202311011943129901ca391019566e\0b9208fc69177a95f464877482e88a53.jpg,1,ai,blur_s0.5,0.832248,1,1
data\wildfake\Images\Diffusion_based\DALLE\DALLE\Advanced\DALLE3\dalle3\202311011943129901ca391019566e\0baacfcf304fe56cfd30beda11ea92f0.jpg,1,ai,blur_s0.5,0.924132,1,1
data\wildfake\Images\Diffusion_based\DALLE\DALLE\Advanced\DALLE3\dalle3\202311011943129901ca391019566e\0bbfbc01e5a719cdf1434dc1c66814d6.jpg,1,ai,blur_s0.5,0.992365,1,1
data\wildfake\Images\Diffusion_based\DALLE\DALLE\Advanced\DALLE3\dalle3\202311011943129901ca391019566e\0bc561ef655dff95ce7cb2480f0c4e72.jpg,1,ai,blur_s0.5,0.988668,1,1
data\wildfake\Images\Diffusion_based\DALLE\DALLE\Advanced\DALLE3\dalle3\202311011943129901ca391019566e\0bcb44a87f264f1c5a44030b6e1ce3ea.jpg,1,ai,blur_s0.5,0.996618,1,1
data\wildfake\Images\Diffusion_based\DALLE\DALLE\Advanced\DALLE3\dalle3\202311011943129901ca391019566e\0bcb9a27d494633927481e17c4b730fe.jpg,1,ai,blur_s0.5,0.972177,1,1
data\wildfake\Images\Diffusion_based\DALLE\DALLE\Advanced\DALLE3\dalle3\202311011943129901ca391019566e\0bd33e632fc315abd71b7a4cee297ca3.jpg,1,ai,blur_s0.5,0.998767,1,1
data\wildfake\Images\Diffusion_based\DALLE\DALLE\Advanced\DALLE3\dalle3\202311011943129901ca391019566e\0bfe972ca54581889aadedd0ae9db0fc.jpg,1,ai,blur_s0.5,0.890486,1,1
data\wildfake\Images\Diffusion_based\DALLE\DALLE\Advanced\DALLE3\dalle3\202311011943129901ca391019566e\0c0d6af60cc878079026bcce6ece1ecc.jpg,1,ai,blur_s0.5,0.879451,1,1
data\wildfake\Images\Diffusion_based\DALLE\DALLE\Advanced\DALLE3\dalle3\202311011943129901ca391019566e\0c1c38b0b60fa0523ee120ae7999ebfc.jpg,1,ai,blur_s0.5,0.895574,1,1
data\wildfake\Images\Diffusion_based\DALLE\DALLE\Advanced\DALLE3\dalle3\202311011943129901ca391019566e\0c2be68ec32cbf73376c07d399694ad7.jpg,1,ai,blur_s0.5,0.784381,1,1
data\wildfake\Images\Diffusion_based\DALLE\DALLE\Advanced\DALLE3\dalle3\202311011943129901ca391019566e\0c34d8f37ba9b3247b7cbe0eeb75988e.jpg,1,ai,blur_s0.5,0.965842,1,1
data\wildfake\Images\Diffusion_based\DALLE\DALLE\Advanced\DALLE3\dalle3\202311011943129901ca391019566e\0c4f7c121b1cd5b43a0e492bd97e9722.jpg,1,ai,blur_s0.5,0.952058,1,1
data\wildfake\Images\Diffusion_based\DALLE\DALLE\Advanced\DALLE3\dalle3\202311011943129901ca391019566e\0c50155477a7db3fe738216d0dc1d7ff.jpg,1,ai,blur_s0.5,0.977834,1,1
data\wildfake\Images\Diffusion_based\DALLE\DALLE\Advanced\DALLE3\dalle3\202311011943129901ca391019566e\0c8c6ab4d3c50381124f85479244a494.jpg,1,ai,blur_s0.5,0.919558,1,1
data\wildfake\Images\Diffusion_based\DALLE\DALLE\Advanced\DALLE3\dalle3\202311011943129901ca391019566e\0ca2b90db097552a408c8019211ba011.jpg,1,ai,blur_s0.5,0.998643,1,1
data\wildfake\Images\Diffusion_based\DALLE\DALLE\Advanced\DALLE3\dalle3\202311011943129901ca391019566e\0d1d3e1538f22ddc00a5202ed6216ef8.jpg,1,ai,blur_s0.5,0.427191,0,0
data\wildfake\Images\Diffusion_based\DALLE\DALLE\Advanced\DALLE3\dalle3\202311011943129901ca391019566e\0d37afa583f90871220d432098653482.jpg,1,ai,blur_s0.5,0.719403,1,1
data\wildfake\Images\Diffusion_based\DALLE\DALLE\Advanced\DALLE3\dalle3\202311011943129901ca391019566e\0dbba8f650bc53997792f9ec69e5d6c4.jpg,1,ai,blur_s0.5,0.890815,1,1
data\wildfake\Images\Diffusion_based\DALLE\DALLE\Advanced\DALLE3\dalle3\202311011943129901ca391019566e\0e004f3f1530a6171422027dbdba71d8.jpg,1,ai,blur_s0.5,0.969457,1,1
data\wildfake\Images\Diffusion_based\DALLE\DALLE\Advanced\DALLE3\dalle3\202311011943129901ca391019566e\0e058ef2dacd5b15e5a0d94afb8af447.jpg,1,ai,blur_s0.5,0.993822,1,1
data\wildfake\Images\Diffusion_based\DALLE\DALLE\Advanced\DALLE3\dalle3\202311011943129901ca391019566e\0e7e5022abee806028af770147d217a6.jpg,1,ai,blur_s0.5,0.559895,1,1
data\wildfake\Images\Diffusion_based\DALLE\DALLE\Advanced\DALLE3\dalle3\202311011943129901ca391019566e\0e902a5f074d876f7bec6690fff2c12a.jpg,1,ai,blur_s0.5,0.959981,1,1
data\wildfake\Images\Diffusion_based\DALLE\DALLE\Advanced\DALLE3\dalle3\202311011943129901ca391019566e\0ea049fe2b6900ad1796d7e41050556e.jpg,1,ai,blur_s0.5,0.780422,1,1
data\wildfake\Images\Diffusion_based\DALLE\DALLE\Advanced\DALLE3\dalle3\202311011943129901ca391019566e\0ec917788370e6016cb653f0258b02f8.jpg,1,ai,blur_s0.5,0.968240,1,1
