image_path,true_label,true_class,transform,prob_ai,pred,correct
data\val\real\000000000139.jpg,0,real,clean,0.303877,0,1
data\val\real\000000000285.jpg,0,real,clean,0.063286,0,1
data\val\real\000000000632.jpg,0,real,clean,0.536171,1,0
data\val\real\000000000724.jpg,0,real,clean,0.133583,0,1
data\val\real\000000000776.jpg,0,real,clean,0.077220,0,1
data\val\real\000000000785.jpg,0,real,clean,0.374471,0,1
data\val\real\000000000802.jpg,0,real,clean,0.004873,0,1
data\val\real\000000000872.jpg,0,real,clean,0.002917,0,1
data\val\real\000000000885.jpg,0,real,clean,0.183867,0,1
data\val\real\000000001000.jpg,0,real,clean,0.018456,0,1
data\val\real\000000001268.jpg,0,real,clean,0.012044,0,1
data\val\real\000000001296.jpg,0,real,clean,0.062788,0,1
data\val\real\000000001353.jpg,0,real,clean,0.006194,0,1
data\val\real\000000001425.jpg,0,real,clean,0.378711,0,1
data\val\real\000000001490.jpg,0,real,clean,0.013912,0,1
data\val\real\000000001503.jpg,0,real,clean,0.008048,0,1
data\val\real\000000001532.jpg,0,real,clean,0.123654,0,1
data\val\real\000000001584.jpg,0,real,clean,0.355546,0,1
data\val\real\000000001675.jpg,0,real,clean,0.006039,0,1
data\val\real\000000001761.jpg,0,real,clean,0.018817,0,1
data\val\real\000000001818.jpg,0,real,clean,0.370439,0,1
data\val\real\000000001993.jpg,0,real,clean,0.008813,0,1
data\val\real\000000002006.jpg,0,real,clean,0.127515,0,1
data\val\real\000000002149.jpg,0,real,clean,0.262234,0,1
data\val\real\000000002153.jpg,0,real,clean,0.000923,0,1
data\val\real\000000002157.jpg,0,real,clean,0.282990,0,1
data\val\real\000000002261.jpg,0,real,clean,0.037402,0,1
data\val\real\000000002299.jpg,0,real,clean,0.182576,0,1
data\val\real\000000002431.jpg,0,real,clean,0.011018,0,1
data\val\real\000000002473.jpg,0,real,clean,0.045893,0,1
data\val\real\000000002532.jpg,0,real,clean,0.028784,0,1
data\val\real\000000002587.jpg,0,real,clean,0.003912,0,1
data\val\real\000000002592.jpg,0,real,clean,0.004040,0,1
data\val\real\000000002685.jpg,0,real,clean,0.002440,0,1
data\val\real\000000002923.jpg,0,real,clean,0.005872,0,1
data\val\real\000000003156.jpg,0,real,clean,0.251807,0,1
data\val\real\000000003255.jpg,0,real,clean,0.578446,1,0
data\val\real\000000003501.jpg,0,real,clean,0.064971,0,1
data\val\real\000000003553.jpg,0,real,clean,0.021922,0,1
data\val\real\000000003661.jpg,0,real,clean,0.000743,0,1
data\val\real\000000003845.jpg,0,real,clean,0.110886,0,1
data\val\real\000000003934.jpg,0,real,clean,0.000201,0,1
data\val\real\000000004134.jpg,0,real,clean,0.006021,0,1
data\val\real\000000004395.jpg,0,real,clean,0.024814,0,1
data\val\real\000000004495.jpg,0,real,clean,0.001782,0,1
data\val\real\000000004765.jpg,0,real,clean,0.102662,0,1
data\val\real\000000004795.jpg,0,real,clean,0.000425,0,1
data\val\real\000000005001.jpg,0,real,clean,0.058253,0,1
data\val\real\000000005037.jpg,0,real,clean,0.084404,0,1
data\val\real\000000005060.jpg,0,real,clean,0.006042,0,1
data\val\real\000000005193.jpg,0,real,clean,0.000954,0,1
data\val\real\000000005477.jpg,0,real,clean,0.472185,0,1
data\val\real\000000005503.jpg,0,real,clean,0.003780,0,1
data\val\real\000000005529.jpg,0,real,clean,0.003488,0,1
data\val\real\000000005586.jpg,0,real,clean,0.000234,0,1
data\val\real\000000005600.jpg,0,real,clean,0.005283,0,1
data\val\real\000000005992.jpg,0,real,clean,0.015090,0,1
data\val\real\000000006012.jpg,0,real,clean,0.299276,0,1
data\val\real\000000006040.jpg,0,real,clean,0.244924,0,1
data\val\real\000000006213.jpg,0,real,clean,0.046251,0,1
data\val\real\000000006460.jpg,0,real,clean,0.022430,0,1
data\val\real\000000006471.jpg,0,real,clean,0.006553,0,1
data\val\real\000000006614.jpg,0,real,clean,0.057232,0,1
data\val\real\000000006723.jpg,0,real,clean,0.006922,0,1
data\val\real\000000006763.jpg,0,real,clean,0.000157,0,1
data\val\real\000000006771.jpg,0,real,clean,0.029646,0,1
data\val\real\000000006818.jpg,0,real,clean,0.016296,0,1
data\val\real\000000006894.jpg,0,real,clean,0.010813,0,1
data\val\real\000000006954.jpg,0,real,clean,0.039214,0,1
data\val\real\000000007088.jpg,0,real,clean,0.001739,0,1
data\val\real\000000007108.jpg,0,real,clean,0.143183,0,1
data\val\real\000000007278.jpg,0,real,clean,0.041524,0,1
data\val\real\000000007281.jpg,0,real,clean,0.005501,0,1
data\val\real\000000007386.jpg,0,real,clean,0.003493,0,1
data\val\real\000000007511.jpg,0,real,clean,0.004222,0,1
data\val\real\000000007574.jpg,0,real,clean,0.003789,0,1
data\val\real\000000007784.jpg,0,real,clean,0.628386,1,0
data\val\real\000000007795.jpg,0,real,clean,0.621959,1,0
data\val\real\000000007816.jpg,0,real,clean,0.005451,0,1
data\val\real\000000007818.jpg,0,real,clean,0.501042,1,0
data\val\real\000000007888.jpg,0,real,clean,0.817720,1,0
data\val\real\000000007977.jpg,0,real,clean,0.253078,0,1
data\val\real\000000007991.jpg,0,real,clean,0.015889,0,1
data\val\real\000000008021.jpg,0,real,clean,0.013869,0,1
data\val\real\000000008211.jpg,0,real,clean,0.074608,0,1
data\val\real\000000008277.jpg,0,real,clean,0.004856,0,1
data\val\real\000000008532.jpg,0,real,clean,0.014100,0,1
data\val\real\000000008629.jpg,0,real,clean,0.098242,0,1
data\val\real\000000008690.jpg,0,real,clean,0.001035,0,1
data\val\real\000000008762.jpg,0,real,clean,0.359390,0,1
data\val\real\000000008844.jpg,0,real,clean,0.117601,0,1
data\val\real\000000008899.jpg,0,real,clean,0.082789,0,1
data\val\real\000000009378.jpg,0,real,clean,0.012978,0,1
data\val\real\000000009400.jpg,0,real,clean,0.000260,0,1
data\val\real\000000009448.jpg,0,real,clean,0.001356,0,1
data\val\real\000000009483.jpg,0,real,clean,0.004671,0,1
data\val\real\000000009590.jpg,0,real,clean,0.082748,0,1
data\val\real\000000009769.jpg,0,real,clean,0.002440,0,1
data\val\real\000000009772.jpg,0,real,clean,0.006745,0,1
data\val\real\000000009891.jpg,0,real,clean,0.000664,0,1
data\val\real\000000009914.jpg,0,real,clean,0.009925,0,1
data\val\real\000000010092.jpg,0,real,clean,0.005517,0,1
data\val\real\000000010363.jpg,0,real,clean,0.000264,0,1
data\val\real\000000010583.jpg,0,real,clean,0.007942,0,1
data\val\real\000000010707.jpg,0,real,clean,0.000173,0,1
data\val\real\000000010764.jpg,0,real,clean,0.190766,0,1
data\val\real\000000010977.jpg,0,real,clean,0.010606,0,1
data\val\real\000000010995.jpg,0,real,clean,0.039001,0,1
data\val\real\000000011051.jpg,0,real,clean,0.013273,0,1
data\val\real\000000011122.jpg,0,real,clean,0.001332,0,1
data\val\real\000000011149.jpg,0,real,clean,0.000312,0,1
data\val\real\000000011197.jpg,0,real,clean,0.010772,0,1
data\val\real\000000011511.jpg,0,real,clean,0.099540,0,1
data\val\real\000000011615.jpg,0,real,clean,0.175257,0,1
data\val\real\000000011699.jpg,0,real,clean,0.029750,0,1
data\val\real\000000011760.jpg,0,real,clean,0.212432,0,1
data\val\real\000000011813.jpg,0,real,clean,0.008270,0,1
data\val\real\000000012062.jpg,0,real,clean,0.018673,0,1
data\val\real\000000012120.jpg,0,real,clean,0.002745,0,1
data\val\real\000000012280.jpg,0,real,clean,0.121798,0,1
data\val\real\000000012576.jpg,0,real,clean,0.006579,0,1
data\val\real\000000012639.jpg,0,real,clean,0.014070,0,1
data\val\real\000000012667.jpg,0,real,clean,0.062652,0,1
data\val\real\000000012670.jpg,0,real,clean,0.011660,0,1
data\val\real\000000012748.jpg,0,real,clean,0.044414,0,1
data\val\real\000000013004.jpg,0,real,clean,0.028537,0,1
data\val\real\000000013177.jpg,0,real,clean,0.008882,0,1
data\val\real\000000013201.jpg,0,real,clean,0.021055,0,1
data\val\real\000000013291.jpg,0,real,clean,0.133971,0,1
data\val\real\000000013348.jpg,0,real,clean,0.109104,0,1
data\val\real\000000013546.jpg,0,real,clean,0.000789,0,1
data\val\real\000000013597.jpg,0,real,clean,0.809926,1,0
data\val\real\000000013659.jpg,0,real,clean,0.000298,0,1
data\val\real\000000013729.jpg,0,real,clean,0.000466,0,1
data\val\real\000000013774.jpg,0,real,clean,0.885407,1,0
data\val\real\000000013923.jpg,0,real,clean,0.016790,0,1
data\val\real\000000014007.jpg,0,real,clean,0.071751,0,1
data\val\real\000000014038.jpg,0,real,clean,0.435690,0,1
data\val\real\000000014226.jpg,0,real,clean,0.015349,0,1
data\val\real\000000014380.jpg,0,real,clean,0.209109,0,1
data\val\real\000000014439.jpg,0,real,clean,0.008055,0,1
data\val\real\000000014473.jpg,0,real,clean,0.027490,0,1
data\val\real\000000014831.jpg,0,real,clean,0.005333,0,1
data\val\real\000000014888.jpg,0,real,clean,0.005463,0,1
data\val\real\000000015079.jpg,0,real,clean,0.065423,0,1
data\val\real\000000015254.jpg,0,real,clean,0.015458,0,1
data\val\real\000000015272.jpg,0,real,clean,0.118789,0,1
data\val\real\000000015278.jpg,0,real,clean,0.039247,0,1
data\val\real\000000015335.jpg,0,real,clean,0.000421,0,1
data\val\real\000000015338.jpg,0,real,clean,0.054735,0,1
data\val\real\000000015440.jpg,0,real,clean,0.839464,1,0
data\val\real\000000015497.jpg,0,real,clean,0.001664,0,1
data\val\real\000000015517.jpg,0,real,clean,0.020641,0,1
data\val\real\000000015597.jpg,0,real,clean,0.000958,0,1
data\val\real\000000015660.jpg,0,real,clean,0.030716,0,1
data\val\real\000000015746.jpg,0,real,clean,0.018226,0,1
data\val\real\000000015751.jpg,0,real,clean,0.031855,0,1
data\val\real\000000015956.jpg,0,real,clean,0.002140,0,1
data\val\real\000000016010.jpg,0,real,clean,0.004639,0,1
data\val\real\000000016228.jpg,0,real,clean,0.350921,0,1
data\val\real\000000016249.jpg,0,real,clean,0.016505,0,1
data\val\real\000000016439.jpg,0,real,clean,0.033378,0,1
data\val\real\000000016451.jpg,0,real,clean,0.020752,0,1
data\val\real\000000016502.jpg,0,real,clean,0.215805,0,1
data\val\real\000000016598.jpg,0,real,clean,0.001058,0,1
data\val\real\000000016958.jpg,0,real,clean,0.014505,0,1
data\val\real\000000017029.jpg,0,real,clean,0.013062,0,1
data\val\real\000000017031.jpg,0,real,clean,0.529646,1,0
data\val\real\000000017115.jpg,0,real,clean,0.105996,0,1
data\val\real\000000017178.jpg,0,real,clean,0.237720,0,1
data\val\real\000000017182.jpg,0,real,clean,0.071104,0,1
data\val\real\000000017207.jpg,0,real,clean,0.004095,0,1
data\val\real\000000017379.jpg,0,real,clean,0.036038,0,1
data\val\real\000000017436.jpg,0,real,clean,0.010517,0,1
data\val\real\000000017627.jpg,0,real,clean,0.001518,0,1
data\val\real\000000017714.jpg,0,real,clean,0.027293,0,1
data\val\real\000000017899.jpg,0,real,clean,0.000397,0,1
data\val\real\000000017905.jpg,0,real,clean,0.000113,0,1
data\val\real\000000017959.jpg,0,real,clean,0.171109,0,1
data\val\real\000000018150.jpg,0,real,clean,0.001744,0,1
data\val\real\000000018193.jpg,0,real,clean,0.001210,0,1
data\val\real\000000018380.jpg,0,real,clean,0.091867,0,1
data\val\real\000000018491.jpg,0,real,clean,0.001915,0,1
data\val\real\000000018519.jpg,0,real,clean,0.046829,0,1
data\val\real\000000018575.jpg,0,real,clean,0.002466,0,1
data\val\real\000000018737.jpg,0,real,clean,0.009146,0,1
data\val\real\000000018770.jpg,0,real,clean,0.043431,0,1
data\val\real\000000018833.jpg,0,real,clean,0.098048,0,1
data\val\real\000000018837.jpg,0,real,clean,0.061455,0,1
data\val\real\000000019042.jpg,0,real,clean,0.001331,0,1
data\val\real\000000019109.jpg,0,real,clean,0.020955,0,1
data\val\real\000000019221.jpg,0,real,clean,0.001057,0,1
data\val\real\000000019402.jpg,0,real,clean,0.000515,0,1
data\val\real\000000019432.jpg,0,real,clean,0.002092,0,1
data\val\real\000000019742.jpg,0,real,clean,0.364668,0,1
data\val\real\000000019786.jpg,0,real,clean,0.000681,0,1
data\val\real\000000019924.jpg,0,real,clean,0.792514,1,0
data\val\real\000000020059.jpg,0,real,clean,0.003731,0,1
data\val\real\000000020107.jpg,0,real,clean,0.006550,0,1
data\val\real\000000020247.jpg,0,real,clean,0.068041,0,1
data\val\real\000000020333.jpg,0,real,clean,0.025243,0,1
data\val\real\000000020553.jpg,0,real,clean,0.012038,0,1
data\val\real\000000020571.jpg,0,real,clean,0.101298,0,1
data\val\real\000000020992.jpg,0,real,clean,0.004276,0,1
data\val\real\000000021167.jpg,0,real,clean,0.003265,0,1
data\val\real\000000021465.jpg,0,real,clean,0.000105,0,1
data\val\real\000000021503.jpg,0,real,clean,0.000437,0,1
data\val\real\000000021604.jpg,0,real,clean,0.983796,1,0
data\val\real\000000021839.jpg,0,real,clean,0.000240,0,1
data\val\real\000000021879.jpg,0,real,clean,0.007453,0,1
data\val\real\000000021903.jpg,0,real,clean,0.036866,0,1
data\val\real\000000022192.jpg,0,real,clean,0.002437,0,1
data\val\real\000000022371.jpg,0,real,clean,0.895012,1,0
data\val\real\000000022396.jpg,0,real,clean,0.011138,0,1
data\val\real\000000022479.jpg,0,real,clean,0.015663,0,1
data\val\real\000000022589.jpg,0,real,clean,0.001501,0,1
data\val\real\000000022623.jpg,0,real,clean,0.100255,0,1
data\val\real\000000022705.jpg,0,real,clean,0.000406,0,1
data\val\real\000000022755.jpg,0,real,clean,0.137505,0,1
data\val\real\000000022892.jpg,0,real,clean,0.055367,0,1
data\val\real\000000022935.jpg,0,real,clean,0.093538,0,1
data\val\real\000000022969.jpg,0,real,clean,0.013098,0,1
data\val\real\000000023023.jpg,0,real,clean,0.007613,0,1
data\val\real\000000023034.jpg,0,real,clean,0.001044,0,1
data\val\real\000000023126.jpg,0,real,clean,0.242095,0,1
data\val\real\000000023230.jpg,0,real,clean,0.001069,0,1
data\val\real\000000023272.jpg,0,real,clean,0.003440,0,1
data\val\real\000000023359.jpg,0,real,clean,0.056355,0,1
data\val\real\000000023666.jpg,0,real,clean,0.018479,0,1
data\val\real\000000023751.jpg,0,real,clean,0.000554,0,1
data\val\real\000000023781.jpg,0,real,clean,0.064715,0,1
data\val\real\000000023899.jpg,0,real,clean,0.002225,0,1
data\val\real\000000023937.jpg,0,real,clean,0.032424,0,1
data\val\real\000000024021.jpg,0,real,clean,0.151276,0,1
data\val\real\000000024027.jpg,0,real,clean,0.006211,0,1
data\val\real\000000024144.jpg,0,real,clean,0.063422,0,1
data\val\real\000000024243.jpg,0,real,clean,0.022539,0,1
data\val\real\000000024567.jpg,0,real,clean,0.003604,0,1
data\val\real\000000024610.jpg,0,real,clean,0.001591,0,1
data\val\real\000000024919.jpg,0,real,clean,0.236643,0,1
data\val\real\000000025057.jpg,0,real,clean,0.007998,0,1
data\val\real\000000025096.jpg,0,real,clean,0.002759,0,1
data\val\real\000000025139.jpg,0,real,clean,0.030543,0,1
data\val\real\000000025181.jpg,0,real,clean,0.614056,1,0
data\val\real\000000025228.jpg,0,real,clean,0.008512,0,1
data\val\real\000000025386.jpg,0,real,clean,0.000803,0,1
data\val\real\000000025393.jpg,0,real,clean,0.000357,0,1
data\val\real\000000025394.jpg,0,real,clean,0.003103,0,1
data\val\real\000000025424.jpg,0,real,clean,0.123777,0,1
data\val\real\000000025560.jpg,0,real,clean,0.001576,0,1
data\val\real\000000025593.jpg,0,real,clean,0.025681,0,1
data\val\real\000000025603.jpg,0,real,clean,0.000146,0,1
data\val\real\000000025986.jpg,0,real,clean,0.000763,0,1
data\val\real\000000026204.jpg,0,real,clean,0.011474,0,1
data\val\real\000000026465.jpg,0,real,clean,0.000326,0,1
data\val\real\000000026564.jpg,0,real,clean,0.042584,0,1
data\val\real\000000026690.jpg,0,real,clean,0.010560,0,1
data\val\real\000000026926.jpg,0,real,clean,0.667844,1,0
data\val\real\000000026941.jpg,0,real,clean,0.436683,0,1
data\val\real\000000027186.jpg,0,real,clean,0.006652,0,1
data\val\real\000000027620.jpg,0,real,clean,0.002750,0,1
data\val\real\000000027696.jpg,0,real,clean,0.000536,0,1
data\val\real\000000027768.jpg,0,real,clean,0.017846,0,1
data\val\real\000000027932.jpg,0,real,clean,0.124255,0,1
data\val\real\000000027972.jpg,0,real,clean,0.063403,0,1
data\val\real\000000027982.jpg,0,real,clean,0.074191,0,1
data\val\real\000000028285.jpg,0,real,clean,0.018746,0,1
data\val\real\000000028449.jpg,0,real,clean,0.605971,1,0
data\val\real\000000028452.jpg,0,real,clean,0.147800,0,1
data\val\real\000000028809.jpg,0,real,clean,0.034282,0,1
data\val\real\000000028993.jpg,0,real,clean,0.157696,0,1
data\val\real\000000029187.jpg,0,real,clean,0.002230,0,1
data\val\real\000000029393.jpg,0,real,clean,0.001867,0,1
data\val\real\000000029397.jpg,0,real,clean,0.001159,0,1
data\val\real\000000029596.jpg,0,real,clean,0.495814,0,1
data\val\real\000000029640.jpg,0,real,clean,0.132475,0,1
data\val\real\000000029675.jpg,0,real,clean,0.063755,0,1
data\val\real\000000029984.jpg,0,real,clean,0.000764,0,1
data\val\real\000000030213.jpg,0,real,clean,0.096648,0,1
data\val\real\000000030494.jpg,0,real,clean,0.000327,0,1
data\val\real\000000030504.jpg,0,real,clean,0.066726,0,1
data\val\real\000000030675.jpg,0,real,clean,0.366046,0,1
data\val\real\000000030785.jpg,0,real,clean,0.022267,0,1
data\val\real\000000030828.jpg,0,real,clean,0.185272,0,1
data\val\real\000000031050.jpg,0,real,clean,0.009779,0,1
data\val\real\000000031093.jpg,0,real,clean,0.034150,0,1
data\val\real\000000031118.jpg,0,real,clean,0.240565,0,1
data\val\real\000000031217.jpg,0,real,clean,0.020011,0,1
data\val\real\000000031248.jpg,0,real,clean,0.023898,0,1
data\val\real\000000031269.jpg,0,real,clean,0.014590,0,1
data\val\real\000000031296.jpg,0,real,clean,0.000524,0,1
data\val\real\000000031322.jpg,0,real,clean,0.110340,0,1
data\val\real\000000031620.jpg,0,real,clean,0.000278,0,1
data\val\real\000000031735.jpg,0,real,clean,0.000106,0,1
data\val\real\000000031749.jpg,0,real,clean,0.304044,0,1
data\val\real\000000031817.jpg,0,real,clean,0.000553,0,1
data\val\real\000000032038.jpg,0,real,clean,0.032210,0,1
data\val\real\000000032081.jpg,0,real,clean,0.031340,0,1
data\val\real\000000032285.jpg,0,real,clean,0.104490,0,1
data\val\real\000000032334.jpg,0,real,clean,0.000818,0,1
data\val\real\000000032570.jpg,0,real,clean,0.632169,1,0
data\val\real\000000032610.jpg,0,real,clean,0.001950,0,1
data\val\real\000000032735.jpg,0,real,clean,0.075992,0,1
data\val\real\000000032811.jpg,0,real,clean,0.012846,0,1
data\val\real\000000032817.jpg,0,real,clean,0.001303,0,1
data\val\real\000000032861.jpg,0,real,clean,0.435653,0,1
data\val\real\000000032887.jpg,0,real,clean,0.000386,0,1
data\val\real\000000032901.jpg,0,real,clean,0.001005,0,1
data\val\real\000000032941.jpg,0,real,clean,0.005855,0,1
data\val\real\000000033005.jpg,0,real,clean,0.038445,0,1
data\val\real\000000033104.jpg,0,real,clean,0.004682,0,1
data\val\real\000000033109.jpg,0,real,clean,0.007361,0,1
data\val\real\000000033114.jpg,0,real,clean,0.149756,0,1
data\val\real\000000033221.jpg,0,real,clean,0.000845,0,1
data\val\real\000000033368.jpg,0,real,clean,0.163297,0,1
data\val\real\000000033638.jpg,0,real,clean,0.005143,0,1
data\val\real\000000033707.jpg,0,real,clean,0.043783,0,1
data\val\real\000000033759.jpg,0,real,clean,0.020342,0,1
data\val\real\000000033854.jpg,0,real,clean,0.088502,0,1
data\val\real\000000034071.jpg,0,real,clean,0.628184,1,0
data\val\real\000000034139.jpg,0,real,clean,0.016275,0,1
data\val\real\000000034205.jpg,0,real,clean,0.169997,0,1
data\val\real\000000034257.jpg,0,real,clean,0.423806,0,1
data\val\real\000000034417.jpg,0,real,clean,0.054035,0,1
data\val\real\000000034452.jpg,0,real,clean,0.000649,0,1
data\val\real\000000034760.jpg,0,real,clean,0.004472,0,1
data\val\real\000000034873.jpg,0,real,clean,0.007540,0,1
data\val\real\000000035062.jpg,0,real,clean,0.013574,0,1
data\val\real\000000035197.jpg,0,real,clean,0.142380,0,1
data\val\real\000000035279.jpg,0,real,clean,0.005915,0,1
data\val\real\000000035326.jpg,0,real,clean,0.004001,0,1
data\val\real\000000035682.jpg,0,real,clean,0.002863,0,1
data\val\real\000000035770.jpg,0,real,clean,0.007522,0,1
data\val\real\000000035963.jpg,0,real,clean,0.001426,0,1
data\val\real\000000036494.jpg,0,real,clean,0.112462,0,1
data\val\real\000000036539.jpg,0,real,clean,0.000794,0,1
data\val\real\000000036660.jpg,0,real,clean,0.048852,0,1
data\val\real\000000036678.jpg,0,real,clean,0.082150,0,1
data\val\real\000000036844.jpg,0,real,clean,0.002453,0,1
data\val\real\000000036861.jpg,0,real,clean,0.030760,0,1
data\val\real\000000036936.jpg,0,real,clean,0.000338,0,1
data\val\real\000000037670.jpg,0,real,clean,0.027563,0,1
data\val\real\000000037689.jpg,0,real,clean,0.070731,0,1
data\val\real\000000037740.jpg,0,real,clean,0.062711,0,1
data\val\real\000000037751.jpg,0,real,clean,0.022894,0,1
data\val\real\000000037777.jpg,0,real,clean,0.032120,0,1
data\val\real\000000037988.jpg,0,real,clean,0.004382,0,1
data\val\real\000000038048.jpg,0,real,clean,0.003138,0,1
data\val\real\000000038070.jpg,0,real,clean,0.200256,0,1
data\val\real\000000038118.jpg,0,real,clean,0.234459,0,1
data\val\real\000000038210.jpg,0,real,clean,0.062534,0,1
data\val\real\000000038576.jpg,0,real,clean,0.067636,0,1
data\val\real\000000038678.jpg,0,real,clean,0.000206,0,1
data\val\real\000000038825.jpg,0,real,clean,0.065177,0,1
data\val\real\000000038829.jpg,0,real,clean,0.004809,0,1
data\val\real\000000039405.jpg,0,real,clean,0.002222,0,1
data\val\real\000000039477.jpg,0,real,clean,0.101699,0,1
data\val\real\000000039480.jpg,0,real,clean,0.036592,0,1
data\val\real\000000039484.jpg,0,real,clean,0.122469,0,1
data\val\real\000000039551.jpg,0,real,clean,0.320698,0,1
data\val\real\000000039670.jpg,0,real,clean,0.104501,0,1
data\val\real\000000039769.jpg,0,real,clean,0.000574,0,1
data\val\real\000000039785.jpg,0,real,clean,0.012813,0,1
data\val\real\000000039914.jpg,0,real,clean,0.000616,0,1
data\val\real\000000039951.jpg,0,real,clean,0.015227,0,1
data\val\real\000000039956.jpg,0,real,clean,0.621561,1,0
data\val\real\000000040036.jpg,0,real,clean,0.059011,0,1
data\val\real\000000040083.jpg,0,real,clean,0.002449,0,1
data\val\real\000000040471.jpg,0,real,clean,0.005035,0,1
data\val\real\000000040757.jpg,0,real,clean,0.014701,0,1
data\val\real\000000041488.jpg,0,real,clean,0.404055,0,1
data\val\real\000000041633.jpg,0,real,clean,0.643217,1,0
data\val\real\000000041635.jpg,0,real,clean,0.040998,0,1
data\val\real\000000041872.jpg,0,real,clean,0.096523,0,1
data\val\real\000000041888.jpg,0,real,clean,0.004088,0,1
data\val\real\000000041990.jpg,0,real,clean,0.001802,0,1
data\val\real\000000042070.jpg,0,real,clean,0.061838,0,1
data\val\real\000000042102.jpg,0,real,clean,0.006015,0,1
data\val\real\000000042178.jpg,0,real,clean,0.483372,0,1
data\val\real\000000042276.jpg,0,real,clean,0.008323,0,1
data\val\real\000000042296.jpg,0,real,clean,0.016546,0,1
data\val\real\000000042528.jpg,0,real,clean,0.000209,0,1
data\val\real\000000042563.jpg,0,real,clean,0.055740,0,1
data\val\real\000000042628.jpg,0,real,clean,0.008604,0,1
data\val\real\000000042888.jpg,0,real,clean,0.001523,0,1
data\val\real\000000042889.jpg,0,real,clean,0.002803,0,1
data\val\real\000000043314.jpg,0,real,clean,0.027231,0,1
data\val\real\000000043435.jpg,0,real,clean,0.057997,0,1
data\val\real\000000043581.jpg,0,real,clean,0.047475,0,1
data\val\real\000000043737.jpg,0,real,clean,0.064856,0,1
data\val\real\000000043816.jpg,0,real,clean,0.022745,0,1
data\val\real\000000044068.jpg,0,real,clean,0.000613,0,1
data\val\real\000000044195.jpg,0,real,clean,0.055177,0,1
data\val\real\000000044260.jpg,0,real,clean,0.861792,1,0
data\val\real\000000044279.jpg,0,real,clean,0.036492,0,1
data\val\real\000000044590.jpg,0,real,clean,0.006921,0,1
data\val\real\000000044652.jpg,0,real,clean,0.088601,0,1
data\val\real\000000044699.jpg,0,real,clean,0.655318,1,0
data\val\real\000000044877.jpg,0,real,clean,0.046903,0,1
data\val\real\000000045070.jpg,0,real,clean,0.006412,0,1
data\val\real\000000045090.jpg,0,real,clean,0.013297,0,1
data\val\real\000000045229.jpg,0,real,clean,0.637320,1,0
data\val\real\000000045472.jpg,0,real,clean,0.023749,0,1
data\val\real\000000045550.jpg,0,real,clean,0.001610,0,1
data\val\real\000000045596.jpg,0,real,clean,0.004762,0,1
data\val\real\000000045728.jpg,0,real,clean,0.008212,0,1
data\val\real\000000046031.jpg,0,real,clean,0.005741,0,1
data\val\real\000000046048.jpg,0,real,clean,0.002850,0,1
data\val\real\000000046252.jpg,0,real,clean,0.332581,0,1
data\val\real\000000046378.jpg,0,real,clean,0.010544,0,1
data\val\real\000000046463.jpg,0,real,clean,0.000986,0,1
data\val\real\000000046497.jpg,0,real,clean,0.007638,0,1
data\val\real\000000046804.jpg,0,real,clean,0.030526,0,1
data\val\real\000000046872.jpg,0,real,clean,0.373371,0,1
data\val\real\000000047010.jpg,0,real,clean,0.026694,0,1
data\val\real\000000047112.jpg,0,real,clean,0.027297,0,1
data\val\real\000000047121.jpg,0,real,clean,0.003267,0,1
data\val\real\000000047571.jpg,0,real,clean,0.023990,0,1
data\val\real\000000047585.jpg,0,real,clean,0.002042,0,1
data\val\real\000000047740.jpg,0,real,clean,0.000879,0,1
data\val\real\000000047769.jpg,0,real,clean,0.003009,0,1
data\val\real\000000047801.jpg,0,real,clean,0.012593,0,1
data\val\real\000000047819.jpg,0,real,clean,0.003607,0,1
data\val\real\000000047828.jpg,0,real,clean,0.363500,0,1
data\val\real\000000048153.jpg,0,real,clean,0.018594,0,1
data\val\real\000000048396.jpg,0,real,clean,0.000458,0,1
data\val\real\000000048504.jpg,0,real,clean,0.167932,0,1
data\val\real\000000048555.jpg,0,real,clean,0.335520,0,1
data\val\real\000000048564.jpg,0,real,clean,0.003175,0,1
data\val\real\000000048924.jpg,0,real,clean,0.829450,1,0
data\val\real\000000049060.jpg,0,real,clean,0.001710,0,1
data\val\real\000000049091.jpg,0,real,clean,0.185979,0,1
data\val\real\000000049259.jpg,0,real,clean,0.000361,0,1
data\val\real\000000049269.jpg,0,real,clean,0.422593,0,1
data\val\real\000000049759.jpg,0,real,clean,0.143169,0,1
data\val\real\000000049761.jpg,0,real,clean,0.012174,0,1
data\val\real\000000049810.jpg,0,real,clean,0.095025,0,1
data\val\real\000000050006.jpg,0,real,clean,0.066969,0,1
data\val\real\000000050145.jpg,0,real,clean,0.004190,0,1
data\val\real\000000050149.jpg,0,real,clean,0.008061,0,1
data\val\real\000000050165.jpg,0,real,clean,0.217608,0,1
data\val\real\000000050326.jpg,0,real,clean,0.000536,0,1
data\val\real\000000050331.jpg,0,real,clean,0.006449,0,1
data\val\real\000000050380.jpg,0,real,clean,0.061440,0,1
data\val\real\000000050638.jpg,0,real,clean,0.628829,1,0
data\val\real\000000050679.jpg,0,real,clean,0.465475,0,1
data\val\real\000000050811.jpg,0,real,clean,0.005610,0,1
data\val\real\000000050828.jpg,0,real,clean,0.063797,0,1
data\val\real\000000050844.jpg,0,real,clean,0.134289,0,1
data\val\real\000000050896.jpg,0,real,clean,0.147877,0,1
data\val\real\000000050943.jpg,0,real,clean,0.020081,0,1
data\val\real\000000051008.jpg,0,real,clean,0.005214,0,1
data\val\real\000000051309.jpg,0,real,clean,0.005721,0,1
data\val\real\000000051314.jpg,0,real,clean,0.014852,0,1
data\val\real\000000051326.jpg,0,real,clean,0.014258,0,1
data\val\real\000000051598.jpg,0,real,clean,0.000531,0,1
data\val\real\000000051610.jpg,0,real,clean,0.138468,0,1
data\val\real\000000051712.jpg,0,real,clean,0.114180,0,1
data\val\real\000000051738.jpg,0,real,clean,0.034607,0,1
data\val\real\000000051938.jpg,0,real,clean,0.046792,0,1
data\val\real\000000051961.jpg,0,real,clean,0.023594,0,1
data\val\real\000000051976.jpg,0,real,clean,0.088529,0,1
data\val\real\000000052007.jpg,0,real,clean,0.044778,0,1
data\val\real\000000052017.jpg,0,real,clean,0.659837,1,0
data\val\real\000000052412.jpg,0,real,clean,0.302770,0,1
data\val\real\000000052413.jpg,0,real,clean,0.006476,0,1
data\val\real\000000052462.jpg,0,real,clean,0.149193,0,1
data\val\real\000000052507.jpg,0,real,clean,0.016877,0,1
data\val\real\000000052565.jpg,0,real,clean,0.114593,0,1
data\val\real\000000052591.jpg,0,real,clean,0.501567,1,0
data\val\real\000000052891.jpg,0,real,clean,0.204715,0,1
data\val\real\000000052996.jpg,0,real,clean,0.000645,0,1
data\val\real\000000053505.jpg,0,real,clean,0.038118,0,1
data\val\real\000000053529.jpg,0,real,clean,0.150088,0,1
data\val\real\000000053624.jpg,0,real,clean,0.002775,0,1
data\val\real\000000053626.jpg,0,real,clean,0.005945,0,1
data\val\real\000000053909.jpg,0,real,clean,0.004622,0,1
data\val\real\000000053994.jpg,0,real,clean,0.185948,0,1
data\val\real\000000054123.jpg,0,real,clean,0.192857,0,1
data\val\real\000000054164.jpg,0,real,clean,0.098862,0,1
data\val\real\000000054592.jpg,0,real,clean,0.181159,0,1
data\val\real\000000054593.jpg,0,real,clean,0.026543,0,1
data\val\real\000000054605.jpg,0,real,clean,0.024772,0,1
data\val\real\000000054628.jpg,0,real,clean,0.035316,0,1
data\val\real\000000054654.jpg,0,real,clean,0.000932,0,1
data\val\real\000000054931.jpg,0,real,clean,0.322471,0,1
data\val\real\000000054967.jpg,0,real,clean,0.545891,1,0
data\val\real\000000055002.jpg,0,real,clean,0.018533,0,1
data\val\real\000000055022.jpg,0,real,clean,0.013162,0,1
data\val\real\000000055072.jpg,0,real,clean,0.353243,0,1
data\val\real\000000055150.jpg,0,real,clean,0.011528,0,1
data\val\real\000000055167.jpg,0,real,clean,0.000866,0,1
data\val\real\000000055299.jpg,0,real,clean,0.163515,0,1
data\val\real\000000055528.jpg,0,real,clean,0.000912,0,1
data\val\real\000000055950.jpg,0,real,clean,0.043965,0,1
data\val\real\000000056127.jpg,0,real,clean,0.010264,0,1
data\val\real\000000056288.jpg,0,real,clean,0.011607,0,1
data\val\real\000000056344.jpg,0,real,clean,0.028760,0,1
data\val\real\000000056350.jpg,0,real,clean,0.019002,0,1
data\val\real\000000056545.jpg,0,real,clean,0.004452,0,1
data\val\ai\ai_000001.png,1,ai,clean,0.899399,1,1
data\val\ai\ai_000002.png,1,ai,clean,0.898069,1,1
data\val\ai\ai_000003.png,1,ai,clean,0.987471,1,1
data\val\ai\ai_000004.png,1,ai,clean,0.757175,1,1
data\val\ai\ai_000005.png,1,ai,clean,0.814172,1,1
data\val\ai\ai_000006.png,1,ai,clean,0.942299,1,1
data\val\ai\ai_000007.png,1,ai,clean,0.310825,0,0
data\val\ai\ai_000008.png,1,ai,clean,0.972552,1,1
data\val\ai\ai_000009.png,1,ai,clean,0.790360,1,1
data\val\ai\ai_000010.png,1,ai,clean,0.983453,1,1
data\val\ai\ai_000011.png,1,ai,clean,0.984378,1,1
data\val\ai\ai_000012.png,1,ai,clean,0.743386,1,1
data\val\ai\ai_000013.png,1,ai,clean,0.995420,1,1
data\val\ai\ai_000014.png,1,ai,clean,0.998381,1,1
data\val\ai\ai_000015.png,1,ai,clean,0.993598,1,1
data\val\ai\ai_000016.png,1,ai,clean,0.977446,1,1
data\val\ai\ai_000017.png,1,ai,clean,0.888044,1,1
data\val\ai\ai_000018.png,1,ai,clean,0.909071,1,1
data\val\ai\ai_000019.png,1,ai,clean,0.704262,1,1
data\val\ai\ai_000020.png,1,ai,clean,0.767335,1,1
data\val\ai\ai_000021.png,1,ai,clean,0.995588,1,1
data\val\ai\ai_000022.png,1,ai,clean,0.241357,0,0
data\val\ai\ai_000023.png,1,ai,clean,0.979814,1,1
data\val\ai\ai_000024.png,1,ai,clean,0.963627,1,1
data\val\ai\ai_000025.png,1,ai,clean,0.964473,1,1
data\val\ai\ai_000026.png,1,ai,clean,0.835632,1,1
data\val\ai\ai_000027.png,1,ai,clean,0.476864,0,0
data\val\ai\ai_000028.png,1,ai,clean,0.932129,1,1
data\val\ai\ai_000029.png,1,ai,clean,0.995842,1,1
data\val\ai\ai_000030.png,1,ai,clean,0.855183,1,1
data\val\ai\ai_000031.png,1,ai,clean,0.933614,1,1
data\val\ai\ai_000032.png,1,ai,clean,0.961282,1,1
data\val\ai\ai_000033.png,1,ai,clean,0.982207,1,1
data\val\ai\ai_000034.png,1,ai,clean,0.984615,1,1
data\val\ai\ai_000035.png,1,ai,clean,0.343415,0,0
data\val\ai\ai_000036.png,1,ai,clean,0.990497,1,1
data\val\ai\ai_000037.png,1,ai,clean,0.719876,1,1
data\val\ai\ai_000038.png,1,ai,clean,0.671865,1,1
data\val\ai\ai_000039.png,1,ai,clean,0.608311,1,1
data\val\ai\ai_000040.png,1,ai,clean,0.527951,1,1
data\val\ai\ai_000041.png,1,ai,clean,0.999340,1,1
data\val\ai\ai_000042.png,1,ai,clean,0.999649,1,1
data\val\ai\ai_000043.png,1,ai,clean,0.999594,1,1
data\val\ai\ai_000044.png,1,ai,clean,0.805851,1,1
data\val\ai\ai_000045.png,1,ai,clean,0.960236,1,1
data\val\ai\ai_000046.png,1,ai,clean,0.977018,1,1
data\val\ai\ai_000047.png,1,ai,clean,0.554862,1,1
data\val\ai\ai_000048.png,1,ai,clean,0.912707,1,1
data\val\ai\ai_000049.png,1,ai,clean,0.665367,1,1
data\val\ai\ai_000050.png,1,ai,clean,0.871281,1,1
data\val\ai\ai_000051.png,1,ai,clean,0.988230,1,1
data\val\ai\ai_000052.png,1,ai,clean,0.988978,1,1
data\val\ai\ai_000053.png,1,ai,clean,0.866546,1,1
data\val\ai\ai_000054.png,1,ai,clean,0.581374,1,1
data\val\ai\ai_000055.png,1,ai,clean,0.535174,1,1
data\val\ai\ai_000056.png,1,ai,clean,0.980503,1,1
data\val\ai\ai_000057.png,1,ai,clean,0.689814,1,1
data\val\ai\ai_000058.png,1,ai,clean,0.274725,0,0
data\val\ai\ai_000059.png,1,ai,clean,0.263485,0,0
data\val\ai\ai_000060.png,1,ai,clean,0.955384,1,1
data\val\ai\ai_000061.png,1,ai,clean,0.995935,1,1
data\val\ai\ai_000062.png,1,ai,clean,0.944844,1,1
data\val\ai\ai_000063.png,1,ai,clean,0.497307,0,0
data\val\ai\ai_000064.png,1,ai,clean,0.094003,0,0
data\val\ai\ai_000065.png,1,ai,clean,0.882770,1,1
data\val\ai\ai_000066.png,1,ai,clean,0.908401,1,1
data\val\ai\ai_000067.png,1,ai,clean,0.976320,1,1
data\val\ai\ai_000068.png,1,ai,clean,0.508933,1,1
data\val\ai\ai_000069.png,1,ai,clean,0.919913,1,1
data\val\ai\ai_000070.png,1,ai,clean,0.854751,1,1
data\val\ai\ai_000071.png,1,ai,clean,0.999311,1,1
data\val\ai\ai_000072.png,1,ai,clean,0.780576,1,1
data\val\ai\ai_000073.png,1,ai,clean,0.997591,1,1
data\val\ai\ai_000074.png,1,ai,clean,0.997734,1,1
data\val\ai\ai_000075.png,1,ai,clean,0.998127,1,1
data\val\ai\ai_000076.png,1,ai,clean,0.971354,1,1
data\val\ai\ai_000077.png,1,ai,clean,0.568447,1,1
data\val\ai\ai_000078.png,1,ai,clean,0.657029,1,1
data\val\ai\ai_000079.png,1,ai,clean,0.932022,1,1
data\val\ai\ai_000080.png,1,ai,clean,0.330751,0,0
data\val\ai\ai_000081.png,1,ai,clean,0.947458,1,1
data\val\ai\ai_000082.png,1,ai,clean,0.998663,1,1
data\val\ai\ai_000083.png,1,ai,clean,0.964988,1,1
data\val\ai\ai_000084.png,1,ai,clean,0.982122,1,1
data\val\ai\ai_000085.png,1,ai,clean,0.976030,1,1
data\val\ai\ai_000086.png,1,ai,clean,0.934612,1,1
data\val\ai\ai_000087.png,1,ai,clean,0.849658,1,1
data\val\ai\ai_000088.png,1,ai,clean,0.595916,1,1
data\val\ai\ai_000089.png,1,ai,clean,0.794092,1,1
data\val\ai\ai_000090.png,1,ai,clean,0.898024,1,1
data\val\ai\ai_000091.png,1,ai,clean,0.993326,1,1
data\val\ai\ai_000092.png,1,ai,clean,0.945777,1,1
data\val\ai\ai_000093.png,1,ai,clean,0.990257,1,1
data\val\ai\ai_000094.png,1,ai,clean,0.992756,1,1
data\val\ai\ai_000095.png,1,ai,clean,0.937791,1,1
data\val\ai\ai_000096.png,1,ai,clean,0.992596,1,1
data\val\ai\ai_000097.png,1,ai,clean,0.065445,0,0
data\val\ai\ai_000098.png,1,ai,clean,0.996307,1,1
data\val\ai\ai_000099.png,1,ai,clean,0.717820,1,1
data\val\ai\ai_000100.png,1,ai,clean,0.995945,1,1
data\val\ai\ai_000101.png,1,ai,clean,0.993926,1,1
data\val\ai\ai_000102.png,1,ai,clean,0.224120,0,0
data\val\ai\ai_000103.png,1,ai,clean,0.979653,1,1
data\val\ai\ai_000104.png,1,ai,clean,0.979069,1,1
data\val\ai\ai_000105.png,1,ai,clean,0.155860,0,0
data\val\ai\ai_000106.png,1,ai,clean,0.319960,0,0
data\val\ai\ai_000107.png,1,ai,clean,0.909514,1,1
data\val\ai\ai_000108.png,1,ai,clean,0.970017,1,1
data\val\ai\ai_000109.png,1,ai,clean,0.991474,1,1
data\val\ai\ai_000110.png,1,ai,clean,0.981307,1,1
data\val\ai\ai_000111.png,1,ai,clean,0.757232,1,1
data\val\ai\ai_000112.png,1,ai,clean,0.264647,0,0
data\val\ai\ai_000113.png,1,ai,clean,0.975397,1,1
data\val\ai\ai_000114.png,1,ai,clean,0.890362,1,1
data\val\ai\ai_000115.png,1,ai,clean,0.568174,1,1
data\val\ai\ai_000116.png,1,ai,clean,0.945279,1,1
data\val\ai\ai_000117.png,1,ai,clean,0.969189,1,1
data\val\ai\ai_000118.png,1,ai,clean,0.909386,1,1
data\val\ai\ai_000119.png,1,ai,clean,0.567934,1,1
data\val\ai\ai_000120.png,1,ai,clean,0.860385,1,1
data\val\ai\ai_000121.png,1,ai,clean,0.982843,1,1
data\val\ai\ai_000122.png,1,ai,clean,0.411169,0,0
data\val\ai\ai_000123.png,1,ai,clean,0.720100,1,1
data\val\ai\ai_000124.png,1,ai,clean,0.654122,1,1
data\val\ai\ai_000125.png,1,ai,clean,0.995878,1,1
data\val\ai\ai_000126.png,1,ai,clean,0.912647,1,1
data\val\ai\ai_000127.png,1,ai,clean,0.924509,1,1
data\val\ai\ai_000128.png,1,ai,clean,0.889884,1,1
data\val\ai\ai_000129.png,1,ai,clean,0.963354,1,1
data\val\ai\ai_000130.png,1,ai,clean,0.534461,1,1
data\val\ai\ai_000131.png,1,ai,clean,0.994391,1,1
data\val\ai\ai_000132.png,1,ai,clean,0.773035,1,1
data\val\ai\ai_000133.png,1,ai,clean,0.994831,1,1
data\val\ai\ai_000134.png,1,ai,clean,0.968752,1,1
data\val\ai\ai_000135.png,1,ai,clean,0.997721,1,1
data\val\ai\ai_000136.png,1,ai,clean,0.856412,1,1
data\val\ai\ai_000137.png,1,ai,clean,0.545860,1,1
data\val\ai\ai_000138.png,1,ai,clean,0.641374,1,1
data\val\ai\ai_000139.png,1,ai,clean,0.994731,1,1
data\val\ai\ai_000140.png,1,ai,clean,0.857640,1,1
data\val\ai\ai_000141.png,1,ai,clean,0.999568,1,1
data\val\ai\ai_000142.png,1,ai,clean,0.839528,1,1
data\val\ai\ai_000143.png,1,ai,clean,0.998893,1,1
data\val\ai\ai_000144.png,1,ai,clean,0.948087,1,1
data\val\ai\ai_000145.png,1,ai,clean,0.974662,1,1
data\val\ai\ai_000146.png,1,ai,clean,0.761617,1,1
data\val\ai\ai_000147.png,1,ai,clean,0.810513,1,1
data\val\ai\ai_000148.png,1,ai,clean,0.203971,0,0
data\val\ai\ai_000149.png,1,ai,clean,0.794083,1,1
data\val\ai\ai_000150.png,1,ai,clean,0.960273,1,1
data\val\ai\ai_000151.png,1,ai,clean,0.913649,1,1
data\val\ai\ai_000152.png,1,ai,clean,0.765010,1,1
data\val\ai\ai_000153.png,1,ai,clean,0.998290,1,1
data\val\ai\ai_000154.png,1,ai,clean,0.962065,1,1
data\val\ai\ai_000155.png,1,ai,clean,0.623453,1,1
data\val\ai\ai_000156.png,1,ai,clean,0.670608,1,1
data\val\ai\ai_000157.png,1,ai,clean,0.457572,0,0
data\val\ai\ai_000158.png,1,ai,clean,0.776852,1,1
data\val\ai\ai_000159.png,1,ai,clean,0.996534,1,1
data\val\ai\ai_000160.png,1,ai,clean,0.109874,0,0
data\val\ai\ai_000161.png,1,ai,clean,0.519225,1,1
data\val\ai\ai_000162.png,1,ai,clean,0.711980,1,1
data\val\ai\ai_000163.png,1,ai,clean,0.998908,1,1
data\val\ai\ai_000164.png,1,ai,clean,0.991956,1,1
data\val\ai\ai_000165.png,1,ai,clean,0.964004,1,1
data\val\ai\ai_000166.png,1,ai,clean,0.992238,1,1
data\val\ai\ai_000167.png,1,ai,clean,0.479709,0,0
data\val\ai\ai_000168.png,1,ai,clean,0.155959,0,0
data\val\ai\ai_000169.png,1,ai,clean,0.976100,1,1
data\val\ai\ai_000170.png,1,ai,clean,0.980828,1,1
data\val\ai\ai_000171.png,1,ai,clean,0.736781,1,1
data\val\ai\ai_000172.png,1,ai,clean,0.988883,1,1
data\val\ai\ai_000173.png,1,ai,clean,0.992199,1,1
data\val\ai\ai_000174.png,1,ai,clean,0.998307,1,1
data\val\ai\ai_000175.png,1,ai,clean,0.992889,1,1
data\val\ai\ai_000176.png,1,ai,clean,0.998325,1,1
data\val\ai\ai_000177.png,1,ai,clean,0.922866,1,1
data\val\ai\ai_000178.png,1,ai,clean,0.944909,1,1
data\val\ai\ai_000179.png,1,ai,clean,0.943170,1,1
data\val\ai\ai_000180.png,1,ai,clean,0.941595,1,1
data\val\ai\ai_000181.png,1,ai,clean,0.952812,1,1
data\val\ai\ai_000182.png,1,ai,clean,0.317436,0,0
data\val\ai\ai_000183.png,1,ai,clean,0.959608,1,1
data\val\ai\ai_000184.png,1,ai,clean,0.963106,1,1
data\val\ai\ai_000185.png,1,ai,clean,0.975371,1,1
data\val\ai\ai_000186.png,1,ai,clean,0.951988,1,1
data\val\ai\ai_000187.png,1,ai,clean,0.785082,1,1
data\val\ai\ai_000188.png,1,ai,clean,0.857168,1,1
data\val\ai\ai_000189.png,1,ai,clean,0.992586,1,1
data\val\ai\ai_000190.png,1,ai,clean,0.954705,1,1
data\val\ai\ai_000191.png,1,ai,clean,0.743678,1,1
data\val\ai\ai_000192.png,1,ai,clean,0.882900,1,1
data\val\ai\ai_000193.png,1,ai,clean,0.976990,1,1
data\val\ai\ai_000194.png,1,ai,clean,0.750779,1,1
data\val\ai\ai_000195.png,1,ai,clean,0.662046,1,1
data\val\ai\ai_000196.png,1,ai,clean,0.985961,1,1
data\val\ai\ai_000197.png,1,ai,clean,0.899934,1,1
data\val\ai\ai_000198.png,1,ai,clean,0.842846,1,1
data\val\ai\ai_000199.png,1,ai,clean,0.941443,1,1
data\val\ai\ai_000200.png,1,ai,clean,0.981657,1,1
data\val\ai\ai_000201.png,1,ai,clean,0.959738,1,1
data\val\ai\ai_000202.png,1,ai,clean,0.771150,1,1
data\val\ai\ai_000203.png,1,ai,clean,0.977129,1,1
data\val\ai\ai_000204.png,1,ai,clean,0.990778,1,1
data\val\ai\ai_000205.png,1,ai,clean,0.177296,0,0
data\val\ai\ai_000206.png,1,ai,clean,0.995957,1,1
data\val\ai\ai_000207.png,1,ai,clean,0.867813,1,1
data\val\ai\ai_000208.png,1,ai,clean,0.590298,1,1
data\val\ai\ai_000209.png,1,ai,clean,0.938174,1,1
data\val\ai\ai_000210.png,1,ai,clean,0.878227,1,1
data\val\ai\ai_000211.png,1,ai,clean,0.967266,1,1
data\val\ai\ai_000212.png,1,ai,clean,0.998605,1,1
data\val\ai\ai_000213.png,1,ai,clean,0.959992,1,1
data\val\ai\ai_000214.png,1,ai,clean,0.998697,1,1
data\val\ai\ai_000215.png,1,ai,clean,0.890051,1,1
data\val\ai\ai_000216.png,1,ai,clean,0.993201,1,1
data\val\ai\ai_000217.png,1,ai,clean,0.178712,0,0
data\val\ai\ai_000218.png,1,ai,clean,0.953871,1,1
data\val\ai\ai_000219.png,1,ai,clean,0.456969,0,0
data\val\ai\ai_000220.png,1,ai,clean,0.546510,1,1
data\val\ai\ai_000221.png,1,ai,clean,0.996009,1,1
data\val\ai\ai_000222.png,1,ai,clean,0.804515,1,1
data\val\ai\ai_000223.png,1,ai,clean,0.930548,1,1
data\val\ai\ai_000224.png,1,ai,clean,0.971565,1,1
data\val\ai\ai_000225.png,1,ai,clean,0.886752,1,1
data\val\ai\ai_000226.png,1,ai,clean,0.997927,1,1
data\val\ai\ai_000227.png,1,ai,clean,0.284301,0,0
data\val\ai\ai_000228.png,1,ai,clean,0.197061,0,0
data\val\ai\ai_000229.png,1,ai,clean,0.973488,1,1
data\val\ai\ai_000230.png,1,ai,clean,0.986347,1,1
data\val\ai\ai_000231.png,1,ai,clean,0.995075,1,1
data\val\ai\ai_000232.png,1,ai,clean,0.915950,1,1
data\val\ai\ai_000233.png,1,ai,clean,0.955658,1,1
data\val\ai\ai_000234.png,1,ai,clean,0.999633,1,1
data\val\ai\ai_000235.png,1,ai,clean,0.996155,1,1
data\val\ai\ai_000236.png,1,ai,clean,0.988496,1,1
data\val\ai\ai_000237.png,1,ai,clean,0.345772,0,0
data\val\ai\ai_000238.png,1,ai,clean,0.256330,0,0
data\val\ai\ai_000239.png,1,ai,clean,0.925229,1,1
data\val\ai\ai_000240.png,1,ai,clean,0.636923,1,1
data\val\ai\ai_000241.png,1,ai,clean,0.986204,1,1
data\val\ai\ai_000242.png,1,ai,clean,0.857232,1,1
data\val\ai\ai_000243.png,1,ai,clean,0.420069,0,0
data\val\ai\ai_000244.png,1,ai,clean,0.994882,1,1
data\val\ai\ai_000245.png,1,ai,clean,0.300101,0,0
data\val\ai\ai_000246.png,1,ai,clean,0.995111,1,1
data\val\ai\ai_000247.png,1,ai,clean,0.776344,1,1
data\val\ai\ai_000248.png,1,ai,clean,0.877434,1,1
data\val\ai\ai_000249.png,1,ai,clean,0.888603,1,1
data\val\ai\ai_000250.png,1,ai,clean,0.496794,0,0
data\val\ai\ai_000251.png,1,ai,clean,0.960589,1,1
data\val\ai\ai_000252.png,1,ai,clean,0.984219,1,1
data\val\ai\ai_000253.png,1,ai,clean,0.883889,1,1
data\val\ai\ai_000254.png,1,ai,clean,0.880596,1,1
data\val\ai\ai_000255.png,1,ai,clean,0.582934,1,1
data\val\ai\ai_000256.png,1,ai,clean,0.581804,1,1
data\val\ai\ai_000257.png,1,ai,clean,0.983863,1,1
data\val\ai\ai_000258.png,1,ai,clean,0.865866,1,1
data\val\ai\ai_000259.png,1,ai,clean,0.869014,1,1
data\val\ai\ai_000260.png,1,ai,clean,0.688865,1,1
data\val\ai\ai_000261.png,1,ai,clean,0.994970,1,1
data\val\ai\ai_000262.png,1,ai,clean,0.878917,1,1
data\val\ai\ai_000263.png,1,ai,clean,0.944007,1,1
data\val\ai\ai_000264.png,1,ai,clean,0.995290,1,1
data\val\ai\ai_000265.png,1,ai,clean,0.599533,1,1
data\val\ai\ai_000266.png,1,ai,clean,0.992526,1,1
data\val\ai\ai_000267.png,1,ai,clean,0.990484,1,1
data\val\ai\ai_000268.png,1,ai,clean,0.529649,1,1
data\val\ai\ai_000269.png,1,ai,clean,0.988383,1,1
data\val\ai\ai_000270.png,1,ai,clean,0.866895,1,1
data\val\ai\ai_000271.png,1,ai,clean,0.983711,1,1
data\val\ai\ai_000272.png,1,ai,clean,0.990992,1,1
data\val\ai\ai_000273.png,1,ai,clean,0.983166,1,1
data\val\ai\ai_000274.png,1,ai,clean,0.970782,1,1
data\val\ai\ai_000275.png,1,ai,clean,0.912046,1,1
data\val\ai\ai_000276.png,1,ai,clean,0.986645,1,1
data\val\ai\ai_000277.png,1,ai,clean,0.513377,1,1
data\val\ai\ai_000278.png,1,ai,clean,0.873103,1,1
data\val\ai\ai_000279.png,1,ai,clean,0.971136,1,1
data\val\ai\ai_000280.png,1,ai,clean,0.936464,1,1
data\val\ai\ai_000281.png,1,ai,clean,0.969254,1,1
data\val\ai\ai_000282.png,1,ai,clean,0.238796,0,0
data\val\ai\ai_000283.png,1,ai,clean,0.870985,1,1
data\val\ai\ai_000284.png,1,ai,clean,0.959486,1,1
data\val\ai\ai_000285.png,1,ai,clean,0.532687,1,1
data\val\ai\ai_000286.png,1,ai,clean,0.986451,1,1
data\val\ai\ai_000287.png,1,ai,clean,0.471512,0,0
data\val\ai\ai_000288.png,1,ai,clean,0.634207,1,1
data\val\ai\ai_000289.png,1,ai,clean,0.964370,1,1
data\val\ai\ai_000290.png,1,ai,clean,0.667492,1,1
data\val\ai\ai_000291.png,1,ai,clean,0.944022,1,1
data\val\ai\ai_000292.png,1,ai,clean,0.908886,1,1
data\val\ai\ai_000293.png,1,ai,clean,0.535546,1,1
data\val\ai\ai_000294.png,1,ai,clean,0.988294,1,1
data\val\ai\ai_000295.png,1,ai,clean,0.987922,1,1
data\val\ai\ai_000296.png,1,ai,clean,0.980290,1,1
data\val\ai\ai_000297.png,1,ai,clean,0.871879,1,1
data\val\ai\ai_000298.png,1,ai,clean,0.857654,1,1
data\val\ai\ai_000299.png,1,ai,clean,0.789534,1,1
data\val\ai\ai_000300.png,1,ai,clean,0.854774,1,1
data\val\ai\ai_000301.png,1,ai,clean,0.970580,1,1
data\val\ai\ai_000302.png,1,ai,clean,0.147294,0,0
data\val\ai\ai_000303.png,1,ai,clean,0.748036,1,1
data\val\ai\ai_000304.png,1,ai,clean,0.784717,1,1
data\val\ai\ai_000305.png,1,ai,clean,0.409099,0,0
data\val\ai\ai_000306.png,1,ai,clean,0.951775,1,1
data\val\ai\ai_000307.png,1,ai,clean,0.733975,1,1
data\val\ai\ai_000308.png,1,ai,clean,0.745690,1,1
data\val\ai\ai_000309.png,1,ai,clean,0.703049,1,1
data\val\ai\ai_000310.png,1,ai,clean,0.975454,1,1
data\val\ai\ai_000311.png,1,ai,clean,0.850177,1,1
data\val\ai\ai_000312.png,1,ai,clean,0.944963,1,1
data\val\ai\ai_000313.png,1,ai,clean,0.511780,1,1
data\val\ai\ai_000314.png,1,ai,clean,0.982634,1,1
data\val\ai\ai_000315.png,1,ai,clean,0.980127,1,1
data\val\ai\ai_000316.png,1,ai,clean,0.914487,1,1
data\val\ai\ai_000317.png,1,ai,clean,0.835862,1,1
data\val\ai\ai_000318.png,1,ai,clean,0.693973,1,1
data\val\ai\ai_000319.png,1,ai,clean,0.890430,1,1
data\val\ai\ai_000320.png,1,ai,clean,0.621915,1,1
data\val\ai\ai_000321.png,1,ai,clean,0.980717,1,1
data\val\ai\ai_000322.png,1,ai,clean,0.877029,1,1
data\val\ai\ai_000323.png,1,ai,clean,0.902647,1,1
data\val\ai\ai_000324.png,1,ai,clean,0.999148,1,1
data\val\ai\ai_000325.png,1,ai,clean,0.962546,1,1
data\val\ai\ai_000326.png,1,ai,clean,0.994834,1,1
data\val\ai\ai_000327.png,1,ai,clean,0.998499,1,1
data\val\ai\ai_000328.png,1,ai,clean,0.955527,1,1
data\val\ai\ai_000329.png,1,ai,clean,0.982083,1,1
data\val\ai\ai_000330.png,1,ai,clean,0.857855,1,1
data\val\ai\ai_000331.png,1,ai,clean,0.886112,1,1
data\val\ai\ai_000332.png,1,ai,clean,0.135761,0,0
data\val\ai\ai_000333.png,1,ai,clean,0.995656,1,1
data\val\ai\ai_000334.png,1,ai,clean,0.825916,1,1
data\val\ai\ai_000335.png,1,ai,clean,0.924524,1,1
data\val\ai\ai_000336.png,1,ai,clean,0.967832,1,1
data\val\ai\ai_000337.png,1,ai,clean,0.997992,1,1
data\val\ai\ai_000338.png,1,ai,clean,0.934546,1,1
data\val\ai\ai_000339.png,1,ai,clean,0.936389,1,1
data\val\ai\ai_000340.png,1,ai,clean,0.963824,1,1
data\val\ai\ai_000341.png,1,ai,clean,0.950972,1,1
data\val\ai\ai_000342.png,1,ai,clean,0.126176,0,0
data\val\ai\ai_000343.png,1,ai,clean,0.880789,1,1
data\val\ai\ai_000344.png,1,ai,clean,0.948007,1,1
data\val\ai\ai_000345.png,1,ai,clean,0.715761,1,1
data\val\ai\ai_000346.png,1,ai,clean,0.820174,1,1
data\val\ai\ai_000347.png,1,ai,clean,0.965040,1,1
data\val\ai\ai_000348.png,1,ai,clean,0.767339,1,1
data\val\ai\ai_000349.png,1,ai,clean,0.973006,1,1
data\val\ai\ai_000350.png,1,ai,clean,0.937077,1,1
data\val\ai\ai_000351.png,1,ai,clean,0.979269,1,1
data\val\ai\ai_000352.png,1,ai,clean,0.419130,0,0
data\val\ai\ai_000353.png,1,ai,clean,0.966921,1,1
data\val\ai\ai_000354.png,1,ai,clean,0.991305,1,1
data\val\ai\ai_000355.png,1,ai,clean,0.570631,1,1
data\val\ai\ai_000356.png,1,ai,clean,0.829537,1,1
data\val\ai\ai_000357.png,1,ai,clean,0.833549,1,1
data\val\ai\ai_000358.png,1,ai,clean,0.173390,0,0
data\val\ai\ai_000359.png,1,ai,clean,0.893862,1,1
data\val\ai\ai_000360.png,1,ai,clean,0.923980,1,1
data\val\ai\ai_000361.png,1,ai,clean,0.994976,1,1
data\val\ai\ai_000362.png,1,ai,clean,0.131472,0,0
data\val\ai\ai_000363.png,1,ai,clean,0.976572,1,1
data\val\ai\ai_000364.png,1,ai,clean,0.996774,1,1
data\val\ai\ai_000365.png,1,ai,clean,0.616550,1,1
data\val\ai\ai_000366.png,1,ai,clean,0.990664,1,1
data\val\ai\ai_000367.png,1,ai,clean,0.851510,1,1
data\val\ai\ai_000368.png,1,ai,clean,0.130814,0,0
data\val\ai\ai_000369.png,1,ai,clean,0.841974,1,1
data\val\ai\ai_000370.png,1,ai,clean,0.485807,0,0
data\val\ai\ai_000371.png,1,ai,clean,0.984552,1,1
data\val\ai\ai_000372.png,1,ai,clean,0.840912,1,1
data\val\ai\ai_000373.png,1,ai,clean,0.974730,1,1
data\val\ai\ai_000374.png,1,ai,clean,0.996669,1,1
data\val\ai\ai_000375.png,1,ai,clean,0.970270,1,1
data\val\ai\ai_000376.png,1,ai,clean,0.747715,1,1
data\val\ai\ai_000377.png,1,ai,clean,0.388796,0,0
data\val\ai\ai_000378.png,1,ai,clean,0.995244,1,1
data\val\ai\ai_000379.png,1,ai,clean,0.551880,1,1
data\val\ai\ai_000380.png,1,ai,clean,0.530862,1,1
data\val\ai\ai_000381.png,1,ai,clean,0.754251,1,1
data\val\ai\ai_000382.png,1,ai,clean,0.330408,0,0
data\val\ai\ai_000383.png,1,ai,clean,0.613750,1,1
data\val\ai\ai_000384.png,1,ai,clean,0.764574,1,1
data\val\ai\ai_000385.png,1,ai,clean,0.980491,1,1
data\val\ai\ai_000386.png,1,ai,clean,0.961845,1,1
data\val\ai\ai_000387.png,1,ai,clean,0.996698,1,1
data\val\ai\ai_000388.png,1,ai,clean,0.947938,1,1
data\val\ai\ai_000389.png,1,ai,clean,0.875993,1,1
data\val\ai\ai_000390.png,1,ai,clean,0.952108,1,1
data\val\ai\ai_000391.png,1,ai,clean,0.907680,1,1
data\val\ai\ai_000392.png,1,ai,clean,0.515659,1,1
data\val\ai\ai_000393.png,1,ai,clean,0.726837,1,1
data\val\ai\ai_000394.png,1,ai,clean,0.987858,1,1
data\val\ai\ai_000395.png,1,ai,clean,0.792613,1,1
data\val\ai\ai_000396.png,1,ai,clean,0.988413,1,1
data\val\ai\ai_000397.png,1,ai,clean,0.966449,1,1
data\val\ai\ai_000398.png,1,ai,clean,0.861936,1,1
data\val\ai\ai_000399.png,1,ai,clean,0.964805,1,1
data\val\ai\ai_000400.png,1,ai,clean,0.766753,1,1
data\val\ai\ai_000401.png,1,ai,clean,0.987794,1,1
data\val\ai\ai_000402.png,1,ai,clean,0.969697,1,1
data\val\ai\ai_000403.png,1,ai,clean,0.996624,1,1
data\val\ai\ai_000404.png,1,ai,clean,0.965497,1,1
data\val\ai\ai_000405.png,1,ai,clean,0.894900,1,1
data\val\ai\ai_000406.png,1,ai,clean,0.993207,1,1
data\val\ai\ai_000407.png,1,ai,clean,0.037527,0,0
data\val\ai\ai_000408.png,1,ai,clean,0.651763,1,1
data\val\ai\ai_000409.png,1,ai,clean,0.915257,1,1
data\val\ai\ai_000410.png,1,ai,clean,0.696937,1,1
data\val\ai\ai_000411.png,1,ai,clean,0.987263,1,1
data\val\ai\ai_000412.png,1,ai,clean,0.917810,1,1
data\val\ai\ai_000413.png,1,ai,clean,0.995463,1,1
data\val\ai\ai_000414.png,1,ai,clean,0.999886,1,1
data\val\ai\ai_000415.png,1,ai,clean,0.880397,1,1
data\val\ai\ai_000416.png,1,ai,clean,0.976913,1,1
data\val\ai\ai_000417.png,1,ai,clean,0.948350,1,1
data\val\ai\ai_000418.png,1,ai,clean,0.600388,1,1
data\val\ai\ai_000419.png,1,ai,clean,0.903555,1,1
data\val\ai\ai_000420.png,1,ai,clean,0.889789,1,1
data\val\ai\ai_000421.png,1,ai,clean,0.990543,1,1
data\val\ai\ai_000422.png,1,ai,clean,0.217400,0,0
data\val\ai\ai_000423.png,1,ai,clean,0.869355,1,1
data\val\ai\ai_000424.png,1,ai,clean,0.998138,1,1
data\val\ai\ai_000425.png,1,ai,clean,0.748537,1,1
data\val\ai\ai_000426.png,1,ai,clean,0.849081,1,1
data\val\ai\ai_000427.png,1,ai,clean,0.924902,1,1
data\val\ai\ai_000428.png,1,ai,clean,0.833609,1,1
data\val\ai\ai_000429.png,1,ai,clean,0.957540,1,1
data\val\ai\ai_000430.png,1,ai,clean,0.549030,1,1
data\val\ai\ai_000431.png,1,ai,clean,0.965668,1,1
data\val\ai\ai_000432.png,1,ai,clean,0.948403,1,1
data\val\ai\ai_000433.png,1,ai,clean,0.951727,1,1
data\val\ai\ai_000434.png,1,ai,clean,0.965156,1,1
data\val\ai\ai_000435.png,1,ai,clean,0.842854,1,1
data\val\ai\ai_000436.png,1,ai,clean,0.742958,1,1
data\val\ai\ai_000437.png,1,ai,clean,0.343302,0,0
data\val\ai\ai_000438.png,1,ai,clean,0.727812,1,1
data\val\ai\ai_000439.png,1,ai,clean,0.922495,1,1
data\val\ai\ai_000440.png,1,ai,clean,0.977929,1,1
data\val\ai\ai_000441.png,1,ai,clean,0.927967,1,1
data\val\ai\ai_000442.png,1,ai,clean,0.863968,1,1
data\val\ai\ai_000443.png,1,ai,clean,0.996052,1,1
data\val\ai\ai_000444.png,1,ai,clean,0.994148,1,1
data\val\ai\ai_000445.png,1,ai,clean,0.463248,0,0
data\val\ai\ai_000446.png,1,ai,clean,0.989373,1,1
data\val\ai\ai_000447.png,1,ai,clean,0.957651,1,1
data\val\ai\ai_000448.png,1,ai,clean,0.581824,1,1
data\val\ai\ai_000449.png,1,ai,clean,0.997773,1,1
data\val\ai\ai_000450.png,1,ai,clean,0.984958,1,1
data\val\ai\ai_000451.png,1,ai,clean,0.981795,1,1
data\val\ai\ai_000452.png,1,ai,clean,0.504405,1,1
data\val\ai\ai_000453.png,1,ai,clean,0.998321,1,1
data\val\ai\ai_000454.png,1,ai,clean,0.901483,1,1
data\val\ai\ai_000455.png,1,ai,clean,0.963507,1,1
data\val\ai\ai_000456.png,1,ai,clean,0.985497,1,1
data\val\ai\ai_000457.png,1,ai,clean,0.172438,0,0
data\val\ai\ai_000458.png,1,ai,clean,0.933060,1,1
data\val\ai\ai_000459.png,1,ai,clean,0.554478,1,1
data\val\ai\ai_000460.png,1,ai,clean,0.966840,1,1
data\val\ai\ai_000461.png,1,ai,clean,0.932728,1,1
data\val\ai\ai_000462.png,1,ai,clean,0.928141,1,1
data\val\ai\ai_000463.png,1,ai,clean,0.734709,1,1
data\val\ai\ai_000464.png,1,ai,clean,0.981045,1,1
data\val\ai\ai_000465.png,1,ai,clean,0.996453,1,1
data\val\ai\ai_000466.png,1,ai,clean,0.627888,1,1
data\val\ai\ai_000467.png,1,ai,clean,0.643982,1,1
data\val\ai\ai_000468.png,1,ai,clean,0.431328,0,0
data\val\ai\ai_000469.png,1,ai,clean,0.869375,1,1
data\val\ai\ai_000470.png,1,ai,clean,0.869440,1,1
data\val\ai\ai_000471.png,1,ai,clean,0.998293,1,1
data\val\ai\ai_000472.png,1,ai,clean,0.904586,1,1
data\val\ai\ai_000473.png,1,ai,clean,0.866604,1,1
data\val\ai\ai_000474.png,1,ai,clean,0.887583,1,1
data\val\ai\ai_000475.png,1,ai,clean,0.843623,1,1
data\val\ai\ai_000476.png,1,ai,clean,0.978152,1,1
data\val\ai\ai_000477.png,1,ai,clean,0.716994,1,1
data\val\ai\ai_000478.png,1,ai,clean,0.818973,1,1
data\val\ai\ai_000479.png,1,ai,clean,0.817406,1,1
data\val\ai\ai_000480.png,1,ai,clean,0.871597,1,1
data\val\ai\ai_000481.png,1,ai,clean,0.932358,1,1
data\val\ai\ai_000482.png,1,ai,clean,0.513651,1,1
data\val\ai\ai_000483.png,1,ai,clean,0.873573,1,1
data\val\ai\ai_000484.png,1,ai,clean,0.979855,1,1
data\val\ai\ai_000485.png,1,ai,clean,0.552014,1,1
data\val\ai\ai_000486.png,1,ai,clean,0.991029,1,1
data\val\ai\ai_000487.png,1,ai,clean,0.819438,1,1
data\val\ai\ai_000488.png,1,ai,clean,0.087325,0,0
data\val\ai\ai_000489.png,1,ai,clean,0.913690,1,1
data\val\ai\ai_000490.png,1,ai,clean,0.973855,1,1
data\val\ai\ai_000491.png,1,ai,clean,0.977998,1,1
data\val\ai\ai_000492.png,1,ai,clean,0.988340,1,1
data\val\ai\ai_000493.png,1,ai,clean,0.928317,1,1
data\val\ai\ai_000494.png,1,ai,clean,0.901672,1,1
data\val\ai\ai_000495.png,1,ai,clean,0.377847,0,0
data\val\ai\ai_000496.png,1,ai,clean,0.840182,1,1
data\val\ai\ai_000497.png,1,ai,clean,0.650108,1,1
data\val\ai\ai_000498.png,1,ai,clean,0.434664,0,0
data\val\ai\ai_000499.png,1,ai,clean,0.956160,1,1
data\val\ai\ai_000500.png,1,ai,clean,0.933259,1,1
data\val\real\000000000139.jpg,0,real,jpeg_q90,0.247669,0,1
data\val\real\000000000285.jpg,0,real,jpeg_q90,0.049955,0,1
data\val\real\000000000632.jpg,0,real,jpeg_q90,0.456612,0,1
data\val\real\000000000724.jpg,0,real,jpeg_q90,0.132957,0,1
data\val\real\000000000776.jpg,0,real,jpeg_q90,0.033393,0,1
data\val\real\000000000785.jpg,0,real,jpeg_q90,0.137850,0,1
data\val\real\000000000802.jpg,0,real,jpeg_q90,0.004698,0,1
data\val\real\000000000872.jpg,0,real,jpeg_q90,0.007429,0,1
data\val\real\000000000885.jpg,0,real,jpeg_q90,0.117542,0,1
data\val\real\000000001000.jpg,0,real,jpeg_q90,0.019550,0,1
data\val\real\000000001268.jpg,0,real,jpeg_q90,0.010888,0,1
data\val\real\000000001296.jpg,0,real,jpeg_q90,0.042917,0,1
data\val\real\000000001353.jpg,0,real,jpeg_q90,0.005015,0,1
data\val\real\000000001425.jpg,0,real,jpeg_q90,0.312441,0,1
data\val\real\000000001490.jpg,0,real,jpeg_q90,0.009722,0,1
data\val\real\000000001503.jpg,0,real,jpeg_q90,0.040079,0,1
data\val\real\000000001532.jpg,0,real,jpeg_q90,0.077694,0,1
data\val\real\000000001584.jpg,0,real,jpeg_q90,0.346227,0,1
data\val\real\000000001675.jpg,0,real,jpeg_q90,0.008205,0,1
data\val\real\000000001761.jpg,0,real,jpeg_q90,0.008790,0,1
data\val\real\000000001818.jpg,0,real,jpeg_q90,0.186852,0,1
data\val\real\000000001993.jpg,0,real,jpeg_q90,0.003824,0,1
data\val\real\000000002006.jpg,0,real,jpeg_q90,0.189020,0,1
data\val\real\000000002149.jpg,0,real,jpeg_q90,0.136345,0,1
data\val\real\000000002153.jpg,0,real,jpeg_q90,0.000796,0,1
data\val\real\000000002157.jpg,0,real,jpeg_q90,0.138445,0,1
data\val\real\000000002261.jpg,0,real,jpeg_q90,0.011265,0,1
data\val\real\000000002299.jpg,0,real,jpeg_q90,0.193614,0,1
data\val\real\000000002431.jpg,0,real,jpeg_q90,0.017335,0,1
data\val\real\000000002473.jpg,0,real,jpeg_q90,0.012768,0,1
data\val\real\000000002532.jpg,0,real,jpeg_q90,0.045925,0,1
data\val\real\000000002587.jpg,0,real,jpeg_q90,0.000962,0,1
data\val\real\000000002592.jpg,0,real,jpeg_q90,0.004987,0,1
data\val\real\000000002685.jpg,0,real,jpeg_q90,0.002542,0,1
data\val\real\000000002923.jpg,0,real,jpeg_q90,0.006083,0,1
data\val\real\000000003156.jpg,0,real,jpeg_q90,0.253031,0,1
data\val\real\000000003255.jpg,0,real,jpeg_q90,0.352458,0,1
data\val\real\000000003501.jpg,0,real,jpeg_q90,0.074330,0,1
data\val\real\000000003553.jpg,0,real,jpeg_q90,0.008664,0,1
data\val\real\000000003661.jpg,0,real,jpeg_q90,0.000976,0,1
data\val\real\000000003845.jpg,0,real,jpeg_q90,0.049162,0,1
data\val\real\000000003934.jpg,0,real,jpeg_q90,0.000177,0,1
data\val\real\000000004134.jpg,0,real,jpeg_q90,0.004414,0,1
data\val\real\000000004395.jpg,0,real,jpeg_q90,0.016006,0,1
data\val\real\000000004495.jpg,0,real,jpeg_q90,0.001159,0,1
data\val\real\000000004765.jpg,0,real,jpeg_q90,0.115906,0,1
data\val\real\000000004795.jpg,0,real,jpeg_q90,0.000178,0,1
data\val\real\000000005001.jpg,0,real,jpeg_q90,0.023475,0,1
data\val\real\000000005037.jpg,0,real,jpeg_q90,0.094170,0,1
data\val\real\000000005060.jpg,0,real,jpeg_q90,0.004538,0,1
data\val\real\000000005193.jpg,0,real,jpeg_q90,0.001126,0,1
data\val\real\000000005477.jpg,0,real,jpeg_q90,0.590196,1,0
data\val\real\000000005503.jpg,0,real,jpeg_q90,0.002101,0,1
data\val\real\000000005529.jpg,0,real,jpeg_q90,0.003692,0,1
data\val\real\000000005586.jpg,0,real,jpeg_q90,0.003178,0,1
data\val\real\000000005600.jpg,0,real,jpeg_q90,0.003059,0,1
data\val\real\000000005992.jpg,0,real,jpeg_q90,0.014051,0,1
data\val\real\000000006012.jpg,0,real,jpeg_q90,0.168011,0,1
data\val\real\000000006040.jpg,0,real,jpeg_q90,0.210117,0,1
data\val\real\000000006213.jpg,0,real,jpeg_q90,0.018339,0,1
data\val\real\000000006460.jpg,0,real,jpeg_q90,0.022035,0,1
data\val\real\000000006471.jpg,0,real,jpeg_q90,0.010731,0,1
data\val\real\000000006614.jpg,0,real,jpeg_q90,0.040632,0,1
data\val\real\000000006723.jpg,0,real,jpeg_q90,0.011005,0,1
data\val\real\000000006763.jpg,0,real,jpeg_q90,0.000231,0,1
data\val\real\000000006771.jpg,0,real,jpeg_q90,0.020961,0,1
data\val\real\000000006818.jpg,0,real,jpeg_q90,0.004217,0,1
data\val\real\000000006894.jpg,0,real,jpeg_q90,0.023226,0,1
data\val\real\000000006954.jpg,0,real,jpeg_q90,0.057185,0,1
data\val\real\000000007088.jpg,0,real,jpeg_q90,0.001477,0,1
data\val\real\000000007108.jpg,0,real,jpeg_q90,0.032221,0,1
data\val\real\000000007278.jpg,0,real,jpeg_q90,0.070695,0,1
data\val\real\000000007281.jpg,0,real,jpeg_q90,0.011908,0,1
data\val\real\000000007386.jpg,0,real,jpeg_q90,0.012838,0,1
data\val\real\000000007511.jpg,0,real,jpeg_q90,0.007001,0,1
data\val\real\000000007574.jpg,0,real,jpeg_q90,0.002164,0,1
data\val\real\000000007784.jpg,0,real,jpeg_q90,0.563193,1,0
data\val\real\000000007795.jpg,0,real,jpeg_q90,0.315745,0,1
data\val\real\000000007816.jpg,0,real,jpeg_q90,0.004417,0,1
data\val\real\000000007818.jpg,0,real,jpeg_q90,0.162183,0,1
data\val\real\000000007888.jpg,0,real,jpeg_q90,0.774028,1,0
data\val\real\000000007977.jpg,0,real,jpeg_q90,0.104557,0,1
data\val\real\000000007991.jpg,0,real,jpeg_q90,0.005972,0,1
data\val\real\000000008021.jpg,0,real,jpeg_q90,0.018694,0,1
data\val\real\000000008211.jpg,0,real,jpeg_q90,0.075330,0,1
data\val\real\000000008277.jpg,0,real,jpeg_q90,0.006232,0,1
data\val\real\000000008532.jpg,0,real,jpeg_q90,0.025641,0,1
data\val\real\000000008629.jpg,0,real,jpeg_q90,0.074042,0,1
data\val\real\000000008690.jpg,0,real,jpeg_q90,0.001312,0,1
data\val\real\000000008762.jpg,0,real,jpeg_q90,0.090958,0,1
data\val\real\000000008844.jpg,0,real,jpeg_q90,0.086567,0,1
data\val\real\000000008899.jpg,0,real,jpeg_q90,0.159665,0,1
data\val\real\000000009378.jpg,0,real,jpeg_q90,0.025050,0,1
data\val\real\000000009400.jpg,0,real,jpeg_q90,0.000369,0,1
data\val\real\000000009448.jpg,0,real,jpeg_q90,0.001740,0,1
data\val\real\000000009483.jpg,0,real,jpeg_q90,0.004489,0,1
data\val\real\000000009590.jpg,0,real,jpeg_q90,0.054710,0,1
data\val\real\000000009769.jpg,0,real,jpeg_q90,0.024764,0,1
data\val\real\000000009772.jpg,0,real,jpeg_q90,0.008796,0,1
data\val\real\000000009891.jpg,0,real,jpeg_q90,0.000652,0,1
data\val\real\000000009914.jpg,0,real,jpeg_q90,0.025410,0,1
data\val\real\000000010092.jpg,0,real,jpeg_q90,0.005443,0,1
data\val\real\000000010363.jpg,0,real,jpeg_q90,0.000338,0,1
data\val\real\000000010583.jpg,0,real,jpeg_q90,0.007668,0,1
data\val\real\000000010707.jpg,0,real,jpeg_q90,0.000386,0,1
data\val\real\000000010764.jpg,0,real,jpeg_q90,0.058065,0,1
data\val\real\000000010977.jpg,0,real,jpeg_q90,0.006783,0,1
data\val\real\000000010995.jpg,0,real,jpeg_q90,0.012772,0,1
data\val\real\000000011051.jpg,0,real,jpeg_q90,0.013067,0,1
data\val\real\000000011122.jpg,0,real,jpeg_q90,0.001798,0,1
data\val\real\000000011149.jpg,0,real,jpeg_q90,0.000207,0,1
data\val\real\000000011197.jpg,0,real,jpeg_q90,0.013678,0,1
data\val\real\000000011511.jpg,0,real,jpeg_q90,0.017063,0,1
data\val\real\000000011615.jpg,0,real,jpeg_q90,0.203776,0,1
data\val\real\000000011699.jpg,0,real,jpeg_q90,0.012794,0,1
data\val\real\000000011760.jpg,0,real,jpeg_q90,0.104897,0,1
data\val\real\000000011813.jpg,0,real,jpeg_q90,0.005318,0,1
data\val\real\000000012062.jpg,0,real,jpeg_q90,0.019951,0,1
data\val\real\000000012120.jpg,0,real,jpeg_q90,0.004438,0,1
data\val\real\000000012280.jpg,0,real,jpeg_q90,0.084589,0,1
data\val\real\000000012576.jpg,0,real,jpeg_q90,0.007118,0,1
data\val\real\000000012639.jpg,0,real,jpeg_q90,0.011498,0,1
data\val\real\000000012667.jpg,0,real,jpeg_q90,0.059863,0,1
data\val\real\000000012670.jpg,0,real,jpeg_q90,0.005848,0,1
data\val\real\000000012748.jpg,0,real,jpeg_q90,0.048585,0,1
data\val\real\000000013004.jpg,0,real,jpeg_q90,0.114785,0,1
data\val\real\000000013177.jpg,0,real,jpeg_q90,0.003553,0,1
data\val\real\000000013201.jpg,0,real,jpeg_q90,0.019853,0,1
data\val\real\000000013291.jpg,0,real,jpeg_q90,0.092633,0,1
data\val\real\000000013348.jpg,0,real,jpeg_q90,0.054146,0,1
data\val\real\000000013546.jpg,0,real,jpeg_q90,0.000654,0,1
data\val\real\000000013597.jpg,0,real,jpeg_q90,0.649110,1,0
data\val\real\000000013659.jpg,0,real,jpeg_q90,0.000254,0,1
data\val\real\000000013729.jpg,0,real,jpeg_q90,0.000893,0,1
data\val\real\000000013774.jpg,0,real,jpeg_q90,0.829521,1,0
data\val\real\000000013923.jpg,0,real,jpeg_q90,0.011913,0,1
data\val\real\000000014007.jpg,0,real,jpeg_q90,0.042048,0,1
data\val\real\000000014038.jpg,0,real,jpeg_q90,0.520162,1,0
data\val\real\000000014226.jpg,0,real,jpeg_q90,0.009185,0,1
data\val\real\000000014380.jpg,0,real,jpeg_q90,0.096625,0,1
data\val\real\000000014439.jpg,0,real,jpeg_q90,0.017424,0,1
data\val\real\000000014473.jpg,0,real,jpeg_q90,0.010072,0,1
data\val\real\000000014831.jpg,0,real,jpeg_q90,0.002933,0,1
data\val\real\000000014888.jpg,0,real,jpeg_q90,0.014576,0,1
data\val\real\000000015079.jpg,0,real,jpeg_q90,0.036912,0,1
data\val\real\000000015254.jpg,0,real,jpeg_q90,0.004963,0,1
data\val\real\000000015272.jpg,0,real,jpeg_q90,0.052940,0,1
data\val\real\000000015278.jpg,0,real,jpeg_q90,0.040203,0,1
data\val\real\000000015335.jpg,0,real,jpeg_q90,0.000359,0,1
data\val\real\000000015338.jpg,0,real,jpeg_q90,0.040024,0,1
data\val\real\000000015440.jpg,0,real,jpeg_q90,0.913572,1,0
data\val\real\000000015497.jpg,0,real,jpeg_q90,0.002840,0,1
data\val\real\000000015517.jpg,0,real,jpeg_q90,0.014284,0,1
data\val\real\000000015597.jpg,0,real,jpeg_q90,0.000592,0,1
data\val\real\000000015660.jpg,0,real,jpeg_q90,0.057108,0,1
data\val\real\000000015746.jpg,0,real,jpeg_q90,0.042146,0,1
data\val\real\000000015751.jpg,0,real,jpeg_q90,0.002795,0,1
data\val\real\000000015956.jpg,0,real,jpeg_q90,0.001792,0,1
data\val\real\000000016010.jpg,0,real,jpeg_q90,0.004837,0,1
data\val\real\000000016228.jpg,0,real,jpeg_q90,0.305023,0,1
data\val\real\000000016249.jpg,0,real,jpeg_q90,0.023090,0,1
data\val\real\000000016439.jpg,0,real,jpeg_q90,0.049285,0,1
data\val\real\000000016451.jpg,0,real,jpeg_q90,0.010365,0,1
data\val\real\000000016502.jpg,0,real,jpeg_q90,0.183117,0,1
data\val\real\000000016598.jpg,0,real,jpeg_q90,0.001299,0,1
data\val\real\000000016958.jpg,0,real,jpeg_q90,0.003048,0,1
data\val\real\000000017029.jpg,0,real,jpeg_q90,0.013199,0,1
data\val\real\000000017031.jpg,0,real,jpeg_q90,0.435237,0,1
data\val\real\000000017115.jpg,0,real,jpeg_q90,0.100624,0,1
data\val\real\000000017178.jpg,0,real,jpeg_q90,0.209253,0,1
data\val\real\000000017182.jpg,0,real,jpeg_q90,0.081702,0,1
data\val\real\000000017207.jpg,0,real,jpeg_q90,0.005868,0,1
data\val\real\000000017379.jpg,0,real,jpeg_q90,0.044005,0,1
data\val\real\000000017436.jpg,0,real,jpeg_q90,0.005123,0,1
data\val\real\000000017627.jpg,0,real,jpeg_q90,0.000497,0,1
data\val\real\000000017714.jpg,0,real,jpeg_q90,0.051246,0,1
data\val\real\000000017899.jpg,0,real,jpeg_q90,0.000891,0,1
data\val\real\000000017905.jpg,0,real,jpeg_q90,0.000305,0,1
data\val\real\000000017959.jpg,0,real,jpeg_q90,0.176202,0,1
data\val\real\000000018150.jpg,0,real,jpeg_q90,0.001613,0,1
data\val\real\000000018193.jpg,0,real,jpeg_q90,0.000577,0,1
data\val\real\000000018380.jpg,0,real,jpeg_q90,0.110092,0,1
data\val\real\000000018491.jpg,0,real,jpeg_q90,0.001958,0,1
data\val\real\000000018519.jpg,0,real,jpeg_q90,0.069244,0,1
data\val\real\000000018575.jpg,0,real,jpeg_q90,0.005635,0,1
data\val\real\000000018737.jpg,0,real,jpeg_q90,0.005638,0,1
data\val\real\000000018770.jpg,0,real,jpeg_q90,0.028856,0,1
data\val\real\000000018833.jpg,0,real,jpeg_q90,0.064487,0,1
data\val\real\000000018837.jpg,0,real,jpeg_q90,0.032541,0,1
data\val\real\000000019042.jpg,0,real,jpeg_q90,0.003480,0,1
data\val\real\000000019109.jpg,0,real,jpeg_q90,0.024357,0,1
data\val\real\000000019221.jpg,0,real,jpeg_q90,0.001552,0,1
data\val\real\000000019402.jpg,0,real,jpeg_q90,0.000609,0,1
data\val\real\000000019432.jpg,0,real,jpeg_q90,0.003515,0,1
data\val\real\000000019742.jpg,0,real,jpeg_q90,0.187070,0,1
data\val\real\000000019786.jpg,0,real,jpeg_q90,0.001117,0,1
data\val\real\000000019924.jpg,0,real,jpeg_q90,0.707416,1,0
data\val\real\000000020059.jpg,0,real,jpeg_q90,0.006043,0,1
data\val\real\000000020107.jpg,0,real,jpeg_q90,0.010540,0,1
data\val\real\000000020247.jpg,0,real,jpeg_q90,0.059934,0,1
data\val\real\000000020333.jpg,0,real,jpeg_q90,0.037059,0,1
data\val\real\000000020553.jpg,0,real,jpeg_q90,0.012377,0,1
data\val\real\000000020571.jpg,0,real,jpeg_q90,0.177449,0,1
data\val\real\000000020992.jpg,0,real,jpeg_q90,0.003530,0,1
data\val\real\000000021167.jpg,0,real,jpeg_q90,0.002223,0,1
data\val\real\000000021465.jpg,0,real,jpeg_q90,0.000461,0,1
data\val\real\000000021503.jpg,0,real,jpeg_q90,0.000892,0,1
data\val\real\000000021604.jpg,0,real,jpeg_q90,0.987283,1,0
data\val\real\000000021839.jpg,0,real,jpeg_q90,0.000392,0,1
data\val\real\000000021879.jpg,0,real,jpeg_q90,0.002816,0,1
data\val\real\000000021903.jpg,0,real,jpeg_q90,0.076127,0,1
data\val\real\000000022192.jpg,0,real,jpeg_q90,0.001896,0,1
data\val\real\000000022371.jpg,0,real,jpeg_q90,0.957486,1,0
data\val\real\000000022396.jpg,0,real,jpeg_q90,0.005484,0,1
data\val\real\000000022479.jpg,0,real,jpeg_q90,0.017012,0,1
data\val\real\000000022589.jpg,0,real,jpeg_q90,0.006451,0,1
data\val\real\000000022623.jpg,0,real,jpeg_q90,0.164589,0,1
data\val\real\000000022705.jpg,0,real,jpeg_q90,0.000314,0,1
data\val\real\000000022755.jpg,0,real,jpeg_q90,0.115860,0,1
data\val\real\000000022892.jpg,0,real,jpeg_q90,0.013614,0,1
data\val\real\000000022935.jpg,0,real,jpeg_q90,0.070593,0,1
data\val\real\000000022969.jpg,0,real,jpeg_q90,0.011419,0,1
data\val\real\000000023023.jpg,0,real,jpeg_q90,0.007192,0,1
data\val\real\000000023034.jpg,0,real,jpeg_q90,0.001043,0,1
data\val\real\000000023126.jpg,0,real,jpeg_q90,0.172465,0,1
data\val\real\000000023230.jpg,0,real,jpeg_q90,0.000732,0,1
data\val\real\000000023272.jpg,0,real,jpeg_q90,0.009920,0,1
data\val\real\000000023359.jpg,0,real,jpeg_q90,0.042391,0,1
data\val\real\000000023666.jpg,0,real,jpeg_q90,0.007125,0,1
data\val\real\000000023751.jpg,0,real,jpeg_q90,0.000317,0,1
data\val\real\000000023781.jpg,0,real,jpeg_q90,0.089568,0,1
data\val\real\000000023899.jpg,0,real,jpeg_q90,0.001639,0,1
data\val\real\000000023937.jpg,0,real,jpeg_q90,0.027998,0,1
data\val\real\000000024021.jpg,0,real,jpeg_q90,0.136332,0,1
data\val\real\000000024027.jpg,0,real,jpeg_q90,0.005966,0,1
data\val\real\000000024144.jpg,0,real,jpeg_q90,0.084448,0,1
data\val\real\000000024243.jpg,0,real,jpeg_q90,0.144969,0,1
data\val\real\000000024567.jpg,0,real,jpeg_q90,0.002353,0,1
data\val\real\000000024610.jpg,0,real,jpeg_q90,0.002310,0,1
data\val\real\000000024919.jpg,0,real,jpeg_q90,0.167690,0,1
data\val\real\000000025057.jpg,0,real,jpeg_q90,0.008247,0,1
data\val\real\000000025096.jpg,0,real,jpeg_q90,0.003166,0,1
data\val\real\000000025139.jpg,0,real,jpeg_q90,0.025488,0,1
data\val\real\000000025181.jpg,0,real,jpeg_q90,0.574142,1,0
data\val\real\000000025228.jpg,0,real,jpeg_q90,0.005054,0,1
data\val\real\000000025386.jpg,0,real,jpeg_q90,0.000513,0,1
data\val\real\000000025393.jpg,0,real,jpeg_q90,0.000322,0,1
data\val\real\000000025394.jpg,0,real,jpeg_q90,0.003165,0,1
data\val\real\000000025424.jpg,0,real,jpeg_q90,0.044443,0,1
data\val\real\000000025560.jpg,0,real,jpeg_q90,0.002211,0,1
data\val\real\000000025593.jpg,0,real,jpeg_q90,0.036162,0,1
data\val\real\000000025603.jpg,0,real,jpeg_q90,0.000965,0,1
data\val\real\000000025986.jpg,0,real,jpeg_q90,0.002372,0,1
data\val\real\000000026204.jpg,0,real,jpeg_q90,0.012666,0,1
data\val\real\000000026465.jpg,0,real,jpeg_q90,0.000575,0,1
data\val\real\000000026564.jpg,0,real,jpeg_q90,0.024139,0,1
data\val\real\000000026690.jpg,0,real,jpeg_q90,0.014083,0,1
data\val\real\000000026926.jpg,0,real,jpeg_q90,0.634645,1,0
data\val\real\000000026941.jpg,0,real,jpeg_q90,0.207809,0,1
data\val\real\000000027186.jpg,0,real,jpeg_q90,0.005454,0,1
data\val\real\000000027620.jpg,0,real,jpeg_q90,0.019619,0,1
data\val\real\000000027696.jpg,0,real,jpeg_q90,0.001277,0,1
data\val\real\000000027768.jpg,0,real,jpeg_q90,0.014635,0,1
data\val\real\000000027932.jpg,0,real,jpeg_q90,0.046089,0,1
data\val\real\000000027972.jpg,0,real,jpeg_q90,0.043818,0,1
data\val\real\000000027982.jpg,0,real,jpeg_q90,0.043769,0,1
data\val\real\000000028285.jpg,0,real,jpeg_q90,0.014109,0,1
data\val\real\000000028449.jpg,0,real,jpeg_q90,0.265558,0,1
data\val\real\000000028452.jpg,0,real,jpeg_q90,0.089688,0,1
data\val\real\000000028809.jpg,0,real,jpeg_q90,0.027742,0,1
data\val\real\000000028993.jpg,0,real,jpeg_q90,0.206505,0,1
data\val\real\000000029187.jpg,0,real,jpeg_q90,0.001055,0,1
data\val\real\000000029393.jpg,0,real,jpeg_q90,0.001750,0,1
data\val\real\000000029397.jpg,0,real,jpeg_q90,0.000411,0,1
data\val\real\000000029596.jpg,0,real,jpeg_q90,0.378725,0,1
data\val\real\000000029640.jpg,0,real,jpeg_q90,0.111593,0,1
data\val\real\000000029675.jpg,0,real,jpeg_q90,0.041976,0,1
data\val\real\000000029984.jpg,0,real,jpeg_q90,0.011711,0,1
data\val\real\000000030213.jpg,0,real,jpeg_q90,0.106529,0,1
data\val\real\000000030494.jpg,0,real,jpeg_q90,0.000830,0,1
data\val\real\000000030504.jpg,0,real,jpeg_q90,0.039777,0,1
data\val\real\000000030675.jpg,0,real,jpeg_q90,0.483089,0,1
data\val\real\000000030785.jpg,0,real,jpeg_q90,0.040088,0,1
data\val\real\000000030828.jpg,0,real,jpeg_q90,0.110100,0,1
data\val\real\000000031050.jpg,0,real,jpeg_q90,0.010875,0,1
data\val\real\000000031093.jpg,0,real,jpeg_q90,0.006474,0,1
data\val\real\000000031118.jpg,0,real,jpeg_q90,0.075696,0,1
data\val\real\000000031217.jpg,0,real,jpeg_q90,0.013668,0,1
data\val\real\000000031248.jpg,0,real,jpeg_q90,0.042145,0,1
data\val\real\000000031269.jpg,0,real,jpeg_q90,0.022401,0,1
data\val\real\000000031296.jpg,0,real,jpeg_q90,0.001325,0,1
data\val\real\000000031322.jpg,0,real,jpeg_q90,0.143666,0,1
data\val\real\000000031620.jpg,0,real,jpeg_q90,0.000345,0,1
data\val\real\000000031735.jpg,0,real,jpeg_q90,0.000117,0,1
data\val\real\000000031749.jpg,0,real,jpeg_q90,0.181655,0,1
data\val\real\000000031817.jpg,0,real,jpeg_q90,0.000334,0,1
data\val\real\000000032038.jpg,0,real,jpeg_q90,0.010160,0,1
data\val\real\000000032081.jpg,0,real,jpeg_q90,0.029631,0,1
data\val\real\000000032285.jpg,0,real,jpeg_q90,0.020650,0,1
data\val\real\000000032334.jpg,0,real,jpeg_q90,0.000582,0,1
data\val\real\000000032570.jpg,0,real,jpeg_q90,0.404373,0,1
data\val\real\000000032610.jpg,0,real,jpeg_q90,0.001911,0,1
data\val\real\000000032735.jpg,0,real,jpeg_q90,0.054292,0,1
data\val\real\000000032811.jpg,0,real,jpeg_q90,0.041036,0,1
data\val\real\000000032817.jpg,0,real,jpeg_q90,0.001877,0,1
data\val\real\000000032861.jpg,0,real,jpeg_q90,0.651967,1,0
data\val\real\000000032887.jpg,0,real,jpeg_q90,0.000435,0,1
data\val\real\000000032901.jpg,0,real,jpeg_q90,0.001487,0,1
data\val\real\000000032941.jpg,0,real,jpeg_q90,0.005495,0,1
data\val\real\000000033005.jpg,0,real,jpeg_q90,0.028220,0,1
data\val\real\000000033104.jpg,0,real,jpeg_q90,0.003752,0,1
data\val\real\000000033109.jpg,0,real,jpeg_q90,0.025271,0,1
data\val\real\000000033114.jpg,0,real,jpeg_q90,0.106491,0,1
data\val\real\000000033221.jpg,0,real,jpeg_q90,0.001950,0,1
data\val\real\000000033368.jpg,0,real,jpeg_q90,0.171025,0,1
data\val\real\000000033638.jpg,0,real,jpeg_q90,0.001391,0,1
data\val\real\000000033707.jpg,0,real,jpeg_q90,0.044893,0,1
data\val\real\000000033759.jpg,0,real,jpeg_q90,0.066004,0,1
data\val\real\000000033854.jpg,0,real,jpeg_q90,0.048910,0,1
data\val\real\000000034071.jpg,0,real,jpeg_q90,0.745965,1,0
data\val\real\000000034139.jpg,0,real,jpeg_q90,0.003899,0,1
data\val\real\000000034205.jpg,0,real,jpeg_q90,0.049046,0,1
data\val\real\000000034257.jpg,0,real,jpeg_q90,0.433881,0,1
data\val\real\000000034417.jpg,0,real,jpeg_q90,0.065865,0,1
data\val\real\000000034452.jpg,0,real,jpeg_q90,0.001019,0,1
data\val\real\000000034760.jpg,0,real,jpeg_q90,0.001075,0,1
data\val\real\000000034873.jpg,0,real,jpeg_q90,0.009094,0,1
data\val\real\000000035062.jpg,0,real,jpeg_q90,0.006553,0,1
data\val\real\000000035197.jpg,0,real,jpeg_q90,0.149900,0,1
data\val\real\000000035279.jpg,0,real,jpeg_q90,0.008952,0,1
data\val\real\000000035326.jpg,0,real,jpeg_q90,0.005307,0,1
data\val\real\000000035682.jpg,0,real,jpeg_q90,0.003008,0,1
data\val\real\000000035770.jpg,0,real,jpeg_q90,0.002918,0,1
data\val\real\000000035963.jpg,0,real,jpeg_q90,0.001886,0,1
data\val\real\000000036494.jpg,0,real,jpeg_q90,0.120371,0,1
data\val\real\000000036539.jpg,0,real,jpeg_q90,0.000930,0,1
data\val\real\000000036660.jpg,0,real,jpeg_q90,0.028893,0,1
data\val\real\000000036678.jpg,0,real,jpeg_q90,0.104138,0,1
data\val\real\000000036844.jpg,0,real,jpeg_q90,0.002097,0,1
data\val\real\000000036861.jpg,0,real,jpeg_q90,0.015156,0,1
data\val\real\000000036936.jpg,0,real,jpeg_q90,0.000515,0,1
data\val\real\000000037670.jpg,0,real,jpeg_q90,0.035663,0,1
data\val\real\000000037689.jpg,0,real,jpeg_q90,0.030618,0,1
data\val\real\000000037740.jpg,0,real,jpeg_q90,0.120791,0,1
data\val\real\000000037751.jpg,0,real,jpeg_q90,0.020598,0,1
data\val\real\000000037777.jpg,0,real,jpeg_q90,0.026309,0,1
data\val\real\000000037988.jpg,0,real,jpeg_q90,0.009971,0,1
data\val\real\000000038048.jpg,0,real,jpeg_q90,0.006014,0,1
data\val\real\000000038070.jpg,0,real,jpeg_q90,0.083401,0,1
data\val\real\000000038118.jpg,0,real,jpeg_q90,0.069857,0,1
data\val\real\000000038210.jpg,0,real,jpeg_q90,0.057554,0,1
data\val\real\000000038576.jpg,0,real,jpeg_q90,0.069101,0,1
data\val\real\000000038678.jpg,0,real,jpeg_q90,0.000383,0,1
data\val\real\000000038825.jpg,0,real,jpeg_q90,0.057421,0,1
data\val\real\000000038829.jpg,0,real,jpeg_q90,0.003420,0,1
data\val\real\000000039405.jpg,0,real,jpeg_q90,0.009405,0,1
data\val\real\000000039477.jpg,0,real,jpeg_q90,0.062871,0,1
data\val\real\000000039480.jpg,0,real,jpeg_q90,0.012490,0,1
data\val\real\000000039484.jpg,0,real,jpeg_q90,0.178567,0,1
data\val\real\000000039551.jpg,0,real,jpeg_q90,0.166284,0,1
data\val\real\000000039670.jpg,0,real,jpeg_q90,0.071907,0,1
data\val\real\000000039769.jpg,0,real,jpeg_q90,0.000450,0,1
data\val\real\000000039785.jpg,0,real,jpeg_q90,0.015225,0,1
data\val\real\000000039914.jpg,0,real,jpeg_q90,0.000426,0,1
data\val\real\000000039951.jpg,0,real,jpeg_q90,0.009543,0,1
data\val\real\000000039956.jpg,0,real,jpeg_q90,0.708665,1,0
data\val\real\000000040036.jpg,0,real,jpeg_q90,0.174542,0,1
data\val\real\000000040083.jpg,0,real,jpeg_q90,0.002246,0,1
data\val\real\000000040471.jpg,0,real,jpeg_q90,0.005485,0,1
data\val\real\000000040757.jpg,0,real,jpeg_q90,0.003809,0,1
data\val\real\000000041488.jpg,0,real,jpeg_q90,0.455406,0,1
data\val\real\000000041633.jpg,0,real,jpeg_q90,0.605378,1,0
data\val\real\000000041635.jpg,0,real,jpeg_q90,0.041769,0,1
data\val\real\000000041872.jpg,0,real,jpeg_q90,0.035347,0,1
data\val\real\000000041888.jpg,0,real,jpeg_q90,0.021010,0,1
data\val\real\000000041990.jpg,0,real,jpeg_q90,0.003694,0,1
data\val\real\000000042070.jpg,0,real,jpeg_q90,0.132111,0,1
data\val\real\000000042102.jpg,0,real,jpeg_q90,0.001271,0,1
data\val\real\000000042178.jpg,0,real,jpeg_q90,0.781886,1,0
data\val\real\000000042276.jpg,0,real,jpeg_q90,0.006689,0,1
data\val\real\000000042296.jpg,0,real,jpeg_q90,0.010157,0,1
data\val\real\000000042528.jpg,0,real,jpeg_q90,0.000750,0,1
data\val\real\000000042563.jpg,0,real,jpeg_q90,0.024933,0,1
data\val\real\000000042628.jpg,0,real,jpeg_q90,0.004135,0,1
data\val\real\000000042888.jpg,0,real,jpeg_q90,0.002840,0,1
data\val\real\000000042889.jpg,0,real,jpeg_q90,0.004211,0,1
data\val\real\000000043314.jpg,0,real,jpeg_q90,0.032732,0,1
data\val\real\000000043435.jpg,0,real,jpeg_q90,0.043878,0,1
data\val\real\000000043581.jpg,0,real,jpeg_q90,0.017959,0,1
data\val\real\000000043737.jpg,0,real,jpeg_q90,0.090539,0,1
data\val\real\000000043816.jpg,0,real,jpeg_q90,0.060559,0,1
data\val\real\000000044068.jpg,0,real,jpeg_q90,0.002535,0,1
data\val\real\000000044195.jpg,0,real,jpeg_q90,0.070516,0,1
data\val\real\000000044260.jpg,0,real,jpeg_q90,0.780711,1,0
data\val\real\000000044279.jpg,0,real,jpeg_q90,0.014778,0,1
data\val\real\000000044590.jpg,0,real,jpeg_q90,0.005311,0,1
data\val\real\000000044652.jpg,0,real,jpeg_q90,0.035964,0,1
data\val\real\000000044699.jpg,0,real,jpeg_q90,0.335682,0,1
data\val\real\000000044877.jpg,0,real,jpeg_q90,0.049518,0,1
data\val\real\000000045070.jpg,0,real,jpeg_q90,0.009730,0,1
data\val\real\000000045090.jpg,0,real,jpeg_q90,0.005319,0,1
data\val\real\000000045229.jpg,0,real,jpeg_q90,0.482392,0,1
data\val\real\000000045472.jpg,0,real,jpeg_q90,0.042847,0,1
data\val\real\000000045550.jpg,0,real,jpeg_q90,0.001825,0,1
data\val\real\000000045596.jpg,0,real,jpeg_q90,0.003402,0,1
data\val\real\000000045728.jpg,0,real,jpeg_q90,0.008565,0,1
data\val\real\000000046031.jpg,0,real,jpeg_q90,0.005018,0,1
data\val\real\000000046048.jpg,0,real,jpeg_q90,0.001630,0,1
data\val\real\000000046252.jpg,0,real,jpeg_q90,0.186103,0,1
data\val\real\000000046378.jpg,0,real,jpeg_q90,0.012031,0,1
data\val\real\000000046463.jpg,0,real,jpeg_q90,0.000808,0,1
data\val\real\000000046497.jpg,0,real,jpeg_q90,0.005685,0,1
data\val\real\000000046804.jpg,0,real,jpeg_q90,0.050621,0,1
data\val\real\000000046872.jpg,0,real,jpeg_q90,0.333316,0,1
data\val\real\000000047010.jpg,0,real,jpeg_q90,0.051803,0,1
data\val\real\000000047112.jpg,0,real,jpeg_q90,0.027801,0,1
data\val\real\000000047121.jpg,0,real,jpeg_q90,0.002715,0,1
data\val\real\000000047571.jpg,0,real,jpeg_q90,0.031724,0,1
data\val\real\000000047585.jpg,0,real,jpeg_q90,0.001257,0,1
data\val\real\000000047740.jpg,0,real,jpeg_q90,0.001169,0,1
data\val\real\000000047769.jpg,0,real,jpeg_q90,0.001870,0,1
data\val\real\000000047801.jpg,0,real,jpeg_q90,0.013491,0,1
data\val\real\000000047819.jpg,0,real,jpeg_q90,0.003739,0,1
data\val\real\000000047828.jpg,0,real,jpeg_q90,0.188793,0,1
data\val\real\000000048153.jpg,0,real,jpeg_q90,0.012702,0,1
data\val\real\000000048396.jpg,0,real,jpeg_q90,0.000411,0,1
data\val\real\000000048504.jpg,0,real,jpeg_q90,0.098435,0,1
data\val\real\000000048555.jpg,0,real,jpeg_q90,0.562867,1,0
data\val\real\000000048564.jpg,0,real,jpeg_q90,0.003402,0,1
data\val\real\000000048924.jpg,0,real,jpeg_q90,0.768445,1,0
data\val\real\000000049060.jpg,0,real,jpeg_q90,0.002014,0,1
data\val\real\000000049091.jpg,0,real,jpeg_q90,0.138195,0,1
data\val\real\000000049259.jpg,0,real,jpeg_q90,0.000977,0,1
data\val\real\000000049269.jpg,0,real,jpeg_q90,0.346653,0,1
data\val\real\000000049759.jpg,0,real,jpeg_q90,0.203540,0,1
data\val\real\000000049761.jpg,0,real,jpeg_q90,0.011663,0,1
data\val\real\000000049810.jpg,0,real,jpeg_q90,0.064060,0,1
data\val\real\000000050006.jpg,0,real,jpeg_q90,0.078802,0,1
data\val\real\000000050145.jpg,0,real,jpeg_q90,0.003876,0,1
data\val\real\000000050149.jpg,0,real,jpeg_q90,0.032138,0,1
data\val\real\000000050165.jpg,0,real,jpeg_q90,0.125700,0,1
data\val\real\000000050326.jpg,0,real,jpeg_q90,0.000590,0,1
data\val\real\000000050331.jpg,0,real,jpeg_q90,0.005679,0,1
data\val\real\000000050380.jpg,0,real,jpeg_q90,0.039158,0,1
data\val\real\000000050638.jpg,0,real,jpeg_q90,0.462559,0,1
data\val\real\000000050679.jpg,0,real,jpeg_q90,0.231238,0,1
data\val\real\000000050811.jpg,0,real,jpeg_q90,0.014714,0,1
data\val\real\000000050828.jpg,0,real,jpeg_q90,0.027738,0,1
data\val\real\000000050844.jpg,0,real,jpeg_q90,0.044134,0,1
data\val\real\000000050896.jpg,0,real,jpeg_q90,0.372139,0,1
data\val\real\000000050943.jpg,0,real,jpeg_q90,0.005855,0,1
data\val\real\000000051008.jpg,0,real,jpeg_q90,0.003432,0,1
data\val\real\000000051309.jpg,0,real,jpeg_q90,0.007428,0,1
data\val\real\000000051314.jpg,0,real,jpeg_q90,0.025354,0,1
data\val\real\000000051326.jpg,0,real,jpeg_q90,0.005040,0,1
data\val\real\000000051598.jpg,0,real,jpeg_q90,0.001342,0,1
data\val\real\000000051610.jpg,0,real,jpeg_q90,0.215733,0,1
data\val\real\000000051712.jpg,0,real,jpeg_q90,0.095460,0,1
data\val\real\000000051738.jpg,0,real,jpeg_q90,0.021705,0,1
data\val\real\000000051938.jpg,0,real,jpeg_q90,0.036920,0,1
data\val\real\000000051961.jpg,0,real,jpeg_q90,0.019991,0,1
data\val\real\000000051976.jpg,0,real,jpeg_q90,0.045144,0,1
data\val\real\000000052007.jpg,0,real,jpeg_q90,0.050038,0,1
data\val\real\000000052017.jpg,0,real,jpeg_q90,0.613284,1,0
data\val\real\000000052412.jpg,0,real,jpeg_q90,0.114808,0,1
data\val\real\000000052413.jpg,0,real,jpeg_q90,0.003669,0,1
data\val\real\000000052462.jpg,0,real,jpeg_q90,0.049877,0,1
data\val\real\000000052507.jpg,0,real,jpeg_q90,0.008829,0,1
data\val\real\000000052565.jpg,0,real,jpeg_q90,0.109734,0,1
data\val\real\000000052591.jpg,0,real,jpeg_q90,0.418821,0,1
data\val\real\000000052891.jpg,0,real,jpeg_q90,0.014241,0,1
data\val\real\000000052996.jpg,0,real,jpeg_q90,0.000412,0,1
data\val\real\000000053505.jpg,0,real,jpeg_q90,0.014696,0,1
data\val\real\000000053529.jpg,0,real,jpeg_q90,0.112736,0,1
data\val\real\000000053624.jpg,0,real,jpeg_q90,0.002102,0,1
data\val\real\000000053626.jpg,0,real,jpeg_q90,0.009650,0,1
data\val\real\000000053909.jpg,0,real,jpeg_q90,0.003278,0,1
data\val\real\000000053994.jpg,0,real,jpeg_q90,0.155606,0,1
data\val\real\000000054123.jpg,0,real,jpeg_q90,0.168337,0,1
data\val\real\000000054164.jpg,0,real,jpeg_q90,0.151909,0,1
data\val\real\000000054592.jpg,0,real,jpeg_q90,0.088571,0,1
data\val\real\000000054593.jpg,0,real,jpeg_q90,0.013667,0,1
data\val\real\000000054605.jpg,0,real,jpeg_q90,0.020019,0,1
data\val\real\000000054628.jpg,0,real,jpeg_q90,0.035455,0,1
data\val\real\000000054654.jpg,0,real,jpeg_q90,0.000543,0,1
data\val\real\000000054931.jpg,0,real,jpeg_q90,0.134345,0,1
data\val\real\000000054967.jpg,0,real,jpeg_q90,0.346493,0,1
data\val\real\000000055002.jpg,0,real,jpeg_q90,0.003637,0,1
data\val\real\000000055022.jpg,0,real,jpeg_q90,0.019864,0,1
data\val\real\000000055072.jpg,0,real,jpeg_q90,0.126032,0,1
data\val\real\000000055150.jpg,0,real,jpeg_q90,0.009130,0,1
data\val\real\000000055167.jpg,0,real,jpeg_q90,0.003425,0,1
data\val\real\000000055299.jpg,0,real,jpeg_q90,0.143309,0,1
data\val\real\000000055528.jpg,0,real,jpeg_q90,0.001541,0,1
data\val\real\000000055950.jpg,0,real,jpeg_q90,0.039989,0,1
data\val\real\000000056127.jpg,0,real,jpeg_q90,0.010550,0,1
data\val\real\000000056288.jpg,0,real,jpeg_q90,0.015916,0,1
data\val\real\000000056344.jpg,0,real,jpeg_q90,0.018774,0,1
data\val\real\000000056350.jpg,0,real,jpeg_q90,0.028057,0,1
data\val\real\000000056545.jpg,0,real,jpeg_q90,0.005121,0,1
data\val\ai\ai_000001.png,1,ai,jpeg_q90,0.923538,1,1
data\val\ai\ai_000002.png,1,ai,jpeg_q90,0.864245,1,1
data\val\ai\ai_000003.png,1,ai,jpeg_q90,0.984714,1,1
data\val\ai\ai_000004.png,1,ai,jpeg_q90,0.648165,1,1
data\val\ai\ai_000005.png,1,ai,jpeg_q90,0.675800,1,1
data\val\ai\ai_000006.png,1,ai,jpeg_q90,0.941351,1,1
data\val\ai\ai_000007.png,1,ai,jpeg_q90,0.186518,0,0
data\val\ai\ai_000008.png,1,ai,jpeg_q90,0.970152,1,1
data\val\ai\ai_000009.png,1,ai,jpeg_q90,0.813236,1,1
data\val\ai\ai_000010.png,1,ai,jpeg_q90,0.983363,1,1
data\val\ai\ai_000011.png,1,ai,jpeg_q90,0.983574,1,1
data\val\ai\ai_000012.png,1,ai,jpeg_q90,0.587152,1,1
data\val\ai\ai_000013.png,1,ai,jpeg_q90,0.991720,1,1
data\val\ai\ai_000014.png,1,ai,jpeg_q90,0.995799,1,1
data\val\ai\ai_000015.png,1,ai,jpeg_q90,0.994394,1,1
data\val\ai\ai_000016.png,1,ai,jpeg_q90,0.949425,1,1
data\val\ai\ai_000017.png,1,ai,jpeg_q90,0.748990,1,1
data\val\ai\ai_000018.png,1,ai,jpeg_q90,0.801788,1,1
data\val\ai\ai_000019.png,1,ai,jpeg_q90,0.809165,1,1
data\val\ai\ai_000020.png,1,ai,jpeg_q90,0.647781,1,1
data\val\ai\ai_000021.png,1,ai,jpeg_q90,0.991571,1,1
data\val\ai\ai_000022.png,1,ai,jpeg_q90,0.195446,0,0
data\val\ai\ai_000023.png,1,ai,jpeg_q90,0.949609,1,1
data\val\ai\ai_000024.png,1,ai,jpeg_q90,0.970929,1,1
data\val\ai\ai_000025.png,1,ai,jpeg_q90,0.947809,1,1
data\val\ai\ai_000026.png,1,ai,jpeg_q90,0.740785,1,1
data\val\ai\ai_000027.png,1,ai,jpeg_q90,0.169916,0,0
data\val\ai\ai_000028.png,1,ai,jpeg_q90,0.925006,1,1
data\val\ai\ai_000029.png,1,ai,jpeg_q90,0.996649,1,1
data\val\ai\ai_000030.png,1,ai,jpeg_q90,0.800836,1,1
data\val\ai\ai_000031.png,1,ai,jpeg_q90,0.939794,1,1
data\val\ai\ai_000032.png,1,ai,jpeg_q90,0.976989,1,1
data\val\ai\ai_000033.png,1,ai,jpeg_q90,0.982157,1,1
data\val\ai\ai_000034.png,1,ai,jpeg_q90,0.938591,1,1
data\val\ai\ai_000035.png,1,ai,jpeg_q90,0.269152,0,0
data\val\ai\ai_000036.png,1,ai,jpeg_q90,0.973276,1,1
data\val\ai\ai_000037.png,1,ai,jpeg_q90,0.791046,1,1
data\val\ai\ai_000038.png,1,ai,jpeg_q90,0.725179,1,1
data\val\ai\ai_000039.png,1,ai,jpeg_q90,0.489172,0,0
data\val\ai\ai_000040.png,1,ai,jpeg_q90,0.310315,0,0
data\val\ai\ai_000041.png,1,ai,jpeg_q90,0.999238,1,1
data\val\ai\ai_000042.png,1,ai,jpeg_q90,0.999699,1,1
data\val\ai\ai_000043.png,1,ai,jpeg_q90,0.999195,1,1
data\val\ai\ai_000044.png,1,ai,jpeg_q90,0.743785,1,1
data\val\ai\ai_000045.png,1,ai,jpeg_q90,0.920515,1,1
data\val\ai\ai_000046.png,1,ai,jpeg_q90,0.862264,1,1
data\val\ai\ai_000047.png,1,ai,jpeg_q90,0.569508,1,1
data\val\ai\ai_000048.png,1,ai,jpeg_q90,0.804622,1,1
data\val\ai\ai_000049.png,1,ai,jpeg_q90,0.824377,1,1
data\val\ai\ai_000050.png,1,ai,jpeg_q90,0.919289,1,1
data\val\ai\ai_000051.png,1,ai,jpeg_q90,0.975113,1,1
data\val\ai\ai_000052.png,1,ai,jpeg_q90,0.988861,1,1
data\val\ai\ai_000053.png,1,ai,jpeg_q90,0.710109,1,1
data\val\ai\ai_000054.png,1,ai,jpeg_q90,0.793131,1,1
data\val\ai\ai_000055.png,1,ai,jpeg_q90,0.508907,1,1
data\val\ai\ai_000056.png,1,ai,jpeg_q90,0.978023,1,1
data\val\ai\ai_000057.png,1,ai,jpeg_q90,0.717534,1,1
data\val\ai\ai_000058.png,1,ai,jpeg_q90,0.284113,0,0
data\val\ai\ai_000059.png,1,ai,jpeg_q90,0.577685,1,1
data\val\ai\ai_000060.png,1,ai,jpeg_q90,0.976648,1,1
data\val\ai\ai_000061.png,1,ai,jpeg_q90,0.996287,1,1
data\val\ai\ai_000062.png,1,ai,jpeg_q90,0.932939,1,1
data\val\ai\ai_000063.png,1,ai,jpeg_q90,0.556346,1,1
data\val\ai\ai_000064.png,1,ai,jpeg_q90,0.188044,0,0
data\val\ai\ai_000065.png,1,ai,jpeg_q90,0.826958,1,1
data\val\ai\ai_000066.png,1,ai,jpeg_q90,0.868833,1,1
data\val\ai\ai_000067.png,1,ai,jpeg_q90,0.990064,1,1
data\val\ai\ai_000068.png,1,ai,jpeg_q90,0.303066,0,0
data\val\ai\ai_000069.png,1,ai,jpeg_q90,0.947502,1,1
data\val\ai\ai_000070.png,1,ai,jpeg_q90,0.858754,1,1
data\val\ai\ai_000071.png,1,ai,jpeg_q90,0.999561,1,1
data\val\ai\ai_000072.png,1,ai,jpeg_q90,0.602104,1,1
data\val\ai\ai_000073.png,1,ai,jpeg_q90,0.997582,1,1
data\val\ai\ai_000074.png,1,ai,jpeg_q90,0.984780,1,1
data\val\ai\ai_000075.png,1,ai,jpeg_q90,0.996447,1,1
data\val\ai\ai_000076.png,1,ai,jpeg_q90,0.969474,1,1
data\val\ai\ai_000077.png,1,ai,jpeg_q90,0.539831,1,1
data\val\ai\ai_000078.png,1,ai,jpeg_q90,0.518634,1,1
data\val\ai\ai_000079.png,1,ai,jpeg_q90,0.951445,1,1
data\val\ai\ai_000080.png,1,ai,jpeg_q90,0.550366,1,1
data\val\ai\ai_000081.png,1,ai,jpeg_q90,0.975819,1,1
data\val\ai\ai_000082.png,1,ai,jpeg_q90,0.997197,1,1
data\val\ai\ai_000083.png,1,ai,jpeg_q90,0.933656,1,1
data\val\ai\ai_000084.png,1,ai,jpeg_q90,0.981392,1,1
data\val\ai\ai_000085.png,1,ai,jpeg_q90,0.985705,1,1
data\val\ai\ai_000086.png,1,ai,jpeg_q90,0.773979,1,1
data\val\ai\ai_000087.png,1,ai,jpeg_q90,0.842278,1,1
data\val\ai\ai_000088.png,1,ai,jpeg_q90,0.617908,1,1
data\val\ai\ai_000089.png,1,ai,jpeg_q90,0.899189,1,1
data\val\ai\ai_000090.png,1,ai,jpeg_q90,0.901694,1,1
data\val\ai\ai_000091.png,1,ai,jpeg_q90,0.995266,1,1
data\val\ai\ai_000092.png,1,ai,jpeg_q90,0.902444,1,1
data\val\ai\ai_000093.png,1,ai,jpeg_q90,0.976087,1,1
data\val\ai\ai_000094.png,1,ai,jpeg_q90,0.981258,1,1
data\val\ai\ai_000095.png,1,ai,jpeg_q90,0.950848,1,1
data\val\ai\ai_000096.png,1,ai,jpeg_q90,0.984133,1,1
data\val\ai\ai_000097.png,1,ai,jpeg_q90,0.076348,0,0
data\val\ai\ai_000098.png,1,ai,jpeg_q90,0.993276,1,1
data\val\ai\ai_000099.png,1,ai,jpeg_q90,0.573139,1,1
data\val\ai\ai_000100.png,1,ai,jpeg_q90,0.994568,1,1
data\val\ai\ai_000101.png,1,ai,jpeg_q90,0.993611,1,1
data\val\ai\ai_000102.png,1,ai,jpeg_q90,0.083546,0,0
data\val\ai\ai_000103.png,1,ai,jpeg_q90,0.984775,1,1
data\val\ai\ai_000104.png,1,ai,jpeg_q90,0.991902,1,1
data\val\ai\ai_000105.png,1,ai,jpeg_q90,0.115646,0,0
data\val\ai\ai_000106.png,1,ai,jpeg_q90,0.197050,0,0
data\val\ai\ai_000107.png,1,ai,jpeg_q90,0.889810,1,1
data\val\ai\ai_000108.png,1,ai,jpeg_q90,0.938413,1,1
data\val\ai\ai_000109.png,1,ai,jpeg_q90,0.993974,1,1
data\val\ai\ai_000110.png,1,ai,jpeg_q90,0.970374,1,1
data\val\ai\ai_000111.png,1,ai,jpeg_q90,0.682194,1,1
data\val\ai\ai_000112.png,1,ai,jpeg_q90,0.205139,0,0
data\val\ai\ai_000113.png,1,ai,jpeg_q90,0.969818,1,1
data\val\ai\ai_000114.png,1,ai,jpeg_q90,0.852630,1,1
data\val\ai\ai_000115.png,1,ai,jpeg_q90,0.888325,1,1
data\val\ai\ai_000116.png,1,ai,jpeg_q90,0.926255,1,1
data\val\ai\ai_000117.png,1,ai,jpeg_q90,0.907240,1,1
data\val\ai\ai_000118.png,1,ai,jpeg_q90,0.951518,1,1
data\val\ai\ai_000119.png,1,ai,jpeg_q90,0.342466,0,0
data\val\ai\ai_000120.png,1,ai,jpeg_q90,0.921756,1,1
data\val\ai\ai_000121.png,1,ai,jpeg_q90,0.976932,1,1
data\val\ai\ai_000122.png,1,ai,jpeg_q90,0.233435,0,0
data\val\ai\ai_000123.png,1,ai,jpeg_q90,0.656386,1,1
data\val\ai\ai_000124.png,1,ai,jpeg_q90,0.636064,1,1
data\val\ai\ai_000125.png,1,ai,jpeg_q90,0.996185,1,1
data\val\ai\ai_000126.png,1,ai,jpeg_q90,0.913016,1,1
data\val\ai\ai_000127.png,1,ai,jpeg_q90,0.785904,1,1
data\val\ai\ai_000128.png,1,ai,jpeg_q90,0.622038,1,1
data\val\ai\ai_000129.png,1,ai,jpeg_q90,0.928946,1,1
data\val\ai\ai_000130.png,1,ai,jpeg_q90,0.354968,0,0
data\val\ai\ai_000131.png,1,ai,jpeg_q90,0.994591,1,1
data\val\ai\ai_000132.png,1,ai,jpeg_q90,0.719389,1,1
data\val\ai\ai_000133.png,1,ai,jpeg_q90,0.980279,1,1
data\val\ai\ai_000134.png,1,ai,jpeg_q90,0.958648,1,1
data\val\ai\ai_000135.png,1,ai,jpeg_q90,0.998741,1,1
data\val\ai\ai_000136.png,1,ai,jpeg_q90,0.833313,1,1
data\val\ai\ai_000137.png,1,ai,jpeg_q90,0.507446,1,1
data\val\ai\ai_000138.png,1,ai,jpeg_q90,0.805644,1,1
data\val\ai\ai_000139.png,1,ai,jpeg_q90,0.994723,1,1
data\val\ai\ai_000140.png,1,ai,jpeg_q90,0.791649,1,1
data\val\ai\ai_000141.png,1,ai,jpeg_q90,0.999598,1,1
data\val\ai\ai_000142.png,1,ai,jpeg_q90,0.769882,1,1
data\val\ai\ai_000143.png,1,ai,jpeg_q90,0.999231,1,1
data\val\ai\ai_000144.png,1,ai,jpeg_q90,0.948263,1,1
data\val\ai\ai_000145.png,1,ai,jpeg_q90,0.981380,1,1
data\val\ai\ai_000146.png,1,ai,jpeg_q90,0.752355,1,1
data\val\ai\ai_000147.png,1,ai,jpeg_q90,0.816315,1,1
data\val\ai\ai_000148.png,1,ai,jpeg_q90,0.245151,0,0
data\val\ai\ai_000149.png,1,ai,jpeg_q90,0.866493,1,1
data\val\ai\ai_000150.png,1,ai,jpeg_q90,0.904241,1,1
data\val\ai\ai_000151.png,1,ai,jpeg_q90,0.827881,1,1
data\val\ai\ai_000152.png,1,ai,jpeg_q90,0.770271,1,1
data\val\ai\ai_000153.png,1,ai,jpeg_q90,0.997209,1,1
data\val\ai\ai_000154.png,1,ai,jpeg_q90,0.971295,1,1
data\val\ai\ai_000155.png,1,ai,jpeg_q90,0.458112,0,0
data\val\ai\ai_000156.png,1,ai,jpeg_q90,0.586355,1,1
data\val\ai\ai_000157.png,1,ai,jpeg_q90,0.634933,1,1
data\val\ai\ai_000158.png,1,ai,jpeg_q90,0.779950,1,1
data\val\ai\ai_000159.png,1,ai,jpeg_q90,0.996526,1,1
data\val\ai\ai_000160.png,1,ai,jpeg_q90,0.098263,0,0
data\val\ai\ai_000161.png,1,ai,jpeg_q90,0.613166,1,1
data\val\ai\ai_000162.png,1,ai,jpeg_q90,0.729924,1,1
data\val\ai\ai_000163.png,1,ai,jpeg_q90,0.999445,1,1
data\val\ai\ai_000164.png,1,ai,jpeg_q90,0.994752,1,1
data\val\ai\ai_000165.png,1,ai,jpeg_q90,0.936806,1,1
data\val\ai\ai_000166.png,1,ai,jpeg_q90,0.989716,1,1
data\val\ai\ai_000167.png,1,ai,jpeg_q90,0.523599,1,1
data\val\ai\ai_000168.png,1,ai,jpeg_q90,0.221554,0,0
data\val\ai\ai_000169.png,1,ai,jpeg_q90,0.937587,1,1
data\val\ai\ai_000170.png,1,ai,jpeg_q90,0.963832,1,1
data\val\ai\ai_000171.png,1,ai,jpeg_q90,0.825593,1,1
data\val\ai\ai_000172.png,1,ai,jpeg_q90,0.990440,1,1
data\val\ai\ai_000173.png,1,ai,jpeg_q90,0.992172,1,1
data\val\ai\ai_000174.png,1,ai,jpeg_q90,0.998194,1,1
data\val\ai\ai_000175.png,1,ai,jpeg_q90,0.985540,1,1
data\val\ai\ai_000176.png,1,ai,jpeg_q90,0.995685,1,1
data\val\ai\ai_000177.png,1,ai,jpeg_q90,0.728015,1,1
data\val\ai\ai_000178.png,1,ai,jpeg_q90,0.953530,1,1
data\val\ai\ai_000179.png,1,ai,jpeg_q90,0.873838,1,1
data\val\ai\ai_000180.png,1,ai,jpeg_q90,0.958805,1,1
data\val\ai\ai_000181.png,1,ai,jpeg_q90,0.878194,1,1
data\val\ai\ai_000182.png,1,ai,jpeg_q90,0.276701,0,0
data\val\ai\ai_000183.png,1,ai,jpeg_q90,0.909653,1,1
data\val\ai\ai_000184.png,1,ai,jpeg_q90,0.931128,1,1
data\val\ai\ai_000185.png,1,ai,jpeg_q90,0.936206,1,1
data\val\ai\ai_000186.png,1,ai,jpeg_q90,0.895652,1,1
data\val\ai\ai_000187.png,1,ai,jpeg_q90,0.514842,1,1
data\val\ai\ai_000188.png,1,ai,jpeg_q90,0.863745,1,1
data\val\ai\ai_000189.png,1,ai,jpeg_q90,0.993504,1,1
data\val\ai\ai_000190.png,1,ai,jpeg_q90,0.979800,1,1
data\val\ai\ai_000191.png,1,ai,jpeg_q90,0.709768,1,1
data\val\ai\ai_000192.png,1,ai,jpeg_q90,0.933059,1,1
data\val\ai\ai_000193.png,1,ai,jpeg_q90,0.963436,1,1
data\val\ai\ai_000194.png,1,ai,jpeg_q90,0.886871,1,1
data\val\ai\ai_000195.png,1,ai,jpeg_q90,0.585126,1,1
data\val\ai\ai_000196.png,1,ai,jpeg_q90,0.948214,1,1
data\val\ai\ai_000197.png,1,ai,jpeg_q90,0.848268,1,1
data\val\ai\ai_000198.png,1,ai,jpeg_q90,0.871045,1,1
data\val\ai\ai_000199.png,1,ai,jpeg_q90,0.889235,1,1
data\val\ai\ai_000200.png,1,ai,jpeg_q90,0.988789,1,1
data\val\ai\ai_000201.png,1,ai,jpeg_q90,0.982933,1,1
data\val\ai\ai_000202.png,1,ai,jpeg_q90,0.695040,1,1
data\val\ai\ai_000203.png,1,ai,jpeg_q90,0.974031,1,1
data\val\ai\ai_000204.png,1,ai,jpeg_q90,0.987637,1,1
data\val\ai\ai_000205.png,1,ai,jpeg_q90,0.302382,0,0
data\val\ai\ai_000206.png,1,ai,jpeg_q90,0.996306,1,1
data\val\ai\ai_000207.png,1,ai,jpeg_q90,0.466644,0,0
data\val\ai\ai_000208.png,1,ai,jpeg_q90,0.567700,1,1
data\val\ai\ai_000209.png,1,ai,jpeg_q90,0.936593,1,1
data\val\ai\ai_000210.png,1,ai,jpeg_q90,0.853441,1,1
data\val\ai\ai_000211.png,1,ai,jpeg_q90,0.926851,1,1
data\val\ai\ai_000212.png,1,ai,jpeg_q90,0.997896,1,1
data\val\ai\ai_000213.png,1,ai,jpeg_q90,0.954070,1,1
data\val\ai\ai_000214.png,1,ai,jpeg_q90,0.998358,1,1
data\val\ai\ai_000215.png,1,ai,jpeg_q90,0.951793,1,1
data\val\ai\ai_000216.png,1,ai,jpeg_q90,0.990929,1,1
data\val\ai\ai_000217.png,1,ai,jpeg_q90,0.245095,0,0
data\val\ai\ai_000218.png,1,ai,jpeg_q90,0.971351,1,1
data\val\ai\ai_000219.png,1,ai,jpeg_q90,0.526447,1,1
data\val\ai\ai_000220.png,1,ai,jpeg_q90,0.319933,0,0
data\val\ai\ai_000221.png,1,ai,jpeg_q90,0.996582,1,1
data\val\ai\ai_000222.png,1,ai,jpeg_q90,0.757498,1,1
data\val\ai\ai_000223.png,1,ai,jpeg_q90,0.892256,1,1
data\val\ai\ai_000224.png,1,ai,jpeg_q90,0.957344,1,1
data\val\ai\ai_000225.png,1,ai,jpeg_q90,0.795841,1,1
data\val\ai\ai_000226.png,1,ai,jpeg_q90,0.990961,1,1
data\val\ai\ai_000227.png,1,ai,jpeg_q90,0.123047,0,0
data\val\ai\ai_000228.png,1,ai,jpeg_q90,0.160180,0,0
data\val\ai\ai_000229.png,1,ai,jpeg_q90,0.988050,1,1
data\val\ai\ai_000230.png,1,ai,jpeg_q90,0.986041,1,1
data\val\ai\ai_000231.png,1,ai,jpeg_q90,0.984256,1,1
data\val\ai\ai_000232.png,1,ai,jpeg_q90,0.885812,1,1
data\val\ai\ai_000233.png,1,ai,jpeg_q90,0.953494,1,1
data\val\ai\ai_000234.png,1,ai,jpeg_q90,0.999797,1,1
data\val\ai\ai_000235.png,1,ai,jpeg_q90,0.996674,1,1
data\val\ai\ai_000236.png,1,ai,jpeg_q90,0.983196,1,1
data\val\ai\ai_000237.png,1,ai,jpeg_q90,0.198307,0,0
data\val\ai\ai_000238.png,1,ai,jpeg_q90,0.074436,0,0
data\val\ai\ai_000239.png,1,ai,jpeg_q90,0.969287,1,1
data\val\ai\ai_000240.png,1,ai,jpeg_q90,0.539336,1,1
data\val\ai\ai_000241.png,1,ai,jpeg_q90,0.994462,1,1
data\val\ai\ai_000242.png,1,ai,jpeg_q90,0.826552,1,1
data\val\ai\ai_000243.png,1,ai,jpeg_q90,0.375510,0,0
data\val\ai\ai_000244.png,1,ai,jpeg_q90,0.989974,1,1
data\val\ai\ai_000245.png,1,ai,jpeg_q90,0.261544,0,0
data\val\ai\ai_000246.png,1,ai,jpeg_q90,0.995368,1,1
data\val\ai\ai_000247.png,1,ai,jpeg_q90,0.831061,1,1
data\val\ai\ai_000248.png,1,ai,jpeg_q90,0.910055,1,1
data\val\ai\ai_000249.png,1,ai,jpeg_q90,0.724840,1,1
data\val\ai\ai_000250.png,1,ai,jpeg_q90,0.348731,0,0
data\val\ai\ai_000251.png,1,ai,jpeg_q90,0.961789,1,1
data\val\ai\ai_000252.png,1,ai,jpeg_q90,0.986850,1,1
data\val\ai\ai_000253.png,1,ai,jpeg_q90,0.824803,1,1
data\val\ai\ai_000254.png,1,ai,jpeg_q90,0.904273,1,1
data\val\ai\ai_000255.png,1,ai,jpeg_q90,0.651437,1,1
data\val\ai\ai_000256.png,1,ai,jpeg_q90,0.665138,1,1
data\val\ai\ai_000257.png,1,ai,jpeg_q90,0.980761,1,1
data\val\ai\ai_000258.png,1,ai,jpeg_q90,0.822766,1,1
data\val\ai\ai_000259.png,1,ai,jpeg_q90,0.927288,1,1
data\val\ai\ai_000260.png,1,ai,jpeg_q90,0.677602,1,1
data\val\ai\ai_000261.png,1,ai,jpeg_q90,0.997253,1,1
data\val\ai\ai_000262.png,1,ai,jpeg_q90,0.882634,1,1
data\val\ai\ai_000263.png,1,ai,jpeg_q90,0.930044,1,1
data\val\ai\ai_000264.png,1,ai,jpeg_q90,0.993131,1,1
data\val\ai\ai_000265.png,1,ai,jpeg_q90,0.669995,1,1
data\val\ai\ai_000266.png,1,ai,jpeg_q90,0.985054,1,1
data\val\ai\ai_000267.png,1,ai,jpeg_q90,0.979062,1,1
data\val\ai\ai_000268.png,1,ai,jpeg_q90,0.328443,0,0
data\val\ai\ai_000269.png,1,ai,jpeg_q90,0.983496,1,1
data\val\ai\ai_000270.png,1,ai,jpeg_q90,0.855214,1,1
data\val\ai\ai_000271.png,1,ai,jpeg_q90,0.989974,1,1
data\val\ai\ai_000272.png,1,ai,jpeg_q90,0.990315,1,1
data\val\ai\ai_000273.png,1,ai,jpeg_q90,0.967961,1,1
data\val\ai\ai_000274.png,1,ai,jpeg_q90,0.938827,1,1
data\val\ai\ai_000275.png,1,ai,jpeg_q90,0.840610,1,1
data\val\ai\ai_000276.png,1,ai,jpeg_q90,0.989394,1,1
data\val\ai\ai_000277.png,1,ai,jpeg_q90,0.280293,0,0
data\val\ai\ai_000278.png,1,ai,jpeg_q90,0.816356,1,1
data\val\ai\ai_000279.png,1,ai,jpeg_q90,0.910973,1,1
data\val\ai\ai_000280.png,1,ai,jpeg_q90,0.951898,1,1
data\val\ai\ai_000281.png,1,ai,jpeg_q90,0.961293,1,1
data\val\ai\ai_000282.png,1,ai,jpeg_q90,0.791412,1,1
data\val\ai\ai_000283.png,1,ai,jpeg_q90,0.794699,1,1
data\val\ai\ai_000284.png,1,ai,jpeg_q90,0.959158,1,1
data\val\ai\ai_000285.png,1,ai,jpeg_q90,0.375846,0,0
data\val\ai\ai_000286.png,1,ai,jpeg_q90,0.990453,1,1
data\val\ai\ai_000287.png,1,ai,jpeg_q90,0.272826,0,0
data\val\ai\ai_000288.png,1,ai,jpeg_q90,0.610800,1,1
data\val\ai\ai_000289.png,1,ai,jpeg_q90,0.921633,1,1
data\val\ai\ai_000290.png,1,ai,jpeg_q90,0.821651,1,1
data\val\ai\ai_000291.png,1,ai,jpeg_q90,0.970488,1,1
data\val\ai\ai_000292.png,1,ai,jpeg_q90,0.912640,1,1
data\val\ai\ai_000293.png,1,ai,jpeg_q90,0.718454,1,1
data\val\ai\ai_000294.png,1,ai,jpeg_q90,0.991551,1,1
data\val\ai\ai_000295.png,1,ai,jpeg_q90,0.985365,1,1
data\val\ai\ai_000296.png,1,ai,jpeg_q90,0.924745,1,1
data\val\ai\ai_000297.png,1,ai,jpeg_q90,0.807207,1,1
data\val\ai\ai_000298.png,1,ai,jpeg_q90,0.860836,1,1
data\val\ai\ai_000299.png,1,ai,jpeg_q90,0.790583,1,1
data\val\ai\ai_000300.png,1,ai,jpeg_q90,0.857515,1,1
data\val\ai\ai_000301.png,1,ai,jpeg_q90,0.971021,1,1
data\val\ai\ai_000302.png,1,ai,jpeg_q90,0.131080,0,0
data\val\ai\ai_000303.png,1,ai,jpeg_q90,0.716783,1,1
data\val\ai\ai_000304.png,1,ai,jpeg_q90,0.734456,1,1
data\val\ai\ai_000305.png,1,ai,jpeg_q90,0.258628,0,0
data\val\ai\ai_000306.png,1,ai,jpeg_q90,0.965665,1,1
data\val\ai\ai_000307.png,1,ai,jpeg_q90,0.344398,0,0
data\val\ai\ai_000308.png,1,ai,jpeg_q90,0.728077,1,1
data\val\ai\ai_000309.png,1,ai,jpeg_q90,0.608238,1,1
data\val\ai\ai_000310.png,1,ai,jpeg_q90,0.976136,1,1
data\val\ai\ai_000311.png,1,ai,jpeg_q90,0.830480,1,1
data\val\ai\ai_000312.png,1,ai,jpeg_q90,0.993280,1,1
data\val\ai\ai_000313.png,1,ai,jpeg_q90,0.470507,0,0
data\val\ai\ai_000314.png,1,ai,jpeg_q90,0.985219,1,1
data\val\ai\ai_000315.png,1,ai,jpeg_q90,0.943978,1,1
data\val\ai\ai_000316.png,1,ai,jpeg_q90,0.929530,1,1
data\val\ai\ai_000317.png,1,ai,jpeg_q90,0.870360,1,1
data\val\ai\ai_000318.png,1,ai,jpeg_q90,0.721031,1,1
data\val\ai\ai_000319.png,1,ai,jpeg_q90,0.924456,1,1
data\val\ai\ai_000320.png,1,ai,jpeg_q90,0.781376,1,1
data\val\ai\ai_000321.png,1,ai,jpeg_q90,0.911816,1,1
data\val\ai\ai_000322.png,1,ai,jpeg_q90,0.835139,1,1
data\val\ai\ai_000323.png,1,ai,jpeg_q90,0.873653,1,1
data\val\ai\ai_000324.png,1,ai,jpeg_q90,0.997724,1,1
data\val\ai\ai_000325.png,1,ai,jpeg_q90,0.901207,1,1
data\val\ai\ai_000326.png,1,ai,jpeg_q90,0.996115,1,1
data\val\ai\ai_000327.png,1,ai,jpeg_q90,0.998819,1,1
data\val\ai\ai_000328.png,1,ai,jpeg_q90,0.971158,1,1
data\val\ai\ai_000329.png,1,ai,jpeg_q90,0.977694,1,1
data\val\ai\ai_000330.png,1,ai,jpeg_q90,0.900628,1,1
data\val\ai\ai_000331.png,1,ai,jpeg_q90,0.922096,1,1
data\val\ai\ai_000332.png,1,ai,jpeg_q90,0.177153,0,0
data\val\ai\ai_000333.png,1,ai,jpeg_q90,0.992505,1,1
data\val\ai\ai_000334.png,1,ai,jpeg_q90,0.808261,1,1
data\val\ai\ai_000335.png,1,ai,jpeg_q90,0.797280,1,1
data\val\ai\ai_000336.png,1,ai,jpeg_q90,0.943135,1,1
data\val\ai\ai_000337.png,1,ai,jpeg_q90,0.999078,1,1
data\val\ai\ai_000338.png,1,ai,jpeg_q90,0.954554,1,1
data\val\ai\ai_000339.png,1,ai,jpeg_q90,0.928654,1,1
data\val\ai\ai_000340.png,1,ai,jpeg_q90,0.951500,1,1
data\val\ai\ai_000341.png,1,ai,jpeg_q90,0.853088,1,1
data\val\ai\ai_000342.png,1,ai,jpeg_q90,0.211927,0,0
data\val\ai\ai_000343.png,1,ai,jpeg_q90,0.876936,1,1
data\val\ai\ai_000344.png,1,ai,jpeg_q90,0.986323,1,1
data\val\ai\ai_000345.png,1,ai,jpeg_q90,0.693418,1,1
data\val\ai\ai_000346.png,1,ai,jpeg_q90,0.841740,1,1
data\val\ai\ai_000347.png,1,ai,jpeg_q90,0.972423,1,1
data\val\ai\ai_000348.png,1,ai,jpeg_q90,0.913831,1,1
data\val\ai\ai_000349.png,1,ai,jpeg_q90,0.944220,1,1
data\val\ai\ai_000350.png,1,ai,jpeg_q90,0.912741,1,1
data\val\ai\ai_000351.png,1,ai,jpeg_q90,0.972186,1,1
data\val\ai\ai_000352.png,1,ai,jpeg_q90,0.119754,0,0
data\val\ai\ai_000353.png,1,ai,jpeg_q90,0.973162,1,1
data\val\ai\ai_000354.png,1,ai,jpeg_q90,0.992972,1,1
data\val\ai\ai_000355.png,1,ai,jpeg_q90,0.571144,1,1
data\val\ai\ai_000356.png,1,ai,jpeg_q90,0.735398,1,1
data\val\ai\ai_000357.png,1,ai,jpeg_q90,0.849597,1,1
data\val\ai\ai_000358.png,1,ai,jpeg_q90,0.228638,0,0
data\val\ai\ai_000359.png,1,ai,jpeg_q90,0.646003,1,1
data\val\ai\ai_000360.png,1,ai,jpeg_q90,0.897658,1,1
data\val\ai\ai_000361.png,1,ai,jpeg_q90,0.993478,1,1
data\val\ai\ai_000362.png,1,ai,jpeg_q90,0.171286,0,0
data\val\ai\ai_000363.png,1,ai,jpeg_q90,0.927665,1,1
data\val\ai\ai_000364.png,1,ai,jpeg_q90,0.993195,1,1
data\val\ai\ai_000365.png,1,ai,jpeg_q90,0.475494,0,0
data\val\ai\ai_000366.png,1,ai,jpeg_q90,0.991895,1,1
data\val\ai\ai_000367.png,1,ai,jpeg_q90,0.869008,1,1
data\val\ai\ai_000368.png,1,ai,jpeg_q90,0.170305,0,0
data\val\ai\ai_000369.png,1,ai,jpeg_q90,0.846570,1,1
data\val\ai\ai_000370.png,1,ai,jpeg_q90,0.401585,0,0
data\val\ai\ai_000371.png,1,ai,jpeg_q90,0.979005,1,1
data\val\ai\ai_000372.png,1,ai,jpeg_q90,0.860888,1,1
data\val\ai\ai_000373.png,1,ai,jpeg_q90,0.948856,1,1
data\val\ai\ai_000374.png,1,ai,jpeg_q90,0.988813,1,1
data\val\ai\ai_000375.png,1,ai,jpeg_q90,0.964561,1,1
data\val\ai\ai_000376.png,1,ai,jpeg_q90,0.632422,1,1
data\val\ai\ai_000377.png,1,ai,jpeg_q90,0.346151,0,0
data\val\ai\ai_000378.png,1,ai,jpeg_q90,0.996954,1,1
data\val\ai\ai_000379.png,1,ai,jpeg_q90,0.831454,1,1
data\val\ai\ai_000380.png,1,ai,jpeg_q90,0.269090,0,0
data\val\ai\ai_000381.png,1,ai,jpeg_q90,0.855393,1,1
data\val\ai\ai_000382.png,1,ai,jpeg_q90,0.474122,0,0
data\val\ai\ai_000383.png,1,ai,jpeg_q90,0.644689,1,1
data\val\ai\ai_000384.png,1,ai,jpeg_q90,0.734962,1,1
data\val\ai\ai_000385.png,1,ai,jpeg_q90,0.973123,1,1
data\val\ai\ai_000386.png,1,ai,jpeg_q90,0.959513,1,1
data\val\ai\ai_000387.png,1,ai,jpeg_q90,0.994338,1,1
data\val\ai\ai_000388.png,1,ai,jpeg_q90,0.929736,1,1
data\val\ai\ai_000389.png,1,ai,jpeg_q90,0.931488,1,1
data\val\ai\ai_000390.png,1,ai,jpeg_q90,0.951892,1,1
data\val\ai\ai_000391.png,1,ai,jpeg_q90,0.940786,1,1
data\val\ai\ai_000392.png,1,ai,jpeg_q90,0.511929,1,1
data\val\ai\ai_000393.png,1,ai,jpeg_q90,0.700833,1,1
data\val\ai\ai_000394.png,1,ai,jpeg_q90,0.993473,1,1
data\val\ai\ai_000395.png,1,ai,jpeg_q90,0.763214,1,1
data\val\ai\ai_000396.png,1,ai,jpeg_q90,0.986283,1,1
data\val\ai\ai_000397.png,1,ai,jpeg_q90,0.915496,1,1
data\val\ai\ai_000398.png,1,ai,jpeg_q90,0.780350,1,1
data\val\ai\ai_000399.png,1,ai,jpeg_q90,0.878385,1,1
data\val\ai\ai_000400.png,1,ai,jpeg_q90,0.869967,1,1
data\val\ai\ai_000401.png,1,ai,jpeg_q90,0.981817,1,1
data\val\ai\ai_000402.png,1,ai,jpeg_q90,0.975804,1,1
data\val\ai\ai_000403.png,1,ai,jpeg_q90,0.997033,1,1
data\val\ai\ai_000404.png,1,ai,jpeg_q90,0.962352,1,1
data\val\ai\ai_000405.png,1,ai,jpeg_q90,0.847551,1,1
data\val\ai\ai_000406.png,1,ai,jpeg_q90,0.991318,1,1
data\val\ai\ai_000407.png,1,ai,jpeg_q90,0.047861,0,0
data\val\ai\ai_000408.png,1,ai,jpeg_q90,0.572171,1,1
data\val\ai\ai_000409.png,1,ai,jpeg_q90,0.870263,1,1
data\val\ai\ai_000410.png,1,ai,jpeg_q90,0.589383,1,1
data\val\ai\ai_000411.png,1,ai,jpeg_q90,0.963976,1,1
data\val\ai\ai_000412.png,1,ai,jpeg_q90,0.965972,1,1
data\val\ai\ai_000413.png,1,ai,jpeg_q90,0.995061,1,1
data\val\ai\ai_000414.png,1,ai,jpeg_q90,0.999510,1,1
data\val\ai\ai_000415.png,1,ai,jpeg_q90,0.673430,1,1
data\val\ai\ai_000416.png,1,ai,jpeg_q90,0.972639,1,1
data\val\ai\ai_000417.png,1,ai,jpeg_q90,0.835842,1,1
data\val\ai\ai_000418.png,1,ai,jpeg_q90,0.606401,1,1
data\val\ai\ai_000419.png,1,ai,jpeg_q90,0.906904,1,1
data\val\ai\ai_000420.png,1,ai,jpeg_q90,0.877358,1,1
data\val\ai\ai_000421.png,1,ai,jpeg_q90,0.988301,1,1
data\val\ai\ai_000422.png,1,ai,jpeg_q90,0.063569,0,0
data\val\ai\ai_000423.png,1,ai,jpeg_q90,0.799600,1,1
data\val\ai\ai_000424.png,1,ai,jpeg_q90,0.994879,1,1
data\val\ai\ai_000425.png,1,ai,jpeg_q90,0.695842,1,1
data\val\ai\ai_000426.png,1,ai,jpeg_q90,0.644346,1,1
data\val\ai\ai_000427.png,1,ai,jpeg_q90,0.840441,1,1
data\val\ai\ai_000428.png,1,ai,jpeg_q90,0.813885,1,1
data\val\ai\ai_000429.png,1,ai,jpeg_q90,0.973318,1,1
data\val\ai\ai_000430.png,1,ai,jpeg_q90,0.447838,0,0
data\val\ai\ai_000431.png,1,ai,jpeg_q90,0.981080,1,1
data\val\ai\ai_000432.png,1,ai,jpeg_q90,0.978393,1,1
data\val\ai\ai_000433.png,1,ai,jpeg_q90,0.971295,1,1
data\val\ai\ai_000434.png,1,ai,jpeg_q90,0.938472,1,1
data\val\ai\ai_000435.png,1,ai,jpeg_q90,0.859708,1,1
data\val\ai\ai_000436.png,1,ai,jpeg_q90,0.717430,1,1
data\val\ai\ai_000437.png,1,ai,jpeg_q90,0.020128,0,0
data\val\ai\ai_000438.png,1,ai,jpeg_q90,0.524046,1,1
data\val\ai\ai_000439.png,1,ai,jpeg_q90,0.950010,1,1
data\val\ai\ai_000440.png,1,ai,jpeg_q90,0.991231,1,1
data\val\ai\ai_000441.png,1,ai,jpeg_q90,0.952345,1,1
data\val\ai\ai_000442.png,1,ai,jpeg_q90,0.757935,1,1
data\val\ai\ai_000443.png,1,ai,jpeg_q90,0.996022,1,1
data\val\ai\ai_000444.png,1,ai,jpeg_q90,0.982607,1,1
data\val\ai\ai_000445.png,1,ai,jpeg_q90,0.596864,1,1
data\val\ai\ai_000446.png,1,ai,jpeg_q90,0.975517,1,1
data\val\ai\ai_000447.png,1,ai,jpeg_q90,0.950368,1,1
data\val\ai\ai_000448.png,1,ai,jpeg_q90,0.741248,1,1
data\val\ai\ai_000449.png,1,ai,jpeg_q90,0.997554,1,1
data\val\ai\ai_000450.png,1,ai,jpeg_q90,0.937019,1,1
data\val\ai\ai_000451.png,1,ai,jpeg_q90,0.980084,1,1
data\val\ai\ai_000452.png,1,ai,jpeg_q90,0.574599,1,1
data\val\ai\ai_000453.png,1,ai,jpeg_q90,0.998357,1,1
data\val\ai\ai_000454.png,1,ai,jpeg_q90,0.757967,1,1
data\val\ai\ai_000455.png,1,ai,jpeg_q90,0.976089,1,1
data\val\ai\ai_000456.png,1,ai,jpeg_q90,0.974624,1,1
data\val\ai\ai_000457.png,1,ai,jpeg_q90,0.068312,0,0
data\val\ai\ai_000458.png,1,ai,jpeg_q90,0.920149,1,1
data\val\ai\ai_000459.png,1,ai,jpeg_q90,0.377870,0,0
data\val\ai\ai_000460.png,1,ai,jpeg_q90,0.969275,1,1
data\val\ai\ai_000461.png,1,ai,jpeg_q90,0.907938,1,1
data\val\ai\ai_000462.png,1,ai,jpeg_q90,0.920758,1,1
data\val\ai\ai_000463.png,1,ai,jpeg_q90,0.645974,1,1
data\val\ai\ai_000464.png,1,ai,jpeg_q90,0.987510,1,1
data\val\ai\ai_000465.png,1,ai,jpeg_q90,0.994428,1,1
data\val\ai\ai_000466.png,1,ai,jpeg_q90,0.495583,0,0
data\val\ai\ai_000467.png,1,ai,jpeg_q90,0.790215,1,1
data\val\ai\ai_000468.png,1,ai,jpeg_q90,0.483052,0,0
data\val\ai\ai_000469.png,1,ai,jpeg_q90,0.898170,1,1
data\val\ai\ai_000470.png,1,ai,jpeg_q90,0.831337,1,1
data\val\ai\ai_000471.png,1,ai,jpeg_q90,0.999198,1,1
data\val\ai\ai_000472.png,1,ai,jpeg_q90,0.653698,1,1
data\val\ai\ai_000473.png,1,ai,jpeg_q90,0.880408,1,1
data\val\ai\ai_000474.png,1,ai,jpeg_q90,0.954978,1,1
data\val\ai\ai_000475.png,1,ai,jpeg_q90,0.749782,1,1
data\val\ai\ai_000476.png,1,ai,jpeg_q90,0.943702,1,1
data\val\ai\ai_000477.png,1,ai,jpeg_q90,0.551927,1,1
data\val\ai\ai_000478.png,1,ai,jpeg_q90,0.843868,1,1
data\val\ai\ai_000479.png,1,ai,jpeg_q90,0.853174,1,1
data\val\ai\ai_000480.png,1,ai,jpeg_q90,0.861195,1,1
data\val\ai\ai_000481.png,1,ai,jpeg_q90,0.833628,1,1
data\val\ai\ai_000482.png,1,ai,jpeg_q90,0.381768,0,0
data\val\ai\ai_000483.png,1,ai,jpeg_q90,0.868883,1,1
data\val\ai\ai_000484.png,1,ai,jpeg_q90,0.979751,1,1
data\val\ai\ai_000485.png,1,ai,jpeg_q90,0.437313,0,0
data\val\ai\ai_000486.png,1,ai,jpeg_q90,0.992307,1,1
data\val\ai\ai_000487.png,1,ai,jpeg_q90,0.717358,1,1
data\val\ai\ai_000488.png,1,ai,jpeg_q90,0.477521,0,0
data\val\ai\ai_000489.png,1,ai,jpeg_q90,0.962571,1,1
data\val\ai\ai_000490.png,1,ai,jpeg_q90,0.959011,1,1
data\val\ai\ai_000491.png,1,ai,jpeg_q90,0.946828,1,1
data\val\ai\ai_000492.png,1,ai,jpeg_q90,0.985457,1,1
data\val\ai\ai_000493.png,1,ai,jpeg_q90,0.955574,1,1
data\val\ai\ai_000494.png,1,ai,jpeg_q90,0.924699,1,1
data\val\ai\ai_000495.png,1,ai,jpeg_q90,0.280625,0,0
data\val\ai\ai_000496.png,1,ai,jpeg_q90,0.609025,1,1
data\val\ai\ai_000497.png,1,ai,jpeg_q90,0.466496,0,0
data\val\ai\ai_000498.png,1,ai,jpeg_q90,0.227159,0,0
data\val\ai\ai_000499.png,1,ai,jpeg_q90,0.941943,1,1
data\val\ai\ai_000500.png,1,ai,jpeg_q90,0.941107,1,1
data\val\real\000000000139.jpg,0,real,jpeg_q70,0.221186,0,1
data\val\real\000000000285.jpg,0,real,jpeg_q70,0.035119,0,1
data\val\real\000000000632.jpg,0,real,jpeg_q70,0.021008,0,1
data\val\real\000000000724.jpg,0,real,jpeg_q70,0.064817,0,1
data\val\real\000000000776.jpg,0,real,jpeg_q70,0.021481,0,1
data\val\real\000000000785.jpg,0,real,jpeg_q70,0.062952,0,1
data\val\real\000000000802.jpg,0,real,jpeg_q70,0.003041,0,1
data\val\real\000000000872.jpg,0,real,jpeg_q70,0.002025,0,1
data\val\real\000000000885.jpg,0,real,jpeg_q70,0.083973,0,1
data\val\real\000000001000.jpg,0,real,jpeg_q70,0.018170,0,1
data\val\real\000000001268.jpg,0,real,jpeg_q70,0.011457,0,1
data\val\real\000000001296.jpg,0,real,jpeg_q70,0.014154,0,1
data\val\real\000000001353.jpg,0,real,jpeg_q70,0.000574,0,1
data\val\real\000000001425.jpg,0,real,jpeg_q70,0.368915,0,1
data\val\real\000000001490.jpg,0,real,jpeg_q70,0.042761,0,1
data\val\real\000000001503.jpg,0,real,jpeg_q70,0.027302,0,1
data\val\real\000000001532.jpg,0,real,jpeg_q70,0.051579,0,1
data\val\real\000000001584.jpg,0,real,jpeg_q70,0.403245,0,1
data\val\real\000000001675.jpg,0,real,jpeg_q70,0.003979,0,1
data\val\real\000000001761.jpg,0,real,jpeg_q70,0.007204,0,1
data\val\real\000000001818.jpg,0,real,jpeg_q70,0.076941,0,1
data\val\real\000000001993.jpg,0,real,jpeg_q70,0.007314,0,1
data\val\real\000000002006.jpg,0,real,jpeg_q70,0.179327,0,1
data\val\real\000000002149.jpg,0,real,jpeg_q70,0.201152,0,1
data\val\real\000000002153.jpg,0,real,jpeg_q70,0.001573,0,1
data\val\real\000000002157.jpg,0,real,jpeg_q70,0.045465,0,1
data\val\real\000000002261.jpg,0,real,jpeg_q70,0.004035,0,1
data\val\real\000000002299.jpg,0,real,jpeg_q70,0.182602,0,1
data\val\real\000000002431.jpg,0,real,jpeg_q70,0.023054,0,1
data\val\real\000000002473.jpg,0,real,jpeg_q70,0.019927,0,1
data\val\real\000000002532.jpg,0,real,jpeg_q70,0.015434,0,1
data\val\real\000000002587.jpg,0,real,jpeg_q70,0.001837,0,1
data\val\real\000000002592.jpg,0,real,jpeg_q70,0.003045,0,1
data\val\real\000000002685.jpg,0,real,jpeg_q70,0.000903,0,1
data\val\real\000000002923.jpg,0,real,jpeg_q70,0.009048,0,1
data\val\real\000000003156.jpg,0,real,jpeg_q70,0.151792,0,1
data\val\real\000000003255.jpg,0,real,jpeg_q70,0.696854,1,0
data\val\real\000000003501.jpg,0,real,jpeg_q70,0.088951,0,1
data\val\real\000000003553.jpg,0,real,jpeg_q70,0.010867,0,1
data\val\real\000000003661.jpg,0,real,jpeg_q70,0.000617,0,1
data\val\real\000000003845.jpg,0,real,jpeg_q70,0.058896,0,1
data\val\real\000000003934.jpg,0,real,jpeg_q70,0.000086,0,1
data\val\real\000000004134.jpg,0,real,jpeg_q70,0.002721,0,1
data\val\real\000000004395.jpg,0,real,jpeg_q70,0.012029,0,1
data\val\real\000000004495.jpg,0,real,jpeg_q70,0.000488,0,1
data\val\real\000000004765.jpg,0,real,jpeg_q70,0.062269,0,1
data\val\real\000000004795.jpg,0,real,jpeg_q70,0.000150,0,1
data\val\real\000000005001.jpg,0,real,jpeg_q70,0.018723,0,1
data\val\real\000000005037.jpg,0,real,jpeg_q70,0.202060,0,1
data\val\real\000000005060.jpg,0,real,jpeg_q70,0.006105,0,1
data\val\real\000000005193.jpg,0,real,jpeg_q70,0.000438,0,1
data\val\real\000000005477.jpg,0,real,jpeg_q70,0.756314,1,0
data\val\real\000000005503.jpg,0,real,jpeg_q70,0.002529,0,1
data\val\real\000000005529.jpg,0,real,jpeg_q70,0.003074,0,1
data\val\real\000000005586.jpg,0,real,jpeg_q70,0.006132,0,1
data\val\real\000000005600.jpg,0,real,jpeg_q70,0.004297,0,1
data\val\real\000000005992.jpg,0,real,jpeg_q70,0.010268,0,1
data\val\real\000000006012.jpg,0,real,jpeg_q70,0.108109,0,1
data\val\real\000000006040.jpg,0,real,jpeg_q70,0.167973,0,1
data\val\real\000000006213.jpg,0,real,jpeg_q70,0.005702,0,1
data\val\real\000000006460.jpg,0,real,jpeg_q70,0.014578,0,1
data\val\real\000000006471.jpg,0,real,jpeg_q70,0.004806,0,1
data\val\real\000000006614.jpg,0,real,jpeg_q70,0.062361,0,1
data\val\real\000000006723.jpg,0,real,jpeg_q70,0.008580,0,1
data\val\real\000000006763.jpg,0,real,jpeg_q70,0.000093,0,1
data\val\real\000000006771.jpg,0,real,jpeg_q70,0.032585,0,1
data\val\real\000000006818.jpg,0,real,jpeg_q70,0.002785,0,1
data\val\real\000000006894.jpg,0,real,jpeg_q70,0.019696,0,1
data\val\real\000000006954.jpg,0,real,jpeg_q70,0.047091,0,1
data\val\real\000000007088.jpg,0,real,jpeg_q70,0.001153,0,1
data\val\real\000000007108.jpg,0,real,jpeg_q70,0.088934,0,1
data\val\real\000000007278.jpg,0,real,jpeg_q70,0.013893,0,1
data\val\real\000000007281.jpg,0,real,jpeg_q70,0.005043,0,1
data\val\real\000000007386.jpg,0,real,jpeg_q70,0.003562,0,1
data\val\real\000000007511.jpg,0,real,jpeg_q70,0.004129,0,1
data\val\real\000000007574.jpg,0,real,jpeg_q70,0.001875,0,1
data\val\real\000000007784.jpg,0,real,jpeg_q70,0.581971,1,0
data\val\real\000000007795.jpg,0,real,jpeg_q70,0.145371,0,1
data\val\real\000000007816.jpg,0,real,jpeg_q70,0.001500,0,1
data\val\real\000000007818.jpg,0,real,jpeg_q70,0.207671,0,1
data\val\real\000000007888.jpg,0,real,jpeg_q70,0.819523,1,0
data\val\real\000000007977.jpg,0,real,jpeg_q70,0.068617,0,1
data\val\real\000000007991.jpg,0,real,jpeg_q70,0.014951,0,1
data\val\real\000000008021.jpg,0,real,jpeg_q70,0.014247,0,1
data\val\real\000000008211.jpg,0,real,jpeg_q70,0.052499,0,1
data\val\real\000000008277.jpg,0,real,jpeg_q70,0.006157,0,1
data\val\real\000000008532.jpg,0,real,jpeg_q70,0.019455,0,1
data\val\real\000000008629.jpg,0,real,jpeg_q70,0.041695,0,1
data\val\real\000000008690.jpg,0,real,jpeg_q70,0.000729,0,1
data\val\real\000000008762.jpg,0,real,jpeg_q70,0.374643,0,1
data\val\real\000000008844.jpg,0,real,jpeg_q70,0.041349,0,1
data\val\real\000000008899.jpg,0,real,jpeg_q70,0.062785,0,1
data\val\real\000000009378.jpg,0,real,jpeg_q70,0.012219,0,1
data\val\real\000000009400.jpg,0,real,jpeg_q70,0.000111,0,1
data\val\real\000000009448.jpg,0,real,jpeg_q70,0.000843,0,1
data\val\real\000000009483.jpg,0,real,jpeg_q70,0.003509,0,1
data\val\real\000000009590.jpg,0,real,jpeg_q70,0.028931,0,1
data\val\real\000000009769.jpg,0,real,jpeg_q70,0.006731,0,1
data\val\real\000000009772.jpg,0,real,jpeg_q70,0.002692,0,1
data\val\real\000000009891.jpg,0,real,jpeg_q70,0.000116,0,1
data\val\real\000000009914.jpg,0,real,jpeg_q70,0.026112,0,1
data\val\real\000000010092.jpg,0,real,jpeg_q70,0.004679,0,1
data\val\real\000000010363.jpg,0,real,jpeg_q70,0.000270,0,1
data\val\real\000000010583.jpg,0,real,jpeg_q70,0.009538,0,1
data\val\real\000000010707.jpg,0,real,jpeg_q70,0.000161,0,1
data\val\real\000000010764.jpg,0,real,jpeg_q70,0.036994,0,1
data\val\real\000000010977.jpg,0,real,jpeg_q70,0.001842,0,1
data\val\real\000000010995.jpg,0,real,jpeg_q70,0.004864,0,1
data\val\real\000000011051.jpg,0,real,jpeg_q70,0.003254,0,1
data\val\real\000000011122.jpg,0,real,jpeg_q70,0.000429,0,1
data\val\real\000000011149.jpg,0,real,jpeg_q70,0.000131,0,1
data\val\real\000000011197.jpg,0,real,jpeg_q70,0.005912,0,1
data\val\real\000000011511.jpg,0,real,jpeg_q70,0.005974,0,1
data\val\real\000000011615.jpg,0,real,jpeg_q70,0.147598,0,1
data\val\real\000000011699.jpg,0,real,jpeg_q70,0.008971,0,1
data\val\real\000000011760.jpg,0,real,jpeg_q70,0.093203,0,1
data\val\real\000000011813.jpg,0,real,jpeg_q70,0.007114,0,1
data\val\real\000000012062.jpg,0,real,jpeg_q70,0.020191,0,1
data\val\real\000000012120.jpg,0,real,jpeg_q70,0.004459,0,1
data\val\real\000000012280.jpg,0,real,jpeg_q70,0.134654,0,1
data\val\real\000000012576.jpg,0,real,jpeg_q70,0.011317,0,1
data\val\real\000000012639.jpg,0,real,jpeg_q70,0.003057,0,1
data\val\real\000000012667.jpg,0,real,jpeg_q70,0.023654,0,1
data\val\real\000000012670.jpg,0,real,jpeg_q70,0.011072,0,1
data\val\real\000000012748.jpg,0,real,jpeg_q70,0.045691,0,1
data\val\real\000000013004.jpg,0,real,jpeg_q70,0.138395,0,1
data\val\real\000000013177.jpg,0,real,jpeg_q70,0.001567,0,1
data\val\real\000000013201.jpg,0,real,jpeg_q70,0.016767,0,1
data\val\real\000000013291.jpg,0,real,jpeg_q70,0.064840,0,1
data\val\real\000000013348.jpg,0,real,jpeg_q70,0.054092,0,1
data\val\real\000000013546.jpg,0,real,jpeg_q70,0.001301,0,1
data\val\real\000000013597.jpg,0,real,jpeg_q70,0.645974,1,0
data\val\real\000000013659.jpg,0,real,jpeg_q70,0.000108,0,1
data\val\real\000000013729.jpg,0,real,jpeg_q70,0.000989,0,1
data\val\real\000000013774.jpg,0,real,jpeg_q70,0.662086,1,0
data\val\real\000000013923.jpg,0,real,jpeg_q70,0.004679,0,1
data\val\real\000000014007.jpg,0,real,jpeg_q70,0.057036,0,1
data\val\real\000000014038.jpg,0,real,jpeg_q70,0.617795,1,0
data\val\real\000000014226.jpg,0,real,jpeg_q70,0.002366,0,1
data\val\real\000000014380.jpg,0,real,jpeg_q70,0.126821,0,1
data\val\real\000000014439.jpg,0,real,jpeg_q70,0.006640,0,1
data\val\real\000000014473.jpg,0,real,jpeg_q70,0.086078,0,1
data\val\real\000000014831.jpg,0,real,jpeg_q70,0.006754,0,1
data\val\real\000000014888.jpg,0,real,jpeg_q70,0.003431,0,1
data\val\real\000000015079.jpg,0,real,jpeg_q70,0.011422,0,1
data\val\real\000000015254.jpg,0,real,jpeg_q70,0.003555,0,1
data\val\real\000000015272.jpg,0,real,jpeg_q70,0.058878,0,1
data\val\real\000000015278.jpg,0,real,jpeg_q70,0.028739,0,1
data\val\real\000000015335.jpg,0,real,jpeg_q70,0.000137,0,1
data\val\real\000000015338.jpg,0,real,jpeg_q70,0.052118,0,1
data\val\real\000000015440.jpg,0,real,jpeg_q70,0.675900,1,0
data\val\real\000000015497.jpg,0,real,jpeg_q70,0.001028,0,1
data\val\real\000000015517.jpg,0,real,jpeg_q70,0.004732,0,1
data\val\real\000000015597.jpg,0,real,jpeg_q70,0.001272,0,1
data\val\real\000000015660.jpg,0,real,jpeg_q70,0.022056,0,1
data\val\real\000000015746.jpg,0,real,jpeg_q70,0.030674,0,1
data\val\real\000000015751.jpg,0,real,jpeg_q70,0.006202,0,1
data\val\real\000000015956.jpg,0,real,jpeg_q70,0.000648,0,1
data\val\real\000000016010.jpg,0,real,jpeg_q70,0.003922,0,1
data\val\real\000000016228.jpg,0,real,jpeg_q70,0.091682,0,1
data\val\real\000000016249.jpg,0,real,jpeg_q70,0.005139,0,1
data\val\real\000000016439.jpg,0,real,jpeg_q70,0.015917,0,1
data\val\real\000000016451.jpg,0,real,jpeg_q70,0.007746,0,1
data\val\real\000000016502.jpg,0,real,jpeg_q70,0.056792,0,1
data\val\real\000000016598.jpg,0,real,jpeg_q70,0.000582,0,1
data\val\real\000000016958.jpg,0,real,jpeg_q70,0.008670,0,1
data\val\real\000000017029.jpg,0,real,jpeg_q70,0.005191,0,1
data\val\real\000000017031.jpg,0,real,jpeg_q70,0.159516,0,1
data\val\real\000000017115.jpg,0,real,jpeg_q70,0.076473,0,1
data\val\real\000000017178.jpg,0,real,jpeg_q70,0.129735,0,1
data\val\real\000000017182.jpg,0,real,jpeg_q70,0.031116,0,1
data\val\real\000000017207.jpg,0,real,jpeg_q70,0.002345,0,1
data\val\real\000000017379.jpg,0,real,jpeg_q70,0.058329,0,1
data\val\real\000000017436.jpg,0,real,jpeg_q70,0.003977,0,1
data\val\real\000000017627.jpg,0,real,jpeg_q70,0.001351,0,1
data\val\real\000000017714.jpg,0,real,jpeg_q70,0.013850,0,1
data\val\real\000000017899.jpg,0,real,jpeg_q70,0.000221,0,1
data\val\real\000000017905.jpg,0,real,jpeg_q70,0.000243,0,1
data\val\real\000000017959.jpg,0,real,jpeg_q70,0.146747,0,1
data\val\real\000000018150.jpg,0,real,jpeg_q70,0.001518,0,1
data\val\real\000000018193.jpg,0,real,jpeg_q70,0.000232,0,1
data\val\real\000000018380.jpg,0,real,jpeg_q70,0.109524,0,1
data\val\real\000000018491.jpg,0,real,jpeg_q70,0.002406,0,1
data\val\real\000000018519.jpg,0,real,jpeg_q70,0.022647,0,1
data\val\real\000000018575.jpg,0,real,jpeg_q70,0.002740,0,1
data\val\real\000000018737.jpg,0,real,jpeg_q70,0.003580,0,1
data\val\real\000000018770.jpg,0,real,jpeg_q70,0.059179,0,1
data\val\real\000000018833.jpg,0,real,jpeg_q70,0.039320,0,1
data\val\real\000000018837.jpg,0,real,jpeg_q70,0.016588,0,1
data\val\real\000000019042.jpg,0,real,jpeg_q70,0.003743,0,1
data\val\real\000000019109.jpg,0,real,jpeg_q70,0.030516,0,1
data\val\real\000000019221.jpg,0,real,jpeg_q70,0.001475,0,1
data\val\real\000000019402.jpg,0,real,jpeg_q70,0.000300,0,1
data\val\real\000000019432.jpg,0,real,jpeg_q70,0.001087,0,1
data\val\real\000000019742.jpg,0,real,jpeg_q70,0.239239,0,1
data\val\real\000000019786.jpg,0,real,jpeg_q70,0.001354,0,1
data\val\real\000000019924.jpg,0,real,jpeg_q70,0.742355,1,0
data\val\real\000000020059.jpg,0,real,jpeg_q70,0.006385,0,1
data\val\real\000000020107.jpg,0,real,jpeg_q70,0.007970,0,1
data\val\real\000000020247.jpg,0,real,jpeg_q70,0.110514,0,1
data\val\real\000000020333.jpg,0,real,jpeg_q70,0.011457,0,1
data\val\real\000000020553.jpg,0,real,jpeg_q70,0.011726,0,1
data\val\real\000000020571.jpg,0,real,jpeg_q70,0.057329,0,1
data\val\real\000000020992.jpg,0,real,jpeg_q70,0.003190,0,1
data\val\real\000000021167.jpg,0,real,jpeg_q70,0.000569,0,1
data\val\real\000000021465.jpg,0,real,jpeg_q70,0.002479,0,1
data\val\real\000000021503.jpg,0,real,jpeg_q70,0.000421,0,1
data\val\real\000000021604.jpg,0,real,jpeg_q70,0.917760,1,0
data\val\real\000000021839.jpg,0,real,jpeg_q70,0.000156,0,1
data\val\real\000000021879.jpg,0,real,jpeg_q70,0.003714,0,1
data\val\real\000000021903.jpg,0,real,jpeg_q70,0.032336,0,1
data\val\real\000000022192.jpg,0,real,jpeg_q70,0.001410,0,1
data\val\real\000000022371.jpg,0,real,jpeg_q70,0.985616,1,0
data\val\real\000000022396.jpg,0,real,jpeg_q70,0.011424,0,1
data\val\real\000000022479.jpg,0,real,jpeg_q70,0.004974,0,1
data\val\real\000000022589.jpg,0,real,jpeg_q70,0.004153,0,1
data\val\real\000000022623.jpg,0,real,jpeg_q70,0.110095,0,1
data\val\real\000000022705.jpg,0,real,jpeg_q70,0.000119,0,1
data\val\real\000000022755.jpg,0,real,jpeg_q70,0.120078,0,1
data\val\real\000000022892.jpg,0,real,jpeg_q70,0.018580,0,1
data\val\real\000000022935.jpg,0,real,jpeg_q70,0.071429,0,1
data\val\real\000000022969.jpg,0,real,jpeg_q70,0.022396,0,1
data\val\real\000000023023.jpg,0,real,jpeg_q70,0.006109,0,1
data\val\real\000000023034.jpg,0,real,jpeg_q70,0.000931,0,1
data\val\real\000000023126.jpg,0,real,jpeg_q70,0.153086,0,1
data\val\real\000000023230.jpg,0,real,jpeg_q70,0.001470,0,1
data\val\real\000000023272.jpg,0,real,jpeg_q70,0.002577,0,1
data\val\real\000000023359.jpg,0,real,jpeg_q70,0.024821,0,1
data\val\real\000000023666.jpg,0,real,jpeg_q70,0.018553,0,1
data\val\real\000000023751.jpg,0,real,jpeg_q70,0.000507,0,1
data\val\real\000000023781.jpg,0,real,jpeg_q70,0.051914,0,1
data\val\real\000000023899.jpg,0,real,jpeg_q70,0.010840,0,1
data\val\real\000000023937.jpg,0,real,jpeg_q70,0.021270,0,1
data\val\real\000000024021.jpg,0,real,jpeg_q70,0.142019,0,1
data\val\real\000000024027.jpg,0,real,jpeg_q70,0.009231,0,1
data\val\real\000000024144.jpg,0,real,jpeg_q70,0.106838,0,1
data\val\real\000000024243.jpg,0,real,jpeg_q70,0.121250,0,1
data\val\real\000000024567.jpg,0,real,jpeg_q70,0.004185,0,1
data\val\real\000000024610.jpg,0,real,jpeg_q70,0.002987,0,1
data\val\real\000000024919.jpg,0,real,jpeg_q70,0.159639,0,1
data\val\real\000000025057.jpg,0,real,jpeg_q70,0.005909,0,1
data\val\real\000000025096.jpg,0,real,jpeg_q70,0.000673,0,1
data\val\real\000000025139.jpg,0,real,jpeg_q70,0.007703,0,1
data\val\real\000000025181.jpg,0,real,jpeg_q70,0.473113,0,1
data\val\real\000000025228.jpg,0,real,jpeg_q70,0.002818,0,1
data\val\real\000000025386.jpg,0,real,jpeg_q70,0.000492,0,1
data\val\real\000000025393.jpg,0,real,jpeg_q70,0.000296,0,1
data\val\real\000000025394.jpg,0,real,jpeg_q70,0.000714,0,1
data\val\real\000000025424.jpg,0,real,jpeg_q70,0.021370,0,1
data\val\real\000000025560.jpg,0,real,jpeg_q70,0.000578,0,1
data\val\real\000000025593.jpg,0,real,jpeg_q70,0.060308,0,1
data\val\real\000000025603.jpg,0,real,jpeg_q70,0.000158,0,1
data\val\real\000000025986.jpg,0,real,jpeg_q70,0.001045,0,1
data\val\real\000000026204.jpg,0,real,jpeg_q70,0.002326,0,1
data\val\real\000000026465.jpg,0,real,jpeg_q70,0.000258,0,1
data\val\real\000000026564.jpg,0,real,jpeg_q70,0.005975,0,1
data\val\real\000000026690.jpg,0,real,jpeg_q70,0.006057,0,1
data\val\real\000000026926.jpg,0,real,jpeg_q70,0.433908,0,1
data\val\real\000000026941.jpg,0,real,jpeg_q70,0.262393,0,1
data\val\real\000000027186.jpg,0,real,jpeg_q70,0.007196,0,1
data\val\real\000000027620.jpg,0,real,jpeg_q70,0.001599,0,1
data\val\real\000000027696.jpg,0,real,jpeg_q70,0.001469,0,1
data\val\real\000000027768.jpg,0,real,jpeg_q70,0.019721,0,1
data\val\real\000000027932.jpg,0,real,jpeg_q70,0.115296,0,1
data\val\real\000000027972.jpg,0,real,jpeg_q70,0.051948,0,1
data\val\real\000000027982.jpg,0,real,jpeg_q70,0.032886,0,1
data\val\real\000000028285.jpg,0,real,jpeg_q70,0.013346,0,1
data\val\real\000000028449.jpg,0,real,jpeg_q70,0.103621,0,1
data\val\real\000000028452.jpg,0,real,jpeg_q70,0.037344,0,1
data\val\real\000000028809.jpg,0,real,jpeg_q70,0.019520,0,1
data\val\real\000000028993.jpg,0,real,jpeg_q70,0.174950,0,1
data\val\real\000000029187.jpg,0,real,jpeg_q70,0.000321,0,1
data\val\real\000000029393.jpg,0,real,jpeg_q70,0.001652,0,1
data\val\real\000000029397.jpg,0,real,jpeg_q70,0.000220,0,1
data\val\real\000000029596.jpg,0,real,jpeg_q70,0.295282,0,1
data\val\real\000000029640.jpg,0,real,jpeg_q70,0.055758,0,1
data\val\real\000000029675.jpg,0,real,jpeg_q70,0.040620,0,1
data\val\real\000000029984.jpg,0,real,jpeg_q70,0.002207,0,1
data\val\real\000000030213.jpg,0,real,jpeg_q70,0.035972,0,1
data\val\real\000000030494.jpg,0,real,jpeg_q70,0.000197,0,1
data\val\real\000000030504.jpg,0,real,jpeg_q70,0.010836,0,1
data\val\real\000000030675.jpg,0,real,jpeg_q70,0.360035,0,1
data\val\real\000000030785.jpg,0,real,jpeg_q70,0.026256,0,1
data\val\real\000000030828.jpg,0,real,jpeg_q70,0.037451,0,1
data\val\real\000000031050.jpg,0,real,jpeg_q70,0.005769,0,1
data\val\real\000000031093.jpg,0,real,jpeg_q70,0.008561,0,1
data\val\real\000000031118.jpg,0,real,jpeg_q70,0.237695,0,1
data\val\real\000000031217.jpg,0,real,jpeg_q70,0.024699,0,1
data\val\real\000000031248.jpg,0,real,jpeg_q70,0.041057,0,1
data\val\real\000000031269.jpg,0,real,jpeg_q70,0.020547,0,1
data\val\real\000000031296.jpg,0,real,jpeg_q70,0.000714,0,1
data\val\real\000000031322.jpg,0,real,jpeg_q70,0.110266,0,1
data\val\real\000000031620.jpg,0,real,jpeg_q70,0.000149,0,1
data\val\real\000000031735.jpg,0,real,jpeg_q70,0.000162,0,1
data\val\real\000000031749.jpg,0,real,jpeg_q70,0.101835,0,1
data\val\real\000000031817.jpg,0,real,jpeg_q70,0.000287,0,1
data\val\real\000000032038.jpg,0,real,jpeg_q70,0.007648,0,1
data\val\real\000000032081.jpg,0,real,jpeg_q70,0.056954,0,1
data\val\real\000000032285.jpg,0,real,jpeg_q70,0.013369,0,1
data\val\real\000000032334.jpg,0,real,jpeg_q70,0.000371,0,1
data\val\real\000000032570.jpg,0,real,jpeg_q70,0.387719,0,1
data\val\real\000000032610.jpg,0,real,jpeg_q70,0.000977,0,1
data\val\real\000000032735.jpg,0,real,jpeg_q70,0.034908,0,1
data\val\real\000000032811.jpg,0,real,jpeg_q70,0.005947,0,1
data\val\real\000000032817.jpg,0,real,jpeg_q70,0.002194,0,1
data\val\real\000000032861.jpg,0,real,jpeg_q70,0.535535,1,0
data\val\real\000000032887.jpg,0,real,jpeg_q70,0.000420,0,1
data\val\real\000000032901.jpg,0,real,jpeg_q70,0.000273,0,1
data\val\real\000000032941.jpg,0,real,jpeg_q70,0.008212,0,1
data\val\real\000000033005.jpg,0,real,jpeg_q70,0.019026,0,1
data\val\real\000000033104.jpg,0,real,jpeg_q70,0.001952,0,1
data\val\real\000000033109.jpg,0,real,jpeg_q70,0.045040,0,1
data\val\real\000000033114.jpg,0,real,jpeg_q70,0.087455,0,1
data\val\real\000000033221.jpg,0,real,jpeg_q70,0.000394,0,1
data\val\real\000000033368.jpg,0,real,jpeg_q70,0.119752,0,1
data\val\real\000000033638.jpg,0,real,jpeg_q70,0.001463,0,1
data\val\real\000000033707.jpg,0,real,jpeg_q70,0.020984,0,1
data\val\real\000000033759.jpg,0,real,jpeg_q70,0.018066,0,1
data\val\real\000000033854.jpg,0,real,jpeg_q70,0.012758,0,1
data\val\real\000000034071.jpg,0,real,jpeg_q70,0.859729,1,0
data\val\real\000000034139.jpg,0,real,jpeg_q70,0.001687,0,1
data\val\real\000000034205.jpg,0,real,jpeg_q70,0.065730,0,1
data\val\real\000000034257.jpg,0,real,jpeg_q70,0.182282,0,1
data\val\real\000000034417.jpg,0,real,jpeg_q70,0.052589,0,1
data\val\real\000000034452.jpg,0,real,jpeg_q70,0.000729,0,1
data\val\real\000000034760.jpg,0,real,jpeg_q70,0.001523,0,1
data\val\real\000000034873.jpg,0,real,jpeg_q70,0.002261,0,1
data\val\real\000000035062.jpg,0,real,jpeg_q70,0.014752,0,1
data\val\real\000000035197.jpg,0,real,jpeg_q70,0.041325,0,1
data\val\real\000000035279.jpg,0,real,jpeg_q70,0.006152,0,1
data\val\real\000000035326.jpg,0,real,jpeg_q70,0.001619,0,1
data\val\real\000000035682.jpg,0,real,jpeg_q70,0.001499,0,1
data\val\real\000000035770.jpg,0,real,jpeg_q70,0.002642,0,1
data\val\real\000000035963.jpg,0,real,jpeg_q70,0.000545,0,1
data\val\real\000000036494.jpg,0,real,jpeg_q70,0.076480,0,1
data\val\real\000000036539.jpg,0,real,jpeg_q70,0.000457,0,1
data\val\real\000000036660.jpg,0,real,jpeg_q70,0.064611,0,1
data\val\real\000000036678.jpg,0,real,jpeg_q70,0.082643,0,1
data\val\real\000000036844.jpg,0,real,jpeg_q70,0.000902,0,1
data\val\real\000000036861.jpg,0,real,jpeg_q70,0.003791,0,1
data\val\real\000000036936.jpg,0,real,jpeg_q70,0.000289,0,1
data\val\real\000000037670.jpg,0,real,jpeg_q70,0.039171,0,1
data\val\real\000000037689.jpg,0,real,jpeg_q70,0.036570,0,1
data\val\real\000000037740.jpg,0,real,jpeg_q70,0.031485,0,1
data\val\real\000000037751.jpg,0,real,jpeg_q70,0.017616,0,1
data\val\real\000000037777.jpg,0,real,jpeg_q70,0.019675,0,1
data\val\real\000000037988.jpg,0,real,jpeg_q70,0.010202,0,1
data\val\real\000000038048.jpg,0,real,jpeg_q70,0.001584,0,1
data\val\real\000000038070.jpg,0,real,jpeg_q70,0.094466,0,1
data\val\real\000000038118.jpg,0,real,jpeg_q70,0.068549,0,1
data\val\real\000000038210.jpg,0,real,jpeg_q70,0.055127,0,1
data\val\real\000000038576.jpg,0,real,jpeg_q70,0.160927,0,1
data\val\real\000000038678.jpg,0,real,jpeg_q70,0.000094,0,1
data\val\real\000000038825.jpg,0,real,jpeg_q70,0.039273,0,1
data\val\real\000000038829.jpg,0,real,jpeg_q70,0.001681,0,1
data\val\real\000000039405.jpg,0,real,jpeg_q70,0.003495,0,1
data\val\real\000000039477.jpg,0,real,jpeg_q70,0.053708,0,1
data\val\real\000000039480.jpg,0,real,jpeg_q70,0.032060,0,1
data\val\real\000000039484.jpg,0,real,jpeg_q70,0.086172,0,1
data\val\real\000000039551.jpg,0,real,jpeg_q70,0.160449,0,1
data\val\real\000000039670.jpg,0,real,jpeg_q70,0.064910,0,1
data\val\real\000000039769.jpg,0,real,jpeg_q70,0.000614,0,1
data\val\real\000000039785.jpg,0,real,jpeg_q70,0.012732,0,1
data\val\real\000000039914.jpg,0,real,jpeg_q70,0.000248,0,1
data\val\real\000000039951.jpg,0,real,jpeg_q70,0.002624,0,1
data\val\real\000000039956.jpg,0,real,jpeg_q70,0.342827,0,1
data\val\real\000000040036.jpg,0,real,jpeg_q70,0.039357,0,1
data\val\real\000000040083.jpg,0,real,jpeg_q70,0.004653,0,1
data\val\real\000000040471.jpg,0,real,jpeg_q70,0.001875,0,1
data\val\real\000000040757.jpg,0,real,jpeg_q70,0.014341,0,1
data\val\real\000000041488.jpg,0,real,jpeg_q70,0.313826,0,1
data\val\real\000000041633.jpg,0,real,jpeg_q70,0.483700,0,1
data\val\real\000000041635.jpg,0,real,jpeg_q70,0.033887,0,1
data\val\real\000000041872.jpg,0,real,jpeg_q70,0.051760,0,1
data\val\real\000000041888.jpg,0,real,jpeg_q70,0.021166,0,1
data\val\real\000000041990.jpg,0,real,jpeg_q70,0.002245,0,1
data\val\real\000000042070.jpg,0,real,jpeg_q70,0.259778,0,1
data\val\real\000000042102.jpg,0,real,jpeg_q70,0.005791,0,1
data\val\real\000000042178.jpg,0,real,jpeg_q70,0.367087,0,1
data\val\real\000000042276.jpg,0,real,jpeg_q70,0.004857,0,1
data\val\real\000000042296.jpg,0,real,jpeg_q70,0.021130,0,1
data\val\real\000000042528.jpg,0,real,jpeg_q70,0.000854,0,1
data\val\real\000000042563.jpg,0,real,jpeg_q70,0.020373,0,1
data\val\real\000000042628.jpg,0,real,jpeg_q70,0.004000,0,1
data\val\real\000000042888.jpg,0,real,jpeg_q70,0.004145,0,1
data\val\real\000000042889.jpg,0,real,jpeg_q70,0.001528,0,1
data\val\real\000000043314.jpg,0,real,jpeg_q70,0.013222,0,1
data\val\real\000000043435.jpg,0,real,jpeg_q70,0.115509,0,1
data\val\real\000000043581.jpg,0,real,jpeg_q70,0.005127,0,1
data\val\real\000000043737.jpg,0,real,jpeg_q70,0.036147,0,1
data\val\real\000000043816.jpg,0,real,jpeg_q70,0.042754,0,1
data\val\real\000000044068.jpg,0,real,jpeg_q70,0.002470,0,1
data\val\real\000000044195.jpg,0,real,jpeg_q70,0.031149,0,1
data\val\real\000000044260.jpg,0,real,jpeg_q70,0.728331,1,0
data\val\real\000000044279.jpg,0,real,jpeg_q70,0.003347,0,1
data\val\real\000000044590.jpg,0,real,jpeg_q70,0.007255,0,1
data\val\real\000000044652.jpg,0,real,jpeg_q70,0.011234,0,1
data\val\real\000000044699.jpg,0,real,jpeg_q70,0.598028,1,0
data\val\real\000000044877.jpg,0,real,jpeg_q70,0.044035,0,1
data\val\real\000000045070.jpg,0,real,jpeg_q70,0.008187,0,1
data\val\real\000000045090.jpg,0,real,jpeg_q70,0.044687,0,1
data\val\real\000000045229.jpg,0,real,jpeg_q70,0.267013,0,1
data\val\real\000000045472.jpg,0,real,jpeg_q70,0.013193,0,1
data\val\real\000000045550.jpg,0,real,jpeg_q70,0.000583,0,1
data\val\real\000000045596.jpg,0,real,jpeg_q70,0.002804,0,1
data\val\real\000000045728.jpg,0,real,jpeg_q70,0.002930,0,1
data\val\real\000000046031.jpg,0,real,jpeg_q70,0.001060,0,1
data\val\real\000000046048.jpg,0,real,jpeg_q70,0.001715,0,1
data\val\real\000000046252.jpg,0,real,jpeg_q70,0.135038,0,1
data\val\real\000000046378.jpg,0,real,jpeg_q70,0.007019,0,1
data\val\real\000000046463.jpg,0,real,jpeg_q70,0.002028,0,1
data\val\real\000000046497.jpg,0,real,jpeg_q70,0.001746,0,1
data\val\real\000000046804.jpg,0,real,jpeg_q70,0.008805,0,1
data\val\real\000000046872.jpg,0,real,jpeg_q70,0.086957,0,1
data\val\real\000000047010.jpg,0,real,jpeg_q70,0.042100,0,1
data\val\real\000000047112.jpg,0,real,jpeg_q70,0.011127,0,1
data\val\real\000000047121.jpg,0,real,jpeg_q70,0.002961,0,1
data\val\real\000000047571.jpg,0,real,jpeg_q70,0.009382,0,1
data\val\real\000000047585.jpg,0,real,jpeg_q70,0.000404,0,1
data\val\real\000000047740.jpg,0,real,jpeg_q70,0.000531,0,1
data\val\real\000000047769.jpg,0,real,jpeg_q70,0.001834,0,1
data\val\real\000000047801.jpg,0,real,jpeg_q70,0.004556,0,1
data\val\real\000000047819.jpg,0,real,jpeg_q70,0.006022,0,1
data\val\real\000000047828.jpg,0,real,jpeg_q70,0.544035,1,0
data\val\real\000000048153.jpg,0,real,jpeg_q70,0.005845,0,1
data\val\real\000000048396.jpg,0,real,jpeg_q70,0.000464,0,1
data\val\real\000000048504.jpg,0,real,jpeg_q70,0.056949,0,1
data\val\real\000000048555.jpg,0,real,jpeg_q70,0.202766,0,1
data\val\real\000000048564.jpg,0,real,jpeg_q70,0.001591,0,1
data\val\real\000000048924.jpg,0,real,jpeg_q70,0.769176,1,0
data\val\real\000000049060.jpg,0,real,jpeg_q70,0.001270,0,1
data\val\real\000000049091.jpg,0,real,jpeg_q70,0.084881,0,1
data\val\real\000000049259.jpg,0,real,jpeg_q70,0.000667,0,1
data\val\real\000000049269.jpg,0,real,jpeg_q70,0.317411,0,1
data\val\real\000000049759.jpg,0,real,jpeg_q70,0.121747,0,1
data\val\real\000000049761.jpg,0,real,jpeg_q70,0.005721,0,1
data\val\real\000000049810.jpg,0,real,jpeg_q70,0.096627,0,1
data\val\real\000000050006.jpg,0,real,jpeg_q70,0.048494,0,1
data\val\real\000000050145.jpg,0,real,jpeg_q70,0.002192,0,1
data\val\real\000000050149.jpg,0,real,jpeg_q70,0.057901,0,1
data\val\real\000000050165.jpg,0,real,jpeg_q70,0.106696,0,1
data\val\real\000000050326.jpg,0,real,jpeg_q70,0.001531,0,1
data\val\real\000000050331.jpg,0,real,jpeg_q70,0.007972,0,1
data\val\real\000000050380.jpg,0,real,jpeg_q70,0.030942,0,1
data\val\real\000000050638.jpg,0,real,jpeg_q70,0.218329,0,1
data\val\real\000000050679.jpg,0,real,jpeg_q70,0.147624,0,1
data\val\real\000000050811.jpg,0,real,jpeg_q70,0.008244,0,1
data\val\real\000000050828.jpg,0,real,jpeg_q70,0.012985,0,1
data\val\real\000000050844.jpg,0,real,jpeg_q70,0.068518,0,1
data\val\real\000000050896.jpg,0,real,jpeg_q70,0.170389,0,1
data\val\real\000000050943.jpg,0,real,jpeg_q70,0.015904,0,1
data\val\real\000000051008.jpg,0,real,jpeg_q70,0.001801,0,1
data\val\real\000000051309.jpg,0,real,jpeg_q70,0.023882,0,1
data\val\real\000000051314.jpg,0,real,jpeg_q70,0.035959,0,1
data\val\real\000000051326.jpg,0,real,jpeg_q70,0.005173,0,1
data\val\real\000000051598.jpg,0,real,jpeg_q70,0.000962,0,1
data\val\real\000000051610.jpg,0,real,jpeg_q70,0.137708,0,1
data\val\real\000000051712.jpg,0,real,jpeg_q70,0.195505,0,1
data\val\real\000000051738.jpg,0,real,jpeg_q70,0.016508,0,1
data\val\real\000000051938.jpg,0,real,jpeg_q70,0.019660,0,1
data\val\real\000000051961.jpg,0,real,jpeg_q70,0.005442,0,1
data\val\real\000000051976.jpg,0,real,jpeg_q70,0.039751,0,1
data\val\real\000000052007.jpg,0,real,jpeg_q70,0.051870,0,1
data\val\real\000000052017.jpg,0,real,jpeg_q70,0.400727,0,1
data\val\real\000000052412.jpg,0,real,jpeg_q70,0.371246,0,1
data\val\real\000000052413.jpg,0,real,jpeg_q70,0.002463,0,1
data\val\real\000000052462.jpg,0,real,jpeg_q70,0.075248,0,1
data\val\real\000000052507.jpg,0,real,jpeg_q70,0.018092,0,1
data\val\real\000000052565.jpg,0,real,jpeg_q70,0.059824,0,1
data\val\real\000000052591.jpg,0,real,jpeg_q70,0.285775,0,1
data\val\real\000000052891.jpg,0,real,jpeg_q70,0.024400,0,1
data\val\real\000000052996.jpg,0,real,jpeg_q70,0.000189,0,1
data\val\real\000000053505.jpg,0,real,jpeg_q70,0.007616,0,1
data\val\real\000000053529.jpg,0,real,jpeg_q70,0.088983,0,1
data\val\real\000000053624.jpg,0,real,jpeg_q70,0.004124,0,1
data\val\real\000000053626.jpg,0,real,jpeg_q70,0.001734,0,1
data\val\real\000000053909.jpg,0,real,jpeg_q70,0.002404,0,1
data\val\real\000000053994.jpg,0,real,jpeg_q70,0.025865,0,1
data\val\real\000000054123.jpg,0,real,jpeg_q70,0.186066,0,1
data\val\real\000000054164.jpg,0,real,jpeg_q70,0.081556,0,1
data\val\real\000000054592.jpg,0,real,jpeg_q70,0.211832,0,1
data\val\real\000000054593.jpg,0,real,jpeg_q70,0.006304,0,1
data\val\real\000000054605.jpg,0,real,jpeg_q70,0.028333,0,1
data\val\real\000000054628.jpg,0,real,jpeg_q70,0.026019,0,1
data\val\real\000000054654.jpg,0,real,jpeg_q70,0.000336,0,1
data\val\real\000000054931.jpg,0,real,jpeg_q70,0.024978,0,1
data\val\real\000000054967.jpg,0,real,jpeg_q70,0.070847,0,1
data\val\real\000000055002.jpg,0,real,jpeg_q70,0.009764,0,1
data\val\real\000000055022.jpg,0,real,jpeg_q70,0.009921,0,1
data\val\real\000000055072.jpg,0,real,jpeg_q70,0.191868,0,1
data\val\real\000000055150.jpg,0,real,jpeg_q70,0.006011,0,1
data\val\real\000000055167.jpg,0,real,jpeg_q70,0.001543,0,1
data\val\real\000000055299.jpg,0,real,jpeg_q70,0.236467,0,1
data\val\real\000000055528.jpg,0,real,jpeg_q70,0.000273,0,1
data\val\real\000000055950.jpg,0,real,jpeg_q70,0.026601,0,1
data\val\real\000000056127.jpg,0,real,jpeg_q70,0.004988,0,1
data\val\real\000000056288.jpg,0,real,jpeg_q70,0.010051,0,1
data\val\real\000000056344.jpg,0,real,jpeg_q70,0.025173,0,1
data\val\real\000000056350.jpg,0,real,jpeg_q70,0.027742,0,1
data\val\real\000000056545.jpg,0,real,jpeg_q70,0.001384,0,1
data\val\ai\ai_000001.png,1,ai,jpeg_q70,0.652611,1,1
data\val\ai\ai_000002.png,1,ai,jpeg_q70,0.692907,1,1
data\val\ai\ai_000003.png,1,ai,jpeg_q70,0.970003,1,1
data\val\ai\ai_000004.png,1,ai,jpeg_q70,0.620732,1,1
data\val\ai\ai_000005.png,1,ai,jpeg_q70,0.317798,0,0
data\val\ai\ai_000006.png,1,ai,jpeg_q70,0.828090,1,1
data\val\ai\ai_000007.png,1,ai,jpeg_q70,0.241919,0,0
data\val\ai\ai_000008.png,1,ai,jpeg_q70,0.962711,1,1
data\val\ai\ai_000009.png,1,ai,jpeg_q70,0.778160,1,1
data\val\ai\ai_000010.png,1,ai,jpeg_q70,0.963092,1,1
data\val\ai\ai_000011.png,1,ai,jpeg_q70,0.979339,1,1
data\val\ai\ai_000012.png,1,ai,jpeg_q70,0.473269,0,0
data\val\ai\ai_000013.png,1,ai,jpeg_q70,0.991496,1,1
data\val\ai\ai_000014.png,1,ai,jpeg_q70,0.997575,1,1
data\val\ai\ai_000015.png,1,ai,jpeg_q70,0.972844,1,1
data\val\ai\ai_000016.png,1,ai,jpeg_q70,0.756837,1,1
data\val\ai\ai_000017.png,1,ai,jpeg_q70,0.608600,1,1
data\val\ai\ai_000018.png,1,ai,jpeg_q70,0.760199,1,1
data\val\ai\ai_000019.png,1,ai,jpeg_q70,0.672980,1,1
data\val\ai\ai_000020.png,1,ai,jpeg_q70,0.337257,0,0
data\val\ai\ai_000021.png,1,ai,jpeg_q70,0.983239,1,1
data\val\ai\ai_000022.png,1,ai,jpeg_q70,0.089803,0,0
data\val\ai\ai_000023.png,1,ai,jpeg_q70,0.910114,1,1
data\val\ai\ai_000024.png,1,ai,jpeg_q70,0.932266,1,1
data\val\ai\ai_000025.png,1,ai,jpeg_q70,0.935405,1,1
data\val\ai\ai_000026.png,1,ai,jpeg_q70,0.739206,1,1
data\val\ai\ai_000027.png,1,ai,jpeg_q70,0.081836,0,0
data\val\ai\ai_000028.png,1,ai,jpeg_q70,0.934144,1,1
data\val\ai\ai_000029.png,1,ai,jpeg_q70,0.995186,1,1
data\val\ai\ai_000030.png,1,ai,jpeg_q70,0.676679,1,1
data\val\ai\ai_000031.png,1,ai,jpeg_q70,0.772983,1,1
data\val\ai\ai_000032.png,1,ai,jpeg_q70,0.825930,1,1
data\val\ai\ai_000033.png,1,ai,jpeg_q70,0.974774,1,1
data\val\ai\ai_000034.png,1,ai,jpeg_q70,0.994134,1,1
data\val\ai\ai_000035.png,1,ai,jpeg_q70,0.069163,0,0
data\val\ai\ai_000036.png,1,ai,jpeg_q70,0.847547,1,1
data\val\ai\ai_000037.png,1,ai,jpeg_q70,0.336638,0,0
data\val\ai\ai_000038.png,1,ai,jpeg_q70,0.611051,1,1
data\val\ai\ai_000039.png,1,ai,jpeg_q70,0.204346,0,0
data\val\ai\ai_000040.png,1,ai,jpeg_q70,0.073354,0,0
data\val\ai\ai_000041.png,1,ai,jpeg_q70,0.997995,1,1
data\val\ai\ai_000042.png,1,ai,jpeg_q70,0.998376,1,1
data\val\ai\ai_000043.png,1,ai,jpeg_q70,0.997227,1,1
data\val\ai\ai_000044.png,1,ai,jpeg_q70,0.797510,1,1
data\val\ai\ai_000045.png,1,ai,jpeg_q70,0.870974,1,1
data\val\ai\ai_000046.png,1,ai,jpeg_q70,0.712790,1,1
data\val\ai\ai_000047.png,1,ai,jpeg_q70,0.478907,0,0
data\val\ai\ai_000048.png,1,ai,jpeg_q70,0.472441,0,0
data\val\ai\ai_000049.png,1,ai,jpeg_q70,0.618407,1,1
data\val\ai\ai_000050.png,1,ai,jpeg_q70,0.805960,1,1
data\val\ai\ai_000051.png,1,ai,jpeg_q70,0.972147,1,1
data\val\ai\ai_000052.png,1,ai,jpeg_q70,0.986213,1,1
data\val\ai\ai_000053.png,1,ai,jpeg_q70,0.633825,1,1
data\val\ai\ai_000054.png,1,ai,jpeg_q70,0.490651,0,0
data\val\ai\ai_000055.png,1,ai,jpeg_q70,0.429767,0,0
data\val\ai\ai_000056.png,1,ai,jpeg_q70,0.938660,1,1
data\val\ai\ai_000057.png,1,ai,jpeg_q70,0.576205,1,1
data\val\ai\ai_000058.png,1,ai,jpeg_q70,0.477956,0,0
data\val\ai\ai_000059.png,1,ai,jpeg_q70,0.167767,0,0
data\val\ai\ai_000060.png,1,ai,jpeg_q70,0.963766,1,1
data\val\ai\ai_000061.png,1,ai,jpeg_q70,0.990938,1,1
data\val\ai\ai_000062.png,1,ai,jpeg_q70,0.702794,1,1
data\val\ai\ai_000063.png,1,ai,jpeg_q70,0.310043,0,0
data\val\ai\ai_000064.png,1,ai,jpeg_q70,0.059256,0,0
data\val\ai\ai_000065.png,1,ai,jpeg_q70,0.807327,1,1
data\val\ai\ai_000066.png,1,ai,jpeg_q70,0.866882,1,1
data\val\ai\ai_000067.png,1,ai,jpeg_q70,0.982401,1,1
data\val\ai\ai_000068.png,1,ai,jpeg_q70,0.063789,0,0
data\val\ai\ai_000069.png,1,ai,jpeg_q70,0.862659,1,1
data\val\ai\ai_000070.png,1,ai,jpeg_q70,0.562827,1,1
data\val\ai\ai_000071.png,1,ai,jpeg_q70,0.998119,1,1
data\val\ai\ai_000072.png,1,ai,jpeg_q70,0.279317,0,0
data\val\ai\ai_000073.png,1,ai,jpeg_q70,0.998131,1,1
data\val\ai\ai_000074.png,1,ai,jpeg_q70,0.989382,1,1
data\val\ai\ai_000075.png,1,ai,jpeg_q70,0.986417,1,1
data\val\ai\ai_000076.png,1,ai,jpeg_q70,0.883795,1,1
data\val\ai\ai_000077.png,1,ai,jpeg_q70,0.071126,0,0
data\val\ai\ai_000078.png,1,ai,jpeg_q70,0.150513,0,0
data\val\ai\ai_000079.png,1,ai,jpeg_q70,0.854186,1,1
data\val\ai\ai_000080.png,1,ai,jpeg_q70,0.388351,0,0
data\val\ai\ai_000081.png,1,ai,jpeg_q70,0.942359,1,1
data\val\ai\ai_000082.png,1,ai,jpeg_q70,0.986231,1,1
data\val\ai\ai_000083.png,1,ai,jpeg_q70,0.942973,1,1
data\val\ai\ai_000084.png,1,ai,jpeg_q70,0.966175,1,1
data\val\ai\ai_000085.png,1,ai,jpeg_q70,0.973650,1,1
data\val\ai\ai_000086.png,1,ai,jpeg_q70,0.586545,1,1
data\val\ai\ai_000087.png,1,ai,jpeg_q70,0.691682,1,1
data\val\ai\ai_000088.png,1,ai,jpeg_q70,0.269491,0,0
data\val\ai\ai_000089.png,1,ai,jpeg_q70,0.602375,1,1
data\val\ai\ai_000090.png,1,ai,jpeg_q70,0.768053,1,1
data\val\ai\ai_000091.png,1,ai,jpeg_q70,0.992175,1,1
data\val\ai\ai_000092.png,1,ai,jpeg_q70,0.938094,1,1
data\val\ai\ai_000093.png,1,ai,jpeg_q70,0.973710,1,1
data\val\ai\ai_000094.png,1,ai,jpeg_q70,0.935785,1,1
data\val\ai\ai_000095.png,1,ai,jpeg_q70,0.905276,1,1
data\val\ai\ai_000096.png,1,ai,jpeg_q70,0.963231,1,1
data\val\ai\ai_000097.png,1,ai,jpeg_q70,0.056447,0,0
data\val\ai\ai_000098.png,1,ai,jpeg_q70,0.984038,1,1
data\val\ai\ai_000099.png,1,ai,jpeg_q70,0.566502,1,1
data\val\ai\ai_000100.png,1,ai,jpeg_q70,0.992527,1,1
data\val\ai\ai_000101.png,1,ai,jpeg_q70,0.991263,1,1
data\val\ai\ai_000102.png,1,ai,jpeg_q70,0.048343,0,0
data\val\ai\ai_000103.png,1,ai,jpeg_q70,0.985184,1,1
data\val\ai\ai_000104.png,1,ai,jpeg_q70,0.984809,1,1
data\val\ai\ai_000105.png,1,ai,jpeg_q70,0.093817,0,0
data\val\ai\ai_000106.png,1,ai,jpeg_q70,0.072982,0,0
data\val\ai\ai_000107.png,1,ai,jpeg_q70,0.542896,1,1
data\val\ai\ai_000108.png,1,ai,jpeg_q70,0.817202,1,1
data\val\ai\ai_000109.png,1,ai,jpeg_q70,0.976305,1,1
data\val\ai\ai_000110.png,1,ai,jpeg_q70,0.848353,1,1
data\val\ai\ai_000111.png,1,ai,jpeg_q70,0.573535,1,1
data\val\ai\ai_000112.png,1,ai,jpeg_q70,0.075720,0,0
data\val\ai\ai_000113.png,1,ai,jpeg_q70,0.919730,1,1
data\val\ai\ai_000114.png,1,ai,jpeg_q70,0.840304,1,1
data\val\ai\ai_000115.png,1,ai,jpeg_q70,0.704949,1,1
data\val\ai\ai_000116.png,1,ai,jpeg_q70,0.894135,1,1
data\val\ai\ai_000117.png,1,ai,jpeg_q70,0.889074,1,1
data\val\ai\ai_000118.png,1,ai,jpeg_q70,0.889424,1,1
data\val\ai\ai_000119.png,1,ai,jpeg_q70,0.361490,0,0
data\val\ai\ai_000120.png,1,ai,jpeg_q70,0.834915,1,1
data\val\ai\ai_000121.png,1,ai,jpeg_q70,0.950117,1,1
data\val\ai\ai_000122.png,1,ai,jpeg_q70,0.138434,0,0
data\val\ai\ai_000123.png,1,ai,jpeg_q70,0.446692,0,0
data\val\ai\ai_000124.png,1,ai,jpeg_q70,0.393403,0,0
data\val\ai\ai_000125.png,1,ai,jpeg_q70,0.976360,1,1
data\val\ai\ai_000126.png,1,ai,jpeg_q70,0.916370,1,1
data\val\ai\ai_000127.png,1,ai,jpeg_q70,0.708252,1,1
data\val\ai\ai_000128.png,1,ai,jpeg_q70,0.441240,0,0
data\val\ai\ai_000129.png,1,ai,jpeg_q70,0.626256,1,1
data\val\ai\ai_000130.png,1,ai,jpeg_q70,0.124321,0,0
data\val\ai\ai_000131.png,1,ai,jpeg_q70,0.976710,1,1
data\val\ai\ai_000132.png,1,ai,jpeg_q70,0.829930,1,1
data\val\ai\ai_000133.png,1,ai,jpeg_q70,0.979779,1,1
data\val\ai\ai_000134.png,1,ai,jpeg_q70,0.960411,1,1
data\val\ai\ai_000135.png,1,ai,jpeg_q70,0.995637,1,1
data\val\ai\ai_000136.png,1,ai,jpeg_q70,0.536165,1,1
data\val\ai\ai_000137.png,1,ai,jpeg_q70,0.295129,0,0
data\val\ai\ai_000138.png,1,ai,jpeg_q70,0.378450,0,0
data\val\ai\ai_000139.png,1,ai,jpeg_q70,0.989679,1,1
data\val\ai\ai_000140.png,1,ai,jpeg_q70,0.767509,1,1
data\val\ai\ai_000141.png,1,ai,jpeg_q70,0.999540,1,1
data\val\ai\ai_000142.png,1,ai,jpeg_q70,0.654165,1,1
data\val\ai\ai_000143.png,1,ai,jpeg_q70,0.999337,1,1
data\val\ai\ai_000144.png,1,ai,jpeg_q70,0.889381,1,1
data\val\ai\ai_000145.png,1,ai,jpeg_q70,0.956329,1,1
data\val\ai\ai_000146.png,1,ai,jpeg_q70,0.770210,1,1
data\val\ai\ai_000147.png,1,ai,jpeg_q70,0.664929,1,1
data\val\ai\ai_000148.png,1,ai,jpeg_q70,0.115688,0,0
data\val\ai\ai_000149.png,1,ai,jpeg_q70,0.728181,1,1
data\val\ai\ai_000150.png,1,ai,jpeg_q70,0.727190,1,1
data\val\ai\ai_000151.png,1,ai,jpeg_q70,0.781368,1,1
data\val\ai\ai_000152.png,1,ai,jpeg_q70,0.531264,1,1
data\val\ai\ai_000153.png,1,ai,jpeg_q70,0.996318,1,1
data\val\ai\ai_000154.png,1,ai,jpeg_q70,0.893193,1,1
data\val\ai\ai_000155.png,1,ai,jpeg_q70,0.177577,0,0
data\val\ai\ai_000156.png,1,ai,jpeg_q70,0.701277,1,1
data\val\ai\ai_000157.png,1,ai,jpeg_q70,0.582258,1,1
data\val\ai\ai_000158.png,1,ai,jpeg_q70,0.725077,1,1
data\val\ai\ai_000159.png,1,ai,jpeg_q70,0.979048,1,1
data\val\ai\ai_000160.png,1,ai,jpeg_q70,0.033245,0,0
data\val\ai\ai_000161.png,1,ai,jpeg_q70,0.384605,0,0
data\val\ai\ai_000162.png,1,ai,jpeg_q70,0.377068,0,0
data\val\ai\ai_000163.png,1,ai,jpeg_q70,0.998219,1,1
data\val\ai\ai_000164.png,1,ai,jpeg_q70,0.992371,1,1
data\val\ai\ai_000165.png,1,ai,jpeg_q70,0.883271,1,1
data\val\ai\ai_000166.png,1,ai,jpeg_q70,0.926084,1,1
data\val\ai\ai_000167.png,1,ai,jpeg_q70,0.233405,0,0
data\val\ai\ai_000168.png,1,ai,jpeg_q70,0.023720,0,0
data\val\ai\ai_000169.png,1,ai,jpeg_q70,0.970149,1,1
data\val\ai\ai_000170.png,1,ai,jpeg_q70,0.939929,1,1
data\val\ai\ai_000171.png,1,ai,jpeg_q70,0.802906,1,1
data\val\ai\ai_000172.png,1,ai,jpeg_q70,0.987743,1,1
data\val\ai\ai_000173.png,1,ai,jpeg_q70,0.979245,1,1
data\val\ai\ai_000174.png,1,ai,jpeg_q70,0.992693,1,1
data\val\ai\ai_000175.png,1,ai,jpeg_q70,0.985293,1,1
data\val\ai\ai_000176.png,1,ai,jpeg_q70,0.994074,1,1
data\val\ai\ai_000177.png,1,ai,jpeg_q70,0.683145,1,1
data\val\ai\ai_000178.png,1,ai,jpeg_q70,0.928054,1,1
data\val\ai\ai_000179.png,1,ai,jpeg_q70,0.698347,1,1
data\val\ai\ai_000180.png,1,ai,jpeg_q70,0.720327,1,1
data\val\ai\ai_000181.png,1,ai,jpeg_q70,0.704622,1,1
data\val\ai\ai_000182.png,1,ai,jpeg_q70,0.078861,0,0
data\val\ai\ai_000183.png,1,ai,jpeg_q70,0.906339,1,1
data\val\ai\ai_000184.png,1,ai,jpeg_q70,0.972238,1,1
data\val\ai\ai_000185.png,1,ai,jpeg_q70,0.797936,1,1
data\val\ai\ai_000186.png,1,ai,jpeg_q70,0.787178,1,1
data\val\ai\ai_000187.png,1,ai,jpeg_q70,0.352933,0,0
data\val\ai\ai_000188.png,1,ai,jpeg_q70,0.715074,1,1
data\val\ai\ai_000189.png,1,ai,jpeg_q70,0.988081,1,1
data\val\ai\ai_000190.png,1,ai,jpeg_q70,0.898472,1,1
data\val\ai\ai_000191.png,1,ai,jpeg_q70,0.406510,0,0
data\val\ai\ai_000192.png,1,ai,jpeg_q70,0.831917,1,1
data\val\ai\ai_000193.png,1,ai,jpeg_q70,0.938094,1,1
data\val\ai\ai_000194.png,1,ai,jpeg_q70,0.684200,1,1
data\val\ai\ai_000195.png,1,ai,jpeg_q70,0.471035,0,0
data\val\ai\ai_000196.png,1,ai,jpeg_q70,0.821220,1,1
data\val\ai\ai_000197.png,1,ai,jpeg_q70,0.575141,1,1
data\val\ai\ai_000198.png,1,ai,jpeg_q70,0.436483,0,0
data\val\ai\ai_000199.png,1,ai,jpeg_q70,0.839440,1,1
data\val\ai\ai_000200.png,1,ai,jpeg_q70,0.965529,1,1
data\val\ai\ai_000201.png,1,ai,jpeg_q70,0.952526,1,1
data\val\ai\ai_000202.png,1,ai,jpeg_q70,0.626536,1,1
data\val\ai\ai_000203.png,1,ai,jpeg_q70,0.849844,1,1
data\val\ai\ai_000204.png,1,ai,jpeg_q70,0.991839,1,1
data\val\ai\ai_000205.png,1,ai,jpeg_q70,0.287060,0,0
data\val\ai\ai_000206.png,1,ai,jpeg_q70,0.983764,1,1
data\val\ai\ai_000207.png,1,ai,jpeg_q70,0.283792,0,0
data\val\ai\ai_000208.png,1,ai,jpeg_q70,0.493046,0,0
data\val\ai\ai_000209.png,1,ai,jpeg_q70,0.796014,1,1
data\val\ai\ai_000210.png,1,ai,jpeg_q70,0.612938,1,1
data\val\ai\ai_000211.png,1,ai,jpeg_q70,0.898540,1,1
data\val\ai\ai_000212.png,1,ai,jpeg_q70,0.993581,1,1
data\val\ai\ai_000213.png,1,ai,jpeg_q70,0.890285,1,1
data\val\ai\ai_000214.png,1,ai,jpeg_q70,0.998498,1,1
data\val\ai\ai_000215.png,1,ai,jpeg_q70,0.806647,1,1
data\val\ai\ai_000216.png,1,ai,jpeg_q70,0.874038,1,1
data\val\ai\ai_000217.png,1,ai,jpeg_q70,0.107930,0,0
data\val\ai\ai_000218.png,1,ai,jpeg_q70,0.833663,1,1
data\val\ai\ai_000219.png,1,ai,jpeg_q70,0.511685,1,1
data\val\ai\ai_000220.png,1,ai,jpeg_q70,0.072289,0,0
data\val\ai\ai_000221.png,1,ai,jpeg_q70,0.985732,1,1
data\val\ai\ai_000222.png,1,ai,jpeg_q70,0.470742,0,0
data\val\ai\ai_000223.png,1,ai,jpeg_q70,0.740609,1,1
data\val\ai\ai_000224.png,1,ai,jpeg_q70,0.964789,1,1
data\val\ai\ai_000225.png,1,ai,jpeg_q70,0.521362,1,1
data\val\ai\ai_000226.png,1,ai,jpeg_q70,0.972843,1,1
data\val\ai\ai_000227.png,1,ai,jpeg_q70,0.159221,0,0
data\val\ai\ai_000228.png,1,ai,jpeg_q70,0.041491,0,0
data\val\ai\ai_000229.png,1,ai,jpeg_q70,0.986748,1,1
data\val\ai\ai_000230.png,1,ai,jpeg_q70,0.936552,1,1
data\val\ai\ai_000231.png,1,ai,jpeg_q70,0.986448,1,1
data\val\ai\ai_000232.png,1,ai,jpeg_q70,0.657259,1,1
data\val\ai\ai_000233.png,1,ai,jpeg_q70,0.876335,1,1
data\val\ai\ai_000234.png,1,ai,jpeg_q70,0.998295,1,1
data\val\ai\ai_000235.png,1,ai,jpeg_q70,0.986149,1,1
data\val\ai\ai_000236.png,1,ai,jpeg_q70,0.874726,1,1
data\val\ai\ai_000237.png,1,ai,jpeg_q70,0.272936,0,0
data\val\ai\ai_000238.png,1,ai,jpeg_q70,0.028475,0,0
data\val\ai\ai_000239.png,1,ai,jpeg_q70,0.947848,1,1
data\val\ai\ai_000240.png,1,ai,jpeg_q70,0.484700,0,0
data\val\ai\ai_000241.png,1,ai,jpeg_q70,0.983246,1,1
data\val\ai\ai_000242.png,1,ai,jpeg_q70,0.516218,1,1
data\val\ai\ai_000243.png,1,ai,jpeg_q70,0.456108,0,0
data\val\ai\ai_000244.png,1,ai,jpeg_q70,0.990025,1,1
data\val\ai\ai_000245.png,1,ai,jpeg_q70,0.156203,0,0
data\val\ai\ai_000246.png,1,ai,jpeg_q70,0.944210,1,1
data\val\ai\ai_000247.png,1,ai,jpeg_q70,0.785702,1,1
data\val\ai\ai_000248.png,1,ai,jpeg_q70,0.616879,1,1
data\val\ai\ai_000249.png,1,ai,jpeg_q70,0.801735,1,1
data\val\ai\ai_000250.png,1,ai,jpeg_q70,0.160005,0,0
data\val\ai\ai_000251.png,1,ai,jpeg_q70,0.951394,1,1
data\val\ai\ai_000252.png,1,ai,jpeg_q70,0.973088,1,1
data\val\ai\ai_000253.png,1,ai,jpeg_q70,0.553560,1,1
data\val\ai\ai_000254.png,1,ai,jpeg_q70,0.945506,1,1
data\val\ai\ai_000255.png,1,ai,jpeg_q70,0.476750,0,0
data\val\ai\ai_000256.png,1,ai,jpeg_q70,0.589161,1,1
data\val\ai\ai_000257.png,1,ai,jpeg_q70,0.919100,1,1
data\val\ai\ai_000258.png,1,ai,jpeg_q70,0.371102,0,0
data\val\ai\ai_000259.png,1,ai,jpeg_q70,0.550108,1,1
data\val\ai\ai_000260.png,1,ai,jpeg_q70,0.323560,0,0
data\val\ai\ai_000261.png,1,ai,jpeg_q70,0.991276,1,1
data\val\ai\ai_000262.png,1,ai,jpeg_q70,0.491661,0,0
data\val\ai\ai_000263.png,1,ai,jpeg_q70,0.885905,1,1
data\val\ai\ai_000264.png,1,ai,jpeg_q70,0.995400,1,1
data\val\ai\ai_000265.png,1,ai,jpeg_q70,0.827132,1,1
data\val\ai\ai_000266.png,1,ai,jpeg_q70,0.970821,1,1
data\val\ai\ai_000267.png,1,ai,jpeg_q70,0.974804,1,1
data\val\ai\ai_000268.png,1,ai,jpeg_q70,0.370139,0,0
data\val\ai\ai_000269.png,1,ai,jpeg_q70,0.989604,1,1
data\val\ai\ai_000270.png,1,ai,jpeg_q70,0.775975,1,1
data\val\ai\ai_000271.png,1,ai,jpeg_q70,0.970969,1,1
data\val\ai\ai_000272.png,1,ai,jpeg_q70,0.972653,1,1
data\val\ai\ai_000273.png,1,ai,jpeg_q70,0.972803,1,1
data\val\ai\ai_000274.png,1,ai,jpeg_q70,0.881432,1,1
data\val\ai\ai_000275.png,1,ai,jpeg_q70,0.700223,1,1
data\val\ai\ai_000276.png,1,ai,jpeg_q70,0.974478,1,1
data\val\ai\ai_000277.png,1,ai,jpeg_q70,0.136459,0,0
data\val\ai\ai_000278.png,1,ai,jpeg_q70,0.853991,1,1
data\val\ai\ai_000279.png,1,ai,jpeg_q70,0.936585,1,1
data\val\ai\ai_000280.png,1,ai,jpeg_q70,0.880819,1,1
data\val\ai\ai_000281.png,1,ai,jpeg_q70,0.854728,1,1
data\val\ai\ai_000282.png,1,ai,jpeg_q70,0.333031,0,0
data\val\ai\ai_000283.png,1,ai,jpeg_q70,0.538076,1,1
data\val\ai\ai_000284.png,1,ai,jpeg_q70,0.972450,1,1
data\val\ai\ai_000285.png,1,ai,jpeg_q70,0.371834,0,0
data\val\ai\ai_000286.png,1,ai,jpeg_q70,0.985126,1,1
data\val\ai\ai_000287.png,1,ai,jpeg_q70,0.210666,0,0
data\val\ai\ai_000288.png,1,ai,jpeg_q70,0.309219,0,0
data\val\ai\ai_000289.png,1,ai,jpeg_q70,0.895062,1,1
data\val\ai\ai_000290.png,1,ai,jpeg_q70,0.707620,1,1
data\val\ai\ai_000291.png,1,ai,jpeg_q70,0.982717,1,1
data\val\ai\ai_000292.png,1,ai,jpeg_q70,0.806192,1,1
data\val\ai\ai_000293.png,1,ai,jpeg_q70,0.618730,1,1
data\val\ai\ai_000294.png,1,ai,jpeg_q70,0.949859,1,1
data\val\ai\ai_000295.png,1,ai,jpeg_q70,0.971142,1,1
data\val\ai\ai_000296.png,1,ai,jpeg_q70,0.872381,1,1
data\val\ai\ai_000297.png,1,ai,jpeg_q70,0.540156,1,1
data\val\ai\ai_000298.png,1,ai,jpeg_q70,0.671804,1,1
data\val\ai\ai_000299.png,1,ai,jpeg_q70,0.736247,1,1
data\val\ai\ai_000300.png,1,ai,jpeg_q70,0.810290,1,1
data\val\ai\ai_000301.png,1,ai,jpeg_q70,0.929582,1,1
data\val\ai\ai_000302.png,1,ai,jpeg_q70,0.026961,0,0
data\val\ai\ai_000303.png,1,ai,jpeg_q70,0.543981,1,1
data\val\ai\ai_000304.png,1,ai,jpeg_q70,0.514845,1,1
data\val\ai\ai_000305.png,1,ai,jpeg_q70,0.172948,0,0
data\val\ai\ai_000306.png,1,ai,jpeg_q70,0.968296,1,1
data\val\ai\ai_000307.png,1,ai,jpeg_q70,0.206719,0,0
data\val\ai\ai_000308.png,1,ai,jpeg_q70,0.363664,0,0
data\val\ai\ai_000309.png,1,ai,jpeg_q70,0.660992,1,1
data\val\ai\ai_000310.png,1,ai,jpeg_q70,0.910928,1,1
data\val\ai\ai_000311.png,1,ai,jpeg_q70,0.740956,1,1
data\val\ai\ai_000312.png,1,ai,jpeg_q70,0.982688,1,1
data\val\ai\ai_000313.png,1,ai,jpeg_q70,0.448394,0,0
data\val\ai\ai_000314.png,1,ai,jpeg_q70,0.942573,1,1
data\val\ai\ai_000315.png,1,ai,jpeg_q70,0.800420,1,1
data\val\ai\ai_000316.png,1,ai,jpeg_q70,0.753995,1,1
data\val\ai\ai_000317.png,1,ai,jpeg_q70,0.679902,1,1
data\val\ai\ai_000318.png,1,ai,jpeg_q70,0.558980,1,1
data\val\ai\ai_000319.png,1,ai,jpeg_q70,0.955817,1,1
data\val\ai\ai_000320.png,1,ai,jpeg_q70,0.720286,1,1
data\val\ai\ai_000321.png,1,ai,jpeg_q70,0.901751,1,1
data\val\ai\ai_000322.png,1,ai,jpeg_q70,0.871115,1,1
data\val\ai\ai_000323.png,1,ai,jpeg_q70,0.768703,1,1
data\val\ai\ai_000324.png,1,ai,jpeg_q70,0.997461,1,1
data\val\ai\ai_000325.png,1,ai,jpeg_q70,0.823671,1,1
data\val\ai\ai_000326.png,1,ai,jpeg_q70,0.991088,1,1
data\val\ai\ai_000327.png,1,ai,jpeg_q70,0.996760,1,1
data\val\ai\ai_000328.png,1,ai,jpeg_q70,0.754500,1,1
data\val\ai\ai_000329.png,1,ai,jpeg_q70,0.951275,1,1
data\val\ai\ai_000330.png,1,ai,jpeg_q70,0.789777,1,1
data\val\ai\ai_000331.png,1,ai,jpeg_q70,0.865788,1,1
data\val\ai\ai_000332.png,1,ai,jpeg_q70,0.014814,0,0
data\val\ai\ai_000333.png,1,ai,jpeg_q70,0.968365,1,1
data\val\ai\ai_000334.png,1,ai,jpeg_q70,0.739157,1,1
data\val\ai\ai_000335.png,1,ai,jpeg_q70,0.846126,1,1
data\val\ai\ai_000336.png,1,ai,jpeg_q70,0.829794,1,1
data\val\ai\ai_000337.png,1,ai,jpeg_q70,0.997172,1,1
data\val\ai\ai_000338.png,1,ai,jpeg_q70,0.966820,1,1
data\val\ai\ai_000339.png,1,ai,jpeg_q70,0.912193,1,1
data\val\ai\ai_000340.png,1,ai,jpeg_q70,0.933685,1,1
data\val\ai\ai_000341.png,1,ai,jpeg_q70,0.701471,1,1
data\val\ai\ai_000342.png,1,ai,jpeg_q70,0.050770,0,0
data\val\ai\ai_000343.png,1,ai,jpeg_q70,0.579930,1,1
data\val\ai\ai_000344.png,1,ai,jpeg_q70,0.905830,1,1
data\val\ai\ai_000345.png,1,ai,jpeg_q70,0.662389,1,1
data\val\ai\ai_000346.png,1,ai,jpeg_q70,0.746951,1,1
data\val\ai\ai_000347.png,1,ai,jpeg_q70,0.899743,1,1
data\val\ai\ai_000348.png,1,ai,jpeg_q70,0.594060,1,1
data\val\ai\ai_000349.png,1,ai,jpeg_q70,0.655357,1,1
data\val\ai\ai_000350.png,1,ai,jpeg_q70,0.746624,1,1
data\val\ai\ai_000351.png,1,ai,jpeg_q70,0.826188,1,1
data\val\ai\ai_000352.png,1,ai,jpeg_q70,0.092361,0,0
data\val\ai\ai_000353.png,1,ai,jpeg_q70,0.946977,1,1
data\val\ai\ai_000354.png,1,ai,jpeg_q70,0.983718,1,1
data\val\ai\ai_000355.png,1,ai,jpeg_q70,0.387809,0,0
data\val\ai\ai_000356.png,1,ai,jpeg_q70,0.561654,1,1
data\val\ai\ai_000357.png,1,ai,jpeg_q70,0.630850,1,1
data\val\ai\ai_000358.png,1,ai,jpeg_q70,0.115021,0,0
data\val\ai\ai_000359.png,1,ai,jpeg_q70,0.551436,1,1
data\val\ai\ai_000360.png,1,ai,jpeg_q70,0.815435,1,1
data\val\ai\ai_000361.png,1,ai,jpeg_q70,0.987868,1,1
data\val\ai\ai_000362.png,1,ai,jpeg_q70,0.036238,0,0
data\val\ai\ai_000363.png,1,ai,jpeg_q70,0.636861,1,1
data\val\ai\ai_000364.png,1,ai,jpeg_q70,0.986125,1,1
data\val\ai\ai_000365.png,1,ai,jpeg_q70,0.303451,0,0
data\val\ai\ai_000366.png,1,ai,jpeg_q70,0.996036,1,1
data\val\ai\ai_000367.png,1,ai,jpeg_q70,0.767391,1,1
data\val\ai\ai_000368.png,1,ai,jpeg_q70,0.025196,0,0
data\val\ai\ai_000369.png,1,ai,jpeg_q70,0.841122,1,1
data\val\ai\ai_000370.png,1,ai,jpeg_q70,0.129143,0,0
data\val\ai\ai_000371.png,1,ai,jpeg_q70,0.955519,1,1
data\val\ai\ai_000372.png,1,ai,jpeg_q70,0.333427,0,0
data\val\ai\ai_000373.png,1,ai,jpeg_q70,0.908919,1,1
data\val\ai\ai_000374.png,1,ai,jpeg_q70,0.986221,1,1
data\val\ai\ai_000375.png,1,ai,jpeg_q70,0.918930,1,1
data\val\ai\ai_000376.png,1,ai,jpeg_q70,0.459353,0,0
data\val\ai\ai_000377.png,1,ai,jpeg_q70,0.344458,0,0
data\val\ai\ai_000378.png,1,ai,jpeg_q70,0.985534,1,1
data\val\ai\ai_000379.png,1,ai,jpeg_q70,0.695196,1,1
data\val\ai\ai_000380.png,1,ai,jpeg_q70,0.173938,0,0
data\val\ai\ai_000381.png,1,ai,jpeg_q70,0.552963,1,1
data\val\ai\ai_000382.png,1,ai,jpeg_q70,0.065616,0,0
data\val\ai\ai_000383.png,1,ai,jpeg_q70,0.445871,0,0
data\val\ai\ai_000384.png,1,ai,jpeg_q70,0.756827,1,1
data\val\ai\ai_000385.png,1,ai,jpeg_q70,0.978231,1,1
data\val\ai\ai_000386.png,1,ai,jpeg_q70,0.879809,1,1
data\val\ai\ai_000387.png,1,ai,jpeg_q70,0.960764,1,1
data\val\ai\ai_000388.png,1,ai,jpeg_q70,0.903470,1,1
data\val\ai\ai_000389.png,1,ai,jpeg_q70,0.872754,1,1
data\val\ai\ai_000390.png,1,ai,jpeg_q70,0.835092,1,1
data\val\ai\ai_000391.png,1,ai,jpeg_q70,0.815413,1,1
data\val\ai\ai_000392.png,1,ai,jpeg_q70,0.447577,0,0
data\val\ai\ai_000393.png,1,ai,jpeg_q70,0.628648,1,1
data\val\ai\ai_000394.png,1,ai,jpeg_q70,0.982067,1,1
data\val\ai\ai_000395.png,1,ai,jpeg_q70,0.686449,1,1
data\val\ai\ai_000396.png,1,ai,jpeg_q70,0.945436,1,1
data\val\ai\ai_000397.png,1,ai,jpeg_q70,0.602729,1,1
data\val\ai\ai_000398.png,1,ai,jpeg_q70,0.373596,0,0
data\val\ai\ai_000399.png,1,ai,jpeg_q70,0.798490,1,1
data\val\ai\ai_000400.png,1,ai,jpeg_q70,0.310284,0,0
data\val\ai\ai_000401.png,1,ai,jpeg_q70,0.899175,1,1
data\val\ai\ai_000402.png,1,ai,jpeg_q70,0.988974,1,1
data\val\ai\ai_000403.png,1,ai,jpeg_q70,0.990899,1,1
data\val\ai\ai_000404.png,1,ai,jpeg_q70,0.961789,1,1
data\val\ai\ai_000405.png,1,ai,jpeg_q70,0.839381,1,1
data\val\ai\ai_000406.png,1,ai,jpeg_q70,0.976182,1,1
data\val\ai\ai_000407.png,1,ai,jpeg_q70,0.021762,0,0
data\val\ai\ai_000408.png,1,ai,jpeg_q70,0.131390,0,0
data\val\ai\ai_000409.png,1,ai,jpeg_q70,0.890127,1,1
data\val\ai\ai_000410.png,1,ai,jpeg_q70,0.257214,0,0
data\val\ai\ai_000411.png,1,ai,jpeg_q70,0.958783,1,1
data\val\ai\ai_000412.png,1,ai,jpeg_q70,0.703197,1,1
data\val\ai\ai_000413.png,1,ai,jpeg_q70,0.990825,1,1
data\val\ai\ai_000414.png,1,ai,jpeg_q70,0.999216,1,1
data\val\ai\ai_000415.png,1,ai,jpeg_q70,0.613340,1,1
data\val\ai\ai_000416.png,1,ai,jpeg_q70,0.918864,1,1
data\val\ai\ai_000417.png,1,ai,jpeg_q70,0.471827,0,0
data\val\ai\ai_000418.png,1,ai,jpeg_q70,0.413226,0,0
data\val\ai\ai_000419.png,1,ai,jpeg_q70,0.846981,1,1
data\val\ai\ai_000420.png,1,ai,jpeg_q70,0.840230,1,1
data\val\ai\ai_000421.png,1,ai,jpeg_q70,0.960965,1,1
data\val\ai\ai_000422.png,1,ai,jpeg_q70,0.039495,0,0
data\val\ai\ai_000423.png,1,ai,jpeg_q70,0.834764,1,1
data\val\ai\ai_000424.png,1,ai,jpeg_q70,0.981657,1,1
data\val\ai\ai_000425.png,1,ai,jpeg_q70,0.499937,0,0
data\val\ai\ai_000426.png,1,ai,jpeg_q70,0.419895,0,0
data\val\ai\ai_000427.png,1,ai,jpeg_q70,0.655312,1,1
data\val\ai\ai_000428.png,1,ai,jpeg_q70,0.547983,1,1
data\val\ai\ai_000429.png,1,ai,jpeg_q70,0.919312,1,1
data\val\ai\ai_000430.png,1,ai,jpeg_q70,0.339682,0,0
data\val\ai\ai_000431.png,1,ai,jpeg_q70,0.941073,1,1
data\val\ai\ai_000432.png,1,ai,jpeg_q70,0.884243,1,1
data\val\ai\ai_000433.png,1,ai,jpeg_q70,0.965992,1,1
data\val\ai\ai_000434.png,1,ai,jpeg_q70,0.927184,1,1
data\val\ai\ai_000435.png,1,ai,jpeg_q70,0.680985,1,1
data\val\ai\ai_000436.png,1,ai,jpeg_q70,0.648277,1,1
data\val\ai\ai_000437.png,1,ai,jpeg_q70,0.031027,0,0
data\val\ai\ai_000438.png,1,ai,jpeg_q70,0.382139,0,0
data\val\ai\ai_000439.png,1,ai,jpeg_q70,0.866041,1,1
data\val\ai\ai_000440.png,1,ai,jpeg_q70,0.951291,1,1
data\val\ai\ai_000441.png,1,ai,jpeg_q70,0.811863,1,1
data\val\ai\ai_000442.png,1,ai,jpeg_q70,0.528479,1,1
data\val\ai\ai_000443.png,1,ai,jpeg_q70,0.987543,1,1
data\val\ai\ai_000444.png,1,ai,jpeg_q70,0.997421,1,1
data\val\ai\ai_000445.png,1,ai,jpeg_q70,0.411241,0,0
data\val\ai\ai_000446.png,1,ai,jpeg_q70,0.919620,1,1
data\val\ai\ai_000447.png,1,ai,jpeg_q70,0.961613,1,1
data\val\ai\ai_000448.png,1,ai,jpeg_q70,0.582293,1,1
data\val\ai\ai_000449.png,1,ai,jpeg_q70,0.993962,1,1
data\val\ai\ai_000450.png,1,ai,jpeg_q70,0.886542,1,1
data\val\ai\ai_000451.png,1,ai,jpeg_q70,0.963998,1,1
data\val\ai\ai_000452.png,1,ai,jpeg_q70,0.309673,0,0
data\val\ai\ai_000453.png,1,ai,jpeg_q70,0.995131,1,1
data\val\ai\ai_000454.png,1,ai,jpeg_q70,0.611088,1,1
data\val\ai\ai_000455.png,1,ai,jpeg_q70,0.899898,1,1
data\val\ai\ai_000456.png,1,ai,jpeg_q70,0.971328,1,1
data\val\ai\ai_000457.png,1,ai,jpeg_q70,0.022093,0,0
data\val\ai\ai_000458.png,1,ai,jpeg_q70,0.957345,1,1
data\val\ai\ai_000459.png,1,ai,jpeg_q70,0.279125,0,0
data\val\ai\ai_000460.png,1,ai,jpeg_q70,0.889186,1,1
data\val\ai\ai_000461.png,1,ai,jpeg_q70,0.853656,1,1
data\val\ai\ai_000462.png,1,ai,jpeg_q70,0.814232,1,1
data\val\ai\ai_000463.png,1,ai,jpeg_q70,0.633042,1,1
data\val\ai\ai_000464.png,1,ai,jpeg_q70,0.985308,1,1
data\val\ai\ai_000465.png,1,ai,jpeg_q70,0.984216,1,1
data\val\ai\ai_000466.png,1,ai,jpeg_q70,0.214493,0,0
data\val\ai\ai_000467.png,1,ai,jpeg_q70,0.794566,1,1
data\val\ai\ai_000468.png,1,ai,jpeg_q70,0.485706,0,0
data\val\ai\ai_000469.png,1,ai,jpeg_q70,0.597616,1,1
data\val\ai\ai_000470.png,1,ai,jpeg_q70,0.546149,1,1
data\val\ai\ai_000471.png,1,ai,jpeg_q70,0.998645,1,1
data\val\ai\ai_000472.png,1,ai,jpeg_q70,0.314772,0,0
data\val\ai\ai_000473.png,1,ai,jpeg_q70,0.824186,1,1
data\val\ai\ai_000474.png,1,ai,jpeg_q70,0.844848,1,1
data\val\ai\ai_000475.png,1,ai,jpeg_q70,0.619731,1,1
data\val\ai\ai_000476.png,1,ai,jpeg_q70,0.943763,1,1
data\val\ai\ai_000477.png,1,ai,jpeg_q70,0.792605,1,1
data\val\ai\ai_000478.png,1,ai,jpeg_q70,0.670371,1,1
data\val\ai\ai_000479.png,1,ai,jpeg_q70,0.882364,1,1
data\val\ai\ai_000480.png,1,ai,jpeg_q70,0.842782,1,1
data\val\ai\ai_000481.png,1,ai,jpeg_q70,0.839991,1,1
data\val\ai\ai_000482.png,1,ai,jpeg_q70,0.195597,0,0
data\val\ai\ai_000483.png,1,ai,jpeg_q70,0.771227,1,1
data\val\ai\ai_000484.png,1,ai,jpeg_q70,0.970425,1,1
data\val\ai\ai_000485.png,1,ai,jpeg_q70,0.216434,0,0
data\val\ai\ai_000486.png,1,ai,jpeg_q70,0.974986,1,1
data\val\ai\ai_000487.png,1,ai,jpeg_q70,0.742641,1,1
data\val\ai\ai_000488.png,1,ai,jpeg_q70,0.422367,0,0
data\val\ai\ai_000489.png,1,ai,jpeg_q70,0.908609,1,1
data\val\ai\ai_000490.png,1,ai,jpeg_q70,0.897404,1,1
data\val\ai\ai_000491.png,1,ai,jpeg_q70,0.908676,1,1
data\val\ai\ai_000492.png,1,ai,jpeg_q70,0.904816,1,1
data\val\ai\ai_000493.png,1,ai,jpeg_q70,0.933710,1,1
data\val\ai\ai_000494.png,1,ai,jpeg_q70,0.905046,1,1
data\val\ai\ai_000495.png,1,ai,jpeg_q70,0.473948,0,0
data\val\ai\ai_000496.png,1,ai,jpeg_q70,0.520475,1,1
data\val\ai\ai_000497.png,1,ai,jpeg_q70,0.310494,0,0
data\val\ai\ai_000498.png,1,ai,jpeg_q70,0.168953,0,0
data\val\ai\ai_000499.png,1,ai,jpeg_q70,0.896776,1,1
data\val\ai\ai_000500.png,1,ai,jpeg_q70,0.894422,1,1
data\val\real\000000000139.jpg,0,real,jpeg_q50,0.260545,0,1
data\val\real\000000000285.jpg,0,real,jpeg_q50,0.023371,0,1
data\val\real\000000000632.jpg,0,real,jpeg_q50,0.168733,0,1
data\val\real\000000000724.jpg,0,real,jpeg_q50,0.041604,0,1
data\val\real\000000000776.jpg,0,real,jpeg_q50,0.058043,0,1
data\val\real\000000000785.jpg,0,real,jpeg_q50,0.021847,0,1
data\val\real\000000000802.jpg,0,real,jpeg_q50,0.002232,0,1
data\val\real\000000000872.jpg,0,real,jpeg_q50,0.001905,0,1
data\val\real\000000000885.jpg,0,real,jpeg_q50,0.065288,0,1
data\val\real\000000001000.jpg,0,real,jpeg_q50,0.006719,0,1
data\val\real\000000001268.jpg,0,real,jpeg_q50,0.011242,0,1
data\val\real\000000001296.jpg,0,real,jpeg_q50,0.032044,0,1
data\val\real\000000001353.jpg,0,real,jpeg_q50,0.001771,0,1
data\val\real\000000001425.jpg,0,real,jpeg_q50,0.336572,0,1
data\val\real\000000001490.jpg,0,real,jpeg_q50,0.077692,0,1
data\val\real\000000001503.jpg,0,real,jpeg_q50,0.031269,0,1
data\val\real\000000001532.jpg,0,real,jpeg_q50,0.061994,0,1
data\val\real\000000001584.jpg,0,real,jpeg_q50,0.511311,1,0
data\val\real\000000001675.jpg,0,real,jpeg_q50,0.005186,0,1
data\val\real\000000001761.jpg,0,real,jpeg_q50,0.004471,0,1
data\val\real\000000001818.jpg,0,real,jpeg_q50,0.082230,0,1
data\val\real\000000001993.jpg,0,real,jpeg_q50,0.004649,0,1
data\val\real\000000002006.jpg,0,real,jpeg_q50,0.105434,0,1
data\val\real\000000002149.jpg,0,real,jpeg_q50,0.116452,0,1
data\val\real\000000002153.jpg,0,real,jpeg_q50,0.001481,0,1
data\val\real\000000002157.jpg,0,real,jpeg_q50,0.049126,0,1
data\val\real\000000002261.jpg,0,real,jpeg_q50,0.004237,0,1
data\val\real\000000002299.jpg,0,real,jpeg_q50,0.188327,0,1
data\val\real\000000002431.jpg,0,real,jpeg_q50,0.020810,0,1
data\val\real\000000002473.jpg,0,real,jpeg_q50,0.026070,0,1
data\val\real\000000002532.jpg,0,real,jpeg_q50,0.021166,0,1
data\val\real\000000002587.jpg,0,real,jpeg_q50,0.001486,0,1
data\val\real\000000002592.jpg,0,real,jpeg_q50,0.014624,0,1
data\val\real\000000002685.jpg,0,real,jpeg_q50,0.001280,0,1
data\val\real\000000002923.jpg,0,real,jpeg_q50,0.001404,0,1
data\val\real\000000003156.jpg,0,real,jpeg_q50,0.104530,0,1
data\val\real\000000003255.jpg,0,real,jpeg_q50,0.443737,0,1
data\val\real\000000003501.jpg,0,real,jpeg_q50,0.087636,0,1
data\val\real\000000003553.jpg,0,real,jpeg_q50,0.016060,0,1
data\val\real\000000003661.jpg,0,real,jpeg_q50,0.001085,0,1
data\val\real\000000003845.jpg,0,real,jpeg_q50,0.023631,0,1
data\val\real\000000003934.jpg,0,real,jpeg_q50,0.000088,0,1
data\val\real\000000004134.jpg,0,real,jpeg_q50,0.002388,0,1
data\val\real\000000004395.jpg,0,real,jpeg_q50,0.011463,0,1
data\val\real\000000004495.jpg,0,real,jpeg_q50,0.000934,0,1
data\val\real\000000004765.jpg,0,real,jpeg_q50,0.090878,0,1
data\val\real\000000004795.jpg,0,real,jpeg_q50,0.000112,0,1
data\val\real\000000005001.jpg,0,real,jpeg_q50,0.015537,0,1
data\val\real\000000005037.jpg,0,real,jpeg_q50,0.098713,0,1
data\val\real\000000005060.jpg,0,real,jpeg_q50,0.002846,0,1
data\val\real\000000005193.jpg,0,real,jpeg_q50,0.000472,0,1
data\val\real\000000005477.jpg,0,real,jpeg_q50,0.574467,1,0
data\val\real\000000005503.jpg,0,real,jpeg_q50,0.001517,0,1
data\val\real\000000005529.jpg,0,real,jpeg_q50,0.009038,0,1
data\val\real\000000005586.jpg,0,real,jpeg_q50,0.012636,0,1
data\val\real\000000005600.jpg,0,real,jpeg_q50,0.006089,0,1
data\val\real\000000005992.jpg,0,real,jpeg_q50,0.010622,0,1
data\val\real\000000006012.jpg,0,real,jpeg_q50,0.085577,0,1
data\val\real\000000006040.jpg,0,real,jpeg_q50,0.155208,0,1
data\val\real\000000006213.jpg,0,real,jpeg_q50,0.004432,0,1
data\val\real\000000006460.jpg,0,real,jpeg_q50,0.010295,0,1
data\val\real\000000006471.jpg,0,real,jpeg_q50,0.007719,0,1
data\val\real\000000006614.jpg,0,real,jpeg_q50,0.053646,0,1
data\val\real\000000006723.jpg,0,real,jpeg_q50,0.004782,0,1
data\val\real\000000006763.jpg,0,real,jpeg_q50,0.000118,0,1
data\val\real\000000006771.jpg,0,real,jpeg_q50,0.020923,0,1
data\val\real\000000006818.jpg,0,real,jpeg_q50,0.002431,0,1
data\val\real\000000006894.jpg,0,real,jpeg_q50,0.006247,0,1
data\val\real\000000006954.jpg,0,real,jpeg_q50,0.048665,0,1
data\val\real\000000007088.jpg,0,real,jpeg_q50,0.001296,0,1
data\val\real\000000007108.jpg,0,real,jpeg_q50,0.033168,0,1
data\val\real\000000007278.jpg,0,real,jpeg_q50,0.026211,0,1
data\val\real\000000007281.jpg,0,real,jpeg_q50,0.002938,0,1
data\val\real\000000007386.jpg,0,real,jpeg_q50,0.001377,0,1
data\val\real\000000007511.jpg,0,real,jpeg_q50,0.002704,0,1
data\val\real\000000007574.jpg,0,real,jpeg_q50,0.001803,0,1
data\val\real\000000007784.jpg,0,real,jpeg_q50,0.537074,1,0
data\val\real\000000007795.jpg,0,real,jpeg_q50,0.092277,0,1
data\val\real\000000007816.jpg,0,real,jpeg_q50,0.000720,0,1
data\val\real\000000007818.jpg,0,real,jpeg_q50,0.226255,0,1
data\val\real\000000007888.jpg,0,real,jpeg_q50,0.830953,1,0
data\val\real\000000007977.jpg,0,real,jpeg_q50,0.046008,0,1
data\val\real\000000007991.jpg,0,real,jpeg_q50,0.016972,0,1
data\val\real\000000008021.jpg,0,real,jpeg_q50,0.005895,0,1
data\val\real\000000008211.jpg,0,real,jpeg_q50,0.056233,0,1
data\val\real\000000008277.jpg,0,real,jpeg_q50,0.027367,0,1
data\val\real\000000008532.jpg,0,real,jpeg_q50,0.019831,0,1
data\val\real\000000008629.jpg,0,real,jpeg_q50,0.028449,0,1
data\val\real\000000008690.jpg,0,real,jpeg_q50,0.000836,0,1
data\val\real\000000008762.jpg,0,real,jpeg_q50,0.154775,0,1
data\val\real\000000008844.jpg,0,real,jpeg_q50,0.110902,0,1
data\val\real\000000008899.jpg,0,real,jpeg_q50,0.039650,0,1
data\val\real\000000009378.jpg,0,real,jpeg_q50,0.014060,0,1
data\val\real\000000009400.jpg,0,real,jpeg_q50,0.000111,0,1
data\val\real\000000009448.jpg,0,real,jpeg_q50,0.001934,0,1
data\val\real\000000009483.jpg,0,real,jpeg_q50,0.013955,0,1
data\val\real\000000009590.jpg,0,real,jpeg_q50,0.042078,0,1
data\val\real\000000009769.jpg,0,real,jpeg_q50,0.003556,0,1
data\val\real\000000009772.jpg,0,real,jpeg_q50,0.008775,0,1
data\val\real\000000009891.jpg,0,real,jpeg_q50,0.000232,0,1
data\val\real\000000009914.jpg,0,real,jpeg_q50,0.008809,0,1
data\val\real\000000010092.jpg,0,real,jpeg_q50,0.003434,0,1
data\val\real\000000010363.jpg,0,real,jpeg_q50,0.000210,0,1
data\val\real\000000010583.jpg,0,real,jpeg_q50,0.052742,0,1
data\val\real\000000010707.jpg,0,real,jpeg_q50,0.000169,0,1
data\val\real\000000010764.jpg,0,real,jpeg_q50,0.008914,0,1
data\val\real\000000010977.jpg,0,real,jpeg_q50,0.000890,0,1
data\val\real\000000010995.jpg,0,real,jpeg_q50,0.005875,0,1
data\val\real\000000011051.jpg,0,real,jpeg_q50,0.003724,0,1
data\val\real\000000011122.jpg,0,real,jpeg_q50,0.000570,0,1
data\val\real\000000011149.jpg,0,real,jpeg_q50,0.000053,0,1
data\val\real\000000011197.jpg,0,real,jpeg_q50,0.003572,0,1
data\val\real\000000011511.jpg,0,real,jpeg_q50,0.006280,0,1
data\val\real\000000011615.jpg,0,real,jpeg_q50,0.192932,0,1
data\val\real\000000011699.jpg,0,real,jpeg_q50,0.008204,0,1
data\val\real\000000011760.jpg,0,real,jpeg_q50,0.097256,0,1
data\val\real\000000011813.jpg,0,real,jpeg_q50,0.008481,0,1
data\val\real\000000012062.jpg,0,real,jpeg_q50,0.010657,0,1
data\val\real\000000012120.jpg,0,real,jpeg_q50,0.009240,0,1
data\val\real\000000012280.jpg,0,real,jpeg_q50,0.063108,0,1
data\val\real\000000012576.jpg,0,real,jpeg_q50,0.020596,0,1
data\val\real\000000012639.jpg,0,real,jpeg_q50,0.007320,0,1
data\val\real\000000012667.jpg,0,real,jpeg_q50,0.038178,0,1
data\val\real\000000012670.jpg,0,real,jpeg_q50,0.003097,0,1
data\val\real\000000012748.jpg,0,real,jpeg_q50,0.038435,0,1
data\val\real\000000013004.jpg,0,real,jpeg_q50,0.179566,0,1
data\val\real\000000013177.jpg,0,real,jpeg_q50,0.001963,0,1
data\val\real\000000013201.jpg,0,real,jpeg_q50,0.009248,0,1
data\val\real\000000013291.jpg,0,real,jpeg_q50,0.024499,0,1
data\val\real\000000013348.jpg,0,real,jpeg_q50,0.038257,0,1
data\val\real\000000013546.jpg,0,real,jpeg_q50,0.000804,0,1
data\val\real\000000013597.jpg,0,real,jpeg_q50,0.510430,1,0
data\val\real\000000013659.jpg,0,real,jpeg_q50,0.000379,0,1
data\val\real\000000013729.jpg,0,real,jpeg_q50,0.000544,0,1
data\val\real\000000013774.jpg,0,real,jpeg_q50,0.680296,1,0
data\val\real\000000013923.jpg,0,real,jpeg_q50,0.003798,0,1
data\val\real\000000014007.jpg,0,real,jpeg_q50,0.020279,0,1
data\val\real\000000014038.jpg,0,real,jpeg_q50,0.473654,0,1
data\val\real\000000014226.jpg,0,real,jpeg_q50,0.004624,0,1
data\val\real\000000014380.jpg,0,real,jpeg_q50,0.054824,0,1
data\val\real\000000014439.jpg,0,real,jpeg_q50,0.011113,0,1
data\val\real\000000014473.jpg,0,real,jpeg_q50,0.047972,0,1
data\val\real\000000014831.jpg,0,real,jpeg_q50,0.002287,0,1
data\val\real\000000014888.jpg,0,real,jpeg_q50,0.002700,0,1
data\val\real\000000015079.jpg,0,real,jpeg_q50,0.018120,0,1
data\val\real\000000015254.jpg,0,real,jpeg_q50,0.003561,0,1
data\val\real\000000015272.jpg,0,real,jpeg_q50,0.096749,0,1
data\val\real\000000015278.jpg,0,real,jpeg_q50,0.029169,0,1
data\val\real\000000015335.jpg,0,real,jpeg_q50,0.000415,0,1
data\val\real\000000015338.jpg,0,real,jpeg_q50,0.040837,0,1
data\val\real\000000015440.jpg,0,real,jpeg_q50,0.517778,1,0
data\val\real\000000015497.jpg,0,real,jpeg_q50,0.000758,0,1
data\val\real\000000015517.jpg,0,real,jpeg_q50,0.006830,0,1
data\val\real\000000015597.jpg,0,real,jpeg_q50,0.000836,0,1
data\val\real\000000015660.jpg,0,real,jpeg_q50,0.027755,0,1
data\val\real\000000015746.jpg,0,real,jpeg_q50,0.032265,0,1
data\val\real\000000015751.jpg,0,real,jpeg_q50,0.010301,0,1
data\val\real\000000015956.jpg,0,real,jpeg_q50,0.001291,0,1
data\val\real\000000016010.jpg,0,real,jpeg_q50,0.002576,0,1
data\val\real\000000016228.jpg,0,real,jpeg_q50,0.088311,0,1
data\val\real\000000016249.jpg,0,real,jpeg_q50,0.002460,0,1
data\val\real\000000016439.jpg,0,real,jpeg_q50,0.015589,0,1
data\val\real\000000016451.jpg,0,real,jpeg_q50,0.010149,0,1
data\val\real\000000016502.jpg,0,real,jpeg_q50,0.067839,0,1
data\val\real\000000016598.jpg,0,real,jpeg_q50,0.000965,0,1
data\val\real\000000016958.jpg,0,real,jpeg_q50,0.003693,0,1
data\val\real\000000017029.jpg,0,real,jpeg_q50,0.008680,0,1
data\val\real\000000017031.jpg,0,real,jpeg_q50,0.312675,0,1
data\val\real\000000017115.jpg,0,real,jpeg_q50,0.161620,0,1
data\val\real\000000017178.jpg,0,real,jpeg_q50,0.120694,0,1
data\val\real\000000017182.jpg,0,real,jpeg_q50,0.154276,0,1
data\val\real\000000017207.jpg,0,real,jpeg_q50,0.003135,0,1
data\val\real\000000017379.jpg,0,real,jpeg_q50,0.018116,0,1
data\val\real\000000017436.jpg,0,real,jpeg_q50,0.005015,0,1
data\val\real\000000017627.jpg,0,real,jpeg_q50,0.000506,0,1
data\val\real\000000017714.jpg,0,real,jpeg_q50,0.015467,0,1
data\val\real\000000017899.jpg,0,real,jpeg_q50,0.000216,0,1
data\val\real\000000017905.jpg,0,real,jpeg_q50,0.000282,0,1
data\val\real\000000017959.jpg,0,real,jpeg_q50,0.078419,0,1
data\val\real\000000018150.jpg,0,real,jpeg_q50,0.002867,0,1
data\val\real\000000018193.jpg,0,real,jpeg_q50,0.000521,0,1
data\val\real\000000018380.jpg,0,real,jpeg_q50,0.038226,0,1
data\val\real\000000018491.jpg,0,real,jpeg_q50,0.001976,0,1
data\val\real\000000018519.jpg,0,real,jpeg_q50,0.075589,0,1
data\val\real\000000018575.jpg,0,real,jpeg_q50,0.001861,0,1
data\val\real\000000018737.jpg,0,real,jpeg_q50,0.002105,0,1
data\val\real\000000018770.jpg,0,real,jpeg_q50,0.061809,0,1
data\val\real\000000018833.jpg,0,real,jpeg_q50,0.090600,0,1
data\val\real\000000018837.jpg,0,real,jpeg_q50,0.019261,0,1
data\val\real\000000019042.jpg,0,real,jpeg_q50,0.002862,0,1
data\val\real\000000019109.jpg,0,real,jpeg_q50,0.016347,0,1
data\val\real\000000019221.jpg,0,real,jpeg_q50,0.002406,0,1
data\val\real\000000019402.jpg,0,real,jpeg_q50,0.000659,0,1
data\val\real\000000019432.jpg,0,real,jpeg_q50,0.003944,0,1
data\val\real\000000019742.jpg,0,real,jpeg_q50,0.104998,0,1
data\val\real\000000019786.jpg,0,real,jpeg_q50,0.000358,0,1
data\val\real\000000019924.jpg,0,real,jpeg_q50,0.737089,1,0
data\val\real\000000020059.jpg,0,real,jpeg_q50,0.005646,0,1
data\val\real\000000020107.jpg,0,real,jpeg_q50,0.007185,0,1
data\val\real\000000020247.jpg,0,real,jpeg_q50,0.070765,0,1
data\val\real\000000020333.jpg,0,real,jpeg_q50,0.015113,0,1
data\val\real\000000020553.jpg,0,real,jpeg_q50,0.001634,0,1
data\val\real\000000020571.jpg,0,real,jpeg_q50,0.036737,0,1
data\val\real\000000020992.jpg,0,real,jpeg_q50,0.005932,0,1
data\val\real\000000021167.jpg,0,real,jpeg_q50,0.001047,0,1
data\val\real\000000021465.jpg,0,real,jpeg_q50,0.000264,0,1
data\val\real\000000021503.jpg,0,real,jpeg_q50,0.001191,0,1
data\val\real\000000021604.jpg,0,real,jpeg_q50,0.892837,1,0
data\val\real\000000021839.jpg,0,real,jpeg_q50,0.000140,0,1
data\val\real\000000021879.jpg,0,real,jpeg_q50,0.002875,0,1
data\val\real\000000021903.jpg,0,real,jpeg_q50,0.033602,0,1
data\val\real\000000022192.jpg,0,real,jpeg_q50,0.001828,0,1
data\val\real\000000022371.jpg,0,real,jpeg_q50,0.919657,1,0
data\val\real\000000022396.jpg,0,real,jpeg_q50,0.036142,0,1
data\val\real\000000022479.jpg,0,real,jpeg_q50,0.007909,0,1
data\val\real\000000022589.jpg,0,real,jpeg_q50,0.003482,0,1
data\val\real\000000022623.jpg,0,real,jpeg_q50,0.195907,0,1
data\val\real\000000022705.jpg,0,real,jpeg_q50,0.000179,0,1
data\val\real\000000022755.jpg,0,real,jpeg_q50,0.092042,0,1
data\val\real\000000022892.jpg,0,real,jpeg_q50,0.010517,0,1
data\val\real\000000022935.jpg,0,real,jpeg_q50,0.048765,0,1
data\val\real\000000022969.jpg,0,real,jpeg_q50,0.003676,0,1
data\val\real\000000023023.jpg,0,real,jpeg_q50,0.016021,0,1
data\val\real\000000023034.jpg,0,real,jpeg_q50,0.001247,0,1
data\val\real\000000023126.jpg,0,real,jpeg_q50,0.236322,0,1
data\val\real\000000023230.jpg,0,real,jpeg_q50,0.000803,0,1
data\val\real\000000023272.jpg,0,real,jpeg_q50,0.003684,0,1
data\val\real\000000023359.jpg,0,real,jpeg_q50,0.027545,0,1
data\val\real\000000023666.jpg,0,real,jpeg_q50,0.018127,0,1
data\val\real\000000023751.jpg,0,real,jpeg_q50,0.000272,0,1
data\val\real\000000023781.jpg,0,real,jpeg_q50,0.058475,0,1
data\val\real\000000023899.jpg,0,real,jpeg_q50,0.003723,0,1
data\val\real\000000023937.jpg,0,real,jpeg_q50,0.013843,0,1
data\val\real\000000024021.jpg,0,real,jpeg_q50,0.077165,0,1
data\val\real\000000024027.jpg,0,real,jpeg_q50,0.008026,0,1
data\val\real\000000024144.jpg,0,real,jpeg_q50,0.071105,0,1
data\val\real\000000024243.jpg,0,real,jpeg_q50,0.169192,0,1
data\val\real\000000024567.jpg,0,real,jpeg_q50,0.003117,0,1
data\val\real\000000024610.jpg,0,real,jpeg_q50,0.000991,0,1
data\val\real\000000024919.jpg,0,real,jpeg_q50,0.148684,0,1
data\val\real\000000025057.jpg,0,real,jpeg_q50,0.008127,0,1
data\val\real\000000025096.jpg,0,real,jpeg_q50,0.001067,0,1
data\val\real\000000025139.jpg,0,real,jpeg_q50,0.007049,0,1
data\val\real\000000025181.jpg,0,real,jpeg_q50,0.501349,1,0
data\val\real\000000025228.jpg,0,real,jpeg_q50,0.006762,0,1
data\val\real\000000025386.jpg,0,real,jpeg_q50,0.000452,0,1
data\val\real\000000025393.jpg,0,real,jpeg_q50,0.000255,0,1
data\val\real\000000025394.jpg,0,real,jpeg_q50,0.001676,0,1
data\val\real\000000025424.jpg,0,real,jpeg_q50,0.030008,0,1
data\val\real\000000025560.jpg,0,real,jpeg_q50,0.002488,0,1
data\val\real\000000025593.jpg,0,real,jpeg_q50,0.027719,0,1
data\val\real\000000025603.jpg,0,real,jpeg_q50,0.000742,0,1
data\val\real\000000025986.jpg,0,real,jpeg_q50,0.002075,0,1
data\val\real\000000026204.jpg,0,real,jpeg_q50,0.001711,0,1
data\val\real\000000026465.jpg,0,real,jpeg_q50,0.000264,0,1
data\val\real\000000026564.jpg,0,real,jpeg_q50,0.005578,0,1
data\val\real\000000026690.jpg,0,real,jpeg_q50,0.008067,0,1
data\val\real\000000026926.jpg,0,real,jpeg_q50,0.293508,0,1
data\val\real\000000026941.jpg,0,real,jpeg_q50,0.310313,0,1
data\val\real\000000027186.jpg,0,real,jpeg_q50,0.001939,0,1
data\val\real\000000027620.jpg,0,real,jpeg_q50,0.004715,0,1
data\val\real\000000027696.jpg,0,real,jpeg_q50,0.004596,0,1
data\val\real\000000027768.jpg,0,real,jpeg_q50,0.022298,0,1
data\val\real\000000027932.jpg,0,real,jpeg_q50,0.203566,0,1
data\val\real\000000027972.jpg,0,real,jpeg_q50,0.050027,0,1
data\val\real\000000027982.jpg,0,real,jpeg_q50,0.151131,0,1
data\val\real\000000028285.jpg,0,real,jpeg_q50,0.037080,0,1
data\val\real\000000028449.jpg,0,real,jpeg_q50,0.178289,0,1
data\val\real\000000028452.jpg,0,real,jpeg_q50,0.056166,0,1
data\val\real\000000028809.jpg,0,real,jpeg_q50,0.048264,0,1
data\val\real\000000028993.jpg,0,real,jpeg_q50,0.225726,0,1
data\val\real\000000029187.jpg,0,real,jpeg_q50,0.000755,0,1
data\val\real\000000029393.jpg,0,real,jpeg_q50,0.001463,0,1
data\val\real\000000029397.jpg,0,real,jpeg_q50,0.000738,0,1
data\val\real\000000029596.jpg,0,real,jpeg_q50,0.137922,0,1
data\val\real\000000029640.jpg,0,real,jpeg_q50,0.106976,0,1
data\val\real\000000029675.jpg,0,real,jpeg_q50,0.039619,0,1
data\val\real\000000029984.jpg,0,real,jpeg_q50,0.001160,0,1
data\val\real\000000030213.jpg,0,real,jpeg_q50,0.085723,0,1
data\val\real\000000030494.jpg,0,real,jpeg_q50,0.000471,0,1
data\val\real\000000030504.jpg,0,real,jpeg_q50,0.024271,0,1
data\val\real\000000030675.jpg,0,real,jpeg_q50,0.221964,0,1
data\val\real\000000030785.jpg,0,real,jpeg_q50,0.075853,0,1
data\val\real\000000030828.jpg,0,real,jpeg_q50,0.066690,0,1
data\val\real\000000031050.jpg,0,real,jpeg_q50,0.012743,0,1
data\val\real\000000031093.jpg,0,real,jpeg_q50,0.020873,0,1
data\val\real\000000031118.jpg,0,real,jpeg_q50,0.084133,0,1
data\val\real\000000031217.jpg,0,real,jpeg_q50,0.008779,0,1
data\val\real\000000031248.jpg,0,real,jpeg_q50,0.040992,0,1
data\val\real\000000031269.jpg,0,real,jpeg_q50,0.008380,0,1
data\val\real\000000031296.jpg,0,real,jpeg_q50,0.000484,0,1
data\val\real\000000031322.jpg,0,real,jpeg_q50,0.202265,0,1
data\val\real\000000031620.jpg,0,real,jpeg_q50,0.000072,0,1
data\val\real\000000031735.jpg,0,real,jpeg_q50,0.000143,0,1
data\val\real\000000031749.jpg,0,real,jpeg_q50,0.171250,0,1
data\val\real\000000031817.jpg,0,real,jpeg_q50,0.000446,0,1
data\val\real\000000032038.jpg,0,real,jpeg_q50,0.006951,0,1
data\val\real\000000032081.jpg,0,real,jpeg_q50,0.023980,0,1
data\val\real\000000032285.jpg,0,real,jpeg_q50,0.015776,0,1
data\val\real\000000032334.jpg,0,real,jpeg_q50,0.000478,0,1
data\val\real\000000032570.jpg,0,real,jpeg_q50,0.361157,0,1
data\val\real\000000032610.jpg,0,real,jpeg_q50,0.002042,0,1
data\val\real\000000032735.jpg,0,real,jpeg_q50,0.034957,0,1
data\val\real\000000032811.jpg,0,real,jpeg_q50,0.010380,0,1
data\val\real\000000032817.jpg,0,real,jpeg_q50,0.000623,0,1
data\val\real\000000032861.jpg,0,real,jpeg_q50,0.427014,0,1
data\val\real\000000032887.jpg,0,real,jpeg_q50,0.000213,0,1
data\val\real\000000032901.jpg,0,real,jpeg_q50,0.000562,0,1
data\val\real\000000032941.jpg,0,real,jpeg_q50,0.005931,0,1
data\val\real\000000033005.jpg,0,real,jpeg_q50,0.018216,0,1
data\val\real\000000033104.jpg,0,real,jpeg_q50,0.001633,0,1
data\val\real\000000033109.jpg,0,real,jpeg_q50,0.011729,0,1
data\val\real\000000033114.jpg,0,real,jpeg_q50,0.125923,0,1
data\val\real\000000033221.jpg,0,real,jpeg_q50,0.000152,0,1
data\val\real\000000033368.jpg,0,real,jpeg_q50,0.276205,0,1
data\val\real\000000033638.jpg,0,real,jpeg_q50,0.000486,0,1
data\val\real\000000033707.jpg,0,real,jpeg_q50,0.033208,0,1
data\val\real\000000033759.jpg,0,real,jpeg_q50,0.016744,0,1
data\val\real\000000033854.jpg,0,real,jpeg_q50,0.013141,0,1
data\val\real\000000034071.jpg,0,real,jpeg_q50,0.820262,1,0
data\val\real\000000034139.jpg,0,real,jpeg_q50,0.011640,0,1
data\val\real\000000034205.jpg,0,real,jpeg_q50,0.132332,0,1
data\val\real\000000034257.jpg,0,real,jpeg_q50,0.225646,0,1
data\val\real\000000034417.jpg,0,real,jpeg_q50,0.003887,0,1
data\val\real\000000034452.jpg,0,real,jpeg_q50,0.000268,0,1
data\val\real\000000034760.jpg,0,real,jpeg_q50,0.000972,0,1
data\val\real\000000034873.jpg,0,real,jpeg_q50,0.001532,0,1
data\val\real\000000035062.jpg,0,real,jpeg_q50,0.032259,0,1
data\val\real\000000035197.jpg,0,real,jpeg_q50,0.057758,0,1
data\val\real\000000035279.jpg,0,real,jpeg_q50,0.004555,0,1
data\val\real\000000035326.jpg,0,real,jpeg_q50,0.001704,0,1
data\val\real\000000035682.jpg,0,real,jpeg_q50,0.003802,0,1
data\val\real\000000035770.jpg,0,real,jpeg_q50,0.002370,0,1
data\val\real\000000035963.jpg,0,real,jpeg_q50,0.000325,0,1
data\val\real\000000036494.jpg,0,real,jpeg_q50,0.093456,0,1
data\val\real\000000036539.jpg,0,real,jpeg_q50,0.000238,0,1
data\val\real\000000036660.jpg,0,real,jpeg_q50,0.114839,0,1
data\val\real\000000036678.jpg,0,real,jpeg_q50,0.052632,0,1
data\val\real\000000036844.jpg,0,real,jpeg_q50,0.001649,0,1
data\val\real\000000036861.jpg,0,real,jpeg_q50,0.005630,0,1
data\val\real\000000036936.jpg,0,real,jpeg_q50,0.000152,0,1
data\val\real\000000037670.jpg,0,real,jpeg_q50,0.051877,0,1
data\val\real\000000037689.jpg,0,real,jpeg_q50,0.021280,0,1
data\val\real\000000037740.jpg,0,real,jpeg_q50,0.013357,0,1
data\val\real\000000037751.jpg,0,real,jpeg_q50,0.010654,0,1
data\val\real\000000037777.jpg,0,real,jpeg_q50,0.048316,0,1
data\val\real\000000037988.jpg,0,real,jpeg_q50,0.033593,0,1
data\val\real\000000038048.jpg,0,real,jpeg_q50,0.006140,0,1
data\val\real\000000038070.jpg,0,real,jpeg_q50,0.090969,0,1
data\val\real\000000038118.jpg,0,real,jpeg_q50,0.100605,0,1
data\val\real\000000038210.jpg,0,real,jpeg_q50,0.041567,0,1
data\val\real\000000038576.jpg,0,real,jpeg_q50,0.135368,0,1
data\val\real\000000038678.jpg,0,real,jpeg_q50,0.000068,0,1
data\val\real\000000038825.jpg,0,real,jpeg_q50,0.061390,0,1
data\val\real\000000038829.jpg,0,real,jpeg_q50,0.002186,0,1
data\val\real\000000039405.jpg,0,real,jpeg_q50,0.002394,0,1
data\val\real\000000039477.jpg,0,real,jpeg_q50,0.024449,0,1
data\val\real\000000039480.jpg,0,real,jpeg_q50,0.127911,0,1
data\val\real\000000039484.jpg,0,real,jpeg_q50,0.115010,0,1
data\val\real\000000039551.jpg,0,real,jpeg_q50,0.724007,1,0
data\val\real\000000039670.jpg,0,real,jpeg_q50,0.078314,0,1
data\val\real\000000039769.jpg,0,real,jpeg_q50,0.001226,0,1
data\val\real\000000039785.jpg,0,real,jpeg_q50,0.007852,0,1
data\val\real\000000039914.jpg,0,real,jpeg_q50,0.000077,0,1
data\val\real\000000039951.jpg,0,real,jpeg_q50,0.006855,0,1
data\val\real\000000039956.jpg,0,real,jpeg_q50,0.475925,0,1
data\val\real\000000040036.jpg,0,real,jpeg_q50,0.025639,0,1
data\val\real\000000040083.jpg,0,real,jpeg_q50,0.002941,0,1
data\val\real\000000040471.jpg,0,real,jpeg_q50,0.001011,0,1
data\val\real\000000040757.jpg,0,real,jpeg_q50,0.006424,0,1
data\val\real\000000041488.jpg,0,real,jpeg_q50,0.236968,0,1
data\val\real\000000041633.jpg,0,real,jpeg_q50,0.557027,1,0
data\val\real\000000041635.jpg,0,real,jpeg_q50,0.019041,0,1
data\val\real\000000041872.jpg,0,real,jpeg_q50,0.033537,0,1
data\val\real\000000041888.jpg,0,real,jpeg_q50,0.010030,0,1
data\val\real\000000041990.jpg,0,real,jpeg_q50,0.002911,0,1
data\val\real\000000042070.jpg,0,real,jpeg_q50,0.520134,1,0
data\val\real\000000042102.jpg,0,real,jpeg_q50,0.015274,0,1
data\val\real\000000042178.jpg,0,real,jpeg_q50,0.426565,0,1
data\val\real\000000042276.jpg,0,real,jpeg_q50,0.002570,0,1
data\val\real\000000042296.jpg,0,real,jpeg_q50,0.010539,0,1
data\val\real\000000042528.jpg,0,real,jpeg_q50,0.000711,0,1
data\val\real\000000042563.jpg,0,real,jpeg_q50,0.055503,0,1
data\val\real\000000042628.jpg,0,real,jpeg_q50,0.002589,0,1
data\val\real\000000042888.jpg,0,real,jpeg_q50,0.003000,0,1
data\val\real\000000042889.jpg,0,real,jpeg_q50,0.001768,0,1
data\val\real\000000043314.jpg,0,real,jpeg_q50,0.003482,0,1
data\val\real\000000043435.jpg,0,real,jpeg_q50,0.010769,0,1
data\val\real\000000043581.jpg,0,real,jpeg_q50,0.014643,0,1
data\val\real\000000043737.jpg,0,real,jpeg_q50,0.021731,0,1
data\val\real\000000043816.jpg,0,real,jpeg_q50,0.032475,0,1
data\val\real\000000044068.jpg,0,real,jpeg_q50,0.002603,0,1
data\val\real\000000044195.jpg,0,real,jpeg_q50,0.010738,0,1
data\val\real\000000044260.jpg,0,real,jpeg_q50,0.713745,1,0
data\val\real\000000044279.jpg,0,real,jpeg_q50,0.002749,0,1
data\val\real\000000044590.jpg,0,real,jpeg_q50,0.054893,0,1
data\val\real\000000044652.jpg,0,real,jpeg_q50,0.032873,0,1
data\val\real\000000044699.jpg,0,real,jpeg_q50,0.586154,1,0
data\val\real\000000044877.jpg,0,real,jpeg_q50,0.068140,0,1
data\val\real\000000045070.jpg,0,real,jpeg_q50,0.009704,0,1
data\val\real\000000045090.jpg,0,real,jpeg_q50,0.028215,0,1
data\val\real\000000045229.jpg,0,real,jpeg_q50,0.415216,0,1
data\val\real\000000045472.jpg,0,real,jpeg_q50,0.027249,0,1
data\val\real\000000045550.jpg,0,real,jpeg_q50,0.000934,0,1
data\val\real\000000045596.jpg,0,real,jpeg_q50,0.002483,0,1
data\val\real\000000045728.jpg,0,real,jpeg_q50,0.003448,0,1
data\val\real\000000046031.jpg,0,real,jpeg_q50,0.002180,0,1
data\val\real\000000046048.jpg,0,real,jpeg_q50,0.000894,0,1
data\val\real\000000046252.jpg,0,real,jpeg_q50,0.168980,0,1
data\val\real\000000046378.jpg,0,real,jpeg_q50,0.009689,0,1
data\val\real\000000046463.jpg,0,real,jpeg_q50,0.000894,0,1
data\val\real\000000046497.jpg,0,real,jpeg_q50,0.002128,0,1
data\val\real\000000046804.jpg,0,real,jpeg_q50,0.020852,0,1
data\val\real\000000046872.jpg,0,real,jpeg_q50,0.039442,0,1
data\val\real\000000047010.jpg,0,real,jpeg_q50,0.074401,0,1
data\val\real\000000047112.jpg,0,real,jpeg_q50,0.018438,0,1
data\val\real\000000047121.jpg,0,real,jpeg_q50,0.006012,0,1
data\val\real\000000047571.jpg,0,real,jpeg_q50,0.020236,0,1
data\val\real\000000047585.jpg,0,real,jpeg_q50,0.000316,0,1
data\val\real\000000047740.jpg,0,real,jpeg_q50,0.000129,0,1
data\val\real\000000047769.jpg,0,real,jpeg_q50,0.001082,0,1
data\val\real\000000047801.jpg,0,real,jpeg_q50,0.026622,0,1
data\val\real\000000047819.jpg,0,real,jpeg_q50,0.001561,0,1
data\val\real\000000047828.jpg,0,real,jpeg_q50,0.655725,1,0
data\val\real\000000048153.jpg,0,real,jpeg_q50,0.006364,0,1
data\val\real\000000048396.jpg,0,real,jpeg_q50,0.000211,0,1
data\val\real\000000048504.jpg,0,real,jpeg_q50,0.051319,0,1
data\val\real\000000048555.jpg,0,real,jpeg_q50,0.373518,0,1
data\val\real\000000048564.jpg,0,real,jpeg_q50,0.001980,0,1
data\val\real\000000048924.jpg,0,real,jpeg_q50,0.770447,1,0
data\val\real\000000049060.jpg,0,real,jpeg_q50,0.007334,0,1
data\val\real\000000049091.jpg,0,real,jpeg_q50,0.122411,0,1
data\val\real\000000049259.jpg,0,real,jpeg_q50,0.000757,0,1
data\val\real\000000049269.jpg,0,real,jpeg_q50,0.237777,0,1
data\val\real\000000049759.jpg,0,real,jpeg_q50,0.104271,0,1
data\val\real\000000049761.jpg,0,real,jpeg_q50,0.006883,0,1
data\val\real\000000049810.jpg,0,real,jpeg_q50,0.229379,0,1
data\val\real\000000050006.jpg,0,real,jpeg_q50,0.090448,0,1
data\val\real\000000050145.jpg,0,real,jpeg_q50,0.001133,0,1
data\val\real\000000050149.jpg,0,real,jpeg_q50,0.046810,0,1
data\val\real\000000050165.jpg,0,real,jpeg_q50,0.075324,0,1
data\val\real\000000050326.jpg,0,real,jpeg_q50,0.004058,0,1
data\val\real\000000050331.jpg,0,real,jpeg_q50,0.004031,0,1
data\val\real\000000050380.jpg,0,real,jpeg_q50,0.008510,0,1
data\val\real\000000050638.jpg,0,real,jpeg_q50,0.212287,0,1
data\val\real\000000050679.jpg,0,real,jpeg_q50,0.065583,0,1
data\val\real\000000050811.jpg,0,real,jpeg_q50,0.009808,0,1
data\val\real\000000050828.jpg,0,real,jpeg_q50,0.005611,0,1
data\val\real\000000050844.jpg,0,real,jpeg_q50,0.089060,0,1
data\val\real\000000050896.jpg,0,real,jpeg_q50,0.377680,0,1
data\val\real\000000050943.jpg,0,real,jpeg_q50,0.027733,0,1
data\val\real\000000051008.jpg,0,real,jpeg_q50,0.002564,0,1
data\val\real\000000051309.jpg,0,real,jpeg_q50,0.008975,0,1
data\val\real\000000051314.jpg,0,real,jpeg_q50,0.020624,0,1
data\val\real\000000051326.jpg,0,real,jpeg_q50,0.003426,0,1
data\val\real\000000051598.jpg,0,real,jpeg_q50,0.001248,0,1
data\val\real\000000051610.jpg,0,real,jpeg_q50,0.124485,0,1
data\val\real\000000051712.jpg,0,real,jpeg_q50,0.231561,0,1
data\val\real\000000051738.jpg,0,real,jpeg_q50,0.014930,0,1
data\val\real\000000051938.jpg,0,real,jpeg_q50,0.011886,0,1
data\val\real\000000051961.jpg,0,real,jpeg_q50,0.008812,0,1
data\val\real\000000051976.jpg,0,real,jpeg_q50,0.064197,0,1
data\val\real\000000052007.jpg,0,real,jpeg_q50,0.090701,0,1
data\val\real\000000052017.jpg,0,real,jpeg_q50,0.197196,0,1
data\val\real\000000052412.jpg,0,real,jpeg_q50,0.165635,0,1
data\val\real\000000052413.jpg,0,real,jpeg_q50,0.001647,0,1
data\val\real\000000052462.jpg,0,real,jpeg_q50,0.044783,0,1
data\val\real\000000052507.jpg,0,real,jpeg_q50,0.019539,0,1
data\val\real\000000052565.jpg,0,real,jpeg_q50,0.059526,0,1
data\val\real\000000052591.jpg,0,real,jpeg_q50,0.458377,0,1
data\val\real\000000052891.jpg,0,real,jpeg_q50,0.006655,0,1
data\val\real\000000052996.jpg,0,real,jpeg_q50,0.000242,0,1
data\val\real\000000053505.jpg,0,real,jpeg_q50,0.004774,0,1
data\val\real\000000053529.jpg,0,real,jpeg_q50,0.064792,0,1
data\val\real\000000053624.jpg,0,real,jpeg_q50,0.002321,0,1
data\val\real\000000053626.jpg,0,real,jpeg_q50,0.002102,0,1
data\val\real\000000053909.jpg,0,real,jpeg_q50,0.002442,0,1
data\val\real\000000053994.jpg,0,real,jpeg_q50,0.026354,0,1
data\val\real\000000054123.jpg,0,real,jpeg_q50,0.184330,0,1
data\val\real\000000054164.jpg,0,real,jpeg_q50,0.045353,0,1
data\val\real\000000054592.jpg,0,real,jpeg_q50,0.130603,0,1
data\val\real\000000054593.jpg,0,real,jpeg_q50,0.014896,0,1
data\val\real\000000054605.jpg,0,real,jpeg_q50,0.007163,0,1
data\val\real\000000054628.jpg,0,real,jpeg_q50,0.034527,0,1
data\val\real\000000054654.jpg,0,real,jpeg_q50,0.000220,0,1
data\val\real\000000054931.jpg,0,real,jpeg_q50,0.189751,0,1
data\val\real\000000054967.jpg,0,real,jpeg_q50,0.022846,0,1
data\val\real\000000055002.jpg,0,real,jpeg_q50,0.005216,0,1
data\val\real\000000055022.jpg,0,real,jpeg_q50,0.004878,0,1
data\val\real\000000055072.jpg,0,real,jpeg_q50,0.114647,0,1
data\val\real\000000055150.jpg,0,real,jpeg_q50,0.005401,0,1
data\val\real\000000055167.jpg,0,real,jpeg_q50,0.005606,0,1
data\val\real\000000055299.jpg,0,real,jpeg_q50,0.191409,0,1
data\val\real\000000055528.jpg,0,real,jpeg_q50,0.000554,0,1
data\val\real\000000055950.jpg,0,real,jpeg_q50,0.059269,0,1
data\val\real\000000056127.jpg,0,real,jpeg_q50,0.004525,0,1
data\val\real\000000056288.jpg,0,real,jpeg_q50,0.003482,0,1
data\val\real\000000056344.jpg,0,real,jpeg_q50,0.014371,0,1
data\val\real\000000056350.jpg,0,real,jpeg_q50,0.084379,0,1
data\val\real\000000056545.jpg,0,real,jpeg_q50,0.003320,0,1
data\val\ai\ai_000001.png,1,ai,jpeg_q50,0.599634,1,1
data\val\ai\ai_000002.png,1,ai,jpeg_q50,0.663652,1,1
data\val\ai\ai_000003.png,1,ai,jpeg_q50,0.971100,1,1
data\val\ai\ai_000004.png,1,ai,jpeg_q50,0.645033,1,1
data\val\ai\ai_000005.png,1,ai,jpeg_q50,0.148104,0,0
data\val\ai\ai_000006.png,1,ai,jpeg_q50,0.876929,1,1
data\val\ai\ai_000007.png,1,ai,jpeg_q50,0.111783,0,0
data\val\ai\ai_000008.png,1,ai,jpeg_q50,0.945690,1,1
data\val\ai\ai_000009.png,1,ai,jpeg_q50,0.771429,1,1
data\val\ai\ai_000010.png,1,ai,jpeg_q50,0.953571,1,1
data\val\ai\ai_000011.png,1,ai,jpeg_q50,0.975262,1,1
data\val\ai\ai_000012.png,1,ai,jpeg_q50,0.496055,0,0
data\val\ai\ai_000013.png,1,ai,jpeg_q50,0.995146,1,1
data\val\ai\ai_000014.png,1,ai,jpeg_q50,0.997013,1,1
data\val\ai\ai_000015.png,1,ai,jpeg_q50,0.972134,1,1
data\val\ai\ai_000016.png,1,ai,jpeg_q50,0.876832,1,1
data\val\ai\ai_000017.png,1,ai,jpeg_q50,0.501380,1,1
data\val\ai\ai_000018.png,1,ai,jpeg_q50,0.663840,1,1
data\val\ai\ai_000019.png,1,ai,jpeg_q50,0.400676,0,0
data\val\ai\ai_000020.png,1,ai,jpeg_q50,0.307344,0,0
data\val\ai\ai_000021.png,1,ai,jpeg_q50,0.970659,1,1
data\val\ai\ai_000022.png,1,ai,jpeg_q50,0.093988,0,0
data\val\ai\ai_000023.png,1,ai,jpeg_q50,0.841321,1,1
data\val\ai\ai_000024.png,1,ai,jpeg_q50,0.980517,1,1
data\val\ai\ai_000025.png,1,ai,jpeg_q50,0.954142,1,1
data\val\ai\ai_000026.png,1,ai,jpeg_q50,0.341066,0,0
data\val\ai\ai_000027.png,1,ai,jpeg_q50,0.040284,0,0
data\val\ai\ai_000028.png,1,ai,jpeg_q50,0.840628,1,1
data\val\ai\ai_000029.png,1,ai,jpeg_q50,0.995694,1,1
data\val\ai\ai_000030.png,1,ai,jpeg_q50,0.901866,1,1
data\val\ai\ai_000031.png,1,ai,jpeg_q50,0.908682,1,1
data\val\ai\ai_000032.png,1,ai,jpeg_q50,0.697976,1,1
data\val\ai\ai_000033.png,1,ai,jpeg_q50,0.966369,1,1
data\val\ai\ai_000034.png,1,ai,jpeg_q50,0.993324,1,1
data\val\ai\ai_000035.png,1,ai,jpeg_q50,0.021535,0,0
data\val\ai\ai_000036.png,1,ai,jpeg_q50,0.955553,1,1
data\val\ai\ai_000037.png,1,ai,jpeg_q50,0.212244,0,0
data\val\ai\ai_000038.png,1,ai,jpeg_q50,0.442382,0,0
data\val\ai\ai_000039.png,1,ai,jpeg_q50,0.417999,0,0
data\val\ai\ai_000040.png,1,ai,jpeg_q50,0.166612,0,0
data\val\ai\ai_000041.png,1,ai,jpeg_q50,0.998346,1,1
data\val\ai\ai_000042.png,1,ai,jpeg_q50,0.998843,1,1
data\val\ai\ai_000043.png,1,ai,jpeg_q50,0.995004,1,1
data\val\ai\ai_000044.png,1,ai,jpeg_q50,0.786790,1,1
data\val\ai\ai_000045.png,1,ai,jpeg_q50,0.889209,1,1
data\val\ai\ai_000046.png,1,ai,jpeg_q50,0.600318,1,1
data\val\ai\ai_000047.png,1,ai,jpeg_q50,0.891688,1,1
data\val\ai\ai_000048.png,1,ai,jpeg_q50,0.760799,1,1
data\val\ai\ai_000049.png,1,ai,jpeg_q50,0.768919,1,1
data\val\ai\ai_000050.png,1,ai,jpeg_q50,0.717669,1,1
data\val\ai\ai_000051.png,1,ai,jpeg_q50,0.951549,1,1
data\val\ai\ai_000052.png,1,ai,jpeg_q50,0.985472,1,1
data\val\ai\ai_000053.png,1,ai,jpeg_q50,0.380073,0,0
data\val\ai\ai_000054.png,1,ai,jpeg_q50,0.849834,1,1
data\val\ai\ai_000055.png,1,ai,jpeg_q50,0.276612,0,0
data\val\ai\ai_000056.png,1,ai,jpeg_q50,0.919427,1,1
data\val\ai\ai_000057.png,1,ai,jpeg_q50,0.441789,0,0
data\val\ai\ai_000058.png,1,ai,jpeg_q50,0.278175,0,0
data\val\ai\ai_000059.png,1,ai,jpeg_q50,0.057826,0,0
data\val\ai\ai_000060.png,1,ai,jpeg_q50,0.939799,1,1
data\val\ai\ai_000061.png,1,ai,jpeg_q50,0.981819,1,1
data\val\ai\ai_000062.png,1,ai,jpeg_q50,0.821752,1,1
data\val\ai\ai_000063.png,1,ai,jpeg_q50,0.155037,0,0
data\val\ai\ai_000064.png,1,ai,jpeg_q50,0.055050,0,0
data\val\ai\ai_000065.png,1,ai,jpeg_q50,0.506550,1,1
data\val\ai\ai_000066.png,1,ai,jpeg_q50,0.745574,1,1
data\val\ai\ai_000067.png,1,ai,jpeg_q50,0.964417,1,1
data\val\ai\ai_000068.png,1,ai,jpeg_q50,0.077874,0,0
data\val\ai\ai_000069.png,1,ai,jpeg_q50,0.863141,1,1
data\val\ai\ai_000070.png,1,ai,jpeg_q50,0.601944,1,1
data\val\ai\ai_000071.png,1,ai,jpeg_q50,0.997966,1,1
data\val\ai\ai_000072.png,1,ai,jpeg_q50,0.357342,0,0
data\val\ai\ai_000073.png,1,ai,jpeg_q50,0.995302,1,1
data\val\ai\ai_000074.png,1,ai,jpeg_q50,0.994337,1,1
data\val\ai\ai_000075.png,1,ai,jpeg_q50,0.987857,1,1
data\val\ai\ai_000076.png,1,ai,jpeg_q50,0.871788,1,1
data\val\ai\ai_000077.png,1,ai,jpeg_q50,0.232257,0,0
data\val\ai\ai_000078.png,1,ai,jpeg_q50,0.232387,0,0
data\val\ai\ai_000079.png,1,ai,jpeg_q50,0.892505,1,1
data\val\ai\ai_000080.png,1,ai,jpeg_q50,0.145342,0,0
data\val\ai\ai_000081.png,1,ai,jpeg_q50,0.927372,1,1
data\val\ai\ai_000082.png,1,ai,jpeg_q50,0.990358,1,1
data\val\ai\ai_000083.png,1,ai,jpeg_q50,0.889335,1,1
data\val\ai\ai_000084.png,1,ai,jpeg_q50,0.899363,1,1
data\val\ai\ai_000085.png,1,ai,jpeg_q50,0.946090,1,1
data\val\ai\ai_000086.png,1,ai,jpeg_q50,0.715504,1,1
data\val\ai\ai_000087.png,1,ai,jpeg_q50,0.650097,1,1
data\val\ai\ai_000088.png,1,ai,jpeg_q50,0.244949,0,0
data\val\ai\ai_000089.png,1,ai,jpeg_q50,0.773865,1,1
data\val\ai\ai_000090.png,1,ai,jpeg_q50,0.741916,1,1
data\val\ai\ai_000091.png,1,ai,jpeg_q50,0.996733,1,1
data\val\ai\ai_000092.png,1,ai,jpeg_q50,0.931099,1,1
data\val\ai\ai_000093.png,1,ai,jpeg_q50,0.942145,1,1
data\val\ai\ai_000094.png,1,ai,jpeg_q50,0.940486,1,1
data\val\ai\ai_000095.png,1,ai,jpeg_q50,0.886624,1,1
data\val\ai\ai_000096.png,1,ai,jpeg_q50,0.992388,1,1
data\val\ai\ai_000097.png,1,ai,jpeg_q50,0.035095,0,0
data\val\ai\ai_000098.png,1,ai,jpeg_q50,0.978382,1,1
data\val\ai\ai_000099.png,1,ai,jpeg_q50,0.683461,1,1
data\val\ai\ai_000100.png,1,ai,jpeg_q50,0.995446,1,1
data\val\ai\ai_000101.png,1,ai,jpeg_q50,0.995159,1,1
data\val\ai\ai_000102.png,1,ai,jpeg_q50,0.043833,0,0
data\val\ai\ai_000103.png,1,ai,jpeg_q50,0.976574,1,1
data\val\ai\ai_000104.png,1,ai,jpeg_q50,0.969224,1,1
data\val\ai\ai_000105.png,1,ai,jpeg_q50,0.088292,0,0
data\val\ai\ai_000106.png,1,ai,jpeg_q50,0.416235,0,0
data\val\ai\ai_000107.png,1,ai,jpeg_q50,0.493316,0,0
data\val\ai\ai_000108.png,1,ai,jpeg_q50,0.683497,1,1
data\val\ai\ai_000109.png,1,ai,jpeg_q50,0.972805,1,1
data\val\ai\ai_000110.png,1,ai,jpeg_q50,0.852453,1,1
data\val\ai\ai_000111.png,1,ai,jpeg_q50,0.592721,1,1
data\val\ai\ai_000112.png,1,ai,jpeg_q50,0.082683,0,0
data\val\ai\ai_000113.png,1,ai,jpeg_q50,0.896704,1,1
data\val\ai\ai_000114.png,1,ai,jpeg_q50,0.845742,1,1
data\val\ai\ai_000115.png,1,ai,jpeg_q50,0.593792,1,1
data\val\ai\ai_000116.png,1,ai,jpeg_q50,0.842467,1,1
data\val\ai\ai_000117.png,1,ai,jpeg_q50,0.906406,1,1
data\val\ai\ai_000118.png,1,ai,jpeg_q50,0.846926,1,1
data\val\ai\ai_000119.png,1,ai,jpeg_q50,0.726298,1,1
data\val\ai\ai_000120.png,1,ai,jpeg_q50,0.795653,1,1
data\val\ai\ai_000121.png,1,ai,jpeg_q50,0.954000,1,1
data\val\ai\ai_000122.png,1,ai,jpeg_q50,0.212918,0,0
data\val\ai\ai_000123.png,1,ai,jpeg_q50,0.478031,0,0
data\val\ai\ai_000124.png,1,ai,jpeg_q50,0.295347,0,0
data\val\ai\ai_000125.png,1,ai,jpeg_q50,0.951822,1,1
data\val\ai\ai_000126.png,1,ai,jpeg_q50,0.907319,1,1
data\val\ai\ai_000127.png,1,ai,jpeg_q50,0.669173,1,1
data\val\ai\ai_000128.png,1,ai,jpeg_q50,0.494467,0,0
data\val\ai\ai_000129.png,1,ai,jpeg_q50,0.615986,1,1
data\val\ai\ai_000130.png,1,ai,jpeg_q50,0.123186,0,0
data\val\ai\ai_000131.png,1,ai,jpeg_q50,0.978347,1,1
data\val\ai\ai_000132.png,1,ai,jpeg_q50,0.709285,1,1
data\val\ai\ai_000133.png,1,ai,jpeg_q50,0.974145,1,1
data\val\ai\ai_000134.png,1,ai,jpeg_q50,0.945085,1,1
data\val\ai\ai_000135.png,1,ai,jpeg_q50,0.996298,1,1
data\val\ai\ai_000136.png,1,ai,jpeg_q50,0.752141,1,1
data\val\ai\ai_000137.png,1,ai,jpeg_q50,0.302827,0,0
data\val\ai\ai_000138.png,1,ai,jpeg_q50,0.267065,0,0
data\val\ai\ai_000139.png,1,ai,jpeg_q50,0.987765,1,1
data\val\ai\ai_000140.png,1,ai,jpeg_q50,0.801239,1,1
data\val\ai\ai_000141.png,1,ai,jpeg_q50,0.996829,1,1
data\val\ai\ai_000142.png,1,ai,jpeg_q50,0.752103,1,1
data\val\ai\ai_000143.png,1,ai,jpeg_q50,0.998728,1,1
data\val\ai\ai_000144.png,1,ai,jpeg_q50,0.978566,1,1
data\val\ai\ai_000145.png,1,ai,jpeg_q50,0.977132,1,1
data\val\ai\ai_000146.png,1,ai,jpeg_q50,0.881971,1,1
data\val\ai\ai_000147.png,1,ai,jpeg_q50,0.728443,1,1
data\val\ai\ai_000148.png,1,ai,jpeg_q50,0.075050,0,0
data\val\ai\ai_000149.png,1,ai,jpeg_q50,0.780491,1,1
data\val\ai\ai_000150.png,1,ai,jpeg_q50,0.541832,1,1
data\val\ai\ai_000151.png,1,ai,jpeg_q50,0.920939,1,1
data\val\ai\ai_000152.png,1,ai,jpeg_q50,0.607737,1,1
data\val\ai\ai_000153.png,1,ai,jpeg_q50,0.992432,1,1
data\val\ai\ai_000154.png,1,ai,jpeg_q50,0.877475,1,1
data\val\ai\ai_000155.png,1,ai,jpeg_q50,0.127475,0,0
data\val\ai\ai_000156.png,1,ai,jpeg_q50,0.553866,1,1
data\val\ai\ai_000157.png,1,ai,jpeg_q50,0.136242,0,0
data\val\ai\ai_000158.png,1,ai,jpeg_q50,0.749124,1,1
data\val\ai\ai_000159.png,1,ai,jpeg_q50,0.946466,1,1
data\val\ai\ai_000160.png,1,ai,jpeg_q50,0.031360,0,0
data\val\ai\ai_000161.png,1,ai,jpeg_q50,0.387166,0,0
data\val\ai\ai_000162.png,1,ai,jpeg_q50,0.207895,0,0
data\val\ai\ai_000163.png,1,ai,jpeg_q50,0.996710,1,1
data\val\ai\ai_000164.png,1,ai,jpeg_q50,0.995954,1,1
data\val\ai\ai_000165.png,1,ai,jpeg_q50,0.712974,1,1
data\val\ai\ai_000166.png,1,ai,jpeg_q50,0.748455,1,1
data\val\ai\ai_000167.png,1,ai,jpeg_q50,0.204255,0,0
data\val\ai\ai_000168.png,1,ai,jpeg_q50,0.091682,0,0
data\val\ai\ai_000169.png,1,ai,jpeg_q50,0.912288,1,1
data\val\ai\ai_000170.png,1,ai,jpeg_q50,0.916474,1,1
data\val\ai\ai_000171.png,1,ai,jpeg_q50,0.677539,1,1
data\val\ai\ai_000172.png,1,ai,jpeg_q50,0.984385,1,1
data\val\ai\ai_000173.png,1,ai,jpeg_q50,0.974959,1,1
data\val\ai\ai_000174.png,1,ai,jpeg_q50,0.998028,1,1
data\val\ai\ai_000175.png,1,ai,jpeg_q50,0.990361,1,1
data\val\ai\ai_000176.png,1,ai,jpeg_q50,0.997572,1,1
data\val\ai\ai_000177.png,1,ai,jpeg_q50,0.443014,0,0
data\val\ai\ai_000178.png,1,ai,jpeg_q50,0.865420,1,1
data\val\ai\ai_000179.png,1,ai,jpeg_q50,0.343241,0,0
data\val\ai\ai_000180.png,1,ai,jpeg_q50,0.703799,1,1
data\val\ai\ai_000181.png,1,ai,jpeg_q50,0.734446,1,1
data\val\ai\ai_000182.png,1,ai,jpeg_q50,0.108815,0,0
data\val\ai\ai_000183.png,1,ai,jpeg_q50,0.927786,1,1
data\val\ai\ai_000184.png,1,ai,jpeg_q50,0.987969,1,1
data\val\ai\ai_000185.png,1,ai,jpeg_q50,0.531709,1,1
data\val\ai\ai_000186.png,1,ai,jpeg_q50,0.842535,1,1
data\val\ai\ai_000187.png,1,ai,jpeg_q50,0.536860,1,1
data\val\ai\ai_000188.png,1,ai,jpeg_q50,0.871841,1,1
data\val\ai\ai_000189.png,1,ai,jpeg_q50,0.981153,1,1
data\val\ai\ai_000190.png,1,ai,jpeg_q50,0.932179,1,1
data\val\ai\ai_000191.png,1,ai,jpeg_q50,0.458922,0,0
data\val\ai\ai_000192.png,1,ai,jpeg_q50,0.902239,1,1
data\val\ai\ai_000193.png,1,ai,jpeg_q50,0.972952,1,1
data\val\ai\ai_000194.png,1,ai,jpeg_q50,0.720904,1,1
data\val\ai\ai_000195.png,1,ai,jpeg_q50,0.255072,0,0
data\val\ai\ai_000196.png,1,ai,jpeg_q50,0.894174,1,1
data\val\ai\ai_000197.png,1,ai,jpeg_q50,0.762756,1,1
data\val\ai\ai_000198.png,1,ai,jpeg_q50,0.477296,0,0
data\val\ai\ai_000199.png,1,ai,jpeg_q50,0.606143,1,1
data\val\ai\ai_000200.png,1,ai,jpeg_q50,0.970167,1,1
data\val\ai\ai_000201.png,1,ai,jpeg_q50,0.923868,1,1
data\val\ai\ai_000202.png,1,ai,jpeg_q50,0.464422,0,0
data\val\ai\ai_000203.png,1,ai,jpeg_q50,0.624590,1,1
data\val\ai\ai_000204.png,1,ai,jpeg_q50,0.997209,1,1
data\val\ai\ai_000205.png,1,ai,jpeg_q50,0.153294,0,0
data\val\ai\ai_000206.png,1,ai,jpeg_q50,0.986768,1,1
data\val\ai\ai_000207.png,1,ai,jpeg_q50,0.293936,0,0
data\val\ai\ai_000208.png,1,ai,jpeg_q50,0.344787,0,0
data\val\ai\ai_000209.png,1,ai,jpeg_q50,0.838558,1,1
data\val\ai\ai_000210.png,1,ai,jpeg_q50,0.542147,1,1
data\val\ai\ai_000211.png,1,ai,jpeg_q50,0.918826,1,1
data\val\ai\ai_000212.png,1,ai,jpeg_q50,0.989187,1,1
data\val\ai\ai_000213.png,1,ai,jpeg_q50,0.851215,1,1
data\val\ai\ai_000214.png,1,ai,jpeg_q50,0.997441,1,1
data\val\ai\ai_000215.png,1,ai,jpeg_q50,0.826791,1,1
data\val\ai\ai_000216.png,1,ai,jpeg_q50,0.913135,1,1
data\val\ai\ai_000217.png,1,ai,jpeg_q50,0.112783,0,0
data\val\ai\ai_000218.png,1,ai,jpeg_q50,0.775842,1,1
data\val\ai\ai_000219.png,1,ai,jpeg_q50,0.396663,0,0
data\val\ai\ai_000220.png,1,ai,jpeg_q50,0.050462,0,0
data\val\ai\ai_000221.png,1,ai,jpeg_q50,0.986924,1,1
data\val\ai\ai_000222.png,1,ai,jpeg_q50,0.571553,1,1
data\val\ai\ai_000223.png,1,ai,jpeg_q50,0.884860,1,1
data\val\ai\ai_000224.png,1,ai,jpeg_q50,0.949945,1,1
data\val\ai\ai_000225.png,1,ai,jpeg_q50,0.283192,0,0
data\val\ai\ai_000226.png,1,ai,jpeg_q50,0.958878,1,1
data\val\ai\ai_000227.png,1,ai,jpeg_q50,0.208805,0,0
data\val\ai\ai_000228.png,1,ai,jpeg_q50,0.028865,0,0
data\val\ai\ai_000229.png,1,ai,jpeg_q50,0.981957,1,1
data\val\ai\ai_000230.png,1,ai,jpeg_q50,0.978781,1,1
data\val\ai\ai_000231.png,1,ai,jpeg_q50,0.974058,1,1
data\val\ai\ai_000232.png,1,ai,jpeg_q50,0.620968,1,1
data\val\ai\ai_000233.png,1,ai,jpeg_q50,0.840941,1,1
data\val\ai\ai_000234.png,1,ai,jpeg_q50,0.996312,1,1
data\val\ai\ai_000235.png,1,ai,jpeg_q50,0.981614,1,1
data\val\ai\ai_000236.png,1,ai,jpeg_q50,0.883641,1,1
data\val\ai\ai_000237.png,1,ai,jpeg_q50,0.302598,0,0
data\val\ai\ai_000238.png,1,ai,jpeg_q50,0.016358,0,0
data\val\ai\ai_000239.png,1,ai,jpeg_q50,0.890396,1,1
data\val\ai\ai_000240.png,1,ai,jpeg_q50,0.304772,0,0
data\val\ai\ai_000241.png,1,ai,jpeg_q50,0.987141,1,1
data\val\ai\ai_000242.png,1,ai,jpeg_q50,0.512303,1,1
data\val\ai\ai_000243.png,1,ai,jpeg_q50,0.272011,0,0
data\val\ai\ai_000244.png,1,ai,jpeg_q50,0.996769,1,1
data\val\ai\ai_000245.png,1,ai,jpeg_q50,0.201069,0,0
data\val\ai\ai_000246.png,1,ai,jpeg_q50,0.878587,1,1
data\val\ai\ai_000247.png,1,ai,jpeg_q50,0.695219,1,1
data\val\ai\ai_000248.png,1,ai,jpeg_q50,0.428639,0,0
data\val\ai\ai_000249.png,1,ai,jpeg_q50,0.825430,1,1
data\val\ai\ai_000250.png,1,ai,jpeg_q50,0.252171,0,0
data\val\ai\ai_000251.png,1,ai,jpeg_q50,0.964371,1,1
data\val\ai\ai_000252.png,1,ai,jpeg_q50,0.979256,1,1
data\val\ai\ai_000253.png,1,ai,jpeg_q50,0.577768,1,1
data\val\ai\ai_000254.png,1,ai,jpeg_q50,0.871677,1,1
data\val\ai\ai_000255.png,1,ai,jpeg_q50,0.832191,1,1
data\val\ai\ai_000256.png,1,ai,jpeg_q50,0.295211,0,0
data\val\ai\ai_000257.png,1,ai,jpeg_q50,0.990914,1,1
data\val\ai\ai_000258.png,1,ai,jpeg_q50,0.292480,0,0
data\val\ai\ai_000259.png,1,ai,jpeg_q50,0.756972,1,1
data\val\ai\ai_000260.png,1,ai,jpeg_q50,0.536115,1,1
data\val\ai\ai_000261.png,1,ai,jpeg_q50,0.992222,1,1
data\val\ai\ai_000262.png,1,ai,jpeg_q50,0.316096,0,0
data\val\ai\ai_000263.png,1,ai,jpeg_q50,0.817905,1,1
data\val\ai\ai_000264.png,1,ai,jpeg_q50,0.989206,1,1
data\val\ai\ai_000265.png,1,ai,jpeg_q50,0.669057,1,1
data\val\ai\ai_000266.png,1,ai,jpeg_q50,0.981073,1,1
data\val\ai\ai_000267.png,1,ai,jpeg_q50,0.909443,1,1
data\val\ai\ai_000268.png,1,ai,jpeg_q50,0.230449,0,0
data\val\ai\ai_000269.png,1,ai,jpeg_q50,0.987472,1,1
data\val\ai\ai_000270.png,1,ai,jpeg_q50,0.799455,1,1
data\val\ai\ai_000271.png,1,ai,jpeg_q50,0.956749,1,1
data\val\ai\ai_000272.png,1,ai,jpeg_q50,0.971799,1,1
data\val\ai\ai_000273.png,1,ai,jpeg_q50,0.953118,1,1
data\val\ai\ai_000274.png,1,ai,jpeg_q50,0.948951,1,1
data\val\ai\ai_000275.png,1,ai,jpeg_q50,0.744644,1,1
data\val\ai\ai_000276.png,1,ai,jpeg_q50,0.965489,1,1
data\val\ai\ai_000277.png,1,ai,jpeg_q50,0.149675,0,0
data\val\ai\ai_000278.png,1,ai,jpeg_q50,0.695057,1,1
data\val\ai\ai_000279.png,1,ai,jpeg_q50,0.954953,1,1
data\val\ai\ai_000280.png,1,ai,jpeg_q50,0.875492,1,1
data\val\ai\ai_000281.png,1,ai,jpeg_q50,0.813906,1,1
data\val\ai\ai_000282.png,1,ai,jpeg_q50,0.504838,1,1
data\val\ai\ai_000283.png,1,ai,jpeg_q50,0.552297,1,1
data\val\ai\ai_000284.png,1,ai,jpeg_q50,0.966800,1,1
data\val\ai\ai_000285.png,1,ai,jpeg_q50,0.356300,0,0
data\val\ai\ai_000286.png,1,ai,jpeg_q50,0.980430,1,1
data\val\ai\ai_000287.png,1,ai,jpeg_q50,0.087654,0,0
data\val\ai\ai_000288.png,1,ai,jpeg_q50,0.312396,0,0
data\val\ai\ai_000289.png,1,ai,jpeg_q50,0.881365,1,1
data\val\ai\ai_000290.png,1,ai,jpeg_q50,0.776406,1,1
data\val\ai\ai_000291.png,1,ai,jpeg_q50,0.969568,1,1
data\val\ai\ai_000292.png,1,ai,jpeg_q50,0.644395,1,1
data\val\ai\ai_000293.png,1,ai,jpeg_q50,0.780074,1,1
data\val\ai\ai_000294.png,1,ai,jpeg_q50,0.948090,1,1
data\val\ai\ai_000295.png,1,ai,jpeg_q50,0.959641,1,1
data\val\ai\ai_000296.png,1,ai,jpeg_q50,0.917263,1,1
data\val\ai\ai_000297.png,1,ai,jpeg_q50,0.325281,0,0
data\val\ai\ai_000298.png,1,ai,jpeg_q50,0.612462,1,1
data\val\ai\ai_000299.png,1,ai,jpeg_q50,0.556468,1,1
data\val\ai\ai_000300.png,1,ai,jpeg_q50,0.808037,1,1
data\val\ai\ai_000301.png,1,ai,jpeg_q50,0.912239,1,1
data\val\ai\ai_000302.png,1,ai,jpeg_q50,0.047916,0,0
data\val\ai\ai_000303.png,1,ai,jpeg_q50,0.448110,0,0
data\val\ai\ai_000304.png,1,ai,jpeg_q50,0.620481,1,1
data\val\ai\ai_000305.png,1,ai,jpeg_q50,0.142348,0,0
data\val\ai\ai_000306.png,1,ai,jpeg_q50,0.898109,1,1
data\val\ai\ai_000307.png,1,ai,jpeg_q50,0.164041,0,0
data\val\ai\ai_000308.png,1,ai,jpeg_q50,0.277881,0,0
data\val\ai\ai_000309.png,1,ai,jpeg_q50,0.724653,1,1
data\val\ai\ai_000310.png,1,ai,jpeg_q50,0.926835,1,1
data\val\ai\ai_000311.png,1,ai,jpeg_q50,0.754849,1,1
data\val\ai\ai_000312.png,1,ai,jpeg_q50,0.983265,1,1
data\val\ai\ai_000313.png,1,ai,jpeg_q50,0.288776,0,0
data\val\ai\ai_000314.png,1,ai,jpeg_q50,0.889822,1,1
data\val\ai\ai_000315.png,1,ai,jpeg_q50,0.536202,1,1
data\val\ai\ai_000316.png,1,ai,jpeg_q50,0.748119,1,1
data\val\ai\ai_000317.png,1,ai,jpeg_q50,0.694317,1,1
data\val\ai\ai_000318.png,1,ai,jpeg_q50,0.627203,1,1
data\val\ai\ai_000319.png,1,ai,jpeg_q50,0.958063,1,1
data\val\ai\ai_000320.png,1,ai,jpeg_q50,0.476272,0,0
data\val\ai\ai_000321.png,1,ai,jpeg_q50,0.901834,1,1
data\val\ai\ai_000322.png,1,ai,jpeg_q50,0.738672,1,1
data\val\ai\ai_000323.png,1,ai,jpeg_q50,0.679803,1,1
data\val\ai\ai_000324.png,1,ai,jpeg_q50,0.998379,1,1
data\val\ai\ai_000325.png,1,ai,jpeg_q50,0.851689,1,1
data\val\ai\ai_000326.png,1,ai,jpeg_q50,0.992872,1,1
data\val\ai\ai_000327.png,1,ai,jpeg_q50,0.997245,1,1
data\val\ai\ai_000328.png,1,ai,jpeg_q50,0.695432,1,1
data\val\ai\ai_000329.png,1,ai,jpeg_q50,0.937712,1,1
data\val\ai\ai_000330.png,1,ai,jpeg_q50,0.845369,1,1
data\val\ai\ai_000331.png,1,ai,jpeg_q50,0.810962,1,1
data\val\ai\ai_000332.png,1,ai,jpeg_q50,0.026808,0,0
data\val\ai\ai_000333.png,1,ai,jpeg_q50,0.962796,1,1
data\val\ai\ai_000334.png,1,ai,jpeg_q50,0.449405,0,0
data\val\ai\ai_000335.png,1,ai,jpeg_q50,0.688954,1,1
data\val\ai\ai_000336.png,1,ai,jpeg_q50,0.758793,1,1
data\val\ai\ai_000337.png,1,ai,jpeg_q50,0.997589,1,1
data\val\ai\ai_000338.png,1,ai,jpeg_q50,0.922293,1,1
data\val\ai\ai_000339.png,1,ai,jpeg_q50,0.799988,1,1
data\val\ai\ai_000340.png,1,ai,jpeg_q50,0.964772,1,1
data\val\ai\ai_000341.png,1,ai,jpeg_q50,0.720430,1,1
data\val\ai\ai_000342.png,1,ai,jpeg_q50,0.058446,0,0
data\val\ai\ai_000343.png,1,ai,jpeg_q50,0.384948,0,0
data\val\ai\ai_000344.png,1,ai,jpeg_q50,0.925335,1,1
data\val\ai\ai_000345.png,1,ai,jpeg_q50,0.525492,1,1
data\val\ai\ai_000346.png,1,ai,jpeg_q50,0.762606,1,1
data\val\ai\ai_000347.png,1,ai,jpeg_q50,0.976782,1,1
data\val\ai\ai_000348.png,1,ai,jpeg_q50,0.438487,0,0
data\val\ai\ai_000349.png,1,ai,jpeg_q50,0.704267,1,1
data\val\ai\ai_000350.png,1,ai,jpeg_q50,0.784007,1,1
data\val\ai\ai_000351.png,1,ai,jpeg_q50,0.932214,1,1
data\val\ai\ai_000352.png,1,ai,jpeg_q50,0.086259,0,0
data\val\ai\ai_000353.png,1,ai,jpeg_q50,0.959198,1,1
data\val\ai\ai_000354.png,1,ai,jpeg_q50,0.996819,1,1
data\val\ai\ai_000355.png,1,ai,jpeg_q50,0.141306,0,0
data\val\ai\ai_000356.png,1,ai,jpeg_q50,0.361323,0,0
data\val\ai\ai_000357.png,1,ai,jpeg_q50,0.518201,1,1
data\val\ai\ai_000358.png,1,ai,jpeg_q50,0.035262,0,0
data\val\ai\ai_000359.png,1,ai,jpeg_q50,0.765683,1,1
data\val\ai\ai_000360.png,1,ai,jpeg_q50,0.624065,1,1
data\val\ai\ai_000361.png,1,ai,jpeg_q50,0.995396,1,1
data\val\ai\ai_000362.png,1,ai,jpeg_q50,0.077396,0,0
data\val\ai\ai_000363.png,1,ai,jpeg_q50,0.523913,1,1
data\val\ai\ai_000364.png,1,ai,jpeg_q50,0.929385,1,1
data\val\ai\ai_000365.png,1,ai,jpeg_q50,0.329523,0,0
data\val\ai\ai_000366.png,1,ai,jpeg_q50,0.993224,1,1
data\val\ai\ai_000367.png,1,ai,jpeg_q50,0.682779,1,1
data\val\ai\ai_000368.png,1,ai,jpeg_q50,0.067021,0,0
data\val\ai\ai_000369.png,1,ai,jpeg_q50,0.825489,1,1
data\val\ai\ai_000370.png,1,ai,jpeg_q50,0.104659,0,0
data\val\ai\ai_000371.png,1,ai,jpeg_q50,0.933314,1,1
data\val\ai\ai_000372.png,1,ai,jpeg_q50,0.299192,0,0
data\val\ai\ai_000373.png,1,ai,jpeg_q50,0.911784,1,1
data\val\ai\ai_000374.png,1,ai,jpeg_q50,0.995850,1,1
data\val\ai\ai_000375.png,1,ai,jpeg_q50,0.910022,1,1
data\val\ai\ai_000376.png,1,ai,jpeg_q50,0.331396,0,0
data\val\ai\ai_000377.png,1,ai,jpeg_q50,0.241368,0,0
data\val\ai\ai_000378.png,1,ai,jpeg_q50,0.963983,1,1
data\val\ai\ai_000379.png,1,ai,jpeg_q50,0.770897,1,1
data\val\ai\ai_000380.png,1,ai,jpeg_q50,0.242570,0,0
data\val\ai\ai_000381.png,1,ai,jpeg_q50,0.871107,1,1
data\val\ai\ai_000382.png,1,ai,jpeg_q50,0.113972,0,0
data\val\ai\ai_000383.png,1,ai,jpeg_q50,0.473265,0,0
data\val\ai\ai_000384.png,1,ai,jpeg_q50,0.824031,1,1
data\val\ai\ai_000385.png,1,ai,jpeg_q50,0.965842,1,1
data\val\ai\ai_000386.png,1,ai,jpeg_q50,0.926666,1,1
data\val\ai\ai_000387.png,1,ai,jpeg_q50,0.912740,1,1
data\val\ai\ai_000388.png,1,ai,jpeg_q50,0.910605,1,1
data\val\ai\ai_000389.png,1,ai,jpeg_q50,0.909217,1,1
data\val\ai\ai_000390.png,1,ai,jpeg_q50,0.820900,1,1
data\val\ai\ai_000391.png,1,ai,jpeg_q50,0.808559,1,1
data\val\ai\ai_000392.png,1,ai,jpeg_q50,0.248770,0,0
data\val\ai\ai_000393.png,1,ai,jpeg_q50,0.268581,0,0
data\val\ai\ai_000394.png,1,ai,jpeg_q50,0.984855,1,1
data\val\ai\ai_000395.png,1,ai,jpeg_q50,0.365283,0,0
data\val\ai\ai_000396.png,1,ai,jpeg_q50,0.996232,1,1
data\val\ai\ai_000397.png,1,ai,jpeg_q50,0.709713,1,1
data\val\ai\ai_000398.png,1,ai,jpeg_q50,0.654980,1,1
data\val\ai\ai_000399.png,1,ai,jpeg_q50,0.726198,1,1
data\val\ai\ai_000400.png,1,ai,jpeg_q50,0.181338,0,0
data\val\ai\ai_000401.png,1,ai,jpeg_q50,0.907075,1,1
data\val\ai\ai_000402.png,1,ai,jpeg_q50,0.961235,1,1
data\val\ai\ai_000403.png,1,ai,jpeg_q50,0.997359,1,1
data\val\ai\ai_000404.png,1,ai,jpeg_q50,0.989403,1,1
data\val\ai\ai_000405.png,1,ai,jpeg_q50,0.738306,1,1
data\val\ai\ai_000406.png,1,ai,jpeg_q50,0.932989,1,1
data\val\ai\ai_000407.png,1,ai,jpeg_q50,0.011868,0,0
data\val\ai\ai_000408.png,1,ai,jpeg_q50,0.183572,0,0
data\val\ai\ai_000409.png,1,ai,jpeg_q50,0.733269,1,1
data\val\ai\ai_000410.png,1,ai,jpeg_q50,0.165651,0,0
data\val\ai\ai_000411.png,1,ai,jpeg_q50,0.955098,1,1
data\val\ai\ai_000412.png,1,ai,jpeg_q50,0.645073,1,1
data\val\ai\ai_000413.png,1,ai,jpeg_q50,0.984053,1,1
data\val\ai\ai_000414.png,1,ai,jpeg_q50,0.999215,1,1
data\val\ai\ai_000415.png,1,ai,jpeg_q50,0.812892,1,1
data\val\ai\ai_000416.png,1,ai,jpeg_q50,0.953171,1,1
data\val\ai\ai_000417.png,1,ai,jpeg_q50,0.493943,0,0
data\val\ai\ai_000418.png,1,ai,jpeg_q50,0.392314,0,0
data\val\ai\ai_000419.png,1,ai,jpeg_q50,0.663997,1,1
data\val\ai\ai_000420.png,1,ai,jpeg_q50,0.471117,0,0
data\val\ai\ai_000421.png,1,ai,jpeg_q50,0.986469,1,1
data\val\ai\ai_000422.png,1,ai,jpeg_q50,0.037194,0,0
data\val\ai\ai_000423.png,1,ai,jpeg_q50,0.635420,1,1
data\val\ai\ai_000424.png,1,ai,jpeg_q50,0.984087,1,1
data\val\ai\ai_000425.png,1,ai,jpeg_q50,0.331602,0,0
data\val\ai\ai_000426.png,1,ai,jpeg_q50,0.454922,0,0
data\val\ai\ai_000427.png,1,ai,jpeg_q50,0.734326,1,1
data\val\ai\ai_000428.png,1,ai,jpeg_q50,0.660731,1,1
data\val\ai\ai_000429.png,1,ai,jpeg_q50,0.753205,1,1
data\val\ai\ai_000430.png,1,ai,jpeg_q50,0.330758,0,0
data\val\ai\ai_000431.png,1,ai,jpeg_q50,0.912604,1,1
data\val\ai\ai_000432.png,1,ai,jpeg_q50,0.910076,1,1
data\val\ai\ai_000433.png,1,ai,jpeg_q50,0.847613,1,1
data\val\ai\ai_000434.png,1,ai,jpeg_q50,0.961531,1,1
data\val\ai\ai_000435.png,1,ai,jpeg_q50,0.564851,1,1
data\val\ai\ai_000436.png,1,ai,jpeg_q50,0.883597,1,1
data\val\ai\ai_000437.png,1,ai,jpeg_q50,0.032384,0,0
data\val\ai\ai_000438.png,1,ai,jpeg_q50,0.373440,0,0
data\val\ai\ai_000439.png,1,ai,jpeg_q50,0.865748,1,1
data\val\ai\ai_000440.png,1,ai,jpeg_q50,0.851397,1,1
data\val\ai\ai_000441.png,1,ai,jpeg_q50,0.875278,1,1
data\val\ai\ai_000442.png,1,ai,jpeg_q50,0.656368,1,1
data\val\ai\ai_000443.png,1,ai,jpeg_q50,0.970389,1,1
data\val\ai\ai_000444.png,1,ai,jpeg_q50,0.995737,1,1
data\val\ai\ai_000445.png,1,ai,jpeg_q50,0.233077,0,0
data\val\ai\ai_000446.png,1,ai,jpeg_q50,0.920535,1,1
data\val\ai\ai_000447.png,1,ai,jpeg_q50,0.938841,1,1
data\val\ai\ai_000448.png,1,ai,jpeg_q50,0.509626,1,1
data\val\ai\ai_000449.png,1,ai,jpeg_q50,0.992145,1,1
data\val\ai\ai_000450.png,1,ai,jpeg_q50,0.985867,1,1
data\val\ai\ai_000451.png,1,ai,jpeg_q50,0.969123,1,1
data\val\ai\ai_000452.png,1,ai,jpeg_q50,0.495697,0,0
data\val\ai\ai_000453.png,1,ai,jpeg_q50,0.990286,1,1
data\val\ai\ai_000454.png,1,ai,jpeg_q50,0.828206,1,1
data\val\ai\ai_000455.png,1,ai,jpeg_q50,0.923969,1,1
data\val\ai\ai_000456.png,1,ai,jpeg_q50,0.968285,1,1
data\val\ai\ai_000457.png,1,ai,jpeg_q50,0.023780,0,0
data\val\ai\ai_000458.png,1,ai,jpeg_q50,0.980952,1,1
data\val\ai\ai_000459.png,1,ai,jpeg_q50,0.212600,0,0
data\val\ai\ai_000460.png,1,ai,jpeg_q50,0.858468,1,1
data\val\ai\ai_000461.png,1,ai,jpeg_q50,0.886906,1,1
data\val\ai\ai_000462.png,1,ai,jpeg_q50,0.903291,1,1
data\val\ai\ai_000463.png,1,ai,jpeg_q50,0.426382,0,0
data\val\ai\ai_000464.png,1,ai,jpeg_q50,0.960179,1,1
data\val\ai\ai_000465.png,1,ai,jpeg_q50,0.984955,1,1
data\val\ai\ai_000466.png,1,ai,jpeg_q50,0.440582,0,0
data\val\ai\ai_000467.png,1,ai,jpeg_q50,0.783374,1,1
data\val\ai\ai_000468.png,1,ai,jpeg_q50,0.168252,0,0
data\val\ai\ai_000469.png,1,ai,jpeg_q50,0.416028,0,0
data\val\ai\ai_000470.png,1,ai,jpeg_q50,0.699900,1,1
data\val\ai\ai_000471.png,1,ai,jpeg_q50,0.998937,1,1
data\val\ai\ai_000472.png,1,ai,jpeg_q50,0.667621,1,1
data\val\ai\ai_000473.png,1,ai,jpeg_q50,0.778708,1,1
data\val\ai\ai_000474.png,1,ai,jpeg_q50,0.965836,1,1
data\val\ai\ai_000475.png,1,ai,jpeg_q50,0.454763,0,0
data\val\ai\ai_000476.png,1,ai,jpeg_q50,0.961746,1,1
data\val\ai\ai_000477.png,1,ai,jpeg_q50,0.421332,0,0
data\val\ai\ai_000478.png,1,ai,jpeg_q50,0.510417,1,1
data\val\ai\ai_000479.png,1,ai,jpeg_q50,0.801221,1,1
data\val\ai\ai_000480.png,1,ai,jpeg_q50,0.844783,1,1
data\val\ai\ai_000481.png,1,ai,jpeg_q50,0.884066,1,1
data\val\ai\ai_000482.png,1,ai,jpeg_q50,0.098941,0,0
data\val\ai\ai_000483.png,1,ai,jpeg_q50,0.846692,1,1
data\val\ai\ai_000484.png,1,ai,jpeg_q50,0.894218,1,1
data\val\ai\ai_000485.png,1,ai,jpeg_q50,0.096619,0,0
data\val\ai\ai_000486.png,1,ai,jpeg_q50,0.975774,1,1
data\val\ai\ai_000487.png,1,ai,jpeg_q50,0.506424,1,1
data\val\ai\ai_000488.png,1,ai,jpeg_q50,0.564179,1,1
data\val\ai\ai_000489.png,1,ai,jpeg_q50,0.438554,0,0
data\val\ai\ai_000490.png,1,ai,jpeg_q50,0.887577,1,1
data\val\ai\ai_000491.png,1,ai,jpeg_q50,0.899713,1,1
data\val\ai\ai_000492.png,1,ai,jpeg_q50,0.973767,1,1
data\val\ai\ai_000493.png,1,ai,jpeg_q50,0.916875,1,1
data\val\ai\ai_000494.png,1,ai,jpeg_q50,0.882076,1,1
data\val\ai\ai_000495.png,1,ai,jpeg_q50,0.466896,0,0
data\val\ai\ai_000496.png,1,ai,jpeg_q50,0.180729,0,0
data\val\ai\ai_000497.png,1,ai,jpeg_q50,0.236738,0,0
data\val\ai\ai_000498.png,1,ai,jpeg_q50,0.131000,0,0
data\val\ai\ai_000499.png,1,ai,jpeg_q50,0.762819,1,1
data\val\ai\ai_000500.png,1,ai,jpeg_q50,0.901504,1,1
data\val\real\000000000139.jpg,0,real,jpeg_q30,0.405502,0,1
data\val\real\000000000285.jpg,0,real,jpeg_q30,0.019870,0,1
data\val\real\000000000632.jpg,0,real,jpeg_q30,0.150969,0,1
data\val\real\000000000724.jpg,0,real,jpeg_q30,0.026729,0,1
data\val\real\000000000776.jpg,0,real,jpeg_q30,0.026786,0,1
data\val\real\000000000785.jpg,0,real,jpeg_q30,0.059099,0,1
data\val\real\000000000802.jpg,0,real,jpeg_q30,0.002223,0,1
data\val\real\000000000872.jpg,0,real,jpeg_q30,0.004941,0,1
data\val\real\000000000885.jpg,0,real,jpeg_q30,0.023834,0,1
data\val\real\000000001000.jpg,0,real,jpeg_q30,0.003659,0,1
data\val\real\000000001268.jpg,0,real,jpeg_q30,0.012380,0,1
data\val\real\000000001296.jpg,0,real,jpeg_q30,0.022158,0,1
data\val\real\000000001353.jpg,0,real,jpeg_q30,0.000744,0,1
data\val\real\000000001425.jpg,0,real,jpeg_q30,0.269469,0,1
data\val\real\000000001490.jpg,0,real,jpeg_q30,0.041211,0,1
data\val\real\000000001503.jpg,0,real,jpeg_q30,0.021210,0,1
data\val\real\000000001532.jpg,0,real,jpeg_q30,0.020930,0,1
data\val\real\000000001584.jpg,0,real,jpeg_q30,0.473095,0,1
data\val\real\000000001675.jpg,0,real,jpeg_q30,0.001543,0,1
data\val\real\000000001761.jpg,0,real,jpeg_q30,0.007329,0,1
data\val\real\000000001818.jpg,0,real,jpeg_q30,0.079464,0,1
data\val\real\000000001993.jpg,0,real,jpeg_q30,0.004946,0,1
data\val\real\000000002006.jpg,0,real,jpeg_q30,0.047033,0,1
data\val\real\000000002149.jpg,0,real,jpeg_q30,0.183079,0,1
data\val\real\000000002153.jpg,0,real,jpeg_q30,0.001336,0,1
data\val\real\000000002157.jpg,0,real,jpeg_q30,0.046550,0,1
data\val\real\000000002261.jpg,0,real,jpeg_q30,0.001212,0,1
data\val\real\000000002299.jpg,0,real,jpeg_q30,0.197907,0,1
data\val\real\000000002431.jpg,0,real,jpeg_q30,0.004361,0,1
data\val\real\000000002473.jpg,0,real,jpeg_q30,0.045948,0,1
data\val\real\000000002532.jpg,0,real,jpeg_q30,0.010556,0,1
data\val\real\000000002587.jpg,0,real,jpeg_q30,0.001915,0,1
data\val\real\000000002592.jpg,0,real,jpeg_q30,0.003539,0,1
data\val\real\000000002685.jpg,0,real,jpeg_q30,0.001753,0,1
data\val\real\000000002923.jpg,0,real,jpeg_q30,0.007057,0,1
data\val\real\000000003156.jpg,0,real,jpeg_q30,0.169592,0,1
data\val\real\000000003255.jpg,0,real,jpeg_q30,0.305748,0,1
data\val\real\000000003501.jpg,0,real,jpeg_q30,0.026531,0,1
data\val\real\000000003553.jpg,0,real,jpeg_q30,0.004077,0,1
data\val\real\000000003661.jpg,0,real,jpeg_q30,0.001617,0,1
data\val\real\000000003845.jpg,0,real,jpeg_q30,0.056183,0,1
data\val\real\000000003934.jpg,0,real,jpeg_q30,0.000035,0,1
data\val\real\000000004134.jpg,0,real,jpeg_q30,0.001842,0,1
data\val\real\000000004395.jpg,0,real,jpeg_q30,0.004223,0,1
data\val\real\000000004495.jpg,0,real,jpeg_q30,0.001505,0,1
data\val\real\000000004765.jpg,0,real,jpeg_q30,0.032318,0,1
data\val\real\000000004795.jpg,0,real,jpeg_q30,0.000200,0,1
data\val\real\000000005001.jpg,0,real,jpeg_q30,0.013530,0,1
data\val\real\000000005037.jpg,0,real,jpeg_q30,0.058454,0,1
data\val\real\000000005060.jpg,0,real,jpeg_q30,0.006454,0,1
data\val\real\000000005193.jpg,0,real,jpeg_q30,0.000368,0,1
data\val\real\000000005477.jpg,0,real,jpeg_q30,0.207346,0,1
data\val\real\000000005503.jpg,0,real,jpeg_q30,0.010459,0,1
data\val\real\000000005529.jpg,0,real,jpeg_q30,0.011161,0,1
data\val\real\000000005586.jpg,0,real,jpeg_q30,0.001048,0,1
data\val\real\000000005600.jpg,0,real,jpeg_q30,0.003738,0,1
data\val\real\000000005992.jpg,0,real,jpeg_q30,0.012056,0,1
data\val\real\000000006012.jpg,0,real,jpeg_q30,0.118485,0,1
data\val\real\000000006040.jpg,0,real,jpeg_q30,0.068156,0,1
data\val\real\000000006213.jpg,0,real,jpeg_q30,0.005943,0,1
data\val\real\000000006460.jpg,0,real,jpeg_q30,0.030072,0,1
data\val\real\000000006471.jpg,0,real,jpeg_q30,0.013492,0,1
data\val\real\000000006614.jpg,0,real,jpeg_q30,0.072861,0,1
data\val\real\000000006723.jpg,0,real,jpeg_q30,0.004563,0,1
data\val\real\000000006763.jpg,0,real,jpeg_q30,0.000048,0,1
data\val\real\000000006771.jpg,0,real,jpeg_q30,0.016184,0,1
data\val\real\000000006818.jpg,0,real,jpeg_q30,0.002213,0,1
data\val\real\000000006894.jpg,0,real,jpeg_q30,0.010595,0,1
data\val\real\000000006954.jpg,0,real,jpeg_q30,0.028311,0,1
data\val\real\000000007088.jpg,0,real,jpeg_q30,0.001184,0,1
data\val\real\000000007108.jpg,0,real,jpeg_q30,0.032723,0,1
data\val\real\000000007278.jpg,0,real,jpeg_q30,0.029446,0,1
data\val\real\000000007281.jpg,0,real,jpeg_q30,0.004619,0,1
data\val\real\000000007386.jpg,0,real,jpeg_q30,0.002492,0,1
data\val\real\000000007511.jpg,0,real,jpeg_q30,0.000991,0,1
data\val\real\000000007574.jpg,0,real,jpeg_q30,0.002427,0,1
data\val\real\000000007784.jpg,0,real,jpeg_q30,0.265229,0,1
data\val\real\000000007795.jpg,0,real,jpeg_q30,0.162124,0,1
data\val\real\000000007816.jpg,0,real,jpeg_q30,0.000588,0,1
data\val\real\000000007818.jpg,0,real,jpeg_q30,0.132263,0,1
data\val\real\000000007888.jpg,0,real,jpeg_q30,0.847390,1,0
data\val\real\000000007977.jpg,0,real,jpeg_q30,0.051774,0,1
data\val\real\000000007991.jpg,0,real,jpeg_q30,0.005092,0,1
data\val\real\000000008021.jpg,0,real,jpeg_q30,0.004342,0,1
data\val\real\000000008211.jpg,0,real,jpeg_q30,0.024077,0,1
data\val\real\000000008277.jpg,0,real,jpeg_q30,0.032056,0,1
data\val\real\000000008532.jpg,0,real,jpeg_q30,0.048566,0,1
data\val\real\000000008629.jpg,0,real,jpeg_q30,0.050953,0,1
data\val\real\000000008690.jpg,0,real,jpeg_q30,0.000228,0,1
data\val\real\000000008762.jpg,0,real,jpeg_q30,0.027194,0,1
data\val\real\000000008844.jpg,0,real,jpeg_q30,0.052725,0,1
data\val\real\000000008899.jpg,0,real,jpeg_q30,0.050102,0,1
data\val\real\000000009378.jpg,0,real,jpeg_q30,0.010153,0,1
data\val\real\000000009400.jpg,0,real,jpeg_q30,0.000280,0,1
data\val\real\000000009448.jpg,0,real,jpeg_q30,0.004530,0,1
data\val\real\000000009483.jpg,0,real,jpeg_q30,0.006570,0,1
data\val\real\000000009590.jpg,0,real,jpeg_q30,0.038352,0,1
data\val\real\000000009769.jpg,0,real,jpeg_q30,0.006271,0,1
data\val\real\000000009772.jpg,0,real,jpeg_q30,0.009530,0,1
data\val\real\000000009891.jpg,0,real,jpeg_q30,0.000202,0,1
data\val\real\000000009914.jpg,0,real,jpeg_q30,0.024881,0,1
data\val\real\000000010092.jpg,0,real,jpeg_q30,0.004508,0,1
data\val\real\000000010363.jpg,0,real,jpeg_q30,0.000221,0,1
data\val\real\000000010583.jpg,0,real,jpeg_q30,0.013434,0,1
data\val\real\000000010707.jpg,0,real,jpeg_q30,0.000099,0,1
data\val\real\000000010764.jpg,0,real,jpeg_q30,0.007212,0,1
data\val\real\000000010977.jpg,0,real,jpeg_q30,0.001897,0,1
data\val\real\000000010995.jpg,0,real,jpeg_q30,0.003342,0,1
data\val\real\000000011051.jpg,0,real,jpeg_q30,0.004413,0,1
data\val\real\000000011122.jpg,0,real,jpeg_q30,0.001872,0,1
data\val\real\000000011149.jpg,0,real,jpeg_q30,0.000049,0,1
data\val\real\000000011197.jpg,0,real,jpeg_q30,0.007160,0,1
data\val\real\000000011511.jpg,0,real,jpeg_q30,0.015304,0,1
data\val\real\000000011615.jpg,0,real,jpeg_q30,0.114763,0,1
data\val\real\000000011699.jpg,0,real,jpeg_q30,0.009938,0,1
data\val\real\000000011760.jpg,0,real,jpeg_q30,0.080098,0,1
data\val\real\000000011813.jpg,0,real,jpeg_q30,0.004422,0,1
data\val\real\000000012062.jpg,0,real,jpeg_q30,0.004077,0,1
data\val\real\000000012120.jpg,0,real,jpeg_q30,0.007574,0,1
data\val\real\000000012280.jpg,0,real,jpeg_q30,0.093580,0,1
data\val\real\000000012576.jpg,0,real,jpeg_q30,0.009281,0,1
data\val\real\000000012639.jpg,0,real,jpeg_q30,0.012339,0,1
data\val\real\000000012667.jpg,0,real,jpeg_q30,0.033900,0,1
data\val\real\000000012670.jpg,0,real,jpeg_q30,0.020819,0,1
data\val\real\000000012748.jpg,0,real,jpeg_q30,0.041618,0,1
data\val\real\000000013004.jpg,0,real,jpeg_q30,0.038967,0,1
data\val\real\000000013177.jpg,0,real,jpeg_q30,0.001493,0,1
data\val\real\000000013201.jpg,0,real,jpeg_q30,0.010496,0,1
data\val\real\000000013291.jpg,0,real,jpeg_q30,0.095080,0,1
data\val\real\000000013348.jpg,0,real,jpeg_q30,0.043750,0,1
data\val\real\000000013546.jpg,0,real,jpeg_q30,0.000631,0,1
data\val\real\000000013597.jpg,0,real,jpeg_q30,0.267834,0,1
data\val\real\000000013659.jpg,0,real,jpeg_q30,0.000450,0,1
data\val\real\000000013729.jpg,0,real,jpeg_q30,0.000450,0,1
data\val\real\000000013774.jpg,0,real,jpeg_q30,0.651358,1,0
data\val\real\000000013923.jpg,0,real,jpeg_q30,0.006708,0,1
data\val\real\000000014007.jpg,0,real,jpeg_q30,0.012388,0,1
data\val\real\000000014038.jpg,0,real,jpeg_q30,0.287942,0,1
data\val\real\000000014226.jpg,0,real,jpeg_q30,0.007758,0,1
data\val\real\000000014380.jpg,0,real,jpeg_q30,0.033172,0,1
data\val\real\000000014439.jpg,0,real,jpeg_q30,0.009007,0,1
data\val\real\000000014473.jpg,0,real,jpeg_q30,0.058021,0,1
data\val\real\000000014831.jpg,0,real,jpeg_q30,0.000459,0,1
data\val\real\000000014888.jpg,0,real,jpeg_q30,0.001411,0,1
data\val\real\000000015079.jpg,0,real,jpeg_q30,0.004703,0,1
data\val\real\000000015254.jpg,0,real,jpeg_q30,0.006678,0,1
data\val\real\000000015272.jpg,0,real,jpeg_q30,0.082248,0,1
data\val\real\000000015278.jpg,0,real,jpeg_q30,0.053200,0,1
data\val\real\000000015335.jpg,0,real,jpeg_q30,0.000226,0,1
data\val\real\000000015338.jpg,0,real,jpeg_q30,0.013407,0,1
data\val\real\000000015440.jpg,0,real,jpeg_q30,0.535572,1,0
data\val\real\000000015497.jpg,0,real,jpeg_q30,0.000262,0,1
data\val\real\000000015517.jpg,0,real,jpeg_q30,0.005001,0,1
data\val\real\000000015597.jpg,0,real,jpeg_q30,0.000422,0,1
data\val\real\000000015660.jpg,0,real,jpeg_q30,0.037773,0,1
data\val\real\000000015746.jpg,0,real,jpeg_q30,0.058117,0,1
data\val\real\000000015751.jpg,0,real,jpeg_q30,0.002745,0,1
data\val\real\000000015956.jpg,0,real,jpeg_q30,0.000458,0,1
data\val\real\000000016010.jpg,0,real,jpeg_q30,0.000538,0,1
data\val\real\000000016228.jpg,0,real,jpeg_q30,0.045281,0,1
data\val\real\000000016249.jpg,0,real,jpeg_q30,0.002083,0,1
data\val\real\000000016439.jpg,0,real,jpeg_q30,0.012042,0,1
data\val\real\000000016451.jpg,0,real,jpeg_q30,0.010348,0,1
data\val\real\000000016502.jpg,0,real,jpeg_q30,0.072305,0,1
data\val\real\000000016598.jpg,0,real,jpeg_q30,0.000550,0,1
data\val\real\000000016958.jpg,0,real,jpeg_q30,0.003644,0,1
data\val\real\000000017029.jpg,0,real,jpeg_q30,0.005608,0,1
data\val\real\000000017031.jpg,0,real,jpeg_q30,0.252994,0,1
data\val\real\000000017115.jpg,0,real,jpeg_q30,0.143500,0,1
data\val\real\000000017178.jpg,0,real,jpeg_q30,0.089996,0,1
data\val\real\000000017182.jpg,0,real,jpeg_q30,0.098968,0,1
data\val\real\000000017207.jpg,0,real,jpeg_q30,0.005477,0,1
data\val\real\000000017379.jpg,0,real,jpeg_q30,0.028887,0,1
data\val\real\000000017436.jpg,0,real,jpeg_q30,0.006471,0,1
data\val\real\000000017627.jpg,0,real,jpeg_q30,0.000452,0,1
data\val\real\000000017714.jpg,0,real,jpeg_q30,0.016904,0,1
data\val\real\000000017899.jpg,0,real,jpeg_q30,0.000381,0,1
data\val\real\000000017905.jpg,0,real,jpeg_q30,0.000134,0,1
data\val\real\000000017959.jpg,0,real,jpeg_q30,0.162277,0,1
data\val\real\000000018150.jpg,0,real,jpeg_q30,0.009203,0,1
data\val\real\000000018193.jpg,0,real,jpeg_q30,0.000341,0,1
data\val\real\000000018380.jpg,0,real,jpeg_q30,0.023101,0,1
data\val\real\000000018491.jpg,0,real,jpeg_q30,0.002142,0,1
data\val\real\000000018519.jpg,0,real,jpeg_q30,0.111184,0,1
data\val\real\000000018575.jpg,0,real,jpeg_q30,0.003014,0,1
data\val\real\000000018737.jpg,0,real,jpeg_q30,0.003717,0,1
data\val\real\000000018770.jpg,0,real,jpeg_q30,0.015183,0,1
data\val\real\000000018833.jpg,0,real,jpeg_q30,0.034629,0,1
data\val\real\000000018837.jpg,0,real,jpeg_q30,0.022197,0,1
data\val\real\000000019042.jpg,0,real,jpeg_q30,0.009960,0,1
data\val\real\000000019109.jpg,0,real,jpeg_q30,0.016720,0,1
data\val\real\000000019221.jpg,0,real,jpeg_q30,0.001803,0,1
data\val\real\000000019402.jpg,0,real,jpeg_q30,0.000324,0,1
data\val\real\000000019432.jpg,0,real,jpeg_q30,0.003749,0,1
data\val\real\000000019742.jpg,0,real,jpeg_q30,0.012251,0,1
data\val\real\000000019786.jpg,0,real,jpeg_q30,0.000263,0,1
data\val\real\000000019924.jpg,0,real,jpeg_q30,0.554850,1,0
data\val\real\000000020059.jpg,0,real,jpeg_q30,0.004408,0,1
data\val\real\000000020107.jpg,0,real,jpeg_q30,0.008630,0,1
data\val\real\000000020247.jpg,0,real,jpeg_q30,0.058970,0,1
data\val\real\000000020333.jpg,0,real,jpeg_q30,0.027100,0,1
data\val\real\000000020553.jpg,0,real,jpeg_q30,0.003544,0,1
data\val\real\000000020571.jpg,0,real,jpeg_q30,0.081030,0,1
data\val\real\000000020992.jpg,0,real,jpeg_q30,0.013036,0,1
data\val\real\000000021167.jpg,0,real,jpeg_q30,0.000214,0,1
data\val\real\000000021465.jpg,0,real,jpeg_q30,0.000581,0,1
data\val\real\000000021503.jpg,0,real,jpeg_q30,0.002754,0,1
data\val\real\000000021604.jpg,0,real,jpeg_q30,0.951267,1,0
data\val\real\000000021839.jpg,0,real,jpeg_q30,0.000197,0,1
data\val\real\000000021879.jpg,0,real,jpeg_q30,0.002532,0,1
data\val\real\000000021903.jpg,0,real,jpeg_q30,0.047817,0,1
data\val\real\000000022192.jpg,0,real,jpeg_q30,0.001372,0,1
data\val\real\000000022371.jpg,0,real,jpeg_q30,0.846760,1,0
data\val\real\000000022396.jpg,0,real,jpeg_q30,0.044520,0,1
data\val\real\000000022479.jpg,0,real,jpeg_q30,0.004259,0,1
data\val\real\000000022589.jpg,0,real,jpeg_q30,0.002228,0,1
data\val\real\000000022623.jpg,0,real,jpeg_q30,0.178194,0,1
data\val\real\000000022705.jpg,0,real,jpeg_q30,0.000123,0,1
data\val\real\000000022755.jpg,0,real,jpeg_q30,0.011792,0,1
data\val\real\000000022892.jpg,0,real,jpeg_q30,0.005806,0,1
data\val\real\000000022935.jpg,0,real,jpeg_q30,0.077930,0,1
data\val\real\000000022969.jpg,0,real,jpeg_q30,0.003226,0,1
data\val\real\000000023023.jpg,0,real,jpeg_q30,0.011918,0,1
data\val\real\000000023034.jpg,0,real,jpeg_q30,0.000402,0,1
data\val\real\000000023126.jpg,0,real,jpeg_q30,0.144563,0,1
data\val\real\000000023230.jpg,0,real,jpeg_q30,0.000718,0,1
data\val\real\000000023272.jpg,0,real,jpeg_q30,0.005074,0,1
data\val\real\000000023359.jpg,0,real,jpeg_q30,0.017182,0,1
data\val\real\000000023666.jpg,0,real,jpeg_q30,0.014759,0,1
data\val\real\000000023751.jpg,0,real,jpeg_q30,0.000363,0,1
data\val\real\000000023781.jpg,0,real,jpeg_q30,0.067455,0,1
data\val\real\000000023899.jpg,0,real,jpeg_q30,0.002001,0,1
data\val\real\000000023937.jpg,0,real,jpeg_q30,0.029918,0,1
data\val\real\000000024021.jpg,0,real,jpeg_q30,0.162927,0,1
data\val\real\000000024027.jpg,0,real,jpeg_q30,0.001313,0,1
data\val\real\000000024144.jpg,0,real,jpeg_q30,0.054530,0,1
data\val\real\000000024243.jpg,0,real,jpeg_q30,0.062766,0,1
data\val\real\000000024567.jpg,0,real,jpeg_q30,0.007677,0,1
data\val\real\000000024610.jpg,0,real,jpeg_q30,0.003268,0,1
data\val\real\000000024919.jpg,0,real,jpeg_q30,0.029523,0,1
data\val\real\000000025057.jpg,0,real,jpeg_q30,0.002895,0,1
data\val\real\000000025096.jpg,0,real,jpeg_q30,0.001264,0,1
data\val\real\000000025139.jpg,0,real,jpeg_q30,0.002649,0,1
data\val\real\000000025181.jpg,0,real,jpeg_q30,0.480467,0,1
data\val\real\000000025228.jpg,0,real,jpeg_q30,0.008290,0,1
data\val\real\000000025386.jpg,0,real,jpeg_q30,0.000283,0,1
data\val\real\000000025393.jpg,0,real,jpeg_q30,0.000713,0,1
data\val\real\000000025394.jpg,0,real,jpeg_q30,0.001127,0,1
data\val\real\000000025424.jpg,0,real,jpeg_q30,0.034497,0,1
data\val\real\000000025560.jpg,0,real,jpeg_q30,0.002090,0,1
data\val\real\000000025593.jpg,0,real,jpeg_q30,0.039190,0,1
data\val\real\000000025603.jpg,0,real,jpeg_q30,0.000425,0,1
data\val\real\000000025986.jpg,0,real,jpeg_q30,0.002056,0,1
data\val\real\000000026204.jpg,0,real,jpeg_q30,0.001817,0,1
data\val\real\000000026465.jpg,0,real,jpeg_q30,0.000090,0,1
data\val\real\000000026564.jpg,0,real,jpeg_q30,0.001116,0,1
data\val\real\000000026690.jpg,0,real,jpeg_q30,0.012175,0,1
data\val\real\000000026926.jpg,0,real,jpeg_q30,0.457095,0,1
data\val\real\000000026941.jpg,0,real,jpeg_q30,0.267437,0,1
data\val\real\000000027186.jpg,0,real,jpeg_q30,0.001302,0,1
data\val\real\000000027620.jpg,0,real,jpeg_q30,0.003456,0,1
data\val\real\000000027696.jpg,0,real,jpeg_q30,0.003471,0,1
data\val\real\000000027768.jpg,0,real,jpeg_q30,0.009872,0,1
data\val\real\000000027932.jpg,0,real,jpeg_q30,0.145209,0,1
data\val\real\000000027972.jpg,0,real,jpeg_q30,0.018133,0,1
data\val\real\000000027982.jpg,0,real,jpeg_q30,0.195901,0,1
data\val\real\000000028285.jpg,0,real,jpeg_q30,0.008685,0,1
data\val\real\000000028449.jpg,0,real,jpeg_q30,0.109620,0,1
data\val\real\000000028452.jpg,0,real,jpeg_q30,0.091940,0,1
data\val\real\000000028809.jpg,0,real,jpeg_q30,0.042833,0,1
data\val\real\000000028993.jpg,0,real,jpeg_q30,0.096479,0,1
data\val\real\000000029187.jpg,0,real,jpeg_q30,0.001134,0,1
data\val\real\000000029393.jpg,0,real,jpeg_q30,0.000673,0,1
data\val\real\000000029397.jpg,0,real,jpeg_q30,0.000440,0,1
data\val\real\000000029596.jpg,0,real,jpeg_q30,0.127149,0,1
data\val\real\000000029640.jpg,0,real,jpeg_q30,0.106581,0,1
data\val\real\000000029675.jpg,0,real,jpeg_q30,0.018279,0,1
data\val\real\000000029984.jpg,0,real,jpeg_q30,0.000877,0,1
data\val\real\000000030213.jpg,0,real,jpeg_q30,0.101031,0,1
data\val\real\000000030494.jpg,0,real,jpeg_q30,0.000184,0,1
data\val\real\000000030504.jpg,0,real,jpeg_q30,0.013962,0,1
data\val\real\000000030675.jpg,0,real,jpeg_q30,0.161992,0,1
data\val\real\000000030785.jpg,0,real,jpeg_q30,0.034428,0,1
data\val\real\000000030828.jpg,0,real,jpeg_q30,0.051985,0,1
data\val\real\000000031050.jpg,0,real,jpeg_q30,0.002865,0,1
data\val\real\000000031093.jpg,0,real,jpeg_q30,0.014006,0,1
data\val\real\000000031118.jpg,0,real,jpeg_q30,0.127573,0,1
data\val\real\000000031217.jpg,0,real,jpeg_q30,0.012360,0,1
data\val\real\000000031248.jpg,0,real,jpeg_q30,0.029186,0,1
data\val\real\000000031269.jpg,0,real,jpeg_q30,0.004928,0,1
data\val\real\000000031296.jpg,0,real,jpeg_q30,0.000330,0,1
data\val\real\000000031322.jpg,0,real,jpeg_q30,0.040819,0,1
data\val\real\000000031620.jpg,0,real,jpeg_q30,0.000200,0,1
data\val\real\000000031735.jpg,0,real,jpeg_q30,0.000108,0,1
data\val\real\000000031749.jpg,0,real,jpeg_q30,0.077064,0,1
data\val\real\000000031817.jpg,0,real,jpeg_q30,0.000233,0,1
data\val\real\000000032038.jpg,0,real,jpeg_q30,0.002653,0,1
data\val\real\000000032081.jpg,0,real,jpeg_q30,0.018121,0,1
data\val\real\000000032285.jpg,0,real,jpeg_q30,0.021229,0,1
data\val\real\000000032334.jpg,0,real,jpeg_q30,0.000439,0,1
data\val\real\000000032570.jpg,0,real,jpeg_q30,0.475017,0,1
data\val\real\000000032610.jpg,0,real,jpeg_q30,0.002007,0,1
data\val\real\000000032735.jpg,0,real,jpeg_q30,0.014865,0,1
data\val\real\000000032811.jpg,0,real,jpeg_q30,0.006052,0,1
data\val\real\000000032817.jpg,0,real,jpeg_q30,0.000533,0,1
data\val\real\000000032861.jpg,0,real,jpeg_q30,0.519623,1,0
data\val\real\000000032887.jpg,0,real,jpeg_q30,0.000919,0,1
data\val\real\000000032901.jpg,0,real,jpeg_q30,0.000392,0,1
data\val\real\000000032941.jpg,0,real,jpeg_q30,0.007246,0,1
data\val\real\000000033005.jpg,0,real,jpeg_q30,0.015326,0,1
data\val\real\000000033104.jpg,0,real,jpeg_q30,0.002363,0,1
data\val\real\000000033109.jpg,0,real,jpeg_q30,0.022522,0,1
data\val\real\000000033114.jpg,0,real,jpeg_q30,0.044107,0,1
data\val\real\000000033221.jpg,0,real,jpeg_q30,0.000138,0,1
data\val\real\000000033368.jpg,0,real,jpeg_q30,0.184993,0,1
data\val\real\000000033638.jpg,0,real,jpeg_q30,0.001765,0,1
data\val\real\000000033707.jpg,0,real,jpeg_q30,0.029631,0,1
data\val\real\000000033759.jpg,0,real,jpeg_q30,0.021798,0,1
data\val\real\000000033854.jpg,0,real,jpeg_q30,0.010887,0,1
data\val\real\000000034071.jpg,0,real,jpeg_q30,0.513309,1,0
data\val\real\000000034139.jpg,0,real,jpeg_q30,0.060753,0,1
data\val\real\000000034205.jpg,0,real,jpeg_q30,0.040277,0,1
data\val\real\000000034257.jpg,0,real,jpeg_q30,0.221640,0,1
data\val\real\000000034417.jpg,0,real,jpeg_q30,0.005584,0,1
data\val\real\000000034452.jpg,0,real,jpeg_q30,0.000194,0,1
data\val\real\000000034760.jpg,0,real,jpeg_q30,0.001057,0,1
data\val\real\000000034873.jpg,0,real,jpeg_q30,0.002434,0,1
data\val\real\000000035062.jpg,0,real,jpeg_q30,0.036672,0,1
data\val\real\000000035197.jpg,0,real,jpeg_q30,0.080492,0,1
data\val\real\000000035279.jpg,0,real,jpeg_q30,0.010314,0,1
data\val\real\000000035326.jpg,0,real,jpeg_q30,0.000843,0,1
data\val\real\000000035682.jpg,0,real,jpeg_q30,0.003779,0,1
data\val\real\000000035770.jpg,0,real,jpeg_q30,0.001881,0,1
data\val\real\000000035963.jpg,0,real,jpeg_q30,0.000277,0,1
data\val\real\000000036494.jpg,0,real,jpeg_q30,0.069880,0,1
data\val\real\000000036539.jpg,0,real,jpeg_q30,0.000350,0,1
data\val\real\000000036660.jpg,0,real,jpeg_q30,0.006527,0,1
data\val\real\000000036678.jpg,0,real,jpeg_q30,0.049503,0,1
data\val\real\000000036844.jpg,0,real,jpeg_q30,0.001179,0,1
data\val\real\000000036861.jpg,0,real,jpeg_q30,0.011731,0,1
data\val\real\000000036936.jpg,0,real,jpeg_q30,0.000208,0,1
data\val\real\000000037670.jpg,0,real,jpeg_q30,0.020504,0,1
data\val\real\000000037689.jpg,0,real,jpeg_q30,0.031313,0,1
data\val\real\000000037740.jpg,0,real,jpeg_q30,0.010282,0,1
data\val\real\000000037751.jpg,0,real,jpeg_q30,0.002829,0,1
data\val\real\000000037777.jpg,0,real,jpeg_q30,0.030638,0,1
data\val\real\000000037988.jpg,0,real,jpeg_q30,0.007049,0,1
data\val\real\000000038048.jpg,0,real,jpeg_q30,0.001023,0,1
data\val\real\000000038070.jpg,0,real,jpeg_q30,0.070133,0,1
data\val\real\000000038118.jpg,0,real,jpeg_q30,0.073616,0,1
data\val\real\000000038210.jpg,0,real,jpeg_q30,0.034854,0,1
data\val\real\000000038576.jpg,0,real,jpeg_q30,0.056969,0,1
data\val\real\000000038678.jpg,0,real,jpeg_q30,0.000174,0,1
data\val\real\000000038825.jpg,0,real,jpeg_q30,0.028850,0,1
data\val\real\000000038829.jpg,0,real,jpeg_q30,0.000731,0,1
data\val\real\000000039405.jpg,0,real,jpeg_q30,0.005303,0,1
data\val\real\000000039477.jpg,0,real,jpeg_q30,0.057939,0,1
data\val\real\000000039480.jpg,0,real,jpeg_q30,0.108216,0,1
data\val\real\000000039484.jpg,0,real,jpeg_q30,0.326085,0,1
data\val\real\000000039551.jpg,0,real,jpeg_q30,0.262989,0,1
data\val\real\000000039670.jpg,0,real,jpeg_q30,0.077475,0,1
data\val\real\000000039769.jpg,0,real,jpeg_q30,0.001611,0,1
data\val\real\000000039785.jpg,0,real,jpeg_q30,0.004703,0,1
data\val\real\000000039914.jpg,0,real,jpeg_q30,0.000042,0,1
data\val\real\000000039951.jpg,0,real,jpeg_q30,0.007044,0,1
data\val\real\000000039956.jpg,0,real,jpeg_q30,0.168285,0,1
data\val\real\000000040036.jpg,0,real,jpeg_q30,0.008996,0,1
data\val\real\000000040083.jpg,0,real,jpeg_q30,0.004044,0,1
data\val\real\000000040471.jpg,0,real,jpeg_q30,0.000620,0,1
data\val\real\000000040757.jpg,0,real,jpeg_q30,0.010933,0,1
data\val\real\000000041488.jpg,0,real,jpeg_q30,0.196392,0,1
data\val\real\000000041633.jpg,0,real,jpeg_q30,0.240355,0,1
data\val\real\000000041635.jpg,0,real,jpeg_q30,0.074333,0,1
data\val\real\000000041872.jpg,0,real,jpeg_q30,0.025139,0,1
data\val\real\000000041888.jpg,0,real,jpeg_q30,0.002359,0,1
data\val\real\000000041990.jpg,0,real,jpeg_q30,0.001610,0,1
data\val\real\000000042070.jpg,0,real,jpeg_q30,0.236443,0,1
data\val\real\000000042102.jpg,0,real,jpeg_q30,0.005963,0,1
data\val\real\000000042178.jpg,0,real,jpeg_q30,0.258102,0,1
data\val\real\000000042276.jpg,0,real,jpeg_q30,0.001300,0,1
data\val\real\000000042296.jpg,0,real,jpeg_q30,0.002406,0,1
data\val\real\000000042528.jpg,0,real,jpeg_q30,0.000258,0,1
data\val\real\000000042563.jpg,0,real,jpeg_q30,0.061584,0,1
data\val\real\000000042628.jpg,0,real,jpeg_q30,0.002013,0,1
data\val\real\000000042888.jpg,0,real,jpeg_q30,0.002971,0,1
data\val\real\000000042889.jpg,0,real,jpeg_q30,0.002006,0,1
data\val\real\000000043314.jpg,0,real,jpeg_q30,0.004176,0,1
data\val\real\000000043435.jpg,0,real,jpeg_q30,0.026342,0,1
data\val\real\000000043581.jpg,0,real,jpeg_q30,0.021815,0,1
data\val\real\000000043737.jpg,0,real,jpeg_q30,0.021397,0,1
data\val\real\000000043816.jpg,0,real,jpeg_q30,0.023844,0,1
data\val\real\000000044068.jpg,0,real,jpeg_q30,0.000729,0,1
data\val\real\000000044195.jpg,0,real,jpeg_q30,0.011624,0,1
data\val\real\000000044260.jpg,0,real,jpeg_q30,0.695674,1,0
data\val\real\000000044279.jpg,0,real,jpeg_q30,0.002716,0,1
data\val\real\000000044590.jpg,0,real,jpeg_q30,0.012537,0,1
data\val\real\000000044652.jpg,0,real,jpeg_q30,0.011504,0,1
data\val\real\000000044699.jpg,0,real,jpeg_q30,0.147500,0,1
data\val\real\000000044877.jpg,0,real,jpeg_q30,0.050179,0,1
data\val\real\000000045070.jpg,0,real,jpeg_q30,0.004686,0,1
data\val\real\000000045090.jpg,0,real,jpeg_q30,0.035959,0,1
data\val\real\000000045229.jpg,0,real,jpeg_q30,0.334833,0,1
data\val\real\000000045472.jpg,0,real,jpeg_q30,0.129672,0,1
data\val\real\000000045550.jpg,0,real,jpeg_q30,0.001216,0,1
data\val\real\000000045596.jpg,0,real,jpeg_q30,0.001362,0,1
data\val\real\000000045728.jpg,0,real,jpeg_q30,0.006933,0,1
data\val\real\000000046031.jpg,0,real,jpeg_q30,0.001155,0,1
data\val\real\000000046048.jpg,0,real,jpeg_q30,0.002424,0,1
data\val\real\000000046252.jpg,0,real,jpeg_q30,0.099389,0,1
data\val\real\000000046378.jpg,0,real,jpeg_q30,0.007135,0,1
data\val\real\000000046463.jpg,0,real,jpeg_q30,0.000689,0,1
data\val\real\000000046497.jpg,0,real,jpeg_q30,0.001474,0,1
data\val\real\000000046804.jpg,0,real,jpeg_q30,0.006821,0,1
data\val\real\000000046872.jpg,0,real,jpeg_q30,0.112273,0,1
data\val\real\000000047010.jpg,0,real,jpeg_q30,0.077058,0,1
data\val\real\000000047112.jpg,0,real,jpeg_q30,0.013613,0,1
data\val\real\000000047121.jpg,0,real,jpeg_q30,0.001379,0,1
data\val\real\000000047571.jpg,0,real,jpeg_q30,0.021513,0,1
data\val\real\000000047585.jpg,0,real,jpeg_q30,0.000201,0,1
data\val\real\000000047740.jpg,0,real,jpeg_q30,0.000399,0,1
data\val\real\000000047769.jpg,0,real,jpeg_q30,0.000960,0,1
data\val\real\000000047801.jpg,0,real,jpeg_q30,0.008565,0,1
data\val\real\000000047819.jpg,0,real,jpeg_q30,0.002345,0,1
data\val\real\000000047828.jpg,0,real,jpeg_q30,0.556660,1,0
data\val\real\000000048153.jpg,0,real,jpeg_q30,0.004758,0,1
data\val\real\000000048396.jpg,0,real,jpeg_q30,0.000503,0,1
data\val\real\000000048504.jpg,0,real,jpeg_q30,0.053441,0,1
data\val\real\000000048555.jpg,0,real,jpeg_q30,0.552933,1,0
data\val\real\000000048564.jpg,0,real,jpeg_q30,0.002428,0,1
data\val\real\000000048924.jpg,0,real,jpeg_q30,0.761499,1,0
data\val\real\000000049060.jpg,0,real,jpeg_q30,0.007691,0,1
data\val\real\000000049091.jpg,0,real,jpeg_q30,0.146813,0,1
data\val\real\000000049259.jpg,0,real,jpeg_q30,0.000746,0,1
data\val\real\000000049269.jpg,0,real,jpeg_q30,0.062819,0,1
data\val\real\000000049759.jpg,0,real,jpeg_q30,0.023002,0,1
data\val\real\000000049761.jpg,0,real,jpeg_q30,0.002131,0,1
data\val\real\000000049810.jpg,0,real,jpeg_q30,0.049857,0,1
data\val\real\000000050006.jpg,0,real,jpeg_q30,0.079776,0,1
data\val\real\000000050145.jpg,0,real,jpeg_q30,0.000748,0,1
data\val\real\000000050149.jpg,0,real,jpeg_q30,0.052022,0,1
data\val\real\000000050165.jpg,0,real,jpeg_q30,0.077790,0,1
data\val\real\000000050326.jpg,0,real,jpeg_q30,0.000044,0,1
data\val\real\000000050331.jpg,0,real,jpeg_q30,0.002290,0,1
data\val\real\000000050380.jpg,0,real,jpeg_q30,0.014030,0,1
data\val\real\000000050638.jpg,0,real,jpeg_q30,0.139608,0,1
data\val\real\000000050679.jpg,0,real,jpeg_q30,0.097839,0,1
data\val\real\000000050811.jpg,0,real,jpeg_q30,0.003370,0,1
data\val\real\000000050828.jpg,0,real,jpeg_q30,0.009088,0,1
data\val\real\000000050844.jpg,0,real,jpeg_q30,0.341364,0,1
data\val\real\000000050896.jpg,0,real,jpeg_q30,0.321052,0,1
data\val\real\000000050943.jpg,0,real,jpeg_q30,0.170040,0,1
data\val\real\000000051008.jpg,0,real,jpeg_q30,0.002057,0,1
data\val\real\000000051309.jpg,0,real,jpeg_q30,0.006734,0,1
data\val\real\000000051314.jpg,0,real,jpeg_q30,0.008335,0,1
data\val\real\000000051326.jpg,0,real,jpeg_q30,0.019524,0,1
data\val\real\000000051598.jpg,0,real,jpeg_q30,0.001131,0,1
data\val\real\000000051610.jpg,0,real,jpeg_q30,0.261066,0,1
data\val\real\000000051712.jpg,0,real,jpeg_q30,0.107076,0,1
data\val\real\000000051738.jpg,0,real,jpeg_q30,0.023965,0,1
data\val\real\000000051938.jpg,0,real,jpeg_q30,0.006017,0,1
data\val\real\000000051961.jpg,0,real,jpeg_q30,0.003327,0,1
data\val\real\000000051976.jpg,0,real,jpeg_q30,0.087012,0,1
data\val\real\000000052007.jpg,0,real,jpeg_q30,0.010517,0,1
data\val\real\000000052017.jpg,0,real,jpeg_q30,0.068689,0,1
data\val\real\000000052412.jpg,0,real,jpeg_q30,0.084114,0,1
data\val\real\000000052413.jpg,0,real,jpeg_q30,0.000916,0,1
data\val\real\000000052462.jpg,0,real,jpeg_q30,0.026936,0,1
data\val\real\000000052507.jpg,0,real,jpeg_q30,0.008133,0,1
data\val\real\000000052565.jpg,0,real,jpeg_q30,0.159789,0,1
data\val\real\000000052591.jpg,0,real,jpeg_q30,0.347108,0,1
data\val\real\000000052891.jpg,0,real,jpeg_q30,0.001326,0,1
data\val\real\000000052996.jpg,0,real,jpeg_q30,0.000145,0,1
data\val\real\000000053505.jpg,0,real,jpeg_q30,0.008278,0,1
data\val\real\000000053529.jpg,0,real,jpeg_q30,0.020602,0,1
data\val\real\000000053624.jpg,0,real,jpeg_q30,0.000725,0,1
data\val\real\000000053626.jpg,0,real,jpeg_q30,0.001311,0,1
data\val\real\000000053909.jpg,0,real,jpeg_q30,0.006793,0,1
data\val\real\000000053994.jpg,0,real,jpeg_q30,0.043677,0,1
data\val\real\000000054123.jpg,0,real,jpeg_q30,0.253651,0,1
data\val\real\000000054164.jpg,0,real,jpeg_q30,0.020298,0,1
data\val\real\000000054592.jpg,0,real,jpeg_q30,0.060568,0,1
data\val\real\000000054593.jpg,0,real,jpeg_q30,0.038558,0,1
data\val\real\000000054605.jpg,0,real,jpeg_q30,0.016029,0,1
data\val\real\000000054628.jpg,0,real,jpeg_q30,0.045334,0,1
data\val\real\000000054654.jpg,0,real,jpeg_q30,0.000306,0,1
data\val\real\000000054931.jpg,0,real,jpeg_q30,0.061906,0,1
data\val\real\000000054967.jpg,0,real,jpeg_q30,0.074484,0,1
data\val\real\000000055002.jpg,0,real,jpeg_q30,0.002229,0,1
data\val\real\000000055022.jpg,0,real,jpeg_q30,0.009977,0,1
data\val\real\000000055072.jpg,0,real,jpeg_q30,0.072427,0,1
data\val\real\000000055150.jpg,0,real,jpeg_q30,0.012403,0,1
data\val\real\000000055167.jpg,0,real,jpeg_q30,0.002104,0,1
data\val\real\000000055299.jpg,0,real,jpeg_q30,0.117523,0,1
data\val\real\000000055528.jpg,0,real,jpeg_q30,0.000407,0,1
data\val\real\000000055950.jpg,0,real,jpeg_q30,0.089820,0,1
data\val\real\000000056127.jpg,0,real,jpeg_q30,0.008968,0,1
data\val\real\000000056288.jpg,0,real,jpeg_q30,0.003744,0,1
data\val\real\000000056344.jpg,0,real,jpeg_q30,0.047934,0,1
data\val\real\000000056350.jpg,0,real,jpeg_q30,0.019934,0,1
data\val\real\000000056545.jpg,0,real,jpeg_q30,0.005159,0,1
data\val\ai\ai_000001.png,1,ai,jpeg_q30,0.794866,1,1
data\val\ai\ai_000002.png,1,ai,jpeg_q30,0.764154,1,1
data\val\ai\ai_000003.png,1,ai,jpeg_q30,0.976642,1,1
data\val\ai\ai_000004.png,1,ai,jpeg_q30,0.697001,1,1
data\val\ai\ai_000005.png,1,ai,jpeg_q30,0.122648,0,0
data\val\ai\ai_000006.png,1,ai,jpeg_q30,0.802692,1,1
data\val\ai\ai_000007.png,1,ai,jpeg_q30,0.169334,0,0
data\val\ai\ai_000008.png,1,ai,jpeg_q30,0.947459,1,1
data\val\ai\ai_000009.png,1,ai,jpeg_q30,0.817013,1,1
data\val\ai\ai_000010.png,1,ai,jpeg_q30,0.968350,1,1
data\val\ai\ai_000011.png,1,ai,jpeg_q30,0.968549,1,1
data\val\ai\ai_000012.png,1,ai,jpeg_q30,0.652174,1,1
data\val\ai\ai_000013.png,1,ai,jpeg_q30,0.982579,1,1
data\val\ai\ai_000014.png,1,ai,jpeg_q30,0.997445,1,1
data\val\ai\ai_000015.png,1,ai,jpeg_q30,0.990180,1,1
data\val\ai\ai_000016.png,1,ai,jpeg_q30,0.944717,1,1
data\val\ai\ai_000017.png,1,ai,jpeg_q30,0.714452,1,1
data\val\ai\ai_000018.png,1,ai,jpeg_q30,0.897683,1,1
data\val\ai\ai_000019.png,1,ai,jpeg_q30,0.674595,1,1
data\val\ai\ai_000020.png,1,ai,jpeg_q30,0.262659,0,0
data\val\ai\ai_000021.png,1,ai,jpeg_q30,0.981555,1,1
data\val\ai\ai_000022.png,1,ai,jpeg_q30,0.181024,0,0
data\val\ai\ai_000023.png,1,ai,jpeg_q30,0.794746,1,1
data\val\ai\ai_000024.png,1,ai,jpeg_q30,0.933492,1,1
data\val\ai\ai_000025.png,1,ai,jpeg_q30,0.951261,1,1
data\val\ai\ai_000026.png,1,ai,jpeg_q30,0.411153,0,0
data\val\ai\ai_000027.png,1,ai,jpeg_q30,0.195790,0,0
data\val\ai\ai_000028.png,1,ai,jpeg_q30,0.598474,1,1
data\val\ai\ai_000029.png,1,ai,jpeg_q30,0.974788,1,1
data\val\ai\ai_000030.png,1,ai,jpeg_q30,0.558344,1,1
data\val\ai\ai_000031.png,1,ai,jpeg_q30,0.921787,1,1
data\val\ai\ai_000032.png,1,ai,jpeg_q30,0.955586,1,1
data\val\ai\ai_000033.png,1,ai,jpeg_q30,0.944238,1,1
data\val\ai\ai_000034.png,1,ai,jpeg_q30,0.966892,1,1
data\val\ai\ai_000035.png,1,ai,jpeg_q30,0.089170,0,0
data\val\ai\ai_000036.png,1,ai,jpeg_q30,0.985770,1,1
data\val\ai\ai_000037.png,1,ai,jpeg_q30,0.270722,0,0
data\val\ai\ai_000038.png,1,ai,jpeg_q30,0.500515,1,1
data\val\ai\ai_000039.png,1,ai,jpeg_q30,0.408977,0,0
data\val\ai\ai_000040.png,1,ai,jpeg_q30,0.049795,0,0
data\val\ai\ai_000041.png,1,ai,jpeg_q30,0.998560,1,1
data\val\ai\ai_000042.png,1,ai,jpeg_q30,0.999256,1,1
data\val\ai\ai_000043.png,1,ai,jpeg_q30,0.998876,1,1
data\val\ai\ai_000044.png,1,ai,jpeg_q30,0.672730,1,1
data\val\ai\ai_000045.png,1,ai,jpeg_q30,0.957794,1,1
data\val\ai\ai_000046.png,1,ai,jpeg_q30,0.463171,0,0
data\val\ai\ai_000047.png,1,ai,jpeg_q30,0.591136,1,1
data\val\ai\ai_000048.png,1,ai,jpeg_q30,0.863137,1,1
data\val\ai\ai_000049.png,1,ai,jpeg_q30,0.462799,0,0
data\val\ai\ai_000050.png,1,ai,jpeg_q30,0.946258,1,1
data\val\ai\ai_000051.png,1,ai,jpeg_q30,0.945527,1,1
data\val\ai\ai_000052.png,1,ai,jpeg_q30,0.991711,1,1
data\val\ai\ai_000053.png,1,ai,jpeg_q30,0.281883,0,0
data\val\ai\ai_000054.png,1,ai,jpeg_q30,0.842872,1,1
data\val\ai\ai_000055.png,1,ai,jpeg_q30,0.208748,0,0
data\val\ai\ai_000056.png,1,ai,jpeg_q30,0.964186,1,1
data\val\ai\ai_000057.png,1,ai,jpeg_q30,0.882758,1,1
data\val\ai\ai_000058.png,1,ai,jpeg_q30,0.373613,0,0
data\val\ai\ai_000059.png,1,ai,jpeg_q30,0.303687,0,0
data\val\ai\ai_000060.png,1,ai,jpeg_q30,0.882252,1,1
data\val\ai\ai_000061.png,1,ai,jpeg_q30,0.991619,1,1
data\val\ai\ai_000062.png,1,ai,jpeg_q30,0.421145,0,0
data\val\ai\ai_000063.png,1,ai,jpeg_q30,0.715653,1,1
data\val\ai\ai_000064.png,1,ai,jpeg_q30,0.110622,0,0
data\val\ai\ai_000065.png,1,ai,jpeg_q30,0.529127,1,1
data\val\ai\ai_000066.png,1,ai,jpeg_q30,0.711683,1,1
data\val\ai\ai_000067.png,1,ai,jpeg_q30,0.985691,1,1
data\val\ai\ai_000068.png,1,ai,jpeg_q30,0.373345,0,0
data\val\ai\ai_000069.png,1,ai,jpeg_q30,0.874410,1,1
data\val\ai\ai_000070.png,1,ai,jpeg_q30,0.862906,1,1
data\val\ai\ai_000071.png,1,ai,jpeg_q30,0.996907,1,1
data\val\ai\ai_000072.png,1,ai,jpeg_q30,0.245801,0,0
data\val\ai\ai_000073.png,1,ai,jpeg_q30,0.996191,1,1
data\val\ai\ai_000074.png,1,ai,jpeg_q30,0.990385,1,1
data\val\ai\ai_000075.png,1,ai,jpeg_q30,0.990403,1,1
data\val\ai\ai_000076.png,1,ai,jpeg_q30,0.983747,1,1
data\val\ai\ai_000077.png,1,ai,jpeg_q30,0.395168,0,0
data\val\ai\ai_000078.png,1,ai,jpeg_q30,0.243512,0,0
data\val\ai\ai_000079.png,1,ai,jpeg_q30,0.922748,1,1
data\val\ai\ai_000080.png,1,ai,jpeg_q30,0.331564,0,0
data\val\ai\ai_000081.png,1,ai,jpeg_q30,0.911785,1,1
data\val\ai\ai_000082.png,1,ai,jpeg_q30,0.996486,1,1
data\val\ai\ai_000083.png,1,ai,jpeg_q30,0.970579,1,1
data\val\ai\ai_000084.png,1,ai,jpeg_q30,0.977020,1,1
data\val\ai\ai_000085.png,1,ai,jpeg_q30,0.954419,1,1
data\val\ai\ai_000086.png,1,ai,jpeg_q30,0.860189,1,1
data\val\ai\ai_000087.png,1,ai,jpeg_q30,0.402259,0,0
data\val\ai\ai_000088.png,1,ai,jpeg_q30,0.359414,0,0
data\val\ai\ai_000089.png,1,ai,jpeg_q30,0.816844,1,1
data\val\ai\ai_000090.png,1,ai,jpeg_q30,0.943730,1,1
data\val\ai\ai_000091.png,1,ai,jpeg_q30,0.988630,1,1
data\val\ai\ai_000092.png,1,ai,jpeg_q30,0.979771,1,1
data\val\ai\ai_000093.png,1,ai,jpeg_q30,0.981299,1,1
data\val\ai\ai_000094.png,1,ai,jpeg_q30,0.976018,1,1
data\val\ai\ai_000095.png,1,ai,jpeg_q30,0.792840,1,1
data\val\ai\ai_000096.png,1,ai,jpeg_q30,0.996252,1,1
data\val\ai\ai_000097.png,1,ai,jpeg_q30,0.122893,0,0
data\val\ai\ai_000098.png,1,ai,jpeg_q30,0.976339,1,1
data\val\ai\ai_000099.png,1,ai,jpeg_q30,0.799579,1,1
data\val\ai\ai_000100.png,1,ai,jpeg_q30,0.992191,1,1
data\val\ai\ai_000101.png,1,ai,jpeg_q30,0.997189,1,1
data\val\ai\ai_000102.png,1,ai,jpeg_q30,0.014397,0,0
data\val\ai\ai_000103.png,1,ai,jpeg_q30,0.989145,1,1
data\val\ai\ai_000104.png,1,ai,jpeg_q30,0.893969,1,1
data\val\ai\ai_000105.png,1,ai,jpeg_q30,0.187962,0,0
data\val\ai\ai_000106.png,1,ai,jpeg_q30,0.427193,0,0
data\val\ai\ai_000107.png,1,ai,jpeg_q30,0.774065,1,1
data\val\ai\ai_000108.png,1,ai,jpeg_q30,0.752351,1,1
data\val\ai\ai_000109.png,1,ai,jpeg_q30,0.980355,1,1
data\val\ai\ai_000110.png,1,ai,jpeg_q30,0.926413,1,1
data\val\ai\ai_000111.png,1,ai,jpeg_q30,0.457019,0,0
data\val\ai\ai_000112.png,1,ai,jpeg_q30,0.032565,0,0
data\val\ai\ai_000113.png,1,ai,jpeg_q30,0.812277,1,1
data\val\ai\ai_000114.png,1,ai,jpeg_q30,0.842240,1,1
data\val\ai\ai_000115.png,1,ai,jpeg_q30,0.835704,1,1
data\val\ai\ai_000116.png,1,ai,jpeg_q30,0.949757,1,1
data\val\ai\ai_000117.png,1,ai,jpeg_q30,0.891758,1,1
data\val\ai\ai_000118.png,1,ai,jpeg_q30,0.733422,1,1
data\val\ai\ai_000119.png,1,ai,jpeg_q30,0.251020,0,0
data\val\ai\ai_000120.png,1,ai,jpeg_q30,0.876684,1,1
data\val\ai\ai_000121.png,1,ai,jpeg_q30,0.980044,1,1
data\val\ai\ai_000122.png,1,ai,jpeg_q30,0.492215,0,0
data\val\ai\ai_000123.png,1,ai,jpeg_q30,0.608200,1,1
data\val\ai\ai_000124.png,1,ai,jpeg_q30,0.374169,0,0
data\val\ai\ai_000125.png,1,ai,jpeg_q30,0.987812,1,1
data\val\ai\ai_000126.png,1,ai,jpeg_q30,0.896340,1,1
data\val\ai\ai_000127.png,1,ai,jpeg_q30,0.552531,1,1
data\val\ai\ai_000128.png,1,ai,jpeg_q30,0.147741,0,0
data\val\ai\ai_000129.png,1,ai,jpeg_q30,0.760271,1,1
data\val\ai\ai_000130.png,1,ai,jpeg_q30,0.105767,0,0
data\val\ai\ai_000131.png,1,ai,jpeg_q30,0.989530,1,1
data\val\ai\ai_000132.png,1,ai,jpeg_q30,0.660055,1,1
data\val\ai\ai_000133.png,1,ai,jpeg_q30,0.987330,1,1
data\val\ai\ai_000134.png,1,ai,jpeg_q30,0.669301,1,1
data\val\ai\ai_000135.png,1,ai,jpeg_q30,0.997623,1,1
data\val\ai\ai_000136.png,1,ai,jpeg_q30,0.735834,1,1
data\val\ai\ai_000137.png,1,ai,jpeg_q30,0.289698,0,0
data\val\ai\ai_000138.png,1,ai,jpeg_q30,0.665759,1,1
data\val\ai\ai_000139.png,1,ai,jpeg_q30,0.991178,1,1
data\val\ai\ai_000140.png,1,ai,jpeg_q30,0.746149,1,1
data\val\ai\ai_000141.png,1,ai,jpeg_q30,0.995351,1,1
data\val\ai\ai_000142.png,1,ai,jpeg_q30,0.712142,1,1
data\val\ai\ai_000143.png,1,ai,jpeg_q30,0.998762,1,1
data\val\ai\ai_000144.png,1,ai,jpeg_q30,0.947056,1,1
data\val\ai\ai_000145.png,1,ai,jpeg_q30,0.965497,1,1
data\val\ai\ai_000146.png,1,ai,jpeg_q30,0.850673,1,1
data\val\ai\ai_000147.png,1,ai,jpeg_q30,0.878387,1,1
data\val\ai\ai_000148.png,1,ai,jpeg_q30,0.091720,0,0
data\val\ai\ai_000149.png,1,ai,jpeg_q30,0.830164,1,1
data\val\ai\ai_000150.png,1,ai,jpeg_q30,0.609064,1,1
data\val\ai\ai_000151.png,1,ai,jpeg_q30,0.832102,1,1
data\val\ai\ai_000152.png,1,ai,jpeg_q30,0.655947,1,1
data\val\ai\ai_000153.png,1,ai,jpeg_q30,0.997866,1,1
data\val\ai\ai_000154.png,1,ai,jpeg_q30,0.978497,1,1
data\val\ai\ai_000155.png,1,ai,jpeg_q30,0.154181,0,0
data\val\ai\ai_000156.png,1,ai,jpeg_q30,0.668092,1,1
data\val\ai\ai_000157.png,1,ai,jpeg_q30,0.569783,1,1
data\val\ai\ai_000158.png,1,ai,jpeg_q30,0.761206,1,1
data\val\ai\ai_000159.png,1,ai,jpeg_q30,0.986406,1,1
data\val\ai\ai_000160.png,1,ai,jpeg_q30,0.051042,0,0
data\val\ai\ai_000161.png,1,ai,jpeg_q30,0.731037,1,1
data\val\ai\ai_000162.png,1,ai,jpeg_q30,0.386020,0,0
data\val\ai\ai_000163.png,1,ai,jpeg_q30,0.997044,1,1
data\val\ai\ai_000164.png,1,ai,jpeg_q30,0.980138,1,1
data\val\ai\ai_000165.png,1,ai,jpeg_q30,0.941140,1,1
data\val\ai\ai_000166.png,1,ai,jpeg_q30,0.947594,1,1
data\val\ai\ai_000167.png,1,ai,jpeg_q30,0.272125,0,0
data\val\ai\ai_000168.png,1,ai,jpeg_q30,0.223711,0,0
data\val\ai\ai_000169.png,1,ai,jpeg_q30,0.932448,1,1
data\val\ai\ai_000170.png,1,ai,jpeg_q30,0.939958,1,1
data\val\ai\ai_000171.png,1,ai,jpeg_q30,0.707293,1,1
data\val\ai\ai_000172.png,1,ai,jpeg_q30,0.965900,1,1
data\val\ai\ai_000173.png,1,ai,jpeg_q30,0.987668,1,1
data\val\ai\ai_000174.png,1,ai,jpeg_q30,0.997050,1,1
data\val\ai\ai_000175.png,1,ai,jpeg_q30,0.997618,1,1
data\val\ai\ai_000176.png,1,ai,jpeg_q30,0.996631,1,1
data\val\ai\ai_000177.png,1,ai,jpeg_q30,0.250587,0,0
data\val\ai\ai_000178.png,1,ai,jpeg_q30,0.895755,1,1
data\val\ai\ai_000179.png,1,ai,jpeg_q30,0.522141,1,1
data\val\ai\ai_000180.png,1,ai,jpeg_q30,0.821512,1,1
data\val\ai\ai_000181.png,1,ai,jpeg_q30,0.949974,1,1
data\val\ai\ai_000182.png,1,ai,jpeg_q30,0.126405,0,0
data\val\ai\ai_000183.png,1,ai,jpeg_q30,0.913581,1,1
data\val\ai\ai_000184.png,1,ai,jpeg_q30,0.917833,1,1
data\val\ai\ai_000185.png,1,ai,jpeg_q30,0.672310,1,1
data\val\ai\ai_000186.png,1,ai,jpeg_q30,0.889124,1,1
data\val\ai\ai_000187.png,1,ai,jpeg_q30,0.662816,1,1
data\val\ai\ai_000188.png,1,ai,jpeg_q30,0.780537,1,1
data\val\ai\ai_000189.png,1,ai,jpeg_q30,0.983721,1,1
data\val\ai\ai_000190.png,1,ai,jpeg_q30,0.946446,1,1
data\val\ai\ai_000191.png,1,ai,jpeg_q30,0.634334,1,1
data\val\ai\ai_000192.png,1,ai,jpeg_q30,0.915811,1,1
data\val\ai\ai_000193.png,1,ai,jpeg_q30,0.856567,1,1
data\val\ai\ai_000194.png,1,ai,jpeg_q30,0.319875,0,0
data\val\ai\ai_000195.png,1,ai,jpeg_q30,0.450243,0,0
data\val\ai\ai_000196.png,1,ai,jpeg_q30,0.580302,1,1
data\val\ai\ai_000197.png,1,ai,jpeg_q30,0.689256,1,1
data\val\ai\ai_000198.png,1,ai,jpeg_q30,0.525621,1,1
data\val\ai\ai_000199.png,1,ai,jpeg_q30,0.851109,1,1
data\val\ai\ai_000200.png,1,ai,jpeg_q30,0.992803,1,1
data\val\ai\ai_000201.png,1,ai,jpeg_q30,0.948184,1,1
data\val\ai\ai_000202.png,1,ai,jpeg_q30,0.439984,0,0
data\val\ai\ai_000203.png,1,ai,jpeg_q30,0.813874,1,1
data\val\ai\ai_000204.png,1,ai,jpeg_q30,0.993079,1,1
data\val\ai\ai_000205.png,1,ai,jpeg_q30,0.085507,0,0
data\val\ai\ai_000206.png,1,ai,jpeg_q30,0.995191,1,1
data\val\ai\ai_000207.png,1,ai,jpeg_q30,0.185707,0,0
data\val\ai\ai_000208.png,1,ai,jpeg_q30,0.512515,1,1
data\val\ai\ai_000209.png,1,ai,jpeg_q30,0.981094,1,1
data\val\ai\ai_000210.png,1,ai,jpeg_q30,0.848799,1,1
data\val\ai\ai_000211.png,1,ai,jpeg_q30,0.932199,1,1
data\val\ai\ai_000212.png,1,ai,jpeg_q30,0.997673,1,1
data\val\ai\ai_000213.png,1,ai,jpeg_q30,0.923453,1,1
data\val\ai\ai_000214.png,1,ai,jpeg_q30,0.997574,1,1
data\val\ai\ai_000215.png,1,ai,jpeg_q30,0.895023,1,1
data\val\ai\ai_000216.png,1,ai,jpeg_q30,0.953957,1,1
data\val\ai\ai_000217.png,1,ai,jpeg_q30,0.085275,0,0
data\val\ai\ai_000218.png,1,ai,jpeg_q30,0.853988,1,1
data\val\ai\ai_000219.png,1,ai,jpeg_q30,0.423126,0,0
data\val\ai\ai_000220.png,1,ai,jpeg_q30,0.160691,0,0
data\val\ai\ai_000221.png,1,ai,jpeg_q30,0.986367,1,1
data\val\ai\ai_000222.png,1,ai,jpeg_q30,0.760729,1,1
data\val\ai\ai_000223.png,1,ai,jpeg_q30,0.608700,1,1
data\val\ai\ai_000224.png,1,ai,jpeg_q30,0.942944,1,1
data\val\ai\ai_000225.png,1,ai,jpeg_q30,0.427528,0,0
data\val\ai\ai_000226.png,1,ai,jpeg_q30,0.991970,1,1
data\val\ai\ai_000227.png,1,ai,jpeg_q30,0.339673,0,0
data\val\ai\ai_000228.png,1,ai,jpeg_q30,0.095838,0,0
data\val\ai\ai_000229.png,1,ai,jpeg_q30,0.983889,1,1
data\val\ai\ai_000230.png,1,ai,jpeg_q30,0.941508,1,1
data\val\ai\ai_000231.png,1,ai,jpeg_q30,0.990660,1,1
data\val\ai\ai_000232.png,1,ai,jpeg_q30,0.583793,1,1
data\val\ai\ai_000233.png,1,ai,jpeg_q30,0.802419,1,1
data\val\ai\ai_000234.png,1,ai,jpeg_q30,0.999380,1,1
data\val\ai\ai_000235.png,1,ai,jpeg_q30,0.994178,1,1
data\val\ai\ai_000236.png,1,ai,jpeg_q30,0.823469,1,1
data\val\ai\ai_000237.png,1,ai,jpeg_q30,0.449062,0,0
data\val\ai\ai_000238.png,1,ai,jpeg_q30,0.038874,0,0
data\val\ai\ai_000239.png,1,ai,jpeg_q30,0.888950,1,1
data\val\ai\ai_000240.png,1,ai,jpeg_q30,0.267497,0,0
data\val\ai\ai_000241.png,1,ai,jpeg_q30,0.984724,1,1
data\val\ai\ai_000242.png,1,ai,jpeg_q30,0.534856,1,1
data\val\ai\ai_000243.png,1,ai,jpeg_q30,0.223255,0,0
data\val\ai\ai_000244.png,1,ai,jpeg_q30,0.995567,1,1
data\val\ai\ai_000245.png,1,ai,jpeg_q30,0.182602,0,0
data\val\ai\ai_000246.png,1,ai,jpeg_q30,0.981498,1,1
data\val\ai\ai_000247.png,1,ai,jpeg_q30,0.836564,1,1
data\val\ai\ai_000248.png,1,ai,jpeg_q30,0.605862,1,1
data\val\ai\ai_000249.png,1,ai,jpeg_q30,0.574701,1,1
data\val\ai\ai_000250.png,1,ai,jpeg_q30,0.217755,0,0
data\val\ai\ai_000251.png,1,ai,jpeg_q30,0.965960,1,1
data\val\ai\ai_000252.png,1,ai,jpeg_q30,0.963625,1,1
data\val\ai\ai_000253.png,1,ai,jpeg_q30,0.608413,1,1
data\val\ai\ai_000254.png,1,ai,jpeg_q30,0.730261,1,1
data\val\ai\ai_000255.png,1,ai,jpeg_q30,0.742302,1,1
data\val\ai\ai_000256.png,1,ai,jpeg_q30,0.576245,1,1
data\val\ai\ai_000257.png,1,ai,jpeg_q30,0.959441,1,1
data\val\ai\ai_000258.png,1,ai,jpeg_q30,0.295375,0,0
data\val\ai\ai_000259.png,1,ai,jpeg_q30,0.785196,1,1
data\val\ai\ai_000260.png,1,ai,jpeg_q30,0.818617,1,1
data\val\ai\ai_000261.png,1,ai,jpeg_q30,0.988045,1,1
data\val\ai\ai_000262.png,1,ai,jpeg_q30,0.769242,1,1
data\val\ai\ai_000263.png,1,ai,jpeg_q30,0.913894,1,1
data\val\ai\ai_000264.png,1,ai,jpeg_q30,0.989676,1,1
data\val\ai\ai_000265.png,1,ai,jpeg_q30,0.525853,1,1
data\val\ai\ai_000266.png,1,ai,jpeg_q30,0.991976,1,1
data\val\ai\ai_000267.png,1,ai,jpeg_q30,0.963274,1,1
data\val\ai\ai_000268.png,1,ai,jpeg_q30,0.654055,1,1
data\val\ai\ai_000269.png,1,ai,jpeg_q30,0.955578,1,1
data\val\ai\ai_000270.png,1,ai,jpeg_q30,0.848660,1,1
data\val\ai\ai_000271.png,1,ai,jpeg_q30,0.965344,1,1
data\val\ai\ai_000272.png,1,ai,jpeg_q30,0.982016,1,1
data\val\ai\ai_000273.png,1,ai,jpeg_q30,0.973110,1,1
data\val\ai\ai_000274.png,1,ai,jpeg_q30,0.898932,1,1
data\val\ai\ai_000275.png,1,ai,jpeg_q30,0.650939,1,1
data\val\ai\ai_000276.png,1,ai,jpeg_q30,0.939491,1,1
data\val\ai\ai_000277.png,1,ai,jpeg_q30,0.090862,0,0
data\val\ai\ai_000278.png,1,ai,jpeg_q30,0.849453,1,1
data\val\ai\ai_000279.png,1,ai,jpeg_q30,0.985709,1,1
data\val\ai\ai_000280.png,1,ai,jpeg_q30,0.895974,1,1
data\val\ai\ai_000281.png,1,ai,jpeg_q30,0.931966,1,1
data\val\ai\ai_000282.png,1,ai,jpeg_q30,0.635069,1,1
data\val\ai\ai_000283.png,1,ai,jpeg_q30,0.695492,1,1
data\val\ai\ai_000284.png,1,ai,jpeg_q30,0.955312,1,1
data\val\ai\ai_000285.png,1,ai,jpeg_q30,0.312274,0,0
data\val\ai\ai_000286.png,1,ai,jpeg_q30,0.984887,1,1
data\val\ai\ai_000287.png,1,ai,jpeg_q30,0.115158,0,0
data\val\ai\ai_000288.png,1,ai,jpeg_q30,0.145599,0,0
data\val\ai\ai_000289.png,1,ai,jpeg_q30,0.933879,1,1
data\val\ai\ai_000290.png,1,ai,jpeg_q30,0.655468,1,1
data\val\ai\ai_000291.png,1,ai,jpeg_q30,0.933033,1,1
data\val\ai\ai_000292.png,1,ai,jpeg_q30,0.850254,1,1
data\val\ai\ai_000293.png,1,ai,jpeg_q30,0.285255,0,0
data\val\ai\ai_000294.png,1,ai,jpeg_q30,0.962352,1,1
data\val\ai\ai_000295.png,1,ai,jpeg_q30,0.909125,1,1
data\val\ai\ai_000296.png,1,ai,jpeg_q30,0.892453,1,1
data\val\ai\ai_000297.png,1,ai,jpeg_q30,0.253243,0,0
data\val\ai\ai_000298.png,1,ai,jpeg_q30,0.742910,1,1
data\val\ai\ai_000299.png,1,ai,jpeg_q30,0.779323,1,1
data\val\ai\ai_000300.png,1,ai,jpeg_q30,0.903000,1,1
data\val\ai\ai_000301.png,1,ai,jpeg_q30,0.838576,1,1
data\val\ai\ai_000302.png,1,ai,jpeg_q30,0.043176,0,0
data\val\ai\ai_000303.png,1,ai,jpeg_q30,0.676543,1,1
data\val\ai\ai_000304.png,1,ai,jpeg_q30,0.450898,0,0
data\val\ai\ai_000305.png,1,ai,jpeg_q30,0.191278,0,0
data\val\ai\ai_000306.png,1,ai,jpeg_q30,0.959586,1,1
data\val\ai\ai_000307.png,1,ai,jpeg_q30,0.327237,0,0
data\val\ai\ai_000308.png,1,ai,jpeg_q30,0.237973,0,0
data\val\ai\ai_000309.png,1,ai,jpeg_q30,0.649061,1,1
data\val\ai\ai_000310.png,1,ai,jpeg_q30,0.970155,1,1
data\val\ai\ai_000311.png,1,ai,jpeg_q30,0.818016,1,1
data\val\ai\ai_000312.png,1,ai,jpeg_q30,0.989915,1,1
data\val\ai\ai_000313.png,1,ai,jpeg_q30,0.253506,0,0
data\val\ai\ai_000314.png,1,ai,jpeg_q30,0.643926,1,1
data\val\ai\ai_000315.png,1,ai,jpeg_q30,0.797761,1,1
data\val\ai\ai_000316.png,1,ai,jpeg_q30,0.818595,1,1
data\val\ai\ai_000317.png,1,ai,jpeg_q30,0.689380,1,1
data\val\ai\ai_000318.png,1,ai,jpeg_q30,0.507943,1,1
data\val\ai\ai_000319.png,1,ai,jpeg_q30,0.965787,1,1
data\val\ai\ai_000320.png,1,ai,jpeg_q30,0.441172,0,0
data\val\ai\ai_000321.png,1,ai,jpeg_q30,0.933748,1,1
data\val\ai\ai_000322.png,1,ai,jpeg_q30,0.465669,0,0
data\val\ai\ai_000323.png,1,ai,jpeg_q30,0.761606,1,1
data\val\ai\ai_000324.png,1,ai,jpeg_q30,0.999284,1,1
data\val\ai\ai_000325.png,1,ai,jpeg_q30,0.708888,1,1
data\val\ai\ai_000326.png,1,ai,jpeg_q30,0.978100,1,1
data\val\ai\ai_000327.png,1,ai,jpeg_q30,0.998023,1,1
data\val\ai\ai_000328.png,1,ai,jpeg_q30,0.709153,1,1
data\val\ai\ai_000329.png,1,ai,jpeg_q30,0.945086,1,1
data\val\ai\ai_000330.png,1,ai,jpeg_q30,0.806501,1,1
data\val\ai\ai_000331.png,1,ai,jpeg_q30,0.927487,1,1
data\val\ai\ai_000332.png,1,ai,jpeg_q30,0.008385,0,0
data\val\ai\ai_000333.png,1,ai,jpeg_q30,0.970765,1,1
data\val\ai\ai_000334.png,1,ai,jpeg_q30,0.464328,0,0
data\val\ai\ai_000335.png,1,ai,jpeg_q30,0.360351,0,0
data\val\ai\ai_000336.png,1,ai,jpeg_q30,0.680353,1,1
data\val\ai\ai_000337.png,1,ai,jpeg_q30,0.993675,1,1
data\val\ai\ai_000338.png,1,ai,jpeg_q30,0.776315,1,1
data\val\ai\ai_000339.png,1,ai,jpeg_q30,0.803070,1,1
data\val\ai\ai_000340.png,1,ai,jpeg_q30,0.899754,1,1
data\val\ai\ai_000341.png,1,ai,jpeg_q30,0.791300,1,1
data\val\ai\ai_000342.png,1,ai,jpeg_q30,0.072389,0,0
data\val\ai\ai_000343.png,1,ai,jpeg_q30,0.347448,0,0
data\val\ai\ai_000344.png,1,ai,jpeg_q30,0.931738,1,1
data\val\ai\ai_000345.png,1,ai,jpeg_q30,0.751685,1,1
data\val\ai\ai_000346.png,1,ai,jpeg_q30,0.979076,1,1
data\val\ai\ai_000347.png,1,ai,jpeg_q30,0.929913,1,1
data\val\ai\ai_000348.png,1,ai,jpeg_q30,0.663130,1,1
data\val\ai\ai_000349.png,1,ai,jpeg_q30,0.942629,1,1
data\val\ai\ai_000350.png,1,ai,jpeg_q30,0.732917,1,1
data\val\ai\ai_000351.png,1,ai,jpeg_q30,0.951409,1,1
data\val\ai\ai_000352.png,1,ai,jpeg_q30,0.099631,0,0
data\val\ai\ai_000353.png,1,ai,jpeg_q30,0.988424,1,1
data\val\ai\ai_000354.png,1,ai,jpeg_q30,0.991926,1,1
data\val\ai\ai_000355.png,1,ai,jpeg_q30,0.330447,0,0
data\val\ai\ai_000356.png,1,ai,jpeg_q30,0.516083,1,1
data\val\ai\ai_000357.png,1,ai,jpeg_q30,0.493009,0,0
data\val\ai\ai_000358.png,1,ai,jpeg_q30,0.336981,0,0
data\val\ai\ai_000359.png,1,ai,jpeg_q30,0.464307,0,0
data\val\ai\ai_000360.png,1,ai,jpeg_q30,0.567174,1,1
data\val\ai\ai_000361.png,1,ai,jpeg_q30,0.988874,1,1
data\val\ai\ai_000362.png,1,ai,jpeg_q30,0.193751,0,0
data\val\ai\ai_000363.png,1,ai,jpeg_q30,0.807247,1,1
data\val\ai\ai_000364.png,1,ai,jpeg_q30,0.929683,1,1
data\val\ai\ai_000365.png,1,ai,jpeg_q30,0.274505,0,0
data\val\ai\ai_000366.png,1,ai,jpeg_q30,0.980776,1,1
data\val\ai\ai_000367.png,1,ai,jpeg_q30,0.865897,1,1
data\val\ai\ai_000368.png,1,ai,jpeg_q30,0.168632,0,0
data\val\ai\ai_000369.png,1,ai,jpeg_q30,0.842585,1,1
data\val\ai\ai_000370.png,1,ai,jpeg_q30,0.188628,0,0
data\val\ai\ai_000371.png,1,ai,jpeg_q30,0.973327,1,1
data\val\ai\ai_000372.png,1,ai,jpeg_q30,0.544629,1,1
data\val\ai\ai_000373.png,1,ai,jpeg_q30,0.981136,1,1
data\val\ai\ai_000374.png,1,ai,jpeg_q30,0.990622,1,1
data\val\ai\ai_000375.png,1,ai,jpeg_q30,0.947526,1,1
data\val\ai\ai_000376.png,1,ai,jpeg_q30,0.213769,0,0
data\val\ai\ai_000377.png,1,ai,jpeg_q30,0.354773,0,0
data\val\ai\ai_000378.png,1,ai,jpeg_q30,0.971877,1,1
data\val\ai\ai_000379.png,1,ai,jpeg_q30,0.736533,1,1
data\val\ai\ai_000380.png,1,ai,jpeg_q30,0.313919,0,0
data\val\ai\ai_000381.png,1,ai,jpeg_q30,0.804725,1,1
data\val\ai\ai_000382.png,1,ai,jpeg_q30,0.115636,0,0
data\val\ai\ai_000383.png,1,ai,jpeg_q30,0.423786,0,0
data\val\ai\ai_000384.png,1,ai,jpeg_q30,0.673970,1,1
data\val\ai\ai_000385.png,1,ai,jpeg_q30,0.966729,1,1
data\val\ai\ai_000386.png,1,ai,jpeg_q30,0.951335,1,1
data\val\ai\ai_000387.png,1,ai,jpeg_q30,0.934774,1,1
data\val\ai\ai_000388.png,1,ai,jpeg_q30,0.912714,1,1
data\val\ai\ai_000389.png,1,ai,jpeg_q30,0.887521,1,1
data\val\ai\ai_000390.png,1,ai,jpeg_q30,0.688860,1,1
data\val\ai\ai_000391.png,1,ai,jpeg_q30,0.776339,1,1
data\val\ai\ai_000392.png,1,ai,jpeg_q30,0.483421,0,0
data\val\ai\ai_000393.png,1,ai,jpeg_q30,0.356205,0,0
data\val\ai\ai_000394.png,1,ai,jpeg_q30,0.967067,1,1
data\val\ai\ai_000395.png,1,ai,jpeg_q30,0.543815,1,1
data\val\ai\ai_000396.png,1,ai,jpeg_q30,0.968199,1,1
data\val\ai\ai_000397.png,1,ai,jpeg_q30,0.831725,1,1
data\val\ai\ai_000398.png,1,ai,jpeg_q30,0.815981,1,1
data\val\ai\ai_000399.png,1,ai,jpeg_q30,0.870419,1,1
data\val\ai\ai_000400.png,1,ai,jpeg_q30,0.390003,0,0
data\val\ai\ai_000401.png,1,ai,jpeg_q30,0.929190,1,1
data\val\ai\ai_000402.png,1,ai,jpeg_q30,0.973575,1,1
data\val\ai\ai_000403.png,1,ai,jpeg_q30,0.997534,1,1
data\val\ai\ai_000404.png,1,ai,jpeg_q30,0.971275,1,1
data\val\ai\ai_000405.png,1,ai,jpeg_q30,0.725484,1,1
data\val\ai\ai_000406.png,1,ai,jpeg_q30,0.855058,1,1
data\val\ai\ai_000407.png,1,ai,jpeg_q30,0.017434,0,0
data\val\ai\ai_000408.png,1,ai,jpeg_q30,0.533415,1,1
data\val\ai\ai_000409.png,1,ai,jpeg_q30,0.888124,1,1
data\val\ai\ai_000410.png,1,ai,jpeg_q30,0.260013,0,0
data\val\ai\ai_000411.png,1,ai,jpeg_q30,0.980116,1,1
data\val\ai\ai_000412.png,1,ai,jpeg_q30,0.766858,1,1
data\val\ai\ai_000413.png,1,ai,jpeg_q30,0.990005,1,1
data\val\ai\ai_000414.png,1,ai,jpeg_q30,0.999450,1,1
data\val\ai\ai_000415.png,1,ai,jpeg_q30,0.912177,1,1
data\val\ai\ai_000416.png,1,ai,jpeg_q30,0.948839,1,1
data\val\ai\ai_000417.png,1,ai,jpeg_q30,0.555688,1,1
data\val\ai\ai_000418.png,1,ai,jpeg_q30,0.489624,0,0
data\val\ai\ai_000419.png,1,ai,jpeg_q30,0.822490,1,1
data\val\ai\ai_000420.png,1,ai,jpeg_q30,0.826324,1,1
data\val\ai\ai_000421.png,1,ai,jpeg_q30,0.966258,1,1
data\val\ai\ai_000422.png,1,ai,jpeg_q30,0.047097,0,0
data\val\ai\ai_000423.png,1,ai,jpeg_q30,0.506774,1,1
data\val\ai\ai_000424.png,1,ai,jpeg_q30,0.989055,1,1
data\val\ai\ai_000425.png,1,ai,jpeg_q30,0.579666,1,1
data\val\ai\ai_000426.png,1,ai,jpeg_q30,0.431059,0,0
data\val\ai\ai_000427.png,1,ai,jpeg_q30,0.945863,1,1
data\val\ai\ai_000428.png,1,ai,jpeg_q30,0.677944,1,1
data\val\ai\ai_000429.png,1,ai,jpeg_q30,0.955568,1,1
data\val\ai\ai_000430.png,1,ai,jpeg_q30,0.620106,1,1
data\val\ai\ai_000431.png,1,ai,jpeg_q30,0.930378,1,1
data\val\ai\ai_000432.png,1,ai,jpeg_q30,0.969488,1,1
data\val\ai\ai_000433.png,1,ai,jpeg_q30,0.971895,1,1
data\val\ai\ai_000434.png,1,ai,jpeg_q30,0.890454,1,1
data\val\ai\ai_000435.png,1,ai,jpeg_q30,0.819371,1,1
data\val\ai\ai_000436.png,1,ai,jpeg_q30,0.740546,1,1
data\val\ai\ai_000437.png,1,ai,jpeg_q30,0.115446,0,0
data\val\ai\ai_000438.png,1,ai,jpeg_q30,0.626405,1,1
data\val\ai\ai_000439.png,1,ai,jpeg_q30,0.936143,1,1
data\val\ai\ai_000440.png,1,ai,jpeg_q30,0.960474,1,1
data\val\ai\ai_000441.png,1,ai,jpeg_q30,0.793511,1,1
data\val\ai\ai_000442.png,1,ai,jpeg_q30,0.920020,1,1
data\val\ai\ai_000443.png,1,ai,jpeg_q30,0.978336,1,1
data\val\ai\ai_000444.png,1,ai,jpeg_q30,0.991715,1,1
data\val\ai\ai_000445.png,1,ai,jpeg_q30,0.211143,0,0
data\val\ai\ai_000446.png,1,ai,jpeg_q30,0.956174,1,1
data\val\ai\ai_000447.png,1,ai,jpeg_q30,0.960510,1,1
data\val\ai\ai_000448.png,1,ai,jpeg_q30,0.485663,0,0
data\val\ai\ai_000449.png,1,ai,jpeg_q30,0.995811,1,1
data\val\ai\ai_000450.png,1,ai,jpeg_q30,0.892956,1,1
data\val\ai\ai_000451.png,1,ai,jpeg_q30,0.990587,1,1
data\val\ai\ai_000452.png,1,ai,jpeg_q30,0.723642,1,1
data\val\ai\ai_000453.png,1,ai,jpeg_q30,0.991001,1,1
data\val\ai\ai_000454.png,1,ai,jpeg_q30,0.794201,1,1
data\val\ai\ai_000455.png,1,ai,jpeg_q30,0.952600,1,1
data\val\ai\ai_000456.png,1,ai,jpeg_q30,0.966958,1,1
data\val\ai\ai_000457.png,1,ai,jpeg_q30,0.126223,0,0
data\val\ai\ai_000458.png,1,ai,jpeg_q30,0.933208,1,1
data\val\ai\ai_000459.png,1,ai,jpeg_q30,0.234423,0,0
data\val\ai\ai_000460.png,1,ai,jpeg_q30,0.958749,1,1
data\val\ai\ai_000461.png,1,ai,jpeg_q30,0.899921,1,1
data\val\ai\ai_000462.png,1,ai,jpeg_q30,0.937351,1,1
data\val\ai\ai_000463.png,1,ai,jpeg_q30,0.486631,0,0
data\val\ai\ai_000464.png,1,ai,jpeg_q30,0.947968,1,1
data\val\ai\ai_000465.png,1,ai,jpeg_q30,0.976079,1,1
data\val\ai\ai_000466.png,1,ai,jpeg_q30,0.644344,1,1
data\val\ai\ai_000467.png,1,ai,jpeg_q30,0.554287,1,1
data\val\ai\ai_000468.png,1,ai,jpeg_q30,0.444680,0,0
data\val\ai\ai_000469.png,1,ai,jpeg_q30,0.671826,1,1
data\val\ai\ai_000470.png,1,ai,jpeg_q30,0.803559,1,1
data\val\ai\ai_000471.png,1,ai,jpeg_q30,0.999234,1,1
data\val\ai\ai_000472.png,1,ai,jpeg_q30,0.739107,1,1
data\val\ai\ai_000473.png,1,ai,jpeg_q30,0.871023,1,1
data\val\ai\ai_000474.png,1,ai,jpeg_q30,0.912532,1,1
data\val\ai\ai_000475.png,1,ai,jpeg_q30,0.278896,0,0
data\val\ai\ai_000476.png,1,ai,jpeg_q30,0.944163,1,1
data\val\ai\ai_000477.png,1,ai,jpeg_q30,0.452389,0,0
data\val\ai\ai_000478.png,1,ai,jpeg_q30,0.267902,0,0
data\val\ai\ai_000479.png,1,ai,jpeg_q30,0.044284,0,0
data\val\ai\ai_000480.png,1,ai,jpeg_q30,0.524674,1,1
data\val\ai\ai_000481.png,1,ai,jpeg_q30,0.821936,1,1
data\val\ai\ai_000482.png,1,ai,jpeg_q30,0.253088,0,0
data\val\ai\ai_000483.png,1,ai,jpeg_q30,0.798182,1,1
data\val\ai\ai_000484.png,1,ai,jpeg_q30,0.842483,1,1
data\val\ai\ai_000485.png,1,ai,jpeg_q30,0.099066,0,0
data\val\ai\ai_000486.png,1,ai,jpeg_q30,0.974652,1,1
data\val\ai\ai_000487.png,1,ai,jpeg_q30,0.711322,1,1
data\val\ai\ai_000488.png,1,ai,jpeg_q30,0.437577,0,0
data\val\ai\ai_000489.png,1,ai,jpeg_q30,0.623785,1,1
data\val\ai\ai_000490.png,1,ai,jpeg_q30,0.899087,1,1
data\val\ai\ai_000491.png,1,ai,jpeg_q30,0.852814,1,1
data\val\ai\ai_000492.png,1,ai,jpeg_q30,0.968038,1,1
data\val\ai\ai_000493.png,1,ai,jpeg_q30,0.916928,1,1
data\val\ai\ai_000494.png,1,ai,jpeg_q30,0.888886,1,1
data\val\ai\ai_000495.png,1,ai,jpeg_q30,0.138450,0,0
data\val\ai\ai_000496.png,1,ai,jpeg_q30,0.430564,0,0
data\val\ai\ai_000497.png,1,ai,jpeg_q30,0.184735,0,0
data\val\ai\ai_000498.png,1,ai,jpeg_q30,0.430370,0,0
data\val\ai\ai_000499.png,1,ai,jpeg_q30,0.680932,1,1
data\val\ai\ai_000500.png,1,ai,jpeg_q30,0.844385,1,1
data\val\real\000000000139.jpg,0,real,blur_s0.5,0.232274,0,1
data\val\real\000000000285.jpg,0,real,blur_s0.5,0.052710,0,1
data\val\real\000000000632.jpg,0,real,blur_s0.5,0.394142,0,1
data\val\real\000000000724.jpg,0,real,blur_s0.5,0.102834,0,1
data\val\real\000000000776.jpg,0,real,blur_s0.5,0.043211,0,1
data\val\real\000000000785.jpg,0,real,blur_s0.5,0.261616,0,1
data\val\real\000000000802.jpg,0,real,blur_s0.5,0.003757,0,1
data\val\real\000000000872.jpg,0,real,blur_s0.5,0.003053,0,1
data\val\real\000000000885.jpg,0,real,blur_s0.5,0.135337,0,1
data\val\real\000000001000.jpg,0,real,blur_s0.5,0.018960,0,1
data\val\real\000000001268.jpg,0,real,blur_s0.5,0.009499,0,1
data\val\real\000000001296.jpg,0,real,blur_s0.5,0.059665,0,1
data\val\real\000000001353.jpg,0,real,blur_s0.5,0.003222,0,1
data\val\real\000000001425.jpg,0,real,blur_s0.5,0.350623,0,1
data\val\real\000000001490.jpg,0,real,blur_s0.5,0.004911,0,1
data\val\real\000000001503.jpg,0,real,blur_s0.5,0.006351,0,1
data\val\real\000000001532.jpg,0,real,blur_s0.5,0.098523,0,1
data\val\real\000000001584.jpg,0,real,blur_s0.5,0.310453,0,1
data\val\real\000000001675.jpg,0,real,blur_s0.5,0.004324,0,1
data\val\real\000000001761.jpg,0,real,blur_s0.5,0.014941,0,1
data\val\real\000000001818.jpg,0,real,blur_s0.5,0.248333,0,1
data\val\real\000000001993.jpg,0,real,blur_s0.5,0.004909,0,1
data\val\real\000000002006.jpg,0,real,blur_s0.5,0.140309,0,1
data\val\real\000000002149.jpg,0,real,blur_s0.5,0.208634,0,1
data\val\real\000000002153.jpg,0,real,blur_s0.5,0.000857,0,1
data\val\real\000000002157.jpg,0,real,blur_s0.5,0.201950,0,1
data\val\real\000000002261.jpg,0,real,blur_s0.5,0.020472,0,1
data\val\real\000000002299.jpg,0,real,blur_s0.5,0.086880,0,1
data\val\real\000000002431.jpg,0,real,blur_s0.5,0.010326,0,1
data\val\real\000000002473.jpg,0,real,blur_s0.5,0.045802,0,1
data\val\real\000000002532.jpg,0,real,blur_s0.5,0.026114,0,1
data\val\real\000000002587.jpg,0,real,blur_s0.5,0.004336,0,1
data\val\real\000000002592.jpg,0,real,blur_s0.5,0.003104,0,1
data\val\real\000000002685.jpg,0,real,blur_s0.5,0.001909,0,1
data\val\real\000000002923.jpg,0,real,blur_s0.5,0.004482,0,1
data\val\real\000000003156.jpg,0,real,blur_s0.5,0.186265,0,1
data\val\real\000000003255.jpg,0,real,blur_s0.5,0.491722,0,1
data\val\real\000000003501.jpg,0,real,blur_s0.5,0.053827,0,1
data\val\real\000000003553.jpg,0,real,blur_s0.5,0.012512,0,1
data\val\real\000000003661.jpg,0,real,blur_s0.5,0.000559,0,1
data\val\real\000000003845.jpg,0,real,blur_s0.5,0.071455,0,1
data\val\real\000000003934.jpg,0,real,blur_s0.5,0.000103,0,1
data\val\real\000000004134.jpg,0,real,blur_s0.5,0.004601,0,1
data\val\real\000000004395.jpg,0,real,blur_s0.5,0.015002,0,1
data\val\real\000000004495.jpg,0,real,blur_s0.5,0.000903,0,1
data\val\real\000000004765.jpg,0,real,blur_s0.5,0.064536,0,1
data\val\real\000000004795.jpg,0,real,blur_s0.5,0.000386,0,1
data\val\real\000000005001.jpg,0,real,blur_s0.5,0.044973,0,1
data\val\real\000000005037.jpg,0,real,blur_s0.5,0.067438,0,1
data\val\real\000000005060.jpg,0,real,blur_s0.5,0.003696,0,1
data\val\real\000000005193.jpg,0,real,blur_s0.5,0.000709,0,1
data\val\real\000000005477.jpg,0,real,blur_s0.5,0.466511,0,1
data\val\real\000000005503.jpg,0,real,blur_s0.5,0.001726,0,1
data\val\real\000000005529.jpg,0,real,blur_s0.5,0.003534,0,1
data\val\real\000000005586.jpg,0,real,blur_s0.5,0.000096,0,1
data\val\real\000000005600.jpg,0,real,blur_s0.5,0.002848,0,1
data\val\real\000000005992.jpg,0,real,blur_s0.5,0.010033,0,1
data\val\real\000000006012.jpg,0,real,blur_s0.5,0.225264,0,1
data\val\real\000000006040.jpg,0,real,blur_s0.5,0.156063,0,1
data\val\real\000000006213.jpg,0,real,blur_s0.5,0.033128,0,1
data\val\real\000000006460.jpg,0,real,blur_s0.5,0.010338,0,1
data\val\real\000000006471.jpg,0,real,blur_s0.5,0.005170,0,1
data\val\real\000000006614.jpg,0,real,blur_s0.5,0.024275,0,1
data\val\real\000000006723.jpg,0,real,blur_s0.5,0.004902,0,1
data\val\real\000000006763.jpg,0,real,blur_s0.5,0.000202,0,1
data\val\real\000000006771.jpg,0,real,blur_s0.5,0.017862,0,1
data\val\real\000000006818.jpg,0,real,blur_s0.5,0.007193,0,1
data\val\real\000000006894.jpg,0,real,blur_s0.5,0.008488,0,1
data\val\real\000000006954.jpg,0,real,blur_s0.5,0.032290,0,1
data\val\real\000000007088.jpg,0,real,blur_s0.5,0.001603,0,1
data\val\real\000000007108.jpg,0,real,blur_s0.5,0.075847,0,1
data\val\real\000000007278.jpg,0,real,blur_s0.5,0.036897,0,1
data\val\real\000000007281.jpg,0,real,blur_s0.5,0.004389,0,1
data\val\real\000000007386.jpg,0,real,blur_s0.5,0.002367,0,1
data\val\real\000000007511.jpg,0,real,blur_s0.5,0.001720,0,1
data\val\real\000000007574.jpg,0,real,blur_s0.5,0.003052,0,1
data\val\real\000000007784.jpg,0,real,blur_s0.5,0.504245,1,0
data\val\real\000000007795.jpg,0,real,blur_s0.5,0.553293,1,0
data\val\real\000000007816.jpg,0,real,blur_s0.5,0.003345,0,1
data\val\real\000000007818.jpg,0,real,blur_s0.5,0.318096,0,1
data\val\real\000000007888.jpg,0,real,blur_s0.5,0.748462,1,0
data\val\real\000000007977.jpg,0,real,blur_s0.5,0.100232,0,1
data\val\real\000000007991.jpg,0,real,blur_s0.5,0.010333,0,1
data\val\real\000000008021.jpg,0,real,blur_s0.5,0.013739,0,1
data\val\real\000000008211.jpg,0,real,blur_s0.5,0.041917,0,1
data\val\real\000000008277.jpg,0,real,blur_s0.5,0.005065,0,1
data\val\real\000000008532.jpg,0,real,blur_s0.5,0.009481,0,1
data\val\real\000000008629.jpg,0,real,blur_s0.5,0.080467,0,1
data\val\real\000000008690.jpg,0,real,blur_s0.5,0.000784,0,1
data\val\real\000000008762.jpg,0,real,blur_s0.5,0.269713,0,1
data\val\real\000000008844.jpg,0,real,blur_s0.5,0.094604,0,1
data\val\real\000000008899.jpg,0,real,blur_s0.5,0.075190,0,1
data\val\real\000000009378.jpg,0,real,blur_s0.5,0.008709,0,1
data\val\real\000000009400.jpg,0,real,blur_s0.5,0.000212,0,1
data\val\real\000000009448.jpg,0,real,blur_s0.5,0.000998,0,1
data\val\real\000000009483.jpg,0,real,blur_s0.5,0.003821,0,1
data\val\real\000000009590.jpg,0,real,blur_s0.5,0.039364,0,1
data\val\real\000000009769.jpg,0,real,blur_s0.5,0.002292,0,1
data\val\real\000000009772.jpg,0,real,blur_s0.5,0.005138,0,1
data\val\real\000000009891.jpg,0,real,blur_s0.5,0.000550,0,1
data\val\real\000000009914.jpg,0,real,blur_s0.5,0.008859,0,1
data\val\real\000000010092.jpg,0,real,blur_s0.5,0.003911,0,1
data\val\real\000000010363.jpg,0,real,blur_s0.5,0.000335,0,1
data\val\real\000000010583.jpg,0,real,blur_s0.5,0.007198,0,1
data\val\real\000000010707.jpg,0,real,blur_s0.5,0.000123,0,1
data\val\real\000000010764.jpg,0,real,blur_s0.5,0.133414,0,1
data\val\real\000000010977.jpg,0,real,blur_s0.5,0.009542,0,1
data\val\real\000000010995.jpg,0,real,blur_s0.5,0.029792,0,1
data\val\real\000000011051.jpg,0,real,blur_s0.5,0.008845,0,1
data\val\real\000000011122.jpg,0,real,blur_s0.5,0.001649,0,1
data\val\real\000000011149.jpg,0,real,blur_s0.5,0.000172,0,1
data\val\real\000000011197.jpg,0,real,blur_s0.5,0.007940,0,1
data\val\real\000000011511.jpg,0,real,blur_s0.5,0.065286,0,1
data\val\real\000000011615.jpg,0,real,blur_s0.5,0.141018,0,1
data\val\real\000000011699.jpg,0,real,blur_s0.5,0.023573,0,1
data\val\real\000000011760.jpg,0,real,blur_s0.5,0.190279,0,1
data\val\real\000000011813.jpg,0,real,blur_s0.5,0.005364,0,1
data\val\real\000000012062.jpg,0,real,blur_s0.5,0.012815,0,1
data\val\real\000000012120.jpg,0,real,blur_s0.5,0.002059,0,1
data\val\real\000000012280.jpg,0,real,blur_s0.5,0.103011,0,1
data\val\real\000000012576.jpg,0,real,blur_s0.5,0.007638,0,1
data\val\real\000000012639.jpg,0,real,blur_s0.5,0.013647,0,1
data\val\real\000000012667.jpg,0,real,blur_s0.5,0.048987,0,1
data\val\real\000000012670.jpg,0,real,blur_s0.5,0.010597,0,1
data\val\real\000000012748.jpg,0,real,blur_s0.5,0.037828,0,1
data\val\real\000000013004.jpg,0,real,blur_s0.5,0.025098,0,1
data\val\real\000000013177.jpg,0,real,blur_s0.5,0.003772,0,1
data\val\real\000000013201.jpg,0,real,blur_s0.5,0.020829,0,1
data\val\real\000000013291.jpg,0,real,blur_s0.5,0.066899,0,1
data\val\real\000000013348.jpg,0,real,blur_s0.5,0.051555,0,1
data\val\real\000000013546.jpg,0,real,blur_s0.5,0.000724,0,1
data\val\real\000000013597.jpg,0,real,blur_s0.5,0.783078,1,0
data\val\real\000000013659.jpg,0,real,blur_s0.5,0.000273,0,1
data\val\real\000000013729.jpg,0,real,blur_s0.5,0.000372,0,1
data\val\real\000000013774.jpg,0,real,blur_s0.5,0.834189,1,0
data\val\real\000000013923.jpg,0,real,blur_s0.5,0.011339,0,1
data\val\real\000000014007.jpg,0,real,blur_s0.5,0.055604,0,1
data\val\real\000000014038.jpg,0,real,blur_s0.5,0.305667,0,1
data\val\real\000000014226.jpg,0,real,blur_s0.5,0.011591,0,1
data\val\real\000000014380.jpg,0,real,blur_s0.5,0.153485,0,1
data\val\real\000000014439.jpg,0,real,blur_s0.5,0.005578,0,1
data\val\real\000000014473.jpg,0,real,blur_s0.5,0.017057,0,1
data\val\real\000000014831.jpg,0,real,blur_s0.5,0.003767,0,1
data\val\real\000000014888.jpg,0,real,blur_s0.5,0.003353,0,1
data\val\real\000000015079.jpg,0,real,blur_s0.5,0.062831,0,1
data\val\real\000000015254.jpg,0,real,blur_s0.5,0.011638,0,1
data\val\real\000000015272.jpg,0,real,blur_s0.5,0.083978,0,1
data\val\real\000000015278.jpg,0,real,blur_s0.5,0.036939,0,1
data\val\real\000000015335.jpg,0,real,blur_s0.5,0.000307,0,1
data\val\real\000000015338.jpg,0,real,blur_s0.5,0.060015,0,1
data\val\real\000000015440.jpg,0,real,blur_s0.5,0.779143,1,0
data\val\real\000000015497.jpg,0,real,blur_s0.5,0.001196,0,1
data\val\real\000000015517.jpg,0,real,blur_s0.5,0.020539,0,1
data\val\real\000000015597.jpg,0,real,blur_s0.5,0.000899,0,1
data\val\real\000000015660.jpg,0,real,blur_s0.5,0.013123,0,1
data\val\real\000000015746.jpg,0,real,blur_s0.5,0.018515,0,1
data\val\real\000000015751.jpg,0,real,blur_s0.5,0.024060,0,1
data\val\real\000000015956.jpg,0,real,blur_s0.5,0.001644,0,1
data\val\real\000000016010.jpg,0,real,blur_s0.5,0.003463,0,1
data\val\real\000000016228.jpg,0,real,blur_s0.5,0.239036,0,1
data\val\real\000000016249.jpg,0,real,blur_s0.5,0.006335,0,1
data\val\real\000000016439.jpg,0,real,blur_s0.5,0.018473,0,1
data\val\real\000000016451.jpg,0,real,blur_s0.5,0.018721,0,1
data\val\real\000000016502.jpg,0,real,blur_s0.5,0.077031,0,1
data\val\real\000000016598.jpg,0,real,blur_s0.5,0.000996,0,1
data\val\real\000000016958.jpg,0,real,blur_s0.5,0.008731,0,1
data\val\real\000000017029.jpg,0,real,blur_s0.5,0.012815,0,1
data\val\real\000000017031.jpg,0,real,blur_s0.5,0.486988,0,1
data\val\real\000000017115.jpg,0,real,blur_s0.5,0.086913,0,1
data\val\real\000000017178.jpg,0,real,blur_s0.5,0.281195,0,1
data\val\real\000000017182.jpg,0,real,blur_s0.5,0.062904,0,1
data\val\real\000000017207.jpg,0,real,blur_s0.5,0.003410,0,1
data\val\real\000000017379.jpg,0,real,blur_s0.5,0.038712,0,1
data\val\real\000000017436.jpg,0,real,blur_s0.5,0.009645,0,1
data\val\real\000000017627.jpg,0,real,blur_s0.5,0.001375,0,1
data\val\real\000000017714.jpg,0,real,blur_s0.5,0.030494,0,1
data\val\real\000000017899.jpg,0,real,blur_s0.5,0.000303,0,1
data\val\real\000000017905.jpg,0,real,blur_s0.5,0.000074,0,1
data\val\real\000000017959.jpg,0,real,blur_s0.5,0.122131,0,1
data\val\real\000000018150.jpg,0,real,blur_s0.5,0.001613,0,1
data\val\real\000000018193.jpg,0,real,blur_s0.5,0.000832,0,1
data\val\real\000000018380.jpg,0,real,blur_s0.5,0.070802,0,1
data\val\real\000000018491.jpg,0,real,blur_s0.5,0.001932,0,1
data\val\real\000000018519.jpg,0,real,blur_s0.5,0.032993,0,1
data\val\real\000000018575.jpg,0,real,blur_s0.5,0.001878,0,1
data\val\real\000000018737.jpg,0,real,blur_s0.5,0.004016,0,1
data\val\real\000000018770.jpg,0,real,blur_s0.5,0.024341,0,1
data\val\real\000000018833.jpg,0,real,blur_s0.5,0.077037,0,1
data\val\real\000000018837.jpg,0,real,blur_s0.5,0.039170,0,1
data\val\real\000000019042.jpg,0,real,blur_s0.5,0.000544,0,1
data\val\real\000000019109.jpg,0,real,blur_s0.5,0.024273,0,1
data\val\real\000000019221.jpg,0,real,blur_s0.5,0.000985,0,1
data\val\real\000000019402.jpg,0,real,blur_s0.5,0.000659,0,1
data\val\real\000000019432.jpg,0,real,blur_s0.5,0.002427,0,1
data\val\real\000000019742.jpg,0,real,blur_s0.5,0.143909,0,1
data\val\real\000000019786.jpg,0,real,blur_s0.5,0.000269,0,1
data\val\real\000000019924.jpg,0,real,blur_s0.5,0.680309,1,0
data\val\real\000000020059.jpg,0,real,blur_s0.5,0.002328,0,1
data\val\real\000000020107.jpg,0,real,blur_s0.5,0.005865,0,1
data\val\real\000000020247.jpg,0,real,blur_s0.5,0.039427,0,1
data\val\real\000000020333.jpg,0,real,blur_s0.5,0.014760,0,1
data\val\real\000000020553.jpg,0,real,blur_s0.5,0.003627,0,1
data\val\real\000000020571.jpg,0,real,blur_s0.5,0.090203,0,1
data\val\real\000000020992.jpg,0,real,blur_s0.5,0.001658,0,1
data\val\real\000000021167.jpg,0,real,blur_s0.5,0.001490,0,1
data\val\real\000000021465.jpg,0,real,blur_s0.5,0.000089,0,1
data\val\real\000000021503.jpg,0,real,blur_s0.5,0.000363,0,1
data\val\real\000000021604.jpg,0,real,blur_s0.5,0.969571,1,0
data\val\real\000000021839.jpg,0,real,blur_s0.5,0.000225,0,1
data\val\real\000000021879.jpg,0,real,blur_s0.5,0.005802,0,1
data\val\real\000000021903.jpg,0,real,blur_s0.5,0.022196,0,1
data\val\real\000000022192.jpg,0,real,blur_s0.5,0.001562,0,1
data\val\real\000000022371.jpg,0,real,blur_s0.5,0.780861,1,0
data\val\real\000000022396.jpg,0,real,blur_s0.5,0.012313,0,1
data\val\real\000000022479.jpg,0,real,blur_s0.5,0.015425,0,1
data\val\real\000000022589.jpg,0,real,blur_s0.5,0.001226,0,1
data\val\real\000000022623.jpg,0,real,blur_s0.5,0.096371,0,1
data\val\real\000000022705.jpg,0,real,blur_s0.5,0.000253,0,1
data\val\real\000000022755.jpg,0,real,blur_s0.5,0.148674,0,1
data\val\real\000000022892.jpg,0,real,blur_s0.5,0.020223,0,1
data\val\real\000000022935.jpg,0,real,blur_s0.5,0.089728,0,1
data\val\real\000000022969.jpg,0,real,blur_s0.5,0.004423,0,1
data\val\real\000000023023.jpg,0,real,blur_s0.5,0.007637,0,1
data\val\real\000000023034.jpg,0,real,blur_s0.5,0.000925,0,1
data\val\real\000000023126.jpg,0,real,blur_s0.5,0.135439,0,1
data\val\real\000000023230.jpg,0,real,blur_s0.5,0.000800,0,1
data\val\real\000000023272.jpg,0,real,blur_s0.5,0.002136,0,1
data\val\real\000000023359.jpg,0,real,blur_s0.5,0.032762,0,1
data\val\real\000000023666.jpg,0,real,blur_s0.5,0.013076,0,1
data\val\real\000000023751.jpg,0,real,blur_s0.5,0.000557,0,1
data\val\real\000000023781.jpg,0,real,blur_s0.5,0.065618,0,1
data\val\real\000000023899.jpg,0,real,blur_s0.5,0.002068,0,1
data\val\real\000000023937.jpg,0,real,blur_s0.5,0.041539,0,1
data\val\real\000000024021.jpg,0,real,blur_s0.5,0.112628,0,1
data\val\real\000000024027.jpg,0,real,blur_s0.5,0.005773,0,1
data\val\real\000000024144.jpg,0,real,blur_s0.5,0.057946,0,1
data\val\real\000000024243.jpg,0,real,blur_s0.5,0.033000,0,1
data\val\real\000000024567.jpg,0,real,blur_s0.5,0.002441,0,1
data\val\real\000000024610.jpg,0,real,blur_s0.5,0.001207,0,1
data\val\real\000000024919.jpg,0,real,blur_s0.5,0.207224,0,1
data\val\real\000000025057.jpg,0,real,blur_s0.5,0.006352,0,1
data\val\real\000000025096.jpg,0,real,blur_s0.5,0.001863,0,1
data\val\real\000000025139.jpg,0,real,blur_s0.5,0.013739,0,1
data\val\real\000000025181.jpg,0,real,blur_s0.5,0.501965,1,0
data\val\real\000000025228.jpg,0,real,blur_s0.5,0.006977,0,1
data\val\real\000000025386.jpg,0,real,blur_s0.5,0.000615,0,1
data\val\real\000000025393.jpg,0,real,blur_s0.5,0.000250,0,1
data\val\real\000000025394.jpg,0,real,blur_s0.5,0.002379,0,1
data\val\real\000000025424.jpg,0,real,blur_s0.5,0.083096,0,1
data\val\real\000000025560.jpg,0,real,blur_s0.5,0.001330,0,1
data\val\real\000000025593.jpg,0,real,blur_s0.5,0.025968,0,1
data\val\real\000000025603.jpg,0,real,blur_s0.5,0.000142,0,1
data\val\real\000000025986.jpg,0,real,blur_s0.5,0.000621,0,1
data\val\real\000000026204.jpg,0,real,blur_s0.5,0.007763,0,1
data\val\real\000000026465.jpg,0,real,blur_s0.5,0.000271,0,1
data\val\real\000000026564.jpg,0,real,blur_s0.5,0.022581,0,1
data\val\real\000000026690.jpg,0,real,blur_s0.5,0.009563,0,1
data\val\real\000000026926.jpg,0,real,blur_s0.5,0.674585,1,0
data\val\real\000000026941.jpg,0,real,blur_s0.5,0.314299,0,1
data\val\real\000000027186.jpg,0,real,blur_s0.5,0.004537,0,1
data\val\real\000000027620.jpg,0,real,blur_s0.5,0.002010,0,1
data\val\real\000000027696.jpg,0,real,blur_s0.5,0.000434,0,1
data\val\real\000000027768.jpg,0,real,blur_s0.5,0.013293,0,1
data\val\real\000000027932.jpg,0,real,blur_s0.5,0.072963,0,1
data\val\real\000000027972.jpg,0,real,blur_s0.5,0.047605,0,1
data\val\real\000000027982.jpg,0,real,blur_s0.5,0.024144,0,1
data\val\real\000000028285.jpg,0,real,blur_s0.5,0.012999,0,1
data\val\real\000000028449.jpg,0,real,blur_s0.5,0.470100,0,1
data\val\real\000000028452.jpg,0,real,blur_s0.5,0.120036,0,1
data\val\real\000000028809.jpg,0,real,blur_s0.5,0.032640,0,1
data\val\real\000000028993.jpg,0,real,blur_s0.5,0.124441,0,1
data\val\real\000000029187.jpg,0,real,blur_s0.5,0.001606,0,1
data\val\real\000000029393.jpg,0,real,blur_s0.5,0.001278,0,1
data\val\real\000000029397.jpg,0,real,blur_s0.5,0.000760,0,1
data\val\real\000000029596.jpg,0,real,blur_s0.5,0.406108,0,1
data\val\real\000000029640.jpg,0,real,blur_s0.5,0.090879,0,1
data\val\real\000000029675.jpg,0,real,blur_s0.5,0.072287,0,1
data\val\real\000000029984.jpg,0,real,blur_s0.5,0.000762,0,1
data\val\real\000000030213.jpg,0,real,blur_s0.5,0.086238,0,1
data\val\real\000000030494.jpg,0,real,blur_s0.5,0.000239,0,1
data\val\real\000000030504.jpg,0,real,blur_s0.5,0.053569,0,1
data\val\real\000000030675.jpg,0,real,blur_s0.5,0.259526,0,1
data\val\real\000000030785.jpg,0,real,blur_s0.5,0.018621,0,1
data\val\real\000000030828.jpg,0,real,blur_s0.5,0.117941,0,1
data\val\real\000000031050.jpg,0,real,blur_s0.5,0.008106,0,1
data\val\real\000000031093.jpg,0,real,blur_s0.5,0.018687,0,1
data\val\real\000000031118.jpg,0,real,blur_s0.5,0.187113,0,1
data\val\real\000000031217.jpg,0,real,blur_s0.5,0.010761,0,1
data\val\real\000000031248.jpg,0,real,blur_s0.5,0.017026,0,1
data\val\real\000000031269.jpg,0,real,blur_s0.5,0.009454,0,1
data\val\real\000000031296.jpg,0,real,blur_s0.5,0.000344,0,1
data\val\real\000000031322.jpg,0,real,blur_s0.5,0.094079,0,1
data\val\real\000000031620.jpg,0,real,blur_s0.5,0.000206,0,1
data\val\real\000000031735.jpg,0,real,blur_s0.5,0.000068,0,1
data\val\real\000000031749.jpg,0,real,blur_s0.5,0.254579,0,1
data\val\real\000000031817.jpg,0,real,blur_s0.5,0.000271,0,1
data\val\real\000000032038.jpg,0,real,blur_s0.5,0.021492,0,1
data\val\real\000000032081.jpg,0,real,blur_s0.5,0.024534,0,1
data\val\real\000000032285.jpg,0,real,blur_s0.5,0.072232,0,1
data\val\real\000000032334.jpg,0,real,blur_s0.5,0.000799,0,1
data\val\real\000000032570.jpg,0,real,blur_s0.5,0.447128,0,1
data\val\real\000000032610.jpg,0,real,blur_s0.5,0.001674,0,1
data\val\real\000000032735.jpg,0,real,blur_s0.5,0.054669,0,1
data\val\real\000000032811.jpg,0,real,blur_s0.5,0.007821,0,1
data\val\real\000000032817.jpg,0,real,blur_s0.5,0.001380,0,1
data\val\real\000000032861.jpg,0,real,blur_s0.5,0.306684,0,1
data\val\real\000000032887.jpg,0,real,blur_s0.5,0.000425,0,1
data\val\real\000000032901.jpg,0,real,blur_s0.5,0.001046,0,1
data\val\real\000000032941.jpg,0,real,blur_s0.5,0.004729,0,1
data\val\real\000000033005.jpg,0,real,blur_s0.5,0.028949,0,1
data\val\real\000000033104.jpg,0,real,blur_s0.5,0.003009,0,1
data\val\real\000000033109.jpg,0,real,blur_s0.5,0.007933,0,1
data\val\real\000000033114.jpg,0,real,blur_s0.5,0.111762,0,1
data\val\real\000000033221.jpg,0,real,blur_s0.5,0.000421,0,1
data\val\real\000000033368.jpg,0,real,blur_s0.5,0.122165,0,1
data\val\real\000000033638.jpg,0,real,blur_s0.5,0.002155,0,1
data\val\real\000000033707.jpg,0,real,blur_s0.5,0.036847,0,1
data\val\real\000000033759.jpg,0,real,blur_s0.5,0.019117,0,1
data\val\real\000000033854.jpg,0,real,blur_s0.5,0.068958,0,1
data\val\real\000000034071.jpg,0,real,blur_s0.5,0.492058,0,1
data\val\real\000000034139.jpg,0,real,blur_s0.5,0.011879,0,1
data\val\real\000000034205.jpg,0,real,blur_s0.5,0.078852,0,1
data\val\real\000000034257.jpg,0,real,blur_s0.5,0.370166,0,1
data\val\real\000000034417.jpg,0,real,blur_s0.5,0.039742,0,1
data\val\real\000000034452.jpg,0,real,blur_s0.5,0.000577,0,1
data\val\real\000000034760.jpg,0,real,blur_s0.5,0.002592,0,1
data\val\real\000000034873.jpg,0,real,blur_s0.5,0.006075,0,1
data\val\real\000000035062.jpg,0,real,blur_s0.5,0.010996,0,1
data\val\real\000000035197.jpg,0,real,blur_s0.5,0.064964,0,1
data\val\real\000000035279.jpg,0,real,blur_s0.5,0.005994,0,1
data\val\real\000000035326.jpg,0,real,blur_s0.5,0.002974,0,1
data\val\real\000000035682.jpg,0,real,blur_s0.5,0.002765,0,1
data\val\real\000000035770.jpg,0,real,blur_s0.5,0.006088,0,1
data\val\real\000000035963.jpg,0,real,blur_s0.5,0.001128,0,1
data\val\real\000000036494.jpg,0,real,blur_s0.5,0.090385,0,1
data\val\real\000000036539.jpg,0,real,blur_s0.5,0.000568,0,1
data\val\real\000000036660.jpg,0,real,blur_s0.5,0.016027,0,1
data\val\real\000000036678.jpg,0,real,blur_s0.5,0.043330,0,1
data\val\real\000000036844.jpg,0,real,blur_s0.5,0.001668,0,1
data\val\real\000000036861.jpg,0,real,blur_s0.5,0.017913,0,1
data\val\real\000000036936.jpg,0,real,blur_s0.5,0.000167,0,1
data\val\real\000000037670.jpg,0,real,blur_s0.5,0.018553,0,1
data\val\real\000000037689.jpg,0,real,blur_s0.5,0.036064,0,1
data\val\real\000000037740.jpg,0,real,blur_s0.5,0.038674,0,1
data\val\real\000000037751.jpg,0,real,blur_s0.5,0.015937,0,1
data\val\real\000000037777.jpg,0,real,blur_s0.5,0.014896,0,1
data\val\real\000000037988.jpg,0,real,blur_s0.5,0.003537,0,1
data\val\real\000000038048.jpg,0,real,blur_s0.5,0.002641,0,1
data\val\real\000000038070.jpg,0,real,blur_s0.5,0.084322,0,1
data\val\real\000000038118.jpg,0,real,blur_s0.5,0.188038,0,1
data\val\real\000000038210.jpg,0,real,blur_s0.5,0.044374,0,1
data\val\real\000000038576.jpg,0,real,blur_s0.5,0.041920,0,1
data\val\real\000000038678.jpg,0,real,blur_s0.5,0.000239,0,1
data\val\real\000000038825.jpg,0,real,blur_s0.5,0.051110,0,1
data\val\real\000000038829.jpg,0,real,blur_s0.5,0.003849,0,1
data\val\real\000000039405.jpg,0,real,blur_s0.5,0.001708,0,1
data\val\real\000000039477.jpg,0,real,blur_s0.5,0.051314,0,1
data\val\real\000000039480.jpg,0,real,blur_s0.5,0.018324,0,1
data\val\real\000000039484.jpg,0,real,blur_s0.5,0.094625,0,1
data\val\real\000000039551.jpg,0,real,blur_s0.5,0.279170,0,1
data\val\real\000000039670.jpg,0,real,blur_s0.5,0.081628,0,1
data\val\real\000000039769.jpg,0,real,blur_s0.5,0.000662,0,1
data\val\real\000000039785.jpg,0,real,blur_s0.5,0.005148,0,1
data\val\real\000000039914.jpg,0,real,blur_s0.5,0.000590,0,1
data\val\real\000000039951.jpg,0,real,blur_s0.5,0.010602,0,1
data\val\real\000000039956.jpg,0,real,blur_s0.5,0.607048,1,0
data\val\real\000000040036.jpg,0,real,blur_s0.5,0.080817,0,1
data\val\real\000000040083.jpg,0,real,blur_s0.5,0.001738,0,1
data\val\real\000000040471.jpg,0,real,blur_s0.5,0.003080,0,1
data\val\real\000000040757.jpg,0,real,blur_s0.5,0.008568,0,1
data\val\real\000000041488.jpg,0,real,blur_s0.5,0.322684,0,1
data\val\real\000000041633.jpg,0,real,blur_s0.5,0.589921,1,0
data\val\real\000000041635.jpg,0,real,blur_s0.5,0.038803,0,1
data\val\real\000000041872.jpg,0,real,blur_s0.5,0.045783,0,1
data\val\real\000000041888.jpg,0,real,blur_s0.5,0.002871,0,1
data\val\real\000000041990.jpg,0,real,blur_s0.5,0.001047,0,1
data\val\real\000000042070.jpg,0,real,blur_s0.5,0.041814,0,1
data\val\real\000000042102.jpg,0,real,blur_s0.5,0.003203,0,1
data\val\real\000000042178.jpg,0,real,blur_s0.5,0.411741,0,1
data\val\real\000000042276.jpg,0,real,blur_s0.5,0.005266,0,1
data\val\real\000000042296.jpg,0,real,blur_s0.5,0.008630,0,1
data\val\real\000000042528.jpg,0,real,blur_s0.5,0.000188,0,1
data\val\real\000000042563.jpg,0,real,blur_s0.5,0.043449,0,1
data\val\real\000000042628.jpg,0,real,blur_s0.5,0.005623,0,1
data\val\real\000000042888.jpg,0,real,blur_s0.5,0.001238,0,1
data\val\real\000000042889.jpg,0,real,blur_s0.5,0.001491,0,1
data\val\real\000000043314.jpg,0,real,blur_s0.5,0.021973,0,1
data\val\real\000000043435.jpg,0,real,blur_s0.5,0.042957,0,1
data\val\real\000000043581.jpg,0,real,blur_s0.5,0.038738,0,1
data\val\real\000000043737.jpg,0,real,blur_s0.5,0.040314,0,1
data\val\real\000000043816.jpg,0,real,blur_s0.5,0.014111,0,1
data\val\real\000000044068.jpg,0,real,blur_s0.5,0.000817,0,1
data\val\real\000000044195.jpg,0,real,blur_s0.5,0.023883,0,1
data\val\real\000000044260.jpg,0,real,blur_s0.5,0.781641,1,0
data\val\real\000000044279.jpg,0,real,blur_s0.5,0.025423,0,1
data\val\real\000000044590.jpg,0,real,blur_s0.5,0.002767,0,1
data\val\real\000000044652.jpg,0,real,blur_s0.5,0.062777,0,1
data\val\real\000000044699.jpg,0,real,blur_s0.5,0.563724,1,0
data\val\real\000000044877.jpg,0,real,blur_s0.5,0.032857,0,1
data\val\real\000000045070.jpg,0,real,blur_s0.5,0.007240,0,1
data\val\real\000000045090.jpg,0,real,blur_s0.5,0.007857,0,1
data\val\real\000000045229.jpg,0,real,blur_s0.5,0.479397,0,1
data\val\real\000000045472.jpg,0,real,blur_s0.5,0.014348,0,1
data\val\real\000000045550.jpg,0,real,blur_s0.5,0.001201,0,1
data\val\real\000000045596.jpg,0,real,blur_s0.5,0.005191,0,1
data\val\real\000000045728.jpg,0,real,blur_s0.5,0.006740,0,1
data\val\real\000000046031.jpg,0,real,blur_s0.5,0.005204,0,1
data\val\real\000000046048.jpg,0,real,blur_s0.5,0.002078,0,1
data\val\real\000000046252.jpg,0,real,blur_s0.5,0.333574,0,1
data\val\real\000000046378.jpg,0,real,blur_s0.5,0.005256,0,1
data\val\real\000000046463.jpg,0,real,blur_s0.5,0.000882,0,1
data\val\real\000000046497.jpg,0,real,blur_s0.5,0.004008,0,1
data\val\real\000000046804.jpg,0,real,blur_s0.5,0.024502,0,1
data\val\real\000000046872.jpg,0,real,blur_s0.5,0.294060,0,1
data\val\real\000000047010.jpg,0,real,blur_s0.5,0.023646,0,1
data\val\real\000000047112.jpg,0,real,blur_s0.5,0.021780,0,1
data\val\real\000000047121.jpg,0,real,blur_s0.5,0.002333,0,1
data\val\real\000000047571.jpg,0,real,blur_s0.5,0.020685,0,1
data\val\real\000000047585.jpg,0,real,blur_s0.5,0.001360,0,1
data\val\real\000000047740.jpg,0,real,blur_s0.5,0.000675,0,1
data\val\real\000000047769.jpg,0,real,blur_s0.5,0.001997,0,1
data\val\real\000000047801.jpg,0,real,blur_s0.5,0.011733,0,1
data\val\real\000000047819.jpg,0,real,blur_s0.5,0.001384,0,1
data\val\real\000000047828.jpg,0,real,blur_s0.5,0.388597,0,1
data\val\real\000000048153.jpg,0,real,blur_s0.5,0.008383,0,1
data\val\real\000000048396.jpg,0,real,blur_s0.5,0.000263,0,1
data\val\real\000000048504.jpg,0,real,blur_s0.5,0.091687,0,1
data\val\real\000000048555.jpg,0,real,blur_s0.5,0.270348,0,1
data\val\real\000000048564.jpg,0,real,blur_s0.5,0.002807,0,1
data\val\real\000000048924.jpg,0,real,blur_s0.5,0.826855,1,0
data\val\real\000000049060.jpg,0,real,blur_s0.5,0.001093,0,1
data\val\real\000000049091.jpg,0,real,blur_s0.5,0.133106,0,1
data\val\real\000000049259.jpg,0,real,blur_s0.5,0.000332,0,1
data\val\real\000000049269.jpg,0,real,blur_s0.5,0.274557,0,1
data\val\real\000000049759.jpg,0,real,blur_s0.5,0.088377,0,1
data\val\real\000000049761.jpg,0,real,blur_s0.5,0.008934,0,1
data\val\real\000000049810.jpg,0,real,blur_s0.5,0.081558,0,1
data\val\real\000000050006.jpg,0,real,blur_s0.5,0.052540,0,1
data\val\real\000000050145.jpg,0,real,blur_s0.5,0.002524,0,1
data\val\real\000000050149.jpg,0,real,blur_s0.5,0.009042,0,1
data\val\real\000000050165.jpg,0,real,blur_s0.5,0.126303,0,1
data\val\real\000000050326.jpg,0,real,blur_s0.5,0.000542,0,1
data\val\real\000000050331.jpg,0,real,blur_s0.5,0.004654,0,1
data\val\real\000000050380.jpg,0,real,blur_s0.5,0.032275,0,1
data\val\real\000000050638.jpg,0,real,blur_s0.5,0.466966,0,1
data\val\real\000000050679.jpg,0,real,blur_s0.5,0.313294,0,1
data\val\real\000000050811.jpg,0,real,blur_s0.5,0.006723,0,1
data\val\real\000000050828.jpg,0,real,blur_s0.5,0.043487,0,1
data\val\real\000000050844.jpg,0,real,blur_s0.5,0.078209,0,1
data\val\real\000000050896.jpg,0,real,blur_s0.5,0.115213,0,1
data\val\real\000000050943.jpg,0,real,blur_s0.5,0.008812,0,1
data\val\real\000000051008.jpg,0,real,blur_s0.5,0.003152,0,1
data\val\real\000000051309.jpg,0,real,blur_s0.5,0.004407,0,1
data\val\real\000000051314.jpg,0,real,blur_s0.5,0.013816,0,1
data\val\real\000000051326.jpg,0,real,blur_s0.5,0.009242,0,1
data\val\real\000000051598.jpg,0,real,blur_s0.5,0.000422,0,1
data\val\real\000000051610.jpg,0,real,blur_s0.5,0.112642,0,1
data\val\real\000000051712.jpg,0,real,blur_s0.5,0.068244,0,1
data\val\real\000000051738.jpg,0,real,blur_s0.5,0.020481,0,1
data\val\real\000000051938.jpg,0,real,blur_s0.5,0.028708,0,1
data\val\real\000000051961.jpg,0,real,blur_s0.5,0.041381,0,1
data\val\real\000000051976.jpg,0,real,blur_s0.5,0.081110,0,1
data\val\real\000000052007.jpg,0,real,blur_s0.5,0.031810,0,1
data\val\real\000000052017.jpg,0,real,blur_s0.5,0.532972,1,0
data\val\real\000000052412.jpg,0,real,blur_s0.5,0.278776,0,1
data\val\real\000000052413.jpg,0,real,blur_s0.5,0.003232,0,1
data\val\real\000000052462.jpg,0,real,blur_s0.5,0.106415,0,1
data\val\real\000000052507.jpg,0,real,blur_s0.5,0.012482,0,1
data\val\real\000000052565.jpg,0,real,blur_s0.5,0.083267,0,1
data\val\real\000000052591.jpg,0,real,blur_s0.5,0.354858,0,1
data\val\real\000000052891.jpg,0,real,blur_s0.5,0.133448,0,1
data\val\real\000000052996.jpg,0,real,blur_s0.5,0.000563,0,1
data\val\real\000000053505.jpg,0,real,blur_s0.5,0.028884,0,1
data\val\real\000000053529.jpg,0,real,blur_s0.5,0.063125,0,1
data\val\real\000000053624.jpg,0,real,blur_s0.5,0.001710,0,1
data\val\real\000000053626.jpg,0,real,blur_s0.5,0.003998,0,1
data\val\real\000000053909.jpg,0,real,blur_s0.5,0.004145,0,1
data\val\real\000000053994.jpg,0,real,blur_s0.5,0.100903,0,1
data\val\real\000000054123.jpg,0,real,blur_s0.5,0.141047,0,1
data\val\real\000000054164.jpg,0,real,blur_s0.5,0.074034,0,1
data\val\real\000000054592.jpg,0,real,blur_s0.5,0.108882,0,1
data\val\real\000000054593.jpg,0,real,blur_s0.5,0.018870,0,1
data\val\real\000000054605.jpg,0,real,blur_s0.5,0.020759,0,1
data\val\real\000000054628.jpg,0,real,blur_s0.5,0.022247,0,1
data\val\real\000000054654.jpg,0,real,blur_s0.5,0.000693,0,1
data\val\real\000000054931.jpg,0,real,blur_s0.5,0.205073,0,1
data\val\real\000000054967.jpg,0,real,blur_s0.5,0.203082,0,1
data\val\real\000000055002.jpg,0,real,blur_s0.5,0.009134,0,1
data\val\real\000000055022.jpg,0,real,blur_s0.5,0.008587,0,1
data\val\real\000000055072.jpg,0,real,blur_s0.5,0.270297,0,1
data\val\real\000000055150.jpg,0,real,blur_s0.5,0.006132,0,1
data\val\real\000000055167.jpg,0,real,blur_s0.5,0.000713,0,1
data\val\real\000000055299.jpg,0,real,blur_s0.5,0.102131,0,1
data\val\real\000000055528.jpg,0,real,blur_s0.5,0.000699,0,1
data\val\real\000000055950.jpg,0,real,blur_s0.5,0.025666,0,1
data\val\real\000000056127.jpg,0,real,blur_s0.5,0.010462,0,1
data\val\real\000000056288.jpg,0,real,blur_s0.5,0.008483,0,1
data\val\real\000000056344.jpg,0,real,blur_s0.5,0.023786,0,1
data\val\real\000000056350.jpg,0,real,blur_s0.5,0.018655,0,1
data\val\real\000000056545.jpg,0,real,blur_s0.5,0.003382,0,1
data\val\ai\ai_000001.png,1,ai,blur_s0.5,0.876637,1,1
data\val\ai\ai_000002.png,1,ai,blur_s0.5,0.851543,1,1
data\val\ai\ai_000003.png,1,ai,blur_s0.5,0.976755,1,1
data\val\ai\ai_000004.png,1,ai,blur_s0.5,0.758562,1,1
data\val\ai\ai_000005.png,1,ai,blur_s0.5,0.791580,1,1
data\val\ai\ai_000006.png,1,ai,blur_s0.5,0.936507,1,1
data\val\ai\ai_000007.png,1,ai,blur_s0.5,0.245032,0,0
data\val\ai\ai_000008.png,1,ai,blur_s0.5,0.959144,1,1
data\val\ai\ai_000009.png,1,ai,blur_s0.5,0.643929,1,1
data\val\ai\ai_000010.png,1,ai,blur_s0.5,0.975013,1,1
data\val\ai\ai_000011.png,1,ai,blur_s0.5,0.983133,1,1
data\val\ai\ai_000012.png,1,ai,blur_s0.5,0.647473,1,1
data\val\ai\ai_000013.png,1,ai,blur_s0.5,0.993797,1,1
data\val\ai\ai_000014.png,1,ai,blur_s0.5,0.998106,1,1
data\val\ai\ai_000015.png,1,ai,blur_s0.5,0.988064,1,1
data\val\ai\ai_000016.png,1,ai,blur_s0.5,0.963046,1,1
data\val\ai\ai_000017.png,1,ai,blur_s0.5,0.849776,1,1
data\val\ai\ai_000018.png,1,ai,blur_s0.5,0.872349,1,1
data\val\ai\ai_000019.png,1,ai,blur_s0.5,0.646653,1,1
data\val\ai\ai_000020.png,1,ai,blur_s0.5,0.734397,1,1
data\val\ai\ai_000021.png,1,ai,blur_s0.5,0.993229,1,1
data\val\ai\ai_000022.png,1,ai,blur_s0.5,0.218165,0,0
data\val\ai\ai_000023.png,1,ai,blur_s0.5,0.969413,1,1
data\val\ai\ai_000024.png,1,ai,blur_s0.5,0.950912,1,1
data\val\ai\ai_000025.png,1,ai,blur_s0.5,0.956951,1,1
data\val\ai\ai_000026.png,1,ai,blur_s0.5,0.796958,1,1
data\val\ai\ai_000027.png,1,ai,blur_s0.5,0.225099,0,0
data\val\ai\ai_000028.png,1,ai,blur_s0.5,0.915381,1,1
data\val\ai\ai_000029.png,1,ai,blur_s0.5,0.994391,1,1
data\val\ai\ai_000030.png,1,ai,blur_s0.5,0.745707,1,1
data\val\ai\ai_000031.png,1,ai,blur_s0.5,0.894321,1,1
data\val\ai\ai_000032.png,1,ai,blur_s0.5,0.939474,1,1
data\val\ai\ai_000033.png,1,ai,blur_s0.5,0.978884,1,1
data\val\ai\ai_000034.png,1,ai,blur_s0.5,0.980827,1,1
data\val\ai\ai_000035.png,1,ai,blur_s0.5,0.366195,0,0
data\val\ai\ai_000036.png,1,ai,blur_s0.5,0.985595,1,1
data\val\ai\ai_000037.png,1,ai,blur_s0.5,0.675836,1,1
data\val\ai\ai_000038.png,1,ai,blur_s0.5,0.653188,1,1
data\val\ai\ai_000039.png,1,ai,blur_s0.5,0.569370,1,1
data\val\ai\ai_000040.png,1,ai,blur_s0.5,0.382278,0,0
data\val\ai\ai_000041.png,1,ai,blur_s0.5,0.999248,1,1
data\val\ai\ai_000042.png,1,ai,blur_s0.5,0.999526,1,1
data\val\ai\ai_000043.png,1,ai,blur_s0.5,0.999562,1,1
data\val\ai\ai_000044.png,1,ai,blur_s0.5,0.767013,1,1
data\val\ai\ai_000045.png,1,ai,blur_s0.5,0.938687,1,1
data\val\ai\ai_000046.png,1,ai,blur_s0.5,0.962021,1,1
data\val\ai\ai_000047.png,1,ai,blur_s0.5,0.541492,1,1
data\val\ai\ai_000048.png,1,ai,blur_s0.5,0.895595,1,1
data\val\ai\ai_000049.png,1,ai,blur_s0.5,0.612496,1,1
data\val\ai\ai_000050.png,1,ai,blur_s0.5,0.846259,1,1
data\val\ai\ai_000051.png,1,ai,blur_s0.5,0.984250,1,1
data\val\ai\ai_000052.png,1,ai,blur_s0.5,0.987409,1,1
data\val\ai\ai_000053.png,1,ai,blur_s0.5,0.855178,1,1
data\val\ai\ai_000054.png,1,ai,blur_s0.5,0.563597,1,1
data\val\ai\ai_000055.png,1,ai,blur_s0.5,0.463376,0,0
data\val\ai\ai_000056.png,1,ai,blur_s0.5,0.963842,1,1
data\val\ai\ai_000057.png,1,ai,blur_s0.5,0.611708,1,1
data\val\ai\ai_000058.png,1,ai,blur_s0.5,0.196340,0,0
data\val\ai\ai_000059.png,1,ai,blur_s0.5,0.224475,0,0
data\val\ai\ai_000060.png,1,ai,blur_s0.5,0.948581,1,1
data\val\ai\ai_000061.png,1,ai,blur_s0.5,0.995113,1,1
data\val\ai\ai_000062.png,1,ai,blur_s0.5,0.936819,1,1
data\val\ai\ai_000063.png,1,ai,blur_s0.5,0.433737,0,0
data\val\ai\ai_000064.png,1,ai,blur_s0.5,0.070007,0,0
data\val\ai\ai_000065.png,1,ai,blur_s0.5,0.797344,1,1
data\val\ai\ai_000066.png,1,ai,blur_s0.5,0.894504,1,1
data\val\ai\ai_000067.png,1,ai,blur_s0.5,0.954543,1,1
data\val\ai\ai_000068.png,1,ai,blur_s0.5,0.438296,0,0
data\val\ai\ai_000069.png,1,ai,blur_s0.5,0.917426,1,1
data\val\ai\ai_000070.png,1,ai,blur_s0.5,0.817556,1,1
data\val\ai\ai_000071.png,1,ai,blur_s0.5,0.998982,1,1
data\val\ai\ai_000072.png,1,ai,blur_s0.5,0.718506,1,1
data\val\ai\ai_000073.png,1,ai,blur_s0.5,0.997084,1,1
data\val\ai\ai_000074.png,1,ai,blur_s0.5,0.997109,1,1
data\val\ai\ai_000075.png,1,ai,blur_s0.5,0.996406,1,1
data\val\ai\ai_000076.png,1,ai,blur_s0.5,0.960284,1,1
data\val\ai\ai_000077.png,1,ai,blur_s0.5,0.473516,0,0
data\val\ai\ai_000078.png,1,ai,blur_s0.5,0.634614,1,1
data\val\ai\ai_000079.png,1,ai,blur_s0.5,0.905094,1,1
data\val\ai\ai_000080.png,1,ai,blur_s0.5,0.275128,0,0
data\val\ai\ai_000081.png,1,ai,blur_s0.5,0.901480,1,1
data\val\ai\ai_000082.png,1,ai,blur_s0.5,0.997469,1,1
data\val\ai\ai_000083.png,1,ai,blur_s0.5,0.942203,1,1
data\val\ai\ai_000084.png,1,ai,blur_s0.5,0.971365,1,1
data\val\ai\ai_000085.png,1,ai,blur_s0.5,0.973533,1,1
data\val\ai\ai_000086.png,1,ai,blur_s0.5,0.899737,1,1
data\val\ai\ai_000087.png,1,ai,blur_s0.5,0.839338,1,1
data\val\ai\ai_000088.png,1,ai,blur_s0.5,0.478935,0,0
data\val\ai\ai_000089.png,1,ai,blur_s0.5,0.691810,1,1
data\val\ai\ai_000090.png,1,ai,blur_s0.5,0.854385,1,1
data\val\ai\ai_000091.png,1,ai,blur_s0.5,0.990563,1,1
data\val\ai\ai_000092.png,1,ai,blur_s0.5,0.953932,1,1
data\val\ai\ai_000093.png,1,ai,blur_s0.5,0.983288,1,1
data\val\ai\ai_000094.png,1,ai,blur_s0.5,0.988866,1,1
data\val\ai\ai_000095.png,1,ai,blur_s0.5,0.925412,1,1
data\val\ai\ai_000096.png,1,ai,blur_s0.5,0.989170,1,1
data\val\ai\ai_000097.png,1,ai,blur_s0.5,0.066994,0,0
data\val\ai\ai_000098.png,1,ai,blur_s0.5,0.994334,1,1
data\val\ai\ai_000099.png,1,ai,blur_s0.5,0.636363,1,1
data\val\ai\ai_000100.png,1,ai,blur_s0.5,0.994342,1,1
data\val\ai\ai_000101.png,1,ai,blur_s0.5,0.991343,1,1
data\val\ai\ai_000102.png,1,ai,blur_s0.5,0.188406,0,0
data\val\ai\ai_000103.png,1,ai,blur_s0.5,0.968883,1,1
data\val\ai\ai_000104.png,1,ai,blur_s0.5,0.963740,1,1
data\val\ai\ai_000105.png,1,ai,blur_s0.5,0.112678,0,0
data\val\ai\ai_000106.png,1,ai,blur_s0.5,0.287960,0,0
data\val\ai\ai_000107.png,1,ai,blur_s0.5,0.869218,1,1
data\val\ai\ai_000108.png,1,ai,blur_s0.5,0.960840,1,1
data\val\ai\ai_000109.png,1,ai,blur_s0.5,0.992394,1,1
data\val\ai\ai_000110.png,1,ai,blur_s0.5,0.975054,1,1
data\val\ai\ai_000111.png,1,ai,blur_s0.5,0.649017,1,1
data\val\ai\ai_000112.png,1,ai,blur_s0.5,0.187045,0,0
data\val\ai\ai_000113.png,1,ai,blur_s0.5,0.961222,1,1
data\val\ai\ai_000114.png,1,ai,blur_s0.5,0.879985,1,1
data\val\ai\ai_000115.png,1,ai,blur_s0.5,0.517456,1,1
data\val\ai\ai_000116.png,1,ai,blur_s0.5,0.927245,1,1
data\val\ai\ai_000117.png,1,ai,blur_s0.5,0.958422,1,1
data\val\ai\ai_000118.png,1,ai,blur_s0.5,0.857165,1,1
data\val\ai\ai_000119.png,1,ai,blur_s0.5,0.488363,0,0
data\val\ai\ai_000120.png,1,ai,blur_s0.5,0.842207,1,1
data\val\ai\ai_000121.png,1,ai,blur_s0.5,0.981359,1,1
data\val\ai\ai_000122.png,1,ai,blur_s0.5,0.424130,0,0
data\val\ai\ai_000123.png,1,ai,blur_s0.5,0.556549,1,1
data\val\ai\ai_000124.png,1,ai,blur_s0.5,0.594807,1,1
data\val\ai\ai_000125.png,1,ai,blur_s0.5,0.994348,1,1
data\val\ai\ai_000126.png,1,ai,blur_s0.5,0.899652,1,1
data\val\ai\ai_000127.png,1,ai,blur_s0.5,0.874905,1,1
data\val\ai\ai_000128.png,1,ai,blur_s0.5,0.863215,1,1
data\val\ai\ai_000129.png,1,ai,blur_s0.5,0.964546,1,1
data\val\ai\ai_000130.png,1,ai,blur_s0.5,0.464773,0,0
data\val\ai\ai_000131.png,1,ai,blur_s0.5,0.993401,1,1
data\val\ai\ai_000132.png,1,ai,blur_s0.5,0.732248,1,1
data\val\ai\ai_000133.png,1,ai,blur_s0.5,0.993565,1,1
data\val\ai\ai_000134.png,1,ai,blur_s0.5,0.963091,1,1
data\val\ai\ai_000135.png,1,ai,blur_s0.5,0.995525,1,1
data\val\ai\ai_000136.png,1,ai,blur_s0.5,0.770594,1,1
data\val\ai\ai_000137.png,1,ai,blur_s0.5,0.481185,0,0
data\val\ai\ai_000138.png,1,ai,blur_s0.5,0.590016,1,1
data\val\ai\ai_000139.png,1,ai,blur_s0.5,0.991812,1,1
data\val\ai\ai_000140.png,1,ai,blur_s0.5,0.829012,1,1
data\val\ai\ai_000141.png,1,ai,blur_s0.5,0.999060,1,1
data\val\ai\ai_000142.png,1,ai,blur_s0.5,0.815153,1,1
data\val\ai\ai_000143.png,1,ai,blur_s0.5,0.998761,1,1
data\val\ai\ai_000144.png,1,ai,blur_s0.5,0.943188,1,1
data\val\ai\ai_000145.png,1,ai,blur_s0.5,0.962842,1,1
data\val\ai\ai_000146.png,1,ai,blur_s0.5,0.723774,1,1
data\val\ai\ai_000147.png,1,ai,blur_s0.5,0.756559,1,1
data\val\ai\ai_000148.png,1,ai,blur_s0.5,0.132322,0,0
data\val\ai\ai_000149.png,1,ai,blur_s0.5,0.726753,1,1
data\val\ai\ai_000150.png,1,ai,blur_s0.5,0.959382,1,1
data\val\ai\ai_000151.png,1,ai,blur_s0.5,0.896679,1,1
data\val\ai\ai_000152.png,1,ai,blur_s0.5,0.710050,1,1
data\val\ai\ai_000153.png,1,ai,blur_s0.5,0.996973,1,1
data\val\ai\ai_000154.png,1,ai,blur_s0.5,0.942898,1,1
data\val\ai\ai_000155.png,1,ai,blur_s0.5,0.576237,1,1
data\val\ai\ai_000156.png,1,ai,blur_s0.5,0.529554,1,1
data\val\ai\ai_000157.png,1,ai,blur_s0.5,0.388451,0,0
data\val\ai\ai_000158.png,1,ai,blur_s0.5,0.682632,1,1
data\val\ai\ai_000159.png,1,ai,blur_s0.5,0.994923,1,1
data\val\ai\ai_000160.png,1,ai,blur_s0.5,0.067528,0,0
data\val\ai\ai_000161.png,1,ai,blur_s0.5,0.474703,0,0
data\val\ai\ai_000162.png,1,ai,blur_s0.5,0.572048,1,1
data\val\ai\ai_000163.png,1,ai,blur_s0.5,0.998494,1,1
data\val\ai\ai_000164.png,1,ai,blur_s0.5,0.988885,1,1
data\val\ai\ai_000165.png,1,ai,blur_s0.5,0.950878,1,1
data\val\ai\ai_000166.png,1,ai,blur_s0.5,0.987716,1,1
data\val\ai\ai_000167.png,1,ai,blur_s0.5,0.418236,0,0
data\val\ai\ai_000168.png,1,ai,blur_s0.5,0.137024,0,0
data\val\ai\ai_000169.png,1,ai,blur_s0.5,0.968142,1,1
data\val\ai\ai_000170.png,1,ai,blur_s0.5,0.973053,1,1
data\val\ai\ai_000171.png,1,ai,blur_s0.5,0.643772,1,1
data\val\ai\ai_000172.png,1,ai,blur_s0.5,0.985275,1,1
data\val\ai\ai_000173.png,1,ai,blur_s0.5,0.987736,1,1
data\val\ai\ai_000174.png,1,ai,blur_s0.5,0.997597,1,1
data\val\ai\ai_000175.png,1,ai,blur_s0.5,0.987406,1,1
data\val\ai\ai_000176.png,1,ai,blur_s0.5,0.997534,1,1
data\val\ai\ai_000177.png,1,ai,blur_s0.5,0.864658,1,1
data\val\ai\ai_000178.png,1,ai,blur_s0.5,0.918120,1,1
data\val\ai\ai_000179.png,1,ai,blur_s0.5,0.934278,1,1
data\val\ai\ai_000180.png,1,ai,blur_s0.5,0.926321,1,1
data\val\ai\ai_000181.png,1,ai,blur_s0.5,0.925481,1,1
data\val\ai\ai_000182.png,1,ai,blur_s0.5,0.188362,0,0
data\val\ai\ai_000183.png,1,ai,blur_s0.5,0.944459,1,1
data\val\ai\ai_000184.png,1,ai,blur_s0.5,0.952758,1,1
data\val\ai\ai_000185.png,1,ai,blur_s0.5,0.965662,1,1
data\val\ai\ai_000186.png,1,ai,blur_s0.5,0.933973,1,1
data\val\ai\ai_000187.png,1,ai,blur_s0.5,0.794139,1,1
data\val\ai\ai_000188.png,1,ai,blur_s0.5,0.785957,1,1
data\val\ai\ai_000189.png,1,ai,blur_s0.5,0.988879,1,1
data\val\ai\ai_000190.png,1,ai,blur_s0.5,0.944860,1,1
data\val\ai\ai_000191.png,1,ai,blur_s0.5,0.704050,1,1
data\val\ai\ai_000192.png,1,ai,blur_s0.5,0.852959,1,1
data\val\ai\ai_000193.png,1,ai,blur_s0.5,0.967726,1,1
data\val\ai\ai_000194.png,1,ai,blur_s0.5,0.611589,1,1
data\val\ai\ai_000195.png,1,ai,blur_s0.5,0.606557,1,1
data\val\ai\ai_000196.png,1,ai,blur_s0.5,0.981142,1,1
data\val\ai\ai_000197.png,1,ai,blur_s0.5,0.817136,1,1
data\val\ai\ai_000198.png,1,ai,blur_s0.5,0.867988,1,1
data\val\ai\ai_000199.png,1,ai,blur_s0.5,0.921897,1,1
data\val\ai\ai_000200.png,1,ai,blur_s0.5,0.972247,1,1
data\val\ai\ai_000201.png,1,ai,blur_s0.5,0.942984,1,1
data\val\ai\ai_000202.png,1,ai,blur_s0.5,0.745088,1,1
data\val\ai\ai_000203.png,1,ai,blur_s0.5,0.969792,1,1
data\val\ai\ai_000204.png,1,ai,blur_s0.5,0.986473,1,1
data\val\ai\ai_000205.png,1,ai,blur_s0.5,0.150245,0,0
data\val\ai\ai_000206.png,1,ai,blur_s0.5,0.994217,1,1
data\val\ai\ai_000207.png,1,ai,blur_s0.5,0.803176,1,1
data\val\ai\ai_000208.png,1,ai,blur_s0.5,0.420292,0,0
data\val\ai\ai_000209.png,1,ai,blur_s0.5,0.924275,1,1
data\val\ai\ai_000210.png,1,ai,blur_s0.5,0.878669,1,1
data\val\ai\ai_000211.png,1,ai,blur_s0.5,0.964380,1,1
data\val\ai\ai_000212.png,1,ai,blur_s0.5,0.998009,1,1
data\val\ai\ai_000213.png,1,ai,blur_s0.5,0.949904,1,1
data\val\ai\ai_000214.png,1,ai,blur_s0.5,0.997551,1,1
data\val\ai\ai_000215.png,1,ai,blur_s0.5,0.862810,1,1
data\val\ai\ai_000216.png,1,ai,blur_s0.5,0.987244,1,1
data\val\ai\ai_000217.png,1,ai,blur_s0.5,0.136161,0,0
data\val\ai\ai_000218.png,1,ai,blur_s0.5,0.943836,1,1
data\val\ai\ai_000219.png,1,ai,blur_s0.5,0.390530,0,0
data\val\ai\ai_000220.png,1,ai,blur_s0.5,0.422593,0,0
data\val\ai\ai_000221.png,1,ai,blur_s0.5,0.993390,1,1
data\val\ai\ai_000222.png,1,ai,blur_s0.5,0.773647,1,1
data\val\ai\ai_000223.png,1,ai,blur_s0.5,0.922777,1,1
data\val\ai\ai_000224.png,1,ai,blur_s0.5,0.949766,1,1
data\val\ai\ai_000225.png,1,ai,blur_s0.5,0.865148,1,1
data\val\ai\ai_000226.png,1,ai,blur_s0.5,0.994814,1,1
data\val\ai\ai_000227.png,1,ai,blur_s0.5,0.187001,0,0
data\val\ai\ai_000228.png,1,ai,blur_s0.5,0.216013,0,0
data\val\ai\ai_000229.png,1,ai,blur_s0.5,0.962865,1,1
data\val\ai\ai_000230.png,1,ai,blur_s0.5,0.980923,1,1
data\val\ai\ai_000231.png,1,ai,blur_s0.5,0.994278,1,1
data\val\ai\ai_000232.png,1,ai,blur_s0.5,0.901288,1,1
data\val\ai\ai_000233.png,1,ai,blur_s0.5,0.936799,1,1
data\val\ai\ai_000234.png,1,ai,blur_s0.5,0.999213,1,1
data\val\ai\ai_000235.png,1,ai,blur_s0.5,0.991525,1,1
data\val\ai\ai_000236.png,1,ai,blur_s0.5,0.982468,1,1
data\val\ai\ai_000237.png,1,ai,blur_s0.5,0.224949,0,0
data\val\ai\ai_000238.png,1,ai,blur_s0.5,0.167015,0,0
data\val\ai\ai_000239.png,1,ai,blur_s0.5,0.892240,1,1
data\val\ai\ai_000240.png,1,ai,blur_s0.5,0.563834,1,1
data\val\ai\ai_000241.png,1,ai,blur_s0.5,0.983476,1,1
data\val\ai\ai_000242.png,1,ai,blur_s0.5,0.833389,1,1
data\val\ai\ai_000243.png,1,ai,blur_s0.5,0.427075,0,0
data\val\ai\ai_000244.png,1,ai,blur_s0.5,0.992219,1,1
data\val\ai\ai_000245.png,1,ai,blur_s0.5,0.311967,0,0
data\val\ai\ai_000246.png,1,ai,blur_s0.5,0.994617,1,1
data\val\ai\ai_000247.png,1,ai,blur_s0.5,0.729304,1,1
data\val\ai\ai_000248.png,1,ai,blur_s0.5,0.872499,1,1
data\val\ai\ai_000249.png,1,ai,blur_s0.5,0.869736,1,1
data\val\ai\ai_000250.png,1,ai,blur_s0.5,0.456044,0,0
data\val\ai\ai_000251.png,1,ai,blur_s0.5,0.933506,1,1
data\val\ai\ai_000252.png,1,ai,blur_s0.5,0.982904,1,1
data\val\ai\ai_000253.png,1,ai,blur_s0.5,0.852890,1,1
data\val\ai\ai_000254.png,1,ai,blur_s0.5,0.861286,1,1
data\val\ai\ai_000255.png,1,ai,blur_s0.5,0.480150,0,0
data\val\ai\ai_000256.png,1,ai,blur_s0.5,0.441693,0,0
data\val\ai\ai_000257.png,1,ai,blur_s0.5,0.966648,1,1
data\val\ai\ai_000258.png,1,ai,blur_s0.5,0.774332,1,1
data\val\ai\ai_000259.png,1,ai,blur_s0.5,0.804328,1,1
data\val\ai\ai_000260.png,1,ai,blur_s0.5,0.647967,1,1
data\val\ai\ai_000261.png,1,ai,blur_s0.5,0.993467,1,1
data\val\ai\ai_000262.png,1,ai,blur_s0.5,0.881718,1,1
data\val\ai\ai_000263.png,1,ai,blur_s0.5,0.918123,1,1
data\val\ai\ai_000264.png,1,ai,blur_s0.5,0.990349,1,1
data\val\ai\ai_000265.png,1,ai,blur_s0.5,0.483760,0,0
data\val\ai\ai_000266.png,1,ai,blur_s0.5,0.988103,1,1
data\val\ai\ai_000267.png,1,ai,blur_s0.5,0.985447,1,1
data\val\ai\ai_000268.png,1,ai,blur_s0.5,0.481198,0,0
data\val\ai\ai_000269.png,1,ai,blur_s0.5,0.985179,1,1
data\val\ai\ai_000270.png,1,ai,blur_s0.5,0.799500,1,1
data\val\ai\ai_000271.png,1,ai,blur_s0.5,0.965785,1,1
data\val\ai\ai_000272.png,1,ai,blur_s0.5,0.986255,1,1
data\val\ai\ai_000273.png,1,ai,blur_s0.5,0.973121,1,1
data\val\ai\ai_000274.png,1,ai,blur_s0.5,0.931533,1,1
data\val\ai\ai_000275.png,1,ai,blur_s0.5,0.879034,1,1
data\val\ai\ai_000276.png,1,ai,blur_s0.5,0.977332,1,1
data\val\ai\ai_000277.png,1,ai,blur_s0.5,0.578188,1,1
data\val\ai\ai_000278.png,1,ai,blur_s0.5,0.846456,1,1
data\val\ai\ai_000279.png,1,ai,blur_s0.5,0.942440,1,1
data\val\ai\ai_000280.png,1,ai,blur_s0.5,0.924983,1,1
data\val\ai\ai_000281.png,1,ai,blur_s0.5,0.950715,1,1
data\val\ai\ai_000282.png,1,ai,blur_s0.5,0.174913,0,0
data\val\ai\ai_000283.png,1,ai,blur_s0.5,0.840042,1,1
data\val\ai\ai_000284.png,1,ai,blur_s0.5,0.953408,1,1
data\val\ai\ai_000285.png,1,ai,blur_s0.5,0.521974,1,1
data\val\ai\ai_000286.png,1,ai,blur_s0.5,0.988092,1,1
data\val\ai\ai_000287.png,1,ai,blur_s0.5,0.427344,0,0
data\val\ai\ai_000288.png,1,ai,blur_s0.5,0.537386,1,1
data\val\ai\ai_000289.png,1,ai,blur_s0.5,0.950242,1,1
data\val\ai\ai_000290.png,1,ai,blur_s0.5,0.528698,1,1
data\val\ai\ai_000291.png,1,ai,blur_s0.5,0.951127,1,1
data\val\ai\ai_000292.png,1,ai,blur_s0.5,0.900759,1,1
data\val\ai\ai_000293.png,1,ai,blur_s0.5,0.444612,0,0
data\val\ai\ai_000294.png,1,ai,blur_s0.5,0.979595,1,1
data\val\ai\ai_000295.png,1,ai,blur_s0.5,0.978542,1,1
data\val\ai\ai_000296.png,1,ai,blur_s0.5,0.982122,1,1
data\val\ai\ai_000297.png,1,ai,blur_s0.5,0.834846,1,1
data\val\ai\ai_000298.png,1,ai,blur_s0.5,0.798197,1,1
data\val\ai\ai_000299.png,1,ai,blur_s0.5,0.747506,1,1
data\val\ai\ai_000300.png,1,ai,blur_s0.5,0.822573,1,1
data\val\ai\ai_000301.png,1,ai,blur_s0.5,0.966173,1,1
data\val\ai\ai_000302.png,1,ai,blur_s0.5,0.116723,0,0
data\val\ai\ai_000303.png,1,ai,blur_s0.5,0.703936,1,1
data\val\ai\ai_000304.png,1,ai,blur_s0.5,0.777977,1,1
data\val\ai\ai_000305.png,1,ai,blur_s0.5,0.327144,0,0
data\val\ai\ai_000306.png,1,ai,blur_s0.5,0.956807,1,1
data\val\ai\ai_000307.png,1,ai,blur_s0.5,0.607678,1,1
data\val\ai\ai_000308.png,1,ai,blur_s0.5,0.676985,1,1
data\val\ai\ai_000309.png,1,ai,blur_s0.5,0.710942,1,1
data\val\ai\ai_000310.png,1,ai,blur_s0.5,0.963548,1,1
data\val\ai\ai_000311.png,1,ai,blur_s0.5,0.808432,1,1
data\val\ai\ai_000312.png,1,ai,blur_s0.5,0.926867,1,1
data\val\ai\ai_000313.png,1,ai,blur_s0.5,0.469623,0,0
data\val\ai\ai_000314.png,1,ai,blur_s0.5,0.986109,1,1
data\val\ai\ai_000315.png,1,ai,blur_s0.5,0.965348,1,1
data\val\ai\ai_000316.png,1,ai,blur_s0.5,0.882034,1,1
data\val\ai\ai_000317.png,1,ai,blur_s0.5,0.777092,1,1
data\val\ai\ai_000318.png,1,ai,blur_s0.5,0.598466,1,1
data\val\ai\ai_000319.png,1,ai,blur_s0.5,0.855066,1,1
data\val\ai\ai_000320.png,1,ai,blur_s0.5,0.619910,1,1
data\val\ai\ai_000321.png,1,ai,blur_s0.5,0.973302,1,1
data\val\ai\ai_000322.png,1,ai,blur_s0.5,0.814732,1,1
data\val\ai\ai_000323.png,1,ai,blur_s0.5,0.873474,1,1
data\val\ai\ai_000324.png,1,ai,blur_s0.5,0.998785,1,1
data\val\ai\ai_000325.png,1,ai,blur_s0.5,0.960622,1,1
data\val\ai\ai_000326.png,1,ai,blur_s0.5,0.992170,1,1
data\val\ai\ai_000327.png,1,ai,blur_s0.5,0.997612,1,1
data\val\ai\ai_000328.png,1,ai,blur_s0.5,0.941846,1,1
data\val\ai\ai_000329.png,1,ai,blur_s0.5,0.971308,1,1
data\val\ai\ai_000330.png,1,ai,blur_s0.5,0.729788,1,1
data\val\ai\ai_000331.png,1,ai,blur_s0.5,0.875029,1,1
data\val\ai\ai_000332.png,1,ai,blur_s0.5,0.093942,0,0
data\val\ai\ai_000333.png,1,ai,blur_s0.5,0.993489,1,1
data\val\ai\ai_000334.png,1,ai,blur_s0.5,0.731653,1,1
data\val\ai\ai_000335.png,1,ai,blur_s0.5,0.896875,1,1
data\val\ai\ai_000336.png,1,ai,blur_s0.5,0.958579,1,1
data\val\ai\ai_000337.png,1,ai,blur_s0.5,0.996468,1,1
data\val\ai\ai_000338.png,1,ai,blur_s0.5,0.869017,1,1
data\val\ai\ai_000339.png,1,ai,blur_s0.5,0.893035,1,1
data\val\ai\ai_000340.png,1,ai,blur_s0.5,0.950256,1,1
data\val\ai\ai_000341.png,1,ai,blur_s0.5,0.927874,1,1
data\val\ai\ai_000342.png,1,ai,blur_s0.5,0.077133,0,0
data\val\ai\ai_000343.png,1,ai,blur_s0.5,0.862343,1,1
data\val\ai\ai_000344.png,1,ai,blur_s0.5,0.921727,1,1
data\val\ai\ai_000345.png,1,ai,blur_s0.5,0.637438,1,1
data\val\ai\ai_000346.png,1,ai,blur_s0.5,0.808800,1,1
data\val\ai\ai_000347.png,1,ai,blur_s0.5,0.942248,1,1
data\val\ai\ai_000348.png,1,ai,blur_s0.5,0.761653,1,1
data\val\ai\ai_000349.png,1,ai,blur_s0.5,0.966544,1,1
data\val\ai\ai_000350.png,1,ai,blur_s0.5,0.929113,1,1
data\val\ai\ai_000351.png,1,ai,blur_s0.5,0.959378,1,1
data\val\ai\ai_000352.png,1,ai,blur_s0.5,0.386861,0,0
data\val\ai\ai_000353.png,1,ai,blur_s0.5,0.962348,1,1
data\val\ai\ai_000354.png,1,ai,blur_s0.5,0.989856,1,1
data\val\ai\ai_000355.png,1,ai,blur_s0.5,0.512751,1,1
data\val\ai\ai_000356.png,1,ai,blur_s0.5,0.813873,1,1
data\val\ai\ai_000357.png,1,ai,blur_s0.5,0.693661,1,1
data\val\ai\ai_000358.png,1,ai,blur_s0.5,0.145833,0,0
data\val\ai\ai_000359.png,1,ai,blur_s0.5,0.853420,1,1
data\val\ai\ai_000360.png,1,ai,blur_s0.5,0.907120,1,1
data\val\ai\ai_000361.png,1,ai,blur_s0.5,0.990540,1,1
data\val\ai\ai_000362.png,1,ai,blur_s0.5,0.083120,0,0
data\val\ai\ai_000363.png,1,ai,blur_s0.5,0.953164,1,1
data\val\ai\ai_000364.png,1,ai,blur_s0.5,0.993987,1,1
data\val\ai\ai_000365.png,1,ai,blur_s0.5,0.500629,1,1
data\val\ai\ai_000366.png,1,ai,blur_s0.5,0.988825,1,1
data\val\ai\ai_000367.png,1,ai,blur_s0.5,0.836869,1,1
data\val\ai\ai_000368.png,1,ai,blur_s0.5,0.102998,0,0
data\val\ai\ai_000369.png,1,ai,blur_s0.5,0.827273,1,1
data\val\ai\ai_000370.png,1,ai,blur_s0.5,0.382675,0,0
data\val\ai\ai_000371.png,1,ai,blur_s0.5,0.961019,1,1
data\val\ai\ai_000372.png,1,ai,blur_s0.5,0.771355,1,1
data\val\ai\ai_000373.png,1,ai,blur_s0.5,0.951998,1,1
data\val\ai\ai_000374.png,1,ai,blur_s0.5,0.996137,1,1
data\val\ai\ai_000375.png,1,ai,blur_s0.5,0.947897,1,1
data\val\ai\ai_000376.png,1,ai,blur_s0.5,0.629375,1,1
data\val\ai\ai_000377.png,1,ai,blur_s0.5,0.348843,0,0
data\val\ai\ai_000378.png,1,ai,blur_s0.5,0.992677,1,1
data\val\ai\ai_000379.png,1,ai,blur_s0.5,0.358466,0,0
data\val\ai\ai_000380.png,1,ai,blur_s0.5,0.464206,0,0
data\val\ai\ai_000381.png,1,ai,blur_s0.5,0.694599,1,1
data\val\ai\ai_000382.png,1,ai,blur_s0.5,0.302997,0,0
data\val\ai\ai_000383.png,1,ai,blur_s0.5,0.507558,1,1
data\val\ai\ai_000384.png,1,ai,blur_s0.5,0.734307,1,1
data\val\ai\ai_000385.png,1,ai,blur_s0.5,0.966162,1,1
data\val\ai\ai_000386.png,1,ai,blur_s0.5,0.941352,1,1
data\val\ai\ai_000387.png,1,ai,blur_s0.5,0.993960,1,1
data\val\ai\ai_000388.png,1,ai,blur_s0.5,0.952324,1,1
data\val\ai\ai_000389.png,1,ai,blur_s0.5,0.856505,1,1
data\val\ai\ai_000390.png,1,ai,blur_s0.5,0.922825,1,1
data\val\ai\ai_000391.png,1,ai,blur_s0.5,0.868419,1,1
data\val\ai\ai_000392.png,1,ai,blur_s0.5,0.411183,0,0
data\val\ai\ai_000393.png,1,ai,blur_s0.5,0.662068,1,1
data\val\ai\ai_000394.png,1,ai,blur_s0.5,0.984909,1,1
data\val\ai\ai_000395.png,1,ai,blur_s0.5,0.732440,1,1
data\val\ai\ai_000396.png,1,ai,blur_s0.5,0.988299,1,1
data\val\ai\ai_000397.png,1,ai,blur_s0.5,0.939028,1,1
data\val\ai\ai_000398.png,1,ai,blur_s0.5,0.798917,1,1
data\val\ai\ai_000399.png,1,ai,blur_s0.5,0.954194,1,1
data\val\ai\ai_000400.png,1,ai,blur_s0.5,0.657963,1,1
data\val\ai\ai_000401.png,1,ai,blur_s0.5,0.984650,1,1
data\val\ai\ai_000402.png,1,ai,blur_s0.5,0.957329,1,1
data\val\ai\ai_000403.png,1,ai,blur_s0.5,0.995252,1,1
data\val\ai\ai_000404.png,1,ai,blur_s0.5,0.958430,1,1
data\val\ai\ai_000405.png,1,ai,blur_s0.5,0.868235,1,1
data\val\ai\ai_000406.png,1,ai,blur_s0.5,0.992086,1,1
data\val\ai\ai_000407.png,1,ai,blur_s0.5,0.033311,0,0
data\val\ai\ai_000408.png,1,ai,blur_s0.5,0.623427,1,1
data\val\ai\ai_000409.png,1,ai,blur_s0.5,0.887843,1,1
data\val\ai\ai_000410.png,1,ai,blur_s0.5,0.561694,1,1
data\val\ai\ai_000411.png,1,ai,blur_s0.5,0.983624,1,1
data\val\ai\ai_000412.png,1,ai,blur_s0.5,0.878252,1,1
data\val\ai\ai_000413.png,1,ai,blur_s0.5,0.991706,1,1
data\val\ai\ai_000414.png,1,ai,blur_s0.5,0.999830,1,1
data\val\ai\ai_000415.png,1,ai,blur_s0.5,0.876229,1,1
data\val\ai\ai_000416.png,1,ai,blur_s0.5,0.974428,1,1
data\val\ai\ai_000417.png,1,ai,blur_s0.5,0.934452,1,1
data\val\ai\ai_000418.png,1,ai,blur_s0.5,0.407938,0,0
data\val\ai\ai_000419.png,1,ai,blur_s0.5,0.866594,1,1
data\val\ai\ai_000420.png,1,ai,blur_s0.5,0.817016,1,1
data\val\ai\ai_000421.png,1,ai,blur_s0.5,0.986641,1,1
data\val\ai\ai_000422.png,1,ai,blur_s0.5,0.157682,0,0
data\val\ai\ai_000423.png,1,ai,blur_s0.5,0.888498,1,1
data\val\ai\ai_000424.png,1,ai,blur_s0.5,0.996865,1,1
data\val\ai\ai_000425.png,1,ai,blur_s0.5,0.683448,1,1
data\val\ai\ai_000426.png,1,ai,blur_s0.5,0.800889,1,1
data\val\ai\ai_000427.png,1,ai,blur_s0.5,0.927015,1,1
data\val\ai\ai_000428.png,1,ai,blur_s0.5,0.768902,1,1
data\val\ai\ai_000429.png,1,ai,blur_s0.5,0.938094,1,1
data\val\ai\ai_000430.png,1,ai,blur_s0.5,0.504502,1,1
data\val\ai\ai_000431.png,1,ai,blur_s0.5,0.957951,1,1
data\val\ai\ai_000432.png,1,ai,blur_s0.5,0.929849,1,1
data\val\ai\ai_000433.png,1,ai,blur_s0.5,0.921200,1,1
data\val\ai\ai_000434.png,1,ai,blur_s0.5,0.947336,1,1
data\val\ai\ai_000435.png,1,ai,blur_s0.5,0.789213,1,1
data\val\ai\ai_000436.png,1,ai,blur_s0.5,0.748190,1,1
data\val\ai\ai_000437.png,1,ai,blur_s0.5,0.276616,0,0
data\val\ai\ai_000438.png,1,ai,blur_s0.5,0.705973,1,1
data\val\ai\ai_000439.png,1,ai,blur_s0.5,0.881750,1,1
data\val\ai\ai_000440.png,1,ai,blur_s0.5,0.975808,1,1
data\val\ai\ai_000441.png,1,ai,blur_s0.5,0.918836,1,1
data\val\ai\ai_000442.png,1,ai,blur_s0.5,0.806429,1,1
data\val\ai\ai_000443.png,1,ai,blur_s0.5,0.995856,1,1
data\val\ai\ai_000444.png,1,ai,blur_s0.5,0.992838,1,1
data\val\ai\ai_000445.png,1,ai,blur_s0.5,0.404004,0,0
data\val\ai\ai_000446.png,1,ai,blur_s0.5,0.984271,1,1
data\val\ai\ai_000447.png,1,ai,blur_s0.5,0.940444,1,1
data\val\ai\ai_000448.png,1,ai,blur_s0.5,0.464349,0,0
data\val\ai\ai_000449.png,1,ai,blur_s0.5,0.996735,1,1
data\val\ai\ai_000450.png,1,ai,blur_s0.5,0.975784,1,1
data\val\ai\ai_000451.png,1,ai,blur_s0.5,0.973494,1,1
data\val\ai\ai_000452.png,1,ai,blur_s0.5,0.425369,0,0
data\val\ai\ai_000453.png,1,ai,blur_s0.5,0.997935,1,1
data\val\ai\ai_000454.png,1,ai,blur_s0.5,0.882820,1,1
data\val\ai\ai_000455.png,1,ai,blur_s0.5,0.947705,1,1
data\val\ai\ai_000456.png,1,ai,blur_s0.5,0.978241,1,1
data\val\ai\ai_000457.png,1,ai,blur_s0.5,0.134088,0,0
data\val\ai\ai_000458.png,1,ai,blur_s0.5,0.916923,1,1
data\val\ai\ai_000459.png,1,ai,blur_s0.5,0.551809,1,1
data\val\ai\ai_000460.png,1,ai,blur_s0.5,0.927726,1,1
data\val\ai\ai_000461.png,1,ai,blur_s0.5,0.913457,1,1
data\val\ai\ai_000462.png,1,ai,blur_s0.5,0.904913,1,1
data\val\ai\ai_000463.png,1,ai,blur_s0.5,0.700979,1,1
data\val\ai\ai_000464.png,1,ai,blur_s0.5,0.970959,1,1
data\val\ai\ai_000465.png,1,ai,blur_s0.5,0.993763,1,1
data\val\ai\ai_000466.png,1,ai,blur_s0.5,0.586943,1,1
data\val\ai\ai_000467.png,1,ai,blur_s0.5,0.533180,1,1
data\val\ai\ai_000468.png,1,ai,blur_s0.5,0.372245,0,0
data\val\ai\ai_000469.png,1,ai,blur_s0.5,0.831120,1,1
data\val\ai\ai_000470.png,1,ai,blur_s0.5,0.854778,1,1
data\val\ai\ai_000471.png,1,ai,blur_s0.5,0.997009,1,1
data\val\ai\ai_000472.png,1,ai,blur_s0.5,0.847962,1,1
data\val\ai\ai_000473.png,1,ai,blur_s0.5,0.826241,1,1
data\val\ai\ai_000474.png,1,ai,blur_s0.5,0.892794,1,1
data\val\ai\ai_000475.png,1,ai,blur_s0.5,0.801148,1,1
data\val\ai\ai_000476.png,1,ai,blur_s0.5,0.968360,1,1
data\val\ai\ai_000477.png,1,ai,blur_s0.5,0.690232,1,1
data\val\ai\ai_000478.png,1,ai,blur_s0.5,0.735870,1,1
data\val\ai\ai_000479.png,1,ai,blur_s0.5,0.742465,1,1
data\val\ai\ai_000480.png,1,ai,blur_s0.5,0.854726,1,1
data\val\ai\ai_000481.png,1,ai,blur_s0.5,0.924842,1,1
data\val\ai\ai_000482.png,1,ai,blur_s0.5,0.467229,0,0
data\val\ai\ai_000483.png,1,ai,blur_s0.5,0.801979,1,1
data\val\ai\ai_000484.png,1,ai,blur_s0.5,0.966656,1,1
data\val\ai\ai_000485.png,1,ai,blur_s0.5,0.498244,0,0
data\val\ai\ai_000486.png,1,ai,blur_s0.5,0.984054,1,1
data\val\ai\ai_000487.png,1,ai,blur_s0.5,0.745325,1,1
data\val\ai\ai_000488.png,1,ai,blur_s0.5,0.074857,0,0
data\val\ai\ai_000489.png,1,ai,blur_s0.5,0.908601,1,1
data\val\ai\ai_000490.png,1,ai,blur_s0.5,0.974335,1,1
data\val\ai\ai_000491.png,1,ai,blur_s0.5,0.970377,1,1
data\val\ai\ai_000492.png,1,ai,blur_s0.5,0.981257,1,1
data\val\ai\ai_000493.png,1,ai,blur_s0.5,0.923612,1,1
data\val\ai\ai_000494.png,1,ai,blur_s0.5,0.865761,1,1
data\val\ai\ai_000495.png,1,ai,blur_s0.5,0.313658,0,0
data\val\ai\ai_000496.png,1,ai,blur_s0.5,0.830111,1,1
data\val\ai\ai_000497.png,1,ai,blur_s0.5,0.541450,1,1
data\val\ai\ai_000498.png,1,ai,blur_s0.5,0.286179,0,0
data\val\ai\ai_000499.png,1,ai,blur_s0.5,0.944273,1,1
data\val\ai\ai_000500.png,1,ai,blur_s0.5,0.916077,1,1
data\val\real\000000000139.jpg,0,real,blur_s1.0,0.258865,0,1
data\val\real\000000000285.jpg,0,real,blur_s1.0,0.048446,0,1
data\val\real\000000000632.jpg,0,real,blur_s1.0,0.397156,0,1
data\val\real\000000000724.jpg,0,real,blur_s1.0,0.075579,0,1
data\val\real\000000000776.jpg,0,real,blur_s1.0,0.014752,0,1
data\val\real\000000000785.jpg,0,real,blur_s1.0,0.180477,0,1
data\val\real\000000000802.jpg,0,real,blur_s1.0,0.002386,0,1
data\val\real\000000000872.jpg,0,real,blur_s1.0,0.003484,0,1
data\val\real\000000000885.jpg,0,real,blur_s1.0,0.086590,0,1
data\val\real\000000001000.jpg,0,real,blur_s1.0,0.018380,0,1
data\val\real\000000001268.jpg,0,real,blur_s1.0,0.012860,0,1
data\val\real\000000001296.jpg,0,real,blur_s1.0,0.049063,0,1
data\val\real\000000001353.jpg,0,real,blur_s1.0,0.002244,0,1
data\val\real\000000001425.jpg,0,real,blur_s1.0,0.315448,0,1
data\val\real\000000001490.jpg,0,real,blur_s1.0,0.002821,0,1
data\val\real\000000001503.jpg,0,real,blur_s1.0,0.007697,0,1
data\val\real\000000001532.jpg,0,real,blur_s1.0,0.091873,0,1
data\val\real\000000001584.jpg,0,real,blur_s1.0,0.229076,0,1
data\val\real\000000001675.jpg,0,real,blur_s1.0,0.003293,0,1
data\val\real\000000001761.jpg,0,real,blur_s1.0,0.010149,0,1
data\val\real\000000001818.jpg,0,real,blur_s1.0,0.108917,0,1
data\val\real\000000001993.jpg,0,real,blur_s1.0,0.020286,0,1
data\val\real\000000002006.jpg,0,real,blur_s1.0,0.136650,0,1
data\val\real\000000002149.jpg,0,real,blur_s1.0,0.135575,0,1
data\val\real\000000002153.jpg,0,real,blur_s1.0,0.001934,0,1
data\val\real\000000002157.jpg,0,real,blur_s1.0,0.139304,0,1
data\val\real\000000002261.jpg,0,real,blur_s1.0,0.019489,0,1
data\val\real\000000002299.jpg,0,real,blur_s1.0,0.041668,0,1
data\val\real\000000002431.jpg,0,real,blur_s1.0,0.013751,0,1
data\val\real\000000002473.jpg,0,real,blur_s1.0,0.036189,0,1
data\val\real\000000002532.jpg,0,real,blur_s1.0,0.033949,0,1
data\val\real\000000002587.jpg,0,real,blur_s1.0,0.002080,0,1
data\val\real\000000002592.jpg,0,real,blur_s1.0,0.011162,0,1
data\val\real\000000002685.jpg,0,real,blur_s1.0,0.002793,0,1
data\val\real\000000002923.jpg,0,real,blur_s1.0,0.001459,0,1
data\val\real\000000003156.jpg,0,real,blur_s1.0,0.182522,0,1
data\val\real\000000003255.jpg,0,real,blur_s1.0,0.494998,0,1
data\val\real\000000003501.jpg,0,real,blur_s1.0,0.041626,0,1
data\val\real\000000003553.jpg,0,real,blur_s1.0,0.009152,0,1
data\val\real\000000003661.jpg,0,real,blur_s1.0,0.000629,0,1
data\val\real\000000003845.jpg,0,real,blur_s1.0,0.018626,0,1
data\val\real\000000003934.jpg,0,real,blur_s1.0,0.000081,0,1
data\val\real\000000004134.jpg,0,real,blur_s1.0,0.004808,0,1
data\val\real\000000004395.jpg,0,real,blur_s1.0,0.012777,0,1
data\val\real\000000004495.jpg,0,real,blur_s1.0,0.000300,0,1
data\val\real\000000004765.jpg,0,real,blur_s1.0,0.020572,0,1
data\val\real\000000004795.jpg,0,real,blur_s1.0,0.000248,0,1
data\val\real\000000005001.jpg,0,real,blur_s1.0,0.029297,0,1
data\val\real\000000005037.jpg,0,real,blur_s1.0,0.063804,0,1
data\val\real\000000005060.jpg,0,real,blur_s1.0,0.003533,0,1
data\val\real\000000005193.jpg,0,real,blur_s1.0,0.000314,0,1
data\val\real\000000005477.jpg,0,real,blur_s1.0,0.411457,0,1
data\val\real\000000005503.jpg,0,real,blur_s1.0,0.000624,0,1
data\val\real\000000005529.jpg,0,real,blur_s1.0,0.007168,0,1
data\val\real\000000005586.jpg,0,real,blur_s1.0,0.000638,0,1
data\val\real\000000005600.jpg,0,real,blur_s1.0,0.003580,0,1
data\val\real\000000005992.jpg,0,real,blur_s1.0,0.012468,0,1
data\val\real\000000006012.jpg,0,real,blur_s1.0,0.216084,0,1
data\val\real\000000006040.jpg,0,real,blur_s1.0,0.094125,0,1
data\val\real\000000006213.jpg,0,real,blur_s1.0,0.011294,0,1
data\val\real\000000006460.jpg,0,real,blur_s1.0,0.005510,0,1
data\val\real\000000006471.jpg,0,real,blur_s1.0,0.007629,0,1
data\val\real\000000006614.jpg,0,real,blur_s1.0,0.009808,0,1
data\val\real\000000006723.jpg,0,real,blur_s1.0,0.004142,0,1
data\val\real\000000006763.jpg,0,real,blur_s1.0,0.000423,0,1
data\val\real\000000006771.jpg,0,real,blur_s1.0,0.007200,0,1
data\val\real\000000006818.jpg,0,real,blur_s1.0,0.002761,0,1
data\val\real\000000006894.jpg,0,real,blur_s1.0,0.006482,0,1
data\val\real\000000006954.jpg,0,real,blur_s1.0,0.039972,0,1
data\val\real\000000007088.jpg,0,real,blur_s1.0,0.001428,0,1
data\val\real\000000007108.jpg,0,real,blur_s1.0,0.036333,0,1
data\val\real\000000007278.jpg,0,real,blur_s1.0,0.033310,0,1
data\val\real\000000007281.jpg,0,real,blur_s1.0,0.001284,0,1
data\val\real\000000007386.jpg,0,real,blur_s1.0,0.001403,0,1
data\val\real\000000007511.jpg,0,real,blur_s1.0,0.000911,0,1
data\val\real\000000007574.jpg,0,real,blur_s1.0,0.004656,0,1
data\val\real\000000007784.jpg,0,real,blur_s1.0,0.326897,0,1
data\val\real\000000007795.jpg,0,real,blur_s1.0,0.618464,1,0
data\val\real\000000007816.jpg,0,real,blur_s1.0,0.003777,0,1
data\val\real\000000007818.jpg,0,real,blur_s1.0,0.211071,0,1
data\val\real\000000007888.jpg,0,real,blur_s1.0,0.567329,1,0
data\val\real\000000007977.jpg,0,real,blur_s1.0,0.047428,0,1
data\val\real\000000007991.jpg,0,real,blur_s1.0,0.005300,0,1
data\val\real\000000008021.jpg,0,real,blur_s1.0,0.009547,0,1
data\val\real\000000008211.jpg,0,real,blur_s1.0,0.033921,0,1
data\val\real\000000008277.jpg,0,real,blur_s1.0,0.003801,0,1
data\val\real\000000008532.jpg,0,real,blur_s1.0,0.012221,0,1
data\val\real\000000008629.jpg,0,real,blur_s1.0,0.077738,0,1
data\val\real\000000008690.jpg,0,real,blur_s1.0,0.000868,0,1
data\val\real\000000008762.jpg,0,real,blur_s1.0,0.180687,0,1
data\val\real\000000008844.jpg,0,real,blur_s1.0,0.060453,0,1
data\val\real\000000008899.jpg,0,real,blur_s1.0,0.070272,0,1
data\val\real\000000009378.jpg,0,real,blur_s1.0,0.008025,0,1
data\val\real\000000009400.jpg,0,real,blur_s1.0,0.000420,0,1
data\val\real\000000009448.jpg,0,real,blur_s1.0,0.000608,0,1
data\val\real\000000009483.jpg,0,real,blur_s1.0,0.005066,0,1
data\val\real\000000009590.jpg,0,real,blur_s1.0,0.042257,0,1
data\val\real\000000009769.jpg,0,real,blur_s1.0,0.002431,0,1
data\val\real\000000009772.jpg,0,real,blur_s1.0,0.006545,0,1
data\val\real\000000009891.jpg,0,real,blur_s1.0,0.000888,0,1
data\val\real\000000009914.jpg,0,real,blur_s1.0,0.010632,0,1
data\val\real\000000010092.jpg,0,real,blur_s1.0,0.002131,0,1
data\val\real\000000010363.jpg,0,real,blur_s1.0,0.000130,0,1
data\val\real\000000010583.jpg,0,real,blur_s1.0,0.006856,0,1
data\val\real\000000010707.jpg,0,real,blur_s1.0,0.000102,0,1
data\val\real\000000010764.jpg,0,real,blur_s1.0,0.057861,0,1
data\val\real\000000010977.jpg,0,real,blur_s1.0,0.007187,0,1
data\val\real\000000010995.jpg,0,real,blur_s1.0,0.024277,0,1
data\val\real\000000011051.jpg,0,real,blur_s1.0,0.004853,0,1
data\val\real\000000011122.jpg,0,real,blur_s1.0,0.001681,0,1
data\val\real\000000011149.jpg,0,real,blur_s1.0,0.000120,0,1
data\val\real\000000011197.jpg,0,real,blur_s1.0,0.006028,0,1
data\val\real\000000011511.jpg,0,real,blur_s1.0,0.045541,0,1
data\val\real\000000011615.jpg,0,real,blur_s1.0,0.126551,0,1
data\val\real\000000011699.jpg,0,real,blur_s1.0,0.025123,0,1
data\val\real\000000011760.jpg,0,real,blur_s1.0,0.145213,0,1
data\val\real\000000011813.jpg,0,real,blur_s1.0,0.015304,0,1
data\val\real\000000012062.jpg,0,real,blur_s1.0,0.014990,0,1
data\val\real\000000012120.jpg,0,real,blur_s1.0,0.003519,0,1
data\val\real\000000012280.jpg,0,real,blur_s1.0,0.176792,0,1
data\val\real\000000012576.jpg,0,real,blur_s1.0,0.008253,0,1
data\val\real\000000012639.jpg,0,real,blur_s1.0,0.023512,0,1
data\val\real\000000012667.jpg,0,real,blur_s1.0,0.024763,0,1
data\val\real\000000012670.jpg,0,real,blur_s1.0,0.018844,0,1
data\val\real\000000012748.jpg,0,real,blur_s1.0,0.056257,0,1
data\val\real\000000013004.jpg,0,real,blur_s1.0,0.006875,0,1
data\val\real\000000013177.jpg,0,real,blur_s1.0,0.004117,0,1
data\val\real\000000013201.jpg,0,real,blur_s1.0,0.070998,0,1
data\val\real\000000013291.jpg,0,real,blur_s1.0,0.021154,0,1
data\val\real\000000013348.jpg,0,real,blur_s1.0,0.032958,0,1
data\val\real\000000013546.jpg,0,real,blur_s1.0,0.001465,0,1
data\val\real\000000013597.jpg,0,real,blur_s1.0,0.718866,1,0
data\val\real\000000013659.jpg,0,real,blur_s1.0,0.000444,0,1
data\val\real\000000013729.jpg,0,real,blur_s1.0,0.000235,0,1
data\val\real\000000013774.jpg,0,real,blur_s1.0,0.880258,1,0
data\val\real\000000013923.jpg,0,real,blur_s1.0,0.014439,0,1
data\val\real\000000014007.jpg,0,real,blur_s1.0,0.124643,0,1
data\val\real\000000014038.jpg,0,real,blur_s1.0,0.197576,0,1
data\val\real\000000014226.jpg,0,real,blur_s1.0,0.008382,0,1
data\val\real\000000014380.jpg,0,real,blur_s1.0,0.198558,0,1
data\val\real\000000014439.jpg,0,real,blur_s1.0,0.011413,0,1
data\val\real\000000014473.jpg,0,real,blur_s1.0,0.011528,0,1
data\val\real\000000014831.jpg,0,real,blur_s1.0,0.005170,0,1
data\val\real\000000014888.jpg,0,real,blur_s1.0,0.002744,0,1
data\val\real\000000015079.jpg,0,real,blur_s1.0,0.071647,0,1
data\val\real\000000015254.jpg,0,real,blur_s1.0,0.008190,0,1
data\val\real\000000015272.jpg,0,real,blur_s1.0,0.052686,0,1
data\val\real\000000015278.jpg,0,real,blur_s1.0,0.041045,0,1
data\val\real\000000015335.jpg,0,real,blur_s1.0,0.000342,0,1
data\val\real\000000015338.jpg,0,real,blur_s1.0,0.053407,0,1
data\val\real\000000015440.jpg,0,real,blur_s1.0,0.559416,1,0
data\val\real\000000015497.jpg,0,real,blur_s1.0,0.000558,0,1
data\val\real\000000015517.jpg,0,real,blur_s1.0,0.016658,0,1
data\val\real\000000015597.jpg,0,real,blur_s1.0,0.001108,0,1
data\val\real\000000015660.jpg,0,real,blur_s1.0,0.003954,0,1
data\val\real\000000015746.jpg,0,real,blur_s1.0,0.021038,0,1
data\val\real\000000015751.jpg,0,real,blur_s1.0,0.016431,0,1
data\val\real\000000015956.jpg,0,real,blur_s1.0,0.001599,0,1
data\val\real\000000016010.jpg,0,real,blur_s1.0,0.001783,0,1
data\val\real\000000016228.jpg,0,real,blur_s1.0,0.166746,0,1
data\val\real\000000016249.jpg,0,real,blur_s1.0,0.003356,0,1
data\val\real\000000016439.jpg,0,real,blur_s1.0,0.018107,0,1
data\val\real\000000016451.jpg,0,real,blur_s1.0,0.028645,0,1
data\val\real\000000016502.jpg,0,real,blur_s1.0,0.028668,0,1
data\val\real\000000016598.jpg,0,real,blur_s1.0,0.001822,0,1
data\val\real\000000016958.jpg,0,real,blur_s1.0,0.011971,0,1
data\val\real\000000017029.jpg,0,real,blur_s1.0,0.012322,0,1
data\val\real\000000017031.jpg,0,real,blur_s1.0,0.633454,1,0
data\val\real\000000017115.jpg,0,real,blur_s1.0,0.116052,0,1
data\val\real\000000017178.jpg,0,real,blur_s1.0,0.364712,0,1
data\val\real\000000017182.jpg,0,real,blur_s1.0,0.033253,0,1
data\val\real\000000017207.jpg,0,real,blur_s1.0,0.003676,0,1
data\val\real\000000017379.jpg,0,real,blur_s1.0,0.027362,0,1
data\val\real\000000017436.jpg,0,real,blur_s1.0,0.007001,0,1
data\val\real\000000017627.jpg,0,real,blur_s1.0,0.002129,0,1
data\val\real\000000017714.jpg,0,real,blur_s1.0,0.012208,0,1
data\val\real\000000017899.jpg,0,real,blur_s1.0,0.000498,0,1
data\val\real\000000017905.jpg,0,real,blur_s1.0,0.000190,0,1
data\val\real\000000017959.jpg,0,real,blur_s1.0,0.052207,0,1
data\val\real\000000018150.jpg,0,real,blur_s1.0,0.003050,0,1
data\val\real\000000018193.jpg,0,real,blur_s1.0,0.000527,0,1
data\val\real\000000018380.jpg,0,real,blur_s1.0,0.038632,0,1
data\val\real\000000018491.jpg,0,real,blur_s1.0,0.002411,0,1
data\val\real\000000018519.jpg,0,real,blur_s1.0,0.037577,0,1
data\val\real\000000018575.jpg,0,real,blur_s1.0,0.002401,0,1
data\val\real\000000018737.jpg,0,real,blur_s1.0,0.001014,0,1
data\val\real\000000018770.jpg,0,real,blur_s1.0,0.011496,0,1
data\val\real\000000018833.jpg,0,real,blur_s1.0,0.062711,0,1
data\val\real\000000018837.jpg,0,real,blur_s1.0,0.038351,0,1
data\val\real\000000019042.jpg,0,real,blur_s1.0,0.000557,0,1
data\val\real\000000019109.jpg,0,real,blur_s1.0,0.073820,0,1
data\val\real\000000019221.jpg,0,real,blur_s1.0,0.000916,0,1
data\val\real\000000019402.jpg,0,real,blur_s1.0,0.000577,0,1
data\val\real\000000019432.jpg,0,real,blur_s1.0,0.005468,0,1
data\val\real\000000019742.jpg,0,real,blur_s1.0,0.063681,0,1
data\val\real\000000019786.jpg,0,real,blur_s1.0,0.000134,0,1
data\val\real\000000019924.jpg,0,real,blur_s1.0,0.421329,0,1
data\val\real\000000020059.jpg,0,real,blur_s1.0,0.007143,0,1
data\val\real\000000020107.jpg,0,real,blur_s1.0,0.006282,0,1
data\val\real\000000020247.jpg,0,real,blur_s1.0,0.020458,0,1
data\val\real\000000020333.jpg,0,real,blur_s1.0,0.026345,0,1
data\val\real\000000020553.jpg,0,real,blur_s1.0,0.002217,0,1
data\val\real\000000020571.jpg,0,real,blur_s1.0,0.095512,0,1
data\val\real\000000020992.jpg,0,real,blur_s1.0,0.003143,0,1
data\val\real\000000021167.jpg,0,real,blur_s1.0,0.001125,0,1
data\val\real\000000021465.jpg,0,real,blur_s1.0,0.000232,0,1
data\val\real\000000021503.jpg,0,real,blur_s1.0,0.000738,0,1
data\val\real\000000021604.jpg,0,real,blur_s1.0,0.939956,1,0
data\val\real\000000021839.jpg,0,real,blur_s1.0,0.000187,0,1
data\val\real\000000021879.jpg,0,real,blur_s1.0,0.011305,0,1
data\val\real\000000021903.jpg,0,real,blur_s1.0,0.018220,0,1
data\val\real\000000022192.jpg,0,real,blur_s1.0,0.000479,0,1
data\val\real\000000022371.jpg,0,real,blur_s1.0,0.656753,1,0
data\val\real\000000022396.jpg,0,real,blur_s1.0,0.009748,0,1
data\val\real\000000022479.jpg,0,real,blur_s1.0,0.009439,0,1
data\val\real\000000022589.jpg,0,real,blur_s1.0,0.000930,0,1
data\val\real\000000022623.jpg,0,real,blur_s1.0,0.272407,0,1
data\val\real\000000022705.jpg,0,real,blur_s1.0,0.000229,0,1
data\val\real\000000022755.jpg,0,real,blur_s1.0,0.197627,0,1
data\val\real\000000022892.jpg,0,real,blur_s1.0,0.008501,0,1
data\val\real\000000022935.jpg,0,real,blur_s1.0,0.069570,0,1
data\val\real\000000022969.jpg,0,real,blur_s1.0,0.004129,0,1
data\val\real\000000023023.jpg,0,real,blur_s1.0,0.010494,0,1
data\val\real\000000023034.jpg,0,real,blur_s1.0,0.001102,0,1
data\val\real\000000023126.jpg,0,real,blur_s1.0,0.085179,0,1
data\val\real\000000023230.jpg,0,real,blur_s1.0,0.000723,0,1
data\val\real\000000023272.jpg,0,real,blur_s1.0,0.003581,0,1
data\val\real\000000023359.jpg,0,real,blur_s1.0,0.053277,0,1
data\val\real\000000023666.jpg,0,real,blur_s1.0,0.007202,0,1
data\val\real\000000023751.jpg,0,real,blur_s1.0,0.000734,0,1
data\val\real\000000023781.jpg,0,real,blur_s1.0,0.057577,0,1
data\val\real\000000023899.jpg,0,real,blur_s1.0,0.002738,0,1
data\val\real\000000023937.jpg,0,real,blur_s1.0,0.105778,0,1
data\val\real\000000024021.jpg,0,real,blur_s1.0,0.032697,0,1
data\val\real\000000024027.jpg,0,real,blur_s1.0,0.003374,0,1
data\val\real\000000024144.jpg,0,real,blur_s1.0,0.028442,0,1
data\val\real\000000024243.jpg,0,real,blur_s1.0,0.031781,0,1
data\val\real\000000024567.jpg,0,real,blur_s1.0,0.001854,0,1
data\val\real\000000024610.jpg,0,real,blur_s1.0,0.000869,0,1
data\val\real\000000024919.jpg,0,real,blur_s1.0,0.114715,0,1
data\val\real\000000025057.jpg,0,real,blur_s1.0,0.003116,0,1
data\val\real\000000025096.jpg,0,real,blur_s1.0,0.001264,0,1
data\val\real\000000025139.jpg,0,real,blur_s1.0,0.010018,0,1
data\val\real\000000025181.jpg,0,real,blur_s1.0,0.253083,0,1
data\val\real\000000025228.jpg,0,real,blur_s1.0,0.008782,0,1
data\val\real\000000025386.jpg,0,real,blur_s1.0,0.000519,0,1
data\val\real\000000025393.jpg,0,real,blur_s1.0,0.000167,0,1
data\val\real\000000025394.jpg,0,real,blur_s1.0,0.003261,0,1
data\val\real\000000025424.jpg,0,real,blur_s1.0,0.044412,0,1
data\val\real\000000025560.jpg,0,real,blur_s1.0,0.000967,0,1
data\val\real\000000025593.jpg,0,real,blur_s1.0,0.016956,0,1
data\val\real\000000025603.jpg,0,real,blur_s1.0,0.000283,0,1
data\val\real\000000025986.jpg,0,real,blur_s1.0,0.000833,0,1
data\val\real\000000026204.jpg,0,real,blur_s1.0,0.007706,0,1
data\val\real\000000026465.jpg,0,real,blur_s1.0,0.000231,0,1
data\val\real\000000026564.jpg,0,real,blur_s1.0,0.011403,0,1
data\val\real\000000026690.jpg,0,real,blur_s1.0,0.013694,0,1
data\val\real\000000026926.jpg,0,real,blur_s1.0,0.423935,0,1
data\val\real\000000026941.jpg,0,real,blur_s1.0,0.355438,0,1
data\val\real\000000027186.jpg,0,real,blur_s1.0,0.003438,0,1
data\val\real\000000027620.jpg,0,real,blur_s1.0,0.001522,0,1
data\val\real\000000027696.jpg,0,real,blur_s1.0,0.000584,0,1
data\val\real\000000027768.jpg,0,real,blur_s1.0,0.010210,0,1
data\val\real\000000027932.jpg,0,real,blur_s1.0,0.018020,0,1
data\val\real\000000027972.jpg,0,real,blur_s1.0,0.063647,0,1
data\val\real\000000027982.jpg,0,real,blur_s1.0,0.005391,0,1
data\val\real\000000028285.jpg,0,real,blur_s1.0,0.010405,0,1
data\val\real\000000028449.jpg,0,real,blur_s1.0,0.418905,0,1
data\val\real\000000028452.jpg,0,real,blur_s1.0,0.062663,0,1
data\val\real\000000028809.jpg,0,real,blur_s1.0,0.036793,0,1
data\val\real\000000028993.jpg,0,real,blur_s1.0,0.117968,0,1
data\val\real\000000029187.jpg,0,real,blur_s1.0,0.001871,0,1
data\val\real\000000029393.jpg,0,real,blur_s1.0,0.000792,0,1
data\val\real\000000029397.jpg,0,real,blur_s1.0,0.000905,0,1
data\val\real\000000029596.jpg,0,real,blur_s1.0,0.443818,0,1
data\val\real\000000029640.jpg,0,real,blur_s1.0,0.040921,0,1
data\val\real\000000029675.jpg,0,real,blur_s1.0,0.043915,0,1
data\val\real\000000029984.jpg,0,real,blur_s1.0,0.002202,0,1
data\val\real\000000030213.jpg,0,real,blur_s1.0,0.082085,0,1
data\val\real\000000030494.jpg,0,real,blur_s1.0,0.000283,0,1
data\val\real\000000030504.jpg,0,real,blur_s1.0,0.044256,0,1
data\val\real\000000030675.jpg,0,real,blur_s1.0,0.138502,0,1
data\val\real\000000030785.jpg,0,real,blur_s1.0,0.023206,0,1
data\val\real\000000030828.jpg,0,real,blur_s1.0,0.063628,0,1
data\val\real\000000031050.jpg,0,real,blur_s1.0,0.008085,0,1
data\val\real\000000031093.jpg,0,real,blur_s1.0,0.020962,0,1
data\val\real\000000031118.jpg,0,real,blur_s1.0,0.182513,0,1
data\val\real\000000031217.jpg,0,real,blur_s1.0,0.021675,0,1
data\val\real\000000031248.jpg,0,real,blur_s1.0,0.011013,0,1
data\val\real\000000031269.jpg,0,real,blur_s1.0,0.007250,0,1
data\val\real\000000031296.jpg,0,real,blur_s1.0,0.000292,0,1
data\val\real\000000031322.jpg,0,real,blur_s1.0,0.154605,0,1
data\val\real\000000031620.jpg,0,real,blur_s1.0,0.000301,0,1
data\val\real\000000031735.jpg,0,real,blur_s1.0,0.000098,0,1
data\val\real\000000031749.jpg,0,real,blur_s1.0,0.196401,0,1
data\val\real\000000031817.jpg,0,real,blur_s1.0,0.000247,0,1
data\val\real\000000032038.jpg,0,real,blur_s1.0,0.009407,0,1
data\val\real\000000032081.jpg,0,real,blur_s1.0,0.033384,0,1
data\val\real\000000032285.jpg,0,real,blur_s1.0,0.052450,0,1
data\val\real\000000032334.jpg,0,real,blur_s1.0,0.001038,0,1
data\val\real\000000032570.jpg,0,real,blur_s1.0,0.481047,0,1
data\val\real\000000032610.jpg,0,real,blur_s1.0,0.003389,0,1
data\val\real\000000032735.jpg,0,real,blur_s1.0,0.046247,0,1
data\val\real\000000032811.jpg,0,real,blur_s1.0,0.009933,0,1
data\val\real\000000032817.jpg,0,real,blur_s1.0,0.003050,0,1
data\val\real\000000032861.jpg,0,real,blur_s1.0,0.215459,0,1
data\val\real\000000032887.jpg,0,real,blur_s1.0,0.001474,0,1
data\val\real\000000032901.jpg,0,real,blur_s1.0,0.000975,0,1
data\val\real\000000032941.jpg,0,real,blur_s1.0,0.004994,0,1
data\val\real\000000033005.jpg,0,real,blur_s1.0,0.044263,0,1
data\val\real\000000033104.jpg,0,real,blur_s1.0,0.004105,0,1
data\val\real\000000033109.jpg,0,real,blur_s1.0,0.013998,0,1
data\val\real\000000033114.jpg,0,real,blur_s1.0,0.066695,0,1
data\val\real\000000033221.jpg,0,real,blur_s1.0,0.000061,0,1
data\val\real\000000033368.jpg,0,real,blur_s1.0,0.054147,0,1
data\val\real\000000033638.jpg,0,real,blur_s1.0,0.001343,0,1
data\val\real\000000033707.jpg,0,real,blur_s1.0,0.040625,0,1
data\val\real\000000033759.jpg,0,real,blur_s1.0,0.021159,0,1
data\val\real\000000033854.jpg,0,real,blur_s1.0,0.037820,0,1
data\val\real\000000034071.jpg,0,real,blur_s1.0,0.560537,1,0
data\val\real\000000034139.jpg,0,real,blur_s1.0,0.009029,0,1
data\val\real\000000034205.jpg,0,real,blur_s1.0,0.044078,0,1
data\val\real\000000034257.jpg,0,real,blur_s1.0,0.339058,0,1
data\val\real\000000034417.jpg,0,real,blur_s1.0,0.014816,0,1
data\val\real\000000034452.jpg,0,real,blur_s1.0,0.000343,0,1
data\val\real\000000034760.jpg,0,real,blur_s1.0,0.002438,0,1
data\val\real\000000034873.jpg,0,real,blur_s1.0,0.007542,0,1
data\val\real\000000035062.jpg,0,real,blur_s1.0,0.008064,0,1
data\val\real\000000035197.jpg,0,real,blur_s1.0,0.039792,0,1
data\val\real\000000035279.jpg,0,real,blur_s1.0,0.007282,0,1
data\val\real\000000035326.jpg,0,real,blur_s1.0,0.003295,0,1
data\val\real\000000035682.jpg,0,real,blur_s1.0,0.003356,0,1
data\val\real\000000035770.jpg,0,real,blur_s1.0,0.008361,0,1
data\val\real\000000035963.jpg,0,real,blur_s1.0,0.000806,0,1
data\val\real\000000036494.jpg,0,real,blur_s1.0,0.105372,0,1
data\val\real\000000036539.jpg,0,real,blur_s1.0,0.000297,0,1
data\val\real\000000036660.jpg,0,real,blur_s1.0,0.017473,0,1
data\val\real\000000036678.jpg,0,real,blur_s1.0,0.039859,0,1
data\val\real\000000036844.jpg,0,real,blur_s1.0,0.002209,0,1
data\val\real\000000036861.jpg,0,real,blur_s1.0,0.013356,0,1
data\val\real\000000036936.jpg,0,real,blur_s1.0,0.000202,0,1
data\val\real\000000037670.jpg,0,real,blur_s1.0,0.021145,0,1
data\val\real\000000037689.jpg,0,real,blur_s1.0,0.023913,0,1
data\val\real\000000037740.jpg,0,real,blur_s1.0,0.018376,0,1
data\val\real\000000037751.jpg,0,real,blur_s1.0,0.013508,0,1
data\val\real\000000037777.jpg,0,real,blur_s1.0,0.039212,0,1
data\val\real\000000037988.jpg,0,real,blur_s1.0,0.004350,0,1
data\val\real\000000038048.jpg,0,real,blur_s1.0,0.002605,0,1
data\val\real\000000038070.jpg,0,real,blur_s1.0,0.040956,0,1
data\val\real\000000038118.jpg,0,real,blur_s1.0,0.222359,0,1
data\val\real\000000038210.jpg,0,real,blur_s1.0,0.020663,0,1
data\val\real\000000038576.jpg,0,real,blur_s1.0,0.035796,0,1
data\val\real\000000038678.jpg,0,real,blur_s1.0,0.000340,0,1
data\val\real\000000038825.jpg,0,real,blur_s1.0,0.045122,0,1
data\val\real\000000038829.jpg,0,real,blur_s1.0,0.006224,0,1
data\val\real\000000039405.jpg,0,real,blur_s1.0,0.005094,0,1
data\val\real\000000039477.jpg,0,real,blur_s1.0,0.043796,0,1
data\val\real\000000039480.jpg,0,real,blur_s1.0,0.020673,0,1
data\val\real\000000039484.jpg,0,real,blur_s1.0,0.072095,0,1
data\val\real\000000039551.jpg,0,real,blur_s1.0,0.333442,0,1
data\val\real\000000039670.jpg,0,real,blur_s1.0,0.056247,0,1
data\val\real\000000039769.jpg,0,real,blur_s1.0,0.001461,0,1
data\val\real\000000039785.jpg,0,real,blur_s1.0,0.009775,0,1
data\val\real\000000039914.jpg,0,real,blur_s1.0,0.000585,0,1
data\val\real\000000039951.jpg,0,real,blur_s1.0,0.015252,0,1
data\val\real\000000039956.jpg,0,real,blur_s1.0,0.596262,1,0
data\val\real\000000040036.jpg,0,real,blur_s1.0,0.164614,0,1
data\val\real\000000040083.jpg,0,real,blur_s1.0,0.001870,0,1
data\val\real\000000040471.jpg,0,real,blur_s1.0,0.002030,0,1
data\val\real\000000040757.jpg,0,real,blur_s1.0,0.007170,0,1
data\val\real\000000041488.jpg,0,real,blur_s1.0,0.266948,0,1
data\val\real\000000041633.jpg,0,real,blur_s1.0,0.495203,0,1
data\val\real\000000041635.jpg,0,real,blur_s1.0,0.064871,0,1
data\val\real\000000041872.jpg,0,real,blur_s1.0,0.020626,0,1
data\val\real\000000041888.jpg,0,real,blur_s1.0,0.002114,0,1
data\val\real\000000041990.jpg,0,real,blur_s1.0,0.000525,0,1
data\val\real\000000042070.jpg,0,real,blur_s1.0,0.023582,0,1
data\val\real\000000042102.jpg,0,real,blur_s1.0,0.002874,0,1
data\val\real\000000042178.jpg,0,real,blur_s1.0,0.265771,0,1
data\val\real\000000042276.jpg,0,real,blur_s1.0,0.001452,0,1
data\val\real\000000042296.jpg,0,real,blur_s1.0,0.012640,0,1
data\val\real\000000042528.jpg,0,real,blur_s1.0,0.000134,0,1
data\val\real\000000042563.jpg,0,real,blur_s1.0,0.039166,0,1
data\val\real\000000042628.jpg,0,real,blur_s1.0,0.021306,0,1
data\val\real\000000042888.jpg,0,real,blur_s1.0,0.001368,0,1
data\val\real\000000042889.jpg,0,real,blur_s1.0,0.001608,0,1
data\val\real\000000043314.jpg,0,real,blur_s1.0,0.089374,0,1
data\val\real\000000043435.jpg,0,real,blur_s1.0,0.061470,0,1
data\val\real\000000043581.jpg,0,real,blur_s1.0,0.030145,0,1
data\val\real\000000043737.jpg,0,real,blur_s1.0,0.023295,0,1
data\val\real\000000043816.jpg,0,real,blur_s1.0,0.024288,0,1
data\val\real\000000044068.jpg,0,real,blur_s1.0,0.000649,0,1
data\val\real\000000044195.jpg,0,real,blur_s1.0,0.018947,0,1
data\val\real\000000044260.jpg,0,real,blur_s1.0,0.862281,1,0
data\val\real\000000044279.jpg,0,real,blur_s1.0,0.033859,0,1
data\val\real\000000044590.jpg,0,real,blur_s1.0,0.005062,0,1
data\val\real\000000044652.jpg,0,real,blur_s1.0,0.027964,0,1
data\val\real\000000044699.jpg,0,real,blur_s1.0,0.275446,0,1
data\val\real\000000044877.jpg,0,real,blur_s1.0,0.061798,0,1
data\val\real\000000045070.jpg,0,real,blur_s1.0,0.022364,0,1
data\val\real\000000045090.jpg,0,real,blur_s1.0,0.012843,0,1
data\val\real\000000045229.jpg,0,real,blur_s1.0,0.486133,0,1
data\val\real\000000045472.jpg,0,real,blur_s1.0,0.017400,0,1
data\val\real\000000045550.jpg,0,real,blur_s1.0,0.002035,0,1
data\val\real\000000045596.jpg,0,real,blur_s1.0,0.010635,0,1
data\val\real\000000045728.jpg,0,real,blur_s1.0,0.011848,0,1
data\val\real\000000046031.jpg,0,real,blur_s1.0,0.002350,0,1
data\val\real\000000046048.jpg,0,real,blur_s1.0,0.001672,0,1
data\val\real\000000046252.jpg,0,real,blur_s1.0,0.336823,0,1
data\val\real\000000046378.jpg,0,real,blur_s1.0,0.008616,0,1
data\val\real\000000046463.jpg,0,real,blur_s1.0,0.001402,0,1
data\val\real\000000046497.jpg,0,real,blur_s1.0,0.003559,0,1
data\val\real\000000046804.jpg,0,real,blur_s1.0,0.025731,0,1
data\val\real\000000046872.jpg,0,real,blur_s1.0,0.256029,0,1
data\val\real\000000047010.jpg,0,real,blur_s1.0,0.024196,0,1
data\val\real\000000047112.jpg,0,real,blur_s1.0,0.033723,0,1
data\val\real\000000047121.jpg,0,real,blur_s1.0,0.002818,0,1
data\val\real\000000047571.jpg,0,real,blur_s1.0,0.027864,0,1
data\val\real\000000047585.jpg,0,real,blur_s1.0,0.000537,0,1
data\val\real\000000047740.jpg,0,real,blur_s1.0,0.000241,0,1
data\val\real\000000047769.jpg,0,real,blur_s1.0,0.001200,0,1
data\val\real\000000047801.jpg,0,real,blur_s1.0,0.015005,0,1
data\val\real\000000047819.jpg,0,real,blur_s1.0,0.001665,0,1
data\val\real\000000047828.jpg,0,real,blur_s1.0,0.461620,0,1
data\val\real\000000048153.jpg,0,real,blur_s1.0,0.006079,0,1
data\val\real\000000048396.jpg,0,real,blur_s1.0,0.000156,0,1
data\val\real\000000048504.jpg,0,real,blur_s1.0,0.062833,0,1
data\val\real\000000048555.jpg,0,real,blur_s1.0,0.165874,0,1
data\val\real\000000048564.jpg,0,real,blur_s1.0,0.002475,0,1
data\val\real\000000048924.jpg,0,real,blur_s1.0,0.903769,1,0
data\val\real\000000049060.jpg,0,real,blur_s1.0,0.001289,0,1
data\val\real\000000049091.jpg,0,real,blur_s1.0,0.129476,0,1
data\val\real\000000049259.jpg,0,real,blur_s1.0,0.000374,0,1
data\val\real\000000049269.jpg,0,real,blur_s1.0,0.171787,0,1
data\val\real\000000049759.jpg,0,real,blur_s1.0,0.073634,0,1
data\val\real\000000049761.jpg,0,real,blur_s1.0,0.007077,0,1
data\val\real\000000049810.jpg,0,real,blur_s1.0,0.073797,0,1
data\val\real\000000050006.jpg,0,real,blur_s1.0,0.053764,0,1
data\val\real\000000050145.jpg,0,real,blur_s1.0,0.001133,0,1
data\val\real\000000050149.jpg,0,real,blur_s1.0,0.016846,0,1
data\val\real\000000050165.jpg,0,real,blur_s1.0,0.152257,0,1
data\val\real\000000050326.jpg,0,real,blur_s1.0,0.000316,0,1
data\val\real\000000050331.jpg,0,real,blur_s1.0,0.005459,0,1
data\val\real\000000050380.jpg,0,real,blur_s1.0,0.015073,0,1
data\val\real\000000050638.jpg,0,real,blur_s1.0,0.404330,0,1
data\val\real\000000050679.jpg,0,real,blur_s1.0,0.179297,0,1
data\val\real\000000050811.jpg,0,real,blur_s1.0,0.008238,0,1
data\val\real\000000050828.jpg,0,real,blur_s1.0,0.039116,0,1
data\val\real\000000050844.jpg,0,real,blur_s1.0,0.071684,0,1
data\val\real\000000050896.jpg,0,real,blur_s1.0,0.081156,0,1
data\val\real\000000050943.jpg,0,real,blur_s1.0,0.016465,0,1
data\val\real\000000051008.jpg,0,real,blur_s1.0,0.001951,0,1
data\val\real\000000051309.jpg,0,real,blur_s1.0,0.005035,0,1
data\val\real\000000051314.jpg,0,real,blur_s1.0,0.009265,0,1
data\val\real\000000051326.jpg,0,real,blur_s1.0,0.014358,0,1
data\val\real\000000051598.jpg,0,real,blur_s1.0,0.000280,0,1
data\val\real\000000051610.jpg,0,real,blur_s1.0,0.146428,0,1
data\val\real\000000051712.jpg,0,real,blur_s1.0,0.056098,0,1
data\val\real\000000051738.jpg,0,real,blur_s1.0,0.007380,0,1
data\val\real\000000051938.jpg,0,real,blur_s1.0,0.017146,0,1
data\val\real\000000051961.jpg,0,real,blur_s1.0,0.027455,0,1
data\val\real\000000051976.jpg,0,real,blur_s1.0,0.174408,0,1
data\val\real\000000052007.jpg,0,real,blur_s1.0,0.028818,0,1
data\val\real\000000052017.jpg,0,real,blur_s1.0,0.328320,0,1
data\val\real\000000052412.jpg,0,real,blur_s1.0,0.330002,0,1
data\val\real\000000052413.jpg,0,real,blur_s1.0,0.001277,0,1
data\val\real\000000052462.jpg,0,real,blur_s1.0,0.065888,0,1
data\val\real\000000052507.jpg,0,real,blur_s1.0,0.012618,0,1
data\val\real\000000052565.jpg,0,real,blur_s1.0,0.069068,0,1
data\val\real\000000052591.jpg,0,real,blur_s1.0,0.173066,0,1
data\val\real\000000052891.jpg,0,real,blur_s1.0,0.044414,0,1
data\val\real\000000052996.jpg,0,real,blur_s1.0,0.001213,0,1
data\val\real\000000053505.jpg,0,real,blur_s1.0,0.017318,0,1
data\val\real\000000053529.jpg,0,real,blur_s1.0,0.026338,0,1
data\val\real\000000053624.jpg,0,real,blur_s1.0,0.002308,0,1
data\val\real\000000053626.jpg,0,real,blur_s1.0,0.002781,0,1
data\val\real\000000053909.jpg,0,real,blur_s1.0,0.004964,0,1
data\val\real\000000053994.jpg,0,real,blur_s1.0,0.077056,0,1
data\val\real\000000054123.jpg,0,real,blur_s1.0,0.161790,0,1
data\val\real\000000054164.jpg,0,real,blur_s1.0,0.079150,0,1
data\val\real\000000054592.jpg,0,real,blur_s1.0,0.056417,0,1
data\val\real\000000054593.jpg,0,real,blur_s1.0,0.019873,0,1
data\val\real\000000054605.jpg,0,real,blur_s1.0,0.010436,0,1
data\val\real\000000054628.jpg,0,real,blur_s1.0,0.009204,0,1
data\val\real\000000054654.jpg,0,real,blur_s1.0,0.000714,0,1
data\val\real\000000054931.jpg,0,real,blur_s1.0,0.217207,0,1
data\val\real\000000054967.jpg,0,real,blur_s1.0,0.058716,0,1
data\val\real\000000055002.jpg,0,real,blur_s1.0,0.005653,0,1
data\val\real\000000055022.jpg,0,real,blur_s1.0,0.004480,0,1
data\val\real\000000055072.jpg,0,real,blur_s1.0,0.207353,0,1
data\val\real\000000055150.jpg,0,real,blur_s1.0,0.002523,0,1
data\val\real\000000055167.jpg,0,real,blur_s1.0,0.001215,0,1
data\val\real\000000055299.jpg,0,real,blur_s1.0,0.081883,0,1
data\val\real\000000055528.jpg,0,real,blur_s1.0,0.000616,0,1
data\val\real\000000055950.jpg,0,real,blur_s1.0,0.039127,0,1
data\val\real\000000056127.jpg,0,real,blur_s1.0,0.010113,0,1
data\val\real\000000056288.jpg,0,real,blur_s1.0,0.013706,0,1
data\val\real\000000056344.jpg,0,real,blur_s1.0,0.017706,0,1
data\val\real\000000056350.jpg,0,real,blur_s1.0,0.012717,0,1
data\val\real\000000056545.jpg,0,real,blur_s1.0,0.004267,0,1
data\val\ai\ai_000001.png,1,ai,blur_s1.0,0.807538,1,1
data\val\ai\ai_000002.png,1,ai,blur_s1.0,0.826336,1,1
data\val\ai\ai_000003.png,1,ai,blur_s1.0,0.969022,1,1
data\val\ai\ai_000004.png,1,ai,blur_s1.0,0.626884,1,1
data\val\ai\ai_000005.png,1,ai,blur_s1.0,0.781113,1,1
data\val\ai\ai_000006.png,1,ai,blur_s1.0,0.944355,1,1
data\val\ai\ai_000007.png,1,ai,blur_s1.0,0.220893,0,0
data\val\ai\ai_000008.png,1,ai,blur_s1.0,0.936049,1,1
data\val\ai\ai_000009.png,1,ai,blur_s1.0,0.398608,0,0
data\val\ai\ai_000010.png,1,ai,blur_s1.0,0.962696,1,1
data\val\ai\ai_000011.png,1,ai,blur_s1.0,0.982041,1,1
data\val\ai\ai_000012.png,1,ai,blur_s1.0,0.336413,0,0
data\val\ai\ai_000013.png,1,ai,blur_s1.0,0.989374,1,1
data\val\ai\ai_000014.png,1,ai,blur_s1.0,0.996617,1,1
data\val\ai\ai_000015.png,1,ai,blur_s1.0,0.952014,1,1
data\val\ai\ai_000016.png,1,ai,blur_s1.0,0.927509,1,1
data\val\ai\ai_000017.png,1,ai,blur_s1.0,0.622978,1,1
data\val\ai\ai_000018.png,1,ai,blur_s1.0,0.908933,1,1
data\val\ai\ai_000019.png,1,ai,blur_s1.0,0.551444,1,1
data\val\ai\ai_000020.png,1,ai,blur_s1.0,0.567117,1,1
data\val\ai\ai_000021.png,1,ai,blur_s1.0,0.988669,1,1
data\val\ai\ai_000022.png,1,ai,blur_s1.0,0.125126,0,0
data\val\ai\ai_000023.png,1,ai,blur_s1.0,0.957361,1,1
data\val\ai\ai_000024.png,1,ai,blur_s1.0,0.919581,1,1
data\val\ai\ai_000025.png,1,ai,blur_s1.0,0.921407,1,1
data\val\ai\ai_000026.png,1,ai,blur_s1.0,0.809724,1,1
data\val\ai\ai_000027.png,1,ai,blur_s1.0,0.155177,0,0
data\val\ai\ai_000028.png,1,ai,blur_s1.0,0.826144,1,1
data\val\ai\ai_000029.png,1,ai,blur_s1.0,0.990507,1,1
data\val\ai\ai_000030.png,1,ai,blur_s1.0,0.458745,0,0
data\val\ai\ai_000031.png,1,ai,blur_s1.0,0.753151,1,1
data\val\ai\ai_000032.png,1,ai,blur_s1.0,0.834903,1,1
data\val\ai\ai_000033.png,1,ai,blur_s1.0,0.967340,1,1
data\val\ai\ai_000034.png,1,ai,blur_s1.0,0.980195,1,1
data\val\ai\ai_000035.png,1,ai,blur_s1.0,0.571553,1,1
data\val\ai\ai_000036.png,1,ai,blur_s1.0,0.975472,1,1
data\val\ai\ai_000037.png,1,ai,blur_s1.0,0.674822,1,1
data\val\ai\ai_000038.png,1,ai,blur_s1.0,0.570178,1,1
data\val\ai\ai_000039.png,1,ai,blur_s1.0,0.552319,1,1
data\val\ai\ai_000040.png,1,ai,blur_s1.0,0.227314,0,0
data\val\ai\ai_000041.png,1,ai,blur_s1.0,0.998703,1,1
data\val\ai\ai_000042.png,1,ai,blur_s1.0,0.999028,1,1
data\val\ai\ai_000043.png,1,ai,blur_s1.0,0.999124,1,1
data\val\ai\ai_000044.png,1,ai,blur_s1.0,0.738812,1,1
data\val\ai\ai_000045.png,1,ai,blur_s1.0,0.912921,1,1
data\val\ai\ai_000046.png,1,ai,blur_s1.0,0.935735,1,1
data\val\ai\ai_000047.png,1,ai,blur_s1.0,0.673330,1,1
data\val\ai\ai_000048.png,1,ai,blur_s1.0,0.918453,1,1
data\val\ai\ai_000049.png,1,ai,blur_s1.0,0.572538,1,1
data\val\ai\ai_000050.png,1,ai,blur_s1.0,0.770404,1,1
data\val\ai\ai_000051.png,1,ai,blur_s1.0,0.978053,1,1
data\val\ai\ai_000052.png,1,ai,blur_s1.0,0.983431,1,1
data\val\ai\ai_000053.png,1,ai,blur_s1.0,0.804566,1,1
data\val\ai\ai_000054.png,1,ai,blur_s1.0,0.720563,1,1
data\val\ai\ai_000055.png,1,ai,blur_s1.0,0.381445,0,0
data\val\ai\ai_000056.png,1,ai,blur_s1.0,0.887602,1,1
data\val\ai\ai_000057.png,1,ai,blur_s1.0,0.514705,1,1
data\val\ai\ai_000058.png,1,ai,blur_s1.0,0.105254,0,0
data\val\ai\ai_000059.png,1,ai,blur_s1.0,0.164751,0,0
data\val\ai\ai_000060.png,1,ai,blur_s1.0,0.933263,1,1
data\val\ai\ai_000061.png,1,ai,blur_s1.0,0.993068,1,1
data\val\ai\ai_000062.png,1,ai,blur_s1.0,0.932144,1,1
data\val\ai\ai_000063.png,1,ai,blur_s1.0,0.365146,0,0
data\val\ai\ai_000064.png,1,ai,blur_s1.0,0.011868,0,0
data\val\ai\ai_000065.png,1,ai,blur_s1.0,0.626014,1,1
data\val\ai\ai_000066.png,1,ai,blur_s1.0,0.798834,1,1
data\val\ai\ai_000067.png,1,ai,blur_s1.0,0.892935,1,1
data\val\ai\ai_000068.png,1,ai,blur_s1.0,0.496436,0,0
data\val\ai\ai_000069.png,1,ai,blur_s1.0,0.861616,1,1
data\val\ai\ai_000070.png,1,ai,blur_s1.0,0.713797,1,1
data\val\ai\ai_000071.png,1,ai,blur_s1.0,0.997939,1,1
data\val\ai\ai_000072.png,1,ai,blur_s1.0,0.551209,1,1
data\val\ai\ai_000073.png,1,ai,blur_s1.0,0.993218,1,1
data\val\ai\ai_000074.png,1,ai,blur_s1.0,0.996590,1,1
data\val\ai\ai_000075.png,1,ai,blur_s1.0,0.987775,1,1
data\val\ai\ai_000076.png,1,ai,blur_s1.0,0.928109,1,1
data\val\ai\ai_000077.png,1,ai,blur_s1.0,0.429021,0,0
data\val\ai\ai_000078.png,1,ai,blur_s1.0,0.582900,1,1
data\val\ai\ai_000079.png,1,ai,blur_s1.0,0.888131,1,1
data\val\ai\ai_000080.png,1,ai,blur_s1.0,0.266915,0,0
data\val\ai\ai_000081.png,1,ai,blur_s1.0,0.893208,1,1
data\val\ai\ai_000082.png,1,ai,blur_s1.0,0.996568,1,1
data\val\ai\ai_000083.png,1,ai,blur_s1.0,0.847512,1,1
data\val\ai\ai_000084.png,1,ai,blur_s1.0,0.958807,1,1
data\val\ai\ai_000085.png,1,ai,blur_s1.0,0.955710,1,1
data\val\ai\ai_000086.png,1,ai,blur_s1.0,0.845212,1,1
data\val\ai\ai_000087.png,1,ai,blur_s1.0,0.774643,1,1
data\val\ai\ai_000088.png,1,ai,blur_s1.0,0.342492,0,0
data\val\ai\ai_000089.png,1,ai,blur_s1.0,0.488868,0,0
data\val\ai\ai_000090.png,1,ai,blur_s1.0,0.741478,1,1
data\val\ai\ai_000091.png,1,ai,blur_s1.0,0.988595,1,1
data\val\ai\ai_000092.png,1,ai,blur_s1.0,0.971824,1,1
data\val\ai\ai_000093.png,1,ai,blur_s1.0,0.942452,1,1
data\val\ai\ai_000094.png,1,ai,blur_s1.0,0.982804,1,1
data\val\ai\ai_000095.png,1,ai,blur_s1.0,0.929438,1,1
data\val\ai\ai_000096.png,1,ai,blur_s1.0,0.989076,1,1
data\val\ai\ai_000097.png,1,ai,blur_s1.0,0.088575,0,0
data\val\ai\ai_000098.png,1,ai,blur_s1.0,0.989716,1,1
data\val\ai\ai_000099.png,1,ai,blur_s1.0,0.597885,1,1
data\val\ai\ai_000100.png,1,ai,blur_s1.0,0.991379,1,1
data\val\ai\ai_000101.png,1,ai,blur_s1.0,0.989737,1,1
data\val\ai\ai_000102.png,1,ai,blur_s1.0,0.174734,0,0
data\val\ai\ai_000103.png,1,ai,blur_s1.0,0.917226,1,1
data\val\ai\ai_000104.png,1,ai,blur_s1.0,0.929191,1,1
data\val\ai\ai_000105.png,1,ai,blur_s1.0,0.073370,0,0
data\val\ai\ai_000106.png,1,ai,blur_s1.0,0.206428,0,0
data\val\ai\ai_000107.png,1,ai,blur_s1.0,0.825050,1,1
data\val\ai\ai_000108.png,1,ai,blur_s1.0,0.966402,1,1
data\val\ai\ai_000109.png,1,ai,blur_s1.0,0.989209,1,1
data\val\ai\ai_000110.png,1,ai,blur_s1.0,0.962808,1,1
data\val\ai\ai_000111.png,1,ai,blur_s1.0,0.527466,1,1
data\val\ai\ai_000112.png,1,ai,blur_s1.0,0.095815,0,0
data\val\ai\ai_000113.png,1,ai,blur_s1.0,0.897302,1,1
data\val\ai\ai_000114.png,1,ai,blur_s1.0,0.848663,1,1
data\val\ai\ai_000115.png,1,ai,blur_s1.0,0.550830,1,1
data\val\ai\ai_000116.png,1,ai,blur_s1.0,0.925746,1,1
data\val\ai\ai_000117.png,1,ai,blur_s1.0,0.957645,1,1
data\val\ai\ai_000118.png,1,ai,blur_s1.0,0.759516,1,1
data\val\ai\ai_000119.png,1,ai,blur_s1.0,0.367818,0,0
data\val\ai\ai_000120.png,1,ai,blur_s1.0,0.835291,1,1
data\val\ai\ai_000121.png,1,ai,blur_s1.0,0.983119,1,1
data\val\ai\ai_000122.png,1,ai,blur_s1.0,0.438311,0,0
data\val\ai\ai_000123.png,1,ai,blur_s1.0,0.400663,0,0
data\val\ai\ai_000124.png,1,ai,blur_s1.0,0.637331,1,1
data\val\ai\ai_000125.png,1,ai,blur_s1.0,0.987604,1,1
data\val\ai\ai_000126.png,1,ai,blur_s1.0,0.840173,1,1
data\val\ai\ai_000127.png,1,ai,blur_s1.0,0.575919,1,1
data\val\ai\ai_000128.png,1,ai,blur_s1.0,0.702003,1,1
data\val\ai\ai_000129.png,1,ai,blur_s1.0,0.969075,1,1
data\val\ai\ai_000130.png,1,ai,blur_s1.0,0.468283,0,0
data\val\ai\ai_000131.png,1,ai,blur_s1.0,0.991207,1,1
data\val\ai\ai_000132.png,1,ai,blur_s1.0,0.727629,1,1
data\val\ai\ai_000133.png,1,ai,blur_s1.0,0.984413,1,1
data\val\ai\ai_000134.png,1,ai,blur_s1.0,0.964468,1,1
data\val\ai\ai_000135.png,1,ai,blur_s1.0,0.990511,1,1
data\val\ai\ai_000136.png,1,ai,blur_s1.0,0.686862,1,1
data\val\ai\ai_000137.png,1,ai,blur_s1.0,0.469601,0,0
data\val\ai\ai_000138.png,1,ai,blur_s1.0,0.641663,1,1
data\val\ai\ai_000139.png,1,ai,blur_s1.0,0.986192,1,1
data\val\ai\ai_000140.png,1,ai,blur_s1.0,0.761947,1,1
data\val\ai\ai_000141.png,1,ai,blur_s1.0,0.998637,1,1
data\val\ai\ai_000142.png,1,ai,blur_s1.0,0.778336,1,1
data\val\ai\ai_000143.png,1,ai,blur_s1.0,0.998025,1,1
data\val\ai\ai_000144.png,1,ai,blur_s1.0,0.951717,1,1
data\val\ai\ai_000145.png,1,ai,blur_s1.0,0.935515,1,1
data\val\ai\ai_000146.png,1,ai,blur_s1.0,0.666586,1,1
data\val\ai\ai_000147.png,1,ai,blur_s1.0,0.652422,1,1
data\val\ai\ai_000148.png,1,ai,blur_s1.0,0.065087,0,0
data\val\ai\ai_000149.png,1,ai,blur_s1.0,0.723858,1,1
data\val\ai\ai_000150.png,1,ai,blur_s1.0,0.959849,1,1
data\val\ai\ai_000151.png,1,ai,blur_s1.0,0.881982,1,1
data\val\ai\ai_000152.png,1,ai,blur_s1.0,0.581711,1,1
data\val\ai\ai_000153.png,1,ai,blur_s1.0,0.996134,1,1
data\val\ai\ai_000154.png,1,ai,blur_s1.0,0.936489,1,1
data\val\ai\ai_000155.png,1,ai,blur_s1.0,0.442612,0,0
data\val\ai\ai_000156.png,1,ai,blur_s1.0,0.265528,0,0
data\val\ai\ai_000157.png,1,ai,blur_s1.0,0.322868,0,0
data\val\ai\ai_000158.png,1,ai,blur_s1.0,0.457737,0,0
data\val\ai\ai_000159.png,1,ai,blur_s1.0,0.984876,1,1
data\val\ai\ai_000160.png,1,ai,blur_s1.0,0.019729,0,0
data\val\ai\ai_000161.png,1,ai,blur_s1.0,0.322404,0,0
data\val\ai\ai_000162.png,1,ai,blur_s1.0,0.505488,1,1
data\val\ai\ai_000163.png,1,ai,blur_s1.0,0.994798,1,1
data\val\ai\ai_000164.png,1,ai,blur_s1.0,0.979913,1,1
data\val\ai\ai_000165.png,1,ai,blur_s1.0,0.908002,1,1
data\val\ai\ai_000166.png,1,ai,blur_s1.0,0.967147,1,1
data\val\ai\ai_000167.png,1,ai,blur_s1.0,0.244672,0,0
data\val\ai\ai_000168.png,1,ai,blur_s1.0,0.115749,0,0
data\val\ai\ai_000169.png,1,ai,blur_s1.0,0.942036,1,1
data\val\ai\ai_000170.png,1,ai,blur_s1.0,0.953749,1,1
data\val\ai\ai_000171.png,1,ai,blur_s1.0,0.497483,0,0
data\val\ai\ai_000172.png,1,ai,blur_s1.0,0.986345,1,1
data\val\ai\ai_000173.png,1,ai,blur_s1.0,0.972849,1,1
data\val\ai\ai_000174.png,1,ai,blur_s1.0,0.995919,1,1
data\val\ai\ai_000175.png,1,ai,blur_s1.0,0.980229,1,1
data\val\ai\ai_000176.png,1,ai,blur_s1.0,0.996618,1,1
data\val\ai\ai_000177.png,1,ai,blur_s1.0,0.771196,1,1
data\val\ai\ai_000178.png,1,ai,blur_s1.0,0.884834,1,1
data\val\ai\ai_000179.png,1,ai,blur_s1.0,0.936879,1,1
data\val\ai\ai_000180.png,1,ai,blur_s1.0,0.909426,1,1
data\val\ai\ai_000181.png,1,ai,blur_s1.0,0.916175,1,1
data\val\ai\ai_000182.png,1,ai,blur_s1.0,0.102405,0,0
data\val\ai\ai_000183.png,1,ai,blur_s1.0,0.880520,1,1
data\val\ai\ai_000184.png,1,ai,blur_s1.0,0.899043,1,1
data\val\ai\ai_000185.png,1,ai,blur_s1.0,0.956538,1,1
data\val\ai\ai_000186.png,1,ai,blur_s1.0,0.919550,1,1
data\val\ai\ai_000187.png,1,ai,blur_s1.0,0.876149,1,1
data\val\ai\ai_000188.png,1,ai,blur_s1.0,0.567238,1,1
data\val\ai\ai_000189.png,1,ai,blur_s1.0,0.985853,1,1
data\val\ai\ai_000190.png,1,ai,blur_s1.0,0.901833,1,1
data\val\ai\ai_000191.png,1,ai,blur_s1.0,0.718775,1,1
data\val\ai\ai_000192.png,1,ai,blur_s1.0,0.877219,1,1
data\val\ai\ai_000193.png,1,ai,blur_s1.0,0.955246,1,1
data\val\ai\ai_000194.png,1,ai,blur_s1.0,0.345031,0,0
data\val\ai\ai_000195.png,1,ai,blur_s1.0,0.516206,1,1
data\val\ai\ai_000196.png,1,ai,blur_s1.0,0.920086,1,1
data\val\ai\ai_000197.png,1,ai,blur_s1.0,0.698308,1,1
data\val\ai\ai_000198.png,1,ai,blur_s1.0,0.760421,1,1
data\val\ai\ai_000199.png,1,ai,blur_s1.0,0.921864,1,1
data\val\ai\ai_000200.png,1,ai,blur_s1.0,0.963952,1,1
data\val\ai\ai_000201.png,1,ai,blur_s1.0,0.906704,1,1
data\val\ai\ai_000202.png,1,ai,blur_s1.0,0.726427,1,1
data\val\ai\ai_000203.png,1,ai,blur_s1.0,0.930225,1,1
data\val\ai\ai_000204.png,1,ai,blur_s1.0,0.975288,1,1
data\val\ai\ai_000205.png,1,ai,blur_s1.0,0.147818,0,0
data\val\ai\ai_000206.png,1,ai,blur_s1.0,0.991017,1,1
data\val\ai\ai_000207.png,1,ai,blur_s1.0,0.623163,1,1
data\val\ai\ai_000208.png,1,ai,blur_s1.0,0.293345,0,0
data\val\ai\ai_000209.png,1,ai,blur_s1.0,0.879030,1,1
data\val\ai\ai_000210.png,1,ai,blur_s1.0,0.883134,1,1
data\val\ai\ai_000211.png,1,ai,blur_s1.0,0.938969,1,1
data\val\ai\ai_000212.png,1,ai,blur_s1.0,0.997653,1,1
data\val\ai\ai_000213.png,1,ai,blur_s1.0,0.921825,1,1
data\val\ai\ai_000214.png,1,ai,blur_s1.0,0.993860,1,1
data\val\ai\ai_000215.png,1,ai,blur_s1.0,0.848949,1,1
data\val\ai\ai_000216.png,1,ai,blur_s1.0,0.954658,1,1
data\val\ai\ai_000217.png,1,ai,blur_s1.0,0.080643,0,0
data\val\ai\ai_000218.png,1,ai,blur_s1.0,0.916514,1,1
data\val\ai\ai_000219.png,1,ai,blur_s1.0,0.376969,0,0
data\val\ai\ai_000220.png,1,ai,blur_s1.0,0.305215,0,0
data\val\ai\ai_000221.png,1,ai,blur_s1.0,0.989276,1,1
data\val\ai\ai_000222.png,1,ai,blur_s1.0,0.709033,1,1
data\val\ai\ai_000223.png,1,ai,blur_s1.0,0.873868,1,1
data\val\ai\ai_000224.png,1,ai,blur_s1.0,0.929752,1,1
data\val\ai\ai_000225.png,1,ai,blur_s1.0,0.815192,1,1
data\val\ai\ai_000226.png,1,ai,blur_s1.0,0.984348,1,1
data\val\ai\ai_000227.png,1,ai,blur_s1.0,0.198901,0,0
data\val\ai\ai_000228.png,1,ai,blur_s1.0,0.172930,0,0
data\val\ai\ai_000229.png,1,ai,blur_s1.0,0.940719,1,1
data\val\ai\ai_000230.png,1,ai,blur_s1.0,0.972713,1,1
data\val\ai\ai_000231.png,1,ai,blur_s1.0,0.993425,1,1
data\val\ai\ai_000232.png,1,ai,blur_s1.0,0.896174,1,1
data\val\ai\ai_000233.png,1,ai,blur_s1.0,0.928922,1,1
data\val\ai\ai_000234.png,1,ai,blur_s1.0,0.997052,1,1
data\val\ai\ai_000235.png,1,ai,blur_s1.0,0.972845,1,1
data\val\ai\ai_000236.png,1,ai,blur_s1.0,0.976827,1,1
data\val\ai\ai_000237.png,1,ai,blur_s1.0,0.110613,0,0
data\val\ai\ai_000238.png,1,ai,blur_s1.0,0.130607,0,0
data\val\ai\ai_000239.png,1,ai,blur_s1.0,0.842811,1,1
data\val\ai\ai_000240.png,1,ai,blur_s1.0,0.403938,0,0
data\val\ai\ai_000241.png,1,ai,blur_s1.0,0.976571,1,1
data\val\ai\ai_000242.png,1,ai,blur_s1.0,0.754976,1,1
data\val\ai\ai_000243.png,1,ai,blur_s1.0,0.337067,0,0
data\val\ai\ai_000244.png,1,ai,blur_s1.0,0.992547,1,1
data\val\ai\ai_000245.png,1,ai,blur_s1.0,0.221383,0,0
data\val\ai\ai_000246.png,1,ai,blur_s1.0,0.996148,1,1
data\val\ai\ai_000247.png,1,ai,blur_s1.0,0.684945,1,1
data\val\ai\ai_000248.png,1,ai,blur_s1.0,0.913679,1,1
data\val\ai\ai_000249.png,1,ai,blur_s1.0,0.837563,1,1
data\val\ai\ai_000250.png,1,ai,blur_s1.0,0.466388,0,0
data\val\ai\ai_000251.png,1,ai,blur_s1.0,0.936363,1,1
data\val\ai\ai_000252.png,1,ai,blur_s1.0,0.971101,1,1
data\val\ai\ai_000253.png,1,ai,blur_s1.0,0.799278,1,1
data\val\ai\ai_000254.png,1,ai,blur_s1.0,0.870738,1,1
data\val\ai\ai_000255.png,1,ai,blur_s1.0,0.305715,0,0
data\val\ai\ai_000256.png,1,ai,blur_s1.0,0.356130,0,0
data\val\ai\ai_000257.png,1,ai,blur_s1.0,0.913252,1,1
data\val\ai\ai_000258.png,1,ai,blur_s1.0,0.458836,0,0
data\val\ai\ai_000259.png,1,ai,blur_s1.0,0.679280,1,1
data\val\ai\ai_000260.png,1,ai,blur_s1.0,0.633300,1,1
data\val\ai\ai_000261.png,1,ai,blur_s1.0,0.989046,1,1
data\val\ai\ai_000262.png,1,ai,blur_s1.0,0.870279,1,1
data\val\ai\ai_000263.png,1,ai,blur_s1.0,0.734670,1,1
data\val\ai\ai_000264.png,1,ai,blur_s1.0,0.983844,1,1
data\val\ai\ai_000265.png,1,ai,blur_s1.0,0.275710,0,0
data\val\ai\ai_000266.png,1,ai,blur_s1.0,0.979670,1,1
data\val\ai\ai_000267.png,1,ai,blur_s1.0,0.975252,1,1
data\val\ai\ai_000268.png,1,ai,blur_s1.0,0.619557,1,1
data\val\ai\ai_000269.png,1,ai,blur_s1.0,0.979964,1,1
data\val\ai\ai_000270.png,1,ai,blur_s1.0,0.789332,1,1
data\val\ai\ai_000271.png,1,ai,blur_s1.0,0.872364,1,1
data\val\ai\ai_000272.png,1,ai,blur_s1.0,0.976468,1,1
data\val\ai\ai_000273.png,1,ai,blur_s1.0,0.938201,1,1
data\val\ai\ai_000274.png,1,ai,blur_s1.0,0.777238,1,1
data\val\ai\ai_000275.png,1,ai,blur_s1.0,0.875740,1,1
data\val\ai\ai_000276.png,1,ai,blur_s1.0,0.952527,1,1
data\val\ai\ai_000277.png,1,ai,blur_s1.0,0.490390,0,0
data\val\ai\ai_000278.png,1,ai,blur_s1.0,0.683720,1,1
data\val\ai\ai_000279.png,1,ai,blur_s1.0,0.937744,1,1
data\val\ai\ai_000280.png,1,ai,blur_s1.0,0.934321,1,1
data\val\ai\ai_000281.png,1,ai,blur_s1.0,0.921769,1,1
data\val\ai\ai_000282.png,1,ai,blur_s1.0,0.081844,0,0
data\val\ai\ai_000283.png,1,ai,blur_s1.0,0.812383,1,1
data\val\ai\ai_000284.png,1,ai,blur_s1.0,0.946443,1,1
data\val\ai\ai_000285.png,1,ai,blur_s1.0,0.486124,0,0
data\val\ai\ai_000286.png,1,ai,blur_s1.0,0.980881,1,1
data\val\ai\ai_000287.png,1,ai,blur_s1.0,0.387856,0,0
data\val\ai\ai_000288.png,1,ai,blur_s1.0,0.240413,0,0
data\val\ai\ai_000289.png,1,ai,blur_s1.0,0.951678,1,1
data\val\ai\ai_000290.png,1,ai,blur_s1.0,0.353116,0,0
data\val\ai\ai_000291.png,1,ai,blur_s1.0,0.934993,1,1
data\val\ai\ai_000292.png,1,ai,blur_s1.0,0.893404,1,1
data\val\ai\ai_000293.png,1,ai,blur_s1.0,0.263436,0,0
data\val\ai\ai_000294.png,1,ai,blur_s1.0,0.951085,1,1
data\val\ai\ai_000295.png,1,ai,blur_s1.0,0.958038,1,1
data\val\ai\ai_000296.png,1,ai,blur_s1.0,0.968141,1,1
data\val\ai\ai_000297.png,1,ai,blur_s1.0,0.794947,1,1
data\val\ai\ai_000298.png,1,ai,blur_s1.0,0.685600,1,1
data\val\ai\ai_000299.png,1,ai,blur_s1.0,0.671972,1,1
data\val\ai\ai_000300.png,1,ai,blur_s1.0,0.799285,1,1
data\val\ai\ai_000301.png,1,ai,blur_s1.0,0.966340,1,1
data\val\ai\ai_000302.png,1,ai,blur_s1.0,0.072224,0,0
data\val\ai\ai_000303.png,1,ai,blur_s1.0,0.588715,1,1
data\val\ai\ai_000304.png,1,ai,blur_s1.0,0.850976,1,1
data\val\ai\ai_000305.png,1,ai,blur_s1.0,0.229998,0,0
data\val\ai\ai_000306.png,1,ai,blur_s1.0,0.956080,1,1
data\val\ai\ai_000307.png,1,ai,blur_s1.0,0.384978,0,0
data\val\ai\ai_000308.png,1,ai,blur_s1.0,0.386523,0,0
data\val\ai\ai_000309.png,1,ai,blur_s1.0,0.723435,1,1
data\val\ai\ai_000310.png,1,ai,blur_s1.0,0.946545,1,1
data\val\ai\ai_000311.png,1,ai,blur_s1.0,0.609926,1,1
data\val\ai\ai_000312.png,1,ai,blur_s1.0,0.905725,1,1
data\val\ai\ai_000313.png,1,ai,blur_s1.0,0.381147,0,0
data\val\ai\ai_000314.png,1,ai,blur_s1.0,0.991967,1,1
data\val\ai\ai_000315.png,1,ai,blur_s1.0,0.923689,1,1
data\val\ai\ai_000316.png,1,ai,blur_s1.0,0.799685,1,1
data\val\ai\ai_000317.png,1,ai,blur_s1.0,0.676634,1,1
data\val\ai\ai_000318.png,1,ai,blur_s1.0,0.344865,0,0
data\val\ai\ai_000319.png,1,ai,blur_s1.0,0.805315,1,1
data\val\ai\ai_000320.png,1,ai,blur_s1.0,0.621114,1,1
data\val\ai\ai_000321.png,1,ai,blur_s1.0,0.986467,1,1
data\val\ai\ai_000322.png,1,ai,blur_s1.0,0.783330,1,1
data\val\ai\ai_000323.png,1,ai,blur_s1.0,0.857437,1,1
data\val\ai\ai_000324.png,1,ai,blur_s1.0,0.998115,1,1
data\val\ai\ai_000325.png,1,ai,blur_s1.0,0.970333,1,1
data\val\ai\ai_000326.png,1,ai,blur_s1.0,0.991411,1,1
data\val\ai\ai_000327.png,1,ai,blur_s1.0,0.997226,1,1
data\val\ai\ai_000328.png,1,ai,blur_s1.0,0.905558,1,1
data\val\ai\ai_000329.png,1,ai,blur_s1.0,0.934062,1,1
data\val\ai\ai_000330.png,1,ai,blur_s1.0,0.564807,1,1
data\val\ai\ai_000331.png,1,ai,blur_s1.0,0.889213,1,1
data\val\ai\ai_000332.png,1,ai,blur_s1.0,0.050580,0,0
data\val\ai\ai_000333.png,1,ai,blur_s1.0,0.982067,1,1
data\val\ai\ai_000334.png,1,ai,blur_s1.0,0.775968,1,1
data\val\ai\ai_000335.png,1,ai,blur_s1.0,0.824937,1,1
data\val\ai\ai_000336.png,1,ai,blur_s1.0,0.934107,1,1
data\val\ai\ai_000337.png,1,ai,blur_s1.0,0.995695,1,1
data\val\ai\ai_000338.png,1,ai,blur_s1.0,0.679648,1,1
data\val\ai\ai_000339.png,1,ai,blur_s1.0,0.885034,1,1
data\val\ai\ai_000340.png,1,ai,blur_s1.0,0.921665,1,1
data\val\ai\ai_000341.png,1,ai,blur_s1.0,0.829122,1,1
data\val\ai\ai_000342.png,1,ai,blur_s1.0,0.003262,0,0
data\val\ai\ai_000343.png,1,ai,blur_s1.0,0.789716,1,1
data\val\ai\ai_000344.png,1,ai,blur_s1.0,0.889546,1,1
data\val\ai\ai_000345.png,1,ai,blur_s1.0,0.486082,0,0
data\val\ai\ai_000346.png,1,ai,blur_s1.0,0.781097,1,1
data\val\ai\ai_000347.png,1,ai,blur_s1.0,0.905230,1,1
data\val\ai\ai_000348.png,1,ai,blur_s1.0,0.694468,1,1
data\val\ai\ai_000349.png,1,ai,blur_s1.0,0.970711,1,1
data\val\ai\ai_000350.png,1,ai,blur_s1.0,0.912482,1,1
data\val\ai\ai_000351.png,1,ai,blur_s1.0,0.937532,1,1
data\val\ai\ai_000352.png,1,ai,blur_s1.0,0.383088,0,0
data\val\ai\ai_000353.png,1,ai,blur_s1.0,0.925232,1,1
data\val\ai\ai_000354.png,1,ai,blur_s1.0,0.990976,1,1
data\val\ai\ai_000355.png,1,ai,blur_s1.0,0.499167,0,0
data\val\ai\ai_000356.png,1,ai,blur_s1.0,0.856227,1,1
data\val\ai\ai_000357.png,1,ai,blur_s1.0,0.639062,1,1
data\val\ai\ai_000358.png,1,ai,blur_s1.0,0.108114,0,0
data\val\ai\ai_000359.png,1,ai,blur_s1.0,0.719230,1,1
data\val\ai\ai_000360.png,1,ai,blur_s1.0,0.890630,1,1
data\val\ai\ai_000361.png,1,ai,blur_s1.0,0.976886,1,1
data\val\ai\ai_000362.png,1,ai,blur_s1.0,0.025055,0,0
data\val\ai\ai_000363.png,1,ai,blur_s1.0,0.938537,1,1
data\val\ai\ai_000364.png,1,ai,blur_s1.0,0.990584,1,1
data\val\ai\ai_000365.png,1,ai,blur_s1.0,0.531867,1,1
data\val\ai\ai_000366.png,1,ai,blur_s1.0,0.984698,1,1
data\val\ai\ai_000367.png,1,ai,blur_s1.0,0.842191,1,1
data\val\ai\ai_000368.png,1,ai,blur_s1.0,0.038315,0,0
data\val\ai\ai_000369.png,1,ai,blur_s1.0,0.786668,1,1
data\val\ai\ai_000370.png,1,ai,blur_s1.0,0.227165,0,0
data\val\ai\ai_000371.png,1,ai,blur_s1.0,0.905896,1,1
data\val\ai\ai_000372.png,1,ai,blur_s1.0,0.721289,1,1
data\val\ai\ai_000373.png,1,ai,blur_s1.0,0.879773,1,1
data\val\ai\ai_000374.png,1,ai,blur_s1.0,0.994017,1,1
data\val\ai\ai_000375.png,1,ai,blur_s1.0,0.939630,1,1
data\val\ai\ai_000376.png,1,ai,blur_s1.0,0.373975,0,0
data\val\ai\ai_000377.png,1,ai,blur_s1.0,0.371856,0,0
data\val\ai\ai_000378.png,1,ai,blur_s1.0,0.986343,1,1
data\val\ai\ai_000379.png,1,ai,blur_s1.0,0.211949,0,0
data\val\ai\ai_000380.png,1,ai,blur_s1.0,0.439452,0,0
data\val\ai\ai_000381.png,1,ai,blur_s1.0,0.534885,1,1
data\val\ai\ai_000382.png,1,ai,blur_s1.0,0.314397,0,0
data\val\ai\ai_000383.png,1,ai,blur_s1.0,0.442870,0,0
data\val\ai\ai_000384.png,1,ai,blur_s1.0,0.639739,1,1
data\val\ai\ai_000385.png,1,ai,blur_s1.0,0.964732,1,1
data\val\ai\ai_000386.png,1,ai,blur_s1.0,0.944525,1,1
data\val\ai\ai_000387.png,1,ai,blur_s1.0,0.988087,1,1
data\val\ai\ai_000388.png,1,ai,blur_s1.0,0.962407,1,1
data\val\ai\ai_000389.png,1,ai,blur_s1.0,0.883306,1,1
data\val\ai\ai_000390.png,1,ai,blur_s1.0,0.913592,1,1
data\val\ai\ai_000391.png,1,ai,blur_s1.0,0.798167,1,1
data\val\ai\ai_000392.png,1,ai,blur_s1.0,0.280746,0,0
data\val\ai\ai_000393.png,1,ai,blur_s1.0,0.562236,1,1
data\val\ai\ai_000394.png,1,ai,blur_s1.0,0.974086,1,1
data\val\ai\ai_000395.png,1,ai,blur_s1.0,0.685663,1,1
data\val\ai\ai_000396.png,1,ai,blur_s1.0,0.983290,1,1
data\val\ai\ai_000397.png,1,ai,blur_s1.0,0.883843,1,1
data\val\ai\ai_000398.png,1,ai,blur_s1.0,0.562945,1,1
data\val\ai\ai_000399.png,1,ai,blur_s1.0,0.954493,1,1
data\val\ai\ai_000400.png,1,ai,blur_s1.0,0.580644,1,1
data\val\ai\ai_000401.png,1,ai,blur_s1.0,0.981217,1,1
data\val\ai\ai_000402.png,1,ai,blur_s1.0,0.955107,1,1
data\val\ai\ai_000403.png,1,ai,blur_s1.0,0.992040,1,1
data\val\ai\ai_000404.png,1,ai,blur_s1.0,0.948164,1,1
data\val\ai\ai_000405.png,1,ai,blur_s1.0,0.810393,1,1
data\val\ai\ai_000406.png,1,ai,blur_s1.0,0.984224,1,1
data\val\ai\ai_000407.png,1,ai,blur_s1.0,0.042260,0,0
data\val\ai\ai_000408.png,1,ai,blur_s1.0,0.567948,1,1
data\val\ai\ai_000409.png,1,ai,blur_s1.0,0.800149,1,1
data\val\ai\ai_000410.png,1,ai,blur_s1.0,0.439313,0,0
data\val\ai\ai_000411.png,1,ai,blur_s1.0,0.952965,1,1
data\val\ai\ai_000412.png,1,ai,blur_s1.0,0.830306,1,1
data\val\ai\ai_000413.png,1,ai,blur_s1.0,0.981416,1,1
data\val\ai\ai_000414.png,1,ai,blur_s1.0,0.999783,1,1
data\val\ai\ai_000415.png,1,ai,blur_s1.0,0.965848,1,1
data\val\ai\ai_000416.png,1,ai,blur_s1.0,0.972839,1,1
data\val\ai\ai_000417.png,1,ai,blur_s1.0,0.905007,1,1
data\val\ai\ai_000418.png,1,ai,blur_s1.0,0.165365,0,0
data\val\ai\ai_000419.png,1,ai,blur_s1.0,0.810182,1,1
data\val\ai\ai_000420.png,1,ai,blur_s1.0,0.777419,1,1
data\val\ai\ai_000421.png,1,ai,blur_s1.0,0.974347,1,1
data\val\ai\ai_000422.png,1,ai,blur_s1.0,0.070333,0,0
data\val\ai\ai_000423.png,1,ai,blur_s1.0,0.898566,1,1
data\val\ai\ai_000424.png,1,ai,blur_s1.0,0.994569,1,1
data\val\ai\ai_000425.png,1,ai,blur_s1.0,0.586110,1,1
data\val\ai\ai_000426.png,1,ai,blur_s1.0,0.764789,1,1
data\val\ai\ai_000427.png,1,ai,blur_s1.0,0.951123,1,1
data\val\ai\ai_000428.png,1,ai,blur_s1.0,0.634654,1,1
data\val\ai\ai_000429.png,1,ai,blur_s1.0,0.865195,1,1
data\val\ai\ai_000430.png,1,ai,blur_s1.0,0.453357,0,0
data\val\ai\ai_000431.png,1,ai,blur_s1.0,0.939560,1,1
data\val\ai\ai_000432.png,1,ai,blur_s1.0,0.896735,1,1
data\val\ai\ai_000433.png,1,ai,blur_s1.0,0.824698,1,1
data\val\ai\ai_000434.png,1,ai,blur_s1.0,0.878369,1,1
data\val\ai\ai_000435.png,1,ai,blur_s1.0,0.579666,1,1
data\val\ai\ai_000436.png,1,ai,blur_s1.0,0.775672,1,1
data\val\ai\ai_000437.png,1,ai,blur_s1.0,0.247233,0,0
data\val\ai\ai_000438.png,1,ai,blur_s1.0,0.600101,1,1
data\val\ai\ai_000439.png,1,ai,blur_s1.0,0.841969,1,1
data\val\ai\ai_000440.png,1,ai,blur_s1.0,0.977475,1,1
data\val\ai\ai_000441.png,1,ai,blur_s1.0,0.919021,1,1
data\val\ai\ai_000442.png,1,ai,blur_s1.0,0.689722,1,1
data\val\ai\ai_000443.png,1,ai,blur_s1.0,0.993547,1,1
data\val\ai\ai_000444.png,1,ai,blur_s1.0,0.986358,1,1
data\val\ai\ai_000445.png,1,ai,blur_s1.0,0.178354,0,0
data\val\ai\ai_000446.png,1,ai,blur_s1.0,0.983316,1,1
data\val\ai\ai_000447.png,1,ai,blur_s1.0,0.954484,1,1
data\val\ai\ai_000448.png,1,ai,blur_s1.0,0.310120,0,0
data\val\ai\ai_000449.png,1,ai,blur_s1.0,0.985892,1,1
data\val\ai\ai_000450.png,1,ai,blur_s1.0,0.972623,1,1
data\val\ai\ai_000451.png,1,ai,blur_s1.0,0.961009,1,1
data\val\ai\ai_000452.png,1,ai,blur_s1.0,0.454817,0,0
data\val\ai\ai_000453.png,1,ai,blur_s1.0,0.998299,1,1
data\val\ai\ai_000454.png,1,ai,blur_s1.0,0.816124,1,1
data\val\ai\ai_000455.png,1,ai,blur_s1.0,0.943896,1,1
data\val\ai\ai_000456.png,1,ai,blur_s1.0,0.940082,1,1
data\val\ai\ai_000457.png,1,ai,blur_s1.0,0.102727,0,0
data\val\ai\ai_000458.png,1,ai,blur_s1.0,0.884686,1,1
data\val\ai\ai_000459.png,1,ai,blur_s1.0,0.605841,1,1
data\val\ai\ai_000460.png,1,ai,blur_s1.0,0.820180,1,1
data\val\ai\ai_000461.png,1,ai,blur_s1.0,0.889845,1,1
data\val\ai\ai_000462.png,1,ai,blur_s1.0,0.874657,1,1
data\val\ai\ai_000463.png,1,ai,blur_s1.0,0.641304,1,1
data\val\ai\ai_000464.png,1,ai,blur_s1.0,0.947293,1,1
data\val\ai\ai_000465.png,1,ai,blur_s1.0,0.983404,1,1
data\val\ai\ai_000466.png,1,ai,blur_s1.0,0.538603,1,1
data\val\ai\ai_000467.png,1,ai,blur_s1.0,0.367346,0,0
data\val\ai\ai_000468.png,1,ai,blur_s1.0,0.335709,0,0
data\val\ai\ai_000469.png,1,ai,blur_s1.0,0.688911,1,1
data\val\ai\ai_000470.png,1,ai,blur_s1.0,0.876044,1,1
data\val\ai\ai_000471.png,1,ai,blur_s1.0,0.995860,1,1
data\val\ai\ai_000472.png,1,ai,blur_s1.0,0.746547,1,1
data\val\ai\ai_000473.png,1,ai,blur_s1.0,0.709503,1,1
data\val\ai\ai_000474.png,1,ai,blur_s1.0,0.956672,1,1
data\val\ai\ai_000475.png,1,ai,blur_s1.0,0.668378,1,1
data\val\ai\ai_000476.png,1,ai,blur_s1.0,0.969411,1,1
data\val\ai\ai_000477.png,1,ai,blur_s1.0,0.754818,1,1
data\val\ai\ai_000478.png,1,ai,blur_s1.0,0.533995,1,1
data\val\ai\ai_000479.png,1,ai,blur_s1.0,0.582632,1,1
data\val\ai\ai_000480.png,1,ai,blur_s1.0,0.772374,1,1
data\val\ai\ai_000481.png,1,ai,blur_s1.0,0.869784,1,1
data\val\ai\ai_000482.png,1,ai,blur_s1.0,0.354943,0,0
data\val\ai\ai_000483.png,1,ai,blur_s1.0,0.755155,1,1
data\val\ai\ai_000484.png,1,ai,blur_s1.0,0.910462,1,1
data\val\ai\ai_000485.png,1,ai,blur_s1.0,0.356669,0,0
data\val\ai\ai_000486.png,1,ai,blur_s1.0,0.970674,1,1
data\val\ai\ai_000487.png,1,ai,blur_s1.0,0.635646,1,1
data\val\ai\ai_000488.png,1,ai,blur_s1.0,0.085153,0,0
data\val\ai\ai_000489.png,1,ai,blur_s1.0,0.682371,1,1
data\val\ai\ai_000490.png,1,ai,blur_s1.0,0.977240,1,1
data\val\ai\ai_000491.png,1,ai,blur_s1.0,0.954879,1,1
data\val\ai\ai_000492.png,1,ai,blur_s1.0,0.958066,1,1
data\val\ai\ai_000493.png,1,ai,blur_s1.0,0.908756,1,1
data\val\ai\ai_000494.png,1,ai,blur_s1.0,0.773752,1,1
data\val\ai\ai_000495.png,1,ai,blur_s1.0,0.205878,0,0
data\val\ai\ai_000496.png,1,ai,blur_s1.0,0.772502,1,1
data\val\ai\ai_000497.png,1,ai,blur_s1.0,0.467003,0,0
data\val\ai\ai_000498.png,1,ai,blur_s1.0,0.161794,0,0
data\val\ai\ai_000499.png,1,ai,blur_s1.0,0.911047,1,1
data\val\ai\ai_000500.png,1,ai,blur_s1.0,0.876883,1,1
data\val\real\000000000139.jpg,0,real,blur_s2.0,0.270985,0,1
data\val\real\000000000285.jpg,0,real,blur_s2.0,0.019273,0,1
data\val\real\000000000632.jpg,0,real,blur_s2.0,0.471384,0,1
data\val\real\000000000724.jpg,0,real,blur_s2.0,0.030115,0,1
data\val\real\000000000776.jpg,0,real,blur_s2.0,0.017660,0,1
data\val\real\000000000785.jpg,0,real,blur_s2.0,0.356086,0,1
data\val\real\000000000802.jpg,0,real,blur_s2.0,0.009596,0,1
data\val\real\000000000872.jpg,0,real,blur_s2.0,0.006927,0,1
data\val\real\000000000885.jpg,0,real,blur_s2.0,0.201299,0,1
data\val\real\000000001000.jpg,0,real,blur_s2.0,0.028178,0,1
data\val\real\000000001268.jpg,0,real,blur_s2.0,0.175812,0,1
data\val\real\000000001296.jpg,0,real,blur_s2.0,0.017642,0,1
data\val\real\000000001353.jpg,0,real,blur_s2.0,0.001564,0,1
data\val\real\000000001425.jpg,0,real,blur_s2.0,0.128370,0,1
data\val\real\000000001490.jpg,0,real,blur_s2.0,0.009161,0,1
data\val\real\000000001503.jpg,0,real,blur_s2.0,0.029363,0,1
data\val\real\000000001532.jpg,0,real,blur_s2.0,0.030406,0,1
data\val\real\000000001584.jpg,0,real,blur_s2.0,0.088251,0,1
data\val\real\000000001675.jpg,0,real,blur_s2.0,0.000532,0,1
data\val\real\000000001761.jpg,0,real,blur_s2.0,0.041092,0,1
data\val\real\000000001818.jpg,0,real,blur_s2.0,0.033100,0,1
data\val\real\000000001993.jpg,0,real,blur_s2.0,0.251501,0,1
data\val\real\000000002006.jpg,0,real,blur_s2.0,0.046575,0,1
data\val\real\000000002149.jpg,0,real,blur_s2.0,0.170857,0,1
data\val\real\000000002153.jpg,0,real,blur_s2.0,0.008009,0,1
data\val\real\000000002157.jpg,0,real,blur_s2.0,0.299197,0,1
data\val\real\000000002261.jpg,0,real,blur_s2.0,0.020837,0,1
data\val\real\000000002299.jpg,0,real,blur_s2.0,0.015789,0,1
data\val\real\000000002431.jpg,0,real,blur_s2.0,0.023578,0,1
data\val\real\000000002473.jpg,0,real,blur_s2.0,0.039265,0,1
data\val\real\000000002532.jpg,0,real,blur_s2.0,0.087499,0,1
data\val\real\000000002587.jpg,0,real,blur_s2.0,0.001607,0,1
data\val\real\000000002592.jpg,0,real,blur_s2.0,0.004540,0,1
data\val\real\000000002685.jpg,0,real,blur_s2.0,0.002345,0,1
data\val\real\000000002923.jpg,0,real,blur_s2.0,0.006188,0,1
data\val\real\000000003156.jpg,0,real,blur_s2.0,0.030713,0,1
data\val\real\000000003255.jpg,0,real,blur_s2.0,0.708805,1,0
data\val\real\000000003501.jpg,0,real,blur_s2.0,0.025514,0,1
data\val\real\000000003553.jpg,0,real,blur_s2.0,0.045110,0,1
data\val\real\000000003661.jpg,0,real,blur_s2.0,0.001962,0,1
data\val\real\000000003845.jpg,0,real,blur_s2.0,0.000996,0,1
data\val\real\000000003934.jpg,0,real,blur_s2.0,0.002320,0,1
data\val\real\000000004134.jpg,0,real,blur_s2.0,0.010006,0,1
data\val\real\000000004395.jpg,0,real,blur_s2.0,0.014669,0,1
data\val\real\000000004495.jpg,0,real,blur_s2.0,0.003045,0,1
data\val\real\000000004765.jpg,0,real,blur_s2.0,0.023963,0,1
data\val\real\000000004795.jpg,0,real,blur_s2.0,0.000145,0,1
data\val\real\000000005001.jpg,0,real,blur_s2.0,0.078790,0,1
data\val\real\000000005037.jpg,0,real,blur_s2.0,0.058932,0,1
data\val\real\000000005060.jpg,0,real,blur_s2.0,0.003998,0,1
data\val\real\000000005193.jpg,0,real,blur_s2.0,0.000111,0,1
data\val\real\000000005477.jpg,0,real,blur_s2.0,0.252008,0,1
data\val\real\000000005503.jpg,0,real,blur_s2.0,0.040358,0,1
data\val\real\000000005529.jpg,0,real,blur_s2.0,0.002823,0,1
data\val\real\000000005586.jpg,0,real,blur_s2.0,0.023835,0,1
data\val\real\000000005600.jpg,0,real,blur_s2.0,0.007083,0,1
data\val\real\000000005992.jpg,0,real,blur_s2.0,0.017022,0,1
data\val\real\000000006012.jpg,0,real,blur_s2.0,0.278890,0,1
data\val\real\000000006040.jpg,0,real,blur_s2.0,0.206878,0,1
data\val\real\000000006213.jpg,0,real,blur_s2.0,0.007704,0,1
data\val\real\000000006460.jpg,0,real,blur_s2.0,0.003053,0,1
data\val\real\000000006471.jpg,0,real,blur_s2.0,0.017155,0,1
data\val\real\000000006614.jpg,0,real,blur_s2.0,0.035211,0,1
data\val\real\000000006723.jpg,0,real,blur_s2.0,0.071140,0,1
data\val\real\000000006763.jpg,0,real,blur_s2.0,0.000191,0,1
data\val\real\000000006771.jpg,0,real,blur_s2.0,0.005557,0,1
data\val\real\000000006818.jpg,0,real,blur_s2.0,0.003079,0,1
data\val\real\000000006894.jpg,0,real,blur_s2.0,0.006956,0,1
data\val\real\000000006954.jpg,0,real,blur_s2.0,0.016351,0,1
data\val\real\000000007088.jpg,0,real,blur_s2.0,0.001064,0,1
data\val\real\000000007108.jpg,0,real,blur_s2.0,0.019865,0,1
data\val\real\000000007278.jpg,0,real,blur_s2.0,0.042018,0,1
data\val\real\000000007281.jpg,0,real,blur_s2.0,0.017221,0,1
data\val\real\000000007386.jpg,0,real,blur_s2.0,0.010769,0,1
data\val\real\000000007511.jpg,0,real,blur_s2.0,0.003903,0,1
data\val\real\000000007574.jpg,0,real,blur_s2.0,0.015798,0,1
data\val\real\000000007784.jpg,0,real,blur_s2.0,0.336748,0,1
data\val\real\000000007795.jpg,0,real,blur_s2.0,0.915861,1,0
data\val\real\000000007816.jpg,0,real,blur_s2.0,0.005042,0,1
data\val\real\000000007818.jpg,0,real,blur_s2.0,0.445898,0,1
data\val\real\000000007888.jpg,0,real,blur_s2.0,0.431704,0,1
data\val\real\000000007977.jpg,0,real,blur_s2.0,0.040802,0,1
data\val\real\000000007991.jpg,0,real,blur_s2.0,0.002450,0,1
data\val\real\000000008021.jpg,0,real,blur_s2.0,0.013415,0,1
data\val\real\000000008211.jpg,0,real,blur_s2.0,0.017779,0,1
data\val\real\000000008277.jpg,0,real,blur_s2.0,0.004677,0,1
data\val\real\000000008532.jpg,0,real,blur_s2.0,0.015803,0,1
data\val\real\000000008629.jpg,0,real,blur_s2.0,0.058052,0,1
data\val\real\000000008690.jpg,0,real,blur_s2.0,0.000628,0,1
data\val\real\000000008762.jpg,0,real,blur_s2.0,0.470300,0,1
data\val\real\000000008844.jpg,0,real,blur_s2.0,0.010727,0,1
data\val\real\000000008899.jpg,0,real,blur_s2.0,0.079718,0,1
data\val\real\000000009378.jpg,0,real,blur_s2.0,0.009698,0,1
data\val\real\000000009400.jpg,0,real,blur_s2.0,0.001469,0,1
data\val\real\000000009448.jpg,0,real,blur_s2.0,0.000549,0,1
data\val\real\000000009483.jpg,0,real,blur_s2.0,0.032127,0,1
data\val\real\000000009590.jpg,0,real,blur_s2.0,0.092769,0,1
data\val\real\000000009769.jpg,0,real,blur_s2.0,0.005441,0,1
data\val\real\000000009772.jpg,0,real,blur_s2.0,0.037130,0,1
data\val\real\000000009891.jpg,0,real,blur_s2.0,0.000723,0,1
data\val\real\000000009914.jpg,0,real,blur_s2.0,0.006206,0,1
data\val\real\000000010092.jpg,0,real,blur_s2.0,0.013118,0,1
data\val\real\000000010363.jpg,0,real,blur_s2.0,0.000108,0,1
data\val\real\000000010583.jpg,0,real,blur_s2.0,0.004162,0,1
data\val\real\000000010707.jpg,0,real,blur_s2.0,0.000360,0,1
data\val\real\000000010764.jpg,0,real,blur_s2.0,0.021206,0,1
data\val\real\000000010977.jpg,0,real,blur_s2.0,0.034690,0,1
data\val\real\000000010995.jpg,0,real,blur_s2.0,0.249063,0,1
data\val\real\000000011051.jpg,0,real,blur_s2.0,0.002882,0,1
data\val\real\000000011122.jpg,0,real,blur_s2.0,0.000379,0,1
data\val\real\000000011149.jpg,0,real,blur_s2.0,0.000288,0,1
data\val\real\000000011197.jpg,0,real,blur_s2.0,0.004083,0,1
data\val\real\000000011511.jpg,0,real,blur_s2.0,0.023217,0,1
data\val\real\000000011615.jpg,0,real,blur_s2.0,0.087400,0,1
data\val\real\000000011699.jpg,0,real,blur_s2.0,0.101341,0,1
data\val\real\000000011760.jpg,0,real,blur_s2.0,0.065770,0,1
data\val\real\000000011813.jpg,0,real,blur_s2.0,0.132948,0,1
data\val\real\000000012062.jpg,0,real,blur_s2.0,0.009267,0,1
data\val\real\000000012120.jpg,0,real,blur_s2.0,0.033618,0,1
data\val\real\000000012280.jpg,0,real,blur_s2.0,0.517653,1,0
data\val\real\000000012576.jpg,0,real,blur_s2.0,0.003159,0,1
data\val\real\000000012639.jpg,0,real,blur_s2.0,0.025239,0,1
data\val\real\000000012667.jpg,0,real,blur_s2.0,0.012964,0,1
data\val\real\000000012670.jpg,0,real,blur_s2.0,0.023556,0,1
data\val\real\000000012748.jpg,0,real,blur_s2.0,0.032638,0,1
data\val\real\000000013004.jpg,0,real,blur_s2.0,0.007336,0,1
data\val\real\000000013177.jpg,0,real,blur_s2.0,0.007792,0,1
data\val\real\000000013201.jpg,0,real,blur_s2.0,0.120175,0,1
data\val\real\000000013291.jpg,0,real,blur_s2.0,0.136469,0,1
data\val\real\000000013348.jpg,0,real,blur_s2.0,0.076780,0,1
data\val\real\000000013546.jpg,0,real,blur_s2.0,0.022341,0,1
data\val\real\000000013597.jpg,0,real,blur_s2.0,0.480777,0,1
data\val\real\000000013659.jpg,0,real,blur_s2.0,0.000439,0,1
data\val\real\000000013729.jpg,0,real,blur_s2.0,0.000486,0,1
data\val\real\000000013774.jpg,0,real,blur_s2.0,0.931537,1,0
data\val\real\000000013923.jpg,0,real,blur_s2.0,0.074053,0,1
data\val\real\000000014007.jpg,0,real,blur_s2.0,0.100596,0,1
data\val\real\000000014038.jpg,0,real,blur_s2.0,0.294535,0,1
data\val\real\000000014226.jpg,0,real,blur_s2.0,0.025764,0,1
data\val\real\000000014380.jpg,0,real,blur_s2.0,0.083345,0,1
data\val\real\000000014439.jpg,0,real,blur_s2.0,0.040886,0,1
data\val\real\000000014473.jpg,0,real,blur_s2.0,0.054443,0,1
data\val\real\000000014831.jpg,0,real,blur_s2.0,0.003607,0,1
data\val\real\000000014888.jpg,0,real,blur_s2.0,0.005403,0,1
data\val\real\000000015079.jpg,0,real,blur_s2.0,0.032203,0,1
data\val\real\000000015254.jpg,0,real,blur_s2.0,0.006657,0,1
data\val\real\000000015272.jpg,0,real,blur_s2.0,0.061040,0,1
data\val\real\000000015278.jpg,0,real,blur_s2.0,0.003816,0,1
data\val\real\000000015335.jpg,0,real,blur_s2.0,0.000665,0,1
data\val\real\000000015338.jpg,0,real,blur_s2.0,0.066077,0,1
data\val\real\000000015440.jpg,0,real,blur_s2.0,0.723842,1,0
data\val\real\000000015497.jpg,0,real,blur_s2.0,0.000692,0,1
data\val\real\000000015517.jpg,0,real,blur_s2.0,0.028077,0,1
data\val\real\000000015597.jpg,0,real,blur_s2.0,0.029081,0,1
data\val\real\000000015660.jpg,0,real,blur_s2.0,0.044318,0,1
data\val\real\000000015746.jpg,0,real,blur_s2.0,0.024857,0,1
data\val\real\000000015751.jpg,0,real,blur_s2.0,0.048406,0,1
data\val\real\000000015956.jpg,0,real,blur_s2.0,0.001961,0,1
data\val\real\000000016010.jpg,0,real,blur_s2.0,0.000513,0,1
data\val\real\000000016228.jpg,0,real,blur_s2.0,0.456826,0,1
data\val\real\000000016249.jpg,0,real,blur_s2.0,0.012975,0,1
data\val\real\000000016439.jpg,0,real,blur_s2.0,0.020533,0,1
data\val\real\000000016451.jpg,0,real,blur_s2.0,0.033795,0,1
data\val\real\000000016502.jpg,0,real,blur_s2.0,0.196681,0,1
data\val\real\000000016598.jpg,0,real,blur_s2.0,0.002663,0,1
data\val\real\000000016958.jpg,0,real,blur_s2.0,0.094236,0,1
data\val\real\000000017029.jpg,0,real,blur_s2.0,0.006628,0,1
data\val\real\000000017031.jpg,0,real,blur_s2.0,0.740157,1,0
data\val\real\000000017115.jpg,0,real,blur_s2.0,0.069461,0,1
data\val\real\000000017178.jpg,0,real,blur_s2.0,0.130272,0,1
data\val\real\000000017182.jpg,0,real,blur_s2.0,0.034729,0,1
data\val\real\000000017207.jpg,0,real,blur_s2.0,0.009948,0,1
data\val\real\000000017379.jpg,0,real,blur_s2.0,0.027415,0,1
data\val\real\000000017436.jpg,0,real,blur_s2.0,0.007561,0,1
data\val\real\000000017627.jpg,0,real,blur_s2.0,0.003659,0,1
data\val\real\000000017714.jpg,0,real,blur_s2.0,0.033472,0,1
data\val\real\000000017899.jpg,0,real,blur_s2.0,0.001725,0,1
data\val\real\000000017905.jpg,0,real,blur_s2.0,0.000402,0,1
data\val\real\000000017959.jpg,0,real,blur_s2.0,0.114238,0,1
data\val\real\000000018150.jpg,0,real,blur_s2.0,0.008456,0,1
data\val\real\000000018193.jpg,0,real,blur_s2.0,0.000144,0,1
data\val\real\000000018380.jpg,0,real,blur_s2.0,0.143198,0,1
data\val\real\000000018491.jpg,0,real,blur_s2.0,0.029373,0,1
data\val\real\000000018519.jpg,0,real,blur_s2.0,0.011525,0,1
data\val\real\000000018575.jpg,0,real,blur_s2.0,0.001600,0,1
data\val\real\000000018737.jpg,0,real,blur_s2.0,0.002046,0,1
data\val\real\000000018770.jpg,0,real,blur_s2.0,0.059551,0,1
data\val\real\000000018833.jpg,0,real,blur_s2.0,0.006016,0,1
data\val\real\000000018837.jpg,0,real,blur_s2.0,0.083353,0,1
data\val\real\000000019042.jpg,0,real,blur_s2.0,0.013890,0,1
data\val\real\000000019109.jpg,0,real,blur_s2.0,0.054169,0,1
data\val\real\000000019221.jpg,0,real,blur_s2.0,0.001391,0,1
data\val\real\000000019402.jpg,0,real,blur_s2.0,0.000396,0,1
data\val\real\000000019432.jpg,0,real,blur_s2.0,0.025035,0,1
data\val\real\000000019742.jpg,0,real,blur_s2.0,0.121660,0,1
data\val\real\000000019786.jpg,0,real,blur_s2.0,0.005880,0,1
data\val\real\000000019924.jpg,0,real,blur_s2.0,0.141747,0,1
data\val\real\000000020059.jpg,0,real,blur_s2.0,0.008055,0,1
data\val\real\000000020107.jpg,0,real,blur_s2.0,0.046203,0,1
data\val\real\000000020247.jpg,0,real,blur_s2.0,0.083603,0,1
data\val\real\000000020333.jpg,0,real,blur_s2.0,0.023459,0,1
data\val\real\000000020553.jpg,0,real,blur_s2.0,0.007622,0,1
data\val\real\000000020571.jpg,0,real,blur_s2.0,0.137269,0,1
data\val\real\000000020992.jpg,0,real,blur_s2.0,0.051792,0,1
data\val\real\000000021167.jpg,0,real,blur_s2.0,0.014709,0,1
data\val\real\000000021465.jpg,0,real,blur_s2.0,0.004058,0,1
data\val\real\000000021503.jpg,0,real,blur_s2.0,0.001878,0,1
data\val\real\000000021604.jpg,0,real,blur_s2.0,0.954482,1,0
data\val\real\000000021839.jpg,0,real,blur_s2.0,0.000404,0,1
data\val\real\000000021879.jpg,0,real,blur_s2.0,0.010330,0,1
data\val\real\000000021903.jpg,0,real,blur_s2.0,0.019742,0,1
data\val\real\000000022192.jpg,0,real,blur_s2.0,0.000862,0,1
data\val\real\000000022371.jpg,0,real,blur_s2.0,0.551255,1,0
data\val\real\000000022396.jpg,0,real,blur_s2.0,0.024760,0,1
data\val\real\000000022479.jpg,0,real,blur_s2.0,0.005579,0,1
data\val\real\000000022589.jpg,0,real,blur_s2.0,0.001669,0,1
data\val\real\000000022623.jpg,0,real,blur_s2.0,0.238989,0,1
data\val\real\000000022705.jpg,0,real,blur_s2.0,0.000285,0,1
data\val\real\000000022755.jpg,0,real,blur_s2.0,0.283492,0,1
data\val\real\000000022892.jpg,0,real,blur_s2.0,0.030745,0,1
data\val\real\000000022935.jpg,0,real,blur_s2.0,0.075863,0,1
data\val\real\000000022969.jpg,0,real,blur_s2.0,0.004675,0,1
data\val\real\000000023023.jpg,0,real,blur_s2.0,0.014885,0,1
data\val\real\000000023034.jpg,0,real,blur_s2.0,0.001846,0,1
data\val\real\000000023126.jpg,0,real,blur_s2.0,0.078834,0,1
data\val\real\000000023230.jpg,0,real,blur_s2.0,0.006348,0,1
data\val\real\000000023272.jpg,0,real,blur_s2.0,0.016772,0,1
data\val\real\000000023359.jpg,0,real,blur_s2.0,0.176914,0,1
data\val\real\000000023666.jpg,0,real,blur_s2.0,0.007132,0,1
data\val\real\000000023751.jpg,0,real,blur_s2.0,0.003070,0,1
data\val\real\000000023781.jpg,0,real,blur_s2.0,0.016178,0,1
data\val\real\000000023899.jpg,0,real,blur_s2.0,0.027154,0,1
data\val\real\000000023937.jpg,0,real,blur_s2.0,0.150898,0,1
data\val\real\000000024021.jpg,0,real,blur_s2.0,0.035855,0,1
data\val\real\000000024027.jpg,0,real,blur_s2.0,0.002934,0,1
data\val\real\000000024144.jpg,0,real,blur_s2.0,0.015501,0,1
data\val\real\000000024243.jpg,0,real,blur_s2.0,0.016288,0,1
data\val\real\000000024567.jpg,0,real,blur_s2.0,0.001477,0,1
data\val\real\000000024610.jpg,0,real,blur_s2.0,0.007291,0,1
data\val\real\000000024919.jpg,0,real,blur_s2.0,0.066200,0,1
data\val\real\000000025057.jpg,0,real,blur_s2.0,0.009268,0,1
data\val\real\000000025096.jpg,0,real,blur_s2.0,0.001854,0,1
data\val\real\000000025139.jpg,0,real,blur_s2.0,0.008431,0,1
data\val\real\000000025181.jpg,0,real,blur_s2.0,0.419758,0,1
data\val\real\000000025228.jpg,0,real,blur_s2.0,0.019739,0,1
data\val\real\000000025386.jpg,0,real,blur_s2.0,0.001735,0,1
data\val\real\000000025393.jpg,0,real,blur_s2.0,0.000213,0,1
data\val\real\000000025394.jpg,0,real,blur_s2.0,0.005337,0,1
data\val\real\000000025424.jpg,0,real,blur_s2.0,0.134762,0,1
data\val\real\000000025560.jpg,0,real,blur_s2.0,0.001891,0,1
data\val\real\000000025593.jpg,0,real,blur_s2.0,0.011113,0,1
data\val\real\000000025603.jpg,0,real,blur_s2.0,0.001497,0,1
data\val\real\000000025986.jpg,0,real,blur_s2.0,0.001438,0,1
data\val\real\000000026204.jpg,0,real,blur_s2.0,0.006365,0,1
data\val\real\000000026465.jpg,0,real,blur_s2.0,0.001052,0,1
data\val\real\000000026564.jpg,0,real,blur_s2.0,0.008388,0,1
data\val\real\000000026690.jpg,0,real,blur_s2.0,0.055094,0,1
data\val\real\000000026926.jpg,0,real,blur_s2.0,0.203565,0,1
data\val\real\000000026941.jpg,0,real,blur_s2.0,0.412898,0,1
data\val\real\000000027186.jpg,0,real,blur_s2.0,0.008209,0,1
data\val\real\000000027620.jpg,0,real,blur_s2.0,0.000353,0,1
data\val\real\000000027696.jpg,0,real,blur_s2.0,0.000838,0,1
data\val\real\000000027768.jpg,0,real,blur_s2.0,0.005930,0,1
data\val\real\000000027932.jpg,0,real,blur_s2.0,0.067994,0,1
data\val\real\000000027972.jpg,0,real,blur_s2.0,0.076926,0,1
data\val\real\000000027982.jpg,0,real,blur_s2.0,0.003823,0,1
data\val\real\000000028285.jpg,0,real,blur_s2.0,0.069632,0,1
data\val\real\000000028449.jpg,0,real,blur_s2.0,0.271488,0,1
data\val\real\000000028452.jpg,0,real,blur_s2.0,0.051023,0,1
data\val\real\000000028809.jpg,0,real,blur_s2.0,0.032687,0,1
data\val\real\000000028993.jpg,0,real,blur_s2.0,0.063434,0,1
data\val\real\000000029187.jpg,0,real,blur_s2.0,0.002380,0,1
data\val\real\000000029393.jpg,0,real,blur_s2.0,0.003419,0,1
data\val\real\000000029397.jpg,0,real,blur_s2.0,0.001803,0,1
data\val\real\000000029596.jpg,0,real,blur_s2.0,0.754902,1,0
data\val\real\000000029640.jpg,0,real,blur_s2.0,0.010406,0,1
data\val\real\000000029675.jpg,0,real,blur_s2.0,0.022576,0,1
data\val\real\000000029984.jpg,0,real,blur_s2.0,0.002313,0,1
data\val\real\000000030213.jpg,0,real,blur_s2.0,0.215898,0,1
data\val\real\000000030494.jpg,0,real,blur_s2.0,0.000497,0,1
data\val\real\000000030504.jpg,0,real,blur_s2.0,0.085751,0,1
data\val\real\000000030675.jpg,0,real,blur_s2.0,0.264413,0,1
data\val\real\000000030785.jpg,0,real,blur_s2.0,0.031527,0,1
data\val\real\000000030828.jpg,0,real,blur_s2.0,0.007487,0,1
data\val\real\000000031050.jpg,0,real,blur_s2.0,0.020512,0,1
data\val\real\000000031093.jpg,0,real,blur_s2.0,0.099979,0,1
data\val\real\000000031118.jpg,0,real,blur_s2.0,0.102807,0,1
data\val\real\000000031217.jpg,0,real,blur_s2.0,0.018548,0,1
data\val\real\000000031248.jpg,0,real,blur_s2.0,0.095837,0,1
data\val\real\000000031269.jpg,0,real,blur_s2.0,0.003143,0,1
data\val\real\000000031296.jpg,0,real,blur_s2.0,0.003596,0,1
data\val\real\000000031322.jpg,0,real,blur_s2.0,0.112585,0,1
data\val\real\000000031620.jpg,0,real,blur_s2.0,0.001643,0,1
data\val\real\000000031735.jpg,0,real,blur_s2.0,0.000212,0,1
data\val\real\000000031749.jpg,0,real,blur_s2.0,0.179812,0,1
data\val\real\000000031817.jpg,0,real,blur_s2.0,0.003039,0,1
data\val\real\000000032038.jpg,0,real,blur_s2.0,0.057133,0,1
data\val\real\000000032081.jpg,0,real,blur_s2.0,0.104923,0,1
data\val\real\000000032285.jpg,0,real,blur_s2.0,0.107172,0,1
data\val\real\000000032334.jpg,0,real,blur_s2.0,0.001004,0,1
data\val\real\000000032570.jpg,0,real,blur_s2.0,0.658021,1,0
data\val\real\000000032610.jpg,0,real,blur_s2.0,0.003380,0,1
data\val\real\000000032735.jpg,0,real,blur_s2.0,0.184672,0,1
data\val\real\000000032811.jpg,0,real,blur_s2.0,0.037949,0,1
data\val\real\000000032817.jpg,0,real,blur_s2.0,0.007211,0,1
data\val\real\000000032861.jpg,0,real,blur_s2.0,0.087914,0,1
data\val\real\000000032887.jpg,0,real,blur_s2.0,0.011600,0,1
data\val\real\000000032901.jpg,0,real,blur_s2.0,0.000796,0,1
data\val\real\000000032941.jpg,0,real,blur_s2.0,0.003872,0,1
data\val\real\000000033005.jpg,0,real,blur_s2.0,0.190292,0,1
data\val\real\000000033104.jpg,0,real,blur_s2.0,0.012929,0,1
data\val\real\000000033109.jpg,0,real,blur_s2.0,0.005764,0,1
data\val\real\000000033114.jpg,0,real,blur_s2.0,0.184117,0,1
data\val\real\000000033221.jpg,0,real,blur_s2.0,0.000404,0,1
data\val\real\000000033368.jpg,0,real,blur_s2.0,0.536050,1,0
data\val\real\000000033638.jpg,0,real,blur_s2.0,0.006092,0,1
data\val\real\000000033707.jpg,0,real,blur_s2.0,0.024662,0,1
data\val\real\000000033759.jpg,0,real,blur_s2.0,0.014536,0,1
data\val\real\000000033854.jpg,0,real,blur_s2.0,0.045722,0,1
data\val\real\000000034071.jpg,0,real,blur_s2.0,0.620891,1,0
data\val\real\000000034139.jpg,0,real,blur_s2.0,0.014339,0,1
data\val\real\000000034205.jpg,0,real,blur_s2.0,0.022636,0,1
data\val\real\000000034257.jpg,0,real,blur_s2.0,0.208909,0,1
data\val\real\000000034417.jpg,0,real,blur_s2.0,0.026697,0,1
data\val\real\000000034452.jpg,0,real,blur_s2.0,0.000134,0,1
data\val\real\000000034760.jpg,0,real,blur_s2.0,0.011228,0,1
data\val\real\000000034873.jpg,0,real,blur_s2.0,0.008143,0,1
data\val\real\000000035062.jpg,0,real,blur_s2.0,0.126641,0,1
data\val\real\000000035197.jpg,0,real,blur_s2.0,0.042513,0,1
data\val\real\000000035279.jpg,0,real,blur_s2.0,0.011514,0,1
data\val\real\000000035326.jpg,0,real,blur_s2.0,0.001944,0,1
data\val\real\000000035682.jpg,0,real,blur_s2.0,0.009888,0,1
data\val\real\000000035770.jpg,0,real,blur_s2.0,0.005077,0,1
data\val\real\000000035963.jpg,0,real,blur_s2.0,0.000177,0,1
data\val\real\000000036494.jpg,0,real,blur_s2.0,0.082980,0,1
data\val\real\000000036539.jpg,0,real,blur_s2.0,0.026639,0,1
data\val\real\000000036660.jpg,0,real,blur_s2.0,0.047887,0,1
data\val\real\000000036678.jpg,0,real,blur_s2.0,0.073455,0,1
data\val\real\000000036844.jpg,0,real,blur_s2.0,0.015703,0,1
data\val\real\000000036861.jpg,0,real,blur_s2.0,0.006857,0,1
data\val\real\000000036936.jpg,0,real,blur_s2.0,0.002051,0,1
data\val\real\000000037670.jpg,0,real,blur_s2.0,0.098881,0,1
data\val\real\000000037689.jpg,0,real,blur_s2.0,0.087071,0,1
data\val\real\000000037740.jpg,0,real,blur_s2.0,0.028497,0,1
data\val\real\000000037751.jpg,0,real,blur_s2.0,0.019874,0,1
data\val\real\000000037777.jpg,0,real,blur_s2.0,0.423209,0,1
data\val\real\000000037988.jpg,0,real,blur_s2.0,0.009620,0,1
data\val\real\000000038048.jpg,0,real,blur_s2.0,0.030159,0,1
data\val\real\000000038070.jpg,0,real,blur_s2.0,0.090437,0,1
data\val\real\000000038118.jpg,0,real,blur_s2.0,0.669953,1,0
data\val\real\000000038210.jpg,0,real,blur_s2.0,0.094751,0,1
data\val\real\000000038576.jpg,0,real,blur_s2.0,0.011420,0,1
data\val\real\000000038678.jpg,0,real,blur_s2.0,0.001560,0,1
data\val\real\000000038825.jpg,0,real,blur_s2.0,0.020464,0,1
data\val\real\000000038829.jpg,0,real,blur_s2.0,0.020536,0,1
data\val\real\000000039405.jpg,0,real,blur_s2.0,0.030050,0,1
data\val\real\000000039477.jpg,0,real,blur_s2.0,0.206473,0,1
data\val\real\000000039480.jpg,0,real,blur_s2.0,0.048902,0,1
data\val\real\000000039484.jpg,0,real,blur_s2.0,0.142314,0,1
data\val\real\000000039551.jpg,0,real,blur_s2.0,0.450241,0,1
data\val\real\000000039670.jpg,0,real,blur_s2.0,0.033358,0,1
data\val\real\000000039769.jpg,0,real,blur_s2.0,0.001010,0,1
data\val\real\000000039785.jpg,0,real,blur_s2.0,0.012319,0,1
data\val\real\000000039914.jpg,0,real,blur_s2.0,0.001827,0,1
data\val\real\000000039951.jpg,0,real,blur_s2.0,0.014196,0,1
data\val\real\000000039956.jpg,0,real,blur_s2.0,0.504386,1,0
data\val\real\000000040036.jpg,0,real,blur_s2.0,0.114199,0,1
data\val\real\000000040083.jpg,0,real,blur_s2.0,0.003180,0,1
data\val\real\000000040471.jpg,0,real,blur_s2.0,0.007863,0,1
data\val\real\000000040757.jpg,0,real,blur_s2.0,0.016585,0,1
data\val\real\000000041488.jpg,0,real,blur_s2.0,0.141366,0,1
data\val\real\000000041633.jpg,0,real,blur_s2.0,0.406857,0,1
data\val\real\000000041635.jpg,0,real,blur_s2.0,0.032867,0,1
data\val\real\000000041872.jpg,0,real,blur_s2.0,0.026656,0,1
data\val\real\000000041888.jpg,0,real,blur_s2.0,0.008177,0,1
data\val\real\000000041990.jpg,0,real,blur_s2.0,0.000853,0,1
data\val\real\000000042070.jpg,0,real,blur_s2.0,0.015899,0,1
data\val\real\000000042102.jpg,0,real,blur_s2.0,0.011153,0,1
data\val\real\000000042178.jpg,0,real,blur_s2.0,0.663225,1,0
data\val\real\000000042276.jpg,0,real,blur_s2.0,0.003370,0,1
data\val\real\000000042296.jpg,0,real,blur_s2.0,0.022788,0,1
data\val\real\000000042528.jpg,0,real,blur_s2.0,0.000999,0,1
data\val\real\000000042563.jpg,0,real,blur_s2.0,0.061365,0,1
data\val\real\000000042628.jpg,0,real,blur_s2.0,0.033758,0,1
data\val\real\000000042888.jpg,0,real,blur_s2.0,0.002117,0,1
data\val\real\000000042889.jpg,0,real,blur_s2.0,0.003932,0,1
data\val\real\000000043314.jpg,0,real,blur_s2.0,0.318488,0,1
data\val\real\000000043435.jpg,0,real,blur_s2.0,0.069300,0,1
data\val\real\000000043581.jpg,0,real,blur_s2.0,0.031598,0,1
data\val\real\000000043737.jpg,0,real,blur_s2.0,0.101977,0,1
data\val\real\000000043816.jpg,0,real,blur_s2.0,0.007978,0,1
data\val\real\000000044068.jpg,0,real,blur_s2.0,0.002476,0,1
data\val\real\000000044195.jpg,0,real,blur_s2.0,0.103497,0,1
data\val\real\000000044260.jpg,0,real,blur_s2.0,0.917043,1,0
data\val\real\000000044279.jpg,0,real,blur_s2.0,0.021907,0,1
data\val\real\000000044590.jpg,0,real,blur_s2.0,0.008631,0,1
data\val\real\000000044652.jpg,0,real,blur_s2.0,0.032104,0,1
data\val\real\000000044699.jpg,0,real,blur_s2.0,0.313915,0,1
data\val\real\000000044877.jpg,0,real,blur_s2.0,0.208768,0,1
data\val\real\000000045070.jpg,0,real,blur_s2.0,0.028793,0,1
data\val\real\000000045090.jpg,0,real,blur_s2.0,0.019856,0,1
data\val\real\000000045229.jpg,0,real,blur_s2.0,0.757168,1,0
data\val\real\000000045472.jpg,0,real,blur_s2.0,0.022116,0,1
data\val\real\000000045550.jpg,0,real,blur_s2.0,0.002268,0,1
data\val\real\000000045596.jpg,0,real,blur_s2.0,0.080346,0,1
data\val\real\000000045728.jpg,0,real,blur_s2.0,0.037755,0,1
data\val\real\000000046031.jpg,0,real,blur_s2.0,0.007545,0,1
data\val\real\000000046048.jpg,0,real,blur_s2.0,0.004559,0,1
data\val\real\000000046252.jpg,0,real,blur_s2.0,0.405655,0,1
data\val\real\000000046378.jpg,0,real,blur_s2.0,0.007071,0,1
data\val\real\000000046463.jpg,0,real,blur_s2.0,0.003699,0,1
data\val\real\000000046497.jpg,0,real,blur_s2.0,0.109705,0,1
data\val\real\000000046804.jpg,0,real,blur_s2.0,0.006172,0,1
data\val\real\000000046872.jpg,0,real,blur_s2.0,0.290905,0,1
data\val\real\000000047010.jpg,0,real,blur_s2.0,0.016905,0,1
data\val\real\000000047112.jpg,0,real,blur_s2.0,0.055146,0,1
data\val\real\000000047121.jpg,0,real,blur_s2.0,0.000701,0,1
data\val\real\000000047571.jpg,0,real,blur_s2.0,0.032671,0,1
data\val\real\000000047585.jpg,0,real,blur_s2.0,0.000821,0,1
data\val\real\000000047740.jpg,0,real,blur_s2.0,0.001977,0,1
data\val\real\000000047769.jpg,0,real,blur_s2.0,0.006313,0,1
data\val\real\000000047801.jpg,0,real,blur_s2.0,0.023962,0,1
data\val\real\000000047819.jpg,0,real,blur_s2.0,0.006750,0,1
data\val\real\000000047828.jpg,0,real,blur_s2.0,0.792534,1,0
data\val\real\000000048153.jpg,0,real,blur_s2.0,0.001639,0,1
data\val\real\000000048396.jpg,0,real,blur_s2.0,0.000324,0,1
data\val\real\000000048504.jpg,0,real,blur_s2.0,0.224515,0,1
data\val\real\000000048555.jpg,0,real,blur_s2.0,0.156915,0,1
data\val\real\000000048564.jpg,0,real,blur_s2.0,0.004464,0,1
data\val\real\000000048924.jpg,0,real,blur_s2.0,0.941103,1,0
data\val\real\000000049060.jpg,0,real,blur_s2.0,0.001453,0,1
data\val\real\000000049091.jpg,0,real,blur_s2.0,0.131595,0,1
data\val\real\000000049259.jpg,0,real,blur_s2.0,0.001097,0,1
data\val\real\000000049269.jpg,0,real,blur_s2.0,0.040340,0,1
data\val\real\000000049759.jpg,0,real,blur_s2.0,0.344119,0,1
data\val\real\000000049761.jpg,0,real,blur_s2.0,0.003298,0,1
data\val\real\000000049810.jpg,0,real,blur_s2.0,0.141642,0,1
data\val\real\000000050006.jpg,0,real,blur_s2.0,0.060497,0,1
data\val\real\000000050145.jpg,0,real,blur_s2.0,0.003766,0,1
data\val\real\000000050149.jpg,0,real,blur_s2.0,0.015654,0,1
data\val\real\000000050165.jpg,0,real,blur_s2.0,0.307096,0,1
data\val\real\000000050326.jpg,0,real,blur_s2.0,0.000481,0,1
data\val\real\000000050331.jpg,0,real,blur_s2.0,0.004346,0,1
data\val\real\000000050380.jpg,0,real,blur_s2.0,0.040186,0,1
data\val\real\000000050638.jpg,0,real,blur_s2.0,0.448712,0,1
data\val\real\000000050679.jpg,0,real,blur_s2.0,0.123436,0,1
data\val\real\000000050811.jpg,0,real,blur_s2.0,0.006115,0,1
data\val\real\000000050828.jpg,0,real,blur_s2.0,0.049837,0,1
data\val\real\000000050844.jpg,0,real,blur_s2.0,0.258307,0,1
data\val\real\000000050896.jpg,0,real,blur_s2.0,0.045343,0,1
data\val\real\000000050943.jpg,0,real,blur_s2.0,0.129481,0,1
data\val\real\000000051008.jpg,0,real,blur_s2.0,0.000252,0,1
data\val\real\000000051309.jpg,0,real,blur_s2.0,0.010527,0,1
data\val\real\000000051314.jpg,0,real,blur_s2.0,0.015598,0,1
data\val\real\000000051326.jpg,0,real,blur_s2.0,0.047365,0,1
data\val\real\000000051598.jpg,0,real,blur_s2.0,0.029594,0,1
data\val\real\000000051610.jpg,0,real,blur_s2.0,0.122983,0,1
data\val\real\000000051712.jpg,0,real,blur_s2.0,0.471580,0,1
data\val\real\000000051738.jpg,0,real,blur_s2.0,0.100213,0,1
data\val\real\000000051938.jpg,0,real,blur_s2.0,0.066917,0,1
data\val\real\000000051961.jpg,0,real,blur_s2.0,0.053606,0,1
data\val\real\000000051976.jpg,0,real,blur_s2.0,0.376154,0,1
data\val\real\000000052007.jpg,0,real,blur_s2.0,0.020720,0,1
data\val\real\000000052017.jpg,0,real,blur_s2.0,0.339333,0,1
data\val\real\000000052412.jpg,0,real,blur_s2.0,0.460719,0,1
data\val\real\000000052413.jpg,0,real,blur_s2.0,0.000837,0,1
data\val\real\000000052462.jpg,0,real,blur_s2.0,0.119227,0,1
data\val\real\000000052507.jpg,0,real,blur_s2.0,0.056088,0,1
data\val\real\000000052565.jpg,0,real,blur_s2.0,0.022890,0,1
data\val\real\000000052591.jpg,0,real,blur_s2.0,0.019857,0,1
data\val\real\000000052891.jpg,0,real,blur_s2.0,0.055958,0,1
data\val\real\000000052996.jpg,0,real,blur_s2.0,0.010803,0,1
data\val\real\000000053505.jpg,0,real,blur_s2.0,0.021049,0,1
data\val\real\000000053529.jpg,0,real,blur_s2.0,0.064254,0,1
data\val\real\000000053624.jpg,0,real,blur_s2.0,0.032140,0,1
data\val\real\000000053626.jpg,0,real,blur_s2.0,0.035048,0,1
data\val\real\000000053909.jpg,0,real,blur_s2.0,0.014553,0,1
data\val\real\000000053994.jpg,0,real,blur_s2.0,0.043741,0,1
data\val\real\000000054123.jpg,0,real,blur_s2.0,0.186205,0,1
data\val\real\000000054164.jpg,0,real,blur_s2.0,0.015239,0,1
data\val\real\000000054592.jpg,0,real,blur_s2.0,0.107189,0,1
data\val\real\000000054593.jpg,0,real,blur_s2.0,0.007391,0,1
data\val\real\000000054605.jpg,0,real,blur_s2.0,0.009068,0,1
data\val\real\000000054628.jpg,0,real,blur_s2.0,0.011774,0,1
data\val\real\000000054654.jpg,0,real,blur_s2.0,0.001210,0,1
data\val\real\000000054931.jpg,0,real,blur_s2.0,0.313533,0,1
data\val\real\000000054967.jpg,0,real,blur_s2.0,0.612968,1,0
data\val\real\000000055002.jpg,0,real,blur_s2.0,0.006216,0,1
data\val\real\000000055022.jpg,0,real,blur_s2.0,0.042778,0,1
data\val\real\000000055072.jpg,0,real,blur_s2.0,0.353227,0,1
data\val\real\000000055150.jpg,0,real,blur_s2.0,0.020980,0,1
data\val\real\000000055167.jpg,0,real,blur_s2.0,0.002707,0,1
data\val\real\000000055299.jpg,0,real,blur_s2.0,0.205460,0,1
data\val\real\000000055528.jpg,0,real,blur_s2.0,0.000518,0,1
data\val\real\000000055950.jpg,0,real,blur_s2.0,0.119100,0,1
data\val\real\000000056127.jpg,0,real,blur_s2.0,0.022029,0,1
data\val\real\000000056288.jpg,0,real,blur_s2.0,0.002364,0,1
data\val\real\000000056344.jpg,0,real,blur_s2.0,0.069189,0,1
data\val\real\000000056350.jpg,0,real,blur_s2.0,0.015714,0,1
data\val\real\000000056545.jpg,0,real,blur_s2.0,0.006756,0,1
data\val\ai\ai_000001.png,1,ai,blur_s2.0,0.632975,1,1
data\val\ai\ai_000002.png,1,ai,blur_s2.0,0.816532,1,1
data\val\ai\ai_000003.png,1,ai,blur_s2.0,0.897953,1,1
data\val\ai\ai_000004.png,1,ai,blur_s2.0,0.815544,1,1
data\val\ai\ai_000005.png,1,ai,blur_s2.0,0.773589,1,1
data\val\ai\ai_000006.png,1,ai,blur_s2.0,0.943974,1,1
data\val\ai\ai_000007.png,1,ai,blur_s2.0,0.201620,0,0
data\val\ai\ai_000008.png,1,ai,blur_s2.0,0.842474,1,1
data\val\ai\ai_000009.png,1,ai,blur_s2.0,0.490119,0,0
data\val\ai\ai_000010.png,1,ai,blur_s2.0,0.552205,1,1
data\val\ai\ai_000011.png,1,ai,blur_s2.0,0.935108,1,1
data\val\ai\ai_000012.png,1,ai,blur_s2.0,0.241287,0,0
data\val\ai\ai_000013.png,1,ai,blur_s2.0,0.966519,1,1
data\val\ai\ai_000014.png,1,ai,blur_s2.0,0.963477,1,1
data\val\ai\ai_000015.png,1,ai,blur_s2.0,0.356519,0,0
data\val\ai\ai_000016.png,1,ai,blur_s2.0,0.937931,1,1
data\val\ai\ai_000017.png,1,ai,blur_s2.0,0.192348,0,0
data\val\ai\ai_000018.png,1,ai,blur_s2.0,0.930735,1,1
data\val\ai\ai_000019.png,1,ai,blur_s2.0,0.580580,1,1
data\val\ai\ai_000020.png,1,ai,blur_s2.0,0.440256,0,0
data\val\ai\ai_000021.png,1,ai,blur_s2.0,0.981468,1,1
data\val\ai\ai_000022.png,1,ai,blur_s2.0,0.034935,0,0
data\val\ai\ai_000023.png,1,ai,blur_s2.0,0.816561,1,1
data\val\ai\ai_000024.png,1,ai,blur_s2.0,0.865740,1,1
data\val\ai\ai_000025.png,1,ai,blur_s2.0,0.699502,1,1
data\val\ai\ai_000026.png,1,ai,blur_s2.0,0.569070,1,1
data\val\ai\ai_000027.png,1,ai,blur_s2.0,0.093215,0,0
data\val\ai\ai_000028.png,1,ai,blur_s2.0,0.425613,0,0
data\val\ai\ai_000029.png,1,ai,blur_s2.0,0.936142,1,1
data\val\ai\ai_000030.png,1,ai,blur_s2.0,0.224923,0,0
data\val\ai\ai_000031.png,1,ai,blur_s2.0,0.191618,0,0
data\val\ai\ai_000032.png,1,ai,blur_s2.0,0.338696,0,0
data\val\ai\ai_000033.png,1,ai,blur_s2.0,0.941441,1,1
data\val\ai\ai_000034.png,1,ai,blur_s2.0,0.949510,1,1
data\val\ai\ai_000035.png,1,ai,blur_s2.0,0.690188,1,1
data\val\ai\ai_000036.png,1,ai,blur_s2.0,0.864184,1,1
data\val\ai\ai_000037.png,1,ai,blur_s2.0,0.838839,1,1
data\val\ai\ai_000038.png,1,ai,blur_s2.0,0.358878,0,0
data\val\ai\ai_000039.png,1,ai,blur_s2.0,0.555760,1,1
data\val\ai\ai_000040.png,1,ai,blur_s2.0,0.040550,0,0
data\val\ai\ai_000041.png,1,ai,blur_s2.0,0.989689,1,1
data\val\ai\ai_000042.png,1,ai,blur_s2.0,0.980561,1,1
data\val\ai\ai_000043.png,1,ai,blur_s2.0,0.997428,1,1
data\val\ai\ai_000044.png,1,ai,blur_s2.0,0.527219,1,1
data\val\ai\ai_000045.png,1,ai,blur_s2.0,0.849899,1,1
data\val\ai\ai_000046.png,1,ai,blur_s2.0,0.920828,1,1
data\val\ai\ai_000047.png,1,ai,blur_s2.0,0.409951,0,0
data\val\ai\ai_000048.png,1,ai,blur_s2.0,0.777578,1,1
data\val\ai\ai_000049.png,1,ai,blur_s2.0,0.356382,0,0
data\val\ai\ai_000050.png,1,ai,blur_s2.0,0.675365,1,1
data\val\ai\ai_000051.png,1,ai,blur_s2.0,0.932491,1,1
data\val\ai\ai_000052.png,1,ai,blur_s2.0,0.899633,1,1
data\val\ai\ai_000053.png,1,ai,blur_s2.0,0.623436,1,1
data\val\ai\ai_000054.png,1,ai,blur_s2.0,0.689549,1,1
data\val\ai\ai_000055.png,1,ai,blur_s2.0,0.404224,0,0
data\val\ai\ai_000056.png,1,ai,blur_s2.0,0.594285,1,1
data\val\ai\ai_000057.png,1,ai,blur_s2.0,0.601803,1,1
data\val\ai\ai_000058.png,1,ai,blur_s2.0,0.338685,0,0
data\val\ai\ai_000059.png,1,ai,blur_s2.0,0.489603,0,0
data\val\ai\ai_000060.png,1,ai,blur_s2.0,0.830957,1,1
data\val\ai\ai_000061.png,1,ai,blur_s2.0,0.973121,1,1
data\val\ai\ai_000062.png,1,ai,blur_s2.0,0.879470,1,1
data\val\ai\ai_000063.png,1,ai,blur_s2.0,0.228107,0,0
data\val\ai\ai_000064.png,1,ai,blur_s2.0,0.005258,0,0
data\val\ai\ai_000065.png,1,ai,blur_s2.0,0.395253,0,0
data\val\ai\ai_000066.png,1,ai,blur_s2.0,0.556366,1,1
data\val\ai\ai_000067.png,1,ai,blur_s2.0,0.611046,1,1
data\val\ai\ai_000068.png,1,ai,blur_s2.0,0.563545,1,1
data\val\ai\ai_000069.png,1,ai,blur_s2.0,0.852900,1,1
data\val\ai\ai_000070.png,1,ai,blur_s2.0,0.793667,1,1
data\val\ai\ai_000071.png,1,ai,blur_s2.0,0.993770,1,1
data\val\ai\ai_000072.png,1,ai,blur_s2.0,0.307688,0,0
data\val\ai\ai_000073.png,1,ai,blur_s2.0,0.932676,1,1
data\val\ai\ai_000074.png,1,ai,blur_s2.0,0.991749,1,1
data\val\ai\ai_000075.png,1,ai,blur_s2.0,0.825415,1,1
data\val\ai\ai_000076.png,1,ai,blur_s2.0,0.832600,1,1
data\val\ai\ai_000077.png,1,ai,blur_s2.0,0.182598,0,0
data\val\ai\ai_000078.png,1,ai,blur_s2.0,0.803339,1,1
data\val\ai\ai_000079.png,1,ai,blur_s2.0,0.728914,1,1
data\val\ai\ai_000080.png,1,ai,blur_s2.0,0.449343,0,0
data\val\ai\ai_000081.png,1,ai,blur_s2.0,0.895465,1,1
data\val\ai\ai_000082.png,1,ai,blur_s2.0,0.982580,1,1
data\val\ai\ai_000083.png,1,ai,blur_s2.0,0.743353,1,1
data\val\ai\ai_000084.png,1,ai,blur_s2.0,0.960896,1,1
data\val\ai\ai_000085.png,1,ai,blur_s2.0,0.906109,1,1
data\val\ai\ai_000086.png,1,ai,blur_s2.0,0.787151,1,1
data\val\ai\ai_000087.png,1,ai,blur_s2.0,0.539560,1,1
data\val\ai\ai_000088.png,1,ai,blur_s2.0,0.417984,0,0
data\val\ai\ai_000089.png,1,ai,blur_s2.0,0.509408,1,1
data\val\ai\ai_000090.png,1,ai,blur_s2.0,0.846964,1,1
data\val\ai\ai_000091.png,1,ai,blur_s2.0,0.950669,1,1
data\val\ai\ai_000092.png,1,ai,blur_s2.0,0.963735,1,1
data\val\ai\ai_000093.png,1,ai,blur_s2.0,0.528281,1,1
data\val\ai\ai_000094.png,1,ai,blur_s2.0,0.972158,1,1
data\val\ai\ai_000095.png,1,ai,blur_s2.0,0.853415,1,1
data\val\ai\ai_000096.png,1,ai,blur_s2.0,0.990206,1,1
data\val\ai\ai_000097.png,1,ai,blur_s2.0,0.179653,0,0
data\val\ai\ai_000098.png,1,ai,blur_s2.0,0.956876,1,1
data\val\ai\ai_000099.png,1,ai,blur_s2.0,0.615501,1,1
data\val\ai\ai_000100.png,1,ai,blur_s2.0,0.986599,1,1
data\val\ai\ai_000101.png,1,ai,blur_s2.0,0.977890,1,1
data\val\ai\ai_000102.png,1,ai,blur_s2.0,0.183860,0,0
data\val\ai\ai_000103.png,1,ai,blur_s2.0,0.644548,1,1
data\val\ai\ai_000104.png,1,ai,blur_s2.0,0.767779,1,1
data\val\ai\ai_000105.png,1,ai,blur_s2.0,0.043619,0,0
data\val\ai\ai_000106.png,1,ai,blur_s2.0,0.328170,0,0
data\val\ai\ai_000107.png,1,ai,blur_s2.0,0.953499,1,1
data\val\ai\ai_000108.png,1,ai,blur_s2.0,0.936580,1,1
data\val\ai\ai_000109.png,1,ai,blur_s2.0,0.985855,1,1
data\val\ai\ai_000110.png,1,ai,blur_s2.0,0.860218,1,1
data\val\ai\ai_000111.png,1,ai,blur_s2.0,0.204616,0,0
data\val\ai\ai_000112.png,1,ai,blur_s2.0,0.052870,0,0
data\val\ai\ai_000113.png,1,ai,blur_s2.0,0.710397,1,1
data\val\ai\ai_000114.png,1,ai,blur_s2.0,0.721513,1,1
data\val\ai\ai_000115.png,1,ai,blur_s2.0,0.377643,0,0
data\val\ai\ai_000116.png,1,ai,blur_s2.0,0.918197,1,1
data\val\ai\ai_000117.png,1,ai,blur_s2.0,0.935841,1,1
data\val\ai\ai_000118.png,1,ai,blur_s2.0,0.685359,1,1
data\val\ai\ai_000119.png,1,ai,blur_s2.0,0.240838,0,0
data\val\ai\ai_000120.png,1,ai,blur_s2.0,0.749748,1,1
data\val\ai\ai_000121.png,1,ai,blur_s2.0,0.976971,1,1
data\val\ai\ai_000122.png,1,ai,blur_s2.0,0.675685,1,1
data\val\ai\ai_000123.png,1,ai,blur_s2.0,0.427917,0,0
data\val\ai\ai_000124.png,1,ai,blur_s2.0,0.646320,1,1
data\val\ai\ai_000125.png,1,ai,blur_s2.0,0.964891,1,1
data\val\ai\ai_000126.png,1,ai,blur_s2.0,0.548028,1,1
data\val\ai\ai_000127.png,1,ai,blur_s2.0,0.626163,1,1
data\val\ai\ai_000128.png,1,ai,blur_s2.0,0.564529,1,1
data\val\ai\ai_000129.png,1,ai,blur_s2.0,0.981867,1,1
data\val\ai\ai_000130.png,1,ai,blur_s2.0,0.121836,0,0
data\val\ai\ai_000131.png,1,ai,blur_s2.0,0.964188,1,1
data\val\ai\ai_000132.png,1,ai,blur_s2.0,0.887054,1,1
data\val\ai\ai_000133.png,1,ai,blur_s2.0,0.910661,1,1
data\val\ai\ai_000134.png,1,ai,blur_s2.0,0.863465,1,1
data\val\ai\ai_000135.png,1,ai,blur_s2.0,0.949601,1,1
data\val\ai\ai_000136.png,1,ai,blur_s2.0,0.453313,0,0
data\val\ai\ai_000137.png,1,ai,blur_s2.0,0.714786,1,1
data\val\ai\ai_000138.png,1,ai,blur_s2.0,0.953647,1,1
data\val\ai\ai_000139.png,1,ai,blur_s2.0,0.960391,1,1
data\val\ai\ai_000140.png,1,ai,blur_s2.0,0.510283,1,1
data\val\ai\ai_000141.png,1,ai,blur_s2.0,0.993961,1,1
data\val\ai\ai_000142.png,1,ai,blur_s2.0,0.610756,1,1
data\val\ai\ai_000143.png,1,ai,blur_s2.0,0.989451,1,1
data\val\ai\ai_000144.png,1,ai,blur_s2.0,0.857413,1,1
data\val\ai\ai_000145.png,1,ai,blur_s2.0,0.888957,1,1
data\val\ai\ai_000146.png,1,ai,blur_s2.0,0.599890,1,1
data\val\ai\ai_000147.png,1,ai,blur_s2.0,0.608114,1,1
data\val\ai\ai_000148.png,1,ai,blur_s2.0,0.328625,0,0
data\val\ai\ai_000149.png,1,ai,blur_s2.0,0.635755,1,1
data\val\ai\ai_000150.png,1,ai,blur_s2.0,0.903462,1,1
data\val\ai\ai_000151.png,1,ai,blur_s2.0,0.719898,1,1
data\val\ai\ai_000152.png,1,ai,blur_s2.0,0.217589,0,0
data\val\ai\ai_000153.png,1,ai,blur_s2.0,0.992508,1,1
data\val\ai\ai_000154.png,1,ai,blur_s2.0,0.872900,1,1
data\val\ai\ai_000155.png,1,ai,blur_s2.0,0.313436,0,0
data\val\ai\ai_000156.png,1,ai,blur_s2.0,0.110307,0,0
data\val\ai\ai_000157.png,1,ai,blur_s2.0,0.508522,1,1
data\val\ai\ai_000158.png,1,ai,blur_s2.0,0.266412,0,0
data\val\ai\ai_000159.png,1,ai,blur_s2.0,0.885632,1,1
data\val\ai\ai_000160.png,1,ai,blur_s2.0,0.013720,0,0
data\val\ai\ai_000161.png,1,ai,blur_s2.0,0.478976,0,0
data\val\ai\ai_000162.png,1,ai,blur_s2.0,0.224548,0,0
data\val\ai\ai_000163.png,1,ai,blur_s2.0,0.963097,1,1
data\val\ai\ai_000164.png,1,ai,blur_s2.0,0.959477,1,1
data\val\ai\ai_000165.png,1,ai,blur_s2.0,0.905500,1,1
data\val\ai\ai_000166.png,1,ai,blur_s2.0,0.936498,1,1
data\val\ai\ai_000167.png,1,ai,blur_s2.0,0.166526,0,0
data\val\ai\ai_000168.png,1,ai,blur_s2.0,0.348304,0,0
data\val\ai\ai_000169.png,1,ai,blur_s2.0,0.953169,1,1
data\val\ai\ai_000170.png,1,ai,blur_s2.0,0.941270,1,1
data\val\ai\ai_000171.png,1,ai,blur_s2.0,0.293226,0,0
data\val\ai\ai_000172.png,1,ai,blur_s2.0,0.988627,1,1
data\val\ai\ai_000173.png,1,ai,blur_s2.0,0.948645,1,1
data\val\ai\ai_000174.png,1,ai,blur_s2.0,0.964653,1,1
data\val\ai\ai_000175.png,1,ai,blur_s2.0,0.985672,1,1
data\val\ai\ai_000176.png,1,ai,blur_s2.0,0.991088,1,1
data\val\ai\ai_000177.png,1,ai,blur_s2.0,0.602580,1,1
data\val\ai\ai_000178.png,1,ai,blur_s2.0,0.791887,1,1
data\val\ai\ai_000179.png,1,ai,blur_s2.0,0.964353,1,1
data\val\ai\ai_000180.png,1,ai,blur_s2.0,0.812297,1,1
data\val\ai\ai_000181.png,1,ai,blur_s2.0,0.923051,1,1
data\val\ai\ai_000182.png,1,ai,blur_s2.0,0.241581,0,0
data\val\ai\ai_000183.png,1,ai,blur_s2.0,0.693561,1,1
data\val\ai\ai_000184.png,1,ai,blur_s2.0,0.768814,1,1
data\val\ai\ai_000185.png,1,ai,blur_s2.0,0.892561,1,1
data\val\ai\ai_000186.png,1,ai,blur_s2.0,0.902406,1,1
data\val\ai\ai_000187.png,1,ai,blur_s2.0,0.781526,1,1
data\val\ai\ai_000188.png,1,ai,blur_s2.0,0.423760,0,0
data\val\ai\ai_000189.png,1,ai,blur_s2.0,0.963737,1,1
data\val\ai\ai_000190.png,1,ai,blur_s2.0,0.906725,1,1
data\val\ai\ai_000191.png,1,ai,blur_s2.0,0.680463,1,1
data\val\ai\ai_000192.png,1,ai,blur_s2.0,0.956183,1,1
data\val\ai\ai_000193.png,1,ai,blur_s2.0,0.954977,1,1
data\val\ai\ai_000194.png,1,ai,blur_s2.0,0.488214,0,0
data\val\ai\ai_000195.png,1,ai,blur_s2.0,0.385665,0,0
data\val\ai\ai_000196.png,1,ai,blur_s2.0,0.751657,1,1
data\val\ai\ai_000197.png,1,ai,blur_s2.0,0.697722,1,1
data\val\ai\ai_000198.png,1,ai,blur_s2.0,0.436310,0,0
data\val\ai\ai_000199.png,1,ai,blur_s2.0,0.928816,1,1
data\val\ai\ai_000200.png,1,ai,blur_s2.0,0.950201,1,1
data\val\ai\ai_000201.png,1,ai,blur_s2.0,0.776346,1,1
data\val\ai\ai_000202.png,1,ai,blur_s2.0,0.378810,0,0
data\val\ai\ai_000203.png,1,ai,blur_s2.0,0.656978,1,1
data\val\ai\ai_000204.png,1,ai,blur_s2.0,0.954960,1,1
data\val\ai\ai_000205.png,1,ai,blur_s2.0,0.316011,0,0
data\val\ai\ai_000206.png,1,ai,blur_s2.0,0.942681,1,1
data\val\ai\ai_000207.png,1,ai,blur_s2.0,0.457802,0,0
data\val\ai\ai_000208.png,1,ai,blur_s2.0,0.585467,1,1
data\val\ai\ai_000209.png,1,ai,blur_s2.0,0.864057,1,1
data\val\ai\ai_000210.png,1,ai,blur_s2.0,0.782631,1,1
data\val\ai\ai_000211.png,1,ai,blur_s2.0,0.959111,1,1
data\val\ai\ai_000212.png,1,ai,blur_s2.0,0.998290,1,1
data\val\ai\ai_000213.png,1,ai,blur_s2.0,0.787434,1,1
data\val\ai\ai_000214.png,1,ai,blur_s2.0,0.975950,1,1
data\val\ai\ai_000215.png,1,ai,blur_s2.0,0.724834,1,1
data\val\ai\ai_000216.png,1,ai,blur_s2.0,0.884886,1,1
data\val\ai\ai_000217.png,1,ai,blur_s2.0,0.211585,0,0
data\val\ai\ai_000218.png,1,ai,blur_s2.0,0.732380,1,1
data\val\ai\ai_000219.png,1,ai,blur_s2.0,0.219821,0,0
data\val\ai\ai_000220.png,1,ai,blur_s2.0,0.500565,1,1
data\val\ai\ai_000221.png,1,ai,blur_s2.0,0.899550,1,1
data\val\ai\ai_000222.png,1,ai,blur_s2.0,0.419015,0,0
data\val\ai\ai_000223.png,1,ai,blur_s2.0,0.890242,1,1
data\val\ai\ai_000224.png,1,ai,blur_s2.0,0.723624,1,1
data\val\ai\ai_000225.png,1,ai,blur_s2.0,0.541871,1,1
data\val\ai\ai_000226.png,1,ai,blur_s2.0,0.956211,1,1
data\val\ai\ai_000227.png,1,ai,blur_s2.0,0.138430,0,0
data\val\ai\ai_000228.png,1,ai,blur_s2.0,0.095177,0,0
data\val\ai\ai_000229.png,1,ai,blur_s2.0,0.888447,1,1
data\val\ai\ai_000230.png,1,ai,blur_s2.0,0.947516,1,1
data\val\ai\ai_000231.png,1,ai,blur_s2.0,0.982818,1,1
data\val\ai\ai_000232.png,1,ai,blur_s2.0,0.337031,0,0
data\val\ai\ai_000233.png,1,ai,blur_s2.0,0.483146,0,0
data\val\ai\ai_000234.png,1,ai,blur_s2.0,0.997867,1,1
data\val\ai\ai_000235.png,1,ai,blur_s2.0,0.571089,1,1
data\val\ai\ai_000236.png,1,ai,blur_s2.0,0.922894,1,1
data\val\ai\ai_000237.png,1,ai,blur_s2.0,0.269862,0,0
data\val\ai\ai_000238.png,1,ai,blur_s2.0,0.123314,0,0
data\val\ai\ai_000239.png,1,ai,blur_s2.0,0.802424,1,1
data\val\ai\ai_000240.png,1,ai,blur_s2.0,0.264799,0,0
data\val\ai\ai_000241.png,1,ai,blur_s2.0,0.944250,1,1
data\val\ai\ai_000242.png,1,ai,blur_s2.0,0.769149,1,1
data\val\ai\ai_000243.png,1,ai,blur_s2.0,0.500638,1,1
data\val\ai\ai_000244.png,1,ai,blur_s2.0,0.988563,1,1
data\val\ai\ai_000245.png,1,ai,blur_s2.0,0.213466,0,0
data\val\ai\ai_000246.png,1,ai,blur_s2.0,0.990488,1,1
data\val\ai\ai_000247.png,1,ai,blur_s2.0,0.667514,1,1
data\val\ai\ai_000248.png,1,ai,blur_s2.0,0.899756,1,1
data\val\ai\ai_000249.png,1,ai,blur_s2.0,0.567889,1,1
data\val\ai\ai_000250.png,1,ai,blur_s2.0,0.647554,1,1
data\val\ai\ai_000251.png,1,ai,blur_s2.0,0.850074,1,1
data\val\ai\ai_000252.png,1,ai,blur_s2.0,0.910233,1,1
data\val\ai\ai_000253.png,1,ai,blur_s2.0,0.826606,1,1
data\val\ai\ai_000254.png,1,ai,blur_s2.0,0.800504,1,1
data\val\ai\ai_000255.png,1,ai,blur_s2.0,0.222189,0,0
data\val\ai\ai_000256.png,1,ai,blur_s2.0,0.439272,0,0
data\val\ai\ai_000257.png,1,ai,blur_s2.0,0.792407,1,1
data\val\ai\ai_000258.png,1,ai,blur_s2.0,0.234772,0,0
data\val\ai\ai_000259.png,1,ai,blur_s2.0,0.781679,1,1
data\val\ai\ai_000260.png,1,ai,blur_s2.0,0.409369,0,0
data\val\ai\ai_000261.png,1,ai,blur_s2.0,0.951419,1,1
data\val\ai\ai_000262.png,1,ai,blur_s2.0,0.839946,1,1
data\val\ai\ai_000263.png,1,ai,blur_s2.0,0.474365,0,0
data\val\ai\ai_000264.png,1,ai,blur_s2.0,0.980336,1,1
data\val\ai\ai_000265.png,1,ai,blur_s2.0,0.239871,0,0
data\val\ai\ai_000266.png,1,ai,blur_s2.0,0.939096,1,1
data\val\ai\ai_000267.png,1,ai,blur_s2.0,0.950116,1,1
data\val\ai\ai_000268.png,1,ai,blur_s2.0,0.873754,1,1
data\val\ai\ai_000269.png,1,ai,blur_s2.0,0.934796,1,1
data\val\ai\ai_000270.png,1,ai,blur_s2.0,0.804677,1,1
data\val\ai\ai_000271.png,1,ai,blur_s2.0,0.887935,1,1
data\val\ai\ai_000272.png,1,ai,blur_s2.0,0.959220,1,1
data\val\ai\ai_000273.png,1,ai,blur_s2.0,0.905416,1,1
data\val\ai\ai_000274.png,1,ai,blur_s2.0,0.821706,1,1
data\val\ai\ai_000275.png,1,ai,blur_s2.0,0.721783,1,1
data\val\ai\ai_000276.png,1,ai,blur_s2.0,0.957791,1,1
data\val\ai\ai_000277.png,1,ai,blur_s2.0,0.164154,0,0
data\val\ai\ai_000278.png,1,ai,blur_s2.0,0.184737,0,0
data\val\ai\ai_000279.png,1,ai,blur_s2.0,0.869508,1,1
data\val\ai\ai_000280.png,1,ai,blur_s2.0,0.885960,1,1
data\val\ai\ai_000281.png,1,ai,blur_s2.0,0.858556,1,1
data\val\ai\ai_000282.png,1,ai,blur_s2.0,0.179707,0,0
data\val\ai\ai_000283.png,1,ai,blur_s2.0,0.770204,1,1
data\val\ai\ai_000284.png,1,ai,blur_s2.0,0.914673,1,1
data\val\ai\ai_000285.png,1,ai,blur_s2.0,0.634012,1,1
data\val\ai\ai_000286.png,1,ai,blur_s2.0,0.989982,1,1
data\val\ai\ai_000287.png,1,ai,blur_s2.0,0.304577,0,0
data\val\ai\ai_000288.png,1,ai,blur_s2.0,0.131009,0,0
data\val\ai\ai_000289.png,1,ai,blur_s2.0,0.946859,1,1
data\val\ai\ai_000290.png,1,ai,blur_s2.0,0.531940,1,1
data\val\ai\ai_000291.png,1,ai,blur_s2.0,0.620688,1,1
data\val\ai\ai_000292.png,1,ai,blur_s2.0,0.946659,1,1
data\val\ai\ai_000293.png,1,ai,blur_s2.0,0.227274,0,0
data\val\ai\ai_000294.png,1,ai,blur_s2.0,0.869510,1,1
data\val\ai\ai_000295.png,1,ai,blur_s2.0,0.661910,1,1
data\val\ai\ai_000296.png,1,ai,blur_s2.0,0.945911,1,1
data\val\ai\ai_000297.png,1,ai,blur_s2.0,0.918616,1,1
data\val\ai\ai_000298.png,1,ai,blur_s2.0,0.591112,1,1
data\val\ai\ai_000299.png,1,ai,blur_s2.0,0.803856,1,1
data\val\ai\ai_000300.png,1,ai,blur_s2.0,0.686395,1,1
data\val\ai\ai_000301.png,1,ai,blur_s2.0,0.902275,1,1
data\val\ai\ai_000302.png,1,ai,blur_s2.0,0.031952,0,0
data\val\ai\ai_000303.png,1,ai,blur_s2.0,0.406649,0,0
data\val\ai\ai_000304.png,1,ai,blur_s2.0,0.955681,1,1
data\val\ai\ai_000305.png,1,ai,blur_s2.0,0.063849,0,0
data\val\ai\ai_000306.png,1,ai,blur_s2.0,0.956538,1,1
data\val\ai\ai_000307.png,1,ai,blur_s2.0,0.538353,1,1
data\val\ai\ai_000308.png,1,ai,blur_s2.0,0.451939,0,0
data\val\ai\ai_000309.png,1,ai,blur_s2.0,0.541927,1,1
data\val\ai\ai_000310.png,1,ai,blur_s2.0,0.852988,1,1
data\val\ai\ai_000311.png,1,ai,blur_s2.0,0.462421,0,0
data\val\ai\ai_000312.png,1,ai,blur_s2.0,0.910811,1,1
data\val\ai\ai_000313.png,1,ai,blur_s2.0,0.580981,1,1
data\val\ai\ai_000314.png,1,ai,blur_s2.0,0.680009,1,1
data\val\ai\ai_000315.png,1,ai,blur_s2.0,0.885655,1,1
data\val\ai\ai_000316.png,1,ai,blur_s2.0,0.591054,1,1
data\val\ai\ai_000317.png,1,ai,blur_s2.0,0.775855,1,1
data\val\ai\ai_000318.png,1,ai,blur_s2.0,0.214030,0,0
data\val\ai\ai_000319.png,1,ai,blur_s2.0,0.572714,1,1
data\val\ai\ai_000320.png,1,ai,blur_s2.0,0.303100,0,0
data\val\ai\ai_000321.png,1,ai,blur_s2.0,0.960375,1,1
data\val\ai\ai_000322.png,1,ai,blur_s2.0,0.619464,1,1
data\val\ai\ai_000323.png,1,ai,blur_s2.0,0.850551,1,1
data\val\ai\ai_000324.png,1,ai,blur_s2.0,0.983238,1,1
data\val\ai\ai_000325.png,1,ai,blur_s2.0,0.921899,1,1
data\val\ai\ai_000326.png,1,ai,blur_s2.0,0.937180,1,1
data\val\ai\ai_000327.png,1,ai,blur_s2.0,0.989997,1,1
data\val\ai\ai_000328.png,1,ai,blur_s2.0,0.747718,1,1
data\val\ai\ai_000329.png,1,ai,blur_s2.0,0.840546,1,1
data\val\ai\ai_000330.png,1,ai,blur_s2.0,0.327358,0,0
data\val\ai\ai_000331.png,1,ai,blur_s2.0,0.756517,1,1
data\val\ai\ai_000332.png,1,ai,blur_s2.0,0.037812,0,0
data\val\ai\ai_000333.png,1,ai,blur_s2.0,0.916040,1,1
data\val\ai\ai_000334.png,1,ai,blur_s2.0,0.773342,1,1
data\val\ai\ai_000335.png,1,ai,blur_s2.0,0.538970,1,1
data\val\ai\ai_000336.png,1,ai,blur_s2.0,0.920706,1,1
data\val\ai\ai_000337.png,1,ai,blur_s2.0,0.977715,1,1
data\val\ai\ai_000338.png,1,ai,blur_s2.0,0.451128,0,0
data\val\ai\ai_000339.png,1,ai,blur_s2.0,0.964231,1,1
data\val\ai\ai_000340.png,1,ai,blur_s2.0,0.829103,1,1
data\val\ai\ai_000341.png,1,ai,blur_s2.0,0.499180,0,0
data\val\ai\ai_000342.png,1,ai,blur_s2.0,0.001138,0,0
data\val\ai\ai_000343.png,1,ai,blur_s2.0,0.585357,1,1
data\val\ai\ai_000344.png,1,ai,blur_s2.0,0.912798,1,1
data\val\ai\ai_000345.png,1,ai,blur_s2.0,0.482640,0,0
data\val\ai\ai_000346.png,1,ai,blur_s2.0,0.780768,1,1
data\val\ai\ai_000347.png,1,ai,blur_s2.0,0.899368,1,1
data\val\ai\ai_000348.png,1,ai,blur_s2.0,0.417127,0,0
data\val\ai\ai_000349.png,1,ai,blur_s2.0,0.967351,1,1
data\val\ai\ai_000350.png,1,ai,blur_s2.0,0.849174,1,1
data\val\ai\ai_000351.png,1,ai,blur_s2.0,0.695408,1,1
data\val\ai\ai_000352.png,1,ai,blur_s2.0,0.238800,0,0
data\val\ai\ai_000353.png,1,ai,blur_s2.0,0.903785,1,1
data\val\ai\ai_000354.png,1,ai,blur_s2.0,0.986782,1,1
data\val\ai\ai_000355.png,1,ai,blur_s2.0,0.657884,1,1
data\val\ai\ai_000356.png,1,ai,blur_s2.0,0.742125,1,1
data\val\ai\ai_000357.png,1,ai,blur_s2.0,0.894803,1,1
data\val\ai\ai_000358.png,1,ai,blur_s2.0,0.178325,0,0
data\val\ai\ai_000359.png,1,ai,blur_s2.0,0.399002,0,0
data\val\ai\ai_000360.png,1,ai,blur_s2.0,0.752830,1,1
data\val\ai\ai_000361.png,1,ai,blur_s2.0,0.965370,1,1
data\val\ai\ai_000362.png,1,ai,blur_s2.0,0.243972,0,0
data\val\ai\ai_000363.png,1,ai,blur_s2.0,0.853632,1,1
data\val\ai\ai_000364.png,1,ai,blur_s2.0,0.968582,1,1
data\val\ai\ai_000365.png,1,ai,blur_s2.0,0.515168,1,1
data\val\ai\ai_000366.png,1,ai,blur_s2.0,0.976855,1,1
data\val\ai\ai_000367.png,1,ai,blur_s2.0,0.892488,1,1
data\val\ai\ai_000368.png,1,ai,blur_s2.0,0.045379,0,0
data\val\ai\ai_000369.png,1,ai,blur_s2.0,0.909111,1,1
data\val\ai\ai_000370.png,1,ai,blur_s2.0,0.173155,0,0
data\val\ai\ai_000371.png,1,ai,blur_s2.0,0.818192,1,1
data\val\ai\ai_000372.png,1,ai,blur_s2.0,0.427054,0,0
data\val\ai\ai_000373.png,1,ai,blur_s2.0,0.388334,0,0
data\val\ai\ai_000374.png,1,ai,blur_s2.0,0.957098,1,1
data\val\ai\ai_000375.png,1,ai,blur_s2.0,0.940374,1,1
data\val\ai\ai_000376.png,1,ai,blur_s2.0,0.309245,0,0
data\val\ai\ai_000377.png,1,ai,blur_s2.0,0.723615,1,1
data\val\ai\ai_000378.png,1,ai,blur_s2.0,0.962434,1,1
data\val\ai\ai_000379.png,1,ai,blur_s2.0,0.430478,0,0
data\val\ai\ai_000380.png,1,ai,blur_s2.0,0.308357,0,0
data\val\ai\ai_000381.png,1,ai,blur_s2.0,0.411055,0,0
data\val\ai\ai_000382.png,1,ai,blur_s2.0,0.209090,0,0
data\val\ai\ai_000383.png,1,ai,blur_s2.0,0.731593,1,1
data\val\ai\ai_000384.png,1,ai,blur_s2.0,0.400467,0,0
data\val\ai\ai_000385.png,1,ai,blur_s2.0,0.830291,1,1
data\val\ai\ai_000386.png,1,ai,blur_s2.0,0.938618,1,1
data\val\ai\ai_000387.png,1,ai,blur_s2.0,0.979452,1,1
data\val\ai\ai_000388.png,1,ai,blur_s2.0,0.943328,1,1
data\val\ai\ai_000389.png,1,ai,blur_s2.0,0.925935,1,1
data\val\ai\ai_000390.png,1,ai,blur_s2.0,0.617454,1,1
data\val\ai\ai_000391.png,1,ai,blur_s2.0,0.556225,1,1
data\val\ai\ai_000392.png,1,ai,blur_s2.0,0.390324,0,0
data\val\ai\ai_000393.png,1,ai,blur_s2.0,0.489387,0,0
data\val\ai\ai_000394.png,1,ai,blur_s2.0,0.869089,1,1
data\val\ai\ai_000395.png,1,ai,blur_s2.0,0.634599,1,1
data\val\ai\ai_000396.png,1,ai,blur_s2.0,0.879107,1,1
data\val\ai\ai_000397.png,1,ai,blur_s2.0,0.762860,1,1
data\val\ai\ai_000398.png,1,ai,blur_s2.0,0.259730,0,0
data\val\ai\ai_000399.png,1,ai,blur_s2.0,0.958021,1,1
data\val\ai\ai_000400.png,1,ai,blur_s2.0,0.165143,0,0
data\val\ai\ai_000401.png,1,ai,blur_s2.0,0.850442,1,1
data\val\ai\ai_000402.png,1,ai,blur_s2.0,0.848372,1,1
data\val\ai\ai_000403.png,1,ai,blur_s2.0,0.969263,1,1
data\val\ai\ai_000404.png,1,ai,blur_s2.0,0.913952,1,1
data\val\ai\ai_000405.png,1,ai,blur_s2.0,0.702447,1,1
data\val\ai\ai_000406.png,1,ai,blur_s2.0,0.958967,1,1
data\val\ai\ai_000407.png,1,ai,blur_s2.0,0.048225,0,0
data\val\ai\ai_000408.png,1,ai,blur_s2.0,0.892439,1,1
data\val\ai\ai_000409.png,1,ai,blur_s2.0,0.869518,1,1
data\val\ai\ai_000410.png,1,ai,blur_s2.0,0.116281,0,0
data\val\ai\ai_000411.png,1,ai,blur_s2.0,0.890036,1,1
data\val\ai\ai_000412.png,1,ai,blur_s2.0,0.899632,1,1
data\val\ai\ai_000413.png,1,ai,blur_s2.0,0.956728,1,1
data\val\ai\ai_000414.png,1,ai,blur_s2.0,0.998928,1,1
data\val\ai\ai_000415.png,1,ai,blur_s2.0,0.983722,1,1
data\val\ai\ai_000416.png,1,ai,blur_s2.0,0.883506,1,1
data\val\ai\ai_000417.png,1,ai,blur_s2.0,0.770805,1,1
data\val\ai\ai_000418.png,1,ai,blur_s2.0,0.095052,0,0
data\val\ai\ai_000419.png,1,ai,blur_s2.0,0.834458,1,1
data\val\ai\ai_000420.png,1,ai,blur_s2.0,0.884242,1,1
data\val\ai\ai_000421.png,1,ai,blur_s2.0,0.935701,1,1
data\val\ai\ai_000422.png,1,ai,blur_s2.0,0.026549,0,0
data\val\ai\ai_000423.png,1,ai,blur_s2.0,0.776784,1,1
data\val\ai\ai_000424.png,1,ai,blur_s2.0,0.989776,1,1
data\val\ai\ai_000425.png,1,ai,blur_s2.0,0.677800,1,1
data\val\ai\ai_000426.png,1,ai,blur_s2.0,0.695068,1,1
data\val\ai\ai_000427.png,1,ai,blur_s2.0,0.908184,1,1
data\val\ai\ai_000428.png,1,ai,blur_s2.0,0.747223,1,1
data\val\ai\ai_000429.png,1,ai,blur_s2.0,0.912694,1,1
data\val\ai\ai_000430.png,1,ai,blur_s2.0,0.606833,1,1
data\val\ai\ai_000431.png,1,ai,blur_s2.0,0.851459,1,1
data\val\ai\ai_000432.png,1,ai,blur_s2.0,0.937292,1,1
data\val\ai\ai_000433.png,1,ai,blur_s2.0,0.764054,1,1
data\val\ai\ai_000434.png,1,ai,blur_s2.0,0.761836,1,1
data\val\ai\ai_000435.png,1,ai,blur_s2.0,0.303393,0,0
data\val\ai\ai_000436.png,1,ai,blur_s2.0,0.758764,1,1
data\val\ai\ai_000437.png,1,ai,blur_s2.0,0.231878,0,0
data\val\ai\ai_000438.png,1,ai,blur_s2.0,0.642494,1,1
data\val\ai\ai_000439.png,1,ai,blur_s2.0,0.757788,1,1
data\val\ai\ai_000440.png,1,ai,blur_s2.0,0.971682,1,1
data\val\ai\ai_000441.png,1,ai,blur_s2.0,0.662891,1,1
data\val\ai\ai_000442.png,1,ai,blur_s2.0,0.784497,1,1
data\val\ai\ai_000443.png,1,ai,blur_s2.0,0.989882,1,1
data\val\ai\ai_000444.png,1,ai,blur_s2.0,0.909122,1,1
data\val\ai\ai_000445.png,1,ai,blur_s2.0,0.188122,0,0
data\val\ai\ai_000446.png,1,ai,blur_s2.0,0.983310,1,1
data\val\ai\ai_000447.png,1,ai,blur_s2.0,0.931573,1,1
data\val\ai\ai_000448.png,1,ai,blur_s2.0,0.154479,0,0
data\val\ai\ai_000449.png,1,ai,blur_s2.0,0.958499,1,1
data\val\ai\ai_000450.png,1,ai,blur_s2.0,0.958587,1,1
data\val\ai\ai_000451.png,1,ai,blur_s2.0,0.897680,1,1
data\val\ai\ai_000452.png,1,ai,blur_s2.0,0.257848,0,0
data\val\ai\ai_000453.png,1,ai,blur_s2.0,0.987665,1,1
data\val\ai\ai_000454.png,1,ai,blur_s2.0,0.710840,1,1
data\val\ai\ai_000455.png,1,ai,blur_s2.0,0.849758,1,1
data\val\ai\ai_000456.png,1,ai,blur_s2.0,0.702428,1,1
data\val\ai\ai_000457.png,1,ai,blur_s2.0,0.098032,0,0
data\val\ai\ai_000458.png,1,ai,blur_s2.0,0.822584,1,1
data\val\ai\ai_000459.png,1,ai,blur_s2.0,0.544454,1,1
data\val\ai\ai_000460.png,1,ai,blur_s2.0,0.880801,1,1
data\val\ai\ai_000461.png,1,ai,blur_s2.0,0.765056,1,1
data\val\ai\ai_000462.png,1,ai,blur_s2.0,0.797093,1,1
data\val\ai\ai_000463.png,1,ai,blur_s2.0,0.413307,0,0
data\val\ai\ai_000464.png,1,ai,blur_s2.0,0.933726,1,1
data\val\ai\ai_000465.png,1,ai,blur_s2.0,0.933432,1,1
data\val\ai\ai_000466.png,1,ai,blur_s2.0,0.590516,1,1
data\val\ai\ai_000467.png,1,ai,blur_s2.0,0.364871,0,0
data\val\ai\ai_000468.png,1,ai,blur_s2.0,0.295885,0,0
data\val\ai\ai_000469.png,1,ai,blur_s2.0,0.677035,1,1
data\val\ai\ai_000470.png,1,ai,blur_s2.0,0.798676,1,1
data\val\ai\ai_000471.png,1,ai,blur_s2.0,0.995635,1,1
data\val\ai\ai_000472.png,1,ai,blur_s2.0,0.573414,1,1
data\val\ai\ai_000473.png,1,ai,blur_s2.0,0.427068,0,0
data\val\ai\ai_000474.png,1,ai,blur_s2.0,0.950644,1,1
data\val\ai\ai_000475.png,1,ai,blur_s2.0,0.537628,1,1
data\val\ai\ai_000476.png,1,ai,blur_s2.0,0.917100,1,1
data\val\ai\ai_000477.png,1,ai,blur_s2.0,0.781259,1,1
data\val\ai\ai_000478.png,1,ai,blur_s2.0,0.577974,1,1
data\val\ai\ai_000479.png,1,ai,blur_s2.0,0.402385,0,0
data\val\ai\ai_000480.png,1,ai,blur_s2.0,0.699062,1,1
data\val\ai\ai_000481.png,1,ai,blur_s2.0,0.882680,1,1
data\val\ai\ai_000482.png,1,ai,blur_s2.0,0.239980,0,0
data\val\ai\ai_000483.png,1,ai,blur_s2.0,0.689644,1,1
data\val\ai\ai_000484.png,1,ai,blur_s2.0,0.692791,1,1
data\val\ai\ai_000485.png,1,ai,blur_s2.0,0.221560,0,0
data\val\ai\ai_000486.png,1,ai,blur_s2.0,0.676181,1,1
data\val\ai\ai_000487.png,1,ai,blur_s2.0,0.791527,1,1
data\val\ai\ai_000488.png,1,ai,blur_s2.0,0.243858,0,0
data\val\ai\ai_000489.png,1,ai,blur_s2.0,0.296005,0,0
data\val\ai\ai_000490.png,1,ai,blur_s2.0,0.937367,1,1
data\val\ai\ai_000491.png,1,ai,blur_s2.0,0.860286,1,1
data\val\ai\ai_000492.png,1,ai,blur_s2.0,0.834995,1,1
data\val\ai\ai_000493.png,1,ai,blur_s2.0,0.762411,1,1
data\val\ai\ai_000494.png,1,ai,blur_s2.0,0.409075,0,0
data\val\ai\ai_000495.png,1,ai,blur_s2.0,0.150033,0,0
data\val\ai\ai_000496.png,1,ai,blur_s2.0,0.619645,1,1
data\val\ai\ai_000497.png,1,ai,blur_s2.0,0.701540,1,1
data\val\ai\ai_000498.png,1,ai,blur_s2.0,0.188285,0,0
data\val\ai\ai_000499.png,1,ai,blur_s2.0,0.894623,1,1
data\val\ai\ai_000500.png,1,ai,blur_s2.0,0.893114,1,1
data\val\real\000000000139.jpg,0,real,resize_0.5x,0.314964,0,1
data\val\real\000000000285.jpg,0,real,resize_0.5x,0.042973,0,1
data\val\real\000000000632.jpg,0,real,resize_0.5x,0.086419,0,1
data\val\real\000000000724.jpg,0,real,resize_0.5x,0.070509,0,1
data\val\real\000000000776.jpg,0,real,resize_0.5x,0.043666,0,1
data\val\real\000000000785.jpg,0,real,resize_0.5x,0.290543,0,1
data\val\real\000000000802.jpg,0,real,resize_0.5x,0.003933,0,1
data\val\real\000000000872.jpg,0,real,resize_0.5x,0.004557,0,1
data\val\real\000000000885.jpg,0,real,resize_0.5x,0.179034,0,1
data\val\real\000000001000.jpg,0,real,resize_0.5x,0.021908,0,1
data\val\real\000000001268.jpg,0,real,resize_0.5x,0.012415,0,1
data\val\real\000000001296.jpg,0,real,resize_0.5x,0.095495,0,1
data\val\real\000000001353.jpg,0,real,resize_0.5x,0.003696,0,1
data\val\real\000000001425.jpg,0,real,resize_0.5x,0.445967,0,1
data\val\real\000000001490.jpg,0,real,resize_0.5x,0.006862,0,1
data\val\real\000000001503.jpg,0,real,resize_0.5x,0.004261,0,1
data\val\real\000000001532.jpg,0,real,resize_0.5x,0.109623,0,1
data\val\real\000000001584.jpg,0,real,resize_0.5x,0.274749,0,1
data\val\real\000000001675.jpg,0,real,resize_0.5x,0.003836,0,1
data\val\real\000000001761.jpg,0,real,resize_0.5x,0.015805,0,1
data\val\real\000000001818.jpg,0,real,resize_0.5x,0.202725,0,1
data\val\real\000000001993.jpg,0,real,resize_0.5x,0.022510,0,1
data\val\real\000000002006.jpg,0,real,resize_0.5x,0.161838,0,1
data\val\real\000000002149.jpg,0,real,resize_0.5x,0.210276,0,1
data\val\real\000000002153.jpg,0,real,resize_0.5x,0.004556,0,1
data\val\real\000000002157.jpg,0,real,resize_0.5x,0.198944,0,1
data\val\real\000000002261.jpg,0,real,resize_0.5x,0.016492,0,1
data\val\real\000000002299.jpg,0,real,resize_0.5x,0.068233,0,1
data\val\real\000000002431.jpg,0,real,resize_0.5x,0.014186,0,1
data\val\real\000000002473.jpg,0,real,resize_0.5x,0.041810,0,1
data\val\real\000000002532.jpg,0,real,resize_0.5x,0.035815,0,1
data\val\real\000000002587.jpg,0,real,resize_0.5x,0.002822,0,1
data\val\real\000000002592.jpg,0,real,resize_0.5x,0.006147,0,1
data\val\real\000000002685.jpg,0,real,resize_0.5x,0.002213,0,1
data\val\real\000000002923.jpg,0,real,resize_0.5x,0.001471,0,1
data\val\real\000000003156.jpg,0,real,resize_0.5x,0.202319,0,1
data\val\real\000000003255.jpg,0,real,resize_0.5x,0.616797,1,0
data\val\real\000000003501.jpg,0,real,resize_0.5x,0.066307,0,1
data\val\real\000000003553.jpg,0,real,resize_0.5x,0.020221,0,1
data\val\real\000000003661.jpg,0,real,resize_0.5x,0.001325,0,1
data\val\real\000000003845.jpg,0,real,resize_0.5x,0.029533,0,1
data\val\real\000000003934.jpg,0,real,resize_0.5x,0.000189,0,1
data\val\real\000000004134.jpg,0,real,resize_0.5x,0.011199,0,1
data\val\real\000000004395.jpg,0,real,resize_0.5x,0.020374,0,1
data\val\real\000000004495.jpg,0,real,resize_0.5x,0.000491,0,1
data\val\real\000000004765.jpg,0,real,resize_0.5x,0.016395,0,1
data\val\real\000000004795.jpg,0,real,resize_0.5x,0.000319,0,1
data\val\real\000000005001.jpg,0,real,resize_0.5x,0.045116,0,1
data\val\real\000000005037.jpg,0,real,resize_0.5x,0.105513,0,1
data\val\real\000000005060.jpg,0,real,resize_0.5x,0.004704,0,1
data\val\real\000000005193.jpg,0,real,resize_0.5x,0.000893,0,1
data\val\real\000000005477.jpg,0,real,resize_0.5x,0.686439,1,0
data\val\real\000000005503.jpg,0,real,resize_0.5x,0.005145,0,1
data\val\real\000000005529.jpg,0,real,resize_0.5x,0.005561,0,1
data\val\real\000000005586.jpg,0,real,resize_0.5x,0.001416,0,1
data\val\real\000000005600.jpg,0,real,resize_0.5x,0.005286,0,1
data\val\real\000000005992.jpg,0,real,resize_0.5x,0.020998,0,1
data\val\real\000000006012.jpg,0,real,resize_0.5x,0.220284,0,1
data\val\real\000000006040.jpg,0,real,resize_0.5x,0.273726,0,1
data\val\real\000000006213.jpg,0,real,resize_0.5x,0.035723,0,1
data\val\real\000000006460.jpg,0,real,resize_0.5x,0.008767,0,1
data\val\real\000000006471.jpg,0,real,resize_0.5x,0.013007,0,1
data\val\real\000000006614.jpg,0,real,resize_0.5x,0.027034,0,1
data\val\real\000000006723.jpg,0,real,resize_0.5x,0.009546,0,1
data\val\real\000000006763.jpg,0,real,resize_0.5x,0.000457,0,1
data\val\real\000000006771.jpg,0,real,resize_0.5x,0.019083,0,1
data\val\real\000000006818.jpg,0,real,resize_0.5x,0.004473,0,1
data\val\real\000000006894.jpg,0,real,resize_0.5x,0.005545,0,1
data\val\real\000000006954.jpg,0,real,resize_0.5x,0.041488,0,1
data\val\real\000000007088.jpg,0,real,resize_0.5x,0.001554,0,1
data\val\real\000000007108.jpg,0,real,resize_0.5x,0.143832,0,1
data\val\real\000000007278.jpg,0,real,resize_0.5x,0.054831,0,1
data\val\real\000000007281.jpg,0,real,resize_0.5x,0.004207,0,1
data\val\real\000000007386.jpg,0,real,resize_0.5x,0.002607,0,1
data\val\real\000000007511.jpg,0,real,resize_0.5x,0.001529,0,1
data\val\real\000000007574.jpg,0,real,resize_0.5x,0.003914,0,1
data\val\real\000000007784.jpg,0,real,resize_0.5x,0.491950,0,1
data\val\real\000000007795.jpg,0,real,resize_0.5x,0.848884,1,0
data\val\real\000000007816.jpg,0,real,resize_0.5x,0.004647,0,1
data\val\real\000000007818.jpg,0,real,resize_0.5x,0.359496,0,1
data\val\real\000000007888.jpg,0,real,resize_0.5x,0.530277,1,0
data\val\real\000000007977.jpg,0,real,resize_0.5x,0.058218,0,1
data\val\real\000000007991.jpg,0,real,resize_0.5x,0.003652,0,1
data\val\real\000000008021.jpg,0,real,resize_0.5x,0.009338,0,1
data\val\real\000000008211.jpg,0,real,resize_0.5x,0.037928,0,1
data\val\real\000000008277.jpg,0,real,resize_0.5x,0.003149,0,1
data\val\real\000000008532.jpg,0,real,resize_0.5x,0.033844,0,1
data\val\real\000000008629.jpg,0,real,resize_0.5x,0.098696,0,1
data\val\real\000000008690.jpg,0,real,resize_0.5x,0.000808,0,1
data\val\real\000000008762.jpg,0,real,resize_0.5x,0.204237,0,1
data\val\real\000000008844.jpg,0,real,resize_0.5x,0.090008,0,1
data\val\real\000000008899.jpg,0,real,resize_0.5x,0.071992,0,1
data\val\real\000000009378.jpg,0,real,resize_0.5x,0.010482,0,1
data\val\real\000000009400.jpg,0,real,resize_0.5x,0.000419,0,1
data\val\real\000000009448.jpg,0,real,resize_0.5x,0.000403,0,1
data\val\real\000000009483.jpg,0,real,resize_0.5x,0.008952,0,1
data\val\real\000000009590.jpg,0,real,resize_0.5x,0.042339,0,1
data\val\real\000000009769.jpg,0,real,resize_0.5x,0.002108,0,1
data\val\real\000000009772.jpg,0,real,resize_0.5x,0.008477,0,1
data\val\real\000000009891.jpg,0,real,resize_0.5x,0.000541,0,1
data\val\real\000000009914.jpg,0,real,resize_0.5x,0.010184,0,1
data\val\real\000000010092.jpg,0,real,resize_0.5x,0.003385,0,1
data\val\real\000000010363.jpg,0,real,resize_0.5x,0.000239,0,1
data\val\real\000000010583.jpg,0,real,resize_0.5x,0.011044,0,1
data\val\real\000000010707.jpg,0,real,resize_0.5x,0.000136,0,1
data\val\real\000000010764.jpg,0,real,resize_0.5x,0.068579,0,1
data\val\real\000000010977.jpg,0,real,resize_0.5x,0.013331,0,1
data\val\real\000000010995.jpg,0,real,resize_0.5x,0.043004,0,1
data\val\real\000000011051.jpg,0,real,resize_0.5x,0.006946,0,1
data\val\real\000000011122.jpg,0,real,resize_0.5x,0.001015,0,1
data\val\real\000000011149.jpg,0,real,resize_0.5x,0.000078,0,1
data\val\real\000000011197.jpg,0,real,resize_0.5x,0.014174,0,1
data\val\real\000000011511.jpg,0,real,resize_0.5x,0.065266,0,1
data\val\real\000000011615.jpg,0,real,resize_0.5x,0.212790,0,1
data\val\real\000000011699.jpg,0,real,resize_0.5x,0.016487,0,1
data\val\real\000000011760.jpg,0,real,resize_0.5x,0.217190,0,1
data\val\real\000000011813.jpg,0,real,resize_0.5x,0.037029,0,1
data\val\real\000000012062.jpg,0,real,resize_0.5x,0.016263,0,1
data\val\real\000000012120.jpg,0,real,resize_0.5x,0.009335,0,1
data\val\real\000000012280.jpg,0,real,resize_0.5x,0.127305,0,1
data\val\real\000000012576.jpg,0,real,resize_0.5x,0.007901,0,1
data\val\real\000000012639.jpg,0,real,resize_0.5x,0.038577,0,1
data\val\real\000000012667.jpg,0,real,resize_0.5x,0.024883,0,1
data\val\real\000000012670.jpg,0,real,resize_0.5x,0.052486,0,1
data\val\real\000000012748.jpg,0,real,resize_0.5x,0.027985,0,1
data\val\real\000000013004.jpg,0,real,resize_0.5x,0.015329,0,1
data\val\real\000000013177.jpg,0,real,resize_0.5x,0.007299,0,1
data\val\real\000000013201.jpg,0,real,resize_0.5x,0.055251,0,1
data\val\real\000000013291.jpg,0,real,resize_0.5x,0.063652,0,1
data\val\real\000000013348.jpg,0,real,resize_0.5x,0.057421,0,1
data\val\real\000000013546.jpg,0,real,resize_0.5x,0.001531,0,1
data\val\real\000000013597.jpg,0,real,resize_0.5x,0.779449,1,0
data\val\real\000000013659.jpg,0,real,resize_0.5x,0.000405,0,1
data\val\real\000000013729.jpg,0,real,resize_0.5x,0.000385,0,1
data\val\real\000000013774.jpg,0,real,resize_0.5x,0.851410,1,0
data\val\real\000000013923.jpg,0,real,resize_0.5x,0.026788,0,1
data\val\real\000000014007.jpg,0,real,resize_0.5x,0.047219,0,1
data\val\real\000000014038.jpg,0,real,resize_0.5x,0.622510,1,0
data\val\real\000000014226.jpg,0,real,resize_0.5x,0.017259,0,1
data\val\real\000000014380.jpg,0,real,resize_0.5x,0.262479,0,1
data\val\real\000000014439.jpg,0,real,resize_0.5x,0.010637,0,1
data\val\real\000000014473.jpg,0,real,resize_0.5x,0.033274,0,1
data\val\real\000000014831.jpg,0,real,resize_0.5x,0.006300,0,1
data\val\real\000000014888.jpg,0,real,resize_0.5x,0.003694,0,1
data\val\real\000000015079.jpg,0,real,resize_0.5x,0.080278,0,1
data\val\real\000000015254.jpg,0,real,resize_0.5x,0.020966,0,1
data\val\real\000000015272.jpg,0,real,resize_0.5x,0.082757,0,1
data\val\real\000000015278.jpg,0,real,resize_0.5x,0.039879,0,1
data\val\real\000000015335.jpg,0,real,resize_0.5x,0.000391,0,1
data\val\real\000000015338.jpg,0,real,resize_0.5x,0.099462,0,1
data\val\real\000000015440.jpg,0,real,resize_0.5x,0.747097,1,0
data\val\real\000000015497.jpg,0,real,resize_0.5x,0.000651,0,1
data\val\real\000000015517.jpg,0,real,resize_0.5x,0.017601,0,1
data\val\real\000000015597.jpg,0,real,resize_0.5x,0.001150,0,1
data\val\real\000000015660.jpg,0,real,resize_0.5x,0.017562,0,1
data\val\real\000000015746.jpg,0,real,resize_0.5x,0.017725,0,1
data\val\real\000000015751.jpg,0,real,resize_0.5x,0.032543,0,1
data\val\real\000000015956.jpg,0,real,resize_0.5x,0.001328,0,1
data\val\real\000000016010.jpg,0,real,resize_0.5x,0.003386,0,1
data\val\real\000000016228.jpg,0,real,resize_0.5x,0.223919,0,1
data\val\real\000000016249.jpg,0,real,resize_0.5x,0.011999,0,1
data\val\real\000000016439.jpg,0,real,resize_0.5x,0.019246,0,1
data\val\real\000000016451.jpg,0,real,resize_0.5x,0.064308,0,1
data\val\real\000000016502.jpg,0,real,resize_0.5x,0.058170,0,1
data\val\real\000000016598.jpg,0,real,resize_0.5x,0.001920,0,1
data\val\real\000000016958.jpg,0,real,resize_0.5x,0.013569,0,1
data\val\real\000000017029.jpg,0,real,resize_0.5x,0.010760,0,1
data\val\real\000000017031.jpg,0,real,resize_0.5x,0.515918,1,0
data\val\real\000000017115.jpg,0,real,resize_0.5x,0.125649,0,1
data\val\real\000000017178.jpg,0,real,resize_0.5x,0.140124,0,1
data\val\real\000000017182.jpg,0,real,resize_0.5x,0.016800,0,1
data\val\real\000000017207.jpg,0,real,resize_0.5x,0.001911,0,1
data\val\real\000000017379.jpg,0,real,resize_0.5x,0.034910,0,1
data\val\real\000000017436.jpg,0,real,resize_0.5x,0.007427,0,1
data\val\real\000000017627.jpg,0,real,resize_0.5x,0.003391,0,1
data\val\real\000000017714.jpg,0,real,resize_0.5x,0.011202,0,1
data\val\real\000000017899.jpg,0,real,resize_0.5x,0.000791,0,1
data\val\real\000000017905.jpg,0,real,resize_0.5x,0.000167,0,1
data\val\real\000000017959.jpg,0,real,resize_0.5x,0.090473,0,1
data\val\real\000000018150.jpg,0,real,resize_0.5x,0.002624,0,1
data\val\real\000000018193.jpg,0,real,resize_0.5x,0.000460,0,1
data\val\real\000000018380.jpg,0,real,resize_0.5x,0.066502,0,1
data\val\real\000000018491.jpg,0,real,resize_0.5x,0.006365,0,1
data\val\real\000000018519.jpg,0,real,resize_0.5x,0.063747,0,1
data\val\real\000000018575.jpg,0,real,resize_0.5x,0.003671,0,1
data\val\real\000000018737.jpg,0,real,resize_0.5x,0.003059,0,1
data\val\real\000000018770.jpg,0,real,resize_0.5x,0.019664,0,1
data\val\real\000000018833.jpg,0,real,resize_0.5x,0.105486,0,1
data\val\real\000000018837.jpg,0,real,resize_0.5x,0.085270,0,1
data\val\real\000000019042.jpg,0,real,resize_0.5x,0.001217,0,1
data\val\real\000000019109.jpg,0,real,resize_0.5x,0.033031,0,1
data\val\real\000000019221.jpg,0,real,resize_0.5x,0.001058,0,1
data\val\real\000000019402.jpg,0,real,resize_0.5x,0.000444,0,1
data\val\real\000000019432.jpg,0,real,resize_0.5x,0.003466,0,1
data\val\real\000000019742.jpg,0,real,resize_0.5x,0.064043,0,1
data\val\real\000000019786.jpg,0,real,resize_0.5x,0.000609,0,1
data\val\real\000000019924.jpg,0,real,resize_0.5x,0.480005,0,1
data\val\real\000000020059.jpg,0,real,resize_0.5x,0.003787,0,1
data\val\real\000000020107.jpg,0,real,resize_0.5x,0.010809,0,1
data\val\real\000000020247.jpg,0,real,resize_0.5x,0.033939,0,1
data\val\real\000000020333.jpg,0,real,resize_0.5x,0.036178,0,1
data\val\real\000000020553.jpg,0,real,resize_0.5x,0.001781,0,1
data\val\real\000000020571.jpg,0,real,resize_0.5x,0.111016,0,1
data\val\real\000000020992.jpg,0,real,resize_0.5x,0.003722,0,1
data\val\real\000000021167.jpg,0,real,resize_0.5x,0.002718,0,1
data\val\real\000000021465.jpg,0,real,resize_0.5x,0.000289,0,1
data\val\real\000000021503.jpg,0,real,resize_0.5x,0.001377,0,1
data\val\real\000000021604.jpg,0,real,resize_0.5x,0.943751,1,0
data\val\real\000000021839.jpg,0,real,resize_0.5x,0.000229,0,1
data\val\real\000000021879.jpg,0,real,resize_0.5x,0.012873,0,1
data\val\real\000000021903.jpg,0,real,resize_0.5x,0.024488,0,1
data\val\real\000000022192.jpg,0,real,resize_0.5x,0.000551,0,1
data\val\real\000000022371.jpg,0,real,resize_0.5x,0.767977,1,0
data\val\real\000000022396.jpg,0,real,resize_0.5x,0.009789,0,1
data\val\real\000000022479.jpg,0,real,resize_0.5x,0.013052,0,1
data\val\real\000000022589.jpg,0,real,resize_0.5x,0.001526,0,1
data\val\real\000000022623.jpg,0,real,resize_0.5x,0.367835,0,1
data\val\real\000000022705.jpg,0,real,resize_0.5x,0.000238,0,1
data\val\real\000000022755.jpg,0,real,resize_0.5x,0.143789,0,1
data\val\real\000000022892.jpg,0,real,resize_0.5x,0.040479,0,1
data\val\real\000000022935.jpg,0,real,resize_0.5x,0.089909,0,1
data\val\real\000000022969.jpg,0,real,resize_0.5x,0.005145,0,1
data\val\real\000000023023.jpg,0,real,resize_0.5x,0.011593,0,1
data\val\real\000000023034.jpg,0,real,resize_0.5x,0.001956,0,1
data\val\real\000000023126.jpg,0,real,resize_0.5x,0.119033,0,1
data\val\real\000000023230.jpg,0,real,resize_0.5x,0.001078,0,1
data\val\real\000000023272.jpg,0,real,resize_0.5x,0.004313,0,1
data\val\real\000000023359.jpg,0,real,resize_0.5x,0.078429,0,1
data\val\real\000000023666.jpg,0,real,resize_0.5x,0.007947,0,1
data\val\real\000000023751.jpg,0,real,resize_0.5x,0.000703,0,1
data\val\real\000000023781.jpg,0,real,resize_0.5x,0.042712,0,1
data\val\real\000000023899.jpg,0,real,resize_0.5x,0.004297,0,1
data\val\real\000000023937.jpg,0,real,resize_0.5x,0.089502,0,1
data\val\real\000000024021.jpg,0,real,resize_0.5x,0.051808,0,1
data\val\real\000000024027.jpg,0,real,resize_0.5x,0.006316,0,1
data\val\real\000000024144.jpg,0,real,resize_0.5x,0.045628,0,1
data\val\real\000000024243.jpg,0,real,resize_0.5x,0.020226,0,1
data\val\real\000000024567.jpg,0,real,resize_0.5x,0.003146,0,1
data\val\real\000000024610.jpg,0,real,resize_0.5x,0.000947,0,1
data\val\real\000000024919.jpg,0,real,resize_0.5x,0.190564,0,1
data\val\real\000000025057.jpg,0,real,resize_0.5x,0.004475,0,1
data\val\real\000000025096.jpg,0,real,resize_0.5x,0.002565,0,1
data\val\real\000000025139.jpg,0,real,resize_0.5x,0.011155,0,1
data\val\real\000000025181.jpg,0,real,resize_0.5x,0.245426,0,1
data\val\real\000000025228.jpg,0,real,resize_0.5x,0.009505,0,1
data\val\real\000000025386.jpg,0,real,resize_0.5x,0.000871,0,1
data\val\real\000000025393.jpg,0,real,resize_0.5x,0.000296,0,1
data\val\real\000000025394.jpg,0,real,resize_0.5x,0.005313,0,1
data\val\real\000000025424.jpg,0,real,resize_0.5x,0.067136,0,1
data\val\real\000000025560.jpg,0,real,resize_0.5x,0.001187,0,1
data\val\real\000000025593.jpg,0,real,resize_0.5x,0.028612,0,1
data\val\real\000000025603.jpg,0,real,resize_0.5x,0.000678,0,1
data\val\real\000000025986.jpg,0,real,resize_0.5x,0.001127,0,1
data\val\real\000000026204.jpg,0,real,resize_0.5x,0.013168,0,1
data\val\real\000000026465.jpg,0,real,resize_0.5x,0.000944,0,1
data\val\real\000000026564.jpg,0,real,resize_0.5x,0.008599,0,1
data\val\real\000000026690.jpg,0,real,resize_0.5x,0.021921,0,1
data\val\real\000000026926.jpg,0,real,resize_0.5x,0.597546,1,0
data\val\real\000000026941.jpg,0,real,resize_0.5x,0.407964,0,1
data\val\real\000000027186.jpg,0,real,resize_0.5x,0.003060,0,1
data\val\real\000000027620.jpg,0,real,resize_0.5x,0.001464,0,1
data\val\real\000000027696.jpg,0,real,resize_0.5x,0.000459,0,1
data\val\real\000000027768.jpg,0,real,resize_0.5x,0.012540,0,1
data\val\real\000000027932.jpg,0,real,resize_0.5x,0.025418,0,1
data\val\real\000000027972.jpg,0,real,resize_0.5x,0.052059,0,1
data\val\real\000000027982.jpg,0,real,resize_0.5x,0.018658,0,1
data\val\real\000000028285.jpg,0,real,resize_0.5x,0.019325,0,1
data\val\real\000000028449.jpg,0,real,resize_0.5x,0.508056,1,0
data\val\real\000000028452.jpg,0,real,resize_0.5x,0.096904,0,1
data\val\real\000000028809.jpg,0,real,resize_0.5x,0.057036,0,1
data\val\real\000000028993.jpg,0,real,resize_0.5x,0.182116,0,1
data\val\real\000000029187.jpg,0,real,resize_0.5x,0.002577,0,1
data\val\real\000000029393.jpg,0,real,resize_0.5x,0.000827,0,1
data\val\real\000000029397.jpg,0,real,resize_0.5x,0.002465,0,1
data\val\real\000000029596.jpg,0,real,resize_0.5x,0.449790,0,1
data\val\real\000000029640.jpg,0,real,resize_0.5x,0.110667,0,1
data\val\real\000000029675.jpg,0,real,resize_0.5x,0.048892,0,1
data\val\real\000000029984.jpg,0,real,resize_0.5x,0.000938,0,1
data\val\real\000000030213.jpg,0,real,resize_0.5x,0.056365,0,1
data\val\real\000000030494.jpg,0,real,resize_0.5x,0.000485,0,1
data\val\real\000000030504.jpg,0,real,resize_0.5x,0.040265,0,1
data\val\real\000000030675.jpg,0,real,resize_0.5x,0.363104,0,1
data\val\real\000000030785.jpg,0,real,resize_0.5x,0.034079,0,1
data\val\real\000000030828.jpg,0,real,resize_0.5x,0.115469,0,1
data\val\real\000000031050.jpg,0,real,resize_0.5x,0.013004,0,1
data\val\real\000000031093.jpg,0,real,resize_0.5x,0.026467,0,1
data\val\real\000000031118.jpg,0,real,resize_0.5x,0.200610,0,1
data\val\real\000000031217.jpg,0,real,resize_0.5x,0.015566,0,1
data\val\real\000000031248.jpg,0,real,resize_0.5x,0.028366,0,1
data\val\real\000000031269.jpg,0,real,resize_0.5x,0.007511,0,1
data\val\real\000000031296.jpg,0,real,resize_0.5x,0.000781,0,1
data\val\real\000000031322.jpg,0,real,resize_0.5x,0.129656,0,1
data\val\real\000000031620.jpg,0,real,resize_0.5x,0.000421,0,1
data\val\real\000000031735.jpg,0,real,resize_0.5x,0.000133,0,1
data\val\real\000000031749.jpg,0,real,resize_0.5x,0.243590,0,1
data\val\real\000000031817.jpg,0,real,resize_0.5x,0.000283,0,1
data\val\real\000000032038.jpg,0,real,resize_0.5x,0.008349,0,1
data\val\real\000000032081.jpg,0,real,resize_0.5x,0.041491,0,1
data\val\real\000000032285.jpg,0,real,resize_0.5x,0.089260,0,1
data\val\real\000000032334.jpg,0,real,resize_0.5x,0.000628,0,1
data\val\real\000000032570.jpg,0,real,resize_0.5x,0.558596,1,0
data\val\real\000000032610.jpg,0,real,resize_0.5x,0.002484,0,1
data\val\real\000000032735.jpg,0,real,resize_0.5x,0.068504,0,1
data\val\real\000000032811.jpg,0,real,resize_0.5x,0.008653,0,1
data\val\real\000000032817.jpg,0,real,resize_0.5x,0.003180,0,1
data\val\real\000000032861.jpg,0,real,resize_0.5x,0.241677,0,1
data\val\real\000000032887.jpg,0,real,resize_0.5x,0.001269,0,1
data\val\real\000000032901.jpg,0,real,resize_0.5x,0.000941,0,1
data\val\real\000000032941.jpg,0,real,resize_0.5x,0.004132,0,1
data\val\real\000000033005.jpg,0,real,resize_0.5x,0.042813,0,1
data\val\real\000000033104.jpg,0,real,resize_0.5x,0.010804,0,1
data\val\real\000000033109.jpg,0,real,resize_0.5x,0.009347,0,1
data\val\real\000000033114.jpg,0,real,resize_0.5x,0.137418,0,1
data\val\real\000000033221.jpg,0,real,resize_0.5x,0.000251,0,1
data\val\real\000000033368.jpg,0,real,resize_0.5x,0.087484,0,1
data\val\real\000000033638.jpg,0,real,resize_0.5x,0.002094,0,1
data\val\real\000000033707.jpg,0,real,resize_0.5x,0.062263,0,1
data\val\real\000000033759.jpg,0,real,resize_0.5x,0.043315,0,1
data\val\real\000000033854.jpg,0,real,resize_0.5x,0.065397,0,1
data\val\real\000000034071.jpg,0,real,resize_0.5x,0.641193,1,0
data\val\real\000000034139.jpg,0,real,resize_0.5x,0.015647,0,1
data\val\real\000000034205.jpg,0,real,resize_0.5x,0.235390,0,1
data\val\real\000000034257.jpg,0,real,resize_0.5x,0.323061,0,1
data\val\real\000000034417.jpg,0,real,resize_0.5x,0.023084,0,1
data\val\real\000000034452.jpg,0,real,resize_0.5x,0.000515,0,1
data\val\real\000000034760.jpg,0,real,resize_0.5x,0.005767,0,1
data\val\real\000000034873.jpg,0,real,resize_0.5x,0.005528,0,1
data\val\real\000000035062.jpg,0,real,resize_0.5x,0.012642,0,1
data\val\real\000000035197.jpg,0,real,resize_0.5x,0.101723,0,1
data\val\real\000000035279.jpg,0,real,resize_0.5x,0.011389,0,1
data\val\real\000000035326.jpg,0,real,resize_0.5x,0.004268,0,1
data\val\real\000000035682.jpg,0,real,resize_0.5x,0.003302,0,1
data\val\real\000000035770.jpg,0,real,resize_0.5x,0.007216,0,1
data\val\real\000000035963.jpg,0,real,resize_0.5x,0.000717,0,1
data\val\real\000000036494.jpg,0,real,resize_0.5x,0.119967,0,1
data\val\real\000000036539.jpg,0,real,resize_0.5x,0.000582,0,1
data\val\real\000000036660.jpg,0,real,resize_0.5x,0.042837,0,1
data\val\real\000000036678.jpg,0,real,resize_0.5x,0.050508,0,1
data\val\real\000000036844.jpg,0,real,resize_0.5x,0.003283,0,1
data\val\real\000000036861.jpg,0,real,resize_0.5x,0.016434,0,1
data\val\real\000000036936.jpg,0,real,resize_0.5x,0.000274,0,1
data\val\real\000000037670.jpg,0,real,resize_0.5x,0.020715,0,1
data\val\real\000000037689.jpg,0,real,resize_0.5x,0.035563,0,1
data\val\real\000000037740.jpg,0,real,resize_0.5x,0.018583,0,1
data\val\real\000000037751.jpg,0,real,resize_0.5x,0.013453,0,1
data\val\real\000000037777.jpg,0,real,resize_0.5x,0.027702,0,1
data\val\real\000000037988.jpg,0,real,resize_0.5x,0.006433,0,1
data\val\real\000000038048.jpg,0,real,resize_0.5x,0.002344,0,1
data\val\real\000000038070.jpg,0,real,resize_0.5x,0.052066,0,1
data\val\real\000000038118.jpg,0,real,resize_0.5x,0.381494,0,1
data\val\real\000000038210.jpg,0,real,resize_0.5x,0.025180,0,1
data\val\real\000000038576.jpg,0,real,resize_0.5x,0.048178,0,1
data\val\real\000000038678.jpg,0,real,resize_0.5x,0.000394,0,1
data\val\real\000000038825.jpg,0,real,resize_0.5x,0.040467,0,1
data\val\real\000000038829.jpg,0,real,resize_0.5x,0.004944,0,1
data\val\real\000000039405.jpg,0,real,resize_0.5x,0.009486,0,1
data\val\real\000000039477.jpg,0,real,resize_0.5x,0.057785,0,1
data\val\real\000000039480.jpg,0,real,resize_0.5x,0.068984,0,1
data\val\real\000000039484.jpg,0,real,resize_0.5x,0.169425,0,1
data\val\real\000000039551.jpg,0,real,resize_0.5x,0.501800,1,0
data\val\real\000000039670.jpg,0,real,resize_0.5x,0.087310,0,1
data\val\real\000000039769.jpg,0,real,resize_0.5x,0.003007,0,1
data\val\real\000000039785.jpg,0,real,resize_0.5x,0.009297,0,1
data\val\real\000000039914.jpg,0,real,resize_0.5x,0.002115,0,1
data\val\real\000000039951.jpg,0,real,resize_0.5x,0.021093,0,1
data\val\real\000000039956.jpg,0,real,resize_0.5x,0.546888,1,0
data\val\real\000000040036.jpg,0,real,resize_0.5x,0.165199,0,1
data\val\real\000000040083.jpg,0,real,resize_0.5x,0.004613,0,1
data\val\real\000000040471.jpg,0,real,resize_0.5x,0.003117,0,1
data\val\real\000000040757.jpg,0,real,resize_0.5x,0.005646,0,1
data\val\real\000000041488.jpg,0,real,resize_0.5x,0.383556,0,1
data\val\real\000000041633.jpg,0,real,resize_0.5x,0.401575,0,1
data\val\real\000000041635.jpg,0,real,resize_0.5x,0.013956,0,1
data\val\real\000000041872.jpg,0,real,resize_0.5x,0.054859,0,1
data\val\real\000000041888.jpg,0,real,resize_0.5x,0.003749,0,1
data\val\real\000000041990.jpg,0,real,resize_0.5x,0.001167,0,1
data\val\real\000000042070.jpg,0,real,resize_0.5x,0.033804,0,1
data\val\real\000000042102.jpg,0,real,resize_0.5x,0.006783,0,1
data\val\real\000000042178.jpg,0,real,resize_0.5x,0.434548,0,1
data\val\real\000000042276.jpg,0,real,resize_0.5x,0.001919,0,1
data\val\real\000000042296.jpg,0,real,resize_0.5x,0.020082,0,1
data\val\real\000000042528.jpg,0,real,resize_0.5x,0.000099,0,1
data\val\real\000000042563.jpg,0,real,resize_0.5x,0.058647,0,1
data\val\real\000000042628.jpg,0,real,resize_0.5x,0.051630,0,1
data\val\real\000000042888.jpg,0,real,resize_0.5x,0.003009,0,1
data\val\real\000000042889.jpg,0,real,resize_0.5x,0.002015,0,1
data\val\real\000000043314.jpg,0,real,resize_0.5x,0.113568,0,1
data\val\real\000000043435.jpg,0,real,resize_0.5x,0.085388,0,1
data\val\real\000000043581.jpg,0,real,resize_0.5x,0.035957,0,1
data\val\real\000000043737.jpg,0,real,resize_0.5x,0.024020,0,1
data\val\real\000000043816.jpg,0,real,resize_0.5x,0.027747,0,1
data\val\real\000000044068.jpg,0,real,resize_0.5x,0.000796,0,1
data\val\real\000000044195.jpg,0,real,resize_0.5x,0.040575,0,1
data\val\real\000000044260.jpg,0,real,resize_0.5x,0.918549,1,0
data\val\real\000000044279.jpg,0,real,resize_0.5x,0.065406,0,1
data\val\real\000000044590.jpg,0,real,resize_0.5x,0.019927,0,1
data\val\real\000000044652.jpg,0,real,resize_0.5x,0.056559,0,1
data\val\real\000000044699.jpg,0,real,resize_0.5x,0.525992,1,0
data\val\real\000000044877.jpg,0,real,resize_0.5x,0.110996,0,1
data\val\real\000000045070.jpg,0,real,resize_0.5x,0.013037,0,1
data\val\real\000000045090.jpg,0,real,resize_0.5x,0.014971,0,1
data\val\real\000000045229.jpg,0,real,resize_0.5x,0.433884,0,1
data\val\real\000000045472.jpg,0,real,resize_0.5x,0.022859,0,1
data\val\real\000000045550.jpg,0,real,resize_0.5x,0.001997,0,1
data\val\real\000000045596.jpg,0,real,resize_0.5x,0.011553,0,1
data\val\real\000000045728.jpg,0,real,resize_0.5x,0.014479,0,1
data\val\real\000000046031.jpg,0,real,resize_0.5x,0.002357,0,1
data\val\real\000000046048.jpg,0,real,resize_0.5x,0.001677,0,1
data\val\real\000000046252.jpg,0,real,resize_0.5x,0.297045,0,1
data\val\real\000000046378.jpg,0,real,resize_0.5x,0.008562,0,1
data\val\real\000000046463.jpg,0,real,resize_0.5x,0.001866,0,1
data\val\real\000000046497.jpg,0,real,resize_0.5x,0.004087,0,1
data\val\real\000000046804.jpg,0,real,resize_0.5x,0.028371,0,1
data\val\real\000000046872.jpg,0,real,resize_0.5x,0.417206,0,1
data\val\real\000000047010.jpg,0,real,resize_0.5x,0.022298,0,1
data\val\real\000000047112.jpg,0,real,resize_0.5x,0.040576,0,1
data\val\real\000000047121.jpg,0,real,resize_0.5x,0.003066,0,1
data\val\real\000000047571.jpg,0,real,resize_0.5x,0.035455,0,1
data\val\real\000000047585.jpg,0,real,resize_0.5x,0.001582,0,1
data\val\real\000000047740.jpg,0,real,resize_0.5x,0.000749,0,1
data\val\real\000000047769.jpg,0,real,resize_0.5x,0.002760,0,1
data\val\real\000000047801.jpg,0,real,resize_0.5x,0.011969,0,1
data\val\real\000000047819.jpg,0,real,resize_0.5x,0.002502,0,1
data\val\real\000000047828.jpg,0,real,resize_0.5x,0.621784,1,0
data\val\real\000000048153.jpg,0,real,resize_0.5x,0.006841,0,1
data\val\real\000000048396.jpg,0,real,resize_0.5x,0.000350,0,1
data\val\real\000000048504.jpg,0,real,resize_0.5x,0.155125,0,1
data\val\real\000000048555.jpg,0,real,resize_0.5x,0.166060,0,1
data\val\real\000000048564.jpg,0,real,resize_0.5x,0.003008,0,1
data\val\real\000000048924.jpg,0,real,resize_0.5x,0.877420,1,0
data\val\real\000000049060.jpg,0,real,resize_0.5x,0.001711,0,1
data\val\real\000000049091.jpg,0,real,resize_0.5x,0.163550,0,1
data\val\real\000000049259.jpg,0,real,resize_0.5x,0.000604,0,1
data\val\real\000000049269.jpg,0,real,resize_0.5x,0.159818,0,1
data\val\real\000000049759.jpg,0,real,resize_0.5x,0.264713,0,1
data\val\real\000000049761.jpg,0,real,resize_0.5x,0.008996,0,1
data\val\real\000000049810.jpg,0,real,resize_0.5x,0.139251,0,1
data\val\real\000000050006.jpg,0,real,resize_0.5x,0.058897,0,1
data\val\real\000000050145.jpg,0,real,resize_0.5x,0.001968,0,1
data\val\real\000000050149.jpg,0,real,resize_0.5x,0.021199,0,1
data\val\real\000000050165.jpg,0,real,resize_0.5x,0.262659,0,1
data\val\real\000000050326.jpg,0,real,resize_0.5x,0.000557,0,1
data\val\real\000000050331.jpg,0,real,resize_0.5x,0.004003,0,1
data\val\real\000000050380.jpg,0,real,resize_0.5x,0.067622,0,1
data\val\real\000000050638.jpg,0,real,resize_0.5x,0.625885,1,0
data\val\real\000000050679.jpg,0,real,resize_0.5x,0.303577,0,1
data\val\real\000000050811.jpg,0,real,resize_0.5x,0.006301,0,1
data\val\real\000000050828.jpg,0,real,resize_0.5x,0.029674,0,1
data\val\real\000000050844.jpg,0,real,resize_0.5x,0.065866,0,1
data\val\real\000000050896.jpg,0,real,resize_0.5x,0.093230,0,1
data\val\real\000000050943.jpg,0,real,resize_0.5x,0.046641,0,1
data\val\real\000000051008.jpg,0,real,resize_0.5x,0.002833,0,1
data\val\real\000000051309.jpg,0,real,resize_0.5x,0.013008,0,1
data\val\real\000000051314.jpg,0,real,resize_0.5x,0.008339,0,1
data\val\real\000000051326.jpg,0,real,resize_0.5x,0.011870,0,1
data\val\real\000000051598.jpg,0,real,resize_0.5x,0.000965,0,1
data\val\real\000000051610.jpg,0,real,resize_0.5x,0.239215,0,1
data\val\real\000000051712.jpg,0,real,resize_0.5x,0.057104,0,1
data\val\real\000000051738.jpg,0,real,resize_0.5x,0.015995,0,1
data\val\real\000000051938.jpg,0,real,resize_0.5x,0.011277,0,1
data\val\real\000000051961.jpg,0,real,resize_0.5x,0.020714,0,1
data\val\real\000000051976.jpg,0,real,resize_0.5x,0.237477,0,1
data\val\real\000000052007.jpg,0,real,resize_0.5x,0.035414,0,1
data\val\real\000000052017.jpg,0,real,resize_0.5x,0.463426,0,1
data\val\real\000000052412.jpg,0,real,resize_0.5x,0.394441,0,1
data\val\real\000000052413.jpg,0,real,resize_0.5x,0.002042,0,1
data\val\real\000000052462.jpg,0,real,resize_0.5x,0.076019,0,1
data\val\real\000000052507.jpg,0,real,resize_0.5x,0.014569,0,1
data\val\real\000000052565.jpg,0,real,resize_0.5x,0.089515,0,1
data\val\real\000000052591.jpg,0,real,resize_0.5x,0.269255,0,1
data\val\real\000000052891.jpg,0,real,resize_0.5x,0.065436,0,1
data\val\real\000000052996.jpg,0,real,resize_0.5x,0.001055,0,1
data\val\real\000000053505.jpg,0,real,resize_0.5x,0.028320,0,1
data\val\real\000000053529.jpg,0,real,resize_0.5x,0.056786,0,1
data\val\real\000000053624.jpg,0,real,resize_0.5x,0.004221,0,1
data\val\real\000000053626.jpg,0,real,resize_0.5x,0.003008,0,1
data\val\real\000000053909.jpg,0,real,resize_0.5x,0.004477,0,1
data\val\real\000000053994.jpg,0,real,resize_0.5x,0.137845,0,1
data\val\real\000000054123.jpg,0,real,resize_0.5x,0.177218,0,1
data\val\real\000000054164.jpg,0,real,resize_0.5x,0.108942,0,1
data\val\real\000000054592.jpg,0,real,resize_0.5x,0.165918,0,1
data\val\real\000000054593.jpg,0,real,resize_0.5x,0.024153,0,1
data\val\real\000000054605.jpg,0,real,resize_0.5x,0.016673,0,1
data\val\real\000000054628.jpg,0,real,resize_0.5x,0.013000,0,1
data\val\real\000000054654.jpg,0,real,resize_0.5x,0.000984,0,1
data\val\real\000000054931.jpg,0,real,resize_0.5x,0.311004,0,1
data\val\real\000000054967.jpg,0,real,resize_0.5x,0.211558,0,1
data\val\real\000000055002.jpg,0,real,resize_0.5x,0.006995,0,1
data\val\real\000000055022.jpg,0,real,resize_0.5x,0.003846,0,1
data\val\real\000000055072.jpg,0,real,resize_0.5x,0.169513,0,1
data\val\real\000000055150.jpg,0,real,resize_0.5x,0.007273,0,1
data\val\real\000000055167.jpg,0,real,resize_0.5x,0.002379,0,1
data\val\real\000000055299.jpg,0,real,resize_0.5x,0.150896,0,1
data\val\real\000000055528.jpg,0,real,resize_0.5x,0.000808,0,1
data\val\real\000000055950.jpg,0,real,resize_0.5x,0.087327,0,1
data\val\real\000000056127.jpg,0,real,resize_0.5x,0.010091,0,1
data\val\real\000000056288.jpg,0,real,resize_0.5x,0.008136,0,1
data\val\real\000000056344.jpg,0,real,resize_0.5x,0.016935,0,1
data\val\real\000000056350.jpg,0,real,resize_0.5x,0.013132,0,1
data\val\real\000000056545.jpg,0,real,resize_0.5x,0.007058,0,1
data\val\ai\ai_000001.png,1,ai,resize_0.5x,0.850320,1,1
data\val\ai\ai_000002.png,1,ai,resize_0.5x,0.833098,1,1
data\val\ai\ai_000003.png,1,ai,resize_0.5x,0.972533,1,1
data\val\ai\ai_000004.png,1,ai,resize_0.5x,0.548316,1,1
data\val\ai\ai_000005.png,1,ai,resize_0.5x,0.754673,1,1
data\val\ai\ai_000006.png,1,ai,resize_0.5x,0.938079,1,1
data\val\ai\ai_000007.png,1,ai,resize_0.5x,0.346106,0,0
data\val\ai\ai_000008.png,1,ai,resize_0.5x,0.960337,1,1
data\val\ai\ai_000009.png,1,ai,resize_0.5x,0.429440,0,0
data\val\ai\ai_000010.png,1,ai,resize_0.5x,0.959391,1,1
data\val\ai\ai_000011.png,1,ai,resize_0.5x,0.985313,1,1
data\val\ai\ai_000012.png,1,ai,resize_0.5x,0.541354,1,1
data\val\ai\ai_000013.png,1,ai,resize_0.5x,0.994300,1,1
data\val\ai\ai_000014.png,1,ai,resize_0.5x,0.997292,1,1
data\val\ai\ai_000015.png,1,ai,resize_0.5x,0.977185,1,1
data\val\ai\ai_000016.png,1,ai,resize_0.5x,0.976360,1,1
data\val\ai\ai_000017.png,1,ai,resize_0.5x,0.582712,1,1
data\val\ai\ai_000018.png,1,ai,resize_0.5x,0.879246,1,1
data\val\ai\ai_000019.png,1,ai,resize_0.5x,0.621628,1,1
data\val\ai\ai_000020.png,1,ai,resize_0.5x,0.394242,0,0
data\val\ai\ai_000021.png,1,ai,resize_0.5x,0.989841,1,1
data\val\ai\ai_000022.png,1,ai,resize_0.5x,0.192275,0,0
data\val\ai\ai_000023.png,1,ai,resize_0.5x,0.976513,1,1
data\val\ai\ai_000024.png,1,ai,resize_0.5x,0.931176,1,1
data\val\ai\ai_000025.png,1,ai,resize_0.5x,0.952498,1,1
data\val\ai\ai_000026.png,1,ai,resize_0.5x,0.862040,1,1
data\val\ai\ai_000027.png,1,ai,resize_0.5x,0.382607,0,0
data\val\ai\ai_000028.png,1,ai,resize_0.5x,0.722271,1,1
data\val\ai\ai_000029.png,1,ai,resize_0.5x,0.993711,1,1
data\val\ai\ai_000030.png,1,ai,resize_0.5x,0.434795,0,0
data\val\ai\ai_000031.png,1,ai,resize_0.5x,0.857430,1,1
data\val\ai\ai_000032.png,1,ai,resize_0.5x,0.929458,1,1
data\val\ai\ai_000033.png,1,ai,resize_0.5x,0.974620,1,1
data\val\ai\ai_000034.png,1,ai,resize_0.5x,0.984077,1,1
data\val\ai\ai_000035.png,1,ai,resize_0.5x,0.489968,0,0
data\val\ai\ai_000036.png,1,ai,resize_0.5x,0.978112,1,1
data\val\ai\ai_000037.png,1,ai,resize_0.5x,0.515205,1,1
data\val\ai\ai_000038.png,1,ai,resize_0.5x,0.551589,1,1
data\val\ai\ai_000039.png,1,ai,resize_0.5x,0.427538,0,0
data\val\ai\ai_000040.png,1,ai,resize_0.5x,0.125718,0,0
data\val\ai\ai_000041.png,1,ai,resize_0.5x,0.998333,1,1
data\val\ai\ai_000042.png,1,ai,resize_0.5x,0.999294,1,1
data\val\ai\ai_000043.png,1,ai,resize_0.5x,0.999291,1,1
data\val\ai\ai_000044.png,1,ai,resize_0.5x,0.740399,1,1
data\val\ai\ai_000045.png,1,ai,resize_0.5x,0.936344,1,1
data\val\ai\ai_000046.png,1,ai,resize_0.5x,0.941531,1,1
data\val\ai\ai_000047.png,1,ai,resize_0.5x,0.370109,0,0
data\val\ai\ai_000048.png,1,ai,resize_0.5x,0.860066,1,1
data\val\ai\ai_000049.png,1,ai,resize_0.5x,0.570369,1,1
data\val\ai\ai_000050.png,1,ai,resize_0.5x,0.865401,1,1
data\val\ai\ai_000051.png,1,ai,resize_0.5x,0.985284,1,1
data\val\ai\ai_000052.png,1,ai,resize_0.5x,0.983088,1,1
data\val\ai\ai_000053.png,1,ai,resize_0.5x,0.842793,1,1
data\val\ai\ai_000054.png,1,ai,resize_0.5x,0.793036,1,1
data\val\ai\ai_000055.png,1,ai,resize_0.5x,0.517937,1,1
data\val\ai\ai_000056.png,1,ai,resize_0.5x,0.935792,1,1
data\val\ai\ai_000057.png,1,ai,resize_0.5x,0.496015,0,0
data\val\ai\ai_000058.png,1,ai,resize_0.5x,0.070690,0,0
data\val\ai\ai_000059.png,1,ai,resize_0.5x,0.229846,0,0
data\val\ai\ai_000060.png,1,ai,resize_0.5x,0.946792,1,1
data\val\ai\ai_000061.png,1,ai,resize_0.5x,0.994109,1,1
data\val\ai\ai_000062.png,1,ai,resize_0.5x,0.930858,1,1
data\val\ai\ai_000063.png,1,ai,resize_0.5x,0.293640,0,0
data\val\ai\ai_000064.png,1,ai,resize_0.5x,0.020685,0,0
data\val\ai\ai_000065.png,1,ai,resize_0.5x,0.601759,1,1
data\val\ai\ai_000066.png,1,ai,resize_0.5x,0.818355,1,1
data\val\ai\ai_000067.png,1,ai,resize_0.5x,0.906949,1,1
data\val\ai\ai_000068.png,1,ai,resize_0.5x,0.432875,0,0
data\val\ai\ai_000069.png,1,ai,resize_0.5x,0.931639,1,1
data\val\ai\ai_000070.png,1,ai,resize_0.5x,0.662123,1,1
data\val\ai\ai_000071.png,1,ai,resize_0.5x,0.998902,1,1
data\val\ai\ai_000072.png,1,ai,resize_0.5x,0.675269,1,1
data\val\ai\ai_000073.png,1,ai,resize_0.5x,0.995831,1,1
data\val\ai\ai_000074.png,1,ai,resize_0.5x,0.997397,1,1
data\val\ai\ai_000075.png,1,ai,resize_0.5x,0.995876,1,1
data\val\ai\ai_000076.png,1,ai,resize_0.5x,0.938120,1,1
data\val\ai\ai_000077.png,1,ai,resize_0.5x,0.524699,1,1
data\val\ai\ai_000078.png,1,ai,resize_0.5x,0.485437,0,0
data\val\ai\ai_000079.png,1,ai,resize_0.5x,0.879221,1,1
data\val\ai\ai_000080.png,1,ai,resize_0.5x,0.279392,0,0
data\val\ai\ai_000081.png,1,ai,resize_0.5x,0.873936,1,1
data\val\ai\ai_000082.png,1,ai,resize_0.5x,0.998151,1,1
data\val\ai\ai_000083.png,1,ai,resize_0.5x,0.895760,1,1
data\val\ai\ai_000084.png,1,ai,resize_0.5x,0.976891,1,1
data\val\ai\ai_000085.png,1,ai,resize_0.5x,0.957804,1,1
data\val\ai\ai_000086.png,1,ai,resize_0.5x,0.845501,1,1
data\val\ai\ai_000087.png,1,ai,resize_0.5x,0.835310,1,1
data\val\ai\ai_000088.png,1,ai,resize_0.5x,0.415208,0,0
data\val\ai\ai_000089.png,1,ai,resize_0.5x,0.709867,1,1
data\val\ai\ai_000090.png,1,ai,resize_0.5x,0.738420,1,1
data\val\ai\ai_000091.png,1,ai,resize_0.5x,0.993265,1,1
data\val\ai\ai_000092.png,1,ai,resize_0.5x,0.957677,1,1
data\val\ai\ai_000093.png,1,ai,resize_0.5x,0.971587,1,1
data\val\ai\ai_000094.png,1,ai,resize_0.5x,0.985066,1,1
data\val\ai\ai_000095.png,1,ai,resize_0.5x,0.918510,1,1
data\val\ai\ai_000096.png,1,ai,resize_0.5x,0.987620,1,1
data\val\ai\ai_000097.png,1,ai,resize_0.5x,0.082270,0,0
data\val\ai\ai_000098.png,1,ai,resize_0.5x,0.990521,1,1
data\val\ai\ai_000099.png,1,ai,resize_0.5x,0.643344,1,1
data\val\ai\ai_000100.png,1,ai,resize_0.5x,0.994210,1,1
data\val\ai\ai_000101.png,1,ai,resize_0.5x,0.991204,1,1
data\val\ai\ai_000102.png,1,ai,resize_0.5x,0.305078,0,0
data\val\ai\ai_000103.png,1,ai,resize_0.5x,0.923860,1,1
data\val\ai\ai_000104.png,1,ai,resize_0.5x,0.978502,1,1
data\val\ai\ai_000105.png,1,ai,resize_0.5x,0.074488,0,0
data\val\ai\ai_000106.png,1,ai,resize_0.5x,0.258735,0,0
data\val\ai\ai_000107.png,1,ai,resize_0.5x,0.843654,1,1
data\val\ai\ai_000108.png,1,ai,resize_0.5x,0.948104,1,1
data\val\ai\ai_000109.png,1,ai,resize_0.5x,0.982551,1,1
data\val\ai\ai_000110.png,1,ai,resize_0.5x,0.974364,1,1
data\val\ai\ai_000111.png,1,ai,resize_0.5x,0.608473,1,1
data\val\ai\ai_000112.png,1,ai,resize_0.5x,0.165441,0,0
data\val\ai\ai_000113.png,1,ai,resize_0.5x,0.939315,1,1
data\val\ai\ai_000114.png,1,ai,resize_0.5x,0.887614,1,1
data\val\ai\ai_000115.png,1,ai,resize_0.5x,0.559504,1,1
data\val\ai\ai_000116.png,1,ai,resize_0.5x,0.941799,1,1
data\val\ai\ai_000117.png,1,ai,resize_0.5x,0.932984,1,1
data\val\ai\ai_000118.png,1,ai,resize_0.5x,0.752420,1,1
data\val\ai\ai_000119.png,1,ai,resize_0.5x,0.425959,0,0
data\val\ai\ai_000120.png,1,ai,resize_0.5x,0.891937,1,1
data\val\ai\ai_000121.png,1,ai,resize_0.5x,0.989063,1,1
data\val\ai\ai_000122.png,1,ai,resize_0.5x,0.436593,0,0
data\val\ai\ai_000123.png,1,ai,resize_0.5x,0.528744,1,1
data\val\ai\ai_000124.png,1,ai,resize_0.5x,0.745858,1,1
data\val\ai\ai_000125.png,1,ai,resize_0.5x,0.991643,1,1
data\val\ai\ai_000126.png,1,ai,resize_0.5x,0.860212,1,1
data\val\ai\ai_000127.png,1,ai,resize_0.5x,0.908064,1,1
data\val\ai\ai_000128.png,1,ai,resize_0.5x,0.589142,1,1
data\val\ai\ai_000129.png,1,ai,resize_0.5x,0.955795,1,1
data\val\ai\ai_000130.png,1,ai,resize_0.5x,0.464564,0,0
data\val\ai\ai_000131.png,1,ai,resize_0.5x,0.991997,1,1
data\val\ai\ai_000132.png,1,ai,resize_0.5x,0.849352,1,1
data\val\ai\ai_000133.png,1,ai,resize_0.5x,0.989962,1,1
data\val\ai\ai_000134.png,1,ai,resize_0.5x,0.956315,1,1
data\val\ai\ai_000135.png,1,ai,resize_0.5x,0.996949,1,1
data\val\ai\ai_000136.png,1,ai,resize_0.5x,0.706429,1,1
data\val\ai\ai_000137.png,1,ai,resize_0.5x,0.367507,0,0
data\val\ai\ai_000138.png,1,ai,resize_0.5x,0.550735,1,1
data\val\ai\ai_000139.png,1,ai,resize_0.5x,0.991930,1,1
data\val\ai\ai_000140.png,1,ai,resize_0.5x,0.774253,1,1
data\val\ai\ai_000141.png,1,ai,resize_0.5x,0.999242,1,1
data\val\ai\ai_000142.png,1,ai,resize_0.5x,0.799510,1,1
data\val\ai\ai_000143.png,1,ai,resize_0.5x,0.998585,1,1
data\val\ai\ai_000144.png,1,ai,resize_0.5x,0.962554,1,1
data\val\ai\ai_000145.png,1,ai,resize_0.5x,0.946376,1,1
data\val\ai\ai_000146.png,1,ai,resize_0.5x,0.736850,1,1
data\val\ai\ai_000147.png,1,ai,resize_0.5x,0.717575,1,1
data\val\ai\ai_000148.png,1,ai,resize_0.5x,0.129483,0,0
data\val\ai\ai_000149.png,1,ai,resize_0.5x,0.840276,1,1
data\val\ai\ai_000150.png,1,ai,resize_0.5x,0.964869,1,1
data\val\ai\ai_000151.png,1,ai,resize_0.5x,0.902713,1,1
data\val\ai\ai_000152.png,1,ai,resize_0.5x,0.756624,1,1
data\val\ai\ai_000153.png,1,ai,resize_0.5x,0.998069,1,1
data\val\ai\ai_000154.png,1,ai,resize_0.5x,0.948997,1,1
data\val\ai\ai_000155.png,1,ai,resize_0.5x,0.506555,1,1
data\val\ai\ai_000156.png,1,ai,resize_0.5x,0.345059,0,0
data\val\ai\ai_000157.png,1,ai,resize_0.5x,0.456513,0,0
data\val\ai\ai_000158.png,1,ai,resize_0.5x,0.456737,0,0
data\val\ai\ai_000159.png,1,ai,resize_0.5x,0.988373,1,1
data\val\ai\ai_000160.png,1,ai,resize_0.5x,0.021908,0,0
data\val\ai\ai_000161.png,1,ai,resize_0.5x,0.353632,0,0
data\val\ai\ai_000162.png,1,ai,resize_0.5x,0.548623,1,1
data\val\ai\ai_000163.png,1,ai,resize_0.5x,0.996008,1,1
data\val\ai\ai_000164.png,1,ai,resize_0.5x,0.989543,1,1
data\val\ai\ai_000165.png,1,ai,resize_0.5x,0.950450,1,1
data\val\ai\ai_000166.png,1,ai,resize_0.5x,0.987009,1,1
data\val\ai\ai_000167.png,1,ai,resize_0.5x,0.316554,0,0
data\val\ai\ai_000168.png,1,ai,resize_0.5x,0.098538,0,0
data\val\ai\ai_000169.png,1,ai,resize_0.5x,0.891516,1,1
data\val\ai\ai_000170.png,1,ai,resize_0.5x,0.968429,1,1
data\val\ai\ai_000171.png,1,ai,resize_0.5x,0.649596,1,1
data\val\ai\ai_000172.png,1,ai,resize_0.5x,0.986353,1,1
data\val\ai\ai_000173.png,1,ai,resize_0.5x,0.986567,1,1
data\val\ai\ai_000174.png,1,ai,resize_0.5x,0.996536,1,1
data\val\ai\ai_000175.png,1,ai,resize_0.5x,0.984996,1,1
data\val\ai\ai_000176.png,1,ai,resize_0.5x,0.997755,1,1
data\val\ai\ai_000177.png,1,ai,resize_0.5x,0.821477,1,1
data\val\ai\ai_000178.png,1,ai,resize_0.5x,0.901559,1,1
data\val\ai\ai_000179.png,1,ai,resize_0.5x,0.950666,1,1
data\val\ai\ai_000180.png,1,ai,resize_0.5x,0.909075,1,1
data\val\ai\ai_000181.png,1,ai,resize_0.5x,0.959724,1,1
data\val\ai\ai_000182.png,1,ai,resize_0.5x,0.407656,0,0
data\val\ai\ai_000183.png,1,ai,resize_0.5x,0.905102,1,1
data\val\ai\ai_000184.png,1,ai,resize_0.5x,0.914327,1,1
data\val\ai\ai_000185.png,1,ai,resize_0.5x,0.958007,1,1
data\val\ai\ai_000186.png,1,ai,resize_0.5x,0.910879,1,1
data\val\ai\ai_000187.png,1,ai,resize_0.5x,0.855066,1,1
data\val\ai\ai_000188.png,1,ai,resize_0.5x,0.726270,1,1
data\val\ai\ai_000189.png,1,ai,resize_0.5x,0.991118,1,1
data\val\ai\ai_000190.png,1,ai,resize_0.5x,0.904435,1,1
data\val\ai\ai_000191.png,1,ai,resize_0.5x,0.708456,1,1
data\val\ai\ai_000192.png,1,ai,resize_0.5x,0.832756,1,1
data\val\ai\ai_000193.png,1,ai,resize_0.5x,0.936568,1,1
data\val\ai\ai_000194.png,1,ai,resize_0.5x,0.488962,0,0
data\val\ai\ai_000195.png,1,ai,resize_0.5x,0.569358,1,1
data\val\ai\ai_000196.png,1,ai,resize_0.5x,0.946095,1,1
data\val\ai\ai_000197.png,1,ai,resize_0.5x,0.748624,1,1
data\val\ai\ai_000198.png,1,ai,resize_0.5x,0.605510,1,1
data\val\ai\ai_000199.png,1,ai,resize_0.5x,0.923571,1,1
data\val\ai\ai_000200.png,1,ai,resize_0.5x,0.961146,1,1
data\val\ai\ai_000201.png,1,ai,resize_0.5x,0.941117,1,1
data\val\ai\ai_000202.png,1,ai,resize_0.5x,0.721559,1,1
data\val\ai\ai_000203.png,1,ai,resize_0.5x,0.928419,1,1
data\val\ai\ai_000204.png,1,ai,resize_0.5x,0.989910,1,1
data\val\ai\ai_000205.png,1,ai,resize_0.5x,0.164116,0,0
data\val\ai\ai_000206.png,1,ai,resize_0.5x,0.980995,1,1
data\val\ai\ai_000207.png,1,ai,resize_0.5x,0.747775,1,1
data\val\ai\ai_000208.png,1,ai,resize_0.5x,0.364615,0,0
data\val\ai\ai_000209.png,1,ai,resize_0.5x,0.885143,1,1
data\val\ai\ai_000210.png,1,ai,resize_0.5x,0.862563,1,1
data\val\ai\ai_000211.png,1,ai,resize_0.5x,0.945542,1,1
data\val\ai\ai_000212.png,1,ai,resize_0.5x,0.998522,1,1
data\val\ai\ai_000213.png,1,ai,resize_0.5x,0.919428,1,1
data\val\ai\ai_000214.png,1,ai,resize_0.5x,0.992583,1,1
data\val\ai\ai_000215.png,1,ai,resize_0.5x,0.846438,1,1
data\val\ai\ai_000216.png,1,ai,resize_0.5x,0.967388,1,1
data\val\ai\ai_000217.png,1,ai,resize_0.5x,0.133279,0,0
data\val\ai\ai_000218.png,1,ai,resize_0.5x,0.917900,1,1
data\val\ai\ai_000219.png,1,ai,resize_0.5x,0.559814,1,1
data\val\ai\ai_000220.png,1,ai,resize_0.5x,0.300202,0,0
data\val\ai\ai_000221.png,1,ai,resize_0.5x,0.993039,1,1
data\val\ai\ai_000222.png,1,ai,resize_0.5x,0.786928,1,1
data\val\ai\ai_000223.png,1,ai,resize_0.5x,0.830744,1,1
data\val\ai\ai_000224.png,1,ai,resize_0.5x,0.940601,1,1
data\val\ai\ai_000225.png,1,ai,resize_0.5x,0.807327,1,1
data\val\ai\ai_000226.png,1,ai,resize_0.5x,0.987222,1,1
data\val\ai\ai_000227.png,1,ai,resize_0.5x,0.274028,0,0
data\val\ai\ai_000228.png,1,ai,resize_0.5x,0.191517,0,0
data\val\ai\ai_000229.png,1,ai,resize_0.5x,0.956410,1,1
data\val\ai\ai_000230.png,1,ai,resize_0.5x,0.983336,1,1
data\val\ai\ai_000231.png,1,ai,resize_0.5x,0.993025,1,1
data\val\ai\ai_000232.png,1,ai,resize_0.5x,0.865208,1,1
data\val\ai\ai_000233.png,1,ai,resize_0.5x,0.957270,1,1
data\val\ai\ai_000234.png,1,ai,resize_0.5x,0.997935,1,1
data\val\ai\ai_000235.png,1,ai,resize_0.5x,0.990219,1,1
data\val\ai\ai_000236.png,1,ai,resize_0.5x,0.971903,1,1
data\val\ai\ai_000237.png,1,ai,resize_0.5x,0.134016,0,0
data\val\ai\ai_000238.png,1,ai,resize_0.5x,0.128838,0,0
data\val\ai\ai_000239.png,1,ai,resize_0.5x,0.873891,1,1
data\val\ai\ai_000240.png,1,ai,resize_0.5x,0.444742,0,0
data\val\ai\ai_000241.png,1,ai,resize_0.5x,0.974513,1,1
data\val\ai\ai_000242.png,1,ai,resize_0.5x,0.800617,1,1
data\val\ai\ai_000243.png,1,ai,resize_0.5x,0.384145,0,0
data\val\ai\ai_000244.png,1,ai,resize_0.5x,0.993054,1,1
data\val\ai\ai_000245.png,1,ai,resize_0.5x,0.197422,0,0
data\val\ai\ai_000246.png,1,ai,resize_0.5x,0.996603,1,1
data\val\ai\ai_000247.png,1,ai,resize_0.5x,0.628769,1,1
data\val\ai\ai_000248.png,1,ai,resize_0.5x,0.842011,1,1
data\val\ai\ai_000249.png,1,ai,resize_0.5x,0.923423,1,1
