image_path,true_label,true_class,transform,prob_ai,pred,correct
data\val\real\000000000139.jpg,0,real,clean,0.856816,1,0
data\val\real\000000000285.jpg,0,real,clean,0.069586,0,1
data\val\real\000000000632.jpg,0,real,clean,0.913897,1,0
data\val\real\000000000724.jpg,0,real,clean,0.121051,0,1
data\val\real\000000000776.jpg,0,real,clean,0.055612,0,1
data\val\real\000000000785.jpg,0,real,clean,0.680035,1,0
data\val\real\000000000802.jpg,0,real,clean,0.413135,0,1
data\val\real\000000000872.jpg,0,real,clean,0.013681,0,1
data\val\real\000000000885.jpg,0,real,clean,0.198651,0,1
data\val\real\000000001000.jpg,0,real,clean,0.002507,0,1
data\val\real\000000001268.jpg,0,real,clean,0.057392,0,1
data\val\real\000000001296.jpg,0,real,clean,0.231817,0,1
data\val\real\000000001353.jpg,0,real,clean,0.003777,0,1
data\val\real\000000001425.jpg,0,real,clean,0.791048,1,0
data\val\real\000000001490.jpg,0,real,clean,0.179504,0,1
data\val\real\000000001503.jpg,0,real,clean,0.372547,0,1
data\val\real\000000001532.jpg,0,real,clean,0.106522,0,1
data\val\real\000000001584.jpg,0,real,clean,0.296427,0,1
data\val\real\000000001675.jpg,0,real,clean,0.100313,0,1
data\val\real\000000001761.jpg,0,real,clean,0.017280,0,1
data\val\real\000000001818.jpg,0,real,clean,0.376134,0,1
data\val\real\000000001993.jpg,0,real,clean,0.368733,0,1
data\val\real\000000002006.jpg,0,real,clean,0.060817,0,1
data\val\real\000000002149.jpg,0,real,clean,0.392645,0,1
data\val\real\000000002153.jpg,0,real,clean,0.009458,0,1
data\val\real\000000002157.jpg,0,real,clean,0.293632,0,1
data\val\real\000000002261.jpg,0,real,clean,0.030804,0,1
data\val\real\000000002299.jpg,0,real,clean,0.009650,0,1
data\val\real\000000002431.jpg,0,real,clean,0.053687,0,1
data\val\real\000000002473.jpg,0,real,clean,0.052662,0,1
data\val\real\000000002532.jpg,0,real,clean,0.021397,0,1
data\val\real\000000002587.jpg,0,real,clean,0.093673,0,1
data\val\real\000000002592.jpg,0,real,clean,0.050597,0,1
data\val\real\000000002685.jpg,0,real,clean,0.003848,0,1
data\val\real\000000002923.jpg,0,real,clean,0.031881,0,1
data\val\real\000000003156.jpg,0,real,clean,0.395499,0,1
data\val\real\000000003255.jpg,0,real,clean,0.687539,1,0
data\val\real\000000003501.jpg,0,real,clean,0.160520,0,1
data\val\real\000000003553.jpg,0,real,clean,0.125586,0,1
data\val\real\000000003661.jpg,0,real,clean,0.020504,0,1
data\val\real\000000003845.jpg,0,real,clean,0.202594,0,1
data\val\real\000000003934.jpg,0,real,clean,0.002225,0,1
data\val\real\000000004134.jpg,0,real,clean,0.004409,0,1
data\val\real\000000004395.jpg,0,real,clean,0.050301,0,1
data\val\real\000000004495.jpg,0,real,clean,0.303036,0,1
data\val\real\000000004765.jpg,0,real,clean,0.248139,0,1
data\val\real\000000004795.jpg,0,real,clean,0.001125,0,1
data\val\real\000000005001.jpg,0,real,clean,0.046131,0,1
data\val\real\000000005037.jpg,0,real,clean,0.107848,0,1
data\val\real\000000005060.jpg,0,real,clean,0.062260,0,1
data\val\real\000000005193.jpg,0,real,clean,0.003537,0,1
data\val\real\000000005477.jpg,0,real,clean,0.189457,0,1
data\val\real\000000005503.jpg,0,real,clean,0.019443,0,1
data\val\real\000000005529.jpg,0,real,clean,0.042536,0,1
data\val\real\000000005586.jpg,0,real,clean,0.002679,0,1
data\val\real\000000005600.jpg,0,real,clean,0.026020,0,1
data\val\real\000000005992.jpg,0,real,clean,0.029145,0,1
data\val\real\000000006012.jpg,0,real,clean,0.083244,0,1
data\val\real\000000006040.jpg,0,real,clean,0.570963,1,0
data\val\real\000000006213.jpg,0,real,clean,0.485071,0,1
data\val\real\000000006460.jpg,0,real,clean,0.109359,0,1
data\val\real\000000006471.jpg,0,real,clean,0.026143,0,1
data\val\real\000000006614.jpg,0,real,clean,0.202973,0,1
data\val\real\000000006723.jpg,0,real,clean,0.131946,0,1
data\val\real\000000006763.jpg,0,real,clean,0.000193,0,1
data\val\real\000000006771.jpg,0,real,clean,0.004795,0,1
data\val\real\000000006818.jpg,0,real,clean,0.091261,0,1
data\val\real\000000006894.jpg,0,real,clean,0.012740,0,1
data\val\real\000000006954.jpg,0,real,clean,0.072767,0,1
data\val\real\000000007088.jpg,0,real,clean,0.021812,0,1
data\val\real\000000007108.jpg,0,real,clean,0.091355,0,1
data\val\real\000000007278.jpg,0,real,clean,0.256780,0,1
data\val\real\000000007281.jpg,0,real,clean,0.003860,0,1
data\val\real\000000007386.jpg,0,real,clean,0.102421,0,1
data\val\real\000000007511.jpg,0,real,clean,0.060305,0,1
data\val\real\000000007574.jpg,0,real,clean,0.288545,0,1
data\val\real\000000007784.jpg,0,real,clean,0.533620,1,0
data\val\real\000000007795.jpg,0,real,clean,0.874801,1,0
data\val\real\000000007816.jpg,0,real,clean,0.006594,0,1
data\val\real\000000007818.jpg,0,real,clean,0.571000,1,0
data\val\real\000000007888.jpg,0,real,clean,0.849357,1,0
data\val\real\000000007977.jpg,0,real,clean,0.407919,0,1
data\val\real\000000007991.jpg,0,real,clean,0.059382,0,1
data\val\real\000000008021.jpg,0,real,clean,0.006641,0,1
data\val\real\000000008211.jpg,0,real,clean,0.389819,0,1
data\val\real\000000008277.jpg,0,real,clean,0.085262,0,1
data\val\real\000000008532.jpg,0,real,clean,0.007313,0,1
data\val\real\000000008629.jpg,0,real,clean,0.101575,0,1
data\val\real\000000008690.jpg,0,real,clean,0.002039,0,1
data\val\real\000000008762.jpg,0,real,clean,0.443521,0,1
data\val\real\000000008844.jpg,0,real,clean,0.098872,0,1
data\val\real\000000008899.jpg,0,real,clean,0.347401,0,1
data\val\real\000000009378.jpg,0,real,clean,0.027493,0,1
data\val\real\000000009400.jpg,0,real,clean,0.001942,0,1
data\val\real\000000009448.jpg,0,real,clean,0.013713,0,1
data\val\real\000000009483.jpg,0,real,clean,0.066219,0,1
data\val\real\000000009590.jpg,0,real,clean,0.303070,0,1
data\val\real\000000009769.jpg,0,real,clean,0.069187,0,1
data\val\real\000000009772.jpg,0,real,clean,0.035655,0,1
data\val\real\000000009891.jpg,0,real,clean,0.005723,0,1
data\val\real\000000009914.jpg,0,real,clean,0.066986,0,1
data\val\real\000000010092.jpg,0,real,clean,0.185504,0,1
data\val\real\000000010363.jpg,0,real,clean,0.003133,0,1
data\val\real\000000010583.jpg,0,real,clean,0.030826,0,1
data\val\real\000000010707.jpg,0,real,clean,0.000311,0,1
data\val\real\000000010764.jpg,0,real,clean,0.251436,0,1
data\val\real\000000010977.jpg,0,real,clean,0.344690,0,1
data\val\real\000000010995.jpg,0,real,clean,0.344858,0,1
data\val\real\000000011051.jpg,0,real,clean,0.025799,0,1
data\val\real\000000011122.jpg,0,real,clean,0.007685,0,1
data\val\real\000000011149.jpg,0,real,clean,0.022789,0,1
data\val\real\000000011197.jpg,0,real,clean,0.036484,0,1
data\val\real\000000011511.jpg,0,real,clean,0.191530,0,1
data\val\real\000000011615.jpg,0,real,clean,0.079182,0,1
data\val\real\000000011699.jpg,0,real,clean,0.030342,0,1
data\val\real\000000011760.jpg,0,real,clean,0.535456,1,0
data\val\real\000000011813.jpg,0,real,clean,0.371459,0,1
data\val\real\000000012062.jpg,0,real,clean,0.027344,0,1
data\val\real\000000012120.jpg,0,real,clean,0.031041,0,1
data\val\real\000000012280.jpg,0,real,clean,0.814255,1,0
data\val\real\000000012576.jpg,0,real,clean,0.261574,0,1
data\val\real\000000012639.jpg,0,real,clean,0.020573,0,1
data\val\real\000000012667.jpg,0,real,clean,0.292722,0,1
data\val\real\000000012670.jpg,0,real,clean,0.003280,0,1
data\val\real\000000012748.jpg,0,real,clean,0.067118,0,1
data\val\real\000000013004.jpg,0,real,clean,0.159458,0,1
data\val\real\000000013177.jpg,0,real,clean,0.059616,0,1
data\val\real\000000013201.jpg,0,real,clean,0.053799,0,1
data\val\real\000000013291.jpg,0,real,clean,0.176608,0,1
data\val\real\000000013348.jpg,0,real,clean,0.213525,0,1
data\val\real\000000013546.jpg,0,real,clean,0.006602,0,1
data\val\real\000000013597.jpg,0,real,clean,0.696895,1,0
data\val\real\000000013659.jpg,0,real,clean,0.001192,0,1
data\val\real\000000013729.jpg,0,real,clean,0.020402,0,1
data\val\real\000000013774.jpg,0,real,clean,0.468384,0,1
data\val\real\000000013923.jpg,0,real,clean,0.534406,1,0
data\val\real\000000014007.jpg,0,real,clean,0.109759,0,1
data\val\real\000000014038.jpg,0,real,clean,0.824282,1,0
data\val\real\000000014226.jpg,0,real,clean,0.242158,0,1
data\val\real\000000014380.jpg,0,real,clean,0.581809,1,0
data\val\real\000000014439.jpg,0,real,clean,0.024855,0,1
data\val\real\000000014473.jpg,0,real,clean,0.039593,0,1
data\val\real\000000014831.jpg,0,real,clean,0.010289,0,1
data\val\real\000000014888.jpg,0,real,clean,0.019645,0,1
data\val\real\000000015079.jpg,0,real,clean,0.264076,0,1
data\val\real\000000015254.jpg,0,real,clean,0.058039,0,1
data\val\real\000000015272.jpg,0,real,clean,0.568152,1,0
data\val\real\000000015278.jpg,0,real,clean,0.064429,0,1
data\val\real\000000015335.jpg,0,real,clean,0.001077,0,1
data\val\real\000000015338.jpg,0,real,clean,0.307452,0,1
data\val\real\000000015440.jpg,0,real,clean,0.869864,1,0
data\val\real\000000015497.jpg,0,real,clean,0.002351,0,1
data\val\real\000000015517.jpg,0,real,clean,0.136203,0,1
data\val\real\000000015597.jpg,0,real,clean,0.001322,0,1
data\val\real\000000015660.jpg,0,real,clean,0.193521,0,1
data\val\real\000000015746.jpg,0,real,clean,0.058214,0,1
data\val\real\000000015751.jpg,0,real,clean,0.100180,0,1
data\val\real\000000015956.jpg,0,real,clean,0.011931,0,1
data\val\real\000000016010.jpg,0,real,clean,0.031139,0,1
data\val\real\000000016228.jpg,0,real,clean,0.334571,0,1
data\val\real\000000016249.jpg,0,real,clean,0.136164,0,1
data\val\real\000000016439.jpg,0,real,clean,0.501840,1,0
data\val\real\000000016451.jpg,0,real,clean,0.352195,0,1
data\val\real\000000016502.jpg,0,real,clean,0.115688,0,1
data\val\real\000000016598.jpg,0,real,clean,0.006105,0,1
data\val\real\000000016958.jpg,0,real,clean,0.128402,0,1
data\val\real\000000017029.jpg,0,real,clean,0.046462,0,1
data\val\real\000000017031.jpg,0,real,clean,0.257083,0,1
data\val\real\000000017115.jpg,0,real,clean,0.352831,0,1
data\val\real\000000017178.jpg,0,real,clean,0.547255,1,0
data\val\real\000000017182.jpg,0,real,clean,0.508518,1,0
data\val\real\000000017207.jpg,0,real,clean,0.005314,0,1
data\val\real\000000017379.jpg,0,real,clean,0.710787,1,0
data\val\real\000000017436.jpg,0,real,clean,0.021146,0,1
data\val\real\000000017627.jpg,0,real,clean,0.002703,0,1
data\val\real\000000017714.jpg,0,real,clean,0.031835,0,1
data\val\real\000000017899.jpg,0,real,clean,0.001281,0,1
data\val\real\000000017905.jpg,0,real,clean,0.000597,0,1
data\val\real\000000017959.jpg,0,real,clean,0.025717,0,1
data\val\real\000000018150.jpg,0,real,clean,0.000558,0,1
data\val\real\000000018193.jpg,0,real,clean,0.004048,0,1
data\val\real\000000018380.jpg,0,real,clean,0.134239,0,1
data\val\real\000000018491.jpg,0,real,clean,0.012882,0,1
data\val\real\000000018519.jpg,0,real,clean,0.344189,0,1
data\val\real\000000018575.jpg,0,real,clean,0.034952,0,1
data\val\real\000000018737.jpg,0,real,clean,0.069866,0,1
data\val\real\000000018770.jpg,0,real,clean,0.035180,0,1
data\val\real\000000018833.jpg,0,real,clean,0.156371,0,1
data\val\real\000000018837.jpg,0,real,clean,0.045110,0,1
data\val\real\000000019042.jpg,0,real,clean,0.049488,0,1
data\val\real\000000019109.jpg,0,real,clean,0.243694,0,1
data\val\real\000000019221.jpg,0,real,clean,0.003807,0,1
data\val\real\000000019402.jpg,0,real,clean,0.000584,0,1
data\val\real\000000019432.jpg,0,real,clean,0.027094,0,1
data\val\real\000000019742.jpg,0,real,clean,0.261090,0,1
data\val\real\000000019786.jpg,0,real,clean,0.002726,0,1
data\val\real\000000019924.jpg,0,real,clean,0.701984,1,0
data\val\real\000000020059.jpg,0,real,clean,0.066355,0,1
data\val\real\000000020107.jpg,0,real,clean,0.138116,0,1
data\val\real\000000020247.jpg,0,real,clean,0.177492,0,1
data\val\real\000000020333.jpg,0,real,clean,0.121836,0,1
data\val\real\000000020553.jpg,0,real,clean,0.008273,0,1
data\val\real\000000020571.jpg,0,real,clean,0.167019,0,1
data\val\real\000000020992.jpg,0,real,clean,0.006375,0,1
data\val\real\000000021167.jpg,0,real,clean,0.001380,0,1
data\val\real\000000021465.jpg,0,real,clean,0.006490,0,1
data\val\real\000000021503.jpg,0,real,clean,0.002916,0,1
data\val\real\000000021604.jpg,0,real,clean,0.921602,1,0
data\val\real\000000021839.jpg,0,real,clean,0.001622,0,1
data\val\real\000000021879.jpg,0,real,clean,0.052948,0,1
data\val\real\000000021903.jpg,0,real,clean,0.152301,0,1
data\val\real\000000022192.jpg,0,real,clean,0.017295,0,1
data\val\real\000000022371.jpg,0,real,clean,0.893516,1,0
data\val\real\000000022396.jpg,0,real,clean,0.022363,0,1
data\val\real\000000022479.jpg,0,real,clean,0.033971,0,1
data\val\real\000000022589.jpg,0,real,clean,0.013186,0,1
data\val\real\000000022623.jpg,0,real,clean,0.229554,0,1
data\val\real\000000022705.jpg,0,real,clean,0.001615,0,1
data\val\real\000000022755.jpg,0,real,clean,0.380214,0,1
data\val\real\000000022892.jpg,0,real,clean,0.360227,0,1
data\val\real\000000022935.jpg,0,real,clean,0.165509,0,1
data\val\real\000000022969.jpg,0,real,clean,0.282065,0,1
data\val\real\000000023023.jpg,0,real,clean,0.438084,0,1
data\val\real\000000023034.jpg,0,real,clean,0.004230,0,1
data\val\real\000000023126.jpg,0,real,clean,0.237811,0,1
data\val\real\000000023230.jpg,0,real,clean,0.008368,0,1
data\val\real\000000023272.jpg,0,real,clean,0.009986,0,1
data\val\real\000000023359.jpg,0,real,clean,0.111988,0,1
data\val\real\000000023666.jpg,0,real,clean,0.096162,0,1
data\val\real\000000023751.jpg,0,real,clean,0.001505,0,1
data\val\real\000000023781.jpg,0,real,clean,0.305866,0,1
data\val\real\000000023899.jpg,0,real,clean,0.001962,0,1
data\val\real\000000023937.jpg,0,real,clean,0.068843,0,1
data\val\real\000000024021.jpg,0,real,clean,0.015488,0,1
data\val\real\000000024027.jpg,0,real,clean,0.004002,0,1
data\val\real\000000024144.jpg,0,real,clean,0.125191,0,1
data\val\real\000000024243.jpg,0,real,clean,0.019527,0,1
data\val\real\000000024567.jpg,0,real,clean,0.017903,0,1
data\val\real\000000024610.jpg,0,real,clean,0.108100,0,1
data\val\real\000000024919.jpg,0,real,clean,0.252310,0,1
data\val\real\000000025057.jpg,0,real,clean,0.008755,0,1
data\val\real\000000025096.jpg,0,real,clean,0.011183,0,1
data\val\real\000000025139.jpg,0,real,clean,0.368476,0,1
data\val\real\000000025181.jpg,0,real,clean,0.928300,1,0
data\val\real\000000025228.jpg,0,real,clean,0.018539,0,1
data\val\real\000000025386.jpg,0,real,clean,0.004164,0,1
data\val\real\000000025393.jpg,0,real,clean,0.000569,0,1
data\val\real\000000025394.jpg,0,real,clean,0.012369,0,1
data\val\real\000000025424.jpg,0,real,clean,0.132814,0,1
data\val\real\000000025560.jpg,0,real,clean,0.016820,0,1
data\val\real\000000025593.jpg,0,real,clean,0.098438,0,1
data\val\real\000000025603.jpg,0,real,clean,0.000358,0,1
data\val\real\000000025986.jpg,0,real,clean,0.014572,0,1
data\val\real\000000026204.jpg,0,real,clean,0.263939,0,1
data\val\real\000000026465.jpg,0,real,clean,0.081101,0,1
data\val\real\000000026564.jpg,0,real,clean,0.564100,1,0
data\val\real\000000026690.jpg,0,real,clean,0.012611,0,1
data\val\real\000000026926.jpg,0,real,clean,0.313980,0,1
data\val\real\000000026941.jpg,0,real,clean,0.751819,1,0
data\val\real\000000027186.jpg,0,real,clean,0.022324,0,1
data\val\real\000000027620.jpg,0,real,clean,0.311990,0,1
data\val\real\000000027696.jpg,0,real,clean,0.003816,0,1
data\val\real\000000027768.jpg,0,real,clean,0.234260,0,1
data\val\real\000000027932.jpg,0,real,clean,0.308104,0,1
data\val\real\000000027972.jpg,0,real,clean,0.079969,0,1
data\val\real\000000027982.jpg,0,real,clean,0.829438,1,0
data\val\real\000000028285.jpg,0,real,clean,0.019087,0,1
data\val\real\000000028449.jpg,0,real,clean,0.609614,1,0
data\val\real\000000028452.jpg,0,real,clean,0.850596,1,0
data\val\real\000000028809.jpg,0,real,clean,0.220314,0,1
data\val\real\000000028993.jpg,0,real,clean,0.663390,1,0
data\val\real\000000029187.jpg,0,real,clean,0.002477,0,1
data\val\real\000000029393.jpg,0,real,clean,0.004188,0,1
data\val\real\000000029397.jpg,0,real,clean,0.059981,0,1
data\val\real\000000029596.jpg,0,real,clean,0.757855,1,0
data\val\real\000000029640.jpg,0,real,clean,0.168408,0,1
data\val\real\000000029675.jpg,0,real,clean,0.182380,0,1
data\val\real\000000029984.jpg,0,real,clean,0.022720,0,1
data\val\real\000000030213.jpg,0,real,clean,0.441193,0,1
data\val\real\000000030494.jpg,0,real,clean,0.005579,0,1
data\val\real\000000030504.jpg,0,real,clean,0.175991,0,1
data\val\real\000000030675.jpg,0,real,clean,0.413838,0,1
data\val\real\000000030785.jpg,0,real,clean,0.250453,0,1
data\val\real\000000030828.jpg,0,real,clean,0.697989,1,0
data\val\real\000000031050.jpg,0,real,clean,0.200058,0,1
data\val\real\000000031093.jpg,0,real,clean,0.086769,0,1
data\val\real\000000031118.jpg,0,real,clean,0.298971,0,1
data\val\real\000000031217.jpg,0,real,clean,0.165797,0,1
data\val\real\000000031248.jpg,0,real,clean,0.352267,0,1
data\val\real\000000031269.jpg,0,real,clean,0.067880,0,1
data\val\real\000000031296.jpg,0,real,clean,0.002126,0,1
data\val\real\000000031322.jpg,0,real,clean,0.059208,0,1
data\val\real\000000031620.jpg,0,real,clean,0.000101,0,1
data\val\real\000000031735.jpg,0,real,clean,0.009266,0,1
data\val\real\000000031749.jpg,0,real,clean,0.335934,0,1
data\val\real\000000031817.jpg,0,real,clean,0.003240,0,1
data\val\real\000000032038.jpg,0,real,clean,0.047523,0,1
data\val\real\000000032081.jpg,0,real,clean,0.072739,0,1
data\val\real\000000032285.jpg,0,real,clean,0.865908,1,0
data\val\real\000000032334.jpg,0,real,clean,0.000772,0,1
data\val\real\000000032570.jpg,0,real,clean,0.808865,1,0
data\val\real\000000032610.jpg,0,real,clean,0.147197,0,1
data\val\real\000000032735.jpg,0,real,clean,0.202224,0,1
data\val\real\000000032811.jpg,0,real,clean,0.157550,0,1
data\val\real\000000032817.jpg,0,real,clean,0.003323,0,1
data\val\real\000000032861.jpg,0,real,clean,0.307503,0,1
data\val\real\000000032887.jpg,0,real,clean,0.002797,0,1
data\val\real\000000032901.jpg,0,real,clean,0.000157,0,1
data\val\real\000000032941.jpg,0,real,clean,0.052390,0,1
data\val\real\000000033005.jpg,0,real,clean,0.058102,0,1
data\val\real\000000033104.jpg,0,real,clean,0.026494,0,1
data\val\real\000000033109.jpg,0,real,clean,0.045638,0,1
data\val\real\000000033114.jpg,0,real,clean,0.165038,0,1
data\val\real\000000033221.jpg,0,real,clean,0.002293,0,1
data\val\real\000000033368.jpg,0,real,clean,0.128904,0,1
data\val\real\000000033638.jpg,0,real,clean,0.086859,0,1
data\val\real\000000033707.jpg,0,real,clean,0.097325,0,1
data\val\real\000000033759.jpg,0,real,clean,0.049529,0,1
data\val\real\000000033854.jpg,0,real,clean,0.038399,0,1
data\val\real\000000034071.jpg,0,real,clean,0.651784,1,0
data\val\real\000000034139.jpg,0,real,clean,0.121579,0,1
data\val\real\000000034205.jpg,0,real,clean,0.228948,0,1
data\val\real\000000034257.jpg,0,real,clean,0.522503,1,0
data\val\real\000000034417.jpg,0,real,clean,0.128266,0,1
data\val\real\000000034452.jpg,0,real,clean,0.005218,0,1
data\val\real\000000034760.jpg,0,real,clean,0.157555,0,1
data\val\real\000000034873.jpg,0,real,clean,0.292737,0,1
data\val\real\000000035062.jpg,0,real,clean,0.032415,0,1
data\val\real\000000035197.jpg,0,real,clean,0.354640,0,1
data\val\real\000000035279.jpg,0,real,clean,0.369378,0,1
data\val\real\000000035326.jpg,0,real,clean,0.148654,0,1
data\val\real\000000035682.jpg,0,real,clean,0.033003,0,1
data\val\real\000000035770.jpg,0,real,clean,0.141244,0,1
data\val\real\000000035963.jpg,0,real,clean,0.001990,0,1
data\val\real\000000036494.jpg,0,real,clean,0.519474,1,0
data\val\real\000000036539.jpg,0,real,clean,0.003544,0,1
data\val\real\000000036660.jpg,0,real,clean,0.156759,0,1
data\val\real\000000036678.jpg,0,real,clean,0.027445,0,1
data\val\real\000000036844.jpg,0,real,clean,0.150226,0,1
data\val\real\000000036861.jpg,0,real,clean,0.578660,1,0
data\val\real\000000036936.jpg,0,real,clean,0.004782,0,1
data\val\real\000000037670.jpg,0,real,clean,0.502839,1,0
data\val\real\000000037689.jpg,0,real,clean,0.135444,0,1
data\val\real\000000037740.jpg,0,real,clean,0.772906,1,0
data\val\real\000000037751.jpg,0,real,clean,0.072420,0,1
data\val\real\000000037777.jpg,0,real,clean,0.687802,1,0
data\val\real\000000037988.jpg,0,real,clean,0.017173,0,1
data\val\real\000000038048.jpg,0,real,clean,0.059794,0,1
data\val\real\000000038070.jpg,0,real,clean,0.463992,0,1
data\val\real\000000038118.jpg,0,real,clean,0.266490,0,1
data\val\real\000000038210.jpg,0,real,clean,0.214482,0,1
data\val\real\000000038576.jpg,0,real,clean,0.925166,1,0
data\val\real\000000038678.jpg,0,real,clean,0.001078,0,1
data\val\real\000000038825.jpg,0,real,clean,0.150995,0,1
data\val\real\000000038829.jpg,0,real,clean,0.030754,0,1
data\val\real\000000039405.jpg,0,real,clean,0.010970,0,1
data\val\real\000000039477.jpg,0,real,clean,0.744646,1,0
data\val\real\000000039480.jpg,0,real,clean,0.112497,0,1
data\val\real\000000039484.jpg,0,real,clean,0.212721,0,1
data\val\real\000000039551.jpg,0,real,clean,0.630299,1,0
data\val\real\000000039670.jpg,0,real,clean,0.332158,0,1
data\val\real\000000039769.jpg,0,real,clean,0.001541,0,1
data\val\real\000000039785.jpg,0,real,clean,0.110800,0,1
data\val\real\000000039914.jpg,0,real,clean,0.003285,0,1
data\val\real\000000039951.jpg,0,real,clean,0.054511,0,1
data\val\real\000000039956.jpg,0,real,clean,0.778017,1,0
data\val\real\000000040036.jpg,0,real,clean,0.039085,0,1
data\val\real\000000040083.jpg,0,real,clean,0.013207,0,1
data\val\real\000000040471.jpg,0,real,clean,0.151646,0,1
data\val\real\000000040757.jpg,0,real,clean,0.013598,0,1
data\val\real\000000041488.jpg,0,real,clean,0.430681,0,1
data\val\real\000000041633.jpg,0,real,clean,0.454491,0,1
data\val\real\000000041635.jpg,0,real,clean,0.075494,0,1
data\val\real\000000041872.jpg,0,real,clean,0.835359,1,0
data\val\real\000000041888.jpg,0,real,clean,0.016857,0,1
data\val\real\000000041990.jpg,0,real,clean,0.003582,0,1
data\val\real\000000042070.jpg,0,real,clean,0.359211,0,1
data\val\real\000000042102.jpg,0,real,clean,0.014677,0,1
data\val\real\000000042178.jpg,0,real,clean,0.863781,1,0
data\val\real\000000042276.jpg,0,real,clean,0.054076,0,1
data\val\real\000000042296.jpg,0,real,clean,0.027621,0,1
data\val\real\000000042528.jpg,0,real,clean,0.011012,0,1
data\val\real\000000042563.jpg,0,real,clean,0.177437,0,1
data\val\real\000000042628.jpg,0,real,clean,0.027507,0,1
data\val\real\000000042888.jpg,0,real,clean,0.011832,0,1
data\val\real\000000042889.jpg,0,real,clean,0.004665,0,1
data\val\real\000000043314.jpg,0,real,clean,0.045382,0,1
data\val\real\000000043435.jpg,0,real,clean,0.200404,0,1
data\val\real\000000043581.jpg,0,real,clean,0.144953,0,1
data\val\real\000000043737.jpg,0,real,clean,0.444825,0,1
data\val\real\000000043816.jpg,0,real,clean,0.029667,0,1
data\val\real\000000044068.jpg,0,real,clean,0.007951,0,1
data\val\real\000000044195.jpg,0,real,clean,0.110690,0,1
data\val\real\000000044260.jpg,0,real,clean,0.719095,1,0
data\val\real\000000044279.jpg,0,real,clean,0.210129,0,1
data\val\real\000000044590.jpg,0,real,clean,0.046207,0,1
data\val\real\000000044652.jpg,0,real,clean,0.069943,0,1
data\val\real\000000044699.jpg,0,real,clean,0.243094,0,1
data\val\real\000000044877.jpg,0,real,clean,0.057445,0,1
data\val\real\000000045070.jpg,0,real,clean,0.051876,0,1
data\val\real\000000045090.jpg,0,real,clean,0.108197,0,1
data\val\real\000000045229.jpg,0,real,clean,0.979030,1,0
data\val\real\000000045472.jpg,0,real,clean,0.039933,0,1
data\val\real\000000045550.jpg,0,real,clean,0.003194,0,1
data\val\real\000000045596.jpg,0,real,clean,0.205888,0,1
data\val\real\000000045728.jpg,0,real,clean,0.046287,0,1
data\val\real\000000046031.jpg,0,real,clean,0.282987,0,1
data\val\real\000000046048.jpg,0,real,clean,0.044624,0,1
data\val\real\000000046252.jpg,0,real,clean,0.439622,0,1
data\val\real\000000046378.jpg,0,real,clean,0.007289,0,1
data\val\real\000000046463.jpg,0,real,clean,0.007947,0,1
data\val\real\000000046497.jpg,0,real,clean,0.002703,0,1
data\val\real\000000046804.jpg,0,real,clean,0.024662,0,1
data\val\real\000000046872.jpg,0,real,clean,0.692799,1,0
data\val\real\000000047010.jpg,0,real,clean,0.197345,0,1
data\val\real\000000047112.jpg,0,real,clean,0.125940,0,1
data\val\real\000000047121.jpg,0,real,clean,0.005476,0,1
data\val\real\000000047571.jpg,0,real,clean,0.125949,0,1
data\val\real\000000047585.jpg,0,real,clean,0.003629,0,1
data\val\real\000000047740.jpg,0,real,clean,0.003025,0,1
data\val\real\000000047769.jpg,0,real,clean,0.420638,0,1
data\val\real\000000047801.jpg,0,real,clean,0.009035,0,1
data\val\real\000000047819.jpg,0,real,clean,0.005943,0,1
data\val\real\000000047828.jpg,0,real,clean,0.364269,0,1
data\val\real\000000048153.jpg,0,real,clean,0.070522,0,1
data\val\real\000000048396.jpg,0,real,clean,0.001141,0,1
data\val\real\000000048504.jpg,0,real,clean,0.578394,1,0
data\val\real\000000048555.jpg,0,real,clean,0.451845,0,1
data\val\real\000000048564.jpg,0,real,clean,0.010583,0,1
data\val\real\000000048924.jpg,0,real,clean,0.979477,1,0
data\val\real\000000049060.jpg,0,real,clean,0.003215,0,1
data\val\real\000000049091.jpg,0,real,clean,0.122406,0,1
data\val\real\000000049259.jpg,0,real,clean,0.029154,0,1
data\val\real\000000049269.jpg,0,real,clean,0.241356,0,1
data\val\real\000000049759.jpg,0,real,clean,0.341190,0,1
data\val\real\000000049761.jpg,0,real,clean,0.020341,0,1
data\val\real\000000049810.jpg,0,real,clean,0.113915,0,1
data\val\real\000000050006.jpg,0,real,clean,0.231800,0,1
data\val\real\000000050145.jpg,0,real,clean,0.005945,0,1
data\val\real\000000050149.jpg,0,real,clean,0.021638,0,1
data\val\real\000000050165.jpg,0,real,clean,0.546411,1,0
data\val\real\000000050326.jpg,0,real,clean,0.001493,0,1
data\val\real\000000050331.jpg,0,real,clean,0.045152,0,1
data\val\real\000000050380.jpg,0,real,clean,0.036526,0,1
data\val\real\000000050638.jpg,0,real,clean,0.659203,1,0
data\val\real\000000050679.jpg,0,real,clean,0.888587,1,0
data\val\real\000000050811.jpg,0,real,clean,0.001835,0,1
data\val\real\000000050828.jpg,0,real,clean,0.286860,0,1
data\val\real\000000050844.jpg,0,real,clean,0.038311,0,1
data\val\real\000000050896.jpg,0,real,clean,0.239766,0,1
data\val\real\000000050943.jpg,0,real,clean,0.082505,0,1
data\val\real\000000051008.jpg,0,real,clean,0.006315,0,1
data\val\real\000000051309.jpg,0,real,clean,0.102387,0,1
data\val\real\000000051314.jpg,0,real,clean,0.120628,0,1
data\val\real\000000051326.jpg,0,real,clean,0.040137,0,1
data\val\real\000000051598.jpg,0,real,clean,0.029527,0,1
data\val\real\000000051610.jpg,0,real,clean,0.245172,0,1
data\val\real\000000051712.jpg,0,real,clean,0.475916,0,1
data\val\real\000000051738.jpg,0,real,clean,0.359057,0,1
data\val\real\000000051938.jpg,0,real,clean,0.086293,0,1
data\val\real\000000051961.jpg,0,real,clean,0.130438,0,1
data\val\real\000000051976.jpg,0,real,clean,0.117468,0,1
data\val\real\000000052007.jpg,0,real,clean,0.174737,0,1
data\val\real\000000052017.jpg,0,real,clean,0.212721,0,1
data\val\real\000000052412.jpg,0,real,clean,0.307718,0,1
data\val\real\000000052413.jpg,0,real,clean,0.006958,0,1
data\val\real\000000052462.jpg,0,real,clean,0.361729,0,1
data\val\real\000000052507.jpg,0,real,clean,0.064406,0,1
data\val\real\000000052565.jpg,0,real,clean,0.232211,0,1
data\val\real\000000052591.jpg,0,real,clean,0.159863,0,1
data\val\real\000000052891.jpg,0,real,clean,0.105602,0,1
data\val\real\000000052996.jpg,0,real,clean,0.010842,0,1
data\val\real\000000053505.jpg,0,real,clean,0.245924,0,1
data\val\real\000000053529.jpg,0,real,clean,0.056473,0,1
data\val\real\000000053624.jpg,0,real,clean,0.037796,0,1
data\val\real\000000053626.jpg,0,real,clean,0.003865,0,1
data\val\real\000000053909.jpg,0,real,clean,0.061738,0,1
data\val\real\000000053994.jpg,0,real,clean,0.495229,0,1
data\val\real\000000054123.jpg,0,real,clean,0.201551,0,1
data\val\real\000000054164.jpg,0,real,clean,0.204185,0,1
data\val\real\000000054592.jpg,0,real,clean,0.183851,0,1
data\val\real\000000054593.jpg,0,real,clean,0.082901,0,1
data\val\real\000000054605.jpg,0,real,clean,0.048835,0,1
data\val\real\000000054628.jpg,0,real,clean,0.025993,0,1
data\val\real\000000054654.jpg,0,real,clean,0.007127,0,1
data\val\real\000000054931.jpg,0,real,clean,0.665609,1,0
data\val\real\000000054967.jpg,0,real,clean,0.781525,1,0
data\val\real\000000055002.jpg,0,real,clean,0.109580,0,1
data\val\real\000000055022.jpg,0,real,clean,0.123318,0,1
data\val\real\000000055072.jpg,0,real,clean,0.286870,0,1
data\val\real\000000055150.jpg,0,real,clean,0.051114,0,1
data\val\real\000000055167.jpg,0,real,clean,0.010898,0,1
data\val\real\000000055299.jpg,0,real,clean,0.137710,0,1
data\val\real\000000055528.jpg,0,real,clean,0.005682,0,1
data\val\real\000000055950.jpg,0,real,clean,0.032111,0,1
data\val\real\000000056127.jpg,0,real,clean,0.442473,0,1
data\val\real\000000056288.jpg,0,real,clean,0.095371,0,1
data\val\real\000000056344.jpg,0,real,clean,0.411466,0,1
data\val\real\000000056350.jpg,0,real,clean,0.291535,0,1
data\val\real\000000056545.jpg,0,real,clean,0.006608,0,1
data\val\ai\ai_000001.png,1,ai,clean,0.993272,1,1
data\val\ai\ai_000002.png,1,ai,clean,0.992954,1,1
data\val\ai\ai_000003.png,1,ai,clean,0.988807,1,1
data\val\ai\ai_000004.png,1,ai,clean,0.990749,1,1
data\val\ai\ai_000005.png,1,ai,clean,0.994866,1,1
data\val\ai\ai_000006.png,1,ai,clean,0.963926,1,1
data\val\ai\ai_000007.png,1,ai,clean,0.984187,1,1
data\val\ai\ai_000008.png,1,ai,clean,0.953094,1,1
data\val\ai\ai_000009.png,1,ai,clean,0.987623,1,1
data\val\ai\ai_000010.png,1,ai,clean,0.986654,1,1
data\val\ai\ai_000011.png,1,ai,clean,0.988858,1,1
data\val\ai\ai_000012.png,1,ai,clean,0.991870,1,1
data\val\ai\ai_000013.png,1,ai,clean,0.997577,1,1
data\val\ai\ai_000014.png,1,ai,clean,0.998449,1,1
data\val\ai\ai_000015.png,1,ai,clean,0.996893,1,1
data\val\ai\ai_000016.png,1,ai,clean,0.955516,1,1
data\val\ai\ai_000017.png,1,ai,clean,0.984171,1,1
data\val\ai\ai_000018.png,1,ai,clean,0.995243,1,1
data\val\ai\ai_000019.png,1,ai,clean,0.851294,1,1
data\val\ai\ai_000020.png,1,ai,clean,0.952799,1,1
data\val\ai\ai_000021.png,1,ai,clean,0.999337,1,1
data\val\ai\ai_000022.png,1,ai,clean,0.837814,1,1
data\val\ai\ai_000023.png,1,ai,clean,0.987535,1,1
data\val\ai\ai_000024.png,1,ai,clean,0.945792,1,1
data\val\ai\ai_000025.png,1,ai,clean,0.987534,1,1
data\val\ai\ai_000026.png,1,ai,clean,0.780966,1,1
data\val\ai\ai_000027.png,1,ai,clean,0.983780,1,1
data\val\ai\ai_000028.png,1,ai,clean,0.996742,1,1
data\val\ai\ai_000029.png,1,ai,clean,0.997941,1,1
data\val\ai\ai_000030.png,1,ai,clean,0.941618,1,1
data\val\ai\ai_000031.png,1,ai,clean,0.938179,1,1
data\val\ai\ai_000032.png,1,ai,clean,0.979127,1,1
data\val\ai\ai_000033.png,1,ai,clean,0.994385,1,1
data\val\ai\ai_000034.png,1,ai,clean,0.996014,1,1
data\val\ai\ai_000035.png,1,ai,clean,0.996682,1,1
data\val\ai\ai_000036.png,1,ai,clean,0.998105,1,1
data\val\ai\ai_000037.png,1,ai,clean,0.992645,1,1
data\val\ai\ai_000038.png,1,ai,clean,0.976428,1,1
data\val\ai\ai_000039.png,1,ai,clean,0.996441,1,1
data\val\ai\ai_000040.png,1,ai,clean,0.887790,1,1
data\val\ai\ai_000041.png,1,ai,clean,0.999876,1,1
data\val\ai\ai_000042.png,1,ai,clean,0.999448,1,1
data\val\ai\ai_000043.png,1,ai,clean,0.999824,1,1
data\val\ai\ai_000044.png,1,ai,clean,0.881034,1,1
data\val\ai\ai_000045.png,1,ai,clean,0.999323,1,1
data\val\ai\ai_000046.png,1,ai,clean,0.940182,1,1
data\val\ai\ai_000047.png,1,ai,clean,0.980984,1,1
data\val\ai\ai_000048.png,1,ai,clean,0.953440,1,1
data\val\ai\ai_000049.png,1,ai,clean,0.989917,1,1
data\val\ai\ai_000050.png,1,ai,clean,0.982101,1,1
data\val\ai\ai_000051.png,1,ai,clean,0.996987,1,1
data\val\ai\ai_000052.png,1,ai,clean,0.998929,1,1
data\val\ai\ai_000053.png,1,ai,clean,0.996002,1,1
data\val\ai\ai_000054.png,1,ai,clean,0.986323,1,1
data\val\ai\ai_000055.png,1,ai,clean,0.850914,1,1
data\val\ai\ai_000056.png,1,ai,clean,0.959608,1,1
data\val\ai\ai_000057.png,1,ai,clean,0.963481,1,1
data\val\ai\ai_000058.png,1,ai,clean,0.538228,1,1
data\val\ai\ai_000059.png,1,ai,clean,0.970707,1,1
data\val\ai\ai_000060.png,1,ai,clean,0.891979,1,1
data\val\ai\ai_000061.png,1,ai,clean,0.988676,1,1
data\val\ai\ai_000062.png,1,ai,clean,0.993739,1,1
data\val\ai\ai_000063.png,1,ai,clean,0.997301,1,1
data\val\ai\ai_000064.png,1,ai,clean,0.880686,1,1
data\val\ai\ai_000065.png,1,ai,clean,0.992272,1,1
data\val\ai\ai_000066.png,1,ai,clean,0.970483,1,1
data\val\ai\ai_000067.png,1,ai,clean,0.998804,1,1
data\val\ai\ai_000068.png,1,ai,clean,0.901978,1,1
data\val\ai\ai_000069.png,1,ai,clean,0.998444,1,1
data\val\ai\ai_000070.png,1,ai,clean,0.966543,1,1
data\val\ai\ai_000071.png,1,ai,clean,0.999589,1,1
data\val\ai\ai_000072.png,1,ai,clean,0.956667,1,1
data\val\ai\ai_000073.png,1,ai,clean,0.998810,1,1
data\val\ai\ai_000074.png,1,ai,clean,0.998733,1,1
data\val\ai\ai_000075.png,1,ai,clean,0.999228,1,1
data\val\ai\ai_000076.png,1,ai,clean,0.987745,1,1
data\val\ai\ai_000077.png,1,ai,clean,0.990446,1,1
data\val\ai\ai_000078.png,1,ai,clean,0.654937,1,1
data\val\ai\ai_000079.png,1,ai,clean,0.932713,1,1
data\val\ai\ai_000080.png,1,ai,clean,0.885539,1,1
data\val\ai\ai_000081.png,1,ai,clean,0.998689,1,1
data\val\ai\ai_000082.png,1,ai,clean,0.999496,1,1
data\val\ai\ai_000083.png,1,ai,clean,0.993702,1,1
data\val\ai\ai_000084.png,1,ai,clean,0.991553,1,1
data\val\ai\ai_000085.png,1,ai,clean,0.985451,1,1
data\val\ai\ai_000086.png,1,ai,clean,0.868036,1,1
data\val\ai\ai_000087.png,1,ai,clean,0.996222,1,1
data\val\ai\ai_000088.png,1,ai,clean,0.962264,1,1
data\val\ai\ai_000089.png,1,ai,clean,0.980611,1,1
data\val\ai\ai_000090.png,1,ai,clean,0.935898,1,1
data\val\ai\ai_000091.png,1,ai,clean,0.987486,1,1
data\val\ai\ai_000092.png,1,ai,clean,0.995737,1,1
data\val\ai\ai_000093.png,1,ai,clean,0.996895,1,1
data\val\ai\ai_000094.png,1,ai,clean,0.999425,1,1
data\val\ai\ai_000095.png,1,ai,clean,0.992749,1,1
data\val\ai\ai_000096.png,1,ai,clean,0.992134,1,1
data\val\ai\ai_000097.png,1,ai,clean,0.697387,1,1
data\val\ai\ai_000098.png,1,ai,clean,0.982995,1,1
data\val\ai\ai_000099.png,1,ai,clean,0.813755,1,1
data\val\ai\ai_000100.png,1,ai,clean,0.987330,1,1
data\val\ai\ai_000101.png,1,ai,clean,0.996302,1,1
data\val\ai\ai_000102.png,1,ai,clean,0.833651,1,1
data\val\ai\ai_000103.png,1,ai,clean,0.994443,1,1
data\val\ai\ai_000104.png,1,ai,clean,0.996326,1,1
data\val\ai\ai_000105.png,1,ai,clean,0.613049,1,1
data\val\ai\ai_000106.png,1,ai,clean,0.887584,1,1
data\val\ai\ai_000107.png,1,ai,clean,0.977376,1,1
data\val\ai\ai_000108.png,1,ai,clean,0.996975,1,1
data\val\ai\ai_000109.png,1,ai,clean,0.999842,1,1
data\val\ai\ai_000110.png,1,ai,clean,0.978450,1,1
data\val\ai\ai_000111.png,1,ai,clean,0.981479,1,1
data\val\ai\ai_000112.png,1,ai,clean,0.917683,1,1
data\val\ai\ai_000113.png,1,ai,clean,0.995032,1,1
data\val\ai\ai_000114.png,1,ai,clean,0.993378,1,1
data\val\ai\ai_000115.png,1,ai,clean,0.980856,1,1
data\val\ai\ai_000116.png,1,ai,clean,0.917658,1,1
data\val\ai\ai_000117.png,1,ai,clean,0.991517,1,1
data\val\ai\ai_000118.png,1,ai,clean,0.997268,1,1
data\val\ai\ai_000119.png,1,ai,clean,0.984770,1,1
data\val\ai\ai_000120.png,1,ai,clean,0.886436,1,1
data\val\ai\ai_000121.png,1,ai,clean,0.998978,1,1
data\val\ai\ai_000122.png,1,ai,clean,0.985744,1,1
data\val\ai\ai_000123.png,1,ai,clean,0.973262,1,1
data\val\ai\ai_000124.png,1,ai,clean,0.900810,1,1
data\val\ai\ai_000125.png,1,ai,clean,0.998707,1,1
data\val\ai\ai_000126.png,1,ai,clean,0.979506,1,1
data\val\ai\ai_000127.png,1,ai,clean,0.996957,1,1
data\val\ai\ai_000128.png,1,ai,clean,0.994609,1,1
data\val\ai\ai_000129.png,1,ai,clean,0.991107,1,1
data\val\ai\ai_000130.png,1,ai,clean,0.700663,1,1
data\val\ai\ai_000131.png,1,ai,clean,0.996297,1,1
data\val\ai\ai_000132.png,1,ai,clean,0.978657,1,1
data\val\ai\ai_000133.png,1,ai,clean,0.998874,1,1
data\val\ai\ai_000134.png,1,ai,clean,0.997764,1,1
data\val\ai\ai_000135.png,1,ai,clean,0.999606,1,1
data\val\ai\ai_000136.png,1,ai,clean,0.850904,1,1
data\val\ai\ai_000137.png,1,ai,clean,0.950110,1,1
data\val\ai\ai_000138.png,1,ai,clean,0.856697,1,1
data\val\ai\ai_000139.png,1,ai,clean,0.997593,1,1
data\val\ai\ai_000140.png,1,ai,clean,0.914784,1,1
data\val\ai\ai_000141.png,1,ai,clean,0.999626,1,1
data\val\ai\ai_000142.png,1,ai,clean,0.976429,1,1
data\val\ai\ai_000143.png,1,ai,clean,0.998343,1,1
data\val\ai\ai_000144.png,1,ai,clean,0.995071,1,1
data\val\ai\ai_000145.png,1,ai,clean,0.996393,1,1
data\val\ai\ai_000146.png,1,ai,clean,0.994138,1,1
data\val\ai\ai_000147.png,1,ai,clean,0.988747,1,1
data\val\ai\ai_000148.png,1,ai,clean,0.381756,0,0
data\val\ai\ai_000149.png,1,ai,clean,0.997393,1,1
data\val\ai\ai_000150.png,1,ai,clean,0.940436,1,1
data\val\ai\ai_000151.png,1,ai,clean,0.905493,1,1
data\val\ai\ai_000152.png,1,ai,clean,0.972951,1,1
data\val\ai\ai_000153.png,1,ai,clean,0.999352,1,1
data\val\ai\ai_000154.png,1,ai,clean,0.995869,1,1
data\val\ai\ai_000155.png,1,ai,clean,0.995439,1,1
data\val\ai\ai_000156.png,1,ai,clean,0.771049,1,1
data\val\ai\ai_000157.png,1,ai,clean,0.982827,1,1
data\val\ai\ai_000158.png,1,ai,clean,0.560600,1,1
data\val\ai\ai_000159.png,1,ai,clean,0.999640,1,1
data\val\ai\ai_000160.png,1,ai,clean,0.382688,0,0
data\val\ai\ai_000161.png,1,ai,clean,0.996356,1,1
data\val\ai\ai_000162.png,1,ai,clean,0.995347,1,1
data\val\ai\ai_000163.png,1,ai,clean,0.999167,1,1
data\val\ai\ai_000164.png,1,ai,clean,0.999390,1,1
data\val\ai\ai_000165.png,1,ai,clean,0.999815,1,1
data\val\ai\ai_000166.png,1,ai,clean,0.988954,1,1
data\val\ai\ai_000167.png,1,ai,clean,0.984508,1,1
data\val\ai\ai_000168.png,1,ai,clean,0.627178,1,1
data\val\ai\ai_000169.png,1,ai,clean,0.996098,1,1
data\val\ai\ai_000170.png,1,ai,clean,0.990111,1,1
data\val\ai\ai_000171.png,1,ai,clean,0.992222,1,1
data\val\ai\ai_000172.png,1,ai,clean,0.989405,1,1
data\val\ai\ai_000173.png,1,ai,clean,0.991361,1,1
data\val\ai\ai_000174.png,1,ai,clean,0.999906,1,1
data\val\ai\ai_000175.png,1,ai,clean,0.996500,1,1
data\val\ai\ai_000176.png,1,ai,clean,0.992788,1,1
data\val\ai\ai_000177.png,1,ai,clean,0.995967,1,1
data\val\ai\ai_000178.png,1,ai,clean,0.859347,1,1
data\val\ai\ai_000179.png,1,ai,clean,0.999418,1,1
data\val\ai\ai_000180.png,1,ai,clean,0.977996,1,1
data\val\ai\ai_000181.png,1,ai,clean,0.990782,1,1
data\val\ai\ai_000182.png,1,ai,clean,0.964166,1,1
data\val\ai\ai_000183.png,1,ai,clean,0.988343,1,1
data\val\ai\ai_000184.png,1,ai,clean,0.997321,1,1
data\val\ai\ai_000185.png,1,ai,clean,0.991481,1,1
data\val\ai\ai_000186.png,1,ai,clean,0.902986,1,1
data\val\ai\ai_000187.png,1,ai,clean,0.992375,1,1
data\val\ai\ai_000188.png,1,ai,clean,0.842737,1,1
data\val\ai\ai_000189.png,1,ai,clean,0.997447,1,1
data\val\ai\ai_000190.png,1,ai,clean,0.970426,1,1
data\val\ai\ai_000191.png,1,ai,clean,0.874179,1,1
data\val\ai\ai_000192.png,1,ai,clean,0.998043,1,1
data\val\ai\ai_000193.png,1,ai,clean,0.999814,1,1
data\val\ai\ai_000194.png,1,ai,clean,0.995397,1,1
data\val\ai\ai_000195.png,1,ai,clean,0.997029,1,1
data\val\ai\ai_000196.png,1,ai,clean,0.998649,1,1
data\val\ai\ai_000197.png,1,ai,clean,0.973227,1,1
data\val\ai\ai_000198.png,1,ai,clean,0.984927,1,1
data\val\ai\ai_000199.png,1,ai,clean,0.968212,1,1
data\val\ai\ai_000200.png,1,ai,clean,0.960506,1,1
data\val\ai\ai_000201.png,1,ai,clean,0.973043,1,1
data\val\ai\ai_000202.png,1,ai,clean,0.912966,1,1
data\val\ai\ai_000203.png,1,ai,clean,0.999426,1,1
data\val\ai\ai_000204.png,1,ai,clean,0.997380,1,1
data\val\ai\ai_000205.png,1,ai,clean,0.960699,1,1
data\val\ai\ai_000206.png,1,ai,clean,0.999357,1,1
data\val\ai\ai_000207.png,1,ai,clean,0.998155,1,1
data\val\ai\ai_000208.png,1,ai,clean,0.970185,1,1
data\val\ai\ai_000209.png,1,ai,clean,0.998604,1,1
data\val\ai\ai_000210.png,1,ai,clean,0.927226,1,1
data\val\ai\ai_000211.png,1,ai,clean,0.999505,1,1
data\val\ai\ai_000212.png,1,ai,clean,0.999242,1,1
data\val\ai\ai_000213.png,1,ai,clean,0.991577,1,1
data\val\ai\ai_000214.png,1,ai,clean,0.999732,1,1
data\val\ai\ai_000215.png,1,ai,clean,0.983111,1,1
data\val\ai\ai_000216.png,1,ai,clean,0.986793,1,1
data\val\ai\ai_000217.png,1,ai,clean,0.961891,1,1
data\val\ai\ai_000218.png,1,ai,clean,0.934234,1,1
data\val\ai\ai_000219.png,1,ai,clean,0.995053,1,1
data\val\ai\ai_000220.png,1,ai,clean,0.787156,1,1
data\val\ai\ai_000221.png,1,ai,clean,0.994704,1,1
data\val\ai\ai_000222.png,1,ai,clean,0.937486,1,1
data\val\ai\ai_000223.png,1,ai,clean,0.998137,1,1
data\val\ai\ai_000224.png,1,ai,clean,0.992409,1,1
data\val\ai\ai_000225.png,1,ai,clean,0.994585,1,1
data\val\ai\ai_000226.png,1,ai,clean,0.994047,1,1
data\val\ai\ai_000227.png,1,ai,clean,0.981046,1,1
data\val\ai\ai_000228.png,1,ai,clean,0.124431,0,0
data\val\ai\ai_000229.png,1,ai,clean,0.996532,1,1
data\val\ai\ai_000230.png,1,ai,clean,0.975020,1,1
data\val\ai\ai_000231.png,1,ai,clean,0.999681,1,1
data\val\ai\ai_000232.png,1,ai,clean,0.943976,1,1
data\val\ai\ai_000233.png,1,ai,clean,0.989042,1,1
data\val\ai\ai_000234.png,1,ai,clean,0.999779,1,1
data\val\ai\ai_000235.png,1,ai,clean,0.998364,1,1
data\val\ai\ai_000236.png,1,ai,clean,0.974379,1,1
data\val\ai\ai_000237.png,1,ai,clean,0.964228,1,1
data\val\ai\ai_000238.png,1,ai,clean,0.941288,1,1
data\val\ai\ai_000239.png,1,ai,clean,0.922258,1,1
data\val\ai\ai_000240.png,1,ai,clean,0.919261,1,1
data\val\ai\ai_000241.png,1,ai,clean,0.984741,1,1
data\val\ai\ai_000242.png,1,ai,clean,0.999308,1,1
data\val\ai\ai_000243.png,1,ai,clean,0.991039,1,1
data\val\ai\ai_000244.png,1,ai,clean,0.998604,1,1
data\val\ai\ai_000245.png,1,ai,clean,0.923445,1,1
data\val\ai\ai_000246.png,1,ai,clean,0.998410,1,1
data\val\ai\ai_000247.png,1,ai,clean,0.941134,1,1
data\val\ai\ai_000248.png,1,ai,clean,0.993738,1,1
data\val\ai\ai_000249.png,1,ai,clean,0.998970,1,1
data\val\ai\ai_000250.png,1,ai,clean,0.647567,1,1
data\val\ai\ai_000251.png,1,ai,clean,0.977147,1,1
data\val\ai\ai_000252.png,1,ai,clean,0.996739,1,1
data\val\ai\ai_000253.png,1,ai,clean,0.998705,1,1
data\val\ai\ai_000254.png,1,ai,clean,0.962729,1,1
data\val\ai\ai_000255.png,1,ai,clean,0.885243,1,1
data\val\ai\ai_000256.png,1,ai,clean,0.673182,1,1
data\val\ai\ai_000257.png,1,ai,clean,0.996690,1,1
data\val\ai\ai_000258.png,1,ai,clean,0.938283,1,1
data\val\ai\ai_000259.png,1,ai,clean,0.999343,1,1
data\val\ai\ai_000260.png,1,ai,clean,0.766680,1,1
data\val\ai\ai_000261.png,1,ai,clean,0.994748,1,1
data\val\ai\ai_000262.png,1,ai,clean,0.997039,1,1
data\val\ai\ai_000263.png,1,ai,clean,0.995650,1,1
data\val\ai\ai_000264.png,1,ai,clean,0.999811,1,1
data\val\ai\ai_000265.png,1,ai,clean,0.995505,1,1
data\val\ai\ai_000266.png,1,ai,clean,0.971126,1,1
data\val\ai\ai_000267.png,1,ai,clean,0.997405,1,1
data\val\ai\ai_000268.png,1,ai,clean,0.919807,1,1
data\val\ai\ai_000269.png,1,ai,clean,0.997393,1,1
data\val\ai\ai_000270.png,1,ai,clean,0.876157,1,1
data\val\ai\ai_000271.png,1,ai,clean,0.996545,1,1
data\val\ai\ai_000272.png,1,ai,clean,0.997992,1,1
data\val\ai\ai_000273.png,1,ai,clean,0.998874,1,1
data\val\ai\ai_000274.png,1,ai,clean,0.997727,1,1
data\val\ai\ai_000275.png,1,ai,clean,0.998124,1,1
data\val\ai\ai_000276.png,1,ai,clean,0.997606,1,1
data\val\ai\ai_000277.png,1,ai,clean,0.980663,1,1
data\val\ai\ai_000278.png,1,ai,clean,0.995872,1,1
data\val\ai\ai_000279.png,1,ai,clean,0.991806,1,1
data\val\ai\ai_000280.png,1,ai,clean,0.904241,1,1
data\val\ai\ai_000281.png,1,ai,clean,0.975716,1,1
data\val\ai\ai_000282.png,1,ai,clean,0.928108,1,1
data\val\ai\ai_000283.png,1,ai,clean,0.998538,1,1
data\val\ai\ai_000284.png,1,ai,clean,0.989403,1,1
data\val\ai\ai_000285.png,1,ai,clean,0.996064,1,1
data\val\ai\ai_000286.png,1,ai,clean,0.993672,1,1
data\val\ai\ai_000287.png,1,ai,clean,0.985651,1,1
data\val\ai\ai_000288.png,1,ai,clean,0.408282,0,0
data\val\ai\ai_000289.png,1,ai,clean,0.995798,1,1
data\val\ai\ai_000290.png,1,ai,clean,0.795425,1,1
data\val\ai\ai_000291.png,1,ai,clean,0.998289,1,1
data\val\ai\ai_000292.png,1,ai,clean,0.994796,1,1
data\val\ai\ai_000293.png,1,ai,clean,0.639219,1,1
data\val\ai\ai_000294.png,1,ai,clean,0.996805,1,1
data\val\ai\ai_000295.png,1,ai,clean,0.996766,1,1
data\val\ai\ai_000296.png,1,ai,clean,0.998003,1,1
data\val\ai\ai_000297.png,1,ai,clean,0.998065,1,1
data\val\ai\ai_000298.png,1,ai,clean,0.990465,1,1
data\val\ai\ai_000299.png,1,ai,clean,0.976684,1,1
data\val\ai\ai_000300.png,1,ai,clean,0.711006,1,1
data\val\ai\ai_000301.png,1,ai,clean,0.959239,1,1
data\val\ai\ai_000302.png,1,ai,clean,0.740558,1,1
data\val\ai\ai_000303.png,1,ai,clean,0.987117,1,1
data\val\ai\ai_000304.png,1,ai,clean,0.994774,1,1
data\val\ai\ai_000305.png,1,ai,clean,0.970134,1,1
data\val\ai\ai_000306.png,1,ai,clean,0.989351,1,1
data\val\ai\ai_000307.png,1,ai,clean,0.980462,1,1
data\val\ai\ai_000308.png,1,ai,clean,0.937015,1,1
data\val\ai\ai_000309.png,1,ai,clean,0.957218,1,1
data\val\ai\ai_000310.png,1,ai,clean,0.937737,1,1
data\val\ai\ai_000311.png,1,ai,clean,0.988169,1,1
data\val\ai\ai_000312.png,1,ai,clean,0.962976,1,1
data\val\ai\ai_000313.png,1,ai,clean,0.809707,1,1
data\val\ai\ai_000314.png,1,ai,clean,0.996059,1,1
data\val\ai\ai_000315.png,1,ai,clean,0.997552,1,1
data\val\ai\ai_000316.png,1,ai,clean,0.996930,1,1
data\val\ai\ai_000317.png,1,ai,clean,0.999505,1,1
data\val\ai\ai_000318.png,1,ai,clean,0.239394,0,0
data\val\ai\ai_000319.png,1,ai,clean,0.963476,1,1
data\val\ai\ai_000320.png,1,ai,clean,0.981557,1,1
data\val\ai\ai_000321.png,1,ai,clean,0.994205,1,1
data\val\ai\ai_000322.png,1,ai,clean,0.952020,1,1
data\val\ai\ai_000323.png,1,ai,clean,0.998615,1,1
data\val\ai\ai_000324.png,1,ai,clean,0.999592,1,1
data\val\ai\ai_000325.png,1,ai,clean,0.989405,1,1
data\val\ai\ai_000326.png,1,ai,clean,0.997108,1,1
data\val\ai\ai_000327.png,1,ai,clean,0.999596,1,1
data\val\ai\ai_000328.png,1,ai,clean,0.954518,1,1
data\val\ai\ai_000329.png,1,ai,clean,0.985368,1,1
data\val\ai\ai_000330.png,1,ai,clean,0.984255,1,1
data\val\ai\ai_000331.png,1,ai,clean,0.986505,1,1
data\val\ai\ai_000332.png,1,ai,clean,0.895930,1,1
data\val\ai\ai_000333.png,1,ai,clean,0.997524,1,1
data\val\ai\ai_000334.png,1,ai,clean,0.975352,1,1
data\val\ai\ai_000335.png,1,ai,clean,0.999175,1,1
data\val\ai\ai_000336.png,1,ai,clean,0.908954,1,1
data\val\ai\ai_000337.png,1,ai,clean,0.998999,1,1
data\val\ai\ai_000338.png,1,ai,clean,0.804603,1,1
data\val\ai\ai_000339.png,1,ai,clean,0.998883,1,1
data\val\ai\ai_000340.png,1,ai,clean,0.984706,1,1
data\val\ai\ai_000341.png,1,ai,clean,0.992461,1,1
data\val\ai\ai_000342.png,1,ai,clean,0.755649,1,1
data\val\ai\ai_000343.png,1,ai,clean,0.998980,1,1
data\val\ai\ai_000344.png,1,ai,clean,0.994523,1,1
data\val\ai\ai_000345.png,1,ai,clean,0.992294,1,1
data\val\ai\ai_000346.png,1,ai,clean,0.998041,1,1
data\val\ai\ai_000347.png,1,ai,clean,0.989581,1,1
data\val\ai\ai_000348.png,1,ai,clean,0.956541,1,1
data\val\ai\ai_000349.png,1,ai,clean,0.998966,1,1
data\val\ai\ai_000350.png,1,ai,clean,0.838785,1,1
data\val\ai\ai_000351.png,1,ai,clean,0.990944,1,1
data\val\ai\ai_000352.png,1,ai,clean,0.933143,1,1
data\val\ai\ai_000353.png,1,ai,clean,0.979799,1,1
data\val\ai\ai_000354.png,1,ai,clean,0.998611,1,1
data\val\ai\ai_000355.png,1,ai,clean,0.994663,1,1
data\val\ai\ai_000356.png,1,ai,clean,0.935150,1,1
data\val\ai\ai_000357.png,1,ai,clean,0.990133,1,1
data\val\ai\ai_000358.png,1,ai,clean,0.253888,0,0
data\val\ai\ai_000359.png,1,ai,clean,0.997353,1,1
data\val\ai\ai_000360.png,1,ai,clean,0.938870,1,1
data\val\ai\ai_000361.png,1,ai,clean,0.998327,1,1
data\val\ai\ai_000362.png,1,ai,clean,0.921295,1,1
data\val\ai\ai_000363.png,1,ai,clean,0.998909,1,1
data\val\ai\ai_000364.png,1,ai,clean,0.999584,1,1
data\val\ai\ai_000365.png,1,ai,clean,0.819185,1,1
data\val\ai\ai_000366.png,1,ai,clean,0.916037,1,1
data\val\ai\ai_000367.png,1,ai,clean,0.991051,1,1
data\val\ai\ai_000368.png,1,ai,clean,0.550719,1,1
data\val\ai\ai_000369.png,1,ai,clean,0.994961,1,1
data\val\ai\ai_000370.png,1,ai,clean,0.702056,1,1
data\val\ai\ai_000371.png,1,ai,clean,0.991600,1,1
data\val\ai\ai_000372.png,1,ai,clean,0.971002,1,1
data\val\ai\ai_000373.png,1,ai,clean,0.988108,1,1
data\val\ai\ai_000374.png,1,ai,clean,0.999257,1,1
data\val\ai\ai_000375.png,1,ai,clean,0.997222,1,1
data\val\ai\ai_000376.png,1,ai,clean,0.792232,1,1
data\val\ai\ai_000377.png,1,ai,clean,0.946742,1,1
data\val\ai\ai_000378.png,1,ai,clean,0.997504,1,1
data\val\ai\ai_000379.png,1,ai,clean,0.959995,1,1
data\val\ai\ai_000380.png,1,ai,clean,0.944374,1,1
data\val\ai\ai_000381.png,1,ai,clean,0.943401,1,1
data\val\ai\ai_000382.png,1,ai,clean,0.740991,1,1
data\val\ai\ai_000383.png,1,ai,clean,0.995986,1,1
data\val\ai\ai_000384.png,1,ai,clean,0.961956,1,1
data\val\ai\ai_000385.png,1,ai,clean,0.995779,1,1
data\val\ai\ai_000386.png,1,ai,clean,0.976070,1,1
data\val\ai\ai_000387.png,1,ai,clean,0.999224,1,1
data\val\ai\ai_000388.png,1,ai,clean,0.994405,1,1
data\val\ai\ai_000389.png,1,ai,clean,0.977607,1,1
data\val\ai\ai_000390.png,1,ai,clean,0.998832,1,1
data\val\ai\ai_000391.png,1,ai,clean,0.975471,1,1
data\val\ai\ai_000392.png,1,ai,clean,0.942077,1,1
data\val\ai\ai_000393.png,1,ai,clean,0.996704,1,1
data\val\ai\ai_000394.png,1,ai,clean,0.998455,1,1
data\val\ai\ai_000395.png,1,ai,clean,0.983618,1,1
data\val\ai\ai_000396.png,1,ai,clean,0.987297,1,1
data\val\ai\ai_000397.png,1,ai,clean,0.997956,1,1
data\val\ai\ai_000398.png,1,ai,clean,0.919952,1,1
data\val\ai\ai_000399.png,1,ai,clean,0.980854,1,1
data\val\ai\ai_000400.png,1,ai,clean,0.832080,1,1
data\val\ai\ai_000401.png,1,ai,clean,0.996060,1,1
data\val\ai\ai_000402.png,1,ai,clean,0.989106,1,1
data\val\ai\ai_000403.png,1,ai,clean,0.995706,1,1
data\val\ai\ai_000404.png,1,ai,clean,0.989736,1,1
data\val\ai\ai_000405.png,1,ai,clean,0.999128,1,1
data\val\ai\ai_000406.png,1,ai,clean,0.999530,1,1
data\val\ai\ai_000407.png,1,ai,clean,0.915061,1,1
data\val\ai\ai_000408.png,1,ai,clean,0.987988,1,1
data\val\ai\ai_000409.png,1,ai,clean,0.987752,1,1
data\val\ai\ai_000410.png,1,ai,clean,0.932612,1,1
data\val\ai\ai_000411.png,1,ai,clean,0.998006,1,1
data\val\ai\ai_000412.png,1,ai,clean,0.998736,1,1
data\val\ai\ai_000413.png,1,ai,clean,0.992802,1,1
data\val\ai\ai_000414.png,1,ai,clean,0.999816,1,1
data\val\ai\ai_000415.png,1,ai,clean,0.992752,1,1
data\val\ai\ai_000416.png,1,ai,clean,0.919666,1,1
data\val\ai\ai_000417.png,1,ai,clean,0.993865,1,1
data\val\ai\ai_000418.png,1,ai,clean,0.513252,1,1
data\val\ai\ai_000419.png,1,ai,clean,0.973093,1,1
data\val\ai\ai_000420.png,1,ai,clean,0.960924,1,1
data\val\ai\ai_000421.png,1,ai,clean,0.999278,1,1
data\val\ai\ai_000422.png,1,ai,clean,0.597646,1,1
data\val\ai\ai_000423.png,1,ai,clean,0.956921,1,1
data\val\ai\ai_000424.png,1,ai,clean,0.999819,1,1
data\val\ai\ai_000425.png,1,ai,clean,0.960967,1,1
data\val\ai\ai_000426.png,1,ai,clean,0.729440,1,1
data\val\ai\ai_000427.png,1,ai,clean,0.995841,1,1
data\val\ai\ai_000428.png,1,ai,clean,0.986959,1,1
data\val\ai\ai_000429.png,1,ai,clean,0.997905,1,1
data\val\ai\ai_000430.png,1,ai,clean,0.966167,1,1
data\val\ai\ai_000431.png,1,ai,clean,0.961992,1,1
data\val\ai\ai_000432.png,1,ai,clean,0.996006,1,1
data\val\ai\ai_000433.png,1,ai,clean,0.999106,1,1
data\val\ai\ai_000434.png,1,ai,clean,0.989330,1,1
data\val\ai\ai_000435.png,1,ai,clean,0.991277,1,1
data\val\ai\ai_000436.png,1,ai,clean,0.993258,1,1
data\val\ai\ai_000437.png,1,ai,clean,0.982298,1,1
data\val\ai\ai_000438.png,1,ai,clean,0.991863,1,1
data\val\ai\ai_000439.png,1,ai,clean,0.893809,1,1
data\val\ai\ai_000440.png,1,ai,clean,0.962725,1,1
data\val\ai\ai_000441.png,1,ai,clean,0.919400,1,1
data\val\ai\ai_000442.png,1,ai,clean,0.993021,1,1
data\val\ai\ai_000443.png,1,ai,clean,0.998750,1,1
data\val\ai\ai_000444.png,1,ai,clean,0.998862,1,1
data\val\ai\ai_000445.png,1,ai,clean,0.991784,1,1
data\val\ai\ai_000446.png,1,ai,clean,0.993769,1,1
data\val\ai\ai_000447.png,1,ai,clean,0.994334,1,1
data\val\ai\ai_000448.png,1,ai,clean,0.450539,0,0
data\val\ai\ai_000449.png,1,ai,clean,0.999572,1,1
data\val\ai\ai_000450.png,1,ai,clean,0.996534,1,1
data\val\ai\ai_000451.png,1,ai,clean,0.976362,1,1
data\val\ai\ai_000452.png,1,ai,clean,0.933424,1,1
data\val\ai\ai_000453.png,1,ai,clean,0.998924,1,1
data\val\ai\ai_000454.png,1,ai,clean,0.967852,1,1
data\val\ai\ai_000455.png,1,ai,clean,0.997998,1,1
data\val\ai\ai_000456.png,1,ai,clean,0.990464,1,1
data\val\ai\ai_000457.png,1,ai,clean,0.988850,1,1
data\val\ai\ai_000458.png,1,ai,clean,0.968239,1,1
data\val\ai\ai_000459.png,1,ai,clean,0.718445,1,1
data\val\ai\ai_000460.png,1,ai,clean,0.976129,1,1
data\val\ai\ai_000461.png,1,ai,clean,0.945604,1,1
data\val\ai\ai_000462.png,1,ai,clean,0.983592,1,1
data\val\ai\ai_000463.png,1,ai,clean,0.994321,1,1
data\val\ai\ai_000464.png,1,ai,clean,0.996276,1,1
data\val\ai\ai_000465.png,1,ai,clean,0.998543,1,1
data\val\ai\ai_000466.png,1,ai,clean,0.634005,1,1
data\val\ai\ai_000467.png,1,ai,clean,0.988340,1,1
data\val\ai\ai_000468.png,1,ai,clean,0.856505,1,1
data\val\ai\ai_000469.png,1,ai,clean,0.998904,1,1
data\val\ai\ai_000470.png,1,ai,clean,0.836578,1,1
data\val\ai\ai_000471.png,1,ai,clean,0.999614,1,1
data\val\ai\ai_000472.png,1,ai,clean,0.990546,1,1
data\val\ai\ai_000473.png,1,ai,clean,0.912967,1,1
data\val\ai\ai_000474.png,1,ai,clean,0.995596,1,1
data\val\ai\ai_000475.png,1,ai,clean,0.998643,1,1
data\val\ai\ai_000476.png,1,ai,clean,0.949611,1,1
data\val\ai\ai_000477.png,1,ai,clean,0.989957,1,1
data\val\ai\ai_000478.png,1,ai,clean,0.993700,1,1
data\val\ai\ai_000479.png,1,ai,clean,0.960024,1,1
data\val\ai\ai_000480.png,1,ai,clean,0.905051,1,1
data\val\ai\ai_000481.png,1,ai,clean,0.998541,1,1
data\val\ai\ai_000482.png,1,ai,clean,0.891427,1,1
data\val\ai\ai_000483.png,1,ai,clean,0.931213,1,1
data\val\ai\ai_000484.png,1,ai,clean,0.997214,1,1
data\val\ai\ai_000485.png,1,ai,clean,0.972309,1,1
data\val\ai\ai_000486.png,1,ai,clean,0.996369,1,1
data\val\ai\ai_000487.png,1,ai,clean,0.996084,1,1
data\val\ai\ai_000488.png,1,ai,clean,0.715991,1,1
data\val\ai\ai_000489.png,1,ai,clean,0.994261,1,1
data\val\ai\ai_000490.png,1,ai,clean,0.955753,1,1
data\val\ai\ai_000491.png,1,ai,clean,0.982398,1,1
data\val\ai\ai_000492.png,1,ai,clean,0.995220,1,1
data\val\ai\ai_000493.png,1,ai,clean,0.967013,1,1
data\val\ai\ai_000494.png,1,ai,clean,0.998201,1,1
data\val\ai\ai_000495.png,1,ai,clean,0.988009,1,1
data\val\ai\ai_000496.png,1,ai,clean,0.880585,1,1
data\val\ai\ai_000497.png,1,ai,clean,0.995029,1,1
data\val\ai\ai_000498.png,1,ai,clean,0.928904,1,1
data\val\ai\ai_000499.png,1,ai,clean,0.998874,1,1
data\val\ai\ai_000500.png,1,ai,clean,0.940625,1,1
data\val\real\000000000139.jpg,0,real,jpeg_q90,0.856300,1,0
data\val\real\000000000285.jpg,0,real,jpeg_q90,0.075347,0,1
data\val\real\000000000632.jpg,0,real,jpeg_q90,0.950001,1,0
data\val\real\000000000724.jpg,0,real,jpeg_q90,0.119360,0,1
data\val\real\000000000776.jpg,0,real,jpeg_q90,0.036895,0,1
data\val\real\000000000785.jpg,0,real,jpeg_q90,0.395949,0,1
data\val\real\000000000802.jpg,0,real,jpeg_q90,0.421982,0,1
data\val\real\000000000872.jpg,0,real,jpeg_q90,0.028553,0,1
data\val\real\000000000885.jpg,0,real,jpeg_q90,0.185309,0,1
data\val\real\000000001000.jpg,0,real,jpeg_q90,0.002673,0,1
data\val\real\000000001268.jpg,0,real,jpeg_q90,0.054471,0,1
data\val\real\000000001296.jpg,0,real,jpeg_q90,0.221467,0,1
data\val\real\000000001353.jpg,0,real,jpeg_q90,0.002743,0,1
data\val\real\000000001425.jpg,0,real,jpeg_q90,0.760670,1,0
data\val\real\000000001490.jpg,0,real,jpeg_q90,0.138460,0,1
data\val\real\000000001503.jpg,0,real,jpeg_q90,0.530242,1,0
data\val\real\000000001532.jpg,0,real,jpeg_q90,0.065208,0,1
data\val\real\000000001584.jpg,0,real,jpeg_q90,0.300744,0,1
data\val\real\000000001675.jpg,0,real,jpeg_q90,0.186638,0,1
data\val\real\000000001761.jpg,0,real,jpeg_q90,0.011848,0,1
data\val\real\000000001818.jpg,0,real,jpeg_q90,0.250945,0,1
data\val\real\000000001993.jpg,0,real,jpeg_q90,0.216475,0,1
data\val\real\000000002006.jpg,0,real,jpeg_q90,0.069008,0,1
data\val\real\000000002149.jpg,0,real,jpeg_q90,0.230490,0,1
data\val\real\000000002153.jpg,0,real,jpeg_q90,0.008869,0,1
data\val\real\000000002157.jpg,0,real,jpeg_q90,0.201976,0,1
data\val\real\000000002261.jpg,0,real,jpeg_q90,0.013168,0,1
data\val\real\000000002299.jpg,0,real,jpeg_q90,0.010071,0,1
data\val\real\000000002431.jpg,0,real,jpeg_q90,0.073050,0,1
data\val\real\000000002473.jpg,0,real,jpeg_q90,0.014813,0,1
data\val\real\000000002532.jpg,0,real,jpeg_q90,0.021732,0,1
data\val\real\000000002587.jpg,0,real,jpeg_q90,0.023976,0,1
data\val\real\000000002592.jpg,0,real,jpeg_q90,0.045597,0,1
data\val\real\000000002685.jpg,0,real,jpeg_q90,0.002689,0,1
data\val\real\000000002923.jpg,0,real,jpeg_q90,0.045095,0,1
data\val\real\000000003156.jpg,0,real,jpeg_q90,0.443036,0,1
data\val\real\000000003255.jpg,0,real,jpeg_q90,0.420469,0,1
data\val\real\000000003501.jpg,0,real,jpeg_q90,0.213289,0,1
data\val\real\000000003553.jpg,0,real,jpeg_q90,0.066260,0,1
data\val\real\000000003661.jpg,0,real,jpeg_q90,0.013106,0,1
data\val\real\000000003845.jpg,0,real,jpeg_q90,0.150254,0,1
data\val\real\000000003934.jpg,0,real,jpeg_q90,0.001195,0,1
data\val\real\000000004134.jpg,0,real,jpeg_q90,0.004294,0,1
data\val\real\000000004395.jpg,0,real,jpeg_q90,0.019335,0,1
data\val\real\000000004495.jpg,0,real,jpeg_q90,0.132483,0,1
data\val\real\000000004765.jpg,0,real,jpeg_q90,0.253523,0,1
data\val\real\000000004795.jpg,0,real,jpeg_q90,0.001010,0,1
data\val\real\000000005001.jpg,0,real,jpeg_q90,0.023879,0,1
data\val\real\000000005037.jpg,0,real,jpeg_q90,0.144677,0,1
data\val\real\000000005060.jpg,0,real,jpeg_q90,0.083516,0,1
data\val\real\000000005193.jpg,0,real,jpeg_q90,0.003897,0,1
data\val\real\000000005477.jpg,0,real,jpeg_q90,0.130995,0,1
data\val\real\000000005503.jpg,0,real,jpeg_q90,0.016705,0,1
data\val\real\000000005529.jpg,0,real,jpeg_q90,0.044782,0,1
data\val\real\000000005586.jpg,0,real,jpeg_q90,0.014113,0,1
data\val\real\000000005600.jpg,0,real,jpeg_q90,0.015697,0,1
data\val\real\000000005992.jpg,0,real,jpeg_q90,0.043987,0,1
data\val\real\000000006012.jpg,0,real,jpeg_q90,0.082038,0,1
data\val\real\000000006040.jpg,0,real,jpeg_q90,0.587093,1,0
data\val\real\000000006213.jpg,0,real,jpeg_q90,0.413121,0,1
data\val\real\000000006460.jpg,0,real,jpeg_q90,0.110788,0,1
data\val\real\000000006471.jpg,0,real,jpeg_q90,0.038486,0,1
data\val\real\000000006614.jpg,0,real,jpeg_q90,0.165957,0,1
data\val\real\000000006723.jpg,0,real,jpeg_q90,0.240634,0,1
data\val\real\000000006763.jpg,0,real,jpeg_q90,0.000252,0,1
data\val\real\000000006771.jpg,0,real,jpeg_q90,0.002649,0,1
data\val\real\000000006818.jpg,0,real,jpeg_q90,0.052247,0,1
data\val\real\000000006894.jpg,0,real,jpeg_q90,0.015175,0,1
data\val\real\000000006954.jpg,0,real,jpeg_q90,0.112923,0,1
data\val\real\000000007088.jpg,0,real,jpeg_q90,0.018823,0,1
data\val\real\000000007108.jpg,0,real,jpeg_q90,0.041077,0,1
data\val\real\000000007278.jpg,0,real,jpeg_q90,0.282398,0,1
data\val\real\000000007281.jpg,0,real,jpeg_q90,0.004337,0,1
data\val\real\000000007386.jpg,0,real,jpeg_q90,0.121882,0,1
data\val\real\000000007511.jpg,0,real,jpeg_q90,0.050058,0,1
data\val\real\000000007574.jpg,0,real,jpeg_q90,0.186678,0,1
data\val\real\000000007784.jpg,0,real,jpeg_q90,0.394668,0,1
data\val\real\000000007795.jpg,0,real,jpeg_q90,0.793623,1,0
data\val\real\000000007816.jpg,0,real,jpeg_q90,0.011372,0,1
data\val\real\000000007818.jpg,0,real,jpeg_q90,0.539811,1,0
data\val\real\000000007888.jpg,0,real,jpeg_q90,0.800725,1,0
data\val\real\000000007977.jpg,0,real,jpeg_q90,0.271275,0,1
data\val\real\000000007991.jpg,0,real,jpeg_q90,0.058847,0,1
data\val\real\000000008021.jpg,0,real,jpeg_q90,0.008198,0,1
data\val\real\000000008211.jpg,0,real,jpeg_q90,0.276815,0,1
data\val\real\000000008277.jpg,0,real,jpeg_q90,0.096194,0,1
data\val\real\000000008532.jpg,0,real,jpeg_q90,0.009087,0,1
data\val\real\000000008629.jpg,0,real,jpeg_q90,0.104003,0,1
data\val\real\000000008690.jpg,0,real,jpeg_q90,0.003350,0,1
data\val\real\000000008762.jpg,0,real,jpeg_q90,0.342201,0,1
data\val\real\000000008844.jpg,0,real,jpeg_q90,0.115500,0,1
data\val\real\000000008899.jpg,0,real,jpeg_q90,0.521640,1,0
data\val\real\000000009378.jpg,0,real,jpeg_q90,0.031236,0,1
data\val\real\000000009400.jpg,0,real,jpeg_q90,0.001862,0,1
data\val\real\000000009448.jpg,0,real,jpeg_q90,0.019428,0,1
data\val\real\000000009483.jpg,0,real,jpeg_q90,0.062403,0,1
data\val\real\000000009590.jpg,0,real,jpeg_q90,0.203821,0,1
data\val\real\000000009769.jpg,0,real,jpeg_q90,0.192171,0,1
data\val\real\000000009772.jpg,0,real,jpeg_q90,0.075796,0,1
data\val\real\000000009891.jpg,0,real,jpeg_q90,0.003290,0,1
data\val\real\000000009914.jpg,0,real,jpeg_q90,0.121765,0,1
data\val\real\000000010092.jpg,0,real,jpeg_q90,0.193843,0,1
data\val\real\000000010363.jpg,0,real,jpeg_q90,0.007774,0,1
data\val\real\000000010583.jpg,0,real,jpeg_q90,0.032036,0,1
data\val\real\000000010707.jpg,0,real,jpeg_q90,0.000380,0,1
data\val\real\000000010764.jpg,0,real,jpeg_q90,0.196605,0,1
data\val\real\000000010977.jpg,0,real,jpeg_q90,0.367451,0,1
data\val\real\000000010995.jpg,0,real,jpeg_q90,0.242853,0,1
data\val\real\000000011051.jpg,0,real,jpeg_q90,0.029407,0,1
data\val\real\000000011122.jpg,0,real,jpeg_q90,0.009958,0,1
data\val\real\000000011149.jpg,0,real,jpeg_q90,0.008922,0,1
data\val\real\000000011197.jpg,0,real,jpeg_q90,0.033554,0,1
data\val\real\000000011511.jpg,0,real,jpeg_q90,0.103934,0,1
data\val\real\000000011615.jpg,0,real,jpeg_q90,0.109297,0,1
data\val\real\000000011699.jpg,0,real,jpeg_q90,0.019674,0,1
data\val\real\000000011760.jpg,0,real,jpeg_q90,0.512749,1,0
data\val\real\000000011813.jpg,0,real,jpeg_q90,0.466765,0,1
data\val\real\000000012062.jpg,0,real,jpeg_q90,0.031176,0,1
data\val\real\000000012120.jpg,0,real,jpeg_q90,0.049559,0,1
data\val\real\000000012280.jpg,0,real,jpeg_q90,0.796543,1,0
data\val\real\000000012576.jpg,0,real,jpeg_q90,0.214118,0,1
data\val\real\000000012639.jpg,0,real,jpeg_q90,0.023185,0,1
data\val\real\000000012667.jpg,0,real,jpeg_q90,0.297491,0,1
data\val\real\000000012670.jpg,0,real,jpeg_q90,0.003551,0,1
data\val\real\000000012748.jpg,0,real,jpeg_q90,0.053518,0,1
data\val\real\000000013004.jpg,0,real,jpeg_q90,0.264521,0,1
data\val\real\000000013177.jpg,0,real,jpeg_q90,0.041098,0,1
data\val\real\000000013201.jpg,0,real,jpeg_q90,0.063624,0,1
data\val\real\000000013291.jpg,0,real,jpeg_q90,0.104589,0,1
data\val\real\000000013348.jpg,0,real,jpeg_q90,0.113703,0,1
data\val\real\000000013546.jpg,0,real,jpeg_q90,0.006502,0,1
data\val\real\000000013597.jpg,0,real,jpeg_q90,0.697658,1,0
data\val\real\000000013659.jpg,0,real,jpeg_q90,0.001077,0,1
data\val\real\000000013729.jpg,0,real,jpeg_q90,0.018907,0,1
data\val\real\000000013774.jpg,0,real,jpeg_q90,0.387840,0,1
data\val\real\000000013923.jpg,0,real,jpeg_q90,0.565642,1,0
data\val\real\000000014007.jpg,0,real,jpeg_q90,0.054483,0,1
data\val\real\000000014038.jpg,0,real,jpeg_q90,0.859814,1,0
data\val\real\000000014226.jpg,0,real,jpeg_q90,0.185700,0,1
data\val\real\000000014380.jpg,0,real,jpeg_q90,0.536099,1,0
data\val\real\000000014439.jpg,0,real,jpeg_q90,0.032837,0,1
data\val\real\000000014473.jpg,0,real,jpeg_q90,0.027697,0,1
data\val\real\000000014831.jpg,0,real,jpeg_q90,0.006611,0,1
data\val\real\000000014888.jpg,0,real,jpeg_q90,0.058278,0,1
data\val\real\000000015079.jpg,0,real,jpeg_q90,0.398189,0,1
data\val\real\000000015254.jpg,0,real,jpeg_q90,0.023577,0,1
data\val\real\000000015272.jpg,0,real,jpeg_q90,0.479992,0,1
data\val\real\000000015278.jpg,0,real,jpeg_q90,0.081417,0,1
data\val\real\000000015335.jpg,0,real,jpeg_q90,0.000856,0,1
data\val\real\000000015338.jpg,0,real,jpeg_q90,0.399454,0,1
data\val\real\000000015440.jpg,0,real,jpeg_q90,0.902634,1,0
data\val\real\000000015497.jpg,0,real,jpeg_q90,0.005064,0,1
data\val\real\000000015517.jpg,0,real,jpeg_q90,0.117057,0,1
data\val\real\000000015597.jpg,0,real,jpeg_q90,0.000890,0,1
data\val\real\000000015660.jpg,0,real,jpeg_q90,0.226500,0,1
data\val\real\000000015746.jpg,0,real,jpeg_q90,0.086018,0,1
data\val\real\000000015751.jpg,0,real,jpeg_q90,0.021980,0,1
data\val\real\000000015956.jpg,0,real,jpeg_q90,0.019123,0,1
data\val\real\000000016010.jpg,0,real,jpeg_q90,0.029636,0,1
data\val\real\000000016228.jpg,0,real,jpeg_q90,0.397051,0,1
data\val\real\000000016249.jpg,0,real,jpeg_q90,0.158378,0,1
data\val\real\000000016439.jpg,0,real,jpeg_q90,0.636201,1,0
data\val\real\000000016451.jpg,0,real,jpeg_q90,0.229555,0,1
data\val\real\000000016502.jpg,0,real,jpeg_q90,0.131472,0,1
data\val\real\000000016598.jpg,0,real,jpeg_q90,0.005085,0,1
data\val\real\000000016958.jpg,0,real,jpeg_q90,0.105381,0,1
data\val\real\000000017029.jpg,0,real,jpeg_q90,0.048228,0,1
data\val\real\000000017031.jpg,0,real,jpeg_q90,0.108397,0,1
data\val\real\000000017115.jpg,0,real,jpeg_q90,0.294684,0,1
data\val\real\000000017178.jpg,0,real,jpeg_q90,0.561558,1,0
data\val\real\000000017182.jpg,0,real,jpeg_q90,0.551519,1,0
data\val\real\000000017207.jpg,0,real,jpeg_q90,0.013911,0,1
data\val\real\000000017379.jpg,0,real,jpeg_q90,0.717719,1,0
data\val\real\000000017436.jpg,0,real,jpeg_q90,0.012324,0,1
data\val\real\000000017627.jpg,0,real,jpeg_q90,0.001251,0,1
data\val\real\000000017714.jpg,0,real,jpeg_q90,0.070916,0,1
data\val\real\000000017899.jpg,0,real,jpeg_q90,0.002190,0,1
data\val\real\000000017905.jpg,0,real,jpeg_q90,0.000823,0,1
data\val\real\000000017959.jpg,0,real,jpeg_q90,0.028317,0,1
data\val\real\000000018150.jpg,0,real,jpeg_q90,0.000426,0,1
data\val\real\000000018193.jpg,0,real,jpeg_q90,0.002639,0,1
data\val\real\000000018380.jpg,0,real,jpeg_q90,0.139816,0,1
data\val\real\000000018491.jpg,0,real,jpeg_q90,0.014070,0,1
data\val\real\000000018519.jpg,0,real,jpeg_q90,0.497136,0,1
data\val\real\000000018575.jpg,0,real,jpeg_q90,0.087118,0,1
data\val\real\000000018737.jpg,0,real,jpeg_q90,0.074792,0,1
data\val\real\000000018770.jpg,0,real,jpeg_q90,0.102632,0,1
data\val\real\000000018833.jpg,0,real,jpeg_q90,0.124915,0,1
data\val\real\000000018837.jpg,0,real,jpeg_q90,0.019810,0,1
data\val\real\000000019042.jpg,0,real,jpeg_q90,0.102014,0,1
data\val\real\000000019109.jpg,0,real,jpeg_q90,0.254475,0,1
data\val\real\000000019221.jpg,0,real,jpeg_q90,0.006670,0,1
data\val\real\000000019402.jpg,0,real,jpeg_q90,0.000838,0,1
data\val\real\000000019432.jpg,0,real,jpeg_q90,0.043953,0,1
data\val\real\000000019742.jpg,0,real,jpeg_q90,0.120274,0,1
data\val\real\000000019786.jpg,0,real,jpeg_q90,0.005019,0,1
data\val\real\000000019924.jpg,0,real,jpeg_q90,0.614338,1,0
data\val\real\000000020059.jpg,0,real,jpeg_q90,0.147992,0,1
data\val\real\000000020107.jpg,0,real,jpeg_q90,0.105386,0,1
data\val\real\000000020247.jpg,0,real,jpeg_q90,0.135098,0,1
data\val\real\000000020333.jpg,0,real,jpeg_q90,0.138812,0,1
data\val\real\000000020553.jpg,0,real,jpeg_q90,0.009595,0,1
data\val\real\000000020571.jpg,0,real,jpeg_q90,0.271224,0,1
data\val\real\000000020992.jpg,0,real,jpeg_q90,0.003805,0,1
data\val\real\000000021167.jpg,0,real,jpeg_q90,0.001863,0,1
data\val\real\000000021465.jpg,0,real,jpeg_q90,0.014257,0,1
data\val\real\000000021503.jpg,0,real,jpeg_q90,0.006995,0,1
data\val\real\000000021604.jpg,0,real,jpeg_q90,0.909199,1,0
data\val\real\000000021839.jpg,0,real,jpeg_q90,0.002778,0,1
data\val\real\000000021879.jpg,0,real,jpeg_q90,0.041102,0,1
data\val\real\000000021903.jpg,0,real,jpeg_q90,0.202432,0,1
data\val\real\000000022192.jpg,0,real,jpeg_q90,0.016593,0,1
data\val\real\000000022371.jpg,0,real,jpeg_q90,0.971270,1,0
data\val\real\000000022396.jpg,0,real,jpeg_q90,0.013691,0,1
data\val\real\000000022479.jpg,0,real,jpeg_q90,0.041783,0,1
data\val\real\000000022589.jpg,0,real,jpeg_q90,0.017849,0,1
data\val\real\000000022623.jpg,0,real,jpeg_q90,0.267961,0,1
data\val\real\000000022705.jpg,0,real,jpeg_q90,0.001031,0,1
data\val\real\000000022755.jpg,0,real,jpeg_q90,0.425058,0,1
data\val\real\000000022892.jpg,0,real,jpeg_q90,0.257938,0,1
data\val\real\000000022935.jpg,0,real,jpeg_q90,0.108086,0,1
data\val\real\000000022969.jpg,0,real,jpeg_q90,0.082661,0,1
data\val\real\000000023023.jpg,0,real,jpeg_q90,0.424135,0,1
data\val\real\000000023034.jpg,0,real,jpeg_q90,0.007823,0,1
data\val\real\000000023126.jpg,0,real,jpeg_q90,0.213798,0,1
data\val\real\000000023230.jpg,0,real,jpeg_q90,0.010688,0,1
data\val\real\000000023272.jpg,0,real,jpeg_q90,0.011390,0,1
data\val\real\000000023359.jpg,0,real,jpeg_q90,0.051062,0,1
data\val\real\000000023666.jpg,0,real,jpeg_q90,0.058584,0,1
data\val\real\000000023751.jpg,0,real,jpeg_q90,0.001177,0,1
data\val\real\000000023781.jpg,0,real,jpeg_q90,0.302335,0,1
data\val\real\000000023899.jpg,0,real,jpeg_q90,0.002894,0,1
data\val\real\000000023937.jpg,0,real,jpeg_q90,0.079042,0,1
data\val\real\000000024021.jpg,0,real,jpeg_q90,0.015010,0,1
data\val\real\000000024027.jpg,0,real,jpeg_q90,0.002418,0,1
data\val\real\000000024144.jpg,0,real,jpeg_q90,0.170249,0,1
data\val\real\000000024243.jpg,0,real,jpeg_q90,0.116194,0,1
data\val\real\000000024567.jpg,0,real,jpeg_q90,0.011431,0,1
data\val\real\000000024610.jpg,0,real,jpeg_q90,0.132115,0,1
data\val\real\000000024919.jpg,0,real,jpeg_q90,0.261113,0,1
data\val\real\000000025057.jpg,0,real,jpeg_q90,0.010167,0,1
data\val\real\000000025096.jpg,0,real,jpeg_q90,0.017118,0,1
data\val\real\000000025139.jpg,0,real,jpeg_q90,0.256727,0,1
data\val\real\000000025181.jpg,0,real,jpeg_q90,0.924968,1,0
data\val\real\000000025228.jpg,0,real,jpeg_q90,0.022419,0,1
data\val\real\000000025386.jpg,0,real,jpeg_q90,0.006609,0,1
data\val\real\000000025393.jpg,0,real,jpeg_q90,0.000706,0,1
data\val\real\000000025394.jpg,0,real,jpeg_q90,0.011810,0,1
data\val\real\000000025424.jpg,0,real,jpeg_q90,0.054945,0,1
data\val\real\000000025560.jpg,0,real,jpeg_q90,0.018538,0,1
data\val\real\000000025593.jpg,0,real,jpeg_q90,0.101970,0,1
data\val\real\000000025603.jpg,0,real,jpeg_q90,0.000446,0,1
data\val\real\000000025986.jpg,0,real,jpeg_q90,0.029407,0,1
data\val\real\000000026204.jpg,0,real,jpeg_q90,0.243172,0,1
data\val\real\000000026465.jpg,0,real,jpeg_q90,0.086054,0,1
data\val\real\000000026564.jpg,0,real,jpeg_q90,0.517025,1,0
data\val\real\000000026690.jpg,0,real,jpeg_q90,0.023003,0,1
data\val\real\000000026926.jpg,0,real,jpeg_q90,0.338137,0,1
data\val\real\000000026941.jpg,0,real,jpeg_q90,0.658427,1,0
data\val\real\000000027186.jpg,0,real,jpeg_q90,0.019167,0,1
data\val\real\000000027620.jpg,0,real,jpeg_q90,0.656531,1,0
data\val\real\000000027696.jpg,0,real,jpeg_q90,0.009614,0,1
data\val\real\000000027768.jpg,0,real,jpeg_q90,0.212746,0,1
data\val\real\000000027932.jpg,0,real,jpeg_q90,0.145755,0,1
data\val\real\000000027972.jpg,0,real,jpeg_q90,0.078559,0,1
data\val\real\000000027982.jpg,0,real,jpeg_q90,0.769895,1,0
data\val\real\000000028285.jpg,0,real,jpeg_q90,0.019320,0,1
data\val\real\000000028449.jpg,0,real,jpeg_q90,0.450178,0,1
data\val\real\000000028452.jpg,0,real,jpeg_q90,0.799184,1,0
data\val\real\000000028809.jpg,0,real,jpeg_q90,0.153121,0,1
data\val\real\000000028993.jpg,0,real,jpeg_q90,0.725324,1,0
data\val\real\000000029187.jpg,0,real,jpeg_q90,0.001519,0,1
data\val\real\000000029393.jpg,0,real,jpeg_q90,0.004256,0,1
data\val\real\000000029397.jpg,0,real,jpeg_q90,0.033184,0,1
data\val\real\000000029596.jpg,0,real,jpeg_q90,0.734394,1,0
data\val\real\000000029640.jpg,0,real,jpeg_q90,0.188181,0,1
data\val\real\000000029675.jpg,0,real,jpeg_q90,0.108650,0,1
data\val\real\000000029984.jpg,0,real,jpeg_q90,0.080614,0,1
data\val\real\000000030213.jpg,0,real,jpeg_q90,0.474842,0,1
data\val\real\000000030494.jpg,0,real,jpeg_q90,0.017414,0,1
data\val\real\000000030504.jpg,0,real,jpeg_q90,0.085159,0,1
data\val\real\000000030675.jpg,0,real,jpeg_q90,0.414782,0,1
data\val\real\000000030785.jpg,0,real,jpeg_q90,0.314710,0,1
data\val\real\000000030828.jpg,0,real,jpeg_q90,0.539523,1,0
data\val\real\000000031050.jpg,0,real,jpeg_q90,0.187277,0,1
data\val\real\000000031093.jpg,0,real,jpeg_q90,0.040222,0,1
data\val\real\000000031118.jpg,0,real,jpeg_q90,0.192418,0,1
data\val\real\000000031217.jpg,0,real,jpeg_q90,0.093179,0,1
data\val\real\000000031248.jpg,0,real,jpeg_q90,0.553738,1,0
data\val\real\000000031269.jpg,0,real,jpeg_q90,0.110398,0,1
data\val\real\000000031296.jpg,0,real,jpeg_q90,0.002841,0,1
data\val\real\000000031322.jpg,0,real,jpeg_q90,0.123318,0,1
data\val\real\000000031620.jpg,0,real,jpeg_q90,0.000192,0,1
data\val\real\000000031735.jpg,0,real,jpeg_q90,0.010387,0,1
data\val\real\000000031749.jpg,0,real,jpeg_q90,0.197195,0,1
data\val\real\000000031817.jpg,0,real,jpeg_q90,0.002227,0,1
data\val\real\000000032038.jpg,0,real,jpeg_q90,0.026316,0,1
data\val\real\000000032081.jpg,0,real,jpeg_q90,0.069651,0,1
data\val\real\000000032285.jpg,0,real,jpeg_q90,0.698396,1,0
data\val\real\000000032334.jpg,0,real,jpeg_q90,0.000736,0,1
data\val\real\000000032570.jpg,0,real,jpeg_q90,0.742158,1,0
data\val\real\000000032610.jpg,0,real,jpeg_q90,0.130787,0,1
data\val\real\000000032735.jpg,0,real,jpeg_q90,0.142393,0,1
data\val\real\000000032811.jpg,0,real,jpeg_q90,0.311243,0,1
data\val\real\000000032817.jpg,0,real,jpeg_q90,0.003797,0,1
data\val\real\000000032861.jpg,0,real,jpeg_q90,0.654183,1,0
data\val\real\000000032887.jpg,0,real,jpeg_q90,0.001209,0,1
data\val\real\000000032901.jpg,0,real,jpeg_q90,0.000192,0,1
data\val\real\000000032941.jpg,0,real,jpeg_q90,0.038672,0,1
data\val\real\000000033005.jpg,0,real,jpeg_q90,0.050183,0,1
data\val\real\000000033104.jpg,0,real,jpeg_q90,0.011032,0,1
data\val\real\000000033109.jpg,0,real,jpeg_q90,0.071958,0,1
data\val\real\000000033114.jpg,0,real,jpeg_q90,0.161007,0,1
data\val\real\000000033221.jpg,0,real,jpeg_q90,0.004036,0,1
data\val\real\000000033368.jpg,0,real,jpeg_q90,0.135900,0,1
data\val\real\000000033638.jpg,0,real,jpeg_q90,0.052898,0,1
data\val\real\000000033707.jpg,0,real,jpeg_q90,0.098811,0,1
data\val\real\000000033759.jpg,0,real,jpeg_q90,0.167366,0,1
data\val\real\000000033854.jpg,0,real,jpeg_q90,0.024223,0,1
data\val\real\000000034071.jpg,0,real,jpeg_q90,0.865910,1,0
data\val\real\000000034139.jpg,0,real,jpeg_q90,0.038233,0,1
data\val\real\000000034205.jpg,0,real,jpeg_q90,0.277056,0,1
data\val\real\000000034257.jpg,0,real,jpeg_q90,0.559480,1,0
data\val\real\000000034417.jpg,0,real,jpeg_q90,0.076797,0,1
data\val\real\000000034452.jpg,0,real,jpeg_q90,0.005748,0,1
data\val\real\000000034760.jpg,0,real,jpeg_q90,0.065384,0,1
data\val\real\000000034873.jpg,0,real,jpeg_q90,0.325031,0,1
data\val\real\000000035062.jpg,0,real,jpeg_q90,0.018400,0,1
data\val\real\000000035197.jpg,0,real,jpeg_q90,0.403688,0,1
data\val\real\000000035279.jpg,0,real,jpeg_q90,0.518513,1,0
data\val\real\000000035326.jpg,0,real,jpeg_q90,0.234439,0,1
data\val\real\000000035682.jpg,0,real,jpeg_q90,0.019277,0,1
data\val\real\000000035770.jpg,0,real,jpeg_q90,0.080805,0,1
data\val\real\000000035963.jpg,0,real,jpeg_q90,0.001966,0,1
data\val\real\000000036494.jpg,0,real,jpeg_q90,0.463667,0,1
data\val\real\000000036539.jpg,0,real,jpeg_q90,0.003438,0,1
data\val\real\000000036660.jpg,0,real,jpeg_q90,0.085092,0,1
data\val\real\000000036678.jpg,0,real,jpeg_q90,0.025947,0,1
data\val\real\000000036844.jpg,0,real,jpeg_q90,0.130775,0,1
data\val\real\000000036861.jpg,0,real,jpeg_q90,0.408843,0,1
data\val\real\000000036936.jpg,0,real,jpeg_q90,0.007481,0,1
data\val\real\000000037670.jpg,0,real,jpeg_q90,0.605102,1,0
data\val\real\000000037689.jpg,0,real,jpeg_q90,0.069593,0,1
data\val\real\000000037740.jpg,0,real,jpeg_q90,0.849934,1,0
data\val\real\000000037751.jpg,0,real,jpeg_q90,0.109840,0,1
data\val\real\000000037777.jpg,0,real,jpeg_q90,0.615991,1,0
data\val\real\000000037988.jpg,0,real,jpeg_q90,0.035176,0,1
data\val\real\000000038048.jpg,0,real,jpeg_q90,0.084072,0,1
data\val\real\000000038070.jpg,0,real,jpeg_q90,0.212727,0,1
data\val\real\000000038118.jpg,0,real,jpeg_q90,0.102386,0,1
data\val\real\000000038210.jpg,0,real,jpeg_q90,0.219117,0,1
data\val\real\000000038576.jpg,0,real,jpeg_q90,0.935064,1,0
data\val\real\000000038678.jpg,0,real,jpeg_q90,0.001400,0,1
data\val\real\000000038825.jpg,0,real,jpeg_q90,0.127224,0,1
data\val\real\000000038829.jpg,0,real,jpeg_q90,0.017659,0,1
data\val\real\000000039405.jpg,0,real,jpeg_q90,0.043297,0,1
data\val\real\000000039477.jpg,0,real,jpeg_q90,0.720337,1,0
data\val\real\000000039480.jpg,0,real,jpeg_q90,0.088066,0,1
data\val\real\000000039484.jpg,0,real,jpeg_q90,0.280900,0,1
data\val\real\000000039551.jpg,0,real,jpeg_q90,0.449875,0,1
data\val\real\000000039670.jpg,0,real,jpeg_q90,0.322486,0,1
data\val\real\000000039769.jpg,0,real,jpeg_q90,0.000961,0,1
data\val\real\000000039785.jpg,0,real,jpeg_q90,0.119274,0,1
data\val\real\000000039914.jpg,0,real,jpeg_q90,0.003074,0,1
data\val\real\000000039951.jpg,0,real,jpeg_q90,0.033444,0,1
data\val\real\000000039956.jpg,0,real,jpeg_q90,0.851604,1,0
data\val\real\000000040036.jpg,0,real,jpeg_q90,0.122682,0,1
data\val\real\000000040083.jpg,0,real,jpeg_q90,0.014774,0,1
data\val\real\000000040471.jpg,0,real,jpeg_q90,0.144535,0,1
data\val\real\000000040757.jpg,0,real,jpeg_q90,0.010774,0,1
data\val\real\000000041488.jpg,0,real,jpeg_q90,0.410184,0,1
data\val\real\000000041633.jpg,0,real,jpeg_q90,0.478220,0,1
data\val\real\000000041635.jpg,0,real,jpeg_q90,0.091335,0,1
data\val\real\000000041872.jpg,0,real,jpeg_q90,0.708689,1,0
data\val\real\000000041888.jpg,0,real,jpeg_q90,0.084754,0,1
data\val\real\000000041990.jpg,0,real,jpeg_q90,0.004498,0,1
data\val\real\000000042070.jpg,0,real,jpeg_q90,0.511289,1,0
data\val\real\000000042102.jpg,0,real,jpeg_q90,0.004155,0,1
data\val\real\000000042178.jpg,0,real,jpeg_q90,0.894404,1,0
data\val\real\000000042276.jpg,0,real,jpeg_q90,0.022448,0,1
data\val\real\000000042296.jpg,0,real,jpeg_q90,0.016544,0,1
data\val\real\000000042528.jpg,0,real,jpeg_q90,0.031397,0,1
data\val\real\000000042563.jpg,0,real,jpeg_q90,0.141253,0,1
data\val\real\000000042628.jpg,0,real,jpeg_q90,0.016582,0,1
data\val\real\000000042888.jpg,0,real,jpeg_q90,0.007615,0,1
data\val\real\000000042889.jpg,0,real,jpeg_q90,0.004657,0,1
data\val\real\000000043314.jpg,0,real,jpeg_q90,0.040437,0,1
data\val\real\000000043435.jpg,0,real,jpeg_q90,0.162174,0,1
data\val\real\000000043581.jpg,0,real,jpeg_q90,0.117872,0,1
data\val\real\000000043737.jpg,0,real,jpeg_q90,0.360382,0,1
data\val\real\000000043816.jpg,0,real,jpeg_q90,0.098663,0,1
data\val\real\000000044068.jpg,0,real,jpeg_q90,0.015929,0,1
data\val\real\000000044195.jpg,0,real,jpeg_q90,0.098232,0,1
data\val\real\000000044260.jpg,0,real,jpeg_q90,0.601443,1,0
data\val\real\000000044279.jpg,0,real,jpeg_q90,0.080742,0,1
data\val\real\000000044590.jpg,0,real,jpeg_q90,0.048673,0,1
data\val\real\000000044652.jpg,0,real,jpeg_q90,0.046102,0,1
data\val\real\000000044699.jpg,0,real,jpeg_q90,0.130647,0,1
data\val\real\000000044877.jpg,0,real,jpeg_q90,0.080778,0,1
data\val\real\000000045070.jpg,0,real,jpeg_q90,0.044140,0,1
data\val\real\000000045090.jpg,0,real,jpeg_q90,0.048092,0,1
data\val\real\000000045229.jpg,0,real,jpeg_q90,0.972512,1,0
data\val\real\000000045472.jpg,0,real,jpeg_q90,0.051638,0,1
data\val\real\000000045550.jpg,0,real,jpeg_q90,0.002930,0,1
data\val\real\000000045596.jpg,0,real,jpeg_q90,0.144315,0,1
data\val\real\000000045728.jpg,0,real,jpeg_q90,0.059085,0,1
data\val\real\000000046031.jpg,0,real,jpeg_q90,0.324085,0,1
data\val\real\000000046048.jpg,0,real,jpeg_q90,0.024127,0,1
data\val\real\000000046252.jpg,0,real,jpeg_q90,0.438431,0,1
data\val\real\000000046378.jpg,0,real,jpeg_q90,0.008722,0,1
data\val\real\000000046463.jpg,0,real,jpeg_q90,0.007648,0,1
data\val\real\000000046497.jpg,0,real,jpeg_q90,0.002450,0,1
data\val\real\000000046804.jpg,0,real,jpeg_q90,0.057906,0,1
data\val\real\000000046872.jpg,0,real,jpeg_q90,0.739714,1,0
data\val\real\000000047010.jpg,0,real,jpeg_q90,0.353752,0,1
data\val\real\000000047112.jpg,0,real,jpeg_q90,0.096704,0,1
data\val\real\000000047121.jpg,0,real,jpeg_q90,0.010167,0,1
data\val\real\000000047571.jpg,0,real,jpeg_q90,0.178968,0,1
data\val\real\000000047585.jpg,0,real,jpeg_q90,0.004504,0,1
data\val\real\000000047740.jpg,0,real,jpeg_q90,0.002370,0,1
data\val\real\000000047769.jpg,0,real,jpeg_q90,0.421096,0,1
data\val\real\000000047801.jpg,0,real,jpeg_q90,0.008430,0,1
data\val\real\000000047819.jpg,0,real,jpeg_q90,0.007123,0,1
data\val\real\000000047828.jpg,0,real,jpeg_q90,0.250519,0,1
data\val\real\000000048153.jpg,0,real,jpeg_q90,0.067630,0,1
data\val\real\000000048396.jpg,0,real,jpeg_q90,0.002749,0,1
data\val\real\000000048504.jpg,0,real,jpeg_q90,0.333649,0,1
data\val\real\000000048555.jpg,0,real,jpeg_q90,0.538909,1,0
data\val\real\000000048564.jpg,0,real,jpeg_q90,0.011961,0,1
data\val\real\000000048924.jpg,0,real,jpeg_q90,0.966580,1,0
data\val\real\000000049060.jpg,0,real,jpeg_q90,0.004254,0,1
data\val\real\000000049091.jpg,0,real,jpeg_q90,0.099995,0,1
data\val\real\000000049259.jpg,0,real,jpeg_q90,0.090331,0,1
data\val\real\000000049269.jpg,0,real,jpeg_q90,0.207043,0,1
data\val\real\000000049759.jpg,0,real,jpeg_q90,0.562779,1,0
data\val\real\000000049761.jpg,0,real,jpeg_q90,0.039155,0,1
data\val\real\000000049810.jpg,0,real,jpeg_q90,0.150821,0,1
data\val\real\000000050006.jpg,0,real,jpeg_q90,0.251220,0,1
data\val\real\000000050145.jpg,0,real,jpeg_q90,0.005263,0,1
data\val\real\000000050149.jpg,0,real,jpeg_q90,0.071694,0,1
data\val\real\000000050165.jpg,0,real,jpeg_q90,0.423304,0,1
data\val\real\000000050326.jpg,0,real,jpeg_q90,0.001460,0,1
data\val\real\000000050331.jpg,0,real,jpeg_q90,0.040709,0,1
data\val\real\000000050380.jpg,0,real,jpeg_q90,0.025156,0,1
data\val\real\000000050638.jpg,0,real,jpeg_q90,0.560070,1,0
data\val\real\000000050679.jpg,0,real,jpeg_q90,0.805856,1,0
data\val\real\000000050811.jpg,0,real,jpeg_q90,0.001921,0,1
data\val\real\000000050828.jpg,0,real,jpeg_q90,0.342934,0,1
data\val\real\000000050844.jpg,0,real,jpeg_q90,0.022805,0,1
data\val\real\000000050896.jpg,0,real,jpeg_q90,0.317476,0,1
data\val\real\000000050943.jpg,0,real,jpeg_q90,0.040119,0,1
data\val\real\000000051008.jpg,0,real,jpeg_q90,0.006026,0,1
data\val\real\000000051309.jpg,0,real,jpeg_q90,0.153927,0,1
data\val\real\000000051314.jpg,0,real,jpeg_q90,0.122887,0,1
data\val\real\000000051326.jpg,0,real,jpeg_q90,0.018176,0,1
data\val\real\000000051598.jpg,0,real,jpeg_q90,0.067738,0,1
data\val\real\000000051610.jpg,0,real,jpeg_q90,0.320962,0,1
data\val\real\000000051712.jpg,0,real,jpeg_q90,0.353160,0,1
data\val\real\000000051738.jpg,0,real,jpeg_q90,0.319355,0,1
data\val\real\000000051938.jpg,0,real,jpeg_q90,0.035547,0,1
data\val\real\000000051961.jpg,0,real,jpeg_q90,0.149698,0,1
data\val\real\000000051976.jpg,0,real,jpeg_q90,0.141982,0,1
data\val\real\000000052007.jpg,0,real,jpeg_q90,0.203451,0,1
data\val\real\000000052017.jpg,0,real,jpeg_q90,0.164704,0,1
data\val\real\000000052412.jpg,0,real,jpeg_q90,0.158413,0,1
data\val\real\000000052413.jpg,0,real,jpeg_q90,0.004624,0,1
data\val\real\000000052462.jpg,0,real,jpeg_q90,0.308292,0,1
data\val\real\000000052507.jpg,0,real,jpeg_q90,0.053565,0,1
data\val\real\000000052565.jpg,0,real,jpeg_q90,0.226385,0,1
data\val\real\000000052591.jpg,0,real,jpeg_q90,0.159234,0,1
data\val\real\000000052891.jpg,0,real,jpeg_q90,0.021335,0,1
data\val\real\000000052996.jpg,0,real,jpeg_q90,0.011575,0,1
data\val\real\000000053505.jpg,0,real,jpeg_q90,0.213344,0,1
data\val\real\000000053529.jpg,0,real,jpeg_q90,0.049294,0,1
data\val\real\000000053624.jpg,0,real,jpeg_q90,0.046927,0,1
data\val\real\000000053626.jpg,0,real,jpeg_q90,0.004227,0,1
data\val\real\000000053909.jpg,0,real,jpeg_q90,0.047730,0,1
data\val\real\000000053994.jpg,0,real,jpeg_q90,0.530557,1,0
data\val\real\000000054123.jpg,0,real,jpeg_q90,0.265241,0,1
data\val\real\000000054164.jpg,0,real,jpeg_q90,0.360371,0,1
data\val\real\000000054592.jpg,0,real,jpeg_q90,0.129586,0,1
data\val\real\000000054593.jpg,0,real,jpeg_q90,0.097668,0,1
data\val\real\000000054605.jpg,0,real,jpeg_q90,0.042673,0,1
data\val\real\000000054628.jpg,0,real,jpeg_q90,0.008972,0,1
data\val\real\000000054654.jpg,0,real,jpeg_q90,0.006186,0,1
data\val\real\000000054931.jpg,0,real,jpeg_q90,0.497075,0,1
data\val\real\000000054967.jpg,0,real,jpeg_q90,0.686624,1,0
data\val\real\000000055002.jpg,0,real,jpeg_q90,0.047630,0,1
data\val\real\000000055022.jpg,0,real,jpeg_q90,0.106330,0,1
data\val\real\000000055072.jpg,0,real,jpeg_q90,0.137111,0,1
data\val\real\000000055150.jpg,0,real,jpeg_q90,0.043055,0,1
data\val\real\000000055167.jpg,0,real,jpeg_q90,0.015157,0,1
data\val\real\000000055299.jpg,0,real,jpeg_q90,0.104243,0,1
data\val\real\000000055528.jpg,0,real,jpeg_q90,0.006773,0,1
data\val\real\000000055950.jpg,0,real,jpeg_q90,0.036719,0,1
data\val\real\000000056127.jpg,0,real,jpeg_q90,0.384074,0,1
data\val\real\000000056288.jpg,0,real,jpeg_q90,0.111834,0,1
data\val\real\000000056344.jpg,0,real,jpeg_q90,0.419696,0,1
data\val\real\000000056350.jpg,0,real,jpeg_q90,0.370783,0,1
data\val\real\000000056545.jpg,0,real,jpeg_q90,0.008268,0,1
data\val\ai\ai_000001.png,1,ai,jpeg_q90,0.995822,1,1
data\val\ai\ai_000002.png,1,ai,jpeg_q90,0.995357,1,1
data\val\ai\ai_000003.png,1,ai,jpeg_q90,0.986787,1,1
data\val\ai\ai_000004.png,1,ai,jpeg_q90,0.974243,1,1
data\val\ai\ai_000005.png,1,ai,jpeg_q90,0.985789,1,1
data\val\ai\ai_000006.png,1,ai,jpeg_q90,0.980263,1,1
data\val\ai\ai_000007.png,1,ai,jpeg_q90,0.983137,1,1
data\val\ai\ai_000008.png,1,ai,jpeg_q90,0.955221,1,1
data\val\ai\ai_000009.png,1,ai,jpeg_q90,0.983757,1,1
data\val\ai\ai_000010.png,1,ai,jpeg_q90,0.989215,1,1
data\val\ai\ai_000011.png,1,ai,jpeg_q90,0.989462,1,1
data\val\ai\ai_000012.png,1,ai,jpeg_q90,0.985271,1,1
data\val\ai\ai_000013.png,1,ai,jpeg_q90,0.996870,1,1
data\val\ai\ai_000014.png,1,ai,jpeg_q90,0.997523,1,1
data\val\ai\ai_000015.png,1,ai,jpeg_q90,0.997648,1,1
data\val\ai\ai_000016.png,1,ai,jpeg_q90,0.915289,1,1
data\val\ai\ai_000017.png,1,ai,jpeg_q90,0.964812,1,1
data\val\ai\ai_000018.png,1,ai,jpeg_q90,0.988553,1,1
data\val\ai\ai_000019.png,1,ai,jpeg_q90,0.902256,1,1
data\val\ai\ai_000020.png,1,ai,jpeg_q90,0.948690,1,1
data\val\ai\ai_000021.png,1,ai,jpeg_q90,0.998733,1,1
data\val\ai\ai_000022.png,1,ai,jpeg_q90,0.796934,1,1
data\val\ai\ai_000023.png,1,ai,jpeg_q90,0.982898,1,1
data\val\ai\ai_000024.png,1,ai,jpeg_q90,0.975670,1,1
data\val\ai\ai_000025.png,1,ai,jpeg_q90,0.988416,1,1
data\val\ai\ai_000026.png,1,ai,jpeg_q90,0.649162,1,1
data\val\ai\ai_000027.png,1,ai,jpeg_q90,0.964987,1,1
data\val\ai\ai_000028.png,1,ai,jpeg_q90,0.998172,1,1
data\val\ai\ai_000029.png,1,ai,jpeg_q90,0.998531,1,1
data\val\ai\ai_000030.png,1,ai,jpeg_q90,0.933050,1,1
data\val\ai\ai_000031.png,1,ai,jpeg_q90,0.940881,1,1
data\val\ai\ai_000032.png,1,ai,jpeg_q90,0.987262,1,1
data\val\ai\ai_000033.png,1,ai,jpeg_q90,0.996576,1,1
data\val\ai\ai_000034.png,1,ai,jpeg_q90,0.982601,1,1
data\val\ai\ai_000035.png,1,ai,jpeg_q90,0.995584,1,1
data\val\ai\ai_000036.png,1,ai,jpeg_q90,0.995256,1,1
data\val\ai\ai_000037.png,1,ai,jpeg_q90,0.992020,1,1
data\val\ai\ai_000038.png,1,ai,jpeg_q90,0.971791,1,1
data\val\ai\ai_000039.png,1,ai,jpeg_q90,0.995041,1,1
data\val\ai\ai_000040.png,1,ai,jpeg_q90,0.749390,1,1
data\val\ai\ai_000041.png,1,ai,jpeg_q90,0.999842,1,1
data\val\ai\ai_000042.png,1,ai,jpeg_q90,0.999613,1,1
data\val\ai\ai_000043.png,1,ai,jpeg_q90,0.999772,1,1
data\val\ai\ai_000044.png,1,ai,jpeg_q90,0.838314,1,1
data\val\ai\ai_000045.png,1,ai,jpeg_q90,0.998893,1,1
data\val\ai\ai_000046.png,1,ai,jpeg_q90,0.635660,1,1
data\val\ai\ai_000047.png,1,ai,jpeg_q90,0.974796,1,1
data\val\ai\ai_000048.png,1,ai,jpeg_q90,0.926715,1,1
data\val\ai\ai_000049.png,1,ai,jpeg_q90,0.997336,1,1
data\val\ai\ai_000050.png,1,ai,jpeg_q90,0.987542,1,1
data\val\ai\ai_000051.png,1,ai,jpeg_q90,0.991241,1,1
data\val\ai\ai_000052.png,1,ai,jpeg_q90,0.998780,1,1
data\val\ai\ai_000053.png,1,ai,jpeg_q90,0.994556,1,1
data\val\ai\ai_000054.png,1,ai,jpeg_q90,0.997125,1,1
data\val\ai\ai_000055.png,1,ai,jpeg_q90,0.786295,1,1
data\val\ai\ai_000056.png,1,ai,jpeg_q90,0.949241,1,1
data\val\ai\ai_000057.png,1,ai,jpeg_q90,0.982281,1,1
data\val\ai\ai_000058.png,1,ai,jpeg_q90,0.610982,1,1
data\val\ai\ai_000059.png,1,ai,jpeg_q90,0.989309,1,1
data\val\ai\ai_000060.png,1,ai,jpeg_q90,0.923707,1,1
data\val\ai\ai_000061.png,1,ai,jpeg_q90,0.991067,1,1
data\val\ai\ai_000062.png,1,ai,jpeg_q90,0.993846,1,1
data\val\ai\ai_000063.png,1,ai,jpeg_q90,0.997720,1,1
data\val\ai\ai_000064.png,1,ai,jpeg_q90,0.941418,1,1
data\val\ai\ai_000065.png,1,ai,jpeg_q90,0.990729,1,1
data\val\ai\ai_000066.png,1,ai,jpeg_q90,0.977860,1,1
data\val\ai\ai_000067.png,1,ai,jpeg_q90,0.999524,1,1
data\val\ai\ai_000068.png,1,ai,jpeg_q90,0.860434,1,1
data\val\ai\ai_000069.png,1,ai,jpeg_q90,0.998907,1,1
data\val\ai\ai_000070.png,1,ai,jpeg_q90,0.957429,1,1
data\val\ai\ai_000071.png,1,ai,jpeg_q90,0.999338,1,1
data\val\ai\ai_000072.png,1,ai,jpeg_q90,0.927755,1,1
data\val\ai\ai_000073.png,1,ai,jpeg_q90,0.999089,1,1
data\val\ai\ai_000074.png,1,ai,jpeg_q90,0.995246,1,1
data\val\ai\ai_000075.png,1,ai,jpeg_q90,0.998857,1,1
data\val\ai\ai_000076.png,1,ai,jpeg_q90,0.982184,1,1
data\val\ai\ai_000077.png,1,ai,jpeg_q90,0.986205,1,1
data\val\ai\ai_000078.png,1,ai,jpeg_q90,0.696674,1,1
data\val\ai\ai_000079.png,1,ai,jpeg_q90,0.969049,1,1
data\val\ai\ai_000080.png,1,ai,jpeg_q90,0.948775,1,1
data\val\ai\ai_000081.png,1,ai,jpeg_q90,0.999224,1,1
data\val\ai\ai_000082.png,1,ai,jpeg_q90,0.999271,1,1
data\val\ai\ai_000083.png,1,ai,jpeg_q90,0.988092,1,1
data\val\ai\ai_000084.png,1,ai,jpeg_q90,0.994570,1,1
data\val\ai\ai_000085.png,1,ai,jpeg_q90,0.992063,1,1
data\val\ai\ai_000086.png,1,ai,jpeg_q90,0.679297,1,1
data\val\ai\ai_000087.png,1,ai,jpeg_q90,0.993905,1,1
data\val\ai\ai_000088.png,1,ai,jpeg_q90,0.981807,1,1
data\val\ai\ai_000089.png,1,ai,jpeg_q90,0.982111,1,1
data\val\ai\ai_000090.png,1,ai,jpeg_q90,0.944751,1,1
data\val\ai\ai_000091.png,1,ai,jpeg_q90,0.993165,1,1
data\val\ai\ai_000092.png,1,ai,jpeg_q90,0.993912,1,1
data\val\ai\ai_000093.png,1,ai,jpeg_q90,0.993022,1,1
data\val\ai\ai_000094.png,1,ai,jpeg_q90,0.999347,1,1
data\val\ai\ai_000095.png,1,ai,jpeg_q90,0.993668,1,1
data\val\ai\ai_000096.png,1,ai,jpeg_q90,0.982528,1,1
data\val\ai\ai_000097.png,1,ai,jpeg_q90,0.787482,1,1
data\val\ai\ai_000098.png,1,ai,jpeg_q90,0.965291,1,1
data\val\ai\ai_000099.png,1,ai,jpeg_q90,0.734150,1,1
data\val\ai\ai_000100.png,1,ai,jpeg_q90,0.986650,1,1
data\val\ai\ai_000101.png,1,ai,jpeg_q90,0.995623,1,1
data\val\ai\ai_000102.png,1,ai,jpeg_q90,0.693430,1,1
data\val\ai\ai_000103.png,1,ai,jpeg_q90,0.993528,1,1
data\val\ai\ai_000104.png,1,ai,jpeg_q90,0.997497,1,1
data\val\ai\ai_000105.png,1,ai,jpeg_q90,0.623358,1,1
data\val\ai\ai_000106.png,1,ai,jpeg_q90,0.847651,1,1
data\val\ai\ai_000107.png,1,ai,jpeg_q90,0.977954,1,1
data\val\ai\ai_000108.png,1,ai,jpeg_q90,0.996947,1,1
data\val\ai\ai_000109.png,1,ai,jpeg_q90,0.999745,1,1
data\val\ai\ai_000110.png,1,ai,jpeg_q90,0.975425,1,1
data\val\ai\ai_000111.png,1,ai,jpeg_q90,0.960227,1,1
data\val\ai\ai_000112.png,1,ai,jpeg_q90,0.924027,1,1
data\val\ai\ai_000113.png,1,ai,jpeg_q90,0.994311,1,1
data\val\ai\ai_000114.png,1,ai,jpeg_q90,0.988121,1,1
data\val\ai\ai_000115.png,1,ai,jpeg_q90,0.993195,1,1
data\val\ai\ai_000116.png,1,ai,jpeg_q90,0.929823,1,1
data\val\ai\ai_000117.png,1,ai,jpeg_q90,0.976266,1,1
data\val\ai\ai_000118.png,1,ai,jpeg_q90,0.997748,1,1
data\val\ai\ai_000119.png,1,ai,jpeg_q90,0.963746,1,1
data\val\ai\ai_000120.png,1,ai,jpeg_q90,0.944620,1,1
data\val\ai\ai_000121.png,1,ai,jpeg_q90,0.999276,1,1
data\val\ai\ai_000122.png,1,ai,jpeg_q90,0.975750,1,1
data\val\ai\ai_000123.png,1,ai,jpeg_q90,0.979880,1,1
data\val\ai\ai_000124.png,1,ai,jpeg_q90,0.917861,1,1
data\val\ai\ai_000125.png,1,ai,jpeg_q90,0.999186,1,1
data\val\ai\ai_000126.png,1,ai,jpeg_q90,0.979586,1,1
data\val\ai\ai_000127.png,1,ai,jpeg_q90,0.995759,1,1
data\val\ai\ai_000128.png,1,ai,jpeg_q90,0.986836,1,1
data\val\ai\ai_000129.png,1,ai,jpeg_q90,0.991223,1,1
data\val\ai\ai_000130.png,1,ai,jpeg_q90,0.619297,1,1
data\val\ai\ai_000131.png,1,ai,jpeg_q90,0.997027,1,1
data\val\ai\ai_000132.png,1,ai,jpeg_q90,0.974856,1,1
data\val\ai\ai_000133.png,1,ai,jpeg_q90,0.995751,1,1
data\val\ai\ai_000134.png,1,ai,jpeg_q90,0.996492,1,1
data\val\ai\ai_000135.png,1,ai,jpeg_q90,0.999777,1,1
data\val\ai\ai_000136.png,1,ai,jpeg_q90,0.823675,1,1
data\val\ai\ai_000137.png,1,ai,jpeg_q90,0.931207,1,1
data\val\ai\ai_000138.png,1,ai,jpeg_q90,0.945456,1,1
data\val\ai\ai_000139.png,1,ai,jpeg_q90,0.997375,1,1
data\val\ai\ai_000140.png,1,ai,jpeg_q90,0.882819,1,1
data\val\ai\ai_000141.png,1,ai,jpeg_q90,0.999627,1,1
data\val\ai\ai_000142.png,1,ai,jpeg_q90,0.980683,1,1
data\val\ai\ai_000143.png,1,ai,jpeg_q90,0.999280,1,1
data\val\ai\ai_000144.png,1,ai,jpeg_q90,0.994603,1,1
data\val\ai\ai_000145.png,1,ai,jpeg_q90,0.997958,1,1
data\val\ai\ai_000146.png,1,ai,jpeg_q90,0.990718,1,1
data\val\ai\ai_000147.png,1,ai,jpeg_q90,0.991297,1,1
data\val\ai\ai_000148.png,1,ai,jpeg_q90,0.487343,0,0
data\val\ai\ai_000149.png,1,ai,jpeg_q90,0.998512,1,1
data\val\ai\ai_000150.png,1,ai,jpeg_q90,0.914046,1,1
data\val\ai\ai_000151.png,1,ai,jpeg_q90,0.876994,1,1
data\val\ai\ai_000152.png,1,ai,jpeg_q90,0.977042,1,1
data\val\ai\ai_000153.png,1,ai,jpeg_q90,0.999292,1,1
data\val\ai\ai_000154.png,1,ai,jpeg_q90,0.997614,1,1
data\val\ai\ai_000155.png,1,ai,jpeg_q90,0.988322,1,1
data\val\ai\ai_000156.png,1,ai,jpeg_q90,0.684366,1,1
data\val\ai\ai_000157.png,1,ai,jpeg_q90,0.994810,1,1
data\val\ai\ai_000158.png,1,ai,jpeg_q90,0.468722,0,0
data\val\ai\ai_000159.png,1,ai,jpeg_q90,0.999454,1,1
data\val\ai\ai_000160.png,1,ai,jpeg_q90,0.264376,0,0
data\val\ai\ai_000161.png,1,ai,jpeg_q90,0.995913,1,1
data\val\ai\ai_000162.png,1,ai,jpeg_q90,0.993188,1,1
data\val\ai\ai_000163.png,1,ai,jpeg_q90,0.999199,1,1
data\val\ai\ai_000164.png,1,ai,jpeg_q90,0.999443,1,1
data\val\ai\ai_000165.png,1,ai,jpeg_q90,0.999610,1,1
data\val\ai\ai_000166.png,1,ai,jpeg_q90,0.990635,1,1
data\val\ai\ai_000167.png,1,ai,jpeg_q90,0.985525,1,1
data\val\ai\ai_000168.png,1,ai,jpeg_q90,0.703683,1,1
data\val\ai\ai_000169.png,1,ai,jpeg_q90,0.993317,1,1
data\val\ai\ai_000170.png,1,ai,jpeg_q90,0.984365,1,1
data\val\ai\ai_000171.png,1,ai,jpeg_q90,0.994384,1,1
data\val\ai\ai_000172.png,1,ai,jpeg_q90,0.990629,1,1
data\val\ai\ai_000173.png,1,ai,jpeg_q90,0.995156,1,1
data\val\ai\ai_000174.png,1,ai,jpeg_q90,0.999821,1,1
data\val\ai\ai_000175.png,1,ai,jpeg_q90,0.994885,1,1
data\val\ai\ai_000176.png,1,ai,jpeg_q90,0.989128,1,1
data\val\ai\ai_000177.png,1,ai,jpeg_q90,0.984136,1,1
data\val\ai\ai_000178.png,1,ai,jpeg_q90,0.851139,1,1
data\val\ai\ai_000179.png,1,ai,jpeg_q90,0.999370,1,1
data\val\ai\ai_000180.png,1,ai,jpeg_q90,0.978767,1,1
data\val\ai\ai_000181.png,1,ai,jpeg_q90,0.981081,1,1
data\val\ai\ai_000182.png,1,ai,jpeg_q90,0.982611,1,1
data\val\ai\ai_000183.png,1,ai,jpeg_q90,0.986648,1,1
data\val\ai\ai_000184.png,1,ai,jpeg_q90,0.991804,1,1
data\val\ai\ai_000185.png,1,ai,jpeg_q90,0.977378,1,1
data\val\ai\ai_000186.png,1,ai,jpeg_q90,0.772968,1,1
data\val\ai\ai_000187.png,1,ai,jpeg_q90,0.984454,1,1
data\val\ai\ai_000188.png,1,ai,jpeg_q90,0.811326,1,1
data\val\ai\ai_000189.png,1,ai,jpeg_q90,0.997923,1,1
data\val\ai\ai_000190.png,1,ai,jpeg_q90,0.979915,1,1
data\val\ai\ai_000191.png,1,ai,jpeg_q90,0.864170,1,1
data\val\ai\ai_000192.png,1,ai,jpeg_q90,0.997464,1,1
data\val\ai\ai_000193.png,1,ai,jpeg_q90,0.999789,1,1
data\val\ai\ai_000194.png,1,ai,jpeg_q90,0.997026,1,1
data\val\ai\ai_000195.png,1,ai,jpeg_q90,0.995801,1,1
data\val\ai\ai_000196.png,1,ai,jpeg_q90,0.997508,1,1
data\val\ai\ai_000197.png,1,ai,jpeg_q90,0.971478,1,1
data\val\ai\ai_000198.png,1,ai,jpeg_q90,0.990944,1,1
data\val\ai\ai_000199.png,1,ai,jpeg_q90,0.974750,1,1
data\val\ai\ai_000200.png,1,ai,jpeg_q90,0.969065,1,1
data\val\ai\ai_000201.png,1,ai,jpeg_q90,0.987332,1,1
data\val\ai\ai_000202.png,1,ai,jpeg_q90,0.931995,1,1
data\val\ai\ai_000203.png,1,ai,jpeg_q90,0.999283,1,1
data\val\ai\ai_000204.png,1,ai,jpeg_q90,0.996006,1,1
data\val\ai\ai_000205.png,1,ai,jpeg_q90,0.979235,1,1
data\val\ai\ai_000206.png,1,ai,jpeg_q90,0.998451,1,1
data\val\ai\ai_000207.png,1,ai,jpeg_q90,0.984499,1,1
data\val\ai\ai_000208.png,1,ai,jpeg_q90,0.967270,1,1
data\val\ai\ai_000209.png,1,ai,jpeg_q90,0.998344,1,1
data\val\ai\ai_000210.png,1,ai,jpeg_q90,0.943085,1,1
data\val\ai\ai_000211.png,1,ai,jpeg_q90,0.998447,1,1
data\val\ai\ai_000212.png,1,ai,jpeg_q90,0.999004,1,1
data\val\ai\ai_000213.png,1,ai,jpeg_q90,0.991270,1,1
data\val\ai\ai_000214.png,1,ai,jpeg_q90,0.999806,1,1
data\val\ai\ai_000215.png,1,ai,jpeg_q90,0.991545,1,1
data\val\ai\ai_000216.png,1,ai,jpeg_q90,0.987517,1,1
data\val\ai\ai_000217.png,1,ai,jpeg_q90,0.969375,1,1
data\val\ai\ai_000218.png,1,ai,jpeg_q90,0.940510,1,1
data\val\ai\ai_000219.png,1,ai,jpeg_q90,0.996882,1,1
data\val\ai\ai_000220.png,1,ai,jpeg_q90,0.723053,1,1
data\val\ai\ai_000221.png,1,ai,jpeg_q90,0.995361,1,1
data\val\ai\ai_000222.png,1,ai,jpeg_q90,0.927543,1,1
data\val\ai\ai_000223.png,1,ai,jpeg_q90,0.997801,1,1
data\val\ai\ai_000224.png,1,ai,jpeg_q90,0.992543,1,1
data\val\ai\ai_000225.png,1,ai,jpeg_q90,0.987611,1,1
data\val\ai\ai_000226.png,1,ai,jpeg_q90,0.985111,1,1
data\val\ai\ai_000227.png,1,ai,jpeg_q90,0.933480,1,1
data\val\ai\ai_000228.png,1,ai,jpeg_q90,0.134033,0,0
data\val\ai\ai_000229.png,1,ai,jpeg_q90,0.996683,1,1
data\val\ai\ai_000230.png,1,ai,jpeg_q90,0.979920,1,1
data\val\ai\ai_000231.png,1,ai,jpeg_q90,0.999680,1,1
data\val\ai\ai_000232.png,1,ai,jpeg_q90,0.921068,1,1
data\val\ai\ai_000233.png,1,ai,jpeg_q90,0.992400,1,1
data\val\ai\ai_000234.png,1,ai,jpeg_q90,0.999915,1,1
data\val\ai\ai_000235.png,1,ai,jpeg_q90,0.998783,1,1
data\val\ai\ai_000236.png,1,ai,jpeg_q90,0.952892,1,1
data\val\ai\ai_000237.png,1,ai,jpeg_q90,0.942986,1,1
data\val\ai\ai_000238.png,1,ai,jpeg_q90,0.862956,1,1
data\val\ai\ai_000239.png,1,ai,jpeg_q90,0.940991,1,1
data\val\ai\ai_000240.png,1,ai,jpeg_q90,0.904775,1,1
data\val\ai\ai_000241.png,1,ai,jpeg_q90,0.992665,1,1
data\val\ai\ai_000242.png,1,ai,jpeg_q90,0.998940,1,1
data\val\ai\ai_000243.png,1,ai,jpeg_q90,0.990510,1,1
data\val\ai\ai_000244.png,1,ai,jpeg_q90,0.998263,1,1
data\val\ai\ai_000245.png,1,ai,jpeg_q90,0.926028,1,1
data\val\ai\ai_000246.png,1,ai,jpeg_q90,0.998693,1,1
data\val\ai\ai_000247.png,1,ai,jpeg_q90,0.956539,1,1
data\val\ai\ai_000248.png,1,ai,jpeg_q90,0.996730,1,1
data\val\ai\ai_000249.png,1,ai,jpeg_q90,0.997527,1,1
data\val\ai\ai_000250.png,1,ai,jpeg_q90,0.563863,1,1
data\val\ai\ai_000251.png,1,ai,jpeg_q90,0.978959,1,1
data\val\ai\ai_000252.png,1,ai,jpeg_q90,0.995051,1,1
data\val\ai\ai_000253.png,1,ai,jpeg_q90,0.997264,1,1
data\val\ai\ai_000254.png,1,ai,jpeg_q90,0.982693,1,1
data\val\ai\ai_000255.png,1,ai,jpeg_q90,0.894547,1,1
data\val\ai\ai_000256.png,1,ai,jpeg_q90,0.774248,1,1
data\val\ai\ai_000257.png,1,ai,jpeg_q90,0.995973,1,1
data\val\ai\ai_000258.png,1,ai,jpeg_q90,0.923676,1,1
data\val\ai\ai_000259.png,1,ai,jpeg_q90,0.998653,1,1
data\val\ai\ai_000260.png,1,ai,jpeg_q90,0.743500,1,1
data\val\ai\ai_000261.png,1,ai,jpeg_q90,0.995593,1,1
data\val\ai\ai_000262.png,1,ai,jpeg_q90,0.998943,1,1
data\val\ai\ai_000263.png,1,ai,jpeg_q90,0.994666,1,1
data\val\ai\ai_000264.png,1,ai,jpeg_q90,0.999733,1,1
data\val\ai\ai_000265.png,1,ai,jpeg_q90,0.995050,1,1
data\val\ai\ai_000266.png,1,ai,jpeg_q90,0.947446,1,1
data\val\ai\ai_000267.png,1,ai,jpeg_q90,0.998320,1,1
data\val\ai\ai_000268.png,1,ai,jpeg_q90,0.900589,1,1
data\val\ai\ai_000269.png,1,ai,jpeg_q90,0.994765,1,1
data\val\ai\ai_000270.png,1,ai,jpeg_q90,0.846406,1,1
data\val\ai\ai_000271.png,1,ai,jpeg_q90,0.995115,1,1
data\val\ai\ai_000272.png,1,ai,jpeg_q90,0.996963,1,1
data\val\ai\ai_000273.png,1,ai,jpeg_q90,0.998776,1,1
data\val\ai\ai_000274.png,1,ai,jpeg_q90,0.994256,1,1
data\val\ai\ai_000275.png,1,ai,jpeg_q90,0.996388,1,1
data\val\ai\ai_000276.png,1,ai,jpeg_q90,0.997387,1,1
data\val\ai\ai_000277.png,1,ai,jpeg_q90,0.963879,1,1
data\val\ai\ai_000278.png,1,ai,jpeg_q90,0.996459,1,1
data\val\ai\ai_000279.png,1,ai,jpeg_q90,0.978539,1,1
data\val\ai\ai_000280.png,1,ai,jpeg_q90,0.925700,1,1
data\val\ai\ai_000281.png,1,ai,jpeg_q90,0.980567,1,1
data\val\ai\ai_000282.png,1,ai,jpeg_q90,0.989447,1,1
data\val\ai\ai_000283.png,1,ai,jpeg_q90,0.997785,1,1
data\val\ai\ai_000284.png,1,ai,jpeg_q90,0.988607,1,1
data\val\ai\ai_000285.png,1,ai,jpeg_q90,0.995737,1,1
data\val\ai\ai_000286.png,1,ai,jpeg_q90,0.982346,1,1
data\val\ai\ai_000287.png,1,ai,jpeg_q90,0.984430,1,1
data\val\ai\ai_000288.png,1,ai,jpeg_q90,0.438557,0,0
data\val\ai\ai_000289.png,1,ai,jpeg_q90,0.994196,1,1
data\val\ai\ai_000290.png,1,ai,jpeg_q90,0.874964,1,1
data\val\ai\ai_000291.png,1,ai,jpeg_q90,0.999173,1,1
data\val\ai\ai_000292.png,1,ai,jpeg_q90,0.993228,1,1
data\val\ai\ai_000293.png,1,ai,jpeg_q90,0.720326,1,1
data\val\ai\ai_000294.png,1,ai,jpeg_q90,0.997493,1,1
data\val\ai\ai_000295.png,1,ai,jpeg_q90,0.995768,1,1
data\val\ai\ai_000296.png,1,ai,jpeg_q90,0.997107,1,1
data\val\ai\ai_000297.png,1,ai,jpeg_q90,0.997513,1,1
data\val\ai\ai_000298.png,1,ai,jpeg_q90,0.993837,1,1
data\val\ai\ai_000299.png,1,ai,jpeg_q90,0.985487,1,1
data\val\ai\ai_000300.png,1,ai,jpeg_q90,0.734426,1,1
data\val\ai\ai_000301.png,1,ai,jpeg_q90,0.964819,1,1
data\val\ai\ai_000302.png,1,ai,jpeg_q90,0.859944,1,1
data\val\ai\ai_000303.png,1,ai,jpeg_q90,0.990863,1,1
data\val\ai\ai_000304.png,1,ai,jpeg_q90,0.994233,1,1
data\val\ai\ai_000305.png,1,ai,jpeg_q90,0.930822,1,1
data\val\ai\ai_000306.png,1,ai,jpeg_q90,0.994528,1,1
data\val\ai\ai_000307.png,1,ai,jpeg_q90,0.950516,1,1
data\val\ai\ai_000308.png,1,ai,jpeg_q90,0.939217,1,1
data\val\ai\ai_000309.png,1,ai,jpeg_q90,0.948081,1,1
data\val\ai\ai_000310.png,1,ai,jpeg_q90,0.958271,1,1
data\val\ai\ai_000311.png,1,ai,jpeg_q90,0.984459,1,1
data\val\ai\ai_000312.png,1,ai,jpeg_q90,0.990890,1,1
data\val\ai\ai_000313.png,1,ai,jpeg_q90,0.812029,1,1
data\val\ai\ai_000314.png,1,ai,jpeg_q90,0.997183,1,1
data\val\ai\ai_000315.png,1,ai,jpeg_q90,0.994865,1,1
data\val\ai\ai_000316.png,1,ai,jpeg_q90,0.995378,1,1
data\val\ai\ai_000317.png,1,ai,jpeg_q90,0.999477,1,1
data\val\ai\ai_000318.png,1,ai,jpeg_q90,0.273188,0,0
data\val\ai\ai_000319.png,1,ai,jpeg_q90,0.975531,1,1
data\val\ai\ai_000320.png,1,ai,jpeg_q90,0.989571,1,1
data\val\ai\ai_000321.png,1,ai,jpeg_q90,0.991579,1,1
data\val\ai\ai_000322.png,1,ai,jpeg_q90,0.954237,1,1
data\val\ai\ai_000323.png,1,ai,jpeg_q90,0.998959,1,1
data\val\ai\ai_000324.png,1,ai,jpeg_q90,0.999455,1,1
data\val\ai\ai_000325.png,1,ai,jpeg_q90,0.980680,1,1
data\val\ai\ai_000326.png,1,ai,jpeg_q90,0.998253,1,1
data\val\ai\ai_000327.png,1,ai,jpeg_q90,0.999173,1,1
data\val\ai\ai_000328.png,1,ai,jpeg_q90,0.969800,1,1
data\val\ai\ai_000329.png,1,ai,jpeg_q90,0.987604,1,1
data\val\ai\ai_000330.png,1,ai,jpeg_q90,0.985100,1,1
data\val\ai\ai_000331.png,1,ai,jpeg_q90,0.993966,1,1
data\val\ai\ai_000332.png,1,ai,jpeg_q90,0.890785,1,1
data\val\ai\ai_000333.png,1,ai,jpeg_q90,0.997450,1,1
data\val\ai\ai_000334.png,1,ai,jpeg_q90,0.978338,1,1
data\val\ai\ai_000335.png,1,ai,jpeg_q90,0.998299,1,1
data\val\ai\ai_000336.png,1,ai,jpeg_q90,0.836313,1,1
data\val\ai\ai_000337.png,1,ai,jpeg_q90,0.998872,1,1
data\val\ai\ai_000338.png,1,ai,jpeg_q90,0.772889,1,1
data\val\ai\ai_000339.png,1,ai,jpeg_q90,0.998682,1,1
data\val\ai\ai_000340.png,1,ai,jpeg_q90,0.988127,1,1
data\val\ai\ai_000341.png,1,ai,jpeg_q90,0.981707,1,1
data\val\ai\ai_000342.png,1,ai,jpeg_q90,0.802505,1,1
data\val\ai\ai_000343.png,1,ai,jpeg_q90,0.999146,1,1
data\val\ai\ai_000344.png,1,ai,jpeg_q90,0.997184,1,1
data\val\ai\ai_000345.png,1,ai,jpeg_q90,0.992890,1,1
data\val\ai\ai_000346.png,1,ai,jpeg_q90,0.997893,1,1
data\val\ai\ai_000347.png,1,ai,jpeg_q90,0.987539,1,1
data\val\ai\ai_000348.png,1,ai,jpeg_q90,0.988168,1,1
data\val\ai\ai_000349.png,1,ai,jpeg_q90,0.997831,1,1
data\val\ai\ai_000350.png,1,ai,jpeg_q90,0.835076,1,1
data\val\ai\ai_000351.png,1,ai,jpeg_q90,0.990389,1,1
data\val\ai\ai_000352.png,1,ai,jpeg_q90,0.922262,1,1
data\val\ai\ai_000353.png,1,ai,jpeg_q90,0.985030,1,1
data\val\ai\ai_000354.png,1,ai,jpeg_q90,0.999047,1,1
data\val\ai\ai_000355.png,1,ai,jpeg_q90,0.987528,1,1
data\val\ai\ai_000356.png,1,ai,jpeg_q90,0.924738,1,1
data\val\ai\ai_000357.png,1,ai,jpeg_q90,0.990314,1,1
data\val\ai\ai_000358.png,1,ai,jpeg_q90,0.324276,0,0
data\val\ai\ai_000359.png,1,ai,jpeg_q90,0.995209,1,1
data\val\ai\ai_000360.png,1,ai,jpeg_q90,0.927314,1,1
data\val\ai\ai_000361.png,1,ai,jpeg_q90,0.998096,1,1
data\val\ai\ai_000362.png,1,ai,jpeg_q90,0.944348,1,1
data\val\ai\ai_000363.png,1,ai,jpeg_q90,0.998238,1,1
data\val\ai\ai_000364.png,1,ai,jpeg_q90,0.999238,1,1
data\val\ai\ai_000365.png,1,ai,jpeg_q90,0.774168,1,1
data\val\ai\ai_000366.png,1,ai,jpeg_q90,0.940614,1,1
data\val\ai\ai_000367.png,1,ai,jpeg_q90,0.992711,1,1
data\val\ai\ai_000368.png,1,ai,jpeg_q90,0.774119,1,1
data\val\ai\ai_000369.png,1,ai,jpeg_q90,0.997033,1,1
data\val\ai\ai_000370.png,1,ai,jpeg_q90,0.651392,1,1
data\val\ai\ai_000371.png,1,ai,jpeg_q90,0.986716,1,1
data\val\ai\ai_000372.png,1,ai,jpeg_q90,0.984162,1,1
data\val\ai\ai_000373.png,1,ai,jpeg_q90,0.957079,1,1
data\val\ai\ai_000374.png,1,ai,jpeg_q90,0.998567,1,1
data\val\ai\ai_000375.png,1,ai,jpeg_q90,0.996351,1,1
data\val\ai\ai_000376.png,1,ai,jpeg_q90,0.801264,1,1
data\val\ai\ai_000377.png,1,ai,jpeg_q90,0.959436,1,1
data\val\ai\ai_000378.png,1,ai,jpeg_q90,0.996943,1,1
data\val\ai\ai_000379.png,1,ai,jpeg_q90,0.980350,1,1
data\val\ai\ai_000380.png,1,ai,jpeg_q90,0.632353,1,1
data\val\ai\ai_000381.png,1,ai,jpeg_q90,0.941447,1,1
data\val\ai\ai_000382.png,1,ai,jpeg_q90,0.815798,1,1
data\val\ai\ai_000383.png,1,ai,jpeg_q90,0.995865,1,1
data\val\ai\ai_000384.png,1,ai,jpeg_q90,0.955620,1,1
data\val\ai\ai_000385.png,1,ai,jpeg_q90,0.994515,1,1
data\val\ai\ai_000386.png,1,ai,jpeg_q90,0.958640,1,1
data\val\ai\ai_000387.png,1,ai,jpeg_q90,0.998693,1,1
data\val\ai\ai_000388.png,1,ai,jpeg_q90,0.994884,1,1
data\val\ai\ai_000389.png,1,ai,jpeg_q90,0.986905,1,1
data\val\ai\ai_000390.png,1,ai,jpeg_q90,0.999080,1,1
data\val\ai\ai_000391.png,1,ai,jpeg_q90,0.987280,1,1
data\val\ai\ai_000392.png,1,ai,jpeg_q90,0.955658,1,1
data\val\ai\ai_000393.png,1,ai,jpeg_q90,0.997968,1,1
data\val\ai\ai_000394.png,1,ai,jpeg_q90,0.999167,1,1
data\val\ai\ai_000395.png,1,ai,jpeg_q90,0.979276,1,1
data\val\ai\ai_000396.png,1,ai,jpeg_q90,0.974376,1,1
data\val\ai\ai_000397.png,1,ai,jpeg_q90,0.996926,1,1
data\val\ai\ai_000398.png,1,ai,jpeg_q90,0.895452,1,1
data\val\ai\ai_000399.png,1,ai,jpeg_q90,0.980052,1,1
data\val\ai\ai_000400.png,1,ai,jpeg_q90,0.835276,1,1
data\val\ai\ai_000401.png,1,ai,jpeg_q90,0.995362,1,1
data\val\ai\ai_000402.png,1,ai,jpeg_q90,0.993174,1,1
data\val\ai\ai_000403.png,1,ai,jpeg_q90,0.993663,1,1
data\val\ai\ai_000404.png,1,ai,jpeg_q90,0.991290,1,1
data\val\ai\ai_000405.png,1,ai,jpeg_q90,0.998350,1,1
data\val\ai\ai_000406.png,1,ai,jpeg_q90,0.999211,1,1
data\val\ai\ai_000407.png,1,ai,jpeg_q90,0.946237,1,1
data\val\ai\ai_000408.png,1,ai,jpeg_q90,0.982276,1,1
data\val\ai\ai_000409.png,1,ai,jpeg_q90,0.981750,1,1
data\val\ai\ai_000410.png,1,ai,jpeg_q90,0.930175,1,1
data\val\ai\ai_000411.png,1,ai,jpeg_q90,0.995278,1,1
data\val\ai\ai_000412.png,1,ai,jpeg_q90,0.999225,1,1
data\val\ai\ai_000413.png,1,ai,jpeg_q90,0.992771,1,1
data\val\ai\ai_000414.png,1,ai,jpeg_q90,0.999788,1,1
data\val\ai\ai_000415.png,1,ai,jpeg_q90,0.990182,1,1
data\val\ai\ai_000416.png,1,ai,jpeg_q90,0.924739,1,1
data\val\ai\ai_000417.png,1,ai,jpeg_q90,0.991131,1,1
data\val\ai\ai_000418.png,1,ai,jpeg_q90,0.476458,0,0
data\val\ai\ai_000419.png,1,ai,jpeg_q90,0.981557,1,1
data\val\ai\ai_000420.png,1,ai,jpeg_q90,0.963989,1,1
data\val\ai\ai_000421.png,1,ai,jpeg_q90,0.999029,1,1
data\val\ai\ai_000422.png,1,ai,jpeg_q90,0.368187,0,0
data\val\ai\ai_000423.png,1,ai,jpeg_q90,0.968459,1,1
data\val\ai\ai_000424.png,1,ai,jpeg_q90,0.999609,1,1
data\val\ai\ai_000425.png,1,ai,jpeg_q90,0.962144,1,1
data\val\ai\ai_000426.png,1,ai,jpeg_q90,0.509730,1,1
data\val\ai\ai_000427.png,1,ai,jpeg_q90,0.989150,1,1
data\val\ai\ai_000428.png,1,ai,jpeg_q90,0.989141,1,1
data\val\ai\ai_000429.png,1,ai,jpeg_q90,0.997692,1,1
data\val\ai\ai_000430.png,1,ai,jpeg_q90,0.929383,1,1
data\val\ai\ai_000431.png,1,ai,jpeg_q90,0.987458,1,1
data\val\ai\ai_000432.png,1,ai,jpeg_q90,0.997665,1,1
data\val\ai\ai_000433.png,1,ai,jpeg_q90,0.999145,1,1
data\val\ai\ai_000434.png,1,ai,jpeg_q90,0.988255,1,1
data\val\ai\ai_000435.png,1,ai,jpeg_q90,0.983998,1,1
data\val\ai\ai_000436.png,1,ai,jpeg_q90,0.995600,1,1
data\val\ai\ai_000437.png,1,ai,jpeg_q90,0.839302,1,1
data\val\ai\ai_000438.png,1,ai,jpeg_q90,0.990270,1,1
data\val\ai\ai_000439.png,1,ai,jpeg_q90,0.916752,1,1
data\val\ai\ai_000440.png,1,ai,jpeg_q90,0.971226,1,1
data\val\ai\ai_000441.png,1,ai,jpeg_q90,0.945243,1,1
data\val\ai\ai_000442.png,1,ai,jpeg_q90,0.988901,1,1
data\val\ai\ai_000443.png,1,ai,jpeg_q90,0.998216,1,1
data\val\ai\ai_000444.png,1,ai,jpeg_q90,0.997676,1,1
data\val\ai\ai_000445.png,1,ai,jpeg_q90,0.990842,1,1
data\val\ai\ai_000446.png,1,ai,jpeg_q90,0.986722,1,1
data\val\ai\ai_000447.png,1,ai,jpeg_q90,0.994836,1,1
data\val\ai\ai_000448.png,1,ai,jpeg_q90,0.441420,0,0
data\val\ai\ai_000449.png,1,ai,jpeg_q90,0.999668,1,1
data\val\ai\ai_000450.png,1,ai,jpeg_q90,0.992686,1,1
data\val\ai\ai_000451.png,1,ai,jpeg_q90,0.982058,1,1
data\val\ai\ai_000452.png,1,ai,jpeg_q90,0.946469,1,1
data\val\ai\ai_000453.png,1,ai,jpeg_q90,0.999594,1,1
data\val\ai\ai_000454.png,1,ai,jpeg_q90,0.935758,1,1
data\val\ai\ai_000455.png,1,ai,jpeg_q90,0.997921,1,1
data\val\ai\ai_000456.png,1,ai,jpeg_q90,0.975516,1,1
data\val\ai\ai_000457.png,1,ai,jpeg_q90,0.979379,1,1
data\val\ai\ai_000458.png,1,ai,jpeg_q90,0.963367,1,1
data\val\ai\ai_000459.png,1,ai,jpeg_q90,0.700933,1,1
data\val\ai\ai_000460.png,1,ai,jpeg_q90,0.977580,1,1
data\val\ai\ai_000461.png,1,ai,jpeg_q90,0.919271,1,1
data\val\ai\ai_000462.png,1,ai,jpeg_q90,0.983433,1,1
data\val\ai\ai_000463.png,1,ai,jpeg_q90,0.993193,1,1
data\val\ai\ai_000464.png,1,ai,jpeg_q90,0.998078,1,1
data\val\ai\ai_000465.png,1,ai,jpeg_q90,0.998499,1,1
data\val\ai\ai_000466.png,1,ai,jpeg_q90,0.622089,1,1
data\val\ai\ai_000467.png,1,ai,jpeg_q90,0.992030,1,1
data\val\ai\ai_000468.png,1,ai,jpeg_q90,0.907664,1,1
data\val\ai\ai_000469.png,1,ai,jpeg_q90,0.999257,1,1
data\val\ai\ai_000470.png,1,ai,jpeg_q90,0.818658,1,1
data\val\ai\ai_000471.png,1,ai,jpeg_q90,0.999732,1,1
data\val\ai\ai_000472.png,1,ai,jpeg_q90,0.971503,1,1
data\val\ai\ai_000473.png,1,ai,jpeg_q90,0.885637,1,1
data\val\ai\ai_000474.png,1,ai,jpeg_q90,0.998409,1,1
data\val\ai\ai_000475.png,1,ai,jpeg_q90,0.996714,1,1
data\val\ai\ai_000476.png,1,ai,jpeg_q90,0.924321,1,1
data\val\ai\ai_000477.png,1,ai,jpeg_q90,0.985338,1,1
data\val\ai\ai_000478.png,1,ai,jpeg_q90,0.994855,1,1
data\val\ai\ai_000479.png,1,ai,jpeg_q90,0.967145,1,1
data\val\ai\ai_000480.png,1,ai,jpeg_q90,0.946800,1,1
data\val\ai\ai_000481.png,1,ai,jpeg_q90,0.995776,1,1
data\val\ai\ai_000482.png,1,ai,jpeg_q90,0.848635,1,1
data\val\ai\ai_000483.png,1,ai,jpeg_q90,0.824302,1,1
data\val\ai\ai_000484.png,1,ai,jpeg_q90,0.997782,1,1
data\val\ai\ai_000485.png,1,ai,jpeg_q90,0.953593,1,1
data\val\ai\ai_000486.png,1,ai,jpeg_q90,0.997686,1,1
data\val\ai\ai_000487.png,1,ai,jpeg_q90,0.994102,1,1
data\val\ai\ai_000488.png,1,ai,jpeg_q90,0.941804,1,1
data\val\ai\ai_000489.png,1,ai,jpeg_q90,0.998130,1,1
data\val\ai\ai_000490.png,1,ai,jpeg_q90,0.942929,1,1
data\val\ai\ai_000491.png,1,ai,jpeg_q90,0.973820,1,1
data\val\ai\ai_000492.png,1,ai,jpeg_q90,0.994202,1,1
data\val\ai\ai_000493.png,1,ai,jpeg_q90,0.985819,1,1
data\val\ai\ai_000494.png,1,ai,jpeg_q90,0.997646,1,1
data\val\ai\ai_000495.png,1,ai,jpeg_q90,0.966218,1,1
data\val\ai\ai_000496.png,1,ai,jpeg_q90,0.857832,1,1
data\val\ai\ai_000497.png,1,ai,jpeg_q90,0.991450,1,1
data\val\ai\ai_000498.png,1,ai,jpeg_q90,0.866728,1,1
data\val\ai\ai_000499.png,1,ai,jpeg_q90,0.998838,1,1
data\val\ai\ai_000500.png,1,ai,jpeg_q90,0.952224,1,1
data\val\real\000000000139.jpg,0,real,jpeg_q70,0.877212,1,0
data\val\real\000000000285.jpg,0,real,jpeg_q70,0.084823,0,1
data\val\real\000000000632.jpg,0,real,jpeg_q70,0.661342,1,0
data\val\real\000000000724.jpg,0,real,jpeg_q70,0.072628,0,1
data\val\real\000000000776.jpg,0,real,jpeg_q70,0.025970,0,1
data\val\real\000000000785.jpg,0,real,jpeg_q70,0.196116,0,1
data\val\real\000000000802.jpg,0,real,jpeg_q70,0.249827,0,1
data\val\real\000000000872.jpg,0,real,jpeg_q70,0.010968,0,1
data\val\real\000000000885.jpg,0,real,jpeg_q70,0.133825,0,1
data\val\real\000000001000.jpg,0,real,jpeg_q70,0.001928,0,1
data\val\real\000000001268.jpg,0,real,jpeg_q70,0.064129,0,1
data\val\real\000000001296.jpg,0,real,jpeg_q70,0.118711,0,1
data\val\real\000000001353.jpg,0,real,jpeg_q70,0.000603,0,1
data\val\real\000000001425.jpg,0,real,jpeg_q70,0.776600,1,0
data\val\real\000000001490.jpg,0,real,jpeg_q70,0.213007,0,1
data\val\real\000000001503.jpg,0,real,jpeg_q70,0.388362,0,1
data\val\real\000000001532.jpg,0,real,jpeg_q70,0.068078,0,1
data\val\real\000000001584.jpg,0,real,jpeg_q70,0.557647,1,0
data\val\real\000000001675.jpg,0,real,jpeg_q70,0.119000,0,1
data\val\real\000000001761.jpg,0,real,jpeg_q70,0.014663,0,1
data\val\real\000000001818.jpg,0,real,jpeg_q70,0.142329,0,1
data\val\real\000000001993.jpg,0,real,jpeg_q70,0.334475,0,1
data\val\real\000000002006.jpg,0,real,jpeg_q70,0.083273,0,1
data\val\real\000000002149.jpg,0,real,jpeg_q70,0.326465,0,1
data\val\real\000000002153.jpg,0,real,jpeg_q70,0.019800,0,1
data\val\real\000000002157.jpg,0,real,jpeg_q70,0.121499,0,1
data\val\real\000000002261.jpg,0,real,jpeg_q70,0.006427,0,1
data\val\real\000000002299.jpg,0,real,jpeg_q70,0.009839,0,1
data\val\real\000000002431.jpg,0,real,jpeg_q70,0.211621,0,1
data\val\real\000000002473.jpg,0,real,jpeg_q70,0.022803,0,1
data\val\real\000000002532.jpg,0,real,jpeg_q70,0.007335,0,1
data\val\real\000000002587.jpg,0,real,jpeg_q70,0.017723,0,1
data\val\real\000000002592.jpg,0,real,jpeg_q70,0.062702,0,1
data\val\real\000000002685.jpg,0,real,jpeg_q70,0.001683,0,1
data\val\real\000000002923.jpg,0,real,jpeg_q70,0.012707,0,1
data\val\real\000000003156.jpg,0,real,jpeg_q70,0.346836,0,1
data\val\real\000000003255.jpg,0,real,jpeg_q70,0.694120,1,0
data\val\real\000000003501.jpg,0,real,jpeg_q70,0.446452,0,1
data\val\real\000000003553.jpg,0,real,jpeg_q70,0.085009,0,1
data\val\real\000000003661.jpg,0,real,jpeg_q70,0.010483,0,1
data\val\real\000000003845.jpg,0,real,jpeg_q70,0.220447,0,1
data\val\real\000000003934.jpg,0,real,jpeg_q70,0.001579,0,1
data\val\real\000000004134.jpg,0,real,jpeg_q70,0.003124,0,1
data\val\real\000000004395.jpg,0,real,jpeg_q70,0.024790,0,1
data\val\real\000000004495.jpg,0,real,jpeg_q70,0.181053,0,1
data\val\real\000000004765.jpg,0,real,jpeg_q70,0.161347,0,1
data\val\real\000000004795.jpg,0,real,jpeg_q70,0.001231,0,1
data\val\real\000000005001.jpg,0,real,jpeg_q70,0.022422,0,1
data\val\real\000000005037.jpg,0,real,jpeg_q70,0.262243,0,1
data\val\real\000000005060.jpg,0,real,jpeg_q70,0.160342,0,1
data\val\real\000000005193.jpg,0,real,jpeg_q70,0.008312,0,1
data\val\real\000000005477.jpg,0,real,jpeg_q70,0.272164,0,1
data\val\real\000000005503.jpg,0,real,jpeg_q70,0.013475,0,1
data\val\real\000000005529.jpg,0,real,jpeg_q70,0.047166,0,1
data\val\real\000000005586.jpg,0,real,jpeg_q70,0.022441,0,1
data\val\real\000000005600.jpg,0,real,jpeg_q70,0.027737,0,1
data\val\real\000000005992.jpg,0,real,jpeg_q70,0.061458,0,1
data\val\real\000000006012.jpg,0,real,jpeg_q70,0.100155,0,1
data\val\real\000000006040.jpg,0,real,jpeg_q70,0.623193,1,0
data\val\real\000000006213.jpg,0,real,jpeg_q70,0.311656,0,1
data\val\real\000000006460.jpg,0,real,jpeg_q70,0.057114,0,1
data\val\real\000000006471.jpg,0,real,jpeg_q70,0.031391,0,1
data\val\real\000000006614.jpg,0,real,jpeg_q70,0.257296,0,1
data\val\real\000000006723.jpg,0,real,jpeg_q70,0.248932,0,1
data\val\real\000000006763.jpg,0,real,jpeg_q70,0.000153,0,1
data\val\real\000000006771.jpg,0,real,jpeg_q70,0.003614,0,1
data\val\real\000000006818.jpg,0,real,jpeg_q70,0.061708,0,1
data\val\real\000000006894.jpg,0,real,jpeg_q70,0.017432,0,1
data\val\real\000000006954.jpg,0,real,jpeg_q70,0.100208,0,1
data\val\real\000000007088.jpg,0,real,jpeg_q70,0.036635,0,1
data\val\real\000000007108.jpg,0,real,jpeg_q70,0.110331,0,1
data\val\real\000000007278.jpg,0,real,jpeg_q70,0.130973,0,1
data\val\real\000000007281.jpg,0,real,jpeg_q70,0.002230,0,1
data\val\real\000000007386.jpg,0,real,jpeg_q70,0.033956,0,1
data\val\real\000000007511.jpg,0,real,jpeg_q70,0.058207,0,1
data\val\real\000000007574.jpg,0,real,jpeg_q70,0.195673,0,1
data\val\real\000000007784.jpg,0,real,jpeg_q70,0.424220,0,1
data\val\real\000000007795.jpg,0,real,jpeg_q70,0.626355,1,0
data\val\real\000000007816.jpg,0,real,jpeg_q70,0.004999,0,1
data\val\real\000000007818.jpg,0,real,jpeg_q70,0.608858,1,0
data\val\real\000000007888.jpg,0,real,jpeg_q70,0.873076,1,0
data\val\real\000000007977.jpg,0,real,jpeg_q70,0.357008,0,1
data\val\real\000000007991.jpg,0,real,jpeg_q70,0.117498,0,1
data\val\real\000000008021.jpg,0,real,jpeg_q70,0.008284,0,1
data\val\real\000000008211.jpg,0,real,jpeg_q70,0.121030,0,1
data\val\real\000000008277.jpg,0,real,jpeg_q70,0.181200,0,1
data\val\real\000000008532.jpg,0,real,jpeg_q70,0.009344,0,1
data\val\real\000000008629.jpg,0,real,jpeg_q70,0.087584,0,1
data\val\real\000000008690.jpg,0,real,jpeg_q70,0.002900,0,1
data\val\real\000000008762.jpg,0,real,jpeg_q70,0.494447,0,1
data\val\real\000000008844.jpg,0,real,jpeg_q70,0.056451,0,1
data\val\real\000000008899.jpg,0,real,jpeg_q70,0.360938,0,1
data\val\real\000000009378.jpg,0,real,jpeg_q70,0.021255,0,1
data\val\real\000000009400.jpg,0,real,jpeg_q70,0.000786,0,1
data\val\real\000000009448.jpg,0,real,jpeg_q70,0.008734,0,1
data\val\real\000000009483.jpg,0,real,jpeg_q70,0.082264,0,1
data\val\real\000000009590.jpg,0,real,jpeg_q70,0.148903,0,1
data\val\real\000000009769.jpg,0,real,jpeg_q70,0.093227,0,1
data\val\real\000000009772.jpg,0,real,jpeg_q70,0.030985,0,1
data\val\real\000000009891.jpg,0,real,jpeg_q70,0.002033,0,1
data\val\real\000000009914.jpg,0,real,jpeg_q70,0.172108,0,1
data\val\real\000000010092.jpg,0,real,jpeg_q70,0.113233,0,1
data\val\real\000000010363.jpg,0,real,jpeg_q70,0.006039,0,1
data\val\real\000000010583.jpg,0,real,jpeg_q70,0.081788,0,1
data\val\real\000000010707.jpg,0,real,jpeg_q70,0.000264,0,1
data\val\real\000000010764.jpg,0,real,jpeg_q70,0.103748,0,1
data\val\real\000000010977.jpg,0,real,jpeg_q70,0.093528,0,1
data\val\real\000000010995.jpg,0,real,jpeg_q70,0.190013,0,1
data\val\real\000000011051.jpg,0,real,jpeg_q70,0.008407,0,1
data\val\real\000000011122.jpg,0,real,jpeg_q70,0.006025,0,1
data\val\real\000000011149.jpg,0,real,jpeg_q70,0.014658,0,1
data\val\real\000000011197.jpg,0,real,jpeg_q70,0.021866,0,1
data\val\real\000000011511.jpg,0,real,jpeg_q70,0.053538,0,1
data\val\real\000000011615.jpg,0,real,jpeg_q70,0.093563,0,1
data\val\real\000000011699.jpg,0,real,jpeg_q70,0.012713,0,1
data\val\real\000000011760.jpg,0,real,jpeg_q70,0.502290,1,0
data\val\real\000000011813.jpg,0,real,jpeg_q70,0.650216,1,0
data\val\real\000000012062.jpg,0,real,jpeg_q70,0.080183,0,1
data\val\real\000000012120.jpg,0,real,jpeg_q70,0.035668,0,1
data\val\real\000000012280.jpg,0,real,jpeg_q70,0.803188,1,0
data\val\real\000000012576.jpg,0,real,jpeg_q70,0.197184,0,1
data\val\real\000000012639.jpg,0,real,jpeg_q70,0.009323,0,1
data\val\real\000000012667.jpg,0,real,jpeg_q70,0.253272,0,1
data\val\real\000000012670.jpg,0,real,jpeg_q70,0.002921,0,1
data\val\real\000000012748.jpg,0,real,jpeg_q70,0.074806,0,1
data\val\real\000000013004.jpg,0,real,jpeg_q70,0.257785,0,1
data\val\real\000000013177.jpg,0,real,jpeg_q70,0.023363,0,1
data\val\real\000000013201.jpg,0,real,jpeg_q70,0.067836,0,1
data\val\real\000000013291.jpg,0,real,jpeg_q70,0.136251,0,1
data\val\real\000000013348.jpg,0,real,jpeg_q70,0.180443,0,1
data\val\real\000000013546.jpg,0,real,jpeg_q70,0.010639,0,1
data\val\real\000000013597.jpg,0,real,jpeg_q70,0.795737,1,0
data\val\real\000000013659.jpg,0,real,jpeg_q70,0.001109,0,1
data\val\real\000000013729.jpg,0,real,jpeg_q70,0.018467,0,1
data\val\real\000000013774.jpg,0,real,jpeg_q70,0.138382,0,1
data\val\real\000000013923.jpg,0,real,jpeg_q70,0.380725,0,1
data\val\real\000000014007.jpg,0,real,jpeg_q70,0.127953,0,1
data\val\real\000000014038.jpg,0,real,jpeg_q70,0.873088,1,0
data\val\real\000000014226.jpg,0,real,jpeg_q70,0.105835,0,1
data\val\real\000000014380.jpg,0,real,jpeg_q70,0.614004,1,0
data\val\real\000000014439.jpg,0,real,jpeg_q70,0.014348,0,1
data\val\real\000000014473.jpg,0,real,jpeg_q70,0.132554,0,1
data\val\real\000000014831.jpg,0,real,jpeg_q70,0.015183,0,1
data\val\real\000000014888.jpg,0,real,jpeg_q70,0.058570,0,1
data\val\real\000000015079.jpg,0,real,jpeg_q70,0.239284,0,1
data\val\real\000000015254.jpg,0,real,jpeg_q70,0.016241,0,1
data\val\real\000000015272.jpg,0,real,jpeg_q70,0.580360,1,0
data\val\real\000000015278.jpg,0,real,jpeg_q70,0.076753,0,1
data\val\real\000000015335.jpg,0,real,jpeg_q70,0.000884,0,1
data\val\real\000000015338.jpg,0,real,jpeg_q70,0.431722,0,1
data\val\real\000000015440.jpg,0,real,jpeg_q70,0.849092,1,0
data\val\real\000000015497.jpg,0,real,jpeg_q70,0.003373,0,1
data\val\real\000000015517.jpg,0,real,jpeg_q70,0.090960,0,1
data\val\real\000000015597.jpg,0,real,jpeg_q70,0.000850,0,1
data\val\real\000000015660.jpg,0,real,jpeg_q70,0.089773,0,1
data\val\real\000000015746.jpg,0,real,jpeg_q70,0.131916,0,1
data\val\real\000000015751.jpg,0,real,jpeg_q70,0.039451,0,1
data\val\real\000000015956.jpg,0,real,jpeg_q70,0.007896,0,1
data\val\real\000000016010.jpg,0,real,jpeg_q70,0.026214,0,1
data\val\real\000000016228.jpg,0,real,jpeg_q70,0.175081,0,1
data\val\real\000000016249.jpg,0,real,jpeg_q70,0.059473,0,1
data\val\real\000000016439.jpg,0,real,jpeg_q70,0.552658,1,0
data\val\real\000000016451.jpg,0,real,jpeg_q70,0.321665,0,1
data\val\real\000000016502.jpg,0,real,jpeg_q70,0.058530,0,1
data\val\real\000000016598.jpg,0,real,jpeg_q70,0.005305,0,1
data\val\real\000000016958.jpg,0,real,jpeg_q70,0.116881,0,1
data\val\real\000000017029.jpg,0,real,jpeg_q70,0.022740,0,1
data\val\real\000000017031.jpg,0,real,jpeg_q70,0.031799,0,1
data\val\real\000000017115.jpg,0,real,jpeg_q70,0.433668,0,1
data\val\real\000000017178.jpg,0,real,jpeg_q70,0.445116,0,1
data\val\real\000000017182.jpg,0,real,jpeg_q70,0.456809,0,1
data\val\real\000000017207.jpg,0,real,jpeg_q70,0.004379,0,1
data\val\real\000000017379.jpg,0,real,jpeg_q70,0.794761,1,0
data\val\real\000000017436.jpg,0,real,jpeg_q70,0.011335,0,1
data\val\real\000000017627.jpg,0,real,jpeg_q70,0.005313,0,1
data\val\real\000000017714.jpg,0,real,jpeg_q70,0.042901,0,1
data\val\real\000000017899.jpg,0,real,jpeg_q70,0.000962,0,1
data\val\real\000000017905.jpg,0,real,jpeg_q70,0.000636,0,1
data\val\real\000000017959.jpg,0,real,jpeg_q70,0.017163,0,1
data\val\real\000000018150.jpg,0,real,jpeg_q70,0.000840,0,1
data\val\real\000000018193.jpg,0,real,jpeg_q70,0.001193,0,1
data\val\real\000000018380.jpg,0,real,jpeg_q70,0.107425,0,1
data\val\real\000000018491.jpg,0,real,jpeg_q70,0.009581,0,1
data\val\real\000000018519.jpg,0,real,jpeg_q70,0.278168,0,1
data\val\real\000000018575.jpg,0,real,jpeg_q70,0.068698,0,1
data\val\real\000000018737.jpg,0,real,jpeg_q70,0.038996,0,1
data\val\real\000000018770.jpg,0,real,jpeg_q70,0.296622,0,1
data\val\real\000000018833.jpg,0,real,jpeg_q70,0.068932,0,1
data\val\real\000000018837.jpg,0,real,jpeg_q70,0.010720,0,1
data\val\real\000000019042.jpg,0,real,jpeg_q70,0.175779,0,1
data\val\real\000000019109.jpg,0,real,jpeg_q70,0.266773,0,1
data\val\real\000000019221.jpg,0,real,jpeg_q70,0.007933,0,1
data\val\real\000000019402.jpg,0,real,jpeg_q70,0.000562,0,1
data\val\real\000000019432.jpg,0,real,jpeg_q70,0.021211,0,1
data\val\real\000000019742.jpg,0,real,jpeg_q70,0.107950,0,1
data\val\real\000000019786.jpg,0,real,jpeg_q70,0.008338,0,1
data\val\real\000000019924.jpg,0,real,jpeg_q70,0.678624,1,0
data\val\real\000000020059.jpg,0,real,jpeg_q70,0.168607,0,1
data\val\real\000000020107.jpg,0,real,jpeg_q70,0.130855,0,1
data\val\real\000000020247.jpg,0,real,jpeg_q70,0.265568,0,1
data\val\real\000000020333.jpg,0,real,jpeg_q70,0.079209,0,1
data\val\real\000000020553.jpg,0,real,jpeg_q70,0.005842,0,1
data\val\real\000000020571.jpg,0,real,jpeg_q70,0.134943,0,1
data\val\real\000000020992.jpg,0,real,jpeg_q70,0.005674,0,1
data\val\real\000000021167.jpg,0,real,jpeg_q70,0.000489,0,1
data\val\real\000000021465.jpg,0,real,jpeg_q70,0.071532,0,1
data\val\real\000000021503.jpg,0,real,jpeg_q70,0.003847,0,1
data\val\real\000000021604.jpg,0,real,jpeg_q70,0.589205,1,0
data\val\real\000000021839.jpg,0,real,jpeg_q70,0.001649,0,1
data\val\real\000000021879.jpg,0,real,jpeg_q70,0.043509,0,1
data\val\real\000000021903.jpg,0,real,jpeg_q70,0.106553,0,1
data\val\real\000000022192.jpg,0,real,jpeg_q70,0.009819,0,1
data\val\real\000000022371.jpg,0,real,jpeg_q70,0.980906,1,0
data\val\real\000000022396.jpg,0,real,jpeg_q70,0.021679,0,1
data\val\real\000000022479.jpg,0,real,jpeg_q70,0.018208,0,1
data\val\real\000000022589.jpg,0,real,jpeg_q70,0.012403,0,1
data\val\real\000000022623.jpg,0,real,jpeg_q70,0.158285,0,1
data\val\real\000000022705.jpg,0,real,jpeg_q70,0.000547,0,1
data\val\real\000000022755.jpg,0,real,jpeg_q70,0.518730,1,0
data\val\real\000000022892.jpg,0,real,jpeg_q70,0.345919,0,1
data\val\real\000000022935.jpg,0,real,jpeg_q70,0.111690,0,1
data\val\real\000000022969.jpg,0,real,jpeg_q70,0.062227,0,1
data\val\real\000000023023.jpg,0,real,jpeg_q70,0.222710,0,1
data\val\real\000000023034.jpg,0,real,jpeg_q70,0.006918,0,1
data\val\real\000000023126.jpg,0,real,jpeg_q70,0.263022,0,1
data\val\real\000000023230.jpg,0,real,jpeg_q70,0.020405,0,1
data\val\real\000000023272.jpg,0,real,jpeg_q70,0.007397,0,1
data\val\real\000000023359.jpg,0,real,jpeg_q70,0.059942,0,1
data\val\real\000000023666.jpg,0,real,jpeg_q70,0.162812,0,1
data\val\real\000000023751.jpg,0,real,jpeg_q70,0.001944,0,1
data\val\real\000000023781.jpg,0,real,jpeg_q70,0.345270,0,1
data\val\real\000000023899.jpg,0,real,jpeg_q70,0.012135,0,1
data\val\real\000000023937.jpg,0,real,jpeg_q70,0.053682,0,1
data\val\real\000000024021.jpg,0,real,jpeg_q70,0.013509,0,1
data\val\real\000000024027.jpg,0,real,jpeg_q70,0.003018,0,1
data\val\real\000000024144.jpg,0,real,jpeg_q70,0.448193,0,1
data\val\real\000000024243.jpg,0,real,jpeg_q70,0.114716,0,1
data\val\real\000000024567.jpg,0,real,jpeg_q70,0.010721,0,1
data\val\real\000000024610.jpg,0,real,jpeg_q70,0.080838,0,1
data\val\real\000000024919.jpg,0,real,jpeg_q70,0.282219,0,1
data\val\real\000000025057.jpg,0,real,jpeg_q70,0.009843,0,1
data\val\real\000000025096.jpg,0,real,jpeg_q70,0.003346,0,1
data\val\real\000000025139.jpg,0,real,jpeg_q70,0.193084,0,1
data\val\real\000000025181.jpg,0,real,jpeg_q70,0.873127,1,0
data\val\real\000000025228.jpg,0,real,jpeg_q70,0.021045,0,1
data\val\real\000000025386.jpg,0,real,jpeg_q70,0.006659,0,1
data\val\real\000000025393.jpg,0,real,jpeg_q70,0.000474,0,1
data\val\real\000000025394.jpg,0,real,jpeg_q70,0.006282,0,1
data\val\real\000000025424.jpg,0,real,jpeg_q70,0.041004,0,1
data\val\real\000000025560.jpg,0,real,jpeg_q70,0.009645,0,1
data\val\real\000000025593.jpg,0,real,jpeg_q70,0.193548,0,1
data\val\real\000000025603.jpg,0,real,jpeg_q70,0.000185,0,1
data\val\real\000000025986.jpg,0,real,jpeg_q70,0.025203,0,1
data\val\real\000000026204.jpg,0,real,jpeg_q70,0.103171,0,1
data\val\real\000000026465.jpg,0,real,jpeg_q70,0.128148,0,1
data\val\real\000000026564.jpg,0,real,jpeg_q70,0.325026,0,1
data\val\real\000000026690.jpg,0,real,jpeg_q70,0.013046,0,1
data\val\real\000000026926.jpg,0,real,jpeg_q70,0.287245,0,1
data\val\real\000000026941.jpg,0,real,jpeg_q70,0.633174,1,0
data\val\real\000000027186.jpg,0,real,jpeg_q70,0.029727,0,1
data\val\real\000000027620.jpg,0,real,jpeg_q70,0.268421,0,1
data\val\real\000000027696.jpg,0,real,jpeg_q70,0.006298,0,1
data\val\real\000000027768.jpg,0,real,jpeg_q70,0.221762,0,1
data\val\real\000000027932.jpg,0,real,jpeg_q70,0.417355,0,1
data\val\real\000000027972.jpg,0,real,jpeg_q70,0.096753,0,1
data\val\real\000000027982.jpg,0,real,jpeg_q70,0.660429,1,0
data\val\real\000000028285.jpg,0,real,jpeg_q70,0.022614,0,1
data\val\real\000000028449.jpg,0,real,jpeg_q70,0.344208,0,1
data\val\real\000000028452.jpg,0,real,jpeg_q70,0.593079,1,0
data\val\real\000000028809.jpg,0,real,jpeg_q70,0.170820,0,1
data\val\real\000000028993.jpg,0,real,jpeg_q70,0.774495,1,0
data\val\real\000000029187.jpg,0,real,jpeg_q70,0.001036,0,1
data\val\real\000000029393.jpg,0,real,jpeg_q70,0.010241,0,1
data\val\real\000000029397.jpg,0,real,jpeg_q70,0.035522,0,1
data\val\real\000000029596.jpg,0,real,jpeg_q70,0.665451,1,0
data\val\real\000000029640.jpg,0,real,jpeg_q70,0.235503,0,1
data\val\real\000000029675.jpg,0,real,jpeg_q70,0.172647,0,1
data\val\real\000000029984.jpg,0,real,jpeg_q70,0.029182,0,1
data\val\real\000000030213.jpg,0,real,jpeg_q70,0.413803,0,1
data\val\real\000000030494.jpg,0,real,jpeg_q70,0.009082,0,1
data\val\real\000000030504.jpg,0,real,jpeg_q70,0.033506,0,1
data\val\real\000000030675.jpg,0,real,jpeg_q70,0.468592,0,1
data\val\real\000000030785.jpg,0,real,jpeg_q70,0.302220,0,1
data\val\real\000000030828.jpg,0,real,jpeg_q70,0.511681,1,0
data\val\real\000000031050.jpg,0,real,jpeg_q70,0.101573,0,1
data\val\real\000000031093.jpg,0,real,jpeg_q70,0.034417,0,1
data\val\real\000000031118.jpg,0,real,jpeg_q70,0.314145,0,1
data\val\real\000000031217.jpg,0,real,jpeg_q70,0.160217,0,1
data\val\real\000000031248.jpg,0,real,jpeg_q70,0.653347,1,0
data\val\real\000000031269.jpg,0,real,jpeg_q70,0.073313,0,1
data\val\real\000000031296.jpg,0,real,jpeg_q70,0.002607,0,1
data\val\real\000000031322.jpg,0,real,jpeg_q70,0.143334,0,1
data\val\real\000000031620.jpg,0,real,jpeg_q70,0.000153,0,1
data\val\real\000000031735.jpg,0,real,jpeg_q70,0.015042,0,1
data\val\real\000000031749.jpg,0,real,jpeg_q70,0.092249,0,1
data\val\real\000000031817.jpg,0,real,jpeg_q70,0.001819,0,1
data\val\real\000000032038.jpg,0,real,jpeg_q70,0.073346,0,1
data\val\real\000000032081.jpg,0,real,jpeg_q70,0.107098,0,1
data\val\real\000000032285.jpg,0,real,jpeg_q70,0.573433,1,0
data\val\real\000000032334.jpg,0,real,jpeg_q70,0.000743,0,1
data\val\real\000000032570.jpg,0,real,jpeg_q70,0.674676,1,0
data\val\real\000000032610.jpg,0,real,jpeg_q70,0.083935,0,1
data\val\real\000000032735.jpg,0,real,jpeg_q70,0.081262,0,1
data\val\real\000000032811.jpg,0,real,jpeg_q70,0.218094,0,1
data\val\real\000000032817.jpg,0,real,jpeg_q70,0.005789,0,1
data\val\real\000000032861.jpg,0,real,jpeg_q70,0.439796,0,1
data\val\real\000000032887.jpg,0,real,jpeg_q70,0.001150,0,1
data\val\real\000000032901.jpg,0,real,jpeg_q70,0.000093,0,1
data\val\real\000000032941.jpg,0,real,jpeg_q70,0.072365,0,1
data\val\real\000000033005.jpg,0,real,jpeg_q70,0.028934,0,1
data\val\real\000000033104.jpg,0,real,jpeg_q70,0.007467,0,1
data\val\real\000000033109.jpg,0,real,jpeg_q70,0.059962,0,1
data\val\real\000000033114.jpg,0,real,jpeg_q70,0.244951,0,1
data\val\real\000000033221.jpg,0,real,jpeg_q70,0.001506,0,1
data\val\real\000000033368.jpg,0,real,jpeg_q70,0.151386,0,1
data\val\real\000000033638.jpg,0,real,jpeg_q70,0.074804,0,1
data\val\real\000000033707.jpg,0,real,jpeg_q70,0.109660,0,1
data\val\real\000000033759.jpg,0,real,jpeg_q70,0.057264,0,1
data\val\real\000000033854.jpg,0,real,jpeg_q70,0.015956,0,1
data\val\real\000000034071.jpg,0,real,jpeg_q70,0.933796,1,0
data\val\real\000000034139.jpg,0,real,jpeg_q70,0.014424,0,1
data\val\real\000000034205.jpg,0,real,jpeg_q70,0.383199,0,1
data\val\real\000000034257.jpg,0,real,jpeg_q70,0.448643,0,1
data\val\real\000000034417.jpg,0,real,jpeg_q70,0.079598,0,1
data\val\real\000000034452.jpg,0,real,jpeg_q70,0.009226,0,1
data\val\real\000000034760.jpg,0,real,jpeg_q70,0.064954,0,1
data\val\real\000000034873.jpg,0,real,jpeg_q70,0.180998,0,1
data\val\real\000000035062.jpg,0,real,jpeg_q70,0.038027,0,1
data\val\real\000000035197.jpg,0,real,jpeg_q70,0.232983,0,1
data\val\real\000000035279.jpg,0,real,jpeg_q70,0.536022,1,0
data\val\real\000000035326.jpg,0,real,jpeg_q70,0.126788,0,1
data\val\real\000000035682.jpg,0,real,jpeg_q70,0.018256,0,1
data\val\real\000000035770.jpg,0,real,jpeg_q70,0.126694,0,1
data\val\real\000000035963.jpg,0,real,jpeg_q70,0.001038,0,1
data\val\real\000000036494.jpg,0,real,jpeg_q70,0.645685,1,0
data\val\real\000000036539.jpg,0,real,jpeg_q70,0.002352,0,1
data\val\real\000000036660.jpg,0,real,jpeg_q70,0.308716,0,1
data\val\real\000000036678.jpg,0,real,jpeg_q70,0.028702,0,1
data\val\real\000000036844.jpg,0,real,jpeg_q70,0.079520,0,1
data\val\real\000000036861.jpg,0,real,jpeg_q70,0.187747,0,1
data\val\real\000000036936.jpg,0,real,jpeg_q70,0.004144,0,1
data\val\real\000000037670.jpg,0,real,jpeg_q70,0.631277,1,0
data\val\real\000000037689.jpg,0,real,jpeg_q70,0.054801,0,1
data\val\real\000000037740.jpg,0,real,jpeg_q70,0.740374,1,0
data\val\real\000000037751.jpg,0,real,jpeg_q70,0.143150,0,1
data\val\real\000000037777.jpg,0,real,jpeg_q70,0.639323,1,0
data\val\real\000000037988.jpg,0,real,jpeg_q70,0.050020,0,1
data\val\real\000000038048.jpg,0,real,jpeg_q70,0.074420,0,1
data\val\real\000000038070.jpg,0,real,jpeg_q70,0.411235,0,1
data\val\real\000000038118.jpg,0,real,jpeg_q70,0.117111,0,1
data\val\real\000000038210.jpg,0,real,jpeg_q70,0.231089,0,1
data\val\real\000000038576.jpg,0,real,jpeg_q70,0.973061,1,0
data\val\real\000000038678.jpg,0,real,jpeg_q70,0.000851,0,1
data\val\real\000000038825.jpg,0,real,jpeg_q70,0.105035,0,1
data\val\real\000000038829.jpg,0,real,jpeg_q70,0.011687,0,1
data\val\real\000000039405.jpg,0,real,jpeg_q70,0.022976,0,1
data\val\real\000000039477.jpg,0,real,jpeg_q70,0.627091,1,0
data\val\real\000000039480.jpg,0,real,jpeg_q70,0.137756,0,1
data\val\real\000000039484.jpg,0,real,jpeg_q70,0.269711,0,1
data\val\real\000000039551.jpg,0,real,jpeg_q70,0.512844,1,0
data\val\real\000000039670.jpg,0,real,jpeg_q70,0.227848,0,1
data\val\real\000000039769.jpg,0,real,jpeg_q70,0.002214,0,1
data\val\real\000000039785.jpg,0,real,jpeg_q70,0.143730,0,1
data\val\real\000000039914.jpg,0,real,jpeg_q70,0.003579,0,1
data\val\real\000000039951.jpg,0,real,jpeg_q70,0.009007,0,1
data\val\real\000000039956.jpg,0,real,jpeg_q70,0.771865,1,0
data\val\real\000000040036.jpg,0,real,jpeg_q70,0.039108,0,1
data\val\real\000000040083.jpg,0,real,jpeg_q70,0.019243,0,1
data\val\real\000000040471.jpg,0,real,jpeg_q70,0.123597,0,1
data\val\real\000000040757.jpg,0,real,jpeg_q70,0.017399,0,1
data\val\real\000000041488.jpg,0,real,jpeg_q70,0.359545,0,1
data\val\real\000000041633.jpg,0,real,jpeg_q70,0.512443,1,0
data\val\real\000000041635.jpg,0,real,jpeg_q70,0.090060,0,1
data\val\real\000000041872.jpg,0,real,jpeg_q70,0.758124,1,0
data\val\real\000000041888.jpg,0,real,jpeg_q70,0.117043,0,1
data\val\real\000000041990.jpg,0,real,jpeg_q70,0.003223,0,1
data\val\real\000000042070.jpg,0,real,jpeg_q70,0.688811,1,0
data\val\real\000000042102.jpg,0,real,jpeg_q70,0.006052,0,1
data\val\real\000000042178.jpg,0,real,jpeg_q70,0.845570,1,0
data\val\real\000000042276.jpg,0,real,jpeg_q70,0.029679,0,1
data\val\real\000000042296.jpg,0,real,jpeg_q70,0.023478,0,1
data\val\real\000000042528.jpg,0,real,jpeg_q70,0.033654,0,1
data\val\real\000000042563.jpg,0,real,jpeg_q70,0.109318,0,1
data\val\real\000000042628.jpg,0,real,jpeg_q70,0.011306,0,1
data\val\real\000000042888.jpg,0,real,jpeg_q70,0.006683,0,1
data\val\real\000000042889.jpg,0,real,jpeg_q70,0.003230,0,1
data\val\real\000000043314.jpg,0,real,jpeg_q70,0.027181,0,1
data\val\real\000000043435.jpg,0,real,jpeg_q70,0.236833,0,1
data\val\real\000000043581.jpg,0,real,jpeg_q70,0.043954,0,1
data\val\real\000000043737.jpg,0,real,jpeg_q70,0.503720,1,0
data\val\real\000000043816.jpg,0,real,jpeg_q70,0.044897,0,1
data\val\real\000000044068.jpg,0,real,jpeg_q70,0.013298,0,1
data\val\real\000000044195.jpg,0,real,jpeg_q70,0.105542,0,1
data\val\real\000000044260.jpg,0,real,jpeg_q70,0.568941,1,0
data\val\real\000000044279.jpg,0,real,jpeg_q70,0.036751,0,1
data\val\real\000000044590.jpg,0,real,jpeg_q70,0.071881,0,1
data\val\real\000000044652.jpg,0,real,jpeg_q70,0.020347,0,1
data\val\real\000000044699.jpg,0,real,jpeg_q70,0.342154,0,1
data\val\real\000000044877.jpg,0,real,jpeg_q70,0.090788,0,1
data\val\real\000000045070.jpg,0,real,jpeg_q70,0.044748,0,1
data\val\real\000000045090.jpg,0,real,jpeg_q70,0.093284,0,1
data\val\real\000000045229.jpg,0,real,jpeg_q70,0.965301,1,0
data\val\real\000000045472.jpg,0,real,jpeg_q70,0.020724,0,1
data\val\real\000000045550.jpg,0,real,jpeg_q70,0.001987,0,1
data\val\real\000000045596.jpg,0,real,jpeg_q70,0.157730,0,1
data\val\real\000000045728.jpg,0,real,jpeg_q70,0.032375,0,1
data\val\real\000000046031.jpg,0,real,jpeg_q70,0.201699,0,1
data\val\real\000000046048.jpg,0,real,jpeg_q70,0.022533,0,1
data\val\real\000000046252.jpg,0,real,jpeg_q70,0.332064,0,1
data\val\real\000000046378.jpg,0,real,jpeg_q70,0.005970,0,1
data\val\real\000000046463.jpg,0,real,jpeg_q70,0.010639,0,1
data\val\real\000000046497.jpg,0,real,jpeg_q70,0.001017,0,1
data\val\real\000000046804.jpg,0,real,jpeg_q70,0.026861,0,1
data\val\real\000000046872.jpg,0,real,jpeg_q70,0.559677,1,0
data\val\real\000000047010.jpg,0,real,jpeg_q70,0.474293,0,1
data\val\real\000000047112.jpg,0,real,jpeg_q70,0.051567,0,1
data\val\real\000000047121.jpg,0,real,jpeg_q70,0.011321,0,1
data\val\real\000000047571.jpg,0,real,jpeg_q70,0.066834,0,1
data\val\real\000000047585.jpg,0,real,jpeg_q70,0.001577,0,1
data\val\real\000000047740.jpg,0,real,jpeg_q70,0.001554,0,1
data\val\real\000000047769.jpg,0,real,jpeg_q70,0.459300,0,1
data\val\real\000000047801.jpg,0,real,jpeg_q70,0.003158,0,1
data\val\real\000000047819.jpg,0,real,jpeg_q70,0.005804,0,1
data\val\real\000000047828.jpg,0,real,jpeg_q70,0.456606,0,1
data\val\real\000000048153.jpg,0,real,jpeg_q70,0.023755,0,1
data\val\real\000000048396.jpg,0,real,jpeg_q70,0.003585,0,1
data\val\real\000000048504.jpg,0,real,jpeg_q70,0.265429,0,1
data\val\real\000000048555.jpg,0,real,jpeg_q70,0.308415,0,1
data\val\real\000000048564.jpg,0,real,jpeg_q70,0.004097,0,1
data\val\real\000000048924.jpg,0,real,jpeg_q70,0.973757,1,0
data\val\real\000000049060.jpg,0,real,jpeg_q70,0.004045,0,1
data\val\real\000000049091.jpg,0,real,jpeg_q70,0.111025,0,1
data\val\real\000000049259.jpg,0,real,jpeg_q70,0.054525,0,1
data\val\real\000000049269.jpg,0,real,jpeg_q70,0.249060,0,1
data\val\real\000000049759.jpg,0,real,jpeg_q70,0.255851,0,1
data\val\real\000000049761.jpg,0,real,jpeg_q70,0.027510,0,1
data\val\real\000000049810.jpg,0,real,jpeg_q70,0.211251,0,1
data\val\real\000000050006.jpg,0,real,jpeg_q70,0.197093,0,1
data\val\real\000000050145.jpg,0,real,jpeg_q70,0.003364,0,1
data\val\real\000000050149.jpg,0,real,jpeg_q70,0.083093,0,1
data\val\real\000000050165.jpg,0,real,jpeg_q70,0.511030,1,0
data\val\real\000000050326.jpg,0,real,jpeg_q70,0.003408,0,1
data\val\real\000000050331.jpg,0,real,jpeg_q70,0.047712,0,1
data\val\real\000000050380.jpg,0,real,jpeg_q70,0.047815,0,1
data\val\real\000000050638.jpg,0,real,jpeg_q70,0.337247,0,1
data\val\real\000000050679.jpg,0,real,jpeg_q70,0.690943,1,0
data\val\real\000000050811.jpg,0,real,jpeg_q70,0.001836,0,1
data\val\real\000000050828.jpg,0,real,jpeg_q70,0.117162,0,1
data\val\real\000000050844.jpg,0,real,jpeg_q70,0.045214,0,1
data\val\real\000000050896.jpg,0,real,jpeg_q70,0.166818,0,1
data\val\real\000000050943.jpg,0,real,jpeg_q70,0.086421,0,1
data\val\real\000000051008.jpg,0,real,jpeg_q70,0.003716,0,1
data\val\real\000000051309.jpg,0,real,jpeg_q70,0.241767,0,1
data\val\real\000000051314.jpg,0,real,jpeg_q70,0.131201,0,1
data\val\real\000000051326.jpg,0,real,jpeg_q70,0.014600,0,1
data\val\real\000000051598.jpg,0,real,jpeg_q70,0.057446,0,1
data\val\real\000000051610.jpg,0,real,jpeg_q70,0.261930,0,1
data\val\real\000000051712.jpg,0,real,jpeg_q70,0.456883,0,1
data\val\real\000000051738.jpg,0,real,jpeg_q70,0.188089,0,1
data\val\real\000000051938.jpg,0,real,jpeg_q70,0.041474,0,1
data\val\real\000000051961.jpg,0,real,jpeg_q70,0.090621,0,1
data\val\real\000000051976.jpg,0,real,jpeg_q70,0.160917,0,1
data\val\real\000000052007.jpg,0,real,jpeg_q70,0.237849,0,1
data\val\real\000000052017.jpg,0,real,jpeg_q70,0.099426,0,1
data\val\real\000000052412.jpg,0,real,jpeg_q70,0.416001,0,1
data\val\real\000000052413.jpg,0,real,jpeg_q70,0.005068,0,1
data\val\real\000000052462.jpg,0,real,jpeg_q70,0.403398,0,1
data\val\real\000000052507.jpg,0,real,jpeg_q70,0.107635,0,1
data\val\real\000000052565.jpg,0,real,jpeg_q70,0.160597,0,1
data\val\real\000000052591.jpg,0,real,jpeg_q70,0.162275,0,1
data\val\real\000000052891.jpg,0,real,jpeg_q70,0.036107,0,1
data\val\real\000000052996.jpg,0,real,jpeg_q70,0.009155,0,1
data\val\real\000000053505.jpg,0,real,jpeg_q70,0.217692,0,1
data\val\real\000000053529.jpg,0,real,jpeg_q70,0.033880,0,1
data\val\real\000000053624.jpg,0,real,jpeg_q70,0.065970,0,1
data\val\real\000000053626.jpg,0,real,jpeg_q70,0.001617,0,1
data\val\real\000000053909.jpg,0,real,jpeg_q70,0.042565,0,1
data\val\real\000000053994.jpg,0,real,jpeg_q70,0.375715,0,1
data\val\real\000000054123.jpg,0,real,jpeg_q70,0.311544,0,1
data\val\real\000000054164.jpg,0,real,jpeg_q70,0.222564,0,1
data\val\real\000000054592.jpg,0,real,jpeg_q70,0.238591,0,1
data\val\real\000000054593.jpg,0,real,jpeg_q70,0.031099,0,1
data\val\real\000000054605.jpg,0,real,jpeg_q70,0.069884,0,1
data\val\real\000000054628.jpg,0,real,jpeg_q70,0.012479,0,1
data\val\real\000000054654.jpg,0,real,jpeg_q70,0.003417,0,1
data\val\real\000000054931.jpg,0,real,jpeg_q70,0.268306,0,1
data\val\real\000000054967.jpg,0,real,jpeg_q70,0.491285,0,1
data\val\real\000000055002.jpg,0,real,jpeg_q70,0.113169,0,1
data\val\real\000000055022.jpg,0,real,jpeg_q70,0.112364,0,1
data\val\real\000000055072.jpg,0,real,jpeg_q70,0.212107,0,1
data\val\real\000000055150.jpg,0,real,jpeg_q70,0.033011,0,1
data\val\real\000000055167.jpg,0,real,jpeg_q70,0.020385,0,1
data\val\real\000000055299.jpg,0,real,jpeg_q70,0.210525,0,1
data\val\real\000000055528.jpg,0,real,jpeg_q70,0.002536,0,1
data\val\real\000000055950.jpg,0,real,jpeg_q70,0.023549,0,1
data\val\real\000000056127.jpg,0,real,jpeg_q70,0.373476,0,1
data\val\real\000000056288.jpg,0,real,jpeg_q70,0.095504,0,1
data\val\real\000000056344.jpg,0,real,jpeg_q70,0.377121,0,1
data\val\real\000000056350.jpg,0,real,jpeg_q70,0.351098,0,1
data\val\real\000000056545.jpg,0,real,jpeg_q70,0.005795,0,1
data\val\ai\ai_000001.png,1,ai,jpeg_q70,0.967906,1,1
data\val\ai\ai_000002.png,1,ai,jpeg_q70,0.989035,1,1
data\val\ai\ai_000003.png,1,ai,jpeg_q70,0.982070,1,1
data\val\ai\ai_000004.png,1,ai,jpeg_q70,0.973970,1,1
data\val\ai\ai_000005.png,1,ai,jpeg_q70,0.945165,1,1
data\val\ai\ai_000006.png,1,ai,jpeg_q70,0.924203,1,1
data\val\ai\ai_000007.png,1,ai,jpeg_q70,0.990858,1,1
data\val\ai\ai_000008.png,1,ai,jpeg_q70,0.898123,1,1
data\val\ai\ai_000009.png,1,ai,jpeg_q70,0.973439,1,1
data\val\ai\ai_000010.png,1,ai,jpeg_q70,0.986488,1,1
data\val\ai\ai_000011.png,1,ai,jpeg_q70,0.984312,1,1
data\val\ai\ai_000012.png,1,ai,jpeg_q70,0.978292,1,1
data\val\ai\ai_000013.png,1,ai,jpeg_q70,0.997326,1,1
data\val\ai\ai_000014.png,1,ai,jpeg_q70,0.998767,1,1
data\val\ai\ai_000015.png,1,ai,jpeg_q70,0.995383,1,1
data\val\ai\ai_000016.png,1,ai,jpeg_q70,0.759641,1,1
data\val\ai\ai_000017.png,1,ai,jpeg_q70,0.955286,1,1
data\val\ai\ai_000018.png,1,ai,jpeg_q70,0.985669,1,1
data\val\ai\ai_000019.png,1,ai,jpeg_q70,0.873246,1,1
data\val\ai\ai_000020.png,1,ai,jpeg_q70,0.856667,1,1
data\val\ai\ai_000021.png,1,ai,jpeg_q70,0.998375,1,1
data\val\ai\ai_000022.png,1,ai,jpeg_q70,0.563535,1,1
data\val\ai\ai_000023.png,1,ai,jpeg_q70,0.981028,1,1
data\val\ai\ai_000024.png,1,ai,jpeg_q70,0.976278,1,1
data\val\ai\ai_000025.png,1,ai,jpeg_q70,0.985078,1,1
data\val\ai\ai_000026.png,1,ai,jpeg_q70,0.766836,1,1
data\val\ai\ai_000027.png,1,ai,jpeg_q70,0.941902,1,1
data\val\ai\ai_000028.png,1,ai,jpeg_q70,0.996898,1,1
data\val\ai\ai_000029.png,1,ai,jpeg_q70,0.997911,1,1
data\val\ai\ai_000030.png,1,ai,jpeg_q70,0.911433,1,1
data\val\ai\ai_000031.png,1,ai,jpeg_q70,0.785883,1,1
data\val\ai\ai_000032.png,1,ai,jpeg_q70,0.938810,1,1
data\val\ai\ai_000033.png,1,ai,jpeg_q70,0.993880,1,1
data\val\ai\ai_000034.png,1,ai,jpeg_q70,0.997096,1,1
data\val\ai\ai_000035.png,1,ai,jpeg_q70,0.981555,1,1
data\val\ai\ai_000036.png,1,ai,jpeg_q70,0.979130,1,1
data\val\ai\ai_000037.png,1,ai,jpeg_q70,0.972928,1,1
data\val\ai\ai_000038.png,1,ai,jpeg_q70,0.971222,1,1
data\val\ai\ai_000039.png,1,ai,jpeg_q70,0.989510,1,1
data\val\ai\ai_000040.png,1,ai,jpeg_q70,0.445967,0,0
data\val\ai\ai_000041.png,1,ai,jpeg_q70,0.999797,1,1
data\val\ai\ai_000042.png,1,ai,jpeg_q70,0.998135,1,1
data\val\ai\ai_000043.png,1,ai,jpeg_q70,0.999474,1,1
data\val\ai\ai_000044.png,1,ai,jpeg_q70,0.908785,1,1
data\val\ai\ai_000045.png,1,ai,jpeg_q70,0.998265,1,1
data\val\ai\ai_000046.png,1,ai,jpeg_q70,0.488560,0,0
data\val\ai\ai_000047.png,1,ai,jpeg_q70,0.964544,1,1
data\val\ai\ai_000048.png,1,ai,jpeg_q70,0.837477,1,1
data\val\ai\ai_000049.png,1,ai,jpeg_q70,0.991106,1,1
data\val\ai\ai_000050.png,1,ai,jpeg_q70,0.966703,1,1
data\val\ai\ai_000051.png,1,ai,jpeg_q70,0.990327,1,1
data\val\ai\ai_000052.png,1,ai,jpeg_q70,0.998350,1,1
data\val\ai\ai_000053.png,1,ai,jpeg_q70,0.992542,1,1
data\val\ai\ai_000054.png,1,ai,jpeg_q70,0.991953,1,1
data\val\ai\ai_000055.png,1,ai,jpeg_q70,0.789475,1,1
data\val\ai\ai_000056.png,1,ai,jpeg_q70,0.940692,1,1
data\val\ai\ai_000057.png,1,ai,jpeg_q70,0.976573,1,1
data\val\ai\ai_000058.png,1,ai,jpeg_q70,0.634239,1,1
data\val\ai\ai_000059.png,1,ai,jpeg_q70,0.951708,1,1
data\val\ai\ai_000060.png,1,ai,jpeg_q70,0.896830,1,1
data\val\ai\ai_000061.png,1,ai,jpeg_q70,0.980206,1,1
data\val\ai\ai_000062.png,1,ai,jpeg_q70,0.986204,1,1
data\val\ai\ai_000063.png,1,ai,jpeg_q70,0.994526,1,1
data\val\ai\ai_000064.png,1,ai,jpeg_q70,0.787302,1,1
data\val\ai\ai_000065.png,1,ai,jpeg_q70,0.990824,1,1
data\val\ai\ai_000066.png,1,ai,jpeg_q70,0.970051,1,1
data\val\ai\ai_000067.png,1,ai,jpeg_q70,0.999102,1,1
data\val\ai\ai_000068.png,1,ai,jpeg_q70,0.467137,0,0
data\val\ai\ai_000069.png,1,ai,jpeg_q70,0.995092,1,1
data\val\ai\ai_000070.png,1,ai,jpeg_q70,0.867664,1,1
data\val\ai\ai_000071.png,1,ai,jpeg_q70,0.999211,1,1
data\val\ai\ai_000072.png,1,ai,jpeg_q70,0.900724,1,1
data\val\ai\ai_000073.png,1,ai,jpeg_q70,0.999135,1,1
data\val\ai\ai_000074.png,1,ai,jpeg_q70,0.998590,1,1
data\val\ai\ai_000075.png,1,ai,jpeg_q70,0.996958,1,1
data\val\ai\ai_000076.png,1,ai,jpeg_q70,0.948620,1,1
data\val\ai\ai_000077.png,1,ai,jpeg_q70,0.857211,1,1
data\val\ai\ai_000078.png,1,ai,jpeg_q70,0.364691,0,0
data\val\ai\ai_000079.png,1,ai,jpeg_q70,0.959237,1,1
data\val\ai\ai_000080.png,1,ai,jpeg_q70,0.904675,1,1
data\val\ai\ai_000081.png,1,ai,jpeg_q70,0.997005,1,1
data\val\ai\ai_000082.png,1,ai,jpeg_q70,0.998162,1,1
data\val\ai\ai_000083.png,1,ai,jpeg_q70,0.986245,1,1
data\val\ai\ai_000084.png,1,ai,jpeg_q70,0.991648,1,1
data\val\ai\ai_000085.png,1,ai,jpeg_q70,0.988763,1,1
data\val\ai\ai_000086.png,1,ai,jpeg_q70,0.562588,1,1
data\val\ai\ai_000087.png,1,ai,jpeg_q70,0.976527,1,1
data\val\ai\ai_000088.png,1,ai,jpeg_q70,0.956551,1,1
data\val\ai\ai_000089.png,1,ai,jpeg_q70,0.951882,1,1
data\val\ai\ai_000090.png,1,ai,jpeg_q70,0.870677,1,1
data\val\ai\ai_000091.png,1,ai,jpeg_q70,0.986958,1,1
data\val\ai\ai_000092.png,1,ai,jpeg_q70,0.996315,1,1
data\val\ai\ai_000093.png,1,ai,jpeg_q70,0.994446,1,1
data\val\ai\ai_000094.png,1,ai,jpeg_q70,0.998913,1,1
data\val\ai\ai_000095.png,1,ai,jpeg_q70,0.986211,1,1
data\val\ai\ai_000096.png,1,ai,jpeg_q70,0.959665,1,1
data\val\ai\ai_000097.png,1,ai,jpeg_q70,0.772704,1,1
data\val\ai\ai_000098.png,1,ai,jpeg_q70,0.919753,1,1
data\val\ai\ai_000099.png,1,ai,jpeg_q70,0.652794,1,1
data\val\ai\ai_000100.png,1,ai,jpeg_q70,0.982703,1,1
data\val\ai\ai_000101.png,1,ai,jpeg_q70,0.993473,1,1
data\val\ai\ai_000102.png,1,ai,jpeg_q70,0.747510,1,1
data\val\ai\ai_000103.png,1,ai,jpeg_q70,0.983060,1,1
data\val\ai\ai_000104.png,1,ai,jpeg_q70,0.996567,1,1
data\val\ai\ai_000105.png,1,ai,jpeg_q70,0.681532,1,1
data\val\ai\ai_000106.png,1,ai,jpeg_q70,0.457337,0,0
data\val\ai\ai_000107.png,1,ai,jpeg_q70,0.898527,1,1
data\val\ai\ai_000108.png,1,ai,jpeg_q70,0.992261,1,1
data\val\ai\ai_000109.png,1,ai,jpeg_q70,0.999300,1,1
data\val\ai\ai_000110.png,1,ai,jpeg_q70,0.924937,1,1
data\val\ai\ai_000111.png,1,ai,jpeg_q70,0.919937,1,1
data\val\ai\ai_000112.png,1,ai,jpeg_q70,0.871244,1,1
data\val\ai\ai_000113.png,1,ai,jpeg_q70,0.988388,1,1
data\val\ai\ai_000114.png,1,ai,jpeg_q70,0.992709,1,1
data\val\ai\ai_000115.png,1,ai,jpeg_q70,0.983410,1,1
data\val\ai\ai_000116.png,1,ai,jpeg_q70,0.882951,1,1
data\val\ai\ai_000117.png,1,ai,jpeg_q70,0.983194,1,1
data\val\ai\ai_000118.png,1,ai,jpeg_q70,0.994669,1,1
data\val\ai\ai_000119.png,1,ai,jpeg_q70,0.936356,1,1
data\val\ai\ai_000120.png,1,ai,jpeg_q70,0.919121,1,1
data\val\ai\ai_000121.png,1,ai,jpeg_q70,0.998605,1,1
data\val\ai\ai_000122.png,1,ai,jpeg_q70,0.967499,1,1
data\val\ai\ai_000123.png,1,ai,jpeg_q70,0.956563,1,1
data\val\ai\ai_000124.png,1,ai,jpeg_q70,0.861143,1,1
data\val\ai\ai_000125.png,1,ai,jpeg_q70,0.997234,1,1
data\val\ai\ai_000126.png,1,ai,jpeg_q70,0.976108,1,1
data\val\ai\ai_000127.png,1,ai,jpeg_q70,0.996321,1,1
data\val\ai\ai_000128.png,1,ai,jpeg_q70,0.973302,1,1
data\val\ai\ai_000129.png,1,ai,jpeg_q70,0.964272,1,1
data\val\ai\ai_000130.png,1,ai,jpeg_q70,0.337290,0,0
data\val\ai\ai_000131.png,1,ai,jpeg_q70,0.996904,1,1
data\val\ai\ai_000132.png,1,ai,jpeg_q70,0.982624,1,1
data\val\ai\ai_000133.png,1,ai,jpeg_q70,0.996509,1,1
data\val\ai\ai_000134.png,1,ai,jpeg_q70,0.996516,1,1
data\val\ai\ai_000135.png,1,ai,jpeg_q70,0.999476,1,1
data\val\ai\ai_000136.png,1,ai,jpeg_q70,0.646227,1,1
data\val\ai\ai_000137.png,1,ai,jpeg_q70,0.907975,1,1
data\val\ai\ai_000138.png,1,ai,jpeg_q70,0.815211,1,1
data\val\ai\ai_000139.png,1,ai,jpeg_q70,0.995715,1,1
data\val\ai\ai_000140.png,1,ai,jpeg_q70,0.852545,1,1
data\val\ai\ai_000141.png,1,ai,jpeg_q70,0.999665,1,1
data\val\ai\ai_000142.png,1,ai,jpeg_q70,0.964551,1,1
data\val\ai\ai_000143.png,1,ai,jpeg_q70,0.999387,1,1
data\val\ai\ai_000144.png,1,ai,jpeg_q70,0.987804,1,1
data\val\ai\ai_000145.png,1,ai,jpeg_q70,0.990692,1,1
data\val\ai\ai_000146.png,1,ai,jpeg_q70,0.989112,1,1
data\val\ai\ai_000147.png,1,ai,jpeg_q70,0.985019,1,1
data\val\ai\ai_000148.png,1,ai,jpeg_q70,0.535701,1,1
data\val\ai\ai_000149.png,1,ai,jpeg_q70,0.995765,1,1
data\val\ai\ai_000150.png,1,ai,jpeg_q70,0.815418,1,1
data\val\ai\ai_000151.png,1,ai,jpeg_q70,0.858263,1,1
data\val\ai\ai_000152.png,1,ai,jpeg_q70,0.949783,1,1
data\val\ai\ai_000153.png,1,ai,jpeg_q70,0.999313,1,1
data\val\ai\ai_000154.png,1,ai,jpeg_q70,0.993585,1,1
data\val\ai\ai_000155.png,1,ai,jpeg_q70,0.961670,1,1
data\val\ai\ai_000156.png,1,ai,jpeg_q70,0.810375,1,1
data\val\ai\ai_000157.png,1,ai,jpeg_q70,0.989440,1,1
data\val\ai\ai_000158.png,1,ai,jpeg_q70,0.420705,0,0
data\val\ai\ai_000159.png,1,ai,jpeg_q70,0.999125,1,1
data\val\ai\ai_000160.png,1,ai,jpeg_q70,0.130550,0,0
data\val\ai\ai_000161.png,1,ai,jpeg_q70,0.992798,1,1
data\val\ai\ai_000162.png,1,ai,jpeg_q70,0.979582,1,1
data\val\ai\ai_000163.png,1,ai,jpeg_q70,0.998141,1,1
data\val\ai\ai_000164.png,1,ai,jpeg_q70,0.999016,1,1
data\val\ai\ai_000165.png,1,ai,jpeg_q70,0.999047,1,1
data\val\ai\ai_000166.png,1,ai,jpeg_q70,0.926099,1,1
data\val\ai\ai_000167.png,1,ai,jpeg_q70,0.975657,1,1
data\val\ai\ai_000168.png,1,ai,jpeg_q70,0.328553,0,0
data\val\ai\ai_000169.png,1,ai,jpeg_q70,0.996807,1,1
data\val\ai\ai_000170.png,1,ai,jpeg_q70,0.970645,1,1
data\val\ai\ai_000171.png,1,ai,jpeg_q70,0.996778,1,1
data\val\ai\ai_000172.png,1,ai,jpeg_q70,0.981323,1,1
data\val\ai\ai_000173.png,1,ai,jpeg_q70,0.991779,1,1
data\val\ai\ai_000174.png,1,ai,jpeg_q70,0.999643,1,1
data\val\ai\ai_000175.png,1,ai,jpeg_q70,0.990012,1,1
data\val\ai\ai_000176.png,1,ai,jpeg_q70,0.981388,1,1
data\val\ai\ai_000177.png,1,ai,jpeg_q70,0.981923,1,1
data\val\ai\ai_000178.png,1,ai,jpeg_q70,0.818439,1,1
data\val\ai\ai_000179.png,1,ai,jpeg_q70,0.999052,1,1
data\val\ai\ai_000180.png,1,ai,jpeg_q70,0.883488,1,1
data\val\ai\ai_000181.png,1,ai,jpeg_q70,0.964143,1,1
data\val\ai\ai_000182.png,1,ai,jpeg_q70,0.932226,1,1
data\val\ai\ai_000183.png,1,ai,jpeg_q70,0.982575,1,1
data\val\ai\ai_000184.png,1,ai,jpeg_q70,0.997680,1,1
data\val\ai\ai_000185.png,1,ai,jpeg_q70,0.949863,1,1
data\val\ai\ai_000186.png,1,ai,jpeg_q70,0.652700,1,1
data\val\ai\ai_000187.png,1,ai,jpeg_q70,0.965706,1,1
data\val\ai\ai_000188.png,1,ai,jpeg_q70,0.645510,1,1
data\val\ai\ai_000189.png,1,ai,jpeg_q70,0.994812,1,1
data\val\ai\ai_000190.png,1,ai,jpeg_q70,0.955678,1,1
data\val\ai\ai_000191.png,1,ai,jpeg_q70,0.684495,1,1
data\val\ai\ai_000192.png,1,ai,jpeg_q70,0.992667,1,1
data\val\ai\ai_000193.png,1,ai,jpeg_q70,0.999647,1,1
data\val\ai\ai_000194.png,1,ai,jpeg_q70,0.993955,1,1
data\val\ai\ai_000195.png,1,ai,jpeg_q70,0.994548,1,1
data\val\ai\ai_000196.png,1,ai,jpeg_q70,0.988953,1,1
data\val\ai\ai_000197.png,1,ai,jpeg_q70,0.930777,1,1
data\val\ai\ai_000198.png,1,ai,jpeg_q70,0.964650,1,1
data\val\ai\ai_000199.png,1,ai,jpeg_q70,0.972965,1,1
data\val\ai\ai_000200.png,1,ai,jpeg_q70,0.938160,1,1
data\val\ai\ai_000201.png,1,ai,jpeg_q70,0.982292,1,1
data\val\ai\ai_000202.png,1,ai,jpeg_q70,0.901600,1,1
data\val\ai\ai_000203.png,1,ai,jpeg_q70,0.998035,1,1
data\val\ai\ai_000204.png,1,ai,jpeg_q70,0.996101,1,1
data\val\ai\ai_000205.png,1,ai,jpeg_q70,0.969145,1,1
data\val\ai\ai_000206.png,1,ai,jpeg_q70,0.994599,1,1
data\val\ai\ai_000207.png,1,ai,jpeg_q70,0.959048,1,1
data\val\ai\ai_000208.png,1,ai,jpeg_q70,0.970853,1,1
data\val\ai\ai_000209.png,1,ai,jpeg_q70,0.994837,1,1
data\val\ai\ai_000210.png,1,ai,jpeg_q70,0.934752,1,1
data\val\ai\ai_000211.png,1,ai,jpeg_q70,0.998345,1,1
data\val\ai\ai_000212.png,1,ai,jpeg_q70,0.996872,1,1
data\val\ai\ai_000213.png,1,ai,jpeg_q70,0.980853,1,1
data\val\ai\ai_000214.png,1,ai,jpeg_q70,0.999815,1,1
data\val\ai\ai_000215.png,1,ai,jpeg_q70,0.974171,1,1
data\val\ai\ai_000216.png,1,ai,jpeg_q70,0.932187,1,1
data\val\ai\ai_000217.png,1,ai,jpeg_q70,0.940324,1,1
data\val\ai\ai_000218.png,1,ai,jpeg_q70,0.777815,1,1
data\val\ai\ai_000219.png,1,ai,jpeg_q70,0.993362,1,1
data\val\ai\ai_000220.png,1,ai,jpeg_q70,0.369474,0,0
data\val\ai\ai_000221.png,1,ai,jpeg_q70,0.991474,1,1
data\val\ai\ai_000222.png,1,ai,jpeg_q70,0.884901,1,1
data\val\ai\ai_000223.png,1,ai,jpeg_q70,0.997041,1,1
data\val\ai\ai_000224.png,1,ai,jpeg_q70,0.994243,1,1
data\val\ai\ai_000225.png,1,ai,jpeg_q70,0.973667,1,1
data\val\ai\ai_000226.png,1,ai,jpeg_q70,0.973762,1,1
data\val\ai\ai_000227.png,1,ai,jpeg_q70,0.932665,1,1
data\val\ai\ai_000228.png,1,ai,jpeg_q70,0.116728,0,0
data\val\ai\ai_000229.png,1,ai,jpeg_q70,0.997024,1,1
data\val\ai\ai_000230.png,1,ai,jpeg_q70,0.912414,1,1
data\val\ai\ai_000231.png,1,ai,jpeg_q70,0.999759,1,1
data\val\ai\ai_000232.png,1,ai,jpeg_q70,0.862601,1,1
data\val\ai\ai_000233.png,1,ai,jpeg_q70,0.979295,1,1
data\val\ai\ai_000234.png,1,ai,jpeg_q70,0.999670,1,1
data\val\ai\ai_000235.png,1,ai,jpeg_q70,0.996551,1,1
data\val\ai\ai_000236.png,1,ai,jpeg_q70,0.783462,1,1
data\val\ai\ai_000237.png,1,ai,jpeg_q70,0.957550,1,1
data\val\ai\ai_000238.png,1,ai,jpeg_q70,0.662385,1,1
data\val\ai\ai_000239.png,1,ai,jpeg_q70,0.945985,1,1
data\val\ai\ai_000240.png,1,ai,jpeg_q70,0.870988,1,1
data\val\ai\ai_000241.png,1,ai,jpeg_q70,0.989071,1,1
data\val\ai\ai_000242.png,1,ai,jpeg_q70,0.991215,1,1
data\val\ai\ai_000243.png,1,ai,jpeg_q70,0.987924,1,1
data\val\ai\ai_000244.png,1,ai,jpeg_q70,0.997937,1,1
data\val\ai\ai_000245.png,1,ai,jpeg_q70,0.880709,1,1
data\val\ai\ai_000246.png,1,ai,jpeg_q70,0.992268,1,1
data\val\ai\ai_000247.png,1,ai,jpeg_q70,0.978068,1,1
data\val\ai\ai_000248.png,1,ai,jpeg_q70,0.988247,1,1
data\val\ai\ai_000249.png,1,ai,jpeg_q70,0.998092,1,1
data\val\ai\ai_000250.png,1,ai,jpeg_q70,0.331281,0,0
data\val\ai\ai_000251.png,1,ai,jpeg_q70,0.971494,1,1
data\val\ai\ai_000252.png,1,ai,jpeg_q70,0.993917,1,1
data\val\ai\ai_000253.png,1,ai,jpeg_q70,0.994074,1,1
data\val\ai\ai_000254.png,1,ai,jpeg_q70,0.985365,1,1
data\val\ai\ai_000255.png,1,ai,jpeg_q70,0.749613,1,1
data\val\ai\ai_000256.png,1,ai,jpeg_q70,0.718479,1,1
data\val\ai\ai_000257.png,1,ai,jpeg_q70,0.985573,1,1
data\val\ai\ai_000258.png,1,ai,jpeg_q70,0.637941,1,1
data\val\ai\ai_000259.png,1,ai,jpeg_q70,0.996054,1,1
data\val\ai\ai_000260.png,1,ai,jpeg_q70,0.506816,1,1
data\val\ai\ai_000261.png,1,ai,jpeg_q70,0.993058,1,1
data\val\ai\ai_000262.png,1,ai,jpeg_q70,0.995690,1,1
data\val\ai\ai_000263.png,1,ai,jpeg_q70,0.994825,1,1
data\val\ai\ai_000264.png,1,ai,jpeg_q70,0.999817,1,1
data\val\ai\ai_000265.png,1,ai,jpeg_q70,0.996184,1,1
data\val\ai\ai_000266.png,1,ai,jpeg_q70,0.892412,1,1
data\val\ai\ai_000267.png,1,ai,jpeg_q70,0.995448,1,1
data\val\ai\ai_000268.png,1,ai,jpeg_q70,0.918779,1,1
data\val\ai\ai_000269.png,1,ai,jpeg_q70,0.997940,1,1
data\val\ai\ai_000270.png,1,ai,jpeg_q70,0.787516,1,1
data\val\ai\ai_000271.png,1,ai,jpeg_q70,0.993626,1,1
data\val\ai\ai_000272.png,1,ai,jpeg_q70,0.993526,1,1
data\val\ai\ai_000273.png,1,ai,jpeg_q70,0.998932,1,1
data\val\ai\ai_000274.png,1,ai,jpeg_q70,0.988807,1,1
data\val\ai\ai_000275.png,1,ai,jpeg_q70,0.993749,1,1
data\val\ai\ai_000276.png,1,ai,jpeg_q70,0.991557,1,1
data\val\ai\ai_000277.png,1,ai,jpeg_q70,0.929685,1,1
data\val\ai\ai_000278.png,1,ai,jpeg_q70,0.997262,1,1
data\val\ai\ai_000279.png,1,ai,jpeg_q70,0.984962,1,1
data\val\ai\ai_000280.png,1,ai,jpeg_q70,0.870147,1,1
data\val\ai\ai_000281.png,1,ai,jpeg_q70,0.929159,1,1
data\val\ai\ai_000282.png,1,ai,jpeg_q70,0.954093,1,1
data\val\ai\ai_000283.png,1,ai,jpeg_q70,0.990885,1,1
data\val\ai\ai_000284.png,1,ai,jpeg_q70,0.992418,1,1
data\val\ai\ai_000285.png,1,ai,jpeg_q70,0.997147,1,1
data\val\ai\ai_000286.png,1,ai,jpeg_q70,0.990635,1,1
data\val\ai\ai_000287.png,1,ai,jpeg_q70,0.981885,1,1
data\val\ai\ai_000288.png,1,ai,jpeg_q70,0.284054,0,0
data\val\ai\ai_000289.png,1,ai,jpeg_q70,0.992431,1,1
data\val\ai\ai_000290.png,1,ai,jpeg_q70,0.821872,1,1
data\val\ai\ai_000291.png,1,ai,jpeg_q70,0.998683,1,1
data\val\ai\ai_000292.png,1,ai,jpeg_q70,0.991944,1,1
data\val\ai\ai_000293.png,1,ai,jpeg_q70,0.659530,1,1
data\val\ai\ai_000294.png,1,ai,jpeg_q70,0.990713,1,1
data\val\ai\ai_000295.png,1,ai,jpeg_q70,0.991710,1,1
data\val\ai\ai_000296.png,1,ai,jpeg_q70,0.996941,1,1
data\val\ai\ai_000297.png,1,ai,jpeg_q70,0.995169,1,1
data\val\ai\ai_000298.png,1,ai,jpeg_q70,0.988422,1,1
data\val\ai\ai_000299.png,1,ai,jpeg_q70,0.972689,1,1
data\val\ai\ai_000300.png,1,ai,jpeg_q70,0.684501,1,1
data\val\ai\ai_000301.png,1,ai,jpeg_q70,0.942297,1,1
data\val\ai\ai_000302.png,1,ai,jpeg_q70,0.688046,1,1
data\val\ai\ai_000303.png,1,ai,jpeg_q70,0.970936,1,1
data\val\ai\ai_000304.png,1,ai,jpeg_q70,0.990762,1,1
data\val\ai\ai_000305.png,1,ai,jpeg_q70,0.922921,1,1
data\val\ai\ai_000306.png,1,ai,jpeg_q70,0.994582,1,1
data\val\ai\ai_000307.png,1,ai,jpeg_q70,0.918510,1,1
data\val\ai\ai_000308.png,1,ai,jpeg_q70,0.807213,1,1
data\val\ai\ai_000309.png,1,ai,jpeg_q70,0.938124,1,1
data\val\ai\ai_000310.png,1,ai,jpeg_q70,0.890102,1,1
data\val\ai\ai_000311.png,1,ai,jpeg_q70,0.978957,1,1
data\val\ai\ai_000312.png,1,ai,jpeg_q70,0.986110,1,1
data\val\ai\ai_000313.png,1,ai,jpeg_q70,0.851102,1,1
data\val\ai\ai_000314.png,1,ai,jpeg_q70,0.986589,1,1
data\val\ai\ai_000315.png,1,ai,jpeg_q70,0.988054,1,1
data\val\ai\ai_000316.png,1,ai,jpeg_q70,0.989861,1,1
data\val\ai\ai_000317.png,1,ai,jpeg_q70,0.998562,1,1
data\val\ai\ai_000318.png,1,ai,jpeg_q70,0.151498,0,0
data\val\ai\ai_000319.png,1,ai,jpeg_q70,0.969869,1,1
data\val\ai\ai_000320.png,1,ai,jpeg_q70,0.979877,1,1
data\val\ai\ai_000321.png,1,ai,jpeg_q70,0.989426,1,1
data\val\ai\ai_000322.png,1,ai,jpeg_q70,0.950430,1,1
data\val\ai\ai_000323.png,1,ai,jpeg_q70,0.998423,1,1
data\val\ai\ai_000324.png,1,ai,jpeg_q70,0.999729,1,1
data\val\ai\ai_000325.png,1,ai,jpeg_q70,0.977060,1,1
data\val\ai\ai_000326.png,1,ai,jpeg_q70,0.998117,1,1
data\val\ai\ai_000327.png,1,ai,jpeg_q70,0.998001,1,1
data\val\ai\ai_000328.png,1,ai,jpeg_q70,0.849237,1,1
data\val\ai\ai_000329.png,1,ai,jpeg_q70,0.983314,1,1
data\val\ai\ai_000330.png,1,ai,jpeg_q70,0.968497,1,1
data\val\ai\ai_000331.png,1,ai,jpeg_q70,0.991221,1,1
data\val\ai\ai_000332.png,1,ai,jpeg_q70,0.537640,1,1
data\val\ai\ai_000333.png,1,ai,jpeg_q70,0.996459,1,1
data\val\ai\ai_000334.png,1,ai,jpeg_q70,0.979823,1,1
data\val\ai\ai_000335.png,1,ai,jpeg_q70,0.998255,1,1
data\val\ai\ai_000336.png,1,ai,jpeg_q70,0.691764,1,1
data\val\ai\ai_000337.png,1,ai,jpeg_q70,0.998005,1,1
data\val\ai\ai_000338.png,1,ai,jpeg_q70,0.814288,1,1
data\val\ai\ai_000339.png,1,ai,jpeg_q70,0.997481,1,1
data\val\ai\ai_000340.png,1,ai,jpeg_q70,0.991912,1,1
data\val\ai\ai_000341.png,1,ai,jpeg_q70,0.968150,1,1
data\val\ai\ai_000342.png,1,ai,jpeg_q70,0.671809,1,1
data\val\ai\ai_000343.png,1,ai,jpeg_q70,0.995437,1,1
data\val\ai\ai_000344.png,1,ai,jpeg_q70,0.994296,1,1
data\val\ai\ai_000345.png,1,ai,jpeg_q70,0.992835,1,1
data\val\ai\ai_000346.png,1,ai,jpeg_q70,0.996029,1,1
data\val\ai\ai_000347.png,1,ai,jpeg_q70,0.977703,1,1
data\val\ai\ai_000348.png,1,ai,jpeg_q70,0.944625,1,1
data\val\ai\ai_000349.png,1,ai,jpeg_q70,0.995240,1,1
data\val\ai\ai_000350.png,1,ai,jpeg_q70,0.798845,1,1
data\val\ai\ai_000351.png,1,ai,jpeg_q70,0.956075,1,1
data\val\ai\ai_000352.png,1,ai,jpeg_q70,0.876503,1,1
data\val\ai\ai_000353.png,1,ai,jpeg_q70,0.980500,1,1
data\val\ai\ai_000354.png,1,ai,jpeg_q70,0.997895,1,1
data\val\ai\ai_000355.png,1,ai,jpeg_q70,0.984848,1,1
data\val\ai\ai_000356.png,1,ai,jpeg_q70,0.900412,1,1
data\val\ai\ai_000357.png,1,ai,jpeg_q70,0.975910,1,1
data\val\ai\ai_000358.png,1,ai,jpeg_q70,0.232945,0,0
data\val\ai\ai_000359.png,1,ai,jpeg_q70,0.993029,1,1
data\val\ai\ai_000360.png,1,ai,jpeg_q70,0.894695,1,1
data\val\ai\ai_000361.png,1,ai,jpeg_q70,0.997098,1,1
data\val\ai\ai_000362.png,1,ai,jpeg_q70,0.853099,1,1
data\val\ai\ai_000363.png,1,ai,jpeg_q70,0.992541,1,1
data\val\ai\ai_000364.png,1,ai,jpeg_q70,0.999303,1,1
data\val\ai\ai_000365.png,1,ai,jpeg_q70,0.708101,1,1
data\val\ai\ai_000366.png,1,ai,jpeg_q70,0.959228,1,1
data\val\ai\ai_000367.png,1,ai,jpeg_q70,0.985564,1,1
data\val\ai\ai_000368.png,1,ai,jpeg_q70,0.356201,0,0
data\val\ai\ai_000369.png,1,ai,jpeg_q70,0.995101,1,1
data\val\ai\ai_000370.png,1,ai,jpeg_q70,0.268763,0,0
data\val\ai\ai_000371.png,1,ai,jpeg_q70,0.970747,1,1
data\val\ai\ai_000372.png,1,ai,jpeg_q70,0.878993,1,1
data\val\ai\ai_000373.png,1,ai,jpeg_q70,0.937650,1,1
data\val\ai\ai_000374.png,1,ai,jpeg_q70,0.997720,1,1
data\val\ai\ai_000375.png,1,ai,jpeg_q70,0.994166,1,1
data\val\ai\ai_000376.png,1,ai,jpeg_q70,0.747268,1,1
data\val\ai\ai_000377.png,1,ai,jpeg_q70,0.954342,1,1
data\val\ai\ai_000378.png,1,ai,jpeg_q70,0.991251,1,1
data\val\ai\ai_000379.png,1,ai,jpeg_q70,0.967475,1,1
data\val\ai\ai_000380.png,1,ai,jpeg_q70,0.791818,1,1
data\val\ai\ai_000381.png,1,ai,jpeg_q70,0.859978,1,1
data\val\ai\ai_000382.png,1,ai,jpeg_q70,0.332372,0,0
data\val\ai\ai_000383.png,1,ai,jpeg_q70,0.993678,1,1
data\val\ai\ai_000384.png,1,ai,jpeg_q70,0.975622,1,1
data\val\ai\ai_000385.png,1,ai,jpeg_q70,0.996894,1,1
data\val\ai\ai_000386.png,1,ai,jpeg_q70,0.886701,1,1
data\val\ai\ai_000387.png,1,ai,jpeg_q70,0.994383,1,1
data\val\ai\ai_000388.png,1,ai,jpeg_q70,0.993028,1,1
data\val\ai\ai_000389.png,1,ai,jpeg_q70,0.971030,1,1
data\val\ai\ai_000390.png,1,ai,jpeg_q70,0.995933,1,1
data\val\ai\ai_000391.png,1,ai,jpeg_q70,0.970845,1,1
data\val\ai\ai_000392.png,1,ai,jpeg_q70,0.923410,1,1
data\val\ai\ai_000393.png,1,ai,jpeg_q70,0.997876,1,1
data\val\ai\ai_000394.png,1,ai,jpeg_q70,0.998212,1,1
data\val\ai\ai_000395.png,1,ai,jpeg_q70,0.972046,1,1
data\val\ai\ai_000396.png,1,ai,jpeg_q70,0.955451,1,1
data\val\ai\ai_000397.png,1,ai,jpeg_q70,0.988301,1,1
data\val\ai\ai_000398.png,1,ai,jpeg_q70,0.691600,1,1
data\val\ai\ai_000399.png,1,ai,jpeg_q70,0.958348,1,1
data\val\ai\ai_000400.png,1,ai,jpeg_q70,0.505836,1,1
data\val\ai\ai_000401.png,1,ai,jpeg_q70,0.976577,1,1
data\val\ai\ai_000402.png,1,ai,jpeg_q70,0.996271,1,1
data\val\ai\ai_000403.png,1,ai,jpeg_q70,0.987644,1,1
data\val\ai\ai_000404.png,1,ai,jpeg_q70,0.991628,1,1
data\val\ai\ai_000405.png,1,ai,jpeg_q70,0.997121,1,1
data\val\ai\ai_000406.png,1,ai,jpeg_q70,0.998009,1,1
data\val\ai\ai_000407.png,1,ai,jpeg_q70,0.819963,1,1
data\val\ai\ai_000408.png,1,ai,jpeg_q70,0.917591,1,1
data\val\ai\ai_000409.png,1,ai,jpeg_q70,0.980782,1,1
data\val\ai\ai_000410.png,1,ai,jpeg_q70,0.765527,1,1
data\val\ai\ai_000411.png,1,ai,jpeg_q70,0.993678,1,1
data\val\ai\ai_000412.png,1,ai,jpeg_q70,0.995789,1,1
data\val\ai\ai_000413.png,1,ai,jpeg_q70,0.985538,1,1
data\val\ai\ai_000414.png,1,ai,jpeg_q70,0.999840,1,1
data\val\ai\ai_000415.png,1,ai,jpeg_q70,0.988671,1,1
data\val\ai\ai_000416.png,1,ai,jpeg_q70,0.865222,1,1
data\val\ai\ai_000417.png,1,ai,jpeg_q70,0.948223,1,1
data\val\ai\ai_000418.png,1,ai,jpeg_q70,0.358763,0,0
data\val\ai\ai_000419.png,1,ai,jpeg_q70,0.973282,1,1
data\val\ai\ai_000420.png,1,ai,jpeg_q70,0.937502,1,1
data\val\ai\ai_000421.png,1,ai,jpeg_q70,0.997345,1,1
data\val\ai\ai_000422.png,1,ai,jpeg_q70,0.239655,0,0
data\val\ai\ai_000423.png,1,ai,jpeg_q70,0.955178,1,1
data\val\ai\ai_000424.png,1,ai,jpeg_q70,0.999265,1,1
data\val\ai\ai_000425.png,1,ai,jpeg_q70,0.931030,1,1
data\val\ai\ai_000426.png,1,ai,jpeg_q70,0.376157,0,0
data\val\ai\ai_000427.png,1,ai,jpeg_q70,0.965835,1,1
data\val\ai\ai_000428.png,1,ai,jpeg_q70,0.973493,1,1
data\val\ai\ai_000429.png,1,ai,jpeg_q70,0.994702,1,1
data\val\ai\ai_000430.png,1,ai,jpeg_q70,0.833474,1,1
data\val\ai\ai_000431.png,1,ai,jpeg_q70,0.970356,1,1
data\val\ai\ai_000432.png,1,ai,jpeg_q70,0.993432,1,1
data\val\ai\ai_000433.png,1,ai,jpeg_q70,0.998636,1,1
data\val\ai\ai_000434.png,1,ai,jpeg_q70,0.991789,1,1
data\val\ai\ai_000435.png,1,ai,jpeg_q70,0.961629,1,1
data\val\ai\ai_000436.png,1,ai,jpeg_q70,0.992560,1,1
data\val\ai\ai_000437.png,1,ai,jpeg_q70,0.844572,1,1
data\val\ai\ai_000438.png,1,ai,jpeg_q70,0.977079,1,1
data\val\ai\ai_000439.png,1,ai,jpeg_q70,0.863109,1,1
data\val\ai\ai_000440.png,1,ai,jpeg_q70,0.940888,1,1
data\val\ai\ai_000441.png,1,ai,jpeg_q70,0.876379,1,1
data\val\ai\ai_000442.png,1,ai,jpeg_q70,0.982370,1,1
data\val\ai\ai_000443.png,1,ai,jpeg_q70,0.996734,1,1
data\val\ai\ai_000444.png,1,ai,jpeg_q70,0.999567,1,1
data\val\ai\ai_000445.png,1,ai,jpeg_q70,0.981630,1,1
data\val\ai\ai_000446.png,1,ai,jpeg_q70,0.952209,1,1
data\val\ai\ai_000447.png,1,ai,jpeg_q70,0.992666,1,1
data\val\ai\ai_000448.png,1,ai,jpeg_q70,0.317398,0,0
data\val\ai\ai_000449.png,1,ai,jpeg_q70,0.998526,1,1
data\val\ai\ai_000450.png,1,ai,jpeg_q70,0.991230,1,1
data\val\ai\ai_000451.png,1,ai,jpeg_q70,0.980923,1,1
data\val\ai\ai_000452.png,1,ai,jpeg_q70,0.918413,1,1
data\val\ai\ai_000453.png,1,ai,jpeg_q70,0.999271,1,1
data\val\ai\ai_000454.png,1,ai,jpeg_q70,0.870527,1,1
data\val\ai\ai_000455.png,1,ai,jpeg_q70,0.991991,1,1
data\val\ai\ai_000456.png,1,ai,jpeg_q70,0.977137,1,1
data\val\ai\ai_000457.png,1,ai,jpeg_q70,0.957960,1,1
data\val\ai\ai_000458.png,1,ai,jpeg_q70,0.964038,1,1
data\val\ai\ai_000459.png,1,ai,jpeg_q70,0.603029,1,1
data\val\ai\ai_000460.png,1,ai,jpeg_q70,0.956064,1,1
data\val\ai\ai_000461.png,1,ai,jpeg_q70,0.851152,1,1
data\val\ai\ai_000462.png,1,ai,jpeg_q70,0.953722,1,1
data\val\ai\ai_000463.png,1,ai,jpeg_q70,0.991832,1,1
data\val\ai\ai_000464.png,1,ai,jpeg_q70,0.997805,1,1
data\val\ai\ai_000465.png,1,ai,jpeg_q70,0.997023,1,1
data\val\ai\ai_000466.png,1,ai,jpeg_q70,0.344730,0,0
data\val\ai\ai_000467.png,1,ai,jpeg_q70,0.994459,1,1
data\val\ai\ai_000468.png,1,ai,jpeg_q70,0.870194,1,1
data\val\ai\ai_000469.png,1,ai,jpeg_q70,0.997053,1,1
data\val\ai\ai_000470.png,1,ai,jpeg_q70,0.646446,1,1
data\val\ai\ai_000471.png,1,ai,jpeg_q70,0.999687,1,1
data\val\ai\ai_000472.png,1,ai,jpeg_q70,0.894868,1,1
data\val\ai\ai_000473.png,1,ai,jpeg_q70,0.839919,1,1
data\val\ai\ai_000474.png,1,ai,jpeg_q70,0.993735,1,1
data\val\ai\ai_000475.png,1,ai,jpeg_q70,0.993665,1,1
data\val\ai\ai_000476.png,1,ai,jpeg_q70,0.923877,1,1
data\val\ai\ai_000477.png,1,ai,jpeg_q70,0.993436,1,1
data\val\ai\ai_000478.png,1,ai,jpeg_q70,0.984010,1,1
data\val\ai\ai_000479.png,1,ai,jpeg_q70,0.955637,1,1
data\val\ai\ai_000480.png,1,ai,jpeg_q70,0.913295,1,1
data\val\ai\ai_000481.png,1,ai,jpeg_q70,0.994578,1,1
data\val\ai\ai_000482.png,1,ai,jpeg_q70,0.758469,1,1
data\val\ai\ai_000483.png,1,ai,jpeg_q70,0.834158,1,1
data\val\ai\ai_000484.png,1,ai,jpeg_q70,0.997186,1,1
data\val\ai\ai_000485.png,1,ai,jpeg_q70,0.902541,1,1
data\val\ai\ai_000486.png,1,ai,jpeg_q70,0.994818,1,1
data\val\ai\ai_000487.png,1,ai,jpeg_q70,0.994382,1,1
data\val\ai\ai_000488.png,1,ai,jpeg_q70,0.940616,1,1
data\val\ai\ai_000489.png,1,ai,jpeg_q70,0.997765,1,1
data\val\ai\ai_000490.png,1,ai,jpeg_q70,0.881089,1,1
data\val\ai\ai_000491.png,1,ai,jpeg_q70,0.949626,1,1
data\val\ai\ai_000492.png,1,ai,jpeg_q70,0.983508,1,1
data\val\ai\ai_000493.png,1,ai,jpeg_q70,0.978742,1,1
data\val\ai\ai_000494.png,1,ai,jpeg_q70,0.995953,1,1
data\val\ai\ai_000495.png,1,ai,jpeg_q70,0.983968,1,1
data\val\ai\ai_000496.png,1,ai,jpeg_q70,0.768325,1,1
data\val\ai\ai_000497.png,1,ai,jpeg_q70,0.983301,1,1
data\val\ai\ai_000498.png,1,ai,jpeg_q70,0.811993,1,1
data\val\ai\ai_000499.png,1,ai,jpeg_q70,0.995236,1,1
data\val\ai\ai_000500.png,1,ai,jpeg_q70,0.930006,1,1
data\val\real\000000000139.jpg,0,real,jpeg_q50,0.890263,1,0
data\val\real\000000000285.jpg,0,real,jpeg_q50,0.084212,0,1
data\val\real\000000000632.jpg,0,real,jpeg_q50,0.954752,1,0
data\val\real\000000000724.jpg,0,real,jpeg_q50,0.089222,0,1
data\val\real\000000000776.jpg,0,real,jpeg_q50,0.109122,0,1
data\val\real\000000000785.jpg,0,real,jpeg_q50,0.054556,0,1
data\val\real\000000000802.jpg,0,real,jpeg_q50,0.307520,0,1
data\val\real\000000000872.jpg,0,real,jpeg_q50,0.014987,0,1
data\val\real\000000000885.jpg,0,real,jpeg_q50,0.076687,0,1
data\val\real\000000001000.jpg,0,real,jpeg_q50,0.001905,0,1
data\val\real\000000001268.jpg,0,real,jpeg_q50,0.085485,0,1
data\val\real\000000001296.jpg,0,real,jpeg_q50,0.273882,0,1
data\val\real\000000001353.jpg,0,real,jpeg_q50,0.002438,0,1
data\val\real\000000001425.jpg,0,real,jpeg_q50,0.739421,1,0
data\val\real\000000001490.jpg,0,real,jpeg_q50,0.353665,0,1
data\val\real\000000001503.jpg,0,real,jpeg_q50,0.467646,0,1
data\val\real\000000001532.jpg,0,real,jpeg_q50,0.068653,0,1
data\val\real\000000001584.jpg,0,real,jpeg_q50,0.652588,1,0
data\val\real\000000001675.jpg,0,real,jpeg_q50,0.242477,0,1
data\val\real\000000001761.jpg,0,real,jpeg_q50,0.022560,0,1
data\val\real\000000001818.jpg,0,real,jpeg_q50,0.159091,0,1
data\val\real\000000001993.jpg,0,real,jpeg_q50,0.229679,0,1
data\val\real\000000002006.jpg,0,real,jpeg_q50,0.054890,0,1
data\val\real\000000002149.jpg,0,real,jpeg_q50,0.357078,0,1
data\val\real\000000002153.jpg,0,real,jpeg_q50,0.037005,0,1
data\val\real\000000002157.jpg,0,real,jpeg_q50,0.223731,0,1
data\val\real\000000002261.jpg,0,real,jpeg_q50,0.007413,0,1
data\val\real\000000002299.jpg,0,real,jpeg_q50,0.011081,0,1
data\val\real\000000002431.jpg,0,real,jpeg_q50,0.234013,0,1
data\val\real\000000002473.jpg,0,real,jpeg_q50,0.036754,0,1
data\val\real\000000002532.jpg,0,real,jpeg_q50,0.021672,0,1
data\val\real\000000002587.jpg,0,real,jpeg_q50,0.014844,0,1
data\val\real\000000002592.jpg,0,real,jpeg_q50,0.113624,0,1
data\val\real\000000002685.jpg,0,real,jpeg_q50,0.003531,0,1
data\val\real\000000002923.jpg,0,real,jpeg_q50,0.010661,0,1
data\val\real\000000003156.jpg,0,real,jpeg_q50,0.210636,0,1
data\val\real\000000003255.jpg,0,real,jpeg_q50,0.629023,1,0
data\val\real\000000003501.jpg,0,real,jpeg_q50,0.629307,1,0
data\val\real\000000003553.jpg,0,real,jpeg_q50,0.193160,0,1
data\val\real\000000003661.jpg,0,real,jpeg_q50,0.025220,0,1
data\val\real\000000003845.jpg,0,real,jpeg_q50,0.179050,0,1
data\val\real\000000003934.jpg,0,real,jpeg_q50,0.003243,0,1
data\val\real\000000004134.jpg,0,real,jpeg_q50,0.003555,0,1
data\val\real\000000004395.jpg,0,real,jpeg_q50,0.036408,0,1
data\val\real\000000004495.jpg,0,real,jpeg_q50,0.258088,0,1
data\val\real\000000004765.jpg,0,real,jpeg_q50,0.258877,0,1
data\val\real\000000004795.jpg,0,real,jpeg_q50,0.002020,0,1
data\val\real\000000005001.jpg,0,real,jpeg_q50,0.013618,0,1
data\val\real\000000005037.jpg,0,real,jpeg_q50,0.223804,0,1
data\val\real\000000005060.jpg,0,real,jpeg_q50,0.125816,0,1
data\val\real\000000005193.jpg,0,real,jpeg_q50,0.004944,0,1
data\val\real\000000005477.jpg,0,real,jpeg_q50,0.145647,0,1
data\val\real\000000005503.jpg,0,real,jpeg_q50,0.010978,0,1
data\val\real\000000005529.jpg,0,real,jpeg_q50,0.113298,0,1
data\val\real\000000005586.jpg,0,real,jpeg_q50,0.021297,0,1
data\val\real\000000005600.jpg,0,real,jpeg_q50,0.044570,0,1
data\val\real\000000005992.jpg,0,real,jpeg_q50,0.069456,0,1
data\val\real\000000006012.jpg,0,real,jpeg_q50,0.063513,0,1
data\val\real\000000006040.jpg,0,real,jpeg_q50,0.669085,1,0
data\val\real\000000006213.jpg,0,real,jpeg_q50,0.284760,0,1
data\val\real\000000006460.jpg,0,real,jpeg_q50,0.050830,0,1
data\val\real\000000006471.jpg,0,real,jpeg_q50,0.036587,0,1
data\val\real\000000006614.jpg,0,real,jpeg_q50,0.238057,0,1
data\val\real\000000006723.jpg,0,real,jpeg_q50,0.184991,0,1
data\val\real\000000006763.jpg,0,real,jpeg_q50,0.000211,0,1
data\val\real\000000006771.jpg,0,real,jpeg_q50,0.005610,0,1
data\val\real\000000006818.jpg,0,real,jpeg_q50,0.056166,0,1
data\val\real\000000006894.jpg,0,real,jpeg_q50,0.009527,0,1
data\val\real\000000006954.jpg,0,real,jpeg_q50,0.089065,0,1
data\val\real\000000007088.jpg,0,real,jpeg_q50,0.045272,0,1
data\val\real\000000007108.jpg,0,real,jpeg_q50,0.076552,0,1
data\val\real\000000007278.jpg,0,real,jpeg_q50,0.185866,0,1
data\val\real\000000007281.jpg,0,real,jpeg_q50,0.004436,0,1
data\val\real\000000007386.jpg,0,real,jpeg_q50,0.017159,0,1
data\val\real\000000007511.jpg,0,real,jpeg_q50,0.063796,0,1
data\val\real\000000007574.jpg,0,real,jpeg_q50,0.225847,0,1
data\val\real\000000007784.jpg,0,real,jpeg_q50,0.385723,0,1
data\val\real\000000007795.jpg,0,real,jpeg_q50,0.679554,1,0
data\val\real\000000007816.jpg,0,real,jpeg_q50,0.005502,0,1
data\val\real\000000007818.jpg,0,real,jpeg_q50,0.744474,1,0
data\val\real\000000007888.jpg,0,real,jpeg_q50,0.885030,1,0
data\val\real\000000007977.jpg,0,real,jpeg_q50,0.401476,0,1
data\val\real\000000007991.jpg,0,real,jpeg_q50,0.126317,0,1
data\val\real\000000008021.jpg,0,real,jpeg_q50,0.007087,0,1
data\val\real\000000008211.jpg,0,real,jpeg_q50,0.243226,0,1
data\val\real\000000008277.jpg,0,real,jpeg_q50,0.445193,0,1
data\val\real\000000008532.jpg,0,real,jpeg_q50,0.018178,0,1
data\val\real\000000008629.jpg,0,real,jpeg_q50,0.043688,0,1
data\val\real\000000008690.jpg,0,real,jpeg_q50,0.003933,0,1
data\val\real\000000008762.jpg,0,real,jpeg_q50,0.460135,0,1
data\val\real\000000008844.jpg,0,real,jpeg_q50,0.117727,0,1
data\val\real\000000008899.jpg,0,real,jpeg_q50,0.569656,1,0
data\val\real\000000009378.jpg,0,real,jpeg_q50,0.044668,0,1
data\val\real\000000009400.jpg,0,real,jpeg_q50,0.000823,0,1
data\val\real\000000009448.jpg,0,real,jpeg_q50,0.023481,0,1
data\val\real\000000009483.jpg,0,real,jpeg_q50,0.237569,0,1
data\val\real\000000009590.jpg,0,real,jpeg_q50,0.329481,0,1
data\val\real\000000009769.jpg,0,real,jpeg_q50,0.093198,0,1
data\val\real\000000009772.jpg,0,real,jpeg_q50,0.091136,0,1
data\val\real\000000009891.jpg,0,real,jpeg_q50,0.005484,0,1
data\val\real\000000009914.jpg,0,real,jpeg_q50,0.098734,0,1
data\val\real\000000010092.jpg,0,real,jpeg_q50,0.137571,0,1
data\val\real\000000010363.jpg,0,real,jpeg_q50,0.005073,0,1
data\val\real\000000010583.jpg,0,real,jpeg_q50,0.191949,0,1
data\val\real\000000010707.jpg,0,real,jpeg_q50,0.000338,0,1
data\val\real\000000010764.jpg,0,real,jpeg_q50,0.102816,0,1
data\val\real\000000010977.jpg,0,real,jpeg_q50,0.050404,0,1
data\val\real\000000010995.jpg,0,real,jpeg_q50,0.336248,0,1
data\val\real\000000011051.jpg,0,real,jpeg_q50,0.010875,0,1
data\val\real\000000011122.jpg,0,real,jpeg_q50,0.012789,0,1
data\val\real\000000011149.jpg,0,real,jpeg_q50,0.009957,0,1
data\val\real\000000011197.jpg,0,real,jpeg_q50,0.029711,0,1
data\val\real\000000011511.jpg,0,real,jpeg_q50,0.067751,0,1
data\val\real\000000011615.jpg,0,real,jpeg_q50,0.162181,0,1
data\val\real\000000011699.jpg,0,real,jpeg_q50,0.017431,0,1
data\val\real\000000011760.jpg,0,real,jpeg_q50,0.695848,1,0
data\val\real\000000011813.jpg,0,real,jpeg_q50,0.665041,1,0
data\val\real\000000012062.jpg,0,real,jpeg_q50,0.047718,0,1
data\val\real\000000012120.jpg,0,real,jpeg_q50,0.070620,0,1
data\val\real\000000012280.jpg,0,real,jpeg_q50,0.763139,1,0
data\val\real\000000012576.jpg,0,real,jpeg_q50,0.397852,0,1
data\val\real\000000012639.jpg,0,real,jpeg_q50,0.053890,0,1
data\val\real\000000012667.jpg,0,real,jpeg_q50,0.219109,0,1
data\val\real\000000012670.jpg,0,real,jpeg_q50,0.001706,0,1
data\val\real\000000012748.jpg,0,real,jpeg_q50,0.086095,0,1
data\val\real\000000013004.jpg,0,real,jpeg_q50,0.419697,0,1
data\val\real\000000013177.jpg,0,real,jpeg_q50,0.039413,0,1
data\val\real\000000013201.jpg,0,real,jpeg_q50,0.058270,0,1
data\val\real\000000013291.jpg,0,real,jpeg_q50,0.073505,0,1
data\val\real\000000013348.jpg,0,real,jpeg_q50,0.161208,0,1
data\val\real\000000013546.jpg,0,real,jpeg_q50,0.012358,0,1
data\val\real\000000013597.jpg,0,real,jpeg_q50,0.689609,1,0
data\val\real\000000013659.jpg,0,real,jpeg_q50,0.003182,0,1
data\val\real\000000013729.jpg,0,real,jpeg_q50,0.067019,0,1
data\val\real\000000013774.jpg,0,real,jpeg_q50,0.439320,0,1
data\val\real\000000013923.jpg,0,real,jpeg_q50,0.507694,1,0
data\val\real\000000014007.jpg,0,real,jpeg_q50,0.086578,0,1
data\val\real\000000014038.jpg,0,real,jpeg_q50,0.858749,1,0
data\val\real\000000014226.jpg,0,real,jpeg_q50,0.306515,0,1
data\val\real\000000014380.jpg,0,real,jpeg_q50,0.620315,1,0
data\val\real\000000014439.jpg,0,real,jpeg_q50,0.027962,0,1
data\val\real\000000014473.jpg,0,real,jpeg_q50,0.198920,0,1
data\val\real\000000014831.jpg,0,real,jpeg_q50,0.012204,0,1
data\val\real\000000014888.jpg,0,real,jpeg_q50,0.033960,0,1
data\val\real\000000015079.jpg,0,real,jpeg_q50,0.360517,0,1
data\val\real\000000015254.jpg,0,real,jpeg_q50,0.033198,0,1
data\val\real\000000015272.jpg,0,real,jpeg_q50,0.840683,1,0
data\val\real\000000015278.jpg,0,real,jpeg_q50,0.083409,0,1
data\val\real\000000015335.jpg,0,real,jpeg_q50,0.002562,0,1
data\val\real\000000015338.jpg,0,real,jpeg_q50,0.504486,1,0
data\val\real\000000015440.jpg,0,real,jpeg_q50,0.824978,1,0
data\val\real\000000015497.jpg,0,real,jpeg_q50,0.003282,0,1
data\val\real\000000015517.jpg,0,real,jpeg_q50,0.090227,0,1
data\val\real\000000015597.jpg,0,real,jpeg_q50,0.000992,0,1
data\val\real\000000015660.jpg,0,real,jpeg_q50,0.123067,0,1
data\val\real\000000015746.jpg,0,real,jpeg_q50,0.174461,0,1
data\val\real\000000015751.jpg,0,real,jpeg_q50,0.073638,0,1
data\val\real\000000015956.jpg,0,real,jpeg_q50,0.019290,0,1
data\val\real\000000016010.jpg,0,real,jpeg_q50,0.048530,0,1
data\val\real\000000016228.jpg,0,real,jpeg_q50,0.185532,0,1
data\val\real\000000016249.jpg,0,real,jpeg_q50,0.044367,0,1
data\val\real\000000016439.jpg,0,real,jpeg_q50,0.607172,1,0
data\val\real\000000016451.jpg,0,real,jpeg_q50,0.441555,0,1
data\val\real\000000016502.jpg,0,real,jpeg_q50,0.079490,0,1
data\val\real\000000016598.jpg,0,real,jpeg_q50,0.004431,0,1
data\val\real\000000016958.jpg,0,real,jpeg_q50,0.160068,0,1
data\val\real\000000017029.jpg,0,real,jpeg_q50,0.039602,0,1
data\val\real\000000017031.jpg,0,real,jpeg_q50,0.112706,0,1
data\val\real\000000017115.jpg,0,real,jpeg_q50,0.482875,0,1
data\val\real\000000017178.jpg,0,real,jpeg_q50,0.576197,1,0
data\val\real\000000017182.jpg,0,real,jpeg_q50,0.706772,1,0
data\val\real\000000017207.jpg,0,real,jpeg_q50,0.007812,0,1
data\val\real\000000017379.jpg,0,real,jpeg_q50,0.708977,1,0
data\val\real\000000017436.jpg,0,real,jpeg_q50,0.020566,0,1
data\val\real\000000017627.jpg,0,real,jpeg_q50,0.002068,0,1
data\val\real\000000017714.jpg,0,real,jpeg_q50,0.084868,0,1
data\val\real\000000017899.jpg,0,real,jpeg_q50,0.002474,0,1
data\val\real\000000017905.jpg,0,real,jpeg_q50,0.001329,0,1
data\val\real\000000017959.jpg,0,real,jpeg_q50,0.015405,0,1
data\val\real\000000018150.jpg,0,real,jpeg_q50,0.001703,0,1
data\val\real\000000018193.jpg,0,real,jpeg_q50,0.006447,0,1
data\val\real\000000018380.jpg,0,real,jpeg_q50,0.067618,0,1
data\val\real\000000018491.jpg,0,real,jpeg_q50,0.011616,0,1
data\val\real\000000018519.jpg,0,real,jpeg_q50,0.529829,1,0
data\val\real\000000018575.jpg,0,real,jpeg_q50,0.135656,0,1
data\val\real\000000018737.jpg,0,real,jpeg_q50,0.047063,0,1
data\val\real\000000018770.jpg,0,real,jpeg_q50,0.608884,1,0
data\val\real\000000018833.jpg,0,real,jpeg_q50,0.195606,0,1
data\val\real\000000018837.jpg,0,real,jpeg_q50,0.012163,0,1
data\val\real\000000019042.jpg,0,real,jpeg_q50,0.226125,0,1
data\val\real\000000019109.jpg,0,real,jpeg_q50,0.338831,0,1
data\val\real\000000019221.jpg,0,real,jpeg_q50,0.027570,0,1
data\val\real\000000019402.jpg,0,real,jpeg_q50,0.001543,0,1
data\val\real\000000019432.jpg,0,real,jpeg_q50,0.054612,0,1
data\val\real\000000019742.jpg,0,real,jpeg_q50,0.084540,0,1
data\val\real\000000019786.jpg,0,real,jpeg_q50,0.004836,0,1
data\val\real\000000019924.jpg,0,real,jpeg_q50,0.631604,1,0
data\val\real\000000020059.jpg,0,real,jpeg_q50,0.308228,0,1
data\val\real\000000020107.jpg,0,real,jpeg_q50,0.128351,0,1
data\val\real\000000020247.jpg,0,real,jpeg_q50,0.201558,0,1
data\val\real\000000020333.jpg,0,real,jpeg_q50,0.114274,0,1
data\val\real\000000020553.jpg,0,real,jpeg_q50,0.001304,0,1
data\val\real\000000020571.jpg,0,real,jpeg_q50,0.239257,0,1
data\val\real\000000020992.jpg,0,real,jpeg_q50,0.003106,0,1
data\val\real\000000021167.jpg,0,real,jpeg_q50,0.000805,0,1
data\val\real\000000021465.jpg,0,real,jpeg_q50,0.011305,0,1
data\val\real\000000021503.jpg,0,real,jpeg_q50,0.009812,0,1
data\val\real\000000021604.jpg,0,real,jpeg_q50,0.696000,1,0
data\val\real\000000021839.jpg,0,real,jpeg_q50,0.002770,0,1
data\val\real\000000021879.jpg,0,real,jpeg_q50,0.046371,0,1
data\val\real\000000021903.jpg,0,real,jpeg_q50,0.101299,0,1
data\val\real\000000022192.jpg,0,real,jpeg_q50,0.021141,0,1
data\val\real\000000022371.jpg,0,real,jpeg_q50,0.901442,1,0
data\val\real\000000022396.jpg,0,real,jpeg_q50,0.117490,0,1
data\val\real\000000022479.jpg,0,real,jpeg_q50,0.038104,0,1
data\val\real\000000022589.jpg,0,real,jpeg_q50,0.017637,0,1
data\val\real\000000022623.jpg,0,real,jpeg_q50,0.388407,0,1
data\val\real\000000022705.jpg,0,real,jpeg_q50,0.001611,0,1
data\val\real\000000022755.jpg,0,real,jpeg_q50,0.590917,1,0
data\val\real\000000022892.jpg,0,real,jpeg_q50,0.163501,0,1
data\val\real\000000022935.jpg,0,real,jpeg_q50,0.141036,0,1
data\val\real\000000022969.jpg,0,real,jpeg_q50,0.035501,0,1
data\val\real\000000023023.jpg,0,real,jpeg_q50,0.244334,0,1
data\val\real\000000023034.jpg,0,real,jpeg_q50,0.014060,0,1
data\val\real\000000023126.jpg,0,real,jpeg_q50,0.338427,0,1
data\val\real\000000023230.jpg,0,real,jpeg_q50,0.053134,0,1
data\val\real\000000023272.jpg,0,real,jpeg_q50,0.010795,0,1
data\val\real\000000023359.jpg,0,real,jpeg_q50,0.073467,0,1
data\val\real\000000023666.jpg,0,real,jpeg_q50,0.253042,0,1
data\val\real\000000023751.jpg,0,real,jpeg_q50,0.001269,0,1
data\val\real\000000023781.jpg,0,real,jpeg_q50,0.322542,0,1
data\val\real\000000023899.jpg,0,real,jpeg_q50,0.010044,0,1
data\val\real\000000023937.jpg,0,real,jpeg_q50,0.129991,0,1
data\val\real\000000024021.jpg,0,real,jpeg_q50,0.009641,0,1
data\val\real\000000024027.jpg,0,real,jpeg_q50,0.006658,0,1
data\val\real\000000024144.jpg,0,real,jpeg_q50,0.369451,0,1
data\val\real\000000024243.jpg,0,real,jpeg_q50,0.175699,0,1
data\val\real\000000024567.jpg,0,real,jpeg_q50,0.019132,0,1
data\val\real\000000024610.jpg,0,real,jpeg_q50,0.058132,0,1
data\val\real\000000024919.jpg,0,real,jpeg_q50,0.313322,0,1
data\val\real\000000025057.jpg,0,real,jpeg_q50,0.022064,0,1
data\val\real\000000025096.jpg,0,real,jpeg_q50,0.009140,0,1
data\val\real\000000025139.jpg,0,real,jpeg_q50,0.147917,0,1
data\val\real\000000025181.jpg,0,real,jpeg_q50,0.871230,1,0
data\val\real\000000025228.jpg,0,real,jpeg_q50,0.051537,0,1
data\val\real\000000025386.jpg,0,real,jpeg_q50,0.008863,0,1
data\val\real\000000025393.jpg,0,real,jpeg_q50,0.000524,0,1
data\val\real\000000025394.jpg,0,real,jpeg_q50,0.015419,0,1
data\val\real\000000025424.jpg,0,real,jpeg_q50,0.052774,0,1
data\val\real\000000025560.jpg,0,real,jpeg_q50,0.028330,0,1
data\val\real\000000025593.jpg,0,real,jpeg_q50,0.139761,0,1
data\val\real\000000025603.jpg,0,real,jpeg_q50,0.000670,0,1
data\val\real\000000025986.jpg,0,real,jpeg_q50,0.036942,0,1
data\val\real\000000026204.jpg,0,real,jpeg_q50,0.104533,0,1
data\val\real\000000026465.jpg,0,real,jpeg_q50,0.158602,0,1
data\val\real\000000026564.jpg,0,real,jpeg_q50,0.300703,0,1
data\val\real\000000026690.jpg,0,real,jpeg_q50,0.030624,0,1
data\val\real\000000026926.jpg,0,real,jpeg_q50,0.290396,0,1
data\val\real\000000026941.jpg,0,real,jpeg_q50,0.695971,1,0
data\val\real\000000027186.jpg,0,real,jpeg_q50,0.010040,0,1
data\val\real\000000027620.jpg,0,real,jpeg_q50,0.446338,0,1
data\val\real\000000027696.jpg,0,real,jpeg_q50,0.017288,0,1
data\val\real\000000027768.jpg,0,real,jpeg_q50,0.219517,0,1
data\val\real\000000027932.jpg,0,real,jpeg_q50,0.663993,1,0
data\val\real\000000027972.jpg,0,real,jpeg_q50,0.196726,0,1
data\val\real\000000027982.jpg,0,real,jpeg_q50,0.726400,1,0
data\val\real\000000028285.jpg,0,real,jpeg_q50,0.037179,0,1
data\val\real\000000028449.jpg,0,real,jpeg_q50,0.527701,1,0
data\val\real\000000028452.jpg,0,real,jpeg_q50,0.571511,1,0
data\val\real\000000028809.jpg,0,real,jpeg_q50,0.403467,0,1
data\val\real\000000028993.jpg,0,real,jpeg_q50,0.870059,1,0
data\val\real\000000029187.jpg,0,real,jpeg_q50,0.003145,0,1
data\val\real\000000029393.jpg,0,real,jpeg_q50,0.007752,0,1
data\val\real\000000029397.jpg,0,real,jpeg_q50,0.103384,0,1
data\val\real\000000029596.jpg,0,real,jpeg_q50,0.686572,1,0
data\val\real\000000029640.jpg,0,real,jpeg_q50,0.196464,0,1
data\val\real\000000029675.jpg,0,real,jpeg_q50,0.211290,0,1
data\val\real\000000029984.jpg,0,real,jpeg_q50,0.028621,0,1
data\val\real\000000030213.jpg,0,real,jpeg_q50,0.682458,1,0
data\val\real\000000030494.jpg,0,real,jpeg_q50,0.022590,0,1
data\val\real\000000030504.jpg,0,real,jpeg_q50,0.063433,0,1
data\val\real\000000030675.jpg,0,real,jpeg_q50,0.422062,0,1
data\val\real\000000030785.jpg,0,real,jpeg_q50,0.523223,1,0
data\val\real\000000030828.jpg,0,real,jpeg_q50,0.654010,1,0
data\val\real\000000031050.jpg,0,real,jpeg_q50,0.183962,0,1
data\val\real\000000031093.jpg,0,real,jpeg_q50,0.056738,0,1
data\val\real\000000031118.jpg,0,real,jpeg_q50,0.307311,0,1
data\val\real\000000031217.jpg,0,real,jpeg_q50,0.109301,0,1
data\val\real\000000031248.jpg,0,real,jpeg_q50,0.652466,1,0
data\val\real\000000031269.jpg,0,real,jpeg_q50,0.054197,0,1
data\val\real\000000031296.jpg,0,real,jpeg_q50,0.004144,0,1
data\val\real\000000031322.jpg,0,real,jpeg_q50,0.266299,0,1
data\val\real\000000031620.jpg,0,real,jpeg_q50,0.000227,0,1
data\val\real\000000031735.jpg,0,real,jpeg_q50,0.015508,0,1
data\val\real\000000031749.jpg,0,real,jpeg_q50,0.103354,0,1
data\val\real\000000031817.jpg,0,real,jpeg_q50,0.004821,0,1
data\val\real\000000032038.jpg,0,real,jpeg_q50,0.078713,0,1
data\val\real\000000032081.jpg,0,real,jpeg_q50,0.078509,0,1
data\val\real\000000032285.jpg,0,real,jpeg_q50,0.729924,1,0
data\val\real\000000032334.jpg,0,real,jpeg_q50,0.000871,0,1
data\val\real\000000032570.jpg,0,real,jpeg_q50,0.830879,1,0
data\val\real\000000032610.jpg,0,real,jpeg_q50,0.168876,0,1
data\val\real\000000032735.jpg,0,real,jpeg_q50,0.130939,0,1
data\val\real\000000032811.jpg,0,real,jpeg_q50,0.428564,0,1
data\val\real\000000032817.jpg,0,real,jpeg_q50,0.003419,0,1
data\val\real\000000032861.jpg,0,real,jpeg_q50,0.692272,1,0
data\val\real\000000032887.jpg,0,real,jpeg_q50,0.001757,0,1
data\val\real\000000032901.jpg,0,real,jpeg_q50,0.000339,0,1
data\val\real\000000032941.jpg,0,real,jpeg_q50,0.079574,0,1
data\val\real\000000033005.jpg,0,real,jpeg_q50,0.024274,0,1
data\val\real\000000033104.jpg,0,real,jpeg_q50,0.015175,0,1
data\val\real\000000033109.jpg,0,real,jpeg_q50,0.066557,0,1
data\val\real\000000033114.jpg,0,real,jpeg_q50,0.387191,0,1
data\val\real\000000033221.jpg,0,real,jpeg_q50,0.001869,0,1
data\val\real\000000033368.jpg,0,real,jpeg_q50,0.412089,0,1
data\val\real\000000033638.jpg,0,real,jpeg_q50,0.039258,0,1
data\val\real\000000033707.jpg,0,real,jpeg_q50,0.191577,0,1
data\val\real\000000033759.jpg,0,real,jpeg_q50,0.093241,0,1
data\val\real\000000033854.jpg,0,real,jpeg_q50,0.018818,0,1
data\val\real\000000034071.jpg,0,real,jpeg_q50,0.933891,1,0
data\val\real\000000034139.jpg,0,real,jpeg_q50,0.148150,0,1
data\val\real\000000034205.jpg,0,real,jpeg_q50,0.560701,1,0
data\val\real\000000034257.jpg,0,real,jpeg_q50,0.539240,1,0
data\val\real\000000034417.jpg,0,real,jpeg_q50,0.085077,0,1
data\val\real\000000034452.jpg,0,real,jpeg_q50,0.007688,0,1
data\val\real\000000034760.jpg,0,real,jpeg_q50,0.057033,0,1
data\val\real\000000034873.jpg,0,real,jpeg_q50,0.237736,0,1
data\val\real\000000035062.jpg,0,real,jpeg_q50,0.095337,0,1
data\val\real\000000035197.jpg,0,real,jpeg_q50,0.242017,0,1
data\val\real\000000035279.jpg,0,real,jpeg_q50,0.326462,0,1
data\val\real\000000035326.jpg,0,real,jpeg_q50,0.135714,0,1
data\val\real\000000035682.jpg,0,real,jpeg_q50,0.055540,0,1
data\val\real\000000035770.jpg,0,real,jpeg_q50,0.142305,0,1
data\val\real\000000035963.jpg,0,real,jpeg_q50,0.000894,0,1
data\val\real\000000036494.jpg,0,real,jpeg_q50,0.717592,1,0
data\val\real\000000036539.jpg,0,real,jpeg_q50,0.004330,0,1
data\val\real\000000036660.jpg,0,real,jpeg_q50,0.320508,0,1
data\val\real\000000036678.jpg,0,real,jpeg_q50,0.033586,0,1
data\val\real\000000036844.jpg,0,real,jpeg_q50,0.091739,0,1
data\val\real\000000036861.jpg,0,real,jpeg_q50,0.406474,0,1
data\val\real\000000036936.jpg,0,real,jpeg_q50,0.003902,0,1
data\val\real\000000037670.jpg,0,real,jpeg_q50,0.622591,1,0
data\val\real\000000037689.jpg,0,real,jpeg_q50,0.032554,0,1
data\val\real\000000037740.jpg,0,real,jpeg_q50,0.791786,1,0
data\val\real\000000037751.jpg,0,real,jpeg_q50,0.179213,0,1
data\val\real\000000037777.jpg,0,real,jpeg_q50,0.714152,1,0
data\val\real\000000037988.jpg,0,real,jpeg_q50,0.098409,0,1
data\val\real\000000038048.jpg,0,real,jpeg_q50,0.130866,0,1
data\val\real\000000038070.jpg,0,real,jpeg_q50,0.301005,0,1
data\val\real\000000038118.jpg,0,real,jpeg_q50,0.147024,0,1
data\val\real\000000038210.jpg,0,real,jpeg_q50,0.227522,0,1
data\val\real\000000038576.jpg,0,real,jpeg_q50,0.972943,1,0
data\val\real\000000038678.jpg,0,real,jpeg_q50,0.001531,0,1
data\val\real\000000038825.jpg,0,real,jpeg_q50,0.214272,0,1
data\val\real\000000038829.jpg,0,real,jpeg_q50,0.021901,0,1
data\val\real\000000039405.jpg,0,real,jpeg_q50,0.016485,0,1
data\val\real\000000039477.jpg,0,real,jpeg_q50,0.570412,1,0
data\val\real\000000039480.jpg,0,real,jpeg_q50,0.255729,0,1
data\val\real\000000039484.jpg,0,real,jpeg_q50,0.355884,0,1
data\val\real\000000039551.jpg,0,real,jpeg_q50,0.797824,1,0
data\val\real\000000039670.jpg,0,real,jpeg_q50,0.278870,0,1
data\val\real\000000039769.jpg,0,real,jpeg_q50,0.003590,0,1
data\val\real\000000039785.jpg,0,real,jpeg_q50,0.213667,0,1
data\val\real\000000039914.jpg,0,real,jpeg_q50,0.002111,0,1
data\val\real\000000039951.jpg,0,real,jpeg_q50,0.020155,0,1
data\val\real\000000039956.jpg,0,real,jpeg_q50,0.841945,1,0
data\val\real\000000040036.jpg,0,real,jpeg_q50,0.034532,0,1
data\val\real\000000040083.jpg,0,real,jpeg_q50,0.014043,0,1
data\val\real\000000040471.jpg,0,real,jpeg_q50,0.070250,0,1
data\val\real\000000040757.jpg,0,real,jpeg_q50,0.020263,0,1
data\val\real\000000041488.jpg,0,real,jpeg_q50,0.319040,0,1
data\val\real\000000041633.jpg,0,real,jpeg_q50,0.695195,1,0
data\val\real\000000041635.jpg,0,real,jpeg_q50,0.053215,0,1
data\val\real\000000041872.jpg,0,real,jpeg_q50,0.671361,1,0
data\val\real\000000041888.jpg,0,real,jpeg_q50,0.083885,0,1
data\val\real\000000041990.jpg,0,real,jpeg_q50,0.008827,0,1
data\val\real\000000042070.jpg,0,real,jpeg_q50,0.839271,1,0
data\val\real\000000042102.jpg,0,real,jpeg_q50,0.011936,0,1
data\val\real\000000042178.jpg,0,real,jpeg_q50,0.938015,1,0
data\val\real\000000042276.jpg,0,real,jpeg_q50,0.026124,0,1
data\val\real\000000042296.jpg,0,real,jpeg_q50,0.019820,0,1
data\val\real\000000042528.jpg,0,real,jpeg_q50,0.072742,0,1
data\val\real\000000042563.jpg,0,real,jpeg_q50,0.319802,0,1
data\val\real\000000042628.jpg,0,real,jpeg_q50,0.012087,0,1
data\val\real\000000042888.jpg,0,real,jpeg_q50,0.029093,0,1
data\val\real\000000042889.jpg,0,real,jpeg_q50,0.007084,0,1
data\val\real\000000043314.jpg,0,real,jpeg_q50,0.007093,0,1
data\val\real\000000043435.jpg,0,real,jpeg_q50,0.127092,0,1
data\val\real\000000043581.jpg,0,real,jpeg_q50,0.098424,0,1
data\val\real\000000043737.jpg,0,real,jpeg_q50,0.543702,1,0
data\val\real\000000043816.jpg,0,real,jpeg_q50,0.064325,0,1
data\val\real\000000044068.jpg,0,real,jpeg_q50,0.033316,0,1
data\val\real\000000044195.jpg,0,real,jpeg_q50,0.052173,0,1
data\val\real\000000044260.jpg,0,real,jpeg_q50,0.802064,1,0
data\val\real\000000044279.jpg,0,real,jpeg_q50,0.036612,0,1
data\val\real\000000044590.jpg,0,real,jpeg_q50,0.142914,0,1
data\val\real\000000044652.jpg,0,real,jpeg_q50,0.055468,0,1
data\val\real\000000044699.jpg,0,real,jpeg_q50,0.427456,0,1
data\val\real\000000044877.jpg,0,real,jpeg_q50,0.157965,0,1
data\val\real\000000045070.jpg,0,real,jpeg_q50,0.077594,0,1
data\val\real\000000045090.jpg,0,real,jpeg_q50,0.070724,0,1
data\val\real\000000045229.jpg,0,real,jpeg_q50,0.975363,1,0
data\val\real\000000045472.jpg,0,real,jpeg_q50,0.093028,0,1
data\val\real\000000045550.jpg,0,real,jpeg_q50,0.002688,0,1
data\val\real\000000045596.jpg,0,real,jpeg_q50,0.196481,0,1
data\val\real\000000045728.jpg,0,real,jpeg_q50,0.042194,0,1
data\val\real\000000046031.jpg,0,real,jpeg_q50,0.318502,0,1
data\val\real\000000046048.jpg,0,real,jpeg_q50,0.027250,0,1
data\val\real\000000046252.jpg,0,real,jpeg_q50,0.485900,0,1
data\val\real\000000046378.jpg,0,real,jpeg_q50,0.009913,0,1
data\val\real\000000046463.jpg,0,real,jpeg_q50,0.014904,0,1
data\val\real\000000046497.jpg,0,real,jpeg_q50,0.003560,0,1
data\val\real\000000046804.jpg,0,real,jpeg_q50,0.041571,0,1
data\val\real\000000046872.jpg,0,real,jpeg_q50,0.408652,0,1
data\val\real\000000047010.jpg,0,real,jpeg_q50,0.544551,1,0
data\val\real\000000047112.jpg,0,real,jpeg_q50,0.109588,0,1
data\val\real\000000047121.jpg,0,real,jpeg_q50,0.019066,0,1
data\val\real\000000047571.jpg,0,real,jpeg_q50,0.176647,0,1
data\val\real\000000047585.jpg,0,real,jpeg_q50,0.001895,0,1
data\val\real\000000047740.jpg,0,real,jpeg_q50,0.001351,0,1
data\val\real\000000047769.jpg,0,real,jpeg_q50,0.283659,0,1
data\val\real\000000047801.jpg,0,real,jpeg_q50,0.013487,0,1
data\val\real\000000047819.jpg,0,real,jpeg_q50,0.006624,0,1
data\val\real\000000047828.jpg,0,real,jpeg_q50,0.578452,1,0
data\val\real\000000048153.jpg,0,real,jpeg_q50,0.046944,0,1
data\val\real\000000048396.jpg,0,real,jpeg_q50,0.002198,0,1
data\val\real\000000048504.jpg,0,real,jpeg_q50,0.514240,1,0
data\val\real\000000048555.jpg,0,real,jpeg_q50,0.379739,0,1
data\val\real\000000048564.jpg,0,real,jpeg_q50,0.010941,0,1
data\val\real\000000048924.jpg,0,real,jpeg_q50,0.991974,1,0
data\val\real\000000049060.jpg,0,real,jpeg_q50,0.010004,0,1
data\val\real\000000049091.jpg,0,real,jpeg_q50,0.202994,0,1
data\val\real\000000049259.jpg,0,real,jpeg_q50,0.121867,0,1
data\val\real\000000049269.jpg,0,real,jpeg_q50,0.230220,0,1
data\val\real\000000049759.jpg,0,real,jpeg_q50,0.272222,0,1
data\val\real\000000049761.jpg,0,real,jpeg_q50,0.036927,0,1
data\val\real\000000049810.jpg,0,real,jpeg_q50,0.527082,1,0
data\val\real\000000050006.jpg,0,real,jpeg_q50,0.399734,0,1
data\val\real\000000050145.jpg,0,real,jpeg_q50,0.002084,0,1
data\val\real\000000050149.jpg,0,real,jpeg_q50,0.060272,0,1
data\val\real\000000050165.jpg,0,real,jpeg_q50,0.492227,0,1
data\val\real\000000050326.jpg,0,real,jpeg_q50,0.026667,0,1
data\val\real\000000050331.jpg,0,real,jpeg_q50,0.053875,0,1
data\val\real\000000050380.jpg,0,real,jpeg_q50,0.021423,0,1
data\val\real\000000050638.jpg,0,real,jpeg_q50,0.531404,1,0
data\val\real\000000050679.jpg,0,real,jpeg_q50,0.814816,1,0
data\val\real\000000050811.jpg,0,real,jpeg_q50,0.003091,0,1
data\val\real\000000050828.jpg,0,real,jpeg_q50,0.152637,0,1
data\val\real\000000050844.jpg,0,real,jpeg_q50,0.035183,0,1
data\val\real\000000050896.jpg,0,real,jpeg_q50,0.329322,0,1
data\val\real\000000050943.jpg,0,real,jpeg_q50,0.042793,0,1
data\val\real\000000051008.jpg,0,real,jpeg_q50,0.005622,0,1
data\val\real\000000051309.jpg,0,real,jpeg_q50,0.165116,0,1
data\val\real\000000051314.jpg,0,real,jpeg_q50,0.168973,0,1
data\val\real\000000051326.jpg,0,real,jpeg_q50,0.017113,0,1
data\val\real\000000051598.jpg,0,real,jpeg_q50,0.029414,0,1
data\val\real\000000051610.jpg,0,real,jpeg_q50,0.291355,0,1
data\val\real\000000051712.jpg,0,real,jpeg_q50,0.600423,1,0
data\val\real\000000051738.jpg,0,real,jpeg_q50,0.318095,0,1
data\val\real\000000051938.jpg,0,real,jpeg_q50,0.025452,0,1
data\val\real\000000051961.jpg,0,real,jpeg_q50,0.163492,0,1
data\val\real\000000051976.jpg,0,real,jpeg_q50,0.180977,0,1
data\val\real\000000052007.jpg,0,real,jpeg_q50,0.427231,0,1
data\val\real\000000052017.jpg,0,real,jpeg_q50,0.064319,0,1
data\val\real\000000052412.jpg,0,real,jpeg_q50,0.291804,0,1
data\val\real\000000052413.jpg,0,real,jpeg_q50,0.003768,0,1
data\val\real\000000052462.jpg,0,real,jpeg_q50,0.365207,0,1
data\val\real\000000052507.jpg,0,real,jpeg_q50,0.087976,0,1
data\val\real\000000052565.jpg,0,real,jpeg_q50,0.156741,0,1
data\val\real\000000052591.jpg,0,real,jpeg_q50,0.178757,0,1
data\val\real\000000052891.jpg,0,real,jpeg_q50,0.019825,0,1
data\val\real\000000052996.jpg,0,real,jpeg_q50,0.022527,0,1
data\val\real\000000053505.jpg,0,real,jpeg_q50,0.220425,0,1
data\val\real\000000053529.jpg,0,real,jpeg_q50,0.019547,0,1
data\val\real\000000053624.jpg,0,real,jpeg_q50,0.088914,0,1
data\val\real\000000053626.jpg,0,real,jpeg_q50,0.002434,0,1
data\val\real\000000053909.jpg,0,real,jpeg_q50,0.044345,0,1
data\val\real\000000053994.jpg,0,real,jpeg_q50,0.553636,1,0
data\val\real\000000054123.jpg,0,real,jpeg_q50,0.579153,1,0
data\val\real\000000054164.jpg,0,real,jpeg_q50,0.156525,0,1
data\val\real\000000054592.jpg,0,real,jpeg_q50,0.284519,0,1
data\val\real\000000054593.jpg,0,real,jpeg_q50,0.191983,0,1
data\val\real\000000054605.jpg,0,real,jpeg_q50,0.044371,0,1
data\val\real\000000054628.jpg,0,real,jpeg_q50,0.023941,0,1
data\val\real\000000054654.jpg,0,real,jpeg_q50,0.003699,0,1
data\val\real\000000054931.jpg,0,real,jpeg_q50,0.719433,1,0
data\val\real\000000054967.jpg,0,real,jpeg_q50,0.457664,0,1
data\val\real\000000055002.jpg,0,real,jpeg_q50,0.072405,0,1
data\val\real\000000055022.jpg,0,real,jpeg_q50,0.128532,0,1
data\val\real\000000055072.jpg,0,real,jpeg_q50,0.203413,0,1
data\val\real\000000055150.jpg,0,real,jpeg_q50,0.044311,0,1
data\val\real\000000055167.jpg,0,real,jpeg_q50,0.099319,0,1
data\val\real\000000055299.jpg,0,real,jpeg_q50,0.364837,0,1
data\val\real\000000055528.jpg,0,real,jpeg_q50,0.007489,0,1
data\val\real\000000055950.jpg,0,real,jpeg_q50,0.094018,0,1
data\val\real\000000056127.jpg,0,real,jpeg_q50,0.397768,0,1
data\val\real\000000056288.jpg,0,real,jpeg_q50,0.114146,0,1
data\val\real\000000056344.jpg,0,real,jpeg_q50,0.411256,0,1
data\val\real\000000056350.jpg,0,real,jpeg_q50,0.648327,1,0
data\val\real\000000056545.jpg,0,real,jpeg_q50,0.011438,0,1
data\val\ai\ai_000001.png,1,ai,jpeg_q50,0.983724,1,1
data\val\ai\ai_000002.png,1,ai,jpeg_q50,0.991774,1,1
data\val\ai\ai_000003.png,1,ai,jpeg_q50,0.985062,1,1
data\val\ai\ai_000004.png,1,ai,jpeg_q50,0.975775,1,1
data\val\ai\ai_000005.png,1,ai,jpeg_q50,0.932122,1,1
data\val\ai\ai_000006.png,1,ai,jpeg_q50,0.951089,1,1
data\val\ai\ai_000007.png,1,ai,jpeg_q50,0.982422,1,1
data\val\ai\ai_000008.png,1,ai,jpeg_q50,0.947440,1,1
data\val\ai\ai_000009.png,1,ai,jpeg_q50,0.978707,1,1
data\val\ai\ai_000010.png,1,ai,jpeg_q50,0.983115,1,1
data\val\ai\ai_000011.png,1,ai,jpeg_q50,0.983691,1,1
data\val\ai\ai_000012.png,1,ai,jpeg_q50,0.984448,1,1
data\val\ai\ai_000013.png,1,ai,jpeg_q50,0.998655,1,1
data\val\ai\ai_000014.png,1,ai,jpeg_q50,0.998279,1,1
data\val\ai\ai_000015.png,1,ai,jpeg_q50,0.994725,1,1
data\val\ai\ai_000016.png,1,ai,jpeg_q50,0.861797,1,1
data\val\ai\ai_000017.png,1,ai,jpeg_q50,0.944395,1,1
data\val\ai\ai_000018.png,1,ai,jpeg_q50,0.981501,1,1
data\val\ai\ai_000019.png,1,ai,jpeg_q50,0.687138,1,1
data\val\ai\ai_000020.png,1,ai,jpeg_q50,0.878012,1,1
data\val\ai\ai_000021.png,1,ai,jpeg_q50,0.997617,1,1
data\val\ai\ai_000022.png,1,ai,jpeg_q50,0.535826,1,1
data\val\ai\ai_000023.png,1,ai,jpeg_q50,0.982778,1,1
data\val\ai\ai_000024.png,1,ai,jpeg_q50,0.989353,1,1
data\val\ai\ai_000025.png,1,ai,jpeg_q50,0.989536,1,1
data\val\ai\ai_000026.png,1,ai,jpeg_q50,0.582130,1,1
data\val\ai\ai_000027.png,1,ai,jpeg_q50,0.936218,1,1
data\val\ai\ai_000028.png,1,ai,jpeg_q50,0.995831,1,1
data\val\ai\ai_000029.png,1,ai,jpeg_q50,0.997753,1,1
data\val\ai\ai_000030.png,1,ai,jpeg_q50,0.939639,1,1
data\val\ai\ai_000031.png,1,ai,jpeg_q50,0.939322,1,1
data\val\ai\ai_000032.png,1,ai,jpeg_q50,0.941403,1,1
data\val\ai\ai_000033.png,1,ai,jpeg_q50,0.994292,1,1
data\val\ai\ai_000034.png,1,ai,jpeg_q50,0.997750,1,1
data\val\ai\ai_000035.png,1,ai,jpeg_q50,0.973914,1,1
data\val\ai\ai_000036.png,1,ai,jpeg_q50,0.993744,1,1
data\val\ai\ai_000037.png,1,ai,jpeg_q50,0.982109,1,1
data\val\ai\ai_000038.png,1,ai,jpeg_q50,0.930397,1,1
data\val\ai\ai_000039.png,1,ai,jpeg_q50,0.996528,1,1
data\val\ai\ai_000040.png,1,ai,jpeg_q50,0.621504,1,1
data\val\ai\ai_000041.png,1,ai,jpeg_q50,0.999808,1,1
data\val\ai\ai_000042.png,1,ai,jpeg_q50,0.998819,1,1
data\val\ai\ai_000043.png,1,ai,jpeg_q50,0.999310,1,1
data\val\ai\ai_000044.png,1,ai,jpeg_q50,0.901576,1,1
data\val\ai\ai_000045.png,1,ai,jpeg_q50,0.998474,1,1
data\val\ai\ai_000046.png,1,ai,jpeg_q50,0.392814,0,0
data\val\ai\ai_000047.png,1,ai,jpeg_q50,0.995281,1,1
data\val\ai\ai_000048.png,1,ai,jpeg_q50,0.917987,1,1
data\val\ai\ai_000049.png,1,ai,jpeg_q50,0.994467,1,1
data\val\ai\ai_000050.png,1,ai,jpeg_q50,0.950073,1,1
data\val\ai\ai_000051.png,1,ai,jpeg_q50,0.990261,1,1
data\val\ai\ai_000052.png,1,ai,jpeg_q50,0.998599,1,1
data\val\ai\ai_000053.png,1,ai,jpeg_q50,0.983990,1,1
data\val\ai\ai_000054.png,1,ai,jpeg_q50,0.998090,1,1
data\val\ai\ai_000055.png,1,ai,jpeg_q50,0.740082,1,1
data\val\ai\ai_000056.png,1,ai,jpeg_q50,0.958700,1,1
data\val\ai\ai_000057.png,1,ai,jpeg_q50,0.966490,1,1
data\val\ai\ai_000058.png,1,ai,jpeg_q50,0.629359,1,1
data\val\ai\ai_000059.png,1,ai,jpeg_q50,0.953710,1,1
data\val\ai\ai_000060.png,1,ai,jpeg_q50,0.903648,1,1
data\val\ai\ai_000061.png,1,ai,jpeg_q50,0.960032,1,1
data\val\ai\ai_000062.png,1,ai,jpeg_q50,0.987522,1,1
data\val\ai\ai_000063.png,1,ai,jpeg_q50,0.989895,1,1
data\val\ai\ai_000064.png,1,ai,jpeg_q50,0.811733,1,1
data\val\ai\ai_000065.png,1,ai,jpeg_q50,0.976896,1,1
data\val\ai\ai_000066.png,1,ai,jpeg_q50,0.971324,1,1
data\val\ai\ai_000067.png,1,ai,jpeg_q50,0.998804,1,1
data\val\ai\ai_000068.png,1,ai,jpeg_q50,0.697838,1,1
data\val\ai\ai_000069.png,1,ai,jpeg_q50,0.995038,1,1
data\val\ai\ai_000070.png,1,ai,jpeg_q50,0.909367,1,1
data\val\ai\ai_000071.png,1,ai,jpeg_q50,0.998937,1,1
data\val\ai\ai_000072.png,1,ai,jpeg_q50,0.920077,1,1
data\val\ai\ai_000073.png,1,ai,jpeg_q50,0.998761,1,1
data\val\ai\ai_000074.png,1,ai,jpeg_q50,0.999117,1,1
data\val\ai\ai_000075.png,1,ai,jpeg_q50,0.997184,1,1
data\val\ai\ai_000076.png,1,ai,jpeg_q50,0.959497,1,1
data\val\ai\ai_000077.png,1,ai,jpeg_q50,0.948536,1,1
data\val\ai\ai_000078.png,1,ai,jpeg_q50,0.603114,1,1
data\val\ai\ai_000079.png,1,ai,jpeg_q50,0.965324,1,1
data\val\ai\ai_000080.png,1,ai,jpeg_q50,0.839135,1,1
data\val\ai\ai_000081.png,1,ai,jpeg_q50,0.997790,1,1
data\val\ai\ai_000082.png,1,ai,jpeg_q50,0.998852,1,1
data\val\ai\ai_000083.png,1,ai,jpeg_q50,0.984579,1,1
data\val\ai\ai_000084.png,1,ai,jpeg_q50,0.985691,1,1
data\val\ai\ai_000085.png,1,ai,jpeg_q50,0.983073,1,1
data\val\ai\ai_000086.png,1,ai,jpeg_q50,0.687516,1,1
data\val\ai\ai_000087.png,1,ai,jpeg_q50,0.993507,1,1
data\val\ai\ai_000088.png,1,ai,jpeg_q50,0.933478,1,1
data\val\ai\ai_000089.png,1,ai,jpeg_q50,0.966444,1,1
data\val\ai\ai_000090.png,1,ai,jpeg_q50,0.879422,1,1
data\val\ai\ai_000091.png,1,ai,jpeg_q50,0.995211,1,1
data\val\ai\ai_000092.png,1,ai,jpeg_q50,0.995787,1,1
data\val\ai\ai_000093.png,1,ai,jpeg_q50,0.991003,1,1
data\val\ai\ai_000094.png,1,ai,jpeg_q50,0.999015,1,1
data\val\ai\ai_000095.png,1,ai,jpeg_q50,0.994855,1,1
data\val\ai\ai_000096.png,1,ai,jpeg_q50,0.992428,1,1
data\val\ai\ai_000097.png,1,ai,jpeg_q50,0.737050,1,1
data\val\ai\ai_000098.png,1,ai,jpeg_q50,0.907641,1,1
data\val\ai\ai_000099.png,1,ai,jpeg_q50,0.822261,1,1
data\val\ai\ai_000100.png,1,ai,jpeg_q50,0.989562,1,1
data\val\ai\ai_000101.png,1,ai,jpeg_q50,0.996781,1,1
data\val\ai\ai_000102.png,1,ai,jpeg_q50,0.641005,1,1
data\val\ai\ai_000103.png,1,ai,jpeg_q50,0.993370,1,1
data\val\ai\ai_000104.png,1,ai,jpeg_q50,0.996921,1,1
data\val\ai\ai_000105.png,1,ai,jpeg_q50,0.811313,1,1
data\val\ai\ai_000106.png,1,ai,jpeg_q50,0.948201,1,1
data\val\ai\ai_000107.png,1,ai,jpeg_q50,0.917927,1,1
data\val\ai\ai_000108.png,1,ai,jpeg_q50,0.984739,1,1
data\val\ai\ai_000109.png,1,ai,jpeg_q50,0.999386,1,1
data\val\ai\ai_000110.png,1,ai,jpeg_q50,0.913831,1,1
data\val\ai\ai_000111.png,1,ai,jpeg_q50,0.948141,1,1
data\val\ai\ai_000112.png,1,ai,jpeg_q50,0.929909,1,1
data\val\ai\ai_000113.png,1,ai,jpeg_q50,0.984851,1,1
data\val\ai\ai_000114.png,1,ai,jpeg_q50,0.988017,1,1
data\val\ai\ai_000115.png,1,ai,jpeg_q50,0.983169,1,1
data\val\ai\ai_000116.png,1,ai,jpeg_q50,0.841862,1,1
data\val\ai\ai_000117.png,1,ai,jpeg_q50,0.990306,1,1
data\val\ai\ai_000118.png,1,ai,jpeg_q50,0.994349,1,1
data\val\ai\ai_000119.png,1,ai,jpeg_q50,0.988716,1,1
data\val\ai\ai_000120.png,1,ai,jpeg_q50,0.871938,1,1
data\val\ai\ai_000121.png,1,ai,jpeg_q50,0.999277,1,1
data\val\ai\ai_000122.png,1,ai,jpeg_q50,0.983980,1,1
data\val\ai\ai_000123.png,1,ai,jpeg_q50,0.973709,1,1
data\val\ai\ai_000124.png,1,ai,jpeg_q50,0.783349,1,1
data\val\ai\ai_000125.png,1,ai,jpeg_q50,0.997557,1,1
data\val\ai\ai_000126.png,1,ai,jpeg_q50,0.977524,1,1
data\val\ai\ai_000127.png,1,ai,jpeg_q50,0.993574,1,1
data\val\ai\ai_000128.png,1,ai,jpeg_q50,0.976561,1,1
data\val\ai\ai_000129.png,1,ai,jpeg_q50,0.976730,1,1
data\val\ai\ai_000130.png,1,ai,jpeg_q50,0.445461,0,0
data\val\ai\ai_000131.png,1,ai,jpeg_q50,0.995932,1,1
data\val\ai\ai_000132.png,1,ai,jpeg_q50,0.971833,1,1
data\val\ai\ai_000133.png,1,ai,jpeg_q50,0.997007,1,1
data\val\ai\ai_000134.png,1,ai,jpeg_q50,0.997637,1,1
data\val\ai\ai_000135.png,1,ai,jpeg_q50,0.999635,1,1
data\val\ai\ai_000136.png,1,ai,jpeg_q50,0.794121,1,1
data\val\ai\ai_000137.png,1,ai,jpeg_q50,0.965884,1,1
data\val\ai\ai_000138.png,1,ai,jpeg_q50,0.735429,1,1
data\val\ai\ai_000139.png,1,ai,jpeg_q50,0.995340,1,1
data\val\ai\ai_000140.png,1,ai,jpeg_q50,0.817136,1,1
data\val\ai\ai_000141.png,1,ai,jpeg_q50,0.998378,1,1
data\val\ai\ai_000142.png,1,ai,jpeg_q50,0.980595,1,1
data\val\ai\ai_000143.png,1,ai,jpeg_q50,0.999449,1,1
data\val\ai\ai_000144.png,1,ai,jpeg_q50,0.997508,1,1
data\val\ai\ai_000145.png,1,ai,jpeg_q50,0.996715,1,1
data\val\ai\ai_000146.png,1,ai,jpeg_q50,0.990242,1,1
data\val\ai\ai_000147.png,1,ai,jpeg_q50,0.989324,1,1
data\val\ai\ai_000148.png,1,ai,jpeg_q50,0.387794,0,0
data\val\ai\ai_000149.png,1,ai,jpeg_q50,0.997429,1,1
data\val\ai\ai_000150.png,1,ai,jpeg_q50,0.747973,1,1
data\val\ai\ai_000151.png,1,ai,jpeg_q50,0.950163,1,1
data\val\ai\ai_000152.png,1,ai,jpeg_q50,0.951107,1,1
data\val\ai\ai_000153.png,1,ai,jpeg_q50,0.998662,1,1
data\val\ai\ai_000154.png,1,ai,jpeg_q50,0.995942,1,1
data\val\ai\ai_000155.png,1,ai,jpeg_q50,0.964430,1,1
data\val\ai\ai_000156.png,1,ai,jpeg_q50,0.689439,1,1
data\val\ai\ai_000157.png,1,ai,jpeg_q50,0.979214,1,1
data\val\ai\ai_000158.png,1,ai,jpeg_q50,0.567659,1,1
data\val\ai\ai_000159.png,1,ai,jpeg_q50,0.996992,1,1
data\val\ai\ai_000160.png,1,ai,jpeg_q50,0.168074,0,0
data\val\ai\ai_000161.png,1,ai,jpeg_q50,0.994491,1,1
data\val\ai\ai_000162.png,1,ai,jpeg_q50,0.980449,1,1
data\val\ai\ai_000163.png,1,ai,jpeg_q50,0.997945,1,1
data\val\ai\ai_000164.png,1,ai,jpeg_q50,0.999514,1,1
data\val\ai\ai_000165.png,1,ai,jpeg_q50,0.997468,1,1
data\val\ai\ai_000166.png,1,ai,jpeg_q50,0.909389,1,1
data\val\ai\ai_000167.png,1,ai,jpeg_q50,0.975646,1,1
data\val\ai\ai_000168.png,1,ai,jpeg_q50,0.557077,1,1
data\val\ai\ai_000169.png,1,ai,jpeg_q50,0.985087,1,1
data\val\ai\ai_000170.png,1,ai,jpeg_q50,0.982145,1,1
data\val\ai\ai_000171.png,1,ai,jpeg_q50,0.992475,1,1
data\val\ai\ai_000172.png,1,ai,jpeg_q50,0.985590,1,1
data\val\ai\ai_000173.png,1,ai,jpeg_q50,0.991376,1,1
data\val\ai\ai_000174.png,1,ai,jpeg_q50,0.999878,1,1
data\val\ai\ai_000175.png,1,ai,jpeg_q50,0.994737,1,1
data\val\ai\ai_000176.png,1,ai,jpeg_q50,0.992204,1,1
data\val\ai\ai_000177.png,1,ai,jpeg_q50,0.976549,1,1
data\val\ai\ai_000178.png,1,ai,jpeg_q50,0.790200,1,1
data\val\ai\ai_000179.png,1,ai,jpeg_q50,0.998621,1,1
data\val\ai\ai_000180.png,1,ai,jpeg_q50,0.878587,1,1
data\val\ai\ai_000181.png,1,ai,jpeg_q50,0.985797,1,1
data\val\ai\ai_000182.png,1,ai,jpeg_q50,0.964929,1,1
data\val\ai\ai_000183.png,1,ai,jpeg_q50,0.987828,1,1
data\val\ai\ai_000184.png,1,ai,jpeg_q50,0.998906,1,1
data\val\ai\ai_000185.png,1,ai,jpeg_q50,0.922694,1,1
data\val\ai\ai_000186.png,1,ai,jpeg_q50,0.819805,1,1
data\val\ai\ai_000187.png,1,ai,jpeg_q50,0.970058,1,1
data\val\ai\ai_000188.png,1,ai,jpeg_q50,0.811414,1,1
data\val\ai\ai_000189.png,1,ai,jpeg_q50,0.995618,1,1
data\val\ai\ai_000190.png,1,ai,jpeg_q50,0.958102,1,1
data\val\ai\ai_000191.png,1,ai,jpeg_q50,0.905739,1,1
data\val\ai\ai_000192.png,1,ai,jpeg_q50,0.997410,1,1
data\val\ai\ai_000193.png,1,ai,jpeg_q50,0.999868,1,1
data\val\ai\ai_000194.png,1,ai,jpeg_q50,0.991673,1,1
data\val\ai\ai_000195.png,1,ai,jpeg_q50,0.992793,1,1
data\val\ai\ai_000196.png,1,ai,jpeg_q50,0.997191,1,1
data\val\ai\ai_000197.png,1,ai,jpeg_q50,0.943036,1,1
data\val\ai\ai_000198.png,1,ai,jpeg_q50,0.971761,1,1
data\val\ai\ai_000199.png,1,ai,jpeg_q50,0.941097,1,1
data\val\ai\ai_000200.png,1,ai,jpeg_q50,0.953276,1,1
data\val\ai\ai_000201.png,1,ai,jpeg_q50,0.979250,1,1
data\val\ai\ai_000202.png,1,ai,jpeg_q50,0.895972,1,1
data\val\ai\ai_000203.png,1,ai,jpeg_q50,0.989502,1,1
data\val\ai\ai_000204.png,1,ai,jpeg_q50,0.998980,1,1
data\val\ai\ai_000205.png,1,ai,jpeg_q50,0.960403,1,1
data\val\ai\ai_000206.png,1,ai,jpeg_q50,0.997685,1,1
data\val\ai\ai_000207.png,1,ai,jpeg_q50,0.971399,1,1
data\val\ai\ai_000208.png,1,ai,jpeg_q50,0.952925,1,1
data\val\ai\ai_000209.png,1,ai,jpeg_q50,0.994458,1,1
data\val\ai\ai_000210.png,1,ai,jpeg_q50,0.948534,1,1
data\val\ai\ai_000211.png,1,ai,jpeg_q50,0.998428,1,1
data\val\ai\ai_000212.png,1,ai,jpeg_q50,0.997672,1,1
data\val\ai\ai_000213.png,1,ai,jpeg_q50,0.987241,1,1
data\val\ai\ai_000214.png,1,ai,jpeg_q50,0.999761,1,1
data\val\ai\ai_000215.png,1,ai,jpeg_q50,0.967103,1,1
data\val\ai\ai_000216.png,1,ai,jpeg_q50,0.931840,1,1
data\val\ai\ai_000217.png,1,ai,jpeg_q50,0.968578,1,1
data\val\ai\ai_000218.png,1,ai,jpeg_q50,0.725785,1,1
data\val\ai\ai_000219.png,1,ai,jpeg_q50,0.992374,1,1
data\val\ai\ai_000220.png,1,ai,jpeg_q50,0.384656,0,0
data\val\ai\ai_000221.png,1,ai,jpeg_q50,0.992349,1,1
data\val\ai\ai_000222.png,1,ai,jpeg_q50,0.931726,1,1
data\val\ai\ai_000223.png,1,ai,jpeg_q50,0.998822,1,1
data\val\ai\ai_000224.png,1,ai,jpeg_q50,0.995273,1,1
data\val\ai\ai_000225.png,1,ai,jpeg_q50,0.962100,1,1
data\val\ai\ai_000226.png,1,ai,jpeg_q50,0.975027,1,1
data\val\ai\ai_000227.png,1,ai,jpeg_q50,0.971896,1,1
data\val\ai\ai_000228.png,1,ai,jpeg_q50,0.071837,0,0
data\val\ai\ai_000229.png,1,ai,jpeg_q50,0.995515,1,1
data\val\ai\ai_000230.png,1,ai,jpeg_q50,0.972452,1,1
data\val\ai\ai_000231.png,1,ai,jpeg_q50,0.999572,1,1
data\val\ai\ai_000232.png,1,ai,jpeg_q50,0.856060,1,1
data\val\ai\ai_000233.png,1,ai,jpeg_q50,0.981748,1,1
data\val\ai\ai_000234.png,1,ai,jpeg_q50,0.999540,1,1
data\val\ai\ai_000235.png,1,ai,jpeg_q50,0.997888,1,1
data\val\ai\ai_000236.png,1,ai,jpeg_q50,0.789235,1,1
data\val\ai\ai_000237.png,1,ai,jpeg_q50,0.978494,1,1
data\val\ai\ai_000238.png,1,ai,jpeg_q50,0.643117,1,1
data\val\ai\ai_000239.png,1,ai,jpeg_q50,0.912867,1,1
data\val\ai\ai_000240.png,1,ai,jpeg_q50,0.832880,1,1
data\val\ai\ai_000241.png,1,ai,jpeg_q50,0.985530,1,1
data\val\ai\ai_000242.png,1,ai,jpeg_q50,0.993657,1,1
data\val\ai\ai_000243.png,1,ai,jpeg_q50,0.986569,1,1
data\val\ai\ai_000244.png,1,ai,jpeg_q50,0.999542,1,1
data\val\ai\ai_000245.png,1,ai,jpeg_q50,0.901363,1,1
data\val\ai\ai_000246.png,1,ai,jpeg_q50,0.985816,1,1
data\val\ai\ai_000247.png,1,ai,jpeg_q50,0.985086,1,1
data\val\ai\ai_000248.png,1,ai,jpeg_q50,0.984935,1,1
data\val\ai\ai_000249.png,1,ai,jpeg_q50,0.998418,1,1
data\val\ai\ai_000250.png,1,ai,jpeg_q50,0.545762,1,1
data\val\ai\ai_000251.png,1,ai,jpeg_q50,0.986829,1,1
data\val\ai\ai_000252.png,1,ai,jpeg_q50,0.992772,1,1
data\val\ai\ai_000253.png,1,ai,jpeg_q50,0.995069,1,1
data\val\ai\ai_000254.png,1,ai,jpeg_q50,0.987247,1,1
data\val\ai\ai_000255.png,1,ai,jpeg_q50,0.914605,1,1
data\val\ai\ai_000256.png,1,ai,jpeg_q50,0.575438,1,1
data\val\ai\ai_000257.png,1,ai,jpeg_q50,0.997960,1,1
data\val\ai\ai_000258.png,1,ai,jpeg_q50,0.748588,1,1
data\val\ai\ai_000259.png,1,ai,jpeg_q50,0.996069,1,1
data\val\ai\ai_000260.png,1,ai,jpeg_q50,0.681917,1,1
data\val\ai\ai_000261.png,1,ai,jpeg_q50,0.994761,1,1
data\val\ai\ai_000262.png,1,ai,jpeg_q50,0.993700,1,1
data\val\ai\ai_000263.png,1,ai,jpeg_q50,0.991246,1,1
data\val\ai\ai_000264.png,1,ai,jpeg_q50,0.999507,1,1
data\val\ai\ai_000265.png,1,ai,jpeg_q50,0.995307,1,1
data\val\ai\ai_000266.png,1,ai,jpeg_q50,0.971644,1,1
data\val\ai\ai_000267.png,1,ai,jpeg_q50,0.994120,1,1
data\val\ai\ai_000268.png,1,ai,jpeg_q50,0.913213,1,1
data\val\ai\ai_000269.png,1,ai,jpeg_q50,0.998411,1,1
data\val\ai\ai_000270.png,1,ai,jpeg_q50,0.823873,1,1
data\val\ai\ai_000271.png,1,ai,jpeg_q50,0.989543,1,1
data\val\ai\ai_000272.png,1,ai,jpeg_q50,0.994381,1,1
data\val\ai\ai_000273.png,1,ai,jpeg_q50,0.998630,1,1
data\val\ai\ai_000274.png,1,ai,jpeg_q50,0.996258,1,1
data\val\ai\ai_000275.png,1,ai,jpeg_q50,0.996416,1,1
data\val\ai\ai_000276.png,1,ai,jpeg_q50,0.996436,1,1
data\val\ai\ai_000277.png,1,ai,jpeg_q50,0.972126,1,1
data\val\ai\ai_000278.png,1,ai,jpeg_q50,0.997647,1,1
data\val\ai\ai_000279.png,1,ai,jpeg_q50,0.991660,1,1
data\val\ai\ai_000280.png,1,ai,jpeg_q50,0.897758,1,1
data\val\ai\ai_000281.png,1,ai,jpeg_q50,0.949146,1,1
data\val\ai\ai_000282.png,1,ai,jpeg_q50,0.987698,1,1
data\val\ai\ai_000283.png,1,ai,jpeg_q50,0.994243,1,1
data\val\ai\ai_000284.png,1,ai,jpeg_q50,0.994853,1,1
data\val\ai\ai_000285.png,1,ai,jpeg_q50,0.995947,1,1
data\val\ai\ai_000286.png,1,ai,jpeg_q50,0.989247,1,1
data\val\ai\ai_000287.png,1,ai,jpeg_q50,0.986172,1,1
data\val\ai\ai_000288.png,1,ai,jpeg_q50,0.254316,0,0
data\val\ai\ai_000289.png,1,ai,jpeg_q50,0.993565,1,1
data\val\ai\ai_000290.png,1,ai,jpeg_q50,0.859696,1,1
data\val\ai\ai_000291.png,1,ai,jpeg_q50,0.998699,1,1
data\val\ai\ai_000292.png,1,ai,jpeg_q50,0.986595,1,1
data\val\ai\ai_000293.png,1,ai,jpeg_q50,0.794261,1,1
data\val\ai\ai_000294.png,1,ai,jpeg_q50,0.992851,1,1
data\val\ai\ai_000295.png,1,ai,jpeg_q50,0.988107,1,1
data\val\ai\ai_000296.png,1,ai,jpeg_q50,0.998663,1,1
data\val\ai\ai_000297.png,1,ai,jpeg_q50,0.994223,1,1
data\val\ai\ai_000298.png,1,ai,jpeg_q50,0.988029,1,1
data\val\ai\ai_000299.png,1,ai,jpeg_q50,0.967000,1,1
data\val\ai\ai_000300.png,1,ai,jpeg_q50,0.696267,1,1
data\val\ai\ai_000301.png,1,ai,jpeg_q50,0.916702,1,1
data\val\ai\ai_000302.png,1,ai,jpeg_q50,0.780026,1,1
data\val\ai\ai_000303.png,1,ai,jpeg_q50,0.975086,1,1
data\val\ai\ai_000304.png,1,ai,jpeg_q50,0.994821,1,1
data\val\ai\ai_000305.png,1,ai,jpeg_q50,0.896164,1,1
data\val\ai\ai_000306.png,1,ai,jpeg_q50,0.993124,1,1
data\val\ai\ai_000307.png,1,ai,jpeg_q50,0.972783,1,1
data\val\ai\ai_000308.png,1,ai,jpeg_q50,0.766115,1,1
data\val\ai\ai_000309.png,1,ai,jpeg_q50,0.962056,1,1
data\val\ai\ai_000310.png,1,ai,jpeg_q50,0.856471,1,1
data\val\ai\ai_000311.png,1,ai,jpeg_q50,0.980985,1,1
data\val\ai\ai_000312.png,1,ai,jpeg_q50,0.988810,1,1
data\val\ai\ai_000313.png,1,ai,jpeg_q50,0.823267,1,1
data\val\ai\ai_000314.png,1,ai,jpeg_q50,0.996450,1,1
data\val\ai\ai_000315.png,1,ai,jpeg_q50,0.976357,1,1
data\val\ai\ai_000316.png,1,ai,jpeg_q50,0.987690,1,1
data\val\ai\ai_000317.png,1,ai,jpeg_q50,0.998311,1,1
data\val\ai\ai_000318.png,1,ai,jpeg_q50,0.154898,0,0
data\val\ai\ai_000319.png,1,ai,jpeg_q50,0.981870,1,1
data\val\ai\ai_000320.png,1,ai,jpeg_q50,0.972599,1,1
data\val\ai\ai_000321.png,1,ai,jpeg_q50,0.987360,1,1
data\val\ai\ai_000322.png,1,ai,jpeg_q50,0.928123,1,1
data\val\ai\ai_000323.png,1,ai,jpeg_q50,0.997734,1,1
data\val\ai\ai_000324.png,1,ai,jpeg_q50,0.999732,1,1
data\val\ai\ai_000325.png,1,ai,jpeg_q50,0.983788,1,1
data\val\ai\ai_000326.png,1,ai,jpeg_q50,0.998503,1,1
data\val\ai\ai_000327.png,1,ai,jpeg_q50,0.999025,1,1
data\val\ai\ai_000328.png,1,ai,jpeg_q50,0.838532,1,1
data\val\ai\ai_000329.png,1,ai,jpeg_q50,0.981889,1,1
data\val\ai\ai_000330.png,1,ai,jpeg_q50,0.983888,1,1
data\val\ai\ai_000331.png,1,ai,jpeg_q50,0.992635,1,1
data\val\ai\ai_000332.png,1,ai,jpeg_q50,0.763910,1,1
data\val\ai\ai_000333.png,1,ai,jpeg_q50,0.996072,1,1
data\val\ai\ai_000334.png,1,ai,jpeg_q50,0.965774,1,1
data\val\ai\ai_000335.png,1,ai,jpeg_q50,0.996824,1,1
data\val\ai\ai_000336.png,1,ai,jpeg_q50,0.672208,1,1
data\val\ai\ai_000337.png,1,ai,jpeg_q50,0.998333,1,1
data\val\ai\ai_000338.png,1,ai,jpeg_q50,0.733054,1,1
data\val\ai\ai_000339.png,1,ai,jpeg_q50,0.997259,1,1
data\val\ai\ai_000340.png,1,ai,jpeg_q50,0.996096,1,1
data\val\ai\ai_000341.png,1,ai,jpeg_q50,0.970908,1,1
data\val\ai\ai_000342.png,1,ai,jpeg_q50,0.696225,1,1
data\val\ai\ai_000343.png,1,ai,jpeg_q50,0.993354,1,1
data\val\ai\ai_000344.png,1,ai,jpeg_q50,0.995418,1,1
data\val\ai\ai_000345.png,1,ai,jpeg_q50,0.990455,1,1
data\val\ai\ai_000346.png,1,ai,jpeg_q50,0.998000,1,1
data\val\ai\ai_000347.png,1,ai,jpeg_q50,0.993999,1,1
data\val\ai\ai_000348.png,1,ai,jpeg_q50,0.975760,1,1
data\val\ai\ai_000349.png,1,ai,jpeg_q50,0.998404,1,1
data\val\ai\ai_000350.png,1,ai,jpeg_q50,0.774362,1,1
data\val\ai\ai_000351.png,1,ai,jpeg_q50,0.969920,1,1
data\val\ai\ai_000352.png,1,ai,jpeg_q50,0.889810,1,1
data\val\ai\ai_000353.png,1,ai,jpeg_q50,0.990464,1,1
data\val\ai\ai_000354.png,1,ai,jpeg_q50,0.998536,1,1
data\val\ai\ai_000355.png,1,ai,jpeg_q50,0.972724,1,1
data\val\ai\ai_000356.png,1,ai,jpeg_q50,0.883627,1,1
data\val\ai\ai_000357.png,1,ai,jpeg_q50,0.977996,1,1
data\val\ai\ai_000358.png,1,ai,jpeg_q50,0.147982,0,0
data\val\ai\ai_000359.png,1,ai,jpeg_q50,0.999419,1,1
data\val\ai\ai_000360.png,1,ai,jpeg_q50,0.768375,1,1
data\val\ai\ai_000361.png,1,ai,jpeg_q50,0.998911,1,1
data\val\ai\ai_000362.png,1,ai,jpeg_q50,0.929942,1,1
data\val\ai\ai_000363.png,1,ai,jpeg_q50,0.995437,1,1
data\val\ai\ai_000364.png,1,ai,jpeg_q50,0.997611,1,1
data\val\ai\ai_000365.png,1,ai,jpeg_q50,0.811246,1,1
data\val\ai\ai_000366.png,1,ai,jpeg_q50,0.962390,1,1
data\val\ai\ai_000367.png,1,ai,jpeg_q50,0.989071,1,1
data\val\ai\ai_000368.png,1,ai,jpeg_q50,0.652216,1,1
data\val\ai\ai_000369.png,1,ai,jpeg_q50,0.996216,1,1
data\val\ai\ai_000370.png,1,ai,jpeg_q50,0.301347,0,0
data\val\ai\ai_000371.png,1,ai,jpeg_q50,0.966910,1,1
data\val\ai\ai_000372.png,1,ai,jpeg_q50,0.880185,1,1
data\val\ai\ai_000373.png,1,ai,jpeg_q50,0.969010,1,1
data\val\ai\ai_000374.png,1,ai,jpeg_q50,0.999243,1,1
data\val\ai\ai_000375.png,1,ai,jpeg_q50,0.993496,1,1
data\val\ai\ai_000376.png,1,ai,jpeg_q50,0.652201,1,1
data\val\ai\ai_000377.png,1,ai,jpeg_q50,0.980672,1,1
data\val\ai\ai_000378.png,1,ai,jpeg_q50,0.991178,1,1
data\val\ai\ai_000379.png,1,ai,jpeg_q50,0.984829,1,1
data\val\ai\ai_000380.png,1,ai,jpeg_q50,0.596703,1,1
data\val\ai\ai_000381.png,1,ai,jpeg_q50,0.966997,1,1
data\val\ai\ai_000382.png,1,ai,jpeg_q50,0.343207,0,0
data\val\ai\ai_000383.png,1,ai,jpeg_q50,0.995885,1,1
data\val\ai\ai_000384.png,1,ai,jpeg_q50,0.981611,1,1
data\val\ai\ai_000385.png,1,ai,jpeg_q50,0.995519,1,1
data\val\ai\ai_000386.png,1,ai,jpeg_q50,0.929908,1,1
data\val\ai\ai_000387.png,1,ai,jpeg_q50,0.992508,1,1
data\val\ai\ai_000388.png,1,ai,jpeg_q50,0.994326,1,1
data\val\ai\ai_000389.png,1,ai,jpeg_q50,0.978278,1,1
data\val\ai\ai_000390.png,1,ai,jpeg_q50,0.996735,1,1
data\val\ai\ai_000391.png,1,ai,jpeg_q50,0.984091,1,1
data\val\ai\ai_000392.png,1,ai,jpeg_q50,0.886046,1,1
data\val\ai\ai_000393.png,1,ai,jpeg_q50,0.993303,1,1
data\val\ai\ai_000394.png,1,ai,jpeg_q50,0.998451,1,1
data\val\ai\ai_000395.png,1,ai,jpeg_q50,0.958225,1,1
data\val\ai\ai_000396.png,1,ai,jpeg_q50,0.985417,1,1
data\val\ai\ai_000397.png,1,ai,jpeg_q50,0.994179,1,1
data\val\ai\ai_000398.png,1,ai,jpeg_q50,0.874198,1,1
data\val\ai\ai_000399.png,1,ai,jpeg_q50,0.950854,1,1
data\val\ai\ai_000400.png,1,ai,jpeg_q50,0.454834,0,0
data\val\ai\ai_000401.png,1,ai,jpeg_q50,0.988664,1,1
data\val\ai\ai_000402.png,1,ai,jpeg_q50,0.994032,1,1
data\val\ai\ai_000403.png,1,ai,jpeg_q50,0.996827,1,1
data\val\ai\ai_000404.png,1,ai,jpeg_q50,0.996549,1,1
data\val\ai\ai_000405.png,1,ai,jpeg_q50,0.996491,1,1
data\val\ai\ai_000406.png,1,ai,jpeg_q50,0.996875,1,1
data\val\ai\ai_000407.png,1,ai,jpeg_q50,0.802636,1,1
data\val\ai\ai_000408.png,1,ai,jpeg_q50,0.953551,1,1
data\val\ai\ai_000409.png,1,ai,jpeg_q50,0.953898,1,1
data\val\ai\ai_000410.png,1,ai,jpeg_q50,0.831739,1,1
data\val\ai\ai_000411.png,1,ai,jpeg_q50,0.994164,1,1
data\val\ai\ai_000412.png,1,ai,jpeg_q50,0.996808,1,1
data\val\ai\ai_000413.png,1,ai,jpeg_q50,0.987175,1,1
data\val\ai\ai_000414.png,1,ai,jpeg_q50,0.999692,1,1
data\val\ai\ai_000415.png,1,ai,jpeg_q50,0.996831,1,1
data\val\ai\ai_000416.png,1,ai,jpeg_q50,0.936770,1,1
data\val\ai\ai_000417.png,1,ai,jpeg_q50,0.942354,1,1
data\val\ai\ai_000418.png,1,ai,jpeg_q50,0.421471,0,0
data\val\ai\ai_000419.png,1,ai,jpeg_q50,0.948826,1,1
data\val\ai\ai_000420.png,1,ai,jpeg_q50,0.769414,1,1
data\val\ai\ai_000421.png,1,ai,jpeg_q50,0.999005,1,1
data\val\ai\ai_000422.png,1,ai,jpeg_q50,0.290959,0,0
data\val\ai\ai_000423.png,1,ai,jpeg_q50,0.926726,1,1
data\val\ai\ai_000424.png,1,ai,jpeg_q50,0.999299,1,1
data\val\ai\ai_000425.png,1,ai,jpeg_q50,0.936127,1,1
data\val\ai\ai_000426.png,1,ai,jpeg_q50,0.371378,0,0
data\val\ai\ai_000427.png,1,ai,jpeg_q50,0.989773,1,1
data\val\ai\ai_000428.png,1,ai,jpeg_q50,0.982124,1,1
data\val\ai\ai_000429.png,1,ai,jpeg_q50,0.988594,1,1
data\val\ai\ai_000430.png,1,ai,jpeg_q50,0.907503,1,1
data\val\ai\ai_000431.png,1,ai,jpeg_q50,0.978825,1,1
data\val\ai\ai_000432.png,1,ai,jpeg_q50,0.996873,1,1
data\val\ai\ai_000433.png,1,ai,jpeg_q50,0.998529,1,1
data\val\ai\ai_000434.png,1,ai,jpeg_q50,0.996287,1,1
data\val\ai\ai_000435.png,1,ai,jpeg_q50,0.924779,1,1
data\val\ai\ai_000436.png,1,ai,jpeg_q50,0.997829,1,1
data\val\ai\ai_000437.png,1,ai,jpeg_q50,0.868522,1,1
data\val\ai\ai_000438.png,1,ai,jpeg_q50,0.984933,1,1
data\val\ai\ai_000439.png,1,ai,jpeg_q50,0.888445,1,1
data\val\ai\ai_000440.png,1,ai,jpeg_q50,0.943600,1,1
data\val\ai\ai_000441.png,1,ai,jpeg_q50,0.868847,1,1
data\val\ai\ai_000442.png,1,ai,jpeg_q50,0.990455,1,1
data\val\ai\ai_000443.png,1,ai,jpeg_q50,0.995965,1,1
data\val\ai\ai_000444.png,1,ai,jpeg_q50,0.999396,1,1
data\val\ai\ai_000445.png,1,ai,jpeg_q50,0.971984,1,1
data\val\ai\ai_000446.png,1,ai,jpeg_q50,0.956412,1,1
data\val\ai\ai_000447.png,1,ai,jpeg_q50,0.988059,1,1
data\val\ai\ai_000448.png,1,ai,jpeg_q50,0.258176,0,0
data\val\ai\ai_000449.png,1,ai,jpeg_q50,0.999063,1,1
data\val\ai\ai_000450.png,1,ai,jpeg_q50,0.998294,1,1
data\val\ai\ai_000451.png,1,ai,jpeg_q50,0.988852,1,1
data\val\ai\ai_000452.png,1,ai,jpeg_q50,0.956776,1,1
data\val\ai\ai_000453.png,1,ai,jpeg_q50,0.998990,1,1
data\val\ai\ai_000454.png,1,ai,jpeg_q50,0.968874,1,1
data\val\ai\ai_000455.png,1,ai,jpeg_q50,0.995940,1,1
data\val\ai\ai_000456.png,1,ai,jpeg_q50,0.978103,1,1
data\val\ai\ai_000457.png,1,ai,jpeg_q50,0.961243,1,1
data\val\ai\ai_000458.png,1,ai,jpeg_q50,0.983100,1,1
data\val\ai\ai_000459.png,1,ai,jpeg_q50,0.631450,1,1
data\val\ai\ai_000460.png,1,ai,jpeg_q50,0.934723,1,1
data\val\ai\ai_000461.png,1,ai,jpeg_q50,0.926732,1,1
data\val\ai\ai_000462.png,1,ai,jpeg_q50,0.973704,1,1
data\val\ai\ai_000463.png,1,ai,jpeg_q50,0.987531,1,1
data\val\ai\ai_000464.png,1,ai,jpeg_q50,0.995790,1,1
data\val\ai\ai_000465.png,1,ai,jpeg_q50,0.995053,1,1
data\val\ai\ai_000466.png,1,ai,jpeg_q50,0.569514,1,1
data\val\ai\ai_000467.png,1,ai,jpeg_q50,0.996005,1,1
data\val\ai\ai_000468.png,1,ai,jpeg_q50,0.729504,1,1
data\val\ai\ai_000469.png,1,ai,jpeg_q50,0.995736,1,1
data\val\ai\ai_000470.png,1,ai,jpeg_q50,0.704275,1,1
data\val\ai\ai_000471.png,1,ai,jpeg_q50,0.999843,1,1
data\val\ai\ai_000472.png,1,ai,jpeg_q50,0.972879,1,1
data\val\ai\ai_000473.png,1,ai,jpeg_q50,0.857329,1,1
data\val\ai\ai_000474.png,1,ai,jpeg_q50,0.999322,1,1
data\val\ai\ai_000475.png,1,ai,jpeg_q50,0.993815,1,1
data\val\ai\ai_000476.png,1,ai,jpeg_q50,0.956794,1,1
data\val\ai\ai_000477.png,1,ai,jpeg_q50,0.983905,1,1
data\val\ai\ai_000478.png,1,ai,jpeg_q50,0.980413,1,1
data\val\ai\ai_000479.png,1,ai,jpeg_q50,0.923398,1,1
data\val\ai\ai_000480.png,1,ai,jpeg_q50,0.906741,1,1
data\val\ai\ai_000481.png,1,ai,jpeg_q50,0.996322,1,1
data\val\ai\ai_000482.png,1,ai,jpeg_q50,0.740510,1,1
data\val\ai\ai_000483.png,1,ai,jpeg_q50,0.896315,1,1
data\val\ai\ai_000484.png,1,ai,jpeg_q50,0.992237,1,1
data\val\ai\ai_000485.png,1,ai,jpeg_q50,0.863907,1,1
data\val\ai\ai_000486.png,1,ai,jpeg_q50,0.997644,1,1
data\val\ai\ai_000487.png,1,ai,jpeg_q50,0.989562,1,1
data\val\ai\ai_000488.png,1,ai,jpeg_q50,0.901434,1,1
data\val\ai\ai_000489.png,1,ai,jpeg_q50,0.991988,1,1
data\val\ai\ai_000490.png,1,ai,jpeg_q50,0.887572,1,1
data\val\ai\ai_000491.png,1,ai,jpeg_q50,0.962608,1,1
data\val\ai\ai_000492.png,1,ai,jpeg_q50,0.989567,1,1
data\val\ai\ai_000493.png,1,ai,jpeg_q50,0.981510,1,1
data\val\ai\ai_000494.png,1,ai,jpeg_q50,0.991632,1,1
data\val\ai\ai_000495.png,1,ai,jpeg_q50,0.991238,1,1
data\val\ai\ai_000496.png,1,ai,jpeg_q50,0.747840,1,1
data\val\ai\ai_000497.png,1,ai,jpeg_q50,0.980254,1,1
data\val\ai\ai_000498.png,1,ai,jpeg_q50,0.860048,1,1
data\val\ai\ai_000499.png,1,ai,jpeg_q50,0.994737,1,1
data\val\ai\ai_000500.png,1,ai,jpeg_q50,0.929669,1,1
data\val\real\000000000139.jpg,0,real,jpeg_q30,0.875845,1,0
data\val\real\000000000285.jpg,0,real,jpeg_q30,0.048993,0,1
data\val\real\000000000632.jpg,0,real,jpeg_q30,0.859874,1,0
data\val\real\000000000724.jpg,0,real,jpeg_q30,0.085122,0,1
data\val\real\000000000776.jpg,0,real,jpeg_q30,0.033166,0,1
data\val\real\000000000785.jpg,0,real,jpeg_q30,0.242680,0,1
data\val\real\000000000802.jpg,0,real,jpeg_q30,0.158614,0,1
data\val\real\000000000872.jpg,0,real,jpeg_q30,0.027755,0,1
data\val\real\000000000885.jpg,0,real,jpeg_q30,0.047096,0,1
data\val\real\000000001000.jpg,0,real,jpeg_q30,0.001646,0,1
data\val\real\000000001268.jpg,0,real,jpeg_q30,0.044461,0,1
data\val\real\000000001296.jpg,0,real,jpeg_q30,0.216859,0,1
data\val\real\000000001353.jpg,0,real,jpeg_q30,0.000846,0,1
data\val\real\000000001425.jpg,0,real,jpeg_q30,0.721975,1,0
data\val\real\000000001490.jpg,0,real,jpeg_q30,0.188821,0,1
data\val\real\000000001503.jpg,0,real,jpeg_q30,0.361207,0,1
data\val\real\000000001532.jpg,0,real,jpeg_q30,0.055463,0,1
data\val\real\000000001584.jpg,0,real,jpeg_q30,0.626296,1,0
data\val\real\000000001675.jpg,0,real,jpeg_q30,0.081700,0,1
data\val\real\000000001761.jpg,0,real,jpeg_q30,0.020931,0,1
data\val\real\000000001818.jpg,0,real,jpeg_q30,0.128453,0,1
data\val\real\000000001993.jpg,0,real,jpeg_q30,0.262044,0,1
data\val\real\000000002006.jpg,0,real,jpeg_q30,0.029413,0,1
data\val\real\000000002149.jpg,0,real,jpeg_q30,0.219321,0,1
data\val\real\000000002153.jpg,0,real,jpeg_q30,0.009420,0,1
data\val\real\000000002157.jpg,0,real,jpeg_q30,0.158933,0,1
data\val\real\000000002261.jpg,0,real,jpeg_q30,0.002633,0,1
data\val\real\000000002299.jpg,0,real,jpeg_q30,0.010351,0,1
data\val\real\000000002431.jpg,0,real,jpeg_q30,0.039400,0,1
data\val\real\000000002473.jpg,0,real,jpeg_q30,0.041266,0,1
data\val\real\000000002532.jpg,0,real,jpeg_q30,0.010489,0,1
data\val\real\000000002587.jpg,0,real,jpeg_q30,0.030374,0,1
data\val\real\000000002592.jpg,0,real,jpeg_q30,0.024640,0,1
data\val\real\000000002685.jpg,0,real,jpeg_q30,0.002536,0,1
data\val\real\000000002923.jpg,0,real,jpeg_q30,0.014932,0,1
data\val\real\000000003156.jpg,0,real,jpeg_q30,0.357370,0,1
data\val\real\000000003255.jpg,0,real,jpeg_q30,0.275139,0,1
data\val\real\000000003501.jpg,0,real,jpeg_q30,0.237437,0,1
data\val\real\000000003553.jpg,0,real,jpeg_q30,0.052669,0,1
data\val\real\000000003661.jpg,0,real,jpeg_q30,0.007413,0,1
data\val\real\000000003845.jpg,0,real,jpeg_q30,0.114407,0,1
data\val\real\000000003934.jpg,0,real,jpeg_q30,0.000320,0,1
data\val\real\000000004134.jpg,0,real,jpeg_q30,0.001472,0,1
data\val\real\000000004395.jpg,0,real,jpeg_q30,0.009435,0,1
data\val\real\000000004495.jpg,0,real,jpeg_q30,0.197215,0,1
data\val\real\000000004765.jpg,0,real,jpeg_q30,0.117433,0,1
data\val\real\000000004795.jpg,0,real,jpeg_q30,0.001768,0,1
data\val\real\000000005001.jpg,0,real,jpeg_q30,0.016581,0,1
data\val\real\000000005037.jpg,0,real,jpeg_q30,0.110235,0,1
data\val\real\000000005060.jpg,0,real,jpeg_q30,0.166756,0,1
data\val\real\000000005193.jpg,0,real,jpeg_q30,0.002873,0,1
data\val\real\000000005477.jpg,0,real,jpeg_q30,0.026864,0,1
data\val\real\000000005503.jpg,0,real,jpeg_q30,0.027231,0,1
data\val\real\000000005529.jpg,0,real,jpeg_q30,0.100568,0,1
data\val\real\000000005586.jpg,0,real,jpeg_q30,0.005032,0,1
data\val\real\000000005600.jpg,0,real,jpeg_q30,0.010353,0,1
data\val\real\000000005992.jpg,0,real,jpeg_q30,0.053572,0,1
data\val\real\000000006012.jpg,0,real,jpeg_q30,0.087105,0,1
data\val\real\000000006040.jpg,0,real,jpeg_q30,0.305802,0,1
data\val\real\000000006213.jpg,0,real,jpeg_q30,0.219384,0,1
data\val\real\000000006460.jpg,0,real,jpeg_q30,0.093463,0,1
data\val\real\000000006471.jpg,0,real,jpeg_q30,0.020272,0,1
data\val\real\000000006614.jpg,0,real,jpeg_q30,0.239186,0,1
data\val\real\000000006723.jpg,0,real,jpeg_q30,0.174966,0,1
data\val\real\000000006763.jpg,0,real,jpeg_q30,0.000054,0,1
data\val\real\000000006771.jpg,0,real,jpeg_q30,0.002643,0,1
data\val\real\000000006818.jpg,0,real,jpeg_q30,0.036094,0,1
data\val\real\000000006894.jpg,0,real,jpeg_q30,0.007335,0,1
data\val\real\000000006954.jpg,0,real,jpeg_q30,0.097649,0,1
data\val\real\000000007088.jpg,0,real,jpeg_q30,0.020277,0,1
data\val\real\000000007108.jpg,0,real,jpeg_q30,0.033556,0,1
data\val\real\000000007278.jpg,0,real,jpeg_q30,0.157702,0,1
data\val\real\000000007281.jpg,0,real,jpeg_q30,0.003741,0,1
data\val\real\000000007386.jpg,0,real,jpeg_q30,0.041046,0,1
data\val\real\000000007511.jpg,0,real,jpeg_q30,0.028057,0,1
data\val\real\000000007574.jpg,0,real,jpeg_q30,0.164496,0,1
data\val\real\000000007784.jpg,0,real,jpeg_q30,0.247292,0,1
data\val\real\000000007795.jpg,0,real,jpeg_q30,0.707040,1,0
data\val\real\000000007816.jpg,0,real,jpeg_q30,0.001571,0,1
data\val\real\000000007818.jpg,0,real,jpeg_q30,0.579366,1,0
data\val\real\000000007888.jpg,0,real,jpeg_q30,0.895828,1,0
data\val\real\000000007977.jpg,0,real,jpeg_q30,0.369867,0,1
data\val\real\000000007991.jpg,0,real,jpeg_q30,0.050567,0,1
data\val\real\000000008021.jpg,0,real,jpeg_q30,0.002273,0,1
data\val\real\000000008211.jpg,0,real,jpeg_q30,0.078418,0,1
data\val\real\000000008277.jpg,0,real,jpeg_q30,0.253768,0,1
data\val\real\000000008532.jpg,0,real,jpeg_q30,0.023259,0,1
data\val\real\000000008629.jpg,0,real,jpeg_q30,0.070287,0,1
data\val\real\000000008690.jpg,0,real,jpeg_q30,0.002140,0,1
data\val\real\000000008762.jpg,0,real,jpeg_q30,0.083771,0,1
data\val\real\000000008844.jpg,0,real,jpeg_q30,0.057264,0,1
data\val\real\000000008899.jpg,0,real,jpeg_q30,0.342654,0,1
data\val\real\000000009378.jpg,0,real,jpeg_q30,0.030904,0,1
data\val\real\000000009400.jpg,0,real,jpeg_q30,0.000907,0,1
data\val\real\000000009448.jpg,0,real,jpeg_q30,0.025787,0,1
data\val\real\000000009483.jpg,0,real,jpeg_q30,0.127383,0,1
data\val\real\000000009590.jpg,0,real,jpeg_q30,0.166211,0,1
data\val\real\000000009769.jpg,0,real,jpeg_q30,0.116092,0,1
data\val\real\000000009772.jpg,0,real,jpeg_q30,0.040831,0,1
data\val\real\000000009891.jpg,0,real,jpeg_q30,0.003009,0,1
data\val\real\000000009914.jpg,0,real,jpeg_q30,0.107616,0,1
data\val\real\000000010092.jpg,0,real,jpeg_q30,0.091692,0,1
data\val\real\000000010363.jpg,0,real,jpeg_q30,0.003077,0,1
data\val\real\000000010583.jpg,0,real,jpeg_q30,0.096342,0,1
data\val\real\000000010707.jpg,0,real,jpeg_q30,0.000116,0,1
data\val\real\000000010764.jpg,0,real,jpeg_q30,0.074898,0,1
data\val\real\000000010977.jpg,0,real,jpeg_q30,0.043845,0,1
data\val\real\000000010995.jpg,0,real,jpeg_q30,0.173338,0,1
data\val\real\000000011051.jpg,0,real,jpeg_q30,0.006831,0,1
data\val\real\000000011122.jpg,0,real,jpeg_q30,0.017951,0,1
data\val\real\000000011149.jpg,0,real,jpeg_q30,0.005301,0,1
data\val\real\000000011197.jpg,0,real,jpeg_q30,0.019648,0,1
data\val\real\000000011511.jpg,0,real,jpeg_q30,0.066249,0,1
data\val\real\000000011615.jpg,0,real,jpeg_q30,0.082234,0,1
data\val\real\000000011699.jpg,0,real,jpeg_q30,0.028498,0,1
data\val\real\000000011760.jpg,0,real,jpeg_q30,0.371433,0,1
data\val\real\000000011813.jpg,0,real,jpeg_q30,0.421457,0,1
data\val\real\000000012062.jpg,0,real,jpeg_q30,0.011789,0,1
data\val\real\000000012120.jpg,0,real,jpeg_q30,0.048460,0,1
data\val\real\000000012280.jpg,0,real,jpeg_q30,0.794662,1,0
data\val\real\000000012576.jpg,0,real,jpeg_q30,0.269816,0,1
data\val\real\000000012639.jpg,0,real,jpeg_q30,0.053875,0,1
data\val\real\000000012667.jpg,0,real,jpeg_q30,0.127809,0,1
data\val\real\000000012670.jpg,0,real,jpeg_q30,0.018990,0,1
data\val\real\000000012748.jpg,0,real,jpeg_q30,0.041140,0,1
data\val\real\000000013004.jpg,0,real,jpeg_q30,0.119357,0,1
data\val\real\000000013177.jpg,0,real,jpeg_q30,0.027628,0,1
data\val\real\000000013201.jpg,0,real,jpeg_q30,0.048218,0,1
data\val\real\000000013291.jpg,0,real,jpeg_q30,0.104183,0,1
data\val\real\000000013348.jpg,0,real,jpeg_q30,0.182222,0,1
data\val\real\000000013546.jpg,0,real,jpeg_q30,0.006223,0,1
data\val\real\000000013597.jpg,0,real,jpeg_q30,0.435275,0,1
data\val\real\000000013659.jpg,0,real,jpeg_q30,0.002817,0,1
data\val\real\000000013729.jpg,0,real,jpeg_q30,0.027212,0,1
data\val\real\000000013774.jpg,0,real,jpeg_q30,0.419472,0,1
data\val\real\000000013923.jpg,0,real,jpeg_q30,0.364685,0,1
data\val\real\000000014007.jpg,0,real,jpeg_q30,0.074425,0,1
data\val\real\000000014038.jpg,0,real,jpeg_q30,0.785390,1,0
data\val\real\000000014226.jpg,0,real,jpeg_q30,0.203655,0,1
data\val\real\000000014380.jpg,0,real,jpeg_q30,0.320647,0,1
data\val\real\000000014439.jpg,0,real,jpeg_q30,0.011000,0,1
data\val\real\000000014473.jpg,0,real,jpeg_q30,0.187031,0,1
data\val\real\000000014831.jpg,0,real,jpeg_q30,0.002549,0,1
data\val\real\000000014888.jpg,0,real,jpeg_q30,0.007161,0,1
data\val\real\000000015079.jpg,0,real,jpeg_q30,0.095484,0,1
data\val\real\000000015254.jpg,0,real,jpeg_q30,0.024952,0,1
data\val\real\000000015272.jpg,0,real,jpeg_q30,0.581667,1,0
data\val\real\000000015278.jpg,0,real,jpeg_q30,0.142058,0,1
data\val\real\000000015335.jpg,0,real,jpeg_q30,0.000885,0,1
data\val\real\000000015338.jpg,0,real,jpeg_q30,0.193687,0,1
data\val\real\000000015440.jpg,0,real,jpeg_q30,0.712037,1,0
data\val\real\000000015497.jpg,0,real,jpeg_q30,0.001128,0,1
data\val\real\000000015517.jpg,0,real,jpeg_q30,0.055205,0,1
data\val\real\000000015597.jpg,0,real,jpeg_q30,0.000470,0,1
data\val\real\000000015660.jpg,0,real,jpeg_q30,0.037445,0,1
data\val\real\000000015746.jpg,0,real,jpeg_q30,0.117013,0,1
data\val\real\000000015751.jpg,0,real,jpeg_q30,0.013208,0,1
data\val\real\000000015956.jpg,0,real,jpeg_q30,0.004718,0,1
data\val\real\000000016010.jpg,0,real,jpeg_q30,0.006980,0,1
data\val\real\000000016228.jpg,0,real,jpeg_q30,0.092180,0,1
data\val\real\000000016249.jpg,0,real,jpeg_q30,0.015586,0,1
data\val\real\000000016439.jpg,0,real,jpeg_q30,0.333296,0,1
data\val\real\000000016451.jpg,0,real,jpeg_q30,0.322042,0,1
data\val\real\000000016502.jpg,0,real,jpeg_q30,0.051568,0,1
data\val\real\000000016598.jpg,0,real,jpeg_q30,0.001837,0,1
data\val\real\000000016958.jpg,0,real,jpeg_q30,0.071501,0,1
data\val\real\000000017029.jpg,0,real,jpeg_q30,0.023576,0,1
data\val\real\000000017031.jpg,0,real,jpeg_q30,0.044217,0,1
data\val\real\000000017115.jpg,0,real,jpeg_q30,0.353870,0,1
data\val\real\000000017178.jpg,0,real,jpeg_q30,0.408162,0,1
data\val\real\000000017182.jpg,0,real,jpeg_q30,0.505712,1,0
data\val\real\000000017207.jpg,0,real,jpeg_q30,0.007788,0,1
data\val\real\000000017379.jpg,0,real,jpeg_q30,0.482100,0,1
data\val\real\000000017436.jpg,0,real,jpeg_q30,0.025271,0,1
data\val\real\000000017627.jpg,0,real,jpeg_q30,0.000812,0,1
data\val\real\000000017714.jpg,0,real,jpeg_q30,0.030658,0,1
data\val\real\000000017899.jpg,0,real,jpeg_q30,0.002472,0,1
data\val\real\000000017905.jpg,0,real,jpeg_q30,0.000440,0,1
data\val\real\000000017959.jpg,0,real,jpeg_q30,0.034021,0,1
data\val\real\000000018150.jpg,0,real,jpeg_q30,0.001654,0,1
data\val\real\000000018193.jpg,0,real,jpeg_q30,0.001482,0,1
data\val\real\000000018380.jpg,0,real,jpeg_q30,0.051705,0,1
data\val\real\000000018491.jpg,0,real,jpeg_q30,0.007509,0,1
data\val\real\000000018519.jpg,0,real,jpeg_q30,0.680061,1,0
data\val\real\000000018575.jpg,0,real,jpeg_q30,0.040165,0,1
data\val\real\000000018737.jpg,0,real,jpeg_q30,0.035790,0,1
data\val\real\000000018770.jpg,0,real,jpeg_q30,0.248362,0,1
data\val\real\000000018833.jpg,0,real,jpeg_q30,0.059215,0,1
data\val\real\000000018837.jpg,0,real,jpeg_q30,0.014107,0,1
data\val\real\000000019042.jpg,0,real,jpeg_q30,0.186701,0,1
data\val\real\000000019109.jpg,0,real,jpeg_q30,0.239097,0,1
data\val\real\000000019221.jpg,0,real,jpeg_q30,0.018011,0,1
data\val\real\000000019402.jpg,0,real,jpeg_q30,0.001043,0,1
data\val\real\000000019432.jpg,0,real,jpeg_q30,0.046107,0,1
data\val\real\000000019742.jpg,0,real,jpeg_q30,0.018566,0,1
data\val\real\000000019786.jpg,0,real,jpeg_q30,0.001386,0,1
data\val\real\000000019924.jpg,0,real,jpeg_q30,0.534097,1,0
data\val\real\000000020059.jpg,0,real,jpeg_q30,0.170863,0,1
data\val\real\000000020107.jpg,0,real,jpeg_q30,0.035739,0,1
data\val\real\000000020247.jpg,0,real,jpeg_q30,0.079555,0,1
data\val\real\000000020333.jpg,0,real,jpeg_q30,0.077442,0,1
data\val\real\000000020553.jpg,0,real,jpeg_q30,0.001407,0,1
data\val\real\000000020571.jpg,0,real,jpeg_q30,0.291643,0,1
data\val\real\000000020992.jpg,0,real,jpeg_q30,0.005858,0,1
data\val\real\000000021167.jpg,0,real,jpeg_q30,0.000089,0,1
data\val\real\000000021465.jpg,0,real,jpeg_q30,0.016747,0,1
data\val\real\000000021503.jpg,0,real,jpeg_q30,0.014242,0,1
data\val\real\000000021604.jpg,0,real,jpeg_q30,0.763911,1,0
data\val\real\000000021839.jpg,0,real,jpeg_q30,0.001224,0,1
data\val\real\000000021879.jpg,0,real,jpeg_q30,0.027359,0,1
data\val\real\000000021903.jpg,0,real,jpeg_q30,0.100796,0,1
data\val\real\000000022192.jpg,0,real,jpeg_q30,0.006807,0,1
data\val\real\000000022371.jpg,0,real,jpeg_q30,0.639754,1,0
data\val\real\000000022396.jpg,0,real,jpeg_q30,0.051203,0,1
data\val\real\000000022479.jpg,0,real,jpeg_q30,0.015386,0,1
data\val\real\000000022589.jpg,0,real,jpeg_q30,0.011185,0,1
data\val\real\000000022623.jpg,0,real,jpeg_q30,0.309310,0,1
data\val\real\000000022705.jpg,0,real,jpeg_q30,0.001223,0,1
data\val\real\000000022755.jpg,0,real,jpeg_q30,0.118592,0,1
data\val\real\000000022892.jpg,0,real,jpeg_q30,0.058087,0,1
data\val\real\000000022935.jpg,0,real,jpeg_q30,0.196625,0,1
data\val\real\000000022969.jpg,0,real,jpeg_q30,0.017414,0,1
data\val\real\000000023023.jpg,0,real,jpeg_q30,0.262914,0,1
data\val\real\000000023034.jpg,0,real,jpeg_q30,0.004917,0,1
data\val\real\000000023126.jpg,0,real,jpeg_q30,0.289358,0,1
data\val\real\000000023230.jpg,0,real,jpeg_q30,0.016857,0,1
data\val\real\000000023272.jpg,0,real,jpeg_q30,0.005856,0,1
data\val\real\000000023359.jpg,0,real,jpeg_q30,0.047281,0,1
data\val\real\000000023666.jpg,0,real,jpeg_q30,0.119555,0,1
data\val\real\000000023751.jpg,0,real,jpeg_q30,0.001691,0,1
data\val\real\000000023781.jpg,0,real,jpeg_q30,0.294953,0,1
data\val\real\000000023899.jpg,0,real,jpeg_q30,0.002989,0,1
data\val\real\000000023937.jpg,0,real,jpeg_q30,0.138991,0,1
data\val\real\000000024021.jpg,0,real,jpeg_q30,0.013487,0,1
data\val\real\000000024027.jpg,0,real,jpeg_q30,0.002380,0,1
data\val\real\000000024144.jpg,0,real,jpeg_q30,0.150114,0,1
data\val\real\000000024243.jpg,0,real,jpeg_q30,0.074180,0,1
data\val\real\000000024567.jpg,0,real,jpeg_q30,0.015517,0,1
data\val\real\000000024610.jpg,0,real,jpeg_q30,0.130982,0,1
data\val\real\000000024919.jpg,0,real,jpeg_q30,0.092368,0,1
data\val\real\000000025057.jpg,0,real,jpeg_q30,0.010502,0,1
data\val\real\000000025096.jpg,0,real,jpeg_q30,0.004623,0,1
data\val\real\000000025139.jpg,0,real,jpeg_q30,0.029182,0,1
data\val\real\000000025181.jpg,0,real,jpeg_q30,0.853106,1,0
data\val\real\000000025228.jpg,0,real,jpeg_q30,0.036507,0,1
data\val\real\000000025386.jpg,0,real,jpeg_q30,0.003371,0,1
data\val\real\000000025393.jpg,0,real,jpeg_q30,0.000576,0,1
data\val\real\000000025394.jpg,0,real,jpeg_q30,0.007775,0,1
data\val\real\000000025424.jpg,0,real,jpeg_q30,0.031999,0,1
data\val\real\000000025560.jpg,0,real,jpeg_q30,0.013918,0,1
data\val\real\000000025593.jpg,0,real,jpeg_q30,0.085081,0,1
data\val\real\000000025603.jpg,0,real,jpeg_q30,0.000429,0,1
data\val\real\000000025986.jpg,0,real,jpeg_q30,0.021915,0,1
data\val\real\000000026204.jpg,0,real,jpeg_q30,0.108586,0,1
data\val\real\000000026465.jpg,0,real,jpeg_q30,0.034126,0,1
data\val\real\000000026564.jpg,0,real,jpeg_q30,0.109078,0,1
data\val\real\000000026690.jpg,0,real,jpeg_q30,0.019096,0,1
data\val\real\000000026926.jpg,0,real,jpeg_q30,0.257817,0,1
data\val\real\000000026941.jpg,0,real,jpeg_q30,0.552391,1,0
data\val\real\000000027186.jpg,0,real,jpeg_q30,0.008758,0,1
data\val\real\000000027620.jpg,0,real,jpeg_q30,0.223917,0,1
data\val\real\000000027696.jpg,0,real,jpeg_q30,0.010986,0,1
data\val\real\000000027768.jpg,0,real,jpeg_q30,0.181269,0,1
data\val\real\000000027932.jpg,0,real,jpeg_q30,0.239263,0,1
data\val\real\000000027972.jpg,0,real,jpeg_q30,0.070754,0,1
data\val\real\000000027982.jpg,0,real,jpeg_q30,0.829707,1,0
data\val\real\000000028285.jpg,0,real,jpeg_q30,0.018302,0,1
data\val\real\000000028449.jpg,0,real,jpeg_q30,0.292086,0,1
data\val\real\000000028452.jpg,0,real,jpeg_q30,0.543274,1,0
data\val\real\000000028809.jpg,0,real,jpeg_q30,0.139757,0,1
data\val\real\000000028993.jpg,0,real,jpeg_q30,0.654434,1,0
data\val\real\000000029187.jpg,0,real,jpeg_q30,0.001910,0,1
data\val\real\000000029393.jpg,0,real,jpeg_q30,0.002258,0,1
data\val\real\000000029397.jpg,0,real,jpeg_q30,0.045470,0,1
data\val\real\000000029596.jpg,0,real,jpeg_q30,0.434266,0,1
data\val\real\000000029640.jpg,0,real,jpeg_q30,0.205456,0,1
data\val\real\000000029675.jpg,0,real,jpeg_q30,0.140949,0,1
data\val\real\000000029984.jpg,0,real,jpeg_q30,0.011336,0,1
data\val\real\000000030213.jpg,0,real,jpeg_q30,0.661442,1,0
data\val\real\000000030494.jpg,0,real,jpeg_q30,0.007171,0,1
data\val\real\000000030504.jpg,0,real,jpeg_q30,0.030427,0,1
data\val\real\000000030675.jpg,0,real,jpeg_q30,0.277428,0,1
data\val\real\000000030785.jpg,0,real,jpeg_q30,0.212949,0,1
data\val\real\000000030828.jpg,0,real,jpeg_q30,0.576216,1,0
data\val\real\000000031050.jpg,0,real,jpeg_q30,0.035950,0,1
data\val\real\000000031093.jpg,0,real,jpeg_q30,0.047674,0,1
data\val\real\000000031118.jpg,0,real,jpeg_q30,0.147996,0,1
data\val\real\000000031217.jpg,0,real,jpeg_q30,0.062894,0,1
data\val\real\000000031248.jpg,0,real,jpeg_q30,0.188378,0,1
data\val\real\000000031269.jpg,0,real,jpeg_q30,0.032642,0,1
data\val\real\000000031296.jpg,0,real,jpeg_q30,0.002115,0,1
data\val\real\000000031322.jpg,0,real,jpeg_q30,0.070906,0,1
data\val\real\000000031620.jpg,0,real,jpeg_q30,0.000087,0,1
data\val\real\000000031735.jpg,0,real,jpeg_q30,0.007033,0,1
data\val\real\000000031749.jpg,0,real,jpeg_q30,0.108459,0,1
data\val\real\000000031817.jpg,0,real,jpeg_q30,0.001679,0,1
data\val\real\000000032038.jpg,0,real,jpeg_q30,0.012922,0,1
data\val\real\000000032081.jpg,0,real,jpeg_q30,0.014001,0,1
data\val\real\000000032285.jpg,0,real,jpeg_q30,0.750236,1,0
data\val\real\000000032334.jpg,0,real,jpeg_q30,0.000774,0,1
data\val\real\000000032570.jpg,0,real,jpeg_q30,0.816417,1,0
data\val\real\000000032610.jpg,0,real,jpeg_q30,0.089417,0,1
data\val\real\000000032735.jpg,0,real,jpeg_q30,0.037477,0,1
data\val\real\000000032811.jpg,0,real,jpeg_q30,0.189327,0,1
data\val\real\000000032817.jpg,0,real,jpeg_q30,0.001259,0,1
data\val\real\000000032861.jpg,0,real,jpeg_q30,0.471787,0,1
data\val\real\000000032887.jpg,0,real,jpeg_q30,0.002487,0,1
data\val\real\000000032901.jpg,0,real,jpeg_q30,0.000199,0,1
data\val\real\000000032941.jpg,0,real,jpeg_q30,0.077641,0,1
data\val\real\000000033005.jpg,0,real,jpeg_q30,0.026586,0,1
data\val\real\000000033104.jpg,0,real,jpeg_q30,0.011284,0,1
data\val\real\000000033109.jpg,0,real,jpeg_q30,0.071340,0,1
data\val\real\000000033114.jpg,0,real,jpeg_q30,0.069103,0,1
data\val\real\000000033221.jpg,0,real,jpeg_q30,0.001484,0,1
data\val\real\000000033368.jpg,0,real,jpeg_q30,0.190177,0,1
data\val\real\000000033638.jpg,0,real,jpeg_q30,0.052544,0,1
data\val\real\000000033707.jpg,0,real,jpeg_q30,0.132358,0,1
data\val\real\000000033759.jpg,0,real,jpeg_q30,0.074561,0,1
data\val\real\000000033854.jpg,0,real,jpeg_q30,0.012110,0,1
data\val\real\000000034071.jpg,0,real,jpeg_q30,0.652092,1,0
data\val\real\000000034139.jpg,0,real,jpeg_q30,0.232308,0,1
data\val\real\000000034205.jpg,0,real,jpeg_q30,0.262799,0,1
data\val\real\000000034257.jpg,0,real,jpeg_q30,0.335207,0,1
data\val\real\000000034417.jpg,0,real,jpeg_q30,0.076270,0,1
data\val\real\000000034452.jpg,0,real,jpeg_q30,0.004560,0,1
data\val\real\000000034760.jpg,0,real,jpeg_q30,0.049830,0,1
data\val\real\000000034873.jpg,0,real,jpeg_q30,0.135278,0,1
data\val\real\000000035062.jpg,0,real,jpeg_q30,0.042698,0,1
data\val\real\000000035197.jpg,0,real,jpeg_q30,0.298301,0,1
data\val\real\000000035279.jpg,0,real,jpeg_q30,0.334296,0,1
data\val\real\000000035326.jpg,0,real,jpeg_q30,0.069337,0,1
data\val\real\000000035682.jpg,0,real,jpeg_q30,0.065255,0,1
data\val\real\000000035770.jpg,0,real,jpeg_q30,0.054734,0,1
data\val\real\000000035963.jpg,0,real,jpeg_q30,0.000632,0,1
data\val\real\000000036494.jpg,0,real,jpeg_q30,0.541515,1,0
data\val\real\000000036539.jpg,0,real,jpeg_q30,0.002144,0,1
data\val\real\000000036660.jpg,0,real,jpeg_q30,0.045711,0,1
data\val\real\000000036678.jpg,0,real,jpeg_q30,0.021914,0,1
data\val\real\000000036844.jpg,0,real,jpeg_q30,0.085104,0,1
data\val\real\000000036861.jpg,0,real,jpeg_q30,0.321203,0,1
data\val\real\000000036936.jpg,0,real,jpeg_q30,0.002072,0,1
data\val\real\000000037670.jpg,0,real,jpeg_q30,0.322087,0,1
data\val\real\000000037689.jpg,0,real,jpeg_q30,0.073213,0,1
data\val\real\000000037740.jpg,0,real,jpeg_q30,0.560041,1,0
data\val\real\000000037751.jpg,0,real,jpeg_q30,0.024496,0,1
data\val\real\000000037777.jpg,0,real,jpeg_q30,0.577504,1,0
data\val\real\000000037988.jpg,0,real,jpeg_q30,0.026614,0,1
data\val\real\000000038048.jpg,0,real,jpeg_q30,0.016953,0,1
data\val\real\000000038070.jpg,0,real,jpeg_q30,0.084364,0,1
data\val\real\000000038118.jpg,0,real,jpeg_q30,0.123062,0,1
data\val\real\000000038210.jpg,0,real,jpeg_q30,0.147437,0,1
data\val\real\000000038576.jpg,0,real,jpeg_q30,0.920995,1,0
data\val\real\000000038678.jpg,0,real,jpeg_q30,0.002337,0,1
data\val\real\000000038825.jpg,0,real,jpeg_q30,0.094794,0,1
data\val\real\000000038829.jpg,0,real,jpeg_q30,0.005595,0,1
data\val\real\000000039405.jpg,0,real,jpeg_q30,0.014979,0,1
data\val\real\000000039477.jpg,0,real,jpeg_q30,0.655001,1,0
data\val\real\000000039480.jpg,0,real,jpeg_q30,0.249862,0,1
data\val\real\000000039484.jpg,0,real,jpeg_q30,0.442324,0,1
data\val\real\000000039551.jpg,0,real,jpeg_q30,0.617417,1,0
data\val\real\000000039670.jpg,0,real,jpeg_q30,0.329622,0,1
data\val\real\000000039769.jpg,0,real,jpeg_q30,0.003155,0,1
data\val\real\000000039785.jpg,0,real,jpeg_q30,0.072069,0,1
data\val\real\000000039914.jpg,0,real,jpeg_q30,0.000512,0,1
data\val\real\000000039951.jpg,0,real,jpeg_q30,0.032700,0,1
data\val\real\000000039956.jpg,0,real,jpeg_q30,0.527176,1,0
data\val\real\000000040036.jpg,0,real,jpeg_q30,0.005481,0,1
data\val\real\000000040083.jpg,0,real,jpeg_q30,0.019559,0,1
data\val\real\000000040471.jpg,0,real,jpeg_q30,0.026087,0,1
data\val\real\000000040757.jpg,0,real,jpeg_q30,0.017880,0,1
data\val\real\000000041488.jpg,0,real,jpeg_q30,0.152096,0,1
data\val\real\000000041633.jpg,0,real,jpeg_q30,0.230855,0,1
data\val\real\000000041635.jpg,0,real,jpeg_q30,0.088737,0,1
data\val\real\000000041872.jpg,0,real,jpeg_q30,0.464007,0,1
data\val\real\000000041888.jpg,0,real,jpeg_q30,0.008506,0,1
data\val\real\000000041990.jpg,0,real,jpeg_q30,0.003529,0,1
data\val\real\000000042070.jpg,0,real,jpeg_q30,0.555315,1,0
data\val\real\000000042102.jpg,0,real,jpeg_q30,0.007444,0,1
data\val\real\000000042178.jpg,0,real,jpeg_q30,0.754055,1,0
data\val\real\000000042276.jpg,0,real,jpeg_q30,0.007335,0,1
data\val\real\000000042296.jpg,0,real,jpeg_q30,0.002429,0,1
data\val\real\000000042528.jpg,0,real,jpeg_q30,0.015811,0,1
data\val\real\000000042563.jpg,0,real,jpeg_q30,0.217394,0,1
data\val\real\000000042628.jpg,0,real,jpeg_q30,0.011747,0,1
data\val\real\000000042888.jpg,0,real,jpeg_q30,0.007180,0,1
data\val\real\000000042889.jpg,0,real,jpeg_q30,0.004623,0,1
data\val\real\000000043314.jpg,0,real,jpeg_q30,0.004881,0,1
data\val\real\000000043435.jpg,0,real,jpeg_q30,0.095221,0,1
data\val\real\000000043581.jpg,0,real,jpeg_q30,0.048475,0,1
data\val\real\000000043737.jpg,0,real,jpeg_q30,0.378408,0,1
data\val\real\000000043816.jpg,0,real,jpeg_q30,0.027046,0,1
data\val\real\000000044068.jpg,0,real,jpeg_q30,0.018036,0,1
data\val\real\000000044195.jpg,0,real,jpeg_q30,0.036281,0,1
data\val\real\000000044260.jpg,0,real,jpeg_q30,0.628105,1,0
data\val\real\000000044279.jpg,0,real,jpeg_q30,0.034386,0,1
data\val\real\000000044590.jpg,0,real,jpeg_q30,0.033065,0,1
data\val\real\000000044652.jpg,0,real,jpeg_q30,0.014358,0,1
data\val\real\000000044699.jpg,0,real,jpeg_q30,0.064265,0,1
data\val\real\000000044877.jpg,0,real,jpeg_q30,0.075293,0,1
data\val\real\000000045070.jpg,0,real,jpeg_q30,0.021456,0,1
data\val\real\000000045090.jpg,0,real,jpeg_q30,0.076144,0,1
data\val\real\000000045229.jpg,0,real,jpeg_q30,0.959297,1,0
data\val\real\000000045472.jpg,0,real,jpeg_q30,0.069500,0,1
data\val\real\000000045550.jpg,0,real,jpeg_q30,0.002145,0,1
data\val\real\000000045596.jpg,0,real,jpeg_q30,0.079941,0,1
data\val\real\000000045728.jpg,0,real,jpeg_q30,0.018949,0,1
data\val\real\000000046031.jpg,0,real,jpeg_q30,0.137878,0,1
data\val\real\000000046048.jpg,0,real,jpeg_q30,0.036616,0,1
data\val\real\000000046252.jpg,0,real,jpeg_q30,0.228031,0,1
data\val\real\000000046378.jpg,0,real,jpeg_q30,0.003173,0,1
data\val\real\000000046463.jpg,0,real,jpeg_q30,0.007333,0,1
data\val\real\000000046497.jpg,0,real,jpeg_q30,0.000589,0,1
data\val\real\000000046804.jpg,0,real,jpeg_q30,0.019035,0,1
data\val\real\000000046872.jpg,0,real,jpeg_q30,0.353515,0,1
data\val\real\000000047010.jpg,0,real,jpeg_q30,0.343067,0,1
data\val\real\000000047112.jpg,0,real,jpeg_q30,0.056474,0,1
data\val\real\000000047121.jpg,0,real,jpeg_q30,0.004656,0,1
data\val\real\000000047571.jpg,0,real,jpeg_q30,0.136003,0,1
data\val\real\000000047585.jpg,0,real,jpeg_q30,0.000849,0,1
data\val\real\000000047740.jpg,0,real,jpeg_q30,0.000776,0,1
data\val\real\000000047769.jpg,0,real,jpeg_q30,0.111149,0,1
data\val\real\000000047801.jpg,0,real,jpeg_q30,0.013659,0,1
data\val\real\000000047819.jpg,0,real,jpeg_q30,0.005579,0,1
data\val\real\000000047828.jpg,0,real,jpeg_q30,0.472200,0,1
data\val\real\000000048153.jpg,0,real,jpeg_q30,0.013111,0,1
data\val\real\000000048396.jpg,0,real,jpeg_q30,0.003186,0,1
data\val\real\000000048504.jpg,0,real,jpeg_q30,0.390202,0,1
data\val\real\000000048555.jpg,0,real,jpeg_q30,0.418225,0,1
data\val\real\000000048564.jpg,0,real,jpeg_q30,0.004860,0,1
data\val\real\000000048924.jpg,0,real,jpeg_q30,0.981672,1,0
data\val\real\000000049060.jpg,0,real,jpeg_q30,0.008019,0,1
data\val\real\000000049091.jpg,0,real,jpeg_q30,0.213760,0,1
data\val\real\000000049259.jpg,0,real,jpeg_q30,0.041887,0,1
data\val\real\000000049269.jpg,0,real,jpeg_q30,0.034145,0,1
data\val\real\000000049759.jpg,0,real,jpeg_q30,0.061184,0,1
data\val\real\000000049761.jpg,0,real,jpeg_q30,0.013089,0,1
data\val\real\000000049810.jpg,0,real,jpeg_q30,0.113298,0,1
data\val\real\000000050006.jpg,0,real,jpeg_q30,0.254329,0,1
data\val\real\000000050145.jpg,0,real,jpeg_q30,0.001324,0,1
data\val\real\000000050149.jpg,0,real,jpeg_q30,0.113513,0,1
data\val\real\000000050165.jpg,0,real,jpeg_q30,0.339149,0,1
data\val\real\000000050326.jpg,0,real,jpeg_q30,0.000271,0,1
data\val\real\000000050331.jpg,0,real,jpeg_q30,0.037933,0,1
data\val\real\000000050380.jpg,0,real,jpeg_q30,0.019669,0,1
data\val\real\000000050638.jpg,0,real,jpeg_q30,0.195955,0,1
data\val\real\000000050679.jpg,0,real,jpeg_q30,0.725650,1,0
data\val\real\000000050811.jpg,0,real,jpeg_q30,0.000675,0,1
data\val\real\000000050828.jpg,0,real,jpeg_q30,0.125165,0,1
data\val\real\000000050844.jpg,0,real,jpeg_q30,0.056386,0,1
data\val\real\000000050896.jpg,0,real,jpeg_q30,0.172281,0,1
data\val\real\000000050943.jpg,0,real,jpeg_q30,0.089100,0,1
data\val\real\000000051008.jpg,0,real,jpeg_q30,0.003810,0,1
data\val\real\000000051309.jpg,0,real,jpeg_q30,0.054042,0,1
data\val\real\000000051314.jpg,0,real,jpeg_q30,0.084999,0,1
data\val\real\000000051326.jpg,0,real,jpeg_q30,0.013029,0,1
data\val\real\000000051598.jpg,0,real,jpeg_q30,0.017372,0,1
data\val\real\000000051610.jpg,0,real,jpeg_q30,0.451296,0,1
data\val\real\000000051712.jpg,0,real,jpeg_q30,0.245302,0,1
data\val\real\000000051738.jpg,0,real,jpeg_q30,0.217148,0,1
data\val\real\000000051938.jpg,0,real,jpeg_q30,0.011909,0,1
data\val\real\000000051961.jpg,0,real,jpeg_q30,0.091614,0,1
data\val\real\000000051976.jpg,0,real,jpeg_q30,0.124024,0,1
data\val\real\000000052007.jpg,0,real,jpeg_q30,0.074410,0,1
data\val\real\000000052017.jpg,0,real,jpeg_q30,0.018802,0,1
data\val\real\000000052412.jpg,0,real,jpeg_q30,0.120327,0,1
data\val\real\000000052413.jpg,0,real,jpeg_q30,0.002751,0,1
data\val\real\000000052462.jpg,0,real,jpeg_q30,0.210511,0,1
data\val\real\000000052507.jpg,0,real,jpeg_q30,0.038446,0,1
data\val\real\000000052565.jpg,0,real,jpeg_q30,0.290939,0,1
data\val\real\000000052591.jpg,0,real,jpeg_q30,0.132641,0,1
data\val\real\000000052891.jpg,0,real,jpeg_q30,0.003274,0,1
data\val\real\000000052996.jpg,0,real,jpeg_q30,0.010432,0,1
data\val\real\000000053505.jpg,0,real,jpeg_q30,0.156041,0,1
data\val\real\000000053529.jpg,0,real,jpeg_q30,0.003350,0,1
data\val\real\000000053624.jpg,0,real,jpeg_q30,0.013145,0,1
data\val\real\000000053626.jpg,0,real,jpeg_q30,0.001575,0,1
data\val\real\000000053909.jpg,0,real,jpeg_q30,0.088270,0,1
data\val\real\000000053994.jpg,0,real,jpeg_q30,0.681860,1,0
data\val\real\000000054123.jpg,0,real,jpeg_q30,0.579842,1,0
data\val\real\000000054164.jpg,0,real,jpeg_q30,0.071427,0,1
data\val\real\000000054592.jpg,0,real,jpeg_q30,0.145736,0,1
data\val\real\000000054593.jpg,0,real,jpeg_q30,0.116097,0,1
data\val\real\000000054605.jpg,0,real,jpeg_q30,0.053593,0,1
data\val\real\000000054628.jpg,0,real,jpeg_q30,0.013681,0,1
data\val\real\000000054654.jpg,0,real,jpeg_q30,0.004483,0,1
data\val\real\000000054931.jpg,0,real,jpeg_q30,0.448472,0,1
data\val\real\000000054967.jpg,0,real,jpeg_q30,0.571022,1,0
data\val\real\000000055002.jpg,0,real,jpeg_q30,0.016733,0,1
data\val\real\000000055022.jpg,0,real,jpeg_q30,0.115552,0,1
data\val\real\000000055072.jpg,0,real,jpeg_q30,0.107896,0,1
data\val\real\000000055150.jpg,0,real,jpeg_q30,0.057646,0,1
data\val\real\000000055167.jpg,0,real,jpeg_q30,0.016085,0,1
data\val\real\000000055299.jpg,0,real,jpeg_q30,0.145402,0,1
data\val\real\000000055528.jpg,0,real,jpeg_q30,0.002940,0,1
data\val\real\000000055950.jpg,0,real,jpeg_q30,0.078048,0,1
data\val\real\000000056127.jpg,0,real,jpeg_q30,0.372754,0,1
data\val\real\000000056288.jpg,0,real,jpeg_q30,0.022352,0,1
data\val\real\000000056344.jpg,0,real,jpeg_q30,0.480936,0,1
data\val\real\000000056350.jpg,0,real,jpeg_q30,0.255136,0,1
data\val\real\000000056545.jpg,0,real,jpeg_q30,0.008901,0,1
data\val\ai\ai_000001.png,1,ai,jpeg_q30,0.981594,1,1
data\val\ai\ai_000002.png,1,ai,jpeg_q30,0.986175,1,1
data\val\ai\ai_000003.png,1,ai,jpeg_q30,0.988734,1,1
data\val\ai\ai_000004.png,1,ai,jpeg_q30,0.985820,1,1
data\val\ai\ai_000005.png,1,ai,jpeg_q30,0.836403,1,1
data\val\ai\ai_000006.png,1,ai,jpeg_q30,0.880258,1,1
data\val\ai\ai_000007.png,1,ai,jpeg_q30,0.978891,1,1
data\val\ai\ai_000008.png,1,ai,jpeg_q30,0.933806,1,1
data\val\ai\ai_000009.png,1,ai,jpeg_q30,0.969022,1,1
data\val\ai\ai_000010.png,1,ai,jpeg_q30,0.990859,1,1
data\val\ai\ai_000011.png,1,ai,jpeg_q30,0.976001,1,1
data\val\ai\ai_000012.png,1,ai,jpeg_q30,0.988834,1,1
data\val\ai\ai_000013.png,1,ai,jpeg_q30,0.995634,1,1
data\val\ai\ai_000014.png,1,ai,jpeg_q30,0.997386,1,1
data\val\ai\ai_000015.png,1,ai,jpeg_q30,0.996525,1,1
data\val\ai\ai_000016.png,1,ai,jpeg_q30,0.919076,1,1
data\val\ai\ai_000017.png,1,ai,jpeg_q30,0.970856,1,1
data\val\ai\ai_000018.png,1,ai,jpeg_q30,0.992251,1,1
data\val\ai\ai_000019.png,1,ai,jpeg_q30,0.776793,1,1
data\val\ai\ai_000020.png,1,ai,jpeg_q30,0.893523,1,1
data\val\ai\ai_000021.png,1,ai,jpeg_q30,0.997094,1,1
data\val\ai\ai_000022.png,1,ai,jpeg_q30,0.760567,1,1
data\val\ai\ai_000023.png,1,ai,jpeg_q30,0.977255,1,1
data\val\ai\ai_000024.png,1,ai,jpeg_q30,0.960880,1,1
data\val\ai\ai_000025.png,1,ai,jpeg_q30,0.983656,1,1
data\val\ai\ai_000026.png,1,ai,jpeg_q30,0.332870,0,0
data\val\ai\ai_000027.png,1,ai,jpeg_q30,0.962932,1,1
data\val\ai\ai_000028.png,1,ai,jpeg_q30,0.986987,1,1
data\val\ai\ai_000029.png,1,ai,jpeg_q30,0.992268,1,1
data\val\ai\ai_000030.png,1,ai,jpeg_q30,0.861716,1,1
data\val\ai\ai_000031.png,1,ai,jpeg_q30,0.903538,1,1
data\val\ai\ai_000032.png,1,ai,jpeg_q30,0.980291,1,1
data\val\ai\ai_000033.png,1,ai,jpeg_q30,0.992648,1,1
data\val\ai\ai_000034.png,1,ai,jpeg_q30,0.993485,1,1
data\val\ai\ai_000035.png,1,ai,jpeg_q30,0.986899,1,1
data\val\ai\ai_000036.png,1,ai,jpeg_q30,0.994426,1,1
data\val\ai\ai_000037.png,1,ai,jpeg_q30,0.964146,1,1
data\val\ai\ai_000038.png,1,ai,jpeg_q30,0.944503,1,1
data\val\ai\ai_000039.png,1,ai,jpeg_q30,0.993062,1,1
data\val\ai\ai_000040.png,1,ai,jpeg_q30,0.345453,0,0
data\val\ai\ai_000041.png,1,ai,jpeg_q30,0.999700,1,1
data\val\ai\ai_000042.png,1,ai,jpeg_q30,0.999227,1,1
data\val\ai\ai_000043.png,1,ai,jpeg_q30,0.999696,1,1
data\val\ai\ai_000044.png,1,ai,jpeg_q30,0.787577,1,1
data\val\ai\ai_000045.png,1,ai,jpeg_q30,0.999027,1,1
data\val\ai\ai_000046.png,1,ai,jpeg_q30,0.236248,0,0
data\val\ai\ai_000047.png,1,ai,jpeg_q30,0.982730,1,1
data\val\ai\ai_000048.png,1,ai,jpeg_q30,0.937469,1,1
data\val\ai\ai_000049.png,1,ai,jpeg_q30,0.974968,1,1
data\val\ai\ai_000050.png,1,ai,jpeg_q30,0.983435,1,1
data\val\ai\ai_000051.png,1,ai,jpeg_q30,0.984792,1,1
data\val\ai\ai_000052.png,1,ai,jpeg_q30,0.997973,1,1
data\val\ai\ai_000053.png,1,ai,jpeg_q30,0.975220,1,1
data\val\ai\ai_000054.png,1,ai,jpeg_q30,0.997326,1,1
data\val\ai\ai_000055.png,1,ai,jpeg_q30,0.679506,1,1
data\val\ai\ai_000056.png,1,ai,jpeg_q30,0.954952,1,1
data\val\ai\ai_000057.png,1,ai,jpeg_q30,0.992004,1,1
data\val\ai\ai_000058.png,1,ai,jpeg_q30,0.614427,1,1
data\val\ai\ai_000059.png,1,ai,jpeg_q30,0.950985,1,1
data\val\ai\ai_000060.png,1,ai,jpeg_q30,0.833712,1,1
data\val\ai\ai_000061.png,1,ai,jpeg_q30,0.980981,1,1
data\val\ai\ai_000062.png,1,ai,jpeg_q30,0.912255,1,1
data\val\ai\ai_000063.png,1,ai,jpeg_q30,0.996897,1,1
data\val\ai\ai_000064.png,1,ai,jpeg_q30,0.812900,1,1
data\val\ai\ai_000065.png,1,ai,jpeg_q30,0.968911,1,1
data\val\ai\ai_000066.png,1,ai,jpeg_q30,0.916664,1,1
data\val\ai\ai_000067.png,1,ai,jpeg_q30,0.999430,1,1
data\val\ai\ai_000068.png,1,ai,jpeg_q30,0.905987,1,1
data\val\ai\ai_000069.png,1,ai,jpeg_q30,0.994758,1,1
data\val\ai\ai_000070.png,1,ai,jpeg_q30,0.970918,1,1
data\val\ai\ai_000071.png,1,ai,jpeg_q30,0.998426,1,1
data\val\ai\ai_000072.png,1,ai,jpeg_q30,0.805250,1,1
data\val\ai\ai_000073.png,1,ai,jpeg_q30,0.998728,1,1
data\val\ai\ai_000074.png,1,ai,jpeg_q30,0.996565,1,1
data\val\ai\ai_000075.png,1,ai,jpeg_q30,0.996751,1,1
data\val\ai\ai_000076.png,1,ai,jpeg_q30,0.989623,1,1
data\val\ai\ai_000077.png,1,ai,jpeg_q30,0.976976,1,1
data\val\ai\ai_000078.png,1,ai,jpeg_q30,0.406229,0,0
data\val\ai\ai_000079.png,1,ai,jpeg_q30,0.940087,1,1
data\val\ai\ai_000080.png,1,ai,jpeg_q30,0.904215,1,1
data\val\ai\ai_000081.png,1,ai,jpeg_q30,0.997437,1,1
data\val\ai\ai_000082.png,1,ai,jpeg_q30,0.998813,1,1
data\val\ai\ai_000083.png,1,ai,jpeg_q30,0.995944,1,1
data\val\ai\ai_000084.png,1,ai,jpeg_q30,0.991632,1,1
data\val\ai\ai_000085.png,1,ai,jpeg_q30,0.975288,1,1
data\val\ai\ai_000086.png,1,ai,jpeg_q30,0.717001,1,1
data\val\ai\ai_000087.png,1,ai,jpeg_q30,0.982098,1,1
data\val\ai\ai_000088.png,1,ai,jpeg_q30,0.930002,1,1
data\val\ai\ai_000089.png,1,ai,jpeg_q30,0.975406,1,1
data\val\ai\ai_000090.png,1,ai,jpeg_q30,0.956471,1,1
data\val\ai\ai_000091.png,1,ai,jpeg_q30,0.984621,1,1
data\val\ai\ai_000092.png,1,ai,jpeg_q30,0.997014,1,1
data\val\ai\ai_000093.png,1,ai,jpeg_q30,0.996015,1,1
data\val\ai\ai_000094.png,1,ai,jpeg_q30,0.999497,1,1
data\val\ai\ai_000095.png,1,ai,jpeg_q30,0.992761,1,1
data\val\ai\ai_000096.png,1,ai,jpeg_q30,0.991609,1,1
data\val\ai\ai_000097.png,1,ai,jpeg_q30,0.855659,1,1
data\val\ai\ai_000098.png,1,ai,jpeg_q30,0.902420,1,1
data\val\ai\ai_000099.png,1,ai,jpeg_q30,0.885494,1,1
data\val\ai\ai_000100.png,1,ai,jpeg_q30,0.967791,1,1
data\val\ai\ai_000101.png,1,ai,jpeg_q30,0.992062,1,1
data\val\ai\ai_000102.png,1,ai,jpeg_q30,0.417954,0,0
data\val\ai\ai_000103.png,1,ai,jpeg_q30,0.996071,1,1
data\val\ai\ai_000104.png,1,ai,jpeg_q30,0.984494,1,1
data\val\ai\ai_000105.png,1,ai,jpeg_q30,0.743770,1,1
data\val\ai\ai_000106.png,1,ai,jpeg_q30,0.757099,1,1
data\val\ai\ai_000107.png,1,ai,jpeg_q30,0.948214,1,1
data\val\ai\ai_000108.png,1,ai,jpeg_q30,0.983784,1,1
data\val\ai\ai_000109.png,1,ai,jpeg_q30,0.999220,1,1
data\val\ai\ai_000110.png,1,ai,jpeg_q30,0.942126,1,1
data\val\ai\ai_000111.png,1,ai,jpeg_q30,0.898180,1,1
data\val\ai\ai_000112.png,1,ai,jpeg_q30,0.742731,1,1
data\val\ai\ai_000113.png,1,ai,jpeg_q30,0.969482,1,1
data\val\ai\ai_000114.png,1,ai,jpeg_q30,0.982620,1,1
data\val\ai\ai_000115.png,1,ai,jpeg_q30,0.982678,1,1
data\val\ai\ai_000116.png,1,ai,jpeg_q30,0.835745,1,1
data\val\ai\ai_000117.png,1,ai,jpeg_q30,0.979653,1,1
data\val\ai\ai_000118.png,1,ai,jpeg_q30,0.983293,1,1
data\val\ai\ai_000119.png,1,ai,jpeg_q30,0.926509,1,1
data\val\ai\ai_000120.png,1,ai,jpeg_q30,0.891026,1,1
data\val\ai\ai_000121.png,1,ai,jpeg_q30,0.998997,1,1
data\val\ai\ai_000122.png,1,ai,jpeg_q30,0.972216,1,1
data\val\ai\ai_000123.png,1,ai,jpeg_q30,0.979105,1,1
data\val\ai\ai_000124.png,1,ai,jpeg_q30,0.704610,1,1
data\val\ai\ai_000125.png,1,ai,jpeg_q30,0.998263,1,1
data\val\ai\ai_000126.png,1,ai,jpeg_q30,0.966237,1,1
data\val\ai\ai_000127.png,1,ai,jpeg_q30,0.988421,1,1
data\val\ai\ai_000128.png,1,ai,jpeg_q30,0.928474,1,1
data\val\ai\ai_000129.png,1,ai,jpeg_q30,0.973396,1,1
data\val\ai\ai_000130.png,1,ai,jpeg_q30,0.431067,0,0
data\val\ai\ai_000131.png,1,ai,jpeg_q30,0.996583,1,1
data\val\ai\ai_000132.png,1,ai,jpeg_q30,0.961519,1,1
data\val\ai\ai_000133.png,1,ai,jpeg_q30,0.996940,1,1
data\val\ai\ai_000134.png,1,ai,jpeg_q30,0.984209,1,1
data\val\ai\ai_000135.png,1,ai,jpeg_q30,0.999603,1,1
data\val\ai\ai_000136.png,1,ai,jpeg_q30,0.732626,1,1
data\val\ai\ai_000137.png,1,ai,jpeg_q30,0.944984,1,1
data\val\ai\ai_000138.png,1,ai,jpeg_q30,0.893515,1,1
data\val\ai\ai_000139.png,1,ai,jpeg_q30,0.995006,1,1
data\val\ai\ai_000140.png,1,ai,jpeg_q30,0.873516,1,1
data\val\ai\ai_000141.png,1,ai,jpeg_q30,0.997836,1,1
data\val\ai\ai_000142.png,1,ai,jpeg_q30,0.975433,1,1
data\val\ai\ai_000143.png,1,ai,jpeg_q30,0.999351,1,1
data\val\ai\ai_000144.png,1,ai,jpeg_q30,0.988951,1,1
data\val\ai\ai_000145.png,1,ai,jpeg_q30,0.994947,1,1
data\val\ai\ai_000146.png,1,ai,jpeg_q30,0.990998,1,1
data\val\ai\ai_000147.png,1,ai,jpeg_q30,0.993338,1,1
data\val\ai\ai_000148.png,1,ai,jpeg_q30,0.236987,0,0
data\val\ai\ai_000149.png,1,ai,jpeg_q30,0.996478,1,1
data\val\ai\ai_000150.png,1,ai,jpeg_q30,0.631114,1,1
data\val\ai\ai_000151.png,1,ai,jpeg_q30,0.843982,1,1
data\val\ai\ai_000152.png,1,ai,jpeg_q30,0.960720,1,1
data\val\ai\ai_000153.png,1,ai,jpeg_q30,0.999251,1,1
data\val\ai\ai_000154.png,1,ai,jpeg_q30,0.997224,1,1
data\val\ai\ai_000155.png,1,ai,jpeg_q30,0.960366,1,1
data\val\ai\ai_000156.png,1,ai,jpeg_q30,0.639723,1,1
data\val\ai\ai_000157.png,1,ai,jpeg_q30,0.987653,1,1
data\val\ai\ai_000158.png,1,ai,jpeg_q30,0.569102,1,1
data\val\ai\ai_000159.png,1,ai,jpeg_q30,0.994946,1,1
data\val\ai\ai_000160.png,1,ai,jpeg_q30,0.252556,0,0
data\val\ai\ai_000161.png,1,ai,jpeg_q30,0.995964,1,1
data\val\ai\ai_000162.png,1,ai,jpeg_q30,0.970632,1,1
data\val\ai\ai_000163.png,1,ai,jpeg_q30,0.997784,1,1
data\val\ai\ai_000164.png,1,ai,jpeg_q30,0.998185,1,1
data\val\ai\ai_000165.png,1,ai,jpeg_q30,0.998673,1,1
data\val\ai\ai_000166.png,1,ai,jpeg_q30,0.963894,1,1
data\val\ai\ai_000167.png,1,ai,jpeg_q30,0.965320,1,1
data\val\ai\ai_000168.png,1,ai,jpeg_q30,0.676321,1,1
data\val\ai\ai_000169.png,1,ai,jpeg_q30,0.992947,1,1
data\val\ai\ai_000170.png,1,ai,jpeg_q30,0.985592,1,1
data\val\ai\ai_000171.png,1,ai,jpeg_q30,0.988364,1,1
data\val\ai\ai_000172.png,1,ai,jpeg_q30,0.967010,1,1
data\val\ai\ai_000173.png,1,ai,jpeg_q30,0.990621,1,1
data\val\ai\ai_000174.png,1,ai,jpeg_q30,0.999849,1,1
data\val\ai\ai_000175.png,1,ai,jpeg_q30,0.995962,1,1
data\val\ai\ai_000176.png,1,ai,jpeg_q30,0.982477,1,1
data\val\ai\ai_000177.png,1,ai,jpeg_q30,0.908450,1,1
data\val\ai\ai_000178.png,1,ai,jpeg_q30,0.832916,1,1
data\val\ai\ai_000179.png,1,ai,jpeg_q30,0.998811,1,1
data\val\ai\ai_000180.png,1,ai,jpeg_q30,0.952953,1,1
data\val\ai\ai_000181.png,1,ai,jpeg_q30,0.983844,1,1
data\val\ai\ai_000182.png,1,ai,jpeg_q30,0.919936,1,1
data\val\ai\ai_000183.png,1,ai,jpeg_q30,0.980848,1,1
data\val\ai\ai_000184.png,1,ai,jpeg_q30,0.994110,1,1
data\val\ai\ai_000185.png,1,ai,jpeg_q30,0.928750,1,1
data\val\ai\ai_000186.png,1,ai,jpeg_q30,0.838093,1,1
data\val\ai\ai_000187.png,1,ai,jpeg_q30,0.985808,1,1
data\val\ai\ai_000188.png,1,ai,jpeg_q30,0.674423,1,1
data\val\ai\ai_000189.png,1,ai,jpeg_q30,0.990960,1,1
data\val\ai\ai_000190.png,1,ai,jpeg_q30,0.969419,1,1
data\val\ai\ai_000191.png,1,ai,jpeg_q30,0.939271,1,1
data\val\ai\ai_000192.png,1,ai,jpeg_q30,0.996042,1,1
data\val\ai\ai_000193.png,1,ai,jpeg_q30,0.997019,1,1
data\val\ai\ai_000194.png,1,ai,jpeg_q30,0.961852,1,1
data\val\ai\ai_000195.png,1,ai,jpeg_q30,0.986686,1,1
data\val\ai\ai_000196.png,1,ai,jpeg_q30,0.978683,1,1
data\val\ai\ai_000197.png,1,ai,jpeg_q30,0.889328,1,1
data\val\ai\ai_000198.png,1,ai,jpeg_q30,0.974837,1,1
data\val\ai\ai_000199.png,1,ai,jpeg_q30,0.943789,1,1
data\val\ai\ai_000200.png,1,ai,jpeg_q30,0.980080,1,1
data\val\ai\ai_000201.png,1,ai,jpeg_q30,0.978216,1,1
data\val\ai\ai_000202.png,1,ai,jpeg_q30,0.777117,1,1
data\val\ai\ai_000203.png,1,ai,jpeg_q30,0.995611,1,1
data\val\ai\ai_000204.png,1,ai,jpeg_q30,0.996188,1,1
data\val\ai\ai_000205.png,1,ai,jpeg_q30,0.794207,1,1
data\val\ai\ai_000206.png,1,ai,jpeg_q30,0.998621,1,1
data\val\ai\ai_000207.png,1,ai,jpeg_q30,0.906301,1,1
data\val\ai\ai_000208.png,1,ai,jpeg_q30,0.963842,1,1
data\val\ai\ai_000209.png,1,ai,jpeg_q30,0.998978,1,1
data\val\ai\ai_000210.png,1,ai,jpeg_q30,0.928579,1,1
data\val\ai\ai_000211.png,1,ai,jpeg_q30,0.994638,1,1
data\val\ai\ai_000212.png,1,ai,jpeg_q30,0.998975,1,1
data\val\ai\ai_000213.png,1,ai,jpeg_q30,0.990896,1,1
data\val\ai\ai_000214.png,1,ai,jpeg_q30,0.999656,1,1
data\val\ai\ai_000215.png,1,ai,jpeg_q30,0.974982,1,1
data\val\ai\ai_000216.png,1,ai,jpeg_q30,0.934911,1,1
data\val\ai\ai_000217.png,1,ai,jpeg_q30,0.948868,1,1
data\val\ai\ai_000218.png,1,ai,jpeg_q30,0.777804,1,1
data\val\ai\ai_000219.png,1,ai,jpeg_q30,0.988833,1,1
data\val\ai\ai_000220.png,1,ai,jpeg_q30,0.457682,0,0
data\val\ai\ai_000221.png,1,ai,jpeg_q30,0.984779,1,1
data\val\ai\ai_000222.png,1,ai,jpeg_q30,0.959931,1,1
data\val\ai\ai_000223.png,1,ai,jpeg_q30,0.994967,1,1
data\val\ai\ai_000224.png,1,ai,jpeg_q30,0.979258,1,1
data\val\ai\ai_000225.png,1,ai,jpeg_q30,0.955277,1,1
data\val\ai\ai_000226.png,1,ai,jpeg_q30,0.983363,1,1
data\val\ai\ai_000227.png,1,ai,jpeg_q30,0.977593,1,1
data\val\ai\ai_000228.png,1,ai,jpeg_q30,0.132331,0,0
data\val\ai\ai_000229.png,1,ai,jpeg_q30,0.998234,1,1
data\val\ai\ai_000230.png,1,ai,jpeg_q30,0.934991,1,1
data\val\ai\ai_000231.png,1,ai,jpeg_q30,0.999691,1,1
data\val\ai\ai_000232.png,1,ai,jpeg_q30,0.829944,1,1
data\val\ai\ai_000233.png,1,ai,jpeg_q30,0.974526,1,1
data\val\ai\ai_000234.png,1,ai,jpeg_q30,0.999766,1,1
data\val\ai\ai_000235.png,1,ai,jpeg_q30,0.998260,1,1
data\val\ai\ai_000236.png,1,ai,jpeg_q30,0.730009,1,1
data\val\ai\ai_000237.png,1,ai,jpeg_q30,0.944847,1,1
data\val\ai\ai_000238.png,1,ai,jpeg_q30,0.690670,1,1
data\val\ai\ai_000239.png,1,ai,jpeg_q30,0.875473,1,1
data\val\ai\ai_000240.png,1,ai,jpeg_q30,0.781693,1,1
data\val\ai\ai_000241.png,1,ai,jpeg_q30,0.983135,1,1
data\val\ai\ai_000242.png,1,ai,jpeg_q30,0.995183,1,1
data\val\ai\ai_000243.png,1,ai,jpeg_q30,0.973491,1,1
data\val\ai\ai_000244.png,1,ai,jpeg_q30,0.997760,1,1
data\val\ai\ai_000245.png,1,ai,jpeg_q30,0.868120,1,1
data\val\ai\ai_000246.png,1,ai,jpeg_q30,0.993383,1,1
data\val\ai\ai_000247.png,1,ai,jpeg_q30,0.980474,1,1
data\val\ai\ai_000248.png,1,ai,jpeg_q30,0.982166,1,1
data\val\ai\ai_000249.png,1,ai,jpeg_q30,0.997000,1,1
data\val\ai\ai_000250.png,1,ai,jpeg_q30,0.373281,0,0
data\val\ai\ai_000251.png,1,ai,jpeg_q30,0.974410,1,1
data\val\ai\ai_000252.png,1,ai,jpeg_q30,0.989804,1,1
data\val\ai\ai_000253.png,1,ai,jpeg_q30,0.995437,1,1
data\val\ai\ai_000254.png,1,ai,jpeg_q30,0.956762,1,1
data\val\ai\ai_000255.png,1,ai,jpeg_q30,0.868893,1,1
data\val\ai\ai_000256.png,1,ai,jpeg_q30,0.566142,1,1
data\val\ai\ai_000257.png,1,ai,jpeg_q30,0.993028,1,1
data\val\ai\ai_000258.png,1,ai,jpeg_q30,0.731486,1,1
data\val\ai\ai_000259.png,1,ai,jpeg_q30,0.995723,1,1
data\val\ai\ai_000260.png,1,ai,jpeg_q30,0.801162,1,1
data\val\ai\ai_000261.png,1,ai,jpeg_q30,0.985594,1,1
data\val\ai\ai_000262.png,1,ai,jpeg_q30,0.997824,1,1
data\val\ai\ai_000263.png,1,ai,jpeg_q30,0.993386,1,1
data\val\ai\ai_000264.png,1,ai,jpeg_q30,0.998598,1,1
data\val\ai\ai_000265.png,1,ai,jpeg_q30,0.992146,1,1
data\val\ai\ai_000266.png,1,ai,jpeg_q30,0.963309,1,1
data\val\ai\ai_000267.png,1,ai,jpeg_q30,0.998166,1,1
data\val\ai\ai_000268.png,1,ai,jpeg_q30,0.971693,1,1
data\val\ai\ai_000269.png,1,ai,jpeg_q30,0.980017,1,1
data\val\ai\ai_000270.png,1,ai,jpeg_q30,0.836339,1,1
data\val\ai\ai_000271.png,1,ai,jpeg_q30,0.988337,1,1
data\val\ai\ai_000272.png,1,ai,jpeg_q30,0.993122,1,1
data\val\ai\ai_000273.png,1,ai,jpeg_q30,0.998398,1,1
data\val\ai\ai_000274.png,1,ai,jpeg_q30,0.980308,1,1
data\val\ai\ai_000275.png,1,ai,jpeg_q30,0.989763,1,1
data\val\ai\ai_000276.png,1,ai,jpeg_q30,0.982666,1,1
data\val\ai\ai_000277.png,1,ai,jpeg_q30,0.911776,1,1
data\val\ai\ai_000278.png,1,ai,jpeg_q30,0.997258,1,1
data\val\ai\ai_000279.png,1,ai,jpeg_q30,0.995793,1,1
data\val\ai\ai_000280.png,1,ai,jpeg_q30,0.869330,1,1
data\val\ai\ai_000281.png,1,ai,jpeg_q30,0.955012,1,1
data\val\ai\ai_000282.png,1,ai,jpeg_q30,0.985223,1,1
data\val\ai\ai_000283.png,1,ai,jpeg_q30,0.996827,1,1
data\val\ai\ai_000284.png,1,ai,jpeg_q30,0.990382,1,1
data\val\ai\ai_000285.png,1,ai,jpeg_q30,0.996677,1,1
data\val\ai\ai_000286.png,1,ai,jpeg_q30,0.990524,1,1
data\val\ai\ai_000287.png,1,ai,jpeg_q30,0.982639,1,1
data\val\ai\ai_000288.png,1,ai,jpeg_q30,0.118396,0,0
data\val\ai\ai_000289.png,1,ai,jpeg_q30,0.995267,1,1
data\val\ai\ai_000290.png,1,ai,jpeg_q30,0.708059,1,1
data\val\ai\ai_000291.png,1,ai,jpeg_q30,0.997082,1,1
data\val\ai\ai_000292.png,1,ai,jpeg_q30,0.991952,1,1
data\val\ai\ai_000293.png,1,ai,jpeg_q30,0.270514,0,0
data\val\ai\ai_000294.png,1,ai,jpeg_q30,0.990029,1,1
data\val\ai\ai_000295.png,1,ai,jpeg_q30,0.972927,1,1
data\val\ai\ai_000296.png,1,ai,jpeg_q30,0.998505,1,1
data\val\ai\ai_000297.png,1,ai,jpeg_q30,0.985621,1,1
data\val\ai\ai_000298.png,1,ai,jpeg_q30,0.986290,1,1
data\val\ai\ai_000299.png,1,ai,jpeg_q30,0.953756,1,1
data\val\ai\ai_000300.png,1,ai,jpeg_q30,0.760899,1,1
data\val\ai\ai_000301.png,1,ai,jpeg_q30,0.797715,1,1
data\val\ai\ai_000302.png,1,ai,jpeg_q30,0.604814,1,1
data\val\ai\ai_000303.png,1,ai,jpeg_q30,0.979389,1,1
data\val\ai\ai_000304.png,1,ai,jpeg_q30,0.985576,1,1
data\val\ai\ai_000305.png,1,ai,jpeg_q30,0.853307,1,1
data\val\ai\ai_000306.png,1,ai,jpeg_q30,0.995848,1,1
data\val\ai\ai_000307.png,1,ai,jpeg_q30,0.958441,1,1
data\val\ai\ai_000308.png,1,ai,jpeg_q30,0.671854,1,1
data\val\ai\ai_000309.png,1,ai,jpeg_q30,0.917812,1,1
data\val\ai\ai_000310.png,1,ai,jpeg_q30,0.922696,1,1
data\val\ai\ai_000311.png,1,ai,jpeg_q30,0.976703,1,1
data\val\ai\ai_000312.png,1,ai,jpeg_q30,0.987786,1,1
data\val\ai\ai_000313.png,1,ai,jpeg_q30,0.753997,1,1
data\val\ai\ai_000314.png,1,ai,jpeg_q30,0.949943,1,1
data\val\ai\ai_000315.png,1,ai,jpeg_q30,0.983803,1,1
data\val\ai\ai_000316.png,1,ai,jpeg_q30,0.986151,1,1
data\val\ai\ai_000317.png,1,ai,jpeg_q30,0.998460,1,1
data\val\ai\ai_000318.png,1,ai,jpeg_q30,0.214852,0,0
data\val\ai\ai_000319.png,1,ai,jpeg_q30,0.986970,1,1
data\val\ai\ai_000320.png,1,ai,jpeg_q30,0.977651,1,1
data\val\ai\ai_000321.png,1,ai,jpeg_q30,0.990795,1,1
data\val\ai\ai_000322.png,1,ai,jpeg_q30,0.786064,1,1
data\val\ai\ai_000323.png,1,ai,jpeg_q30,0.997317,1,1
data\val\ai\ai_000324.png,1,ai,jpeg_q30,0.999756,1,1
data\val\ai\ai_000325.png,1,ai,jpeg_q30,0.964369,1,1
data\val\ai\ai_000326.png,1,ai,jpeg_q30,0.990671,1,1
data\val\ai\ai_000327.png,1,ai,jpeg_q30,0.998640,1,1
data\val\ai\ai_000328.png,1,ai,jpeg_q30,0.879206,1,1
data\val\ai\ai_000329.png,1,ai,jpeg_q30,0.982697,1,1
data\val\ai\ai_000330.png,1,ai,jpeg_q30,0.973310,1,1
data\val\ai\ai_000331.png,1,ai,jpeg_q30,0.995860,1,1
data\val\ai\ai_000332.png,1,ai,jpeg_q30,0.402119,0,0
data\val\ai\ai_000333.png,1,ai,jpeg_q30,0.992948,1,1
data\val\ai\ai_000334.png,1,ai,jpeg_q30,0.940300,1,1
data\val\ai\ai_000335.png,1,ai,jpeg_q30,0.986242,1,1
data\val\ai\ai_000336.png,1,ai,jpeg_q30,0.559832,1,1
data\val\ai\ai_000337.png,1,ai,jpeg_q30,0.996563,1,1
data\val\ai\ai_000338.png,1,ai,jpeg_q30,0.414009,0,0
data\val\ai\ai_000339.png,1,ai,jpeg_q30,0.993973,1,1
data\val\ai\ai_000340.png,1,ai,jpeg_q30,0.984244,1,1
data\val\ai\ai_000341.png,1,ai,jpeg_q30,0.974124,1,1
data\val\ai\ai_000342.png,1,ai,jpeg_q30,0.598045,1,1
data\val\ai\ai_000343.png,1,ai,jpeg_q30,0.989678,1,1
data\val\ai\ai_000344.png,1,ai,jpeg_q30,0.990439,1,1
data\val\ai\ai_000345.png,1,ai,jpeg_q30,0.991061,1,1
data\val\ai\ai_000346.png,1,ai,jpeg_q30,0.999380,1,1
data\val\ai\ai_000347.png,1,ai,jpeg_q30,0.985439,1,1
data\val\ai\ai_000348.png,1,ai,jpeg_q30,0.979799,1,1
data\val\ai\ai_000349.png,1,ai,jpeg_q30,0.999299,1,1
data\val\ai\ai_000350.png,1,ai,jpeg_q30,0.756987,1,1
data\val\ai\ai_000351.png,1,ai,jpeg_q30,0.979625,1,1
data\val\ai\ai_000352.png,1,ai,jpeg_q30,0.695178,1,1
data\val\ai\ai_000353.png,1,ai,jpeg_q30,0.995324,1,1
data\val\ai\ai_000354.png,1,ai,jpeg_q30,0.997430,1,1
data\val\ai\ai_000355.png,1,ai,jpeg_q30,0.978794,1,1
data\val\ai\ai_000356.png,1,ai,jpeg_q30,0.683323,1,1
data\val\ai\ai_000357.png,1,ai,jpeg_q30,0.958674,1,1
data\val\ai\ai_000358.png,1,ai,jpeg_q30,0.391772,0,0
data\val\ai\ai_000359.png,1,ai,jpeg_q30,0.995200,1,1
data\val\ai\ai_000360.png,1,ai,jpeg_q30,0.694796,1,1
data\val\ai\ai_000361.png,1,ai,jpeg_q30,0.998359,1,1
data\val\ai\ai_000362.png,1,ai,jpeg_q30,0.944852,1,1
data\val\ai\ai_000363.png,1,ai,jpeg_q30,0.996468,1,1
data\val\ai\ai_000364.png,1,ai,jpeg_q30,0.993521,1,1
data\val\ai\ai_000365.png,1,ai,jpeg_q30,0.676011,1,1
data\val\ai\ai_000366.png,1,ai,jpeg_q30,0.908931,1,1
data\val\ai\ai_000367.png,1,ai,jpeg_q30,0.990217,1,1
data\val\ai\ai_000368.png,1,ai,jpeg_q30,0.707748,1,1
data\val\ai\ai_000369.png,1,ai,jpeg_q30,0.996011,1,1
data\val\ai\ai_000370.png,1,ai,jpeg_q30,0.468951,0,0
data\val\ai\ai_000371.png,1,ai,jpeg_q30,0.977529,1,1
data\val\ai\ai_000372.png,1,ai,jpeg_q30,0.856469,1,1
data\val\ai\ai_000373.png,1,ai,jpeg_q30,0.980369,1,1
data\val\ai\ai_000374.png,1,ai,jpeg_q30,0.996798,1,1
data\val\ai\ai_000375.png,1,ai,jpeg_q30,0.994747,1,1
data\val\ai\ai_000376.png,1,ai,jpeg_q30,0.504604,1,1
data\val\ai\ai_000377.png,1,ai,jpeg_q30,0.972252,1,1
data\val\ai\ai_000378.png,1,ai,jpeg_q30,0.988739,1,1
data\val\ai\ai_000379.png,1,ai,jpeg_q30,0.978791,1,1
data\val\ai\ai_000380.png,1,ai,jpeg_q30,0.833346,1,1
data\val\ai\ai_000381.png,1,ai,jpeg_q30,0.919857,1,1
data\val\ai\ai_000382.png,1,ai,jpeg_q30,0.308294,0,0
data\val\ai\ai_000383.png,1,ai,jpeg_q30,0.987864,1,1
data\val\ai\ai_000384.png,1,ai,jpeg_q30,0.922966,1,1
data\val\ai\ai_000385.png,1,ai,jpeg_q30,0.995584,1,1
data\val\ai\ai_000386.png,1,ai,jpeg_q30,0.967358,1,1
data\val\ai\ai_000387.png,1,ai,jpeg_q30,0.994361,1,1
data\val\ai\ai_000388.png,1,ai,jpeg_q30,0.995491,1,1
data\val\ai\ai_000389.png,1,ai,jpeg_q30,0.970049,1,1
data\val\ai\ai_000390.png,1,ai,jpeg_q30,0.984097,1,1
data\val\ai\ai_000391.png,1,ai,jpeg_q30,0.972193,1,1
data\val\ai\ai_000392.png,1,ai,jpeg_q30,0.923642,1,1
data\val\ai\ai_000393.png,1,ai,jpeg_q30,0.993856,1,1
data\val\ai\ai_000394.png,1,ai,jpeg_q30,0.995620,1,1
data\val\ai\ai_000395.png,1,ai,jpeg_q30,0.962752,1,1
data\val\ai\ai_000396.png,1,ai,jpeg_q30,0.952144,1,1
data\val\ai\ai_000397.png,1,ai,jpeg_q30,0.993039,1,1
data\val\ai\ai_000398.png,1,ai,jpeg_q30,0.921795,1,1
data\val\ai\ai_000399.png,1,ai,jpeg_q30,0.973378,1,1
data\val\ai\ai_000400.png,1,ai,jpeg_q30,0.560770,1,1
data\val\ai\ai_000401.png,1,ai,jpeg_q30,0.987516,1,1
data\val\ai\ai_000402.png,1,ai,jpeg_q30,0.990751,1,1
data\val\ai\ai_000403.png,1,ai,jpeg_q30,0.997257,1,1
data\val\ai\ai_000404.png,1,ai,jpeg_q30,0.989466,1,1
data\val\ai\ai_000405.png,1,ai,jpeg_q30,0.995273,1,1
data\val\ai\ai_000406.png,1,ai,jpeg_q30,0.985455,1,1
data\val\ai\ai_000407.png,1,ai,jpeg_q30,0.758843,1,1
data\val\ai\ai_000408.png,1,ai,jpeg_q30,0.971971,1,1
data\val\ai\ai_000409.png,1,ai,jpeg_q30,0.966556,1,1
data\val\ai\ai_000410.png,1,ai,jpeg_q30,0.887029,1,1
data\val\ai\ai_000411.png,1,ai,jpeg_q30,0.993661,1,1
data\val\ai\ai_000412.png,1,ai,jpeg_q30,0.995490,1,1
data\val\ai\ai_000413.png,1,ai,jpeg_q30,0.985956,1,1
data\val\ai\ai_000414.png,1,ai,jpeg_q30,0.999558,1,1
data\val\ai\ai_000415.png,1,ai,jpeg_q30,0.997544,1,1
data\val\ai\ai_000416.png,1,ai,jpeg_q30,0.882514,1,1
data\val\ai\ai_000417.png,1,ai,jpeg_q30,0.958593,1,1
data\val\ai\ai_000418.png,1,ai,jpeg_q30,0.486002,0,0
data\val\ai\ai_000419.png,1,ai,jpeg_q30,0.966172,1,1
data\val\ai\ai_000420.png,1,ai,jpeg_q30,0.867130,1,1
data\val\ai\ai_000421.png,1,ai,jpeg_q30,0.997982,1,1
data\val\ai\ai_000422.png,1,ai,jpeg_q30,0.287532,0,0
data\val\ai\ai_000423.png,1,ai,jpeg_q30,0.819918,1,1
data\val\ai\ai_000424.png,1,ai,jpeg_q30,0.998991,1,1
data\val\ai\ai_000425.png,1,ai,jpeg_q30,0.945388,1,1
data\val\ai\ai_000426.png,1,ai,jpeg_q30,0.316806,0,0
data\val\ai\ai_000427.png,1,ai,jpeg_q30,0.993846,1,1
data\val\ai\ai_000428.png,1,ai,jpeg_q30,0.978480,1,1
data\val\ai\ai_000429.png,1,ai,jpeg_q30,0.996180,1,1
data\val\ai\ai_000430.png,1,ai,jpeg_q30,0.900717,1,1
data\val\ai\ai_000431.png,1,ai,jpeg_q30,0.955544,1,1
data\val\ai\ai_000432.png,1,ai,jpeg_q30,0.998521,1,1
data\val\ai\ai_000433.png,1,ai,jpeg_q30,0.999028,1,1
data\val\ai\ai_000434.png,1,ai,jpeg_q30,0.970774,1,1
data\val\ai\ai_000435.png,1,ai,jpeg_q30,0.992634,1,1
data\val\ai\ai_000436.png,1,ai,jpeg_q30,0.988075,1,1
data\val\ai\ai_000437.png,1,ai,jpeg_q30,0.959046,1,1
data\val\ai\ai_000438.png,1,ai,jpeg_q30,0.986160,1,1
data\val\ai\ai_000439.png,1,ai,jpeg_q30,0.917480,1,1
data\val\ai\ai_000440.png,1,ai,jpeg_q30,0.969554,1,1
data\val\ai\ai_000441.png,1,ai,jpeg_q30,0.753064,1,1
data\val\ai\ai_000442.png,1,ai,jpeg_q30,0.995756,1,1
data\val\ai\ai_000443.png,1,ai,jpeg_q30,0.996370,1,1
data\val\ai\ai_000444.png,1,ai,jpeg_q30,0.998374,1,1
data\val\ai\ai_000445.png,1,ai,jpeg_q30,0.938308,1,1
data\val\ai\ai_000446.png,1,ai,jpeg_q30,0.964685,1,1
data\val\ai\ai_000447.png,1,ai,jpeg_q30,0.988867,1,1
data\val\ai\ai_000448.png,1,ai,jpeg_q30,0.217322,0,0
data\val\ai\ai_000449.png,1,ai,jpeg_q30,0.998841,1,1
data\val\ai\ai_000450.png,1,ai,jpeg_q30,0.985557,1,1
data\val\ai\ai_000451.png,1,ai,jpeg_q30,0.985846,1,1
data\val\ai\ai_000452.png,1,ai,jpeg_q30,0.963147,1,1
data\val\ai\ai_000453.png,1,ai,jpeg_q30,0.998454,1,1
data\val\ai\ai_000454.png,1,ai,jpeg_q30,0.952896,1,1
data\val\ai\ai_000455.png,1,ai,jpeg_q30,0.994980,1,1
data\val\ai\ai_000456.png,1,ai,jpeg_q30,0.970616,1,1
data\val\ai\ai_000457.png,1,ai,jpeg_q30,0.984284,1,1
data\val\ai\ai_000458.png,1,ai,jpeg_q30,0.962619,1,1
data\val\ai\ai_000459.png,1,ai,jpeg_q30,0.391178,0,0
data\val\ai\ai_000460.png,1,ai,jpeg_q30,0.957634,1,1
data\val\ai\ai_000461.png,1,ai,jpeg_q30,0.903743,1,1
data\val\ai\ai_000462.png,1,ai,jpeg_q30,0.971572,1,1
data\val\ai\ai_000463.png,1,ai,jpeg_q30,0.980719,1,1
data\val\ai\ai_000464.png,1,ai,jpeg_q30,0.990782,1,1
data\val\ai\ai_000465.png,1,ai,jpeg_q30,0.995010,1,1
data\val\ai\ai_000466.png,1,ai,jpeg_q30,0.554624,1,1
data\val\ai\ai_000467.png,1,ai,jpeg_q30,0.988651,1,1
data\val\ai\ai_000468.png,1,ai,jpeg_q30,0.893503,1,1
data\val\ai\ai_000469.png,1,ai,jpeg_q30,0.994220,1,1
data\val\ai\ai_000470.png,1,ai,jpeg_q30,0.676332,1,1
data\val\ai\ai_000471.png,1,ai,jpeg_q30,0.999873,1,1
data\val\ai\ai_000472.png,1,ai,jpeg_q30,0.957805,1,1
data\val\ai\ai_000473.png,1,ai,jpeg_q30,0.923430,1,1
data\val\ai\ai_000474.png,1,ai,jpeg_q30,0.997544,1,1
data\val\ai\ai_000475.png,1,ai,jpeg_q30,0.972799,1,1
data\val\ai\ai_000476.png,1,ai,jpeg_q30,0.900387,1,1
data\val\ai\ai_000477.png,1,ai,jpeg_q30,0.973667,1,1
data\val\ai\ai_000478.png,1,ai,jpeg_q30,0.942583,1,1
data\val\ai\ai_000479.png,1,ai,jpeg_q30,0.402834,0,0
data\val\ai\ai_000480.png,1,ai,jpeg_q30,0.806325,1,1
data\val\ai\ai_000481.png,1,ai,jpeg_q30,0.991651,1,1
data\val\ai\ai_000482.png,1,ai,jpeg_q30,0.827851,1,1
data\val\ai\ai_000483.png,1,ai,jpeg_q30,0.871160,1,1
data\val\ai\ai_000484.png,1,ai,jpeg_q30,0.981387,1,1
data\val\ai\ai_000485.png,1,ai,jpeg_q30,0.694325,1,1
data\val\ai\ai_000486.png,1,ai,jpeg_q30,0.997573,1,1
data\val\ai\ai_000487.png,1,ai,jpeg_q30,0.996607,1,1
data\val\ai\ai_000488.png,1,ai,jpeg_q30,0.909567,1,1
data\val\ai\ai_000489.png,1,ai,jpeg_q30,0.971317,1,1
data\val\ai\ai_000490.png,1,ai,jpeg_q30,0.926195,1,1
data\val\ai\ai_000491.png,1,ai,jpeg_q30,0.908045,1,1
data\val\ai\ai_000492.png,1,ai,jpeg_q30,0.983930,1,1
data\val\ai\ai_000493.png,1,ai,jpeg_q30,0.980267,1,1
data\val\ai\ai_000494.png,1,ai,jpeg_q30,0.997293,1,1
data\val\ai\ai_000495.png,1,ai,jpeg_q30,0.895706,1,1
data\val\ai\ai_000496.png,1,ai,jpeg_q30,0.658960,1,1
data\val\ai\ai_000497.png,1,ai,jpeg_q30,0.971240,1,1
data\val\ai\ai_000498.png,1,ai,jpeg_q30,0.934270,1,1
data\val\ai\ai_000499.png,1,ai,jpeg_q30,0.991868,1,1
data\val\ai\ai_000500.png,1,ai,jpeg_q30,0.895993,1,1
data\val\real\000000000139.jpg,0,real,blur_s0.5,0.815837,1,0
data\val\real\000000000285.jpg,0,real,blur_s0.5,0.064970,0,1
data\val\real\000000000632.jpg,0,real,blur_s0.5,0.884783,1,0
data\val\real\000000000724.jpg,0,real,blur_s0.5,0.089013,0,1
data\val\real\000000000776.jpg,0,real,blur_s0.5,0.034113,0,1
data\val\real\000000000785.jpg,0,real,blur_s0.5,0.498920,0,1
data\val\real\000000000802.jpg,0,real,blur_s0.5,0.270930,0,1
data\val\real\000000000872.jpg,0,real,blur_s0.5,0.012910,0,1
data\val\real\000000000885.jpg,0,real,blur_s0.5,0.124029,0,1
data\val\real\000000001000.jpg,0,real,blur_s0.5,0.002196,0,1
data\val\real\000000001268.jpg,0,real,blur_s0.5,0.040080,0,1
data\val\real\000000001296.jpg,0,real,blur_s0.5,0.213186,0,1
data\val\real\000000001353.jpg,0,real,blur_s0.5,0.002296,0,1
data\val\real\000000001425.jpg,0,real,blur_s0.5,0.776771,1,0
data\val\real\000000001490.jpg,0,real,blur_s0.5,0.072542,0,1
data\val\real\000000001503.jpg,0,real,blur_s0.5,0.284992,0,1
data\val\real\000000001532.jpg,0,real,blur_s0.5,0.087773,0,1
data\val\real\000000001584.jpg,0,real,blur_s0.5,0.257328,0,1
data\val\real\000000001675.jpg,0,real,blur_s0.5,0.065448,0,1
data\val\real\000000001761.jpg,0,real,blur_s0.5,0.011545,0,1
data\val\real\000000001818.jpg,0,real,blur_s0.5,0.289570,0,1
data\val\real\000000001993.jpg,0,real,blur_s0.5,0.237907,0,1
data\val\real\000000002006.jpg,0,real,blur_s0.5,0.055235,0,1
data\val\real\000000002149.jpg,0,real,blur_s0.5,0.322718,0,1
data\val\real\000000002153.jpg,0,real,blur_s0.5,0.009513,0,1
data\val\real\000000002157.jpg,0,real,blur_s0.5,0.189178,0,1
data\val\real\000000002261.jpg,0,real,blur_s0.5,0.015428,0,1
data\val\real\000000002299.jpg,0,real,blur_s0.5,0.006183,0,1
data\val\real\000000002431.jpg,0,real,blur_s0.5,0.046520,0,1
data\val\real\000000002473.jpg,0,real,blur_s0.5,0.043639,0,1
data\val\real\000000002532.jpg,0,real,blur_s0.5,0.018156,0,1
data\val\real\000000002587.jpg,0,real,blur_s0.5,0.095323,0,1
data\val\real\000000002592.jpg,0,real,blur_s0.5,0.024896,0,1
data\val\real\000000002685.jpg,0,real,blur_s0.5,0.002968,0,1
data\val\real\000000002923.jpg,0,real,blur_s0.5,0.020320,0,1
data\val\real\000000003156.jpg,0,real,blur_s0.5,0.282217,0,1
data\val\real\000000003255.jpg,0,real,blur_s0.5,0.565573,1,0
data\val\real\000000003501.jpg,0,real,blur_s0.5,0.147827,0,1
data\val\real\000000003553.jpg,0,real,blur_s0.5,0.080191,0,1
data\val\real\000000003661.jpg,0,real,blur_s0.5,0.015878,0,1
data\val\real\000000003845.jpg,0,real,blur_s0.5,0.140861,0,1
data\val\real\000000003934.jpg,0,real,blur_s0.5,0.001171,0,1
data\val\real\000000004134.jpg,0,real,blur_s0.5,0.002633,0,1
data\val\real\000000004395.jpg,0,real,blur_s0.5,0.024836,0,1
data\val\real\000000004495.jpg,0,real,blur_s0.5,0.195656,0,1
data\val\real\000000004765.jpg,0,real,blur_s0.5,0.179906,0,1
data\val\real\000000004795.jpg,0,real,blur_s0.5,0.000995,0,1
data\val\real\000000005001.jpg,0,real,blur_s0.5,0.038123,0,1
data\val\real\000000005037.jpg,0,real,blur_s0.5,0.073490,0,1
data\val\real\000000005060.jpg,0,real,blur_s0.5,0.048580,0,1
data\val\real\000000005193.jpg,0,real,blur_s0.5,0.002006,0,1
data\val\real\000000005477.jpg,0,real,blur_s0.5,0.119477,0,1
data\val\real\000000005503.jpg,0,real,blur_s0.5,0.012459,0,1
data\val\real\000000005529.jpg,0,real,blur_s0.5,0.041842,0,1
data\val\real\000000005586.jpg,0,real,blur_s0.5,0.001212,0,1
data\val\real\000000005600.jpg,0,real,blur_s0.5,0.011975,0,1
data\val\real\000000005992.jpg,0,real,blur_s0.5,0.020395,0,1
data\val\real\000000006012.jpg,0,real,blur_s0.5,0.061322,0,1
data\val\real\000000006040.jpg,0,real,blur_s0.5,0.391223,0,1
data\val\real\000000006213.jpg,0,real,blur_s0.5,0.360509,0,1
data\val\real\000000006460.jpg,0,real,blur_s0.5,0.056201,0,1
data\val\real\000000006471.jpg,0,real,blur_s0.5,0.015531,0,1
data\val\real\000000006614.jpg,0,real,blur_s0.5,0.093081,0,1
data\val\real\000000006723.jpg,0,real,blur_s0.5,0.094097,0,1
data\val\real\000000006763.jpg,0,real,blur_s0.5,0.000258,0,1
data\val\real\000000006771.jpg,0,real,blur_s0.5,0.003371,0,1
data\val\real\000000006818.jpg,0,real,blur_s0.5,0.034675,0,1
data\val\real\000000006894.jpg,0,real,blur_s0.5,0.009066,0,1
data\val\real\000000006954.jpg,0,real,blur_s0.5,0.049876,0,1
data\val\real\000000007088.jpg,0,real,blur_s0.5,0.017927,0,1
data\val\real\000000007108.jpg,0,real,blur_s0.5,0.047440,0,1
data\val\real\000000007278.jpg,0,real,blur_s0.5,0.207993,0,1
data\val\real\000000007281.jpg,0,real,blur_s0.5,0.002016,0,1
data\val\real\000000007386.jpg,0,real,blur_s0.5,0.047938,0,1
data\val\real\000000007511.jpg,0,real,blur_s0.5,0.022765,0,1
data\val\real\000000007574.jpg,0,real,blur_s0.5,0.199428,0,1
data\val\real\000000007784.jpg,0,real,blur_s0.5,0.378502,0,1
data\val\real\000000007795.jpg,0,real,blur_s0.5,0.848387,1,0
data\val\real\000000007816.jpg,0,real,blur_s0.5,0.005160,0,1
data\val\real\000000007818.jpg,0,real,blur_s0.5,0.430757,0,1
data\val\real\000000007888.jpg,0,real,blur_s0.5,0.799891,1,0
data\val\real\000000007977.jpg,0,real,blur_s0.5,0.229290,0,1
data\val\real\000000007991.jpg,0,real,blur_s0.5,0.035390,0,1
data\val\real\000000008021.jpg,0,real,blur_s0.5,0.006689,0,1
data\val\real\000000008211.jpg,0,real,blur_s0.5,0.292144,0,1
data\val\real\000000008277.jpg,0,real,blur_s0.5,0.096313,0,1
data\val\real\000000008532.jpg,0,real,blur_s0.5,0.004153,0,1
data\val\real\000000008629.jpg,0,real,blur_s0.5,0.092637,0,1
data\val\real\000000008690.jpg,0,real,blur_s0.5,0.001445,0,1
data\val\real\000000008762.jpg,0,real,blur_s0.5,0.337141,0,1
data\val\real\000000008844.jpg,0,real,blur_s0.5,0.089017,0,1
data\val\real\000000008899.jpg,0,real,blur_s0.5,0.341701,0,1
data\val\real\000000009378.jpg,0,real,blur_s0.5,0.013908,0,1
data\val\real\000000009400.jpg,0,real,blur_s0.5,0.001457,0,1
data\val\real\000000009448.jpg,0,real,blur_s0.5,0.014230,0,1
data\val\real\000000009483.jpg,0,real,blur_s0.5,0.051437,0,1
data\val\real\000000009590.jpg,0,real,blur_s0.5,0.144645,0,1
data\val\real\000000009769.jpg,0,real,blur_s0.5,0.067351,0,1
data\val\real\000000009772.jpg,0,real,blur_s0.5,0.026844,0,1
data\val\real\000000009891.jpg,0,real,blur_s0.5,0.004330,0,1
data\val\real\000000009914.jpg,0,real,blur_s0.5,0.052604,0,1
data\val\real\000000010092.jpg,0,real,blur_s0.5,0.145016,0,1
data\val\real\000000010363.jpg,0,real,blur_s0.5,0.002582,0,1
data\val\real\000000010583.jpg,0,real,blur_s0.5,0.027409,0,1
data\val\real\000000010707.jpg,0,real,blur_s0.5,0.000227,0,1
data\val\real\000000010764.jpg,0,real,blur_s0.5,0.154132,0,1
data\val\real\000000010977.jpg,0,real,blur_s0.5,0.313348,0,1
data\val\real\000000010995.jpg,0,real,blur_s0.5,0.291948,0,1
data\val\real\000000011051.jpg,0,real,blur_s0.5,0.017173,0,1
data\val\real\000000011122.jpg,0,real,blur_s0.5,0.009364,0,1
data\val\real\000000011149.jpg,0,real,blur_s0.5,0.008640,0,1
data\val\real\000000011197.jpg,0,real,blur_s0.5,0.021669,0,1
data\val\real\000000011511.jpg,0,real,blur_s0.5,0.152197,0,1
data\val\real\000000011615.jpg,0,real,blur_s0.5,0.056452,0,1
data\val\real\000000011699.jpg,0,real,blur_s0.5,0.023639,0,1
data\val\real\000000011760.jpg,0,real,blur_s0.5,0.461597,0,1
data\val\real\000000011813.jpg,0,real,blur_s0.5,0.194665,0,1
data\val\real\000000012062.jpg,0,real,blur_s0.5,0.017795,0,1
data\val\real\000000012120.jpg,0,real,blur_s0.5,0.020062,0,1
data\val\real\000000012280.jpg,0,real,blur_s0.5,0.763132,1,0
data\val\real\000000012576.jpg,0,real,blur_s0.5,0.266379,0,1
data\val\real\000000012639.jpg,0,real,blur_s0.5,0.016377,0,1
data\val\real\000000012667.jpg,0,real,blur_s0.5,0.227763,0,1
data\val\real\000000012670.jpg,0,real,blur_s0.5,0.002684,0,1
data\val\real\000000012748.jpg,0,real,blur_s0.5,0.049743,0,1
data\val\real\000000013004.jpg,0,real,blur_s0.5,0.156501,0,1
data\val\real\000000013177.jpg,0,real,blur_s0.5,0.030459,0,1
data\val\real\000000013201.jpg,0,real,blur_s0.5,0.043847,0,1
data\val\real\000000013291.jpg,0,real,blur_s0.5,0.073659,0,1
data\val\real\000000013348.jpg,0,real,blur_s0.5,0.109647,0,1
data\val\real\000000013546.jpg,0,real,blur_s0.5,0.005546,0,1
data\val\real\000000013597.jpg,0,real,blur_s0.5,0.672713,1,0
data\val\real\000000013659.jpg,0,real,blur_s0.5,0.001074,0,1
data\val\real\000000013729.jpg,0,real,blur_s0.5,0.015227,0,1
data\val\real\000000013774.jpg,0,real,blur_s0.5,0.388814,0,1
data\val\real\000000013923.jpg,0,real,blur_s0.5,0.371652,0,1
data\val\real\000000014007.jpg,0,real,blur_s0.5,0.092013,0,1
data\val\real\000000014038.jpg,0,real,blur_s0.5,0.733624,1,0
data\val\real\000000014226.jpg,0,real,blur_s0.5,0.173535,0,1
data\val\real\000000014380.jpg,0,real,blur_s0.5,0.504215,1,0
data\val\real\000000014439.jpg,0,real,blur_s0.5,0.014369,0,1
data\val\real\000000014473.jpg,0,real,blur_s0.5,0.025661,0,1
data\val\real\000000014831.jpg,0,real,blur_s0.5,0.006265,0,1
data\val\real\000000014888.jpg,0,real,blur_s0.5,0.012953,0,1
data\val\real\000000015079.jpg,0,real,blur_s0.5,0.267196,0,1
data\val\real\000000015254.jpg,0,real,blur_s0.5,0.035910,0,1
data\val\real\000000015272.jpg,0,real,blur_s0.5,0.456516,0,1
data\val\real\000000015278.jpg,0,real,blur_s0.5,0.055107,0,1
data\val\real\000000015335.jpg,0,real,blur_s0.5,0.000713,0,1
data\val\real\000000015338.jpg,0,real,blur_s0.5,0.289871,0,1
data\val\real\000000015440.jpg,0,real,blur_s0.5,0.775174,1,0
data\val\real\000000015497.jpg,0,real,blur_s0.5,0.001842,0,1
data\val\real\000000015517.jpg,0,real,blur_s0.5,0.116482,0,1
data\val\real\000000015597.jpg,0,real,blur_s0.5,0.001206,0,1
data\val\real\000000015660.jpg,0,real,blur_s0.5,0.076254,0,1
data\val\real\000000015746.jpg,0,real,blur_s0.5,0.051446,0,1
data\val\real\000000015751.jpg,0,real,blur_s0.5,0.071153,0,1
data\val\real\000000015956.jpg,0,real,blur_s0.5,0.009589,0,1
data\val\real\000000016010.jpg,0,real,blur_s0.5,0.018961,0,1
data\val\real\000000016228.jpg,0,real,blur_s0.5,0.222406,0,1
data\val\real\000000016249.jpg,0,real,blur_s0.5,0.057674,0,1
data\val\real\000000016439.jpg,0,real,blur_s0.5,0.375470,0,1
data\val\real\000000016451.jpg,0,real,blur_s0.5,0.194535,0,1
data\val\real\000000016502.jpg,0,real,blur_s0.5,0.029642,0,1
data\val\real\000000016598.jpg,0,real,blur_s0.5,0.005797,0,1
data\val\real\000000016958.jpg,0,real,blur_s0.5,0.083704,0,1
data\val\real\000000017029.jpg,0,real,blur_s0.5,0.046318,0,1
data\val\real\000000017031.jpg,0,real,blur_s0.5,0.184875,0,1
data\val\real\000000017115.jpg,0,real,blur_s0.5,0.325549,0,1
data\val\real\000000017178.jpg,0,real,blur_s0.5,0.557026,1,0
data\val\real\000000017182.jpg,0,real,blur_s0.5,0.427595,0,1
data\val\real\000000017207.jpg,0,real,blur_s0.5,0.004843,0,1
data\val\real\000000017379.jpg,0,real,blur_s0.5,0.717740,1,0
data\val\real\000000017436.jpg,0,real,blur_s0.5,0.018024,0,1
data\val\real\000000017627.jpg,0,real,blur_s0.5,0.002238,0,1
data\val\real\000000017714.jpg,0,real,blur_s0.5,0.028163,0,1
data\val\real\000000017899.jpg,0,real,blur_s0.5,0.001051,0,1
data\val\real\000000017905.jpg,0,real,blur_s0.5,0.000407,0,1
data\val\real\000000017959.jpg,0,real,blur_s0.5,0.015134,0,1
data\val\real\000000018150.jpg,0,real,blur_s0.5,0.000516,0,1
data\val\real\000000018193.jpg,0,real,blur_s0.5,0.002720,0,1
data\val\real\000000018380.jpg,0,real,blur_s0.5,0.089649,0,1
data\val\real\000000018491.jpg,0,real,blur_s0.5,0.011046,0,1
data\val\real\000000018519.jpg,0,real,blur_s0.5,0.221816,0,1
data\val\real\000000018575.jpg,0,real,blur_s0.5,0.029421,0,1
data\val\real\000000018737.jpg,0,real,blur_s0.5,0.034471,0,1
data\val\real\000000018770.jpg,0,real,blur_s0.5,0.018896,0,1
data\val\real\000000018833.jpg,0,real,blur_s0.5,0.129614,0,1
data\val\real\000000018837.jpg,0,real,blur_s0.5,0.029879,0,1
data\val\real\000000019042.jpg,0,real,blur_s0.5,0.019814,0,1
data\val\real\000000019109.jpg,0,real,blur_s0.5,0.183389,0,1
data\val\real\000000019221.jpg,0,real,blur_s0.5,0.003792,0,1
data\val\real\000000019402.jpg,0,real,blur_s0.5,0.000646,0,1
data\val\real\000000019432.jpg,0,real,blur_s0.5,0.026064,0,1
data\val\real\000000019742.jpg,0,real,blur_s0.5,0.109349,0,1
data\val\real\000000019786.jpg,0,real,blur_s0.5,0.001286,0,1
data\val\real\000000019924.jpg,0,real,blur_s0.5,0.546602,1,0
data\val\real\000000020059.jpg,0,real,blur_s0.5,0.044953,0,1
data\val\real\000000020107.jpg,0,real,blur_s0.5,0.086059,0,1
data\val\real\000000020247.jpg,0,real,blur_s0.5,0.114705,0,1
data\val\real\000000020333.jpg,0,real,blur_s0.5,0.081252,0,1
data\val\real\000000020553.jpg,0,real,blur_s0.5,0.003505,0,1
data\val\real\000000020571.jpg,0,real,blur_s0.5,0.155482,0,1
data\val\real\000000020992.jpg,0,real,blur_s0.5,0.002111,0,1
data\val\real\000000021167.jpg,0,real,blur_s0.5,0.000680,0,1
data\val\real\000000021465.jpg,0,real,blur_s0.5,0.003160,0,1
data\val\real\000000021503.jpg,0,real,blur_s0.5,0.002657,0,1
data\val\real\000000021604.jpg,0,real,blur_s0.5,0.881491,1,0
data\val\real\000000021839.jpg,0,real,blur_s0.5,0.001659,0,1
data\val\real\000000021879.jpg,0,real,blur_s0.5,0.035683,0,1
data\val\real\000000021903.jpg,0,real,blur_s0.5,0.093476,0,1
data\val\real\000000022192.jpg,0,real,blur_s0.5,0.007363,0,1
data\val\real\000000022371.jpg,0,real,blur_s0.5,0.754595,1,0
data\val\real\000000022396.jpg,0,real,blur_s0.5,0.020003,0,1
data\val\real\000000022479.jpg,0,real,blur_s0.5,0.032484,0,1
data\val\real\000000022589.jpg,0,real,blur_s0.5,0.010466,0,1
data\val\real\000000022623.jpg,0,real,blur_s0.5,0.214635,0,1
data\val\real\000000022705.jpg,0,real,blur_s0.5,0.000863,0,1
data\val\real\000000022755.jpg,0,real,blur_s0.5,0.333223,0,1
data\val\real\000000022892.jpg,0,real,blur_s0.5,0.126002,0,1
data\val\real\000000022935.jpg,0,real,blur_s0.5,0.149807,0,1
data\val\real\000000022969.jpg,0,real,blur_s0.5,0.112583,0,1
data\val\real\000000023023.jpg,0,real,blur_s0.5,0.415301,0,1
data\val\real\000000023034.jpg,0,real,blur_s0.5,0.003031,0,1
data\val\real\000000023126.jpg,0,real,blur_s0.5,0.140439,0,1
data\val\real\000000023230.jpg,0,real,blur_s0.5,0.007003,0,1
data\val\real\000000023272.jpg,0,real,blur_s0.5,0.004761,0,1
data\val\real\000000023359.jpg,0,real,blur_s0.5,0.057871,0,1
data\val\real\000000023666.jpg,0,real,blur_s0.5,0.062410,0,1
data\val\real\000000023751.jpg,0,real,blur_s0.5,0.001423,0,1
data\val\real\000000023781.jpg,0,real,blur_s0.5,0.235427,0,1
data\val\real\000000023899.jpg,0,real,blur_s0.5,0.001800,0,1
data\val\real\000000023937.jpg,0,real,blur_s0.5,0.080549,0,1
data\val\real\000000024021.jpg,0,real,blur_s0.5,0.010965,0,1
data\val\real\000000024027.jpg,0,real,blur_s0.5,0.003818,0,1
data\val\real\000000024144.jpg,0,real,blur_s0.5,0.117932,0,1
data\val\real\000000024243.jpg,0,real,blur_s0.5,0.025765,0,1
data\val\real\000000024567.jpg,0,real,blur_s0.5,0.012224,0,1
data\val\real\000000024610.jpg,0,real,blur_s0.5,0.072093,0,1
data\val\real\000000024919.jpg,0,real,blur_s0.5,0.215952,0,1
data\val\real\000000025057.jpg,0,real,blur_s0.5,0.006586,0,1
data\val\real\000000025096.jpg,0,real,blur_s0.5,0.004201,0,1
data\val\real\000000025139.jpg,0,real,blur_s0.5,0.163383,0,1
data\val\real\000000025181.jpg,0,real,blur_s0.5,0.878966,1,0
data\val\real\000000025228.jpg,0,real,blur_s0.5,0.014610,0,1
data\val\real\000000025386.jpg,0,real,blur_s0.5,0.002810,0,1
data\val\real\000000025393.jpg,0,real,blur_s0.5,0.000413,0,1
data\val\real\000000025394.jpg,0,real,blur_s0.5,0.010627,0,1
data\val\real\000000025424.jpg,0,real,blur_s0.5,0.070313,0,1
data\val\real\000000025560.jpg,0,real,blur_s0.5,0.012728,0,1
data\val\real\000000025593.jpg,0,real,blur_s0.5,0.077788,0,1
data\val\real\000000025603.jpg,0,real,blur_s0.5,0.000371,0,1
data\val\real\000000025986.jpg,0,real,blur_s0.5,0.010877,0,1
data\val\real\000000026204.jpg,0,real,blur_s0.5,0.183841,0,1
data\val\real\000000026465.jpg,0,real,blur_s0.5,0.069007,0,1
data\val\real\000000026564.jpg,0,real,blur_s0.5,0.438418,0,1
data\val\real\000000026690.jpg,0,real,blur_s0.5,0.011867,0,1
data\val\real\000000026926.jpg,0,real,blur_s0.5,0.249645,0,1
data\val\real\000000026941.jpg,0,real,blur_s0.5,0.655340,1,0
data\val\real\000000027186.jpg,0,real,blur_s0.5,0.010487,0,1
data\val\real\000000027620.jpg,0,real,blur_s0.5,0.217859,0,1
data\val\real\000000027696.jpg,0,real,blur_s0.5,0.003385,0,1
data\val\real\000000027768.jpg,0,real,blur_s0.5,0.170848,0,1
data\val\real\000000027932.jpg,0,real,blur_s0.5,0.168193,0,1
data\val\real\000000027972.jpg,0,real,blur_s0.5,0.064812,0,1
data\val\real\000000027982.jpg,0,real,blur_s0.5,0.580704,1,0
data\val\real\000000028285.jpg,0,real,blur_s0.5,0.011731,0,1
data\val\real\000000028449.jpg,0,real,blur_s0.5,0.511076,1,0
data\val\real\000000028452.jpg,0,real,blur_s0.5,0.817324,1,0
data\val\real\000000028809.jpg,0,real,blur_s0.5,0.191182,0,1
data\val\real\000000028993.jpg,0,real,blur_s0.5,0.600531,1,0
data\val\real\000000029187.jpg,0,real,blur_s0.5,0.001700,0,1
data\val\real\000000029393.jpg,0,real,blur_s0.5,0.002539,0,1
data\val\real\000000029397.jpg,0,real,blur_s0.5,0.036017,0,1
data\val\real\000000029596.jpg,0,real,blur_s0.5,0.692964,1,0
data\val\real\000000029640.jpg,0,real,blur_s0.5,0.142219,0,1
data\val\real\000000029675.jpg,0,real,blur_s0.5,0.188274,0,1
data\val\real\000000029984.jpg,0,real,blur_s0.5,0.021618,0,1
data\val\real\000000030213.jpg,0,real,blur_s0.5,0.414063,0,1
data\val\real\000000030494.jpg,0,real,blur_s0.5,0.004496,0,1
data\val\real\000000030504.jpg,0,real,blur_s0.5,0.150312,0,1
data\val\real\000000030675.jpg,0,real,blur_s0.5,0.264564,0,1
data\val\real\000000030785.jpg,0,real,blur_s0.5,0.189612,0,1
data\val\real\000000030828.jpg,0,real,blur_s0.5,0.484217,0,1
data\val\real\000000031050.jpg,0,real,blur_s0.5,0.155534,0,1
data\val\real\000000031093.jpg,0,real,blur_s0.5,0.049338,0,1
data\val\real\000000031118.jpg,0,real,blur_s0.5,0.252395,0,1
data\val\real\000000031217.jpg,0,real,blur_s0.5,0.090464,0,1
data\val\real\000000031248.jpg,0,real,blur_s0.5,0.220061,0,1
data\val\real\000000031269.jpg,0,real,blur_s0.5,0.040375,0,1
data\val\real\000000031296.jpg,0,real,blur_s0.5,0.001255,0,1
data\val\real\000000031322.jpg,0,real,blur_s0.5,0.046675,0,1
data\val\real\000000031620.jpg,0,real,blur_s0.5,0.000085,0,1
data\val\real\000000031735.jpg,0,real,blur_s0.5,0.006821,0,1
data\val\real\000000031749.jpg,0,real,blur_s0.5,0.299943,0,1
data\val\real\000000031817.jpg,0,real,blur_s0.5,0.001361,0,1
data\val\real\000000032038.jpg,0,real,blur_s0.5,0.036753,0,1
data\val\real\000000032081.jpg,0,real,blur_s0.5,0.044464,0,1
data\val\real\000000032285.jpg,0,real,blur_s0.5,0.776075,1,0
data\val\real\000000032334.jpg,0,real,blur_s0.5,0.000646,0,1
data\val\real\000000032570.jpg,0,real,blur_s0.5,0.689777,1,0
data\val\real\000000032610.jpg,0,real,blur_s0.5,0.081711,0,1
data\val\real\000000032735.jpg,0,real,blur_s0.5,0.114813,0,1
data\val\real\000000032811.jpg,0,real,blur_s0.5,0.093809,0,1
data\val\real\000000032817.jpg,0,real,blur_s0.5,0.003542,0,1
data\val\real\000000032861.jpg,0,real,blur_s0.5,0.221706,0,1
data\val\real\000000032887.jpg,0,real,blur_s0.5,0.002126,0,1
data\val\real\000000032901.jpg,0,real,blur_s0.5,0.000138,0,1
data\val\real\000000032941.jpg,0,real,blur_s0.5,0.043143,0,1
data\val\real\000000033005.jpg,0,real,blur_s0.5,0.040618,0,1
data\val\real\000000033104.jpg,0,real,blur_s0.5,0.016757,0,1
data\val\real\000000033109.jpg,0,real,blur_s0.5,0.039704,0,1
data\val\real\000000033114.jpg,0,real,blur_s0.5,0.134312,0,1
data\val\real\000000033221.jpg,0,real,blur_s0.5,0.000820,0,1
data\val\real\000000033368.jpg,0,real,blur_s0.5,0.096706,0,1
data\val\real\000000033638.jpg,0,real,blur_s0.5,0.039375,0,1
data\val\real\000000033707.jpg,0,real,blur_s0.5,0.081629,0,1
data\val\real\000000033759.jpg,0,real,blur_s0.5,0.036479,0,1
data\val\real\000000033854.jpg,0,real,blur_s0.5,0.029461,0,1
data\val\real\000000034071.jpg,0,real,blur_s0.5,0.540078,1,0
data\val\real\000000034139.jpg,0,real,blur_s0.5,0.100204,0,1
data\val\real\000000034205.jpg,0,real,blur_s0.5,0.139548,0,1
data\val\real\000000034257.jpg,0,real,blur_s0.5,0.339063,0,1
data\val\real\000000034417.jpg,0,real,blur_s0.5,0.106250,0,1
data\val\real\000000034452.jpg,0,real,blur_s0.5,0.004213,0,1
data\val\real\000000034760.jpg,0,real,blur_s0.5,0.074829,0,1
data\val\real\000000034873.jpg,0,real,blur_s0.5,0.237550,0,1
data\val\real\000000035062.jpg,0,real,blur_s0.5,0.025597,0,1
data\val\real\000000035197.jpg,0,real,blur_s0.5,0.185913,0,1
data\val\real\000000035279.jpg,0,real,blur_s0.5,0.359759,0,1
data\val\real\000000035326.jpg,0,real,blur_s0.5,0.114550,0,1
data\val\real\000000035682.jpg,0,real,blur_s0.5,0.031367,0,1
data\val\real\000000035770.jpg,0,real,blur_s0.5,0.119775,0,1
data\val\real\000000035963.jpg,0,real,blur_s0.5,0.001533,0,1
data\val\real\000000036494.jpg,0,real,blur_s0.5,0.423882,0,1
data\val\real\000000036539.jpg,0,real,blur_s0.5,0.003217,0,1
data\val\real\000000036660.jpg,0,real,blur_s0.5,0.064135,0,1
data\val\real\000000036678.jpg,0,real,blur_s0.5,0.014251,0,1
data\val\real\000000036844.jpg,0,real,blur_s0.5,0.092793,0,1
data\val\real\000000036861.jpg,0,real,blur_s0.5,0.415639,0,1
data\val\real\000000036936.jpg,0,real,blur_s0.5,0.002367,0,1
data\val\real\000000037670.jpg,0,real,blur_s0.5,0.372108,0,1
data\val\real\000000037689.jpg,0,real,blur_s0.5,0.051993,0,1
data\val\real\000000037740.jpg,0,real,blur_s0.5,0.667796,1,0
data\val\real\000000037751.jpg,0,real,blur_s0.5,0.051021,0,1
data\val\real\000000037777.jpg,0,real,blur_s0.5,0.548928,1,0
data\val\real\000000037988.jpg,0,real,blur_s0.5,0.013950,0,1
data\val\real\000000038048.jpg,0,real,blur_s0.5,0.021515,0,1
data\val\real\000000038070.jpg,0,real,blur_s0.5,0.237664,0,1
data\val\real\000000038118.jpg,0,real,blur_s0.5,0.214445,0,1
data\val\real\000000038210.jpg,0,real,blur_s0.5,0.147094,0,1
data\val\real\000000038576.jpg,0,real,blur_s0.5,0.888096,1,0
data\val\real\000000038678.jpg,0,real,blur_s0.5,0.001122,0,1
data\val\real\000000038825.jpg,0,real,blur_s0.5,0.115012,0,1
data\val\real\000000038829.jpg,0,real,blur_s0.5,0.022317,0,1
data\val\real\000000039405.jpg,0,real,blur_s0.5,0.008530,0,1
data\val\real\000000039477.jpg,0,real,blur_s0.5,0.570171,1,0
data\val\real\000000039480.jpg,0,real,blur_s0.5,0.060184,0,1
data\val\real\000000039484.jpg,0,real,blur_s0.5,0.134879,0,1
data\val\real\000000039551.jpg,0,real,blur_s0.5,0.489934,0,1
data\val\real\000000039670.jpg,0,real,blur_s0.5,0.267750,0,1
data\val\real\000000039769.jpg,0,real,blur_s0.5,0.001631,0,1
data\val\real\000000039785.jpg,0,real,blur_s0.5,0.041247,0,1
data\val\real\000000039914.jpg,0,real,blur_s0.5,0.002879,0,1
data\val\real\000000039951.jpg,0,real,blur_s0.5,0.034112,0,1
data\val\real\000000039956.jpg,0,real,blur_s0.5,0.746347,1,0
data\val\real\000000040036.jpg,0,real,blur_s0.5,0.041090,0,1
data\val\real\000000040083.jpg,0,real,blur_s0.5,0.008793,0,1
data\val\real\000000040471.jpg,0,real,blur_s0.5,0.116170,0,1
data\val\real\000000040757.jpg,0,real,blur_s0.5,0.008430,0,1
data\val\real\000000041488.jpg,0,real,blur_s0.5,0.331305,0,1
data\val\real\000000041633.jpg,0,real,blur_s0.5,0.367345,0,1
data\val\real\000000041635.jpg,0,real,blur_s0.5,0.063915,0,1
data\val\real\000000041872.jpg,0,real,blur_s0.5,0.723463,1,0
data\val\real\000000041888.jpg,0,real,blur_s0.5,0.012038,0,1
data\val\real\000000041990.jpg,0,real,blur_s0.5,0.002051,0,1
data\val\real\000000042070.jpg,0,real,blur_s0.5,0.296302,0,1
data\val\real\000000042102.jpg,0,real,blur_s0.5,0.005997,0,1
data\val\real\000000042178.jpg,0,real,blur_s0.5,0.822413,1,0
data\val\real\000000042276.jpg,0,real,blur_s0.5,0.035834,0,1
data\val\real\000000042296.jpg,0,real,blur_s0.5,0.014202,0,1
data\val\real\000000042528.jpg,0,real,blur_s0.5,0.009739,0,1
data\val\real\000000042563.jpg,0,real,blur_s0.5,0.138201,0,1
data\val\real\000000042628.jpg,0,real,blur_s0.5,0.015683,0,1
data\val\real\000000042888.jpg,0,real,blur_s0.5,0.007876,0,1
data\val\real\000000042889.jpg,0,real,blur_s0.5,0.002730,0,1
data\val\real\000000043314.jpg,0,real,blur_s0.5,0.039677,0,1
data\val\real\000000043435.jpg,0,real,blur_s0.5,0.156680,0,1
data\val\real\000000043581.jpg,0,real,blur_s0.5,0.122380,0,1
data\val\real\000000043737.jpg,0,real,blur_s0.5,0.310260,0,1
data\val\real\000000043816.jpg,0,real,blur_s0.5,0.019169,0,1
data\val\real\000000044068.jpg,0,real,blur_s0.5,0.009043,0,1
data\val\real\000000044195.jpg,0,real,blur_s0.5,0.046846,0,1
data\val\real\000000044260.jpg,0,real,blur_s0.5,0.574298,1,0
data\val\real\000000044279.jpg,0,real,blur_s0.5,0.148008,0,1
data\val\real\000000044590.jpg,0,real,blur_s0.5,0.020661,0,1
data\val\real\000000044652.jpg,0,real,blur_s0.5,0.052873,0,1
data\val\real\000000044699.jpg,0,real,blur_s0.5,0.189295,0,1
data\val\real\000000044877.jpg,0,real,blur_s0.5,0.034102,0,1
data\val\real\000000045070.jpg,0,real,blur_s0.5,0.048884,0,1
data\val\real\000000045090.jpg,0,real,blur_s0.5,0.048954,0,1
data\val\real\000000045229.jpg,0,real,blur_s0.5,0.969696,1,0
data\val\real\000000045472.jpg,0,real,blur_s0.5,0.020098,0,1
data\val\real\000000045550.jpg,0,real,blur_s0.5,0.002037,0,1
data\val\real\000000045596.jpg,0,real,blur_s0.5,0.177343,0,1
data\val\real\000000045728.jpg,0,real,blur_s0.5,0.038905,0,1
data\val\real\000000046031.jpg,0,real,blur_s0.5,0.212407,0,1
data\val\real\000000046048.jpg,0,real,blur_s0.5,0.028375,0,1
data\val\real\000000046252.jpg,0,real,blur_s0.5,0.455444,0,1
data\val\real\000000046378.jpg,0,real,blur_s0.5,0.002894,0,1
data\val\real\000000046463.jpg,0,real,blur_s0.5,0.007312,0,1
data\val\real\000000046497.jpg,0,real,blur_s0.5,0.001233,0,1
data\val\real\000000046804.jpg,0,real,blur_s0.5,0.021049,0,1
data\val\real\000000046872.jpg,0,real,blur_s0.5,0.589382,1,0
data\val\real\000000047010.jpg,0,real,blur_s0.5,0.181925,0,1
data\val\real\000000047112.jpg,0,real,blur_s0.5,0.103265,0,1
data\val\real\000000047121.jpg,0,real,blur_s0.5,0.003857,0,1
data\val\real\000000047571.jpg,0,real,blur_s0.5,0.120006,0,1
data\val\real\000000047585.jpg,0,real,blur_s0.5,0.002298,0,1
data\val\real\000000047740.jpg,0,real,blur_s0.5,0.002023,0,1
data\val\real\000000047769.jpg,0,real,blur_s0.5,0.250758,0,1
data\val\real\000000047801.jpg,0,real,blur_s0.5,0.008378,0,1
data\val\real\000000047819.jpg,0,real,blur_s0.5,0.001928,0,1
data\val\real\000000047828.jpg,0,real,blur_s0.5,0.301152,0,1
data\val\real\000000048153.jpg,0,real,blur_s0.5,0.037119,0,1
data\val\real\000000048396.jpg,0,real,blur_s0.5,0.000531,0,1
data\val\real\000000048504.jpg,0,real,blur_s0.5,0.311296,0,1
data\val\real\000000048555.jpg,0,real,blur_s0.5,0.417249,0,1
data\val\real\000000048564.jpg,0,real,blur_s0.5,0.008262,0,1
data\val\real\000000048924.jpg,0,real,blur_s0.5,0.972370,1,0
data\val\real\000000049060.jpg,0,real,blur_s0.5,0.001721,0,1
data\val\real\000000049091.jpg,0,real,blur_s0.5,0.080579,0,1
data\val\real\000000049259.jpg,0,real,blur_s0.5,0.026362,0,1
data\val\real\000000049269.jpg,0,real,blur_s0.5,0.159035,0,1
data\val\real\000000049759.jpg,0,real,blur_s0.5,0.224437,0,1
data\val\real\000000049761.jpg,0,real,blur_s0.5,0.016545,0,1
data\val\real\000000049810.jpg,0,real,blur_s0.5,0.081367,0,1
data\val\real\000000050006.jpg,0,real,blur_s0.5,0.193983,0,1
data\val\real\000000050145.jpg,0,real,blur_s0.5,0.003402,0,1
data\val\real\000000050149.jpg,0,real,blur_s0.5,0.017089,0,1
data\val\real\000000050165.jpg,0,real,blur_s0.5,0.384240,0,1
data\val\real\000000050326.jpg,0,real,blur_s0.5,0.000821,0,1
data\val\real\000000050331.jpg,0,real,blur_s0.5,0.041542,0,1
data\val\real\000000050380.jpg,0,real,blur_s0.5,0.016750,0,1
data\val\real\000000050638.jpg,0,real,blur_s0.5,0.469185,0,1
data\val\real\000000050679.jpg,0,real,blur_s0.5,0.793700,1,0
data\val\real\000000050811.jpg,0,real,blur_s0.5,0.001769,0,1
data\val\real\000000050828.jpg,0,real,blur_s0.5,0.198104,0,1
data\val\real\000000050844.jpg,0,real,blur_s0.5,0.018221,0,1
data\val\real\000000050896.jpg,0,real,blur_s0.5,0.206234,0,1
data\val\real\000000050943.jpg,0,real,blur_s0.5,0.043004,0,1
data\val\real\000000051008.jpg,0,real,blur_s0.5,0.004020,0,1
data\val\real\000000051309.jpg,0,real,blur_s0.5,0.062160,0,1
data\val\real\000000051314.jpg,0,real,blur_s0.5,0.118821,0,1
data\val\real\000000051326.jpg,0,real,blur_s0.5,0.019106,0,1
data\val\real\000000051598.jpg,0,real,blur_s0.5,0.020324,0,1
data\val\real\000000051610.jpg,0,real,blur_s0.5,0.204018,0,1
data\val\real\000000051712.jpg,0,real,blur_s0.5,0.266236,0,1
data\val\real\000000051738.jpg,0,real,blur_s0.5,0.192808,0,1
data\val\real\000000051938.jpg,0,real,blur_s0.5,0.047805,0,1
data\val\real\000000051961.jpg,0,real,blur_s0.5,0.119155,0,1
data\val\real\000000051976.jpg,0,real,blur_s0.5,0.118282,0,1
data\val\real\000000052007.jpg,0,real,blur_s0.5,0.112859,0,1
data\val\real\000000052017.jpg,0,real,blur_s0.5,0.113583,0,1
data\val\real\000000052412.jpg,0,real,blur_s0.5,0.274036,0,1
data\val\real\000000052413.jpg,0,real,blur_s0.5,0.002843,0,1
data\val\real\000000052462.jpg,0,real,blur_s0.5,0.278343,0,1
data\val\real\000000052507.jpg,0,real,blur_s0.5,0.048009,0,1
data\val\real\000000052565.jpg,0,real,blur_s0.5,0.156438,0,1
data\val\real\000000052591.jpg,0,real,blur_s0.5,0.136223,0,1
data\val\real\000000052891.jpg,0,real,blur_s0.5,0.069109,0,1
data\val\real\000000052996.jpg,0,real,blur_s0.5,0.007552,0,1
data\val\real\000000053505.jpg,0,real,blur_s0.5,0.194609,0,1
data\val\real\000000053529.jpg,0,real,blur_s0.5,0.014663,0,1
data\val\real\000000053624.jpg,0,real,blur_s0.5,0.018474,0,1
data\val\real\000000053626.jpg,0,real,blur_s0.5,0.002604,0,1
data\val\real\000000053909.jpg,0,real,blur_s0.5,0.054272,0,1
data\val\real\000000053994.jpg,0,real,blur_s0.5,0.360160,0,1
data\val\real\000000054123.jpg,0,real,blur_s0.5,0.164914,0,1
data\val\real\000000054164.jpg,0,real,blur_s0.5,0.155279,0,1
data\val\real\000000054592.jpg,0,real,blur_s0.5,0.085281,0,1
data\val\real\000000054593.jpg,0,real,blur_s0.5,0.063120,0,1
data\val\real\000000054605.jpg,0,real,blur_s0.5,0.037755,0,1
data\val\real\000000054628.jpg,0,real,blur_s0.5,0.016948,0,1
data\val\real\000000054654.jpg,0,real,blur_s0.5,0.004943,0,1
data\val\real\000000054931.jpg,0,real,blur_s0.5,0.514834,1,0
data\val\real\000000054967.jpg,0,real,blur_s0.5,0.565059,1,0
data\val\real\000000055002.jpg,0,real,blur_s0.5,0.065770,0,1
data\val\real\000000055022.jpg,0,real,blur_s0.5,0.054140,0,1
data\val\real\000000055072.jpg,0,real,blur_s0.5,0.197103,0,1
data\val\real\000000055150.jpg,0,real,blur_s0.5,0.032566,0,1
data\val\real\000000055167.jpg,0,real,blur_s0.5,0.004012,0,1
data\val\real\000000055299.jpg,0,real,blur_s0.5,0.090455,0,1
data\val\real\000000055528.jpg,0,real,blur_s0.5,0.004137,0,1
data\val\real\000000055950.jpg,0,real,blur_s0.5,0.021235,0,1
data\val\real\000000056127.jpg,0,real,blur_s0.5,0.392929,0,1
data\val\real\000000056288.jpg,0,real,blur_s0.5,0.071431,0,1
data\val\real\000000056344.jpg,0,real,blur_s0.5,0.342297,0,1
data\val\real\000000056350.jpg,0,real,blur_s0.5,0.268751,0,1
data\val\real\000000056545.jpg,0,real,blur_s0.5,0.004923,0,1
data\val\ai\ai_000001.png,1,ai,blur_s0.5,0.989913,1,1
data\val\ai\ai_000002.png,1,ai,blur_s0.5,0.989773,1,1
data\val\ai\ai_000003.png,1,ai,blur_s0.5,0.978790,1,1
data\val\ai\ai_000004.png,1,ai,blur_s0.5,0.987429,1,1
data\val\ai\ai_000005.png,1,ai,blur_s0.5,0.994175,1,1
data\val\ai\ai_000006.png,1,ai,blur_s0.5,0.954859,1,1
data\val\ai\ai_000007.png,1,ai,blur_s0.5,0.976257,1,1
data\val\ai\ai_000008.png,1,ai,blur_s0.5,0.937114,1,1
data\val\ai\ai_000009.png,1,ai,blur_s0.5,0.971837,1,1
data\val\ai\ai_000010.png,1,ai,blur_s0.5,0.980516,1,1
data\val\ai\ai_000011.png,1,ai,blur_s0.5,0.986439,1,1
data\val\ai\ai_000012.png,1,ai,blur_s0.5,0.988571,1,1
data\val\ai\ai_000013.png,1,ai,blur_s0.5,0.996693,1,1
data\val\ai\ai_000014.png,1,ai,blur_s0.5,0.997841,1,1
data\val\ai\ai_000015.png,1,ai,blur_s0.5,0.995636,1,1
data\val\ai\ai_000016.png,1,ai,blur_s0.5,0.931688,1,1
data\val\ai\ai_000017.png,1,ai,blur_s0.5,0.978436,1,1
data\val\ai\ai_000018.png,1,ai,blur_s0.5,0.992862,1,1
data\val\ai\ai_000019.png,1,ai,blur_s0.5,0.790427,1,1
data\val\ai\ai_000020.png,1,ai,blur_s0.5,0.948295,1,1
data\val\ai\ai_000021.png,1,ai,blur_s0.5,0.998942,1,1
data\val\ai\ai_000022.png,1,ai,blur_s0.5,0.797188,1,1
data\val\ai\ai_000023.png,1,ai,blur_s0.5,0.983521,1,1
data\val\ai\ai_000024.png,1,ai,blur_s0.5,0.938045,1,1
data\val\ai\ai_000025.png,1,ai,blur_s0.5,0.983327,1,1
data\val\ai\ai_000026.png,1,ai,blur_s0.5,0.722548,1,1
data\val\ai\ai_000027.png,1,ai,blur_s0.5,0.965557,1,1
data\val\ai\ai_000028.png,1,ai,blur_s0.5,0.996196,1,1
data\val\ai\ai_000029.png,1,ai,blur_s0.5,0.997307,1,1
data\val\ai\ai_000030.png,1,ai,blur_s0.5,0.890448,1,1
data\val\ai\ai_000031.png,1,ai,blur_s0.5,0.884773,1,1
data\val\ai\ai_000032.png,1,ai,blur_s0.5,0.967919,1,1
data\val\ai\ai_000033.png,1,ai,blur_s0.5,0.992192,1,1
data\val\ai\ai_000034.png,1,ai,blur_s0.5,0.994654,1,1
data\val\ai\ai_000035.png,1,ai,blur_s0.5,0.996212,1,1
data\val\ai\ai_000036.png,1,ai,blur_s0.5,0.997435,1,1
data\val\ai\ai_000037.png,1,ai,blur_s0.5,0.990680,1,1
data\val\ai\ai_000038.png,1,ai,blur_s0.5,0.970133,1,1
data\val\ai\ai_000039.png,1,ai,blur_s0.5,0.995133,1,1
data\val\ai\ai_000040.png,1,ai,blur_s0.5,0.814357,1,1
data\val\ai\ai_000041.png,1,ai,blur_s0.5,0.999834,1,1
data\val\ai\ai_000042.png,1,ai,blur_s0.5,0.999351,1,1
data\val\ai\ai_000043.png,1,ai,blur_s0.5,0.999802,1,1
data\val\ai\ai_000044.png,1,ai,blur_s0.5,0.850506,1,1
data\val\ai\ai_000045.png,1,ai,blur_s0.5,0.998909,1,1
data\val\ai\ai_000046.png,1,ai,blur_s0.5,0.901602,1,1
data\val\ai\ai_000047.png,1,ai,blur_s0.5,0.973725,1,1
data\val\ai\ai_000048.png,1,ai,blur_s0.5,0.940522,1,1
data\val\ai\ai_000049.png,1,ai,blur_s0.5,0.986273,1,1
data\val\ai\ai_000050.png,1,ai,blur_s0.5,0.977905,1,1
data\val\ai\ai_000051.png,1,ai,blur_s0.5,0.994592,1,1
data\val\ai\ai_000052.png,1,ai,blur_s0.5,0.998549,1,1
data\val\ai\ai_000053.png,1,ai,blur_s0.5,0.995430,1,1
data\val\ai\ai_000054.png,1,ai,blur_s0.5,0.983292,1,1
data\val\ai\ai_000055.png,1,ai,blur_s0.5,0.800424,1,1
data\val\ai\ai_000056.png,1,ai,blur_s0.5,0.931936,1,1
data\val\ai\ai_000057.png,1,ai,blur_s0.5,0.952700,1,1
data\val\ai\ai_000058.png,1,ai,blur_s0.5,0.424347,0,0
data\val\ai\ai_000059.png,1,ai,blur_s0.5,0.965001,1,1
data\val\ai\ai_000060.png,1,ai,blur_s0.5,0.860030,1,1
data\val\ai\ai_000061.png,1,ai,blur_s0.5,0.985499,1,1
data\val\ai\ai_000062.png,1,ai,blur_s0.5,0.993891,1,1
data\val\ai\ai_000063.png,1,ai,blur_s0.5,0.996439,1,1
data\val\ai\ai_000064.png,1,ai,blur_s0.5,0.839253,1,1
data\val\ai\ai_000065.png,1,ai,blur_s0.5,0.987211,1,1
data\val\ai\ai_000066.png,1,ai,blur_s0.5,0.958282,1,1
data\val\ai\ai_000067.png,1,ai,blur_s0.5,0.997808,1,1
data\val\ai\ai_000068.png,1,ai,blur_s0.5,0.876748,1,1
data\val\ai\ai_000069.png,1,ai,blur_s0.5,0.998255,1,1
data\val\ai\ai_000070.png,1,ai,blur_s0.5,0.959221,1,1
data\val\ai\ai_000071.png,1,ai,blur_s0.5,0.999410,1,1
data\val\ai\ai_000072.png,1,ai,blur_s0.5,0.946047,1,1
data\val\ai\ai_000073.png,1,ai,blur_s0.5,0.998532,1,1
data\val\ai\ai_000074.png,1,ai,blur_s0.5,0.998162,1,1
data\val\ai\ai_000075.png,1,ai,blur_s0.5,0.998461,1,1
data\val\ai\ai_000076.png,1,ai,blur_s0.5,0.981000,1,1
data\val\ai\ai_000077.png,1,ai,blur_s0.5,0.987897,1,1
data\val\ai\ai_000078.png,1,ai,blur_s0.5,0.613593,1,1
data\val\ai\ai_000079.png,1,ai,blur_s0.5,0.897549,1,1
data\val\ai\ai_000080.png,1,ai,blur_s0.5,0.861136,1,1
data\val\ai\ai_000081.png,1,ai,blur_s0.5,0.997347,1,1
data\val\ai\ai_000082.png,1,ai,blur_s0.5,0.998974,1,1
data\val\ai\ai_000083.png,1,ai,blur_s0.5,0.989191,1,1
data\val\ai\ai_000084.png,1,ai,blur_s0.5,0.986480,1,1
data\val\ai\ai_000085.png,1,ai,blur_s0.5,0.983102,1,1
data\val\ai\ai_000086.png,1,ai,blur_s0.5,0.803368,1,1
data\val\ai\ai_000087.png,1,ai,blur_s0.5,0.995343,1,1
data\val\ai\ai_000088.png,1,ai,blur_s0.5,0.945380,1,1
data\val\ai\ai_000089.png,1,ai,blur_s0.5,0.963820,1,1
data\val\ai\ai_000090.png,1,ai,blur_s0.5,0.900596,1,1
data\val\ai\ai_000091.png,1,ai,blur_s0.5,0.980238,1,1
data\val\ai\ai_000092.png,1,ai,blur_s0.5,0.995947,1,1
data\val\ai\ai_000093.png,1,ai,blur_s0.5,0.993947,1,1
data\val\ai\ai_000094.png,1,ai,blur_s0.5,0.999135,1,1
data\val\ai\ai_000095.png,1,ai,blur_s0.5,0.990628,1,1
data\val\ai\ai_000096.png,1,ai,blur_s0.5,0.989016,1,1
data\val\ai\ai_000097.png,1,ai,blur_s0.5,0.637956,1,1
data\val\ai\ai_000098.png,1,ai,blur_s0.5,0.972831,1,1
data\val\ai\ai_000099.png,1,ai,blur_s0.5,0.758717,1,1
data\val\ai\ai_000100.png,1,ai,blur_s0.5,0.981368,1,1
data\val\ai\ai_000101.png,1,ai,blur_s0.5,0.994664,1,1
data\val\ai\ai_000102.png,1,ai,blur_s0.5,0.822625,1,1
data\val\ai\ai_000103.png,1,ai,blur_s0.5,0.991549,1,1
data\val\ai\ai_000104.png,1,ai,blur_s0.5,0.994083,1,1
data\val\ai\ai_000105.png,1,ai,blur_s0.5,0.540590,1,1
data\val\ai\ai_000106.png,1,ai,blur_s0.5,0.890649,1,1
data\val\ai\ai_000107.png,1,ai,blur_s0.5,0.970571,1,1
data\val\ai\ai_000108.png,1,ai,blur_s0.5,0.995427,1,1
data\val\ai\ai_000109.png,1,ai,blur_s0.5,0.999815,1,1
data\val\ai\ai_000110.png,1,ai,blur_s0.5,0.971570,1,1
data\val\ai\ai_000111.png,1,ai,blur_s0.5,0.966762,1,1
data\val\ai\ai_000112.png,1,ai,blur_s0.5,0.901425,1,1
data\val\ai\ai_000113.png,1,ai,blur_s0.5,0.989399,1,1
data\val\ai\ai_000114.png,1,ai,blur_s0.5,0.992292,1,1
data\val\ai\ai_000115.png,1,ai,blur_s0.5,0.981327,1,1
data\val\ai\ai_000116.png,1,ai,blur_s0.5,0.881832,1,1
data\val\ai\ai_000117.png,1,ai,blur_s0.5,0.988460,1,1
data\val\ai\ai_000118.png,1,ai,blur_s0.5,0.995753,1,1
data\val\ai\ai_000119.png,1,ai,blur_s0.5,0.977083,1,1
data\val\ai\ai_000120.png,1,ai,blur_s0.5,0.863380,1,1
data\val\ai\ai_000121.png,1,ai,blur_s0.5,0.998777,1,1
data\val\ai\ai_000122.png,1,ai,blur_s0.5,0.986197,1,1
data\val\ai\ai_000123.png,1,ai,blur_s0.5,0.938472,1,1
data\val\ai\ai_000124.png,1,ai,blur_s0.5,0.868663,1,1
data\val\ai\ai_000125.png,1,ai,blur_s0.5,0.997791,1,1
data\val\ai\ai_000126.png,1,ai,blur_s0.5,0.970955,1,1
data\val\ai\ai_000127.png,1,ai,blur_s0.5,0.994612,1,1
data\val\ai\ai_000128.png,1,ai,blur_s0.5,0.992540,1,1
data\val\ai\ai_000129.png,1,ai,blur_s0.5,0.991320,1,1
data\val\ai\ai_000130.png,1,ai,blur_s0.5,0.650458,1,1
data\val\ai\ai_000131.png,1,ai,blur_s0.5,0.995469,1,1
data\val\ai\ai_000132.png,1,ai,blur_s0.5,0.973382,1,1
data\val\ai\ai_000133.png,1,ai,blur_s0.5,0.998411,1,1
data\val\ai\ai_000134.png,1,ai,blur_s0.5,0.996767,1,1
data\val\ai\ai_000135.png,1,ai,blur_s0.5,0.999221,1,1
data\val\ai\ai_000136.png,1,ai,blur_s0.5,0.761335,1,1
data\val\ai\ai_000137.png,1,ai,blur_s0.5,0.932241,1,1
data\val\ai\ai_000138.png,1,ai,blur_s0.5,0.833318,1,1
data\val\ai\ai_000139.png,1,ai,blur_s0.5,0.995993,1,1
data\val\ai\ai_000140.png,1,ai,blur_s0.5,0.890350,1,1
data\val\ai\ai_000141.png,1,ai,blur_s0.5,0.999260,1,1
data\val\ai\ai_000142.png,1,ai,blur_s0.5,0.974457,1,1
data\val\ai\ai_000143.png,1,ai,blur_s0.5,0.998047,1,1
data\val\ai\ai_000144.png,1,ai,blur_s0.5,0.992409,1,1
data\val\ai\ai_000145.png,1,ai,blur_s0.5,0.993732,1,1
data\val\ai\ai_000146.png,1,ai,blur_s0.5,0.991059,1,1
data\val\ai\ai_000147.png,1,ai,blur_s0.5,0.982936,1,1
data\val\ai\ai_000148.png,1,ai,blur_s0.5,0.250232,0,0
data\val\ai\ai_000149.png,1,ai,blur_s0.5,0.996476,1,1
data\val\ai\ai_000150.png,1,ai,blur_s0.5,0.936026,1,1
data\val\ai\ai_000151.png,1,ai,blur_s0.5,0.874068,1,1
data\val\ai\ai_000152.png,1,ai,blur_s0.5,0.966697,1,1
data\val\ai\ai_000153.png,1,ai,blur_s0.5,0.999143,1,1
data\val\ai\ai_000154.png,1,ai,blur_s0.5,0.993912,1,1
data\val\ai\ai_000155.png,1,ai,blur_s0.5,0.994215,1,1
data\val\ai\ai_000156.png,1,ai,blur_s0.5,0.654672,1,1
data\val\ai\ai_000157.png,1,ai,blur_s0.5,0.976255,1,1
data\val\ai\ai_000158.png,1,ai,blur_s0.5,0.432052,0,0
data\val\ai\ai_000159.png,1,ai,blur_s0.5,0.999458,1,1
data\val\ai\ai_000160.png,1,ai,blur_s0.5,0.232038,0,0
data\val\ai\ai_000161.png,1,ai,blur_s0.5,0.994270,1,1
data\val\ai\ai_000162.png,1,ai,blur_s0.5,0.989898,1,1
data\val\ai\ai_000163.png,1,ai,blur_s0.5,0.998677,1,1
data\val\ai\ai_000164.png,1,ai,blur_s0.5,0.999154,1,1
data\val\ai\ai_000165.png,1,ai,blur_s0.5,0.999746,1,1
data\val\ai\ai_000166.png,1,ai,blur_s0.5,0.981187,1,1
data\val\ai\ai_000167.png,1,ai,blur_s0.5,0.980000,1,1
data\val\ai\ai_000168.png,1,ai,blur_s0.5,0.627010,1,1
data\val\ai\ai_000169.png,1,ai,blur_s0.5,0.994480,1,1
data\val\ai\ai_000170.png,1,ai,blur_s0.5,0.985289,1,1
data\val\ai\ai_000171.png,1,ai,blur_s0.5,0.987003,1,1
data\val\ai\ai_000172.png,1,ai,blur_s0.5,0.986202,1,1
data\val\ai\ai_000173.png,1,ai,blur_s0.5,0.984659,1,1
data\val\ai\ai_000174.png,1,ai,blur_s0.5,0.999860,1,1
data\val\ai\ai_000175.png,1,ai,blur_s0.5,0.995314,1,1
data\val\ai\ai_000176.png,1,ai,blur_s0.5,0.990489,1,1
data\val\ai\ai_000177.png,1,ai,blur_s0.5,0.993184,1,1
data\val\ai\ai_000178.png,1,ai,blur_s0.5,0.812209,1,1
data\val\ai\ai_000179.png,1,ai,blur_s0.5,0.999186,1,1
data\val\ai\ai_000180.png,1,ai,blur_s0.5,0.965673,1,1
data\val\ai\ai_000181.png,1,ai,blur_s0.5,0.989270,1,1
data\val\ai\ai_000182.png,1,ai,blur_s0.5,0.923472,1,1
data\val\ai\ai_000183.png,1,ai,blur_s0.5,0.983103,1,1
data\val\ai\ai_000184.png,1,ai,blur_s0.5,0.996437,1,1
data\val\ai\ai_000185.png,1,ai,blur_s0.5,0.987912,1,1
data\val\ai\ai_000186.png,1,ai,blur_s0.5,0.842913,1,1
data\val\ai\ai_000187.png,1,ai,blur_s0.5,0.990984,1,1
data\val\ai\ai_000188.png,1,ai,blur_s0.5,0.748695,1,1
data\val\ai\ai_000189.png,1,ai,blur_s0.5,0.995889,1,1
data\val\ai\ai_000190.png,1,ai,blur_s0.5,0.961382,1,1
data\val\ai\ai_000191.png,1,ai,blur_s0.5,0.841879,1,1
data\val\ai\ai_000192.png,1,ai,blur_s0.5,0.996924,1,1
data\val\ai\ai_000193.png,1,ai,blur_s0.5,0.999717,1,1
data\val\ai\ai_000194.png,1,ai,blur_s0.5,0.989927,1,1
data\val\ai\ai_000195.png,1,ai,blur_s0.5,0.995403,1,1
data\val\ai\ai_000196.png,1,ai,blur_s0.5,0.998441,1,1
data\val\ai\ai_000197.png,1,ai,blur_s0.5,0.953529,1,1
data\val\ai\ai_000198.png,1,ai,blur_s0.5,0.984115,1,1
data\val\ai\ai_000199.png,1,ai,blur_s0.5,0.957970,1,1
data\val\ai\ai_000200.png,1,ai,blur_s0.5,0.940917,1,1
data\val\ai\ai_000201.png,1,ai,blur_s0.5,0.965153,1,1
data\val\ai\ai_000202.png,1,ai,blur_s0.5,0.888691,1,1
data\val\ai\ai_000203.png,1,ai,blur_s0.5,0.999037,1,1
data\val\ai\ai_000204.png,1,ai,blur_s0.5,0.994830,1,1
data\val\ai\ai_000205.png,1,ai,blur_s0.5,0.942603,1,1
data\val\ai\ai_000206.png,1,ai,blur_s0.5,0.999082,1,1
data\val\ai\ai_000207.png,1,ai,blur_s0.5,0.996982,1,1
data\val\ai\ai_000208.png,1,ai,blur_s0.5,0.951675,1,1
data\val\ai\ai_000209.png,1,ai,blur_s0.5,0.998034,1,1
data\val\ai\ai_000210.png,1,ai,blur_s0.5,0.921146,1,1
data\val\ai\ai_000211.png,1,ai,blur_s0.5,0.999370,1,1
data\val\ai\ai_000212.png,1,ai,blur_s0.5,0.999212,1,1
data\val\ai\ai_000213.png,1,ai,blur_s0.5,0.988920,1,1
data\val\ai\ai_000214.png,1,ai,blur_s0.5,0.999579,1,1
data\val\ai\ai_000215.png,1,ai,blur_s0.5,0.974093,1,1
data\val\ai\ai_000216.png,1,ai,blur_s0.5,0.977072,1,1
data\val\ai\ai_000217.png,1,ai,blur_s0.5,0.940997,1,1
data\val\ai\ai_000218.png,1,ai,blur_s0.5,0.911685,1,1
data\val\ai\ai_000219.png,1,ai,blur_s0.5,0.993012,1,1
data\val\ai\ai_000220.png,1,ai,blur_s0.5,0.716707,1,1
data\val\ai\ai_000221.png,1,ai,blur_s0.5,0.991280,1,1
data\val\ai\ai_000222.png,1,ai,blur_s0.5,0.924934,1,1
data\val\ai\ai_000223.png,1,ai,blur_s0.5,0.997860,1,1
data\val\ai\ai_000224.png,1,ai,blur_s0.5,0.986621,1,1
data\val\ai\ai_000225.png,1,ai,blur_s0.5,0.993038,1,1
data\val\ai\ai_000226.png,1,ai,blur_s0.5,0.988791,1,1
data\val\ai\ai_000227.png,1,ai,blur_s0.5,0.974049,1,1
data\val\ai\ai_000228.png,1,ai,blur_s0.5,0.142109,0,0
data\val\ai\ai_000229.png,1,ai,blur_s0.5,0.994258,1,1
data\val\ai\ai_000230.png,1,ai,blur_s0.5,0.966812,1,1
data\val\ai\ai_000231.png,1,ai,blur_s0.5,0.999595,1,1
data\val\ai\ai_000232.png,1,ai,blur_s0.5,0.934963,1,1
data\val\ai\ai_000233.png,1,ai,blur_s0.5,0.983092,1,1
data\val\ai\ai_000234.png,1,ai,blur_s0.5,0.999614,1,1
data\val\ai\ai_000235.png,1,ai,blur_s0.5,0.997255,1,1
data\val\ai\ai_000236.png,1,ai,blur_s0.5,0.960653,1,1
data\val\ai\ai_000237.png,1,ai,blur_s0.5,0.945297,1,1
data\val\ai\ai_000238.png,1,ai,blur_s0.5,0.904415,1,1
data\val\ai\ai_000239.png,1,ai,blur_s0.5,0.882054,1,1
data\val\ai\ai_000240.png,1,ai,blur_s0.5,0.888597,1,1
data\val\ai\ai_000241.png,1,ai,blur_s0.5,0.979982,1,1
data\val\ai\ai_000242.png,1,ai,blur_s0.5,0.999217,1,1
data\val\ai\ai_000243.png,1,ai,blur_s0.5,0.989647,1,1
data\val\ai\ai_000244.png,1,ai,blur_s0.5,0.997162,1,1
data\val\ai\ai_000245.png,1,ai,blur_s0.5,0.930804,1,1
data\val\ai\ai_000246.png,1,ai,blur_s0.5,0.998161,1,1
data\val\ai\ai_000247.png,1,ai,blur_s0.5,0.917962,1,1
data\val\ai\ai_000248.png,1,ai,blur_s0.5,0.992735,1,1
data\val\ai\ai_000249.png,1,ai,blur_s0.5,0.998716,1,1
data\val\ai\ai_000250.png,1,ai,blur_s0.5,0.590037,1,1
data\val\ai\ai_000251.png,1,ai,blur_s0.5,0.961426,1,1
data\val\ai\ai_000252.png,1,ai,blur_s0.5,0.995524,1,1
data\val\ai\ai_000253.png,1,ai,blur_s0.5,0.998057,1,1
data\val\ai\ai_000254.png,1,ai,blur_s0.5,0.953812,1,1
data\val\ai\ai_000255.png,1,ai,blur_s0.5,0.845438,1,1
data\val\ai\ai_000256.png,1,ai,blur_s0.5,0.502930,1,1
data\val\ai\ai_000257.png,1,ai,blur_s0.5,0.992749,1,1
data\val\ai\ai_000258.png,1,ai,blur_s0.5,0.907133,1,1
data\val\ai\ai_000259.png,1,ai,blur_s0.5,0.998896,1,1
data\val\ai\ai_000260.png,1,ai,blur_s0.5,0.689327,1,1
data\val\ai\ai_000261.png,1,ai,blur_s0.5,0.992078,1,1
data\val\ai\ai_000262.png,1,ai,blur_s0.5,0.997165,1,1
data\val\ai\ai_000263.png,1,ai,blur_s0.5,0.992812,1,1
data\val\ai\ai_000264.png,1,ai,blur_s0.5,0.999541,1,1
data\val\ai\ai_000265.png,1,ai,blur_s0.5,0.992907,1,1
data\val\ai\ai_000266.png,1,ai,blur_s0.5,0.949575,1,1
data\val\ai\ai_000267.png,1,ai,blur_s0.5,0.996726,1,1
data\val\ai\ai_000268.png,1,ai,blur_s0.5,0.907735,1,1
data\val\ai\ai_000269.png,1,ai,blur_s0.5,0.995899,1,1
data\val\ai\ai_000270.png,1,ai,blur_s0.5,0.819901,1,1
data\val\ai\ai_000271.png,1,ai,blur_s0.5,0.992075,1,1
data\val\ai\ai_000272.png,1,ai,blur_s0.5,0.997236,1,1
data\val\ai\ai_000273.png,1,ai,blur_s0.5,0.998129,1,1
data\val\ai\ai_000274.png,1,ai,blur_s0.5,0.994988,1,1
data\val\ai\ai_000275.png,1,ai,blur_s0.5,0.997186,1,1
data\val\ai\ai_000276.png,1,ai,blur_s0.5,0.996189,1,1
data\val\ai\ai_000277.png,1,ai,blur_s0.5,0.980575,1,1
data\val\ai\ai_000278.png,1,ai,blur_s0.5,0.994379,1,1
data\val\ai\ai_000279.png,1,ai,blur_s0.5,0.985548,1,1
data\val\ai\ai_000280.png,1,ai,blur_s0.5,0.876748,1,1
data\val\ai\ai_000281.png,1,ai,blur_s0.5,0.959811,1,1
data\val\ai\ai_000282.png,1,ai,blur_s0.5,0.890010,1,1
data\val\ai\ai_000283.png,1,ai,blur_s0.5,0.998154,1,1
data\val\ai\ai_000284.png,1,ai,blur_s0.5,0.984513,1,1
data\val\ai\ai_000285.png,1,ai,blur_s0.5,0.995481,1,1
data\val\ai\ai_000286.png,1,ai,blur_s0.5,0.992690,1,1
data\val\ai\ai_000287.png,1,ai,blur_s0.5,0.981616,1,1
data\val\ai\ai_000288.png,1,ai,blur_s0.5,0.324392,0,0
data\val\ai\ai_000289.png,1,ai,blur_s0.5,0.994296,1,1
data\val\ai\ai_000290.png,1,ai,blur_s0.5,0.732066,1,1
data\val\ai\ai_000291.png,1,ai,blur_s0.5,0.998362,1,1
data\val\ai\ai_000292.png,1,ai,blur_s0.5,0.994505,1,1
data\val\ai\ai_000293.png,1,ai,blur_s0.5,0.539327,1,1
data\val\ai\ai_000294.png,1,ai,blur_s0.5,0.992607,1,1
data\val\ai\ai_000295.png,1,ai,blur_s0.5,0.994219,1,1
data\val\ai\ai_000296.png,1,ai,blur_s0.5,0.998384,1,1
data\val\ai\ai_000297.png,1,ai,blur_s0.5,0.997337,1,1
data\val\ai\ai_000298.png,1,ai,blur_s0.5,0.988189,1,1
data\val\ai\ai_000299.png,1,ai,blur_s0.5,0.966459,1,1
data\val\ai\ai_000300.png,1,ai,blur_s0.5,0.641567,1,1
data\val\ai\ai_000301.png,1,ai,blur_s0.5,0.943840,1,1
data\val\ai\ai_000302.png,1,ai,blur_s0.5,0.693183,1,1
data\val\ai\ai_000303.png,1,ai,blur_s0.5,0.979293,1,1
data\val\ai\ai_000304.png,1,ai,blur_s0.5,0.994145,1,1
data\val\ai\ai_000305.png,1,ai,blur_s0.5,0.956957,1,1
data\val\ai\ai_000306.png,1,ai,blur_s0.5,0.988000,1,1
data\val\ai\ai_000307.png,1,ai,blur_s0.5,0.960724,1,1
data\val\ai\ai_000308.png,1,ai,blur_s0.5,0.921198,1,1
data\val\ai\ai_000309.png,1,ai,blur_s0.5,0.949244,1,1
data\val\ai\ai_000310.png,1,ai,blur_s0.5,0.918259,1,1
data\val\ai\ai_000311.png,1,ai,blur_s0.5,0.982970,1,1
data\val\ai\ai_000312.png,1,ai,blur_s0.5,0.957222,1,1
data\val\ai\ai_000313.png,1,ai,blur_s0.5,0.775702,1,1
data\val\ai\ai_000314.png,1,ai,blur_s0.5,0.996541,1,1
data\val\ai\ai_000315.png,1,ai,blur_s0.5,0.996532,1,1
data\val\ai\ai_000316.png,1,ai,blur_s0.5,0.996122,1,1
data\val\ai\ai_000317.png,1,ai,blur_s0.5,0.999096,1,1
data\val\ai\ai_000318.png,1,ai,blur_s0.5,0.165761,0,0
data\val\ai\ai_000319.png,1,ai,blur_s0.5,0.949305,1,1
data\val\ai\ai_000320.png,1,ai,blur_s0.5,0.977130,1,1
data\val\ai\ai_000321.png,1,ai,blur_s0.5,0.992448,1,1
data\val\ai\ai_000322.png,1,ai,blur_s0.5,0.924970,1,1
data\val\ai\ai_000323.png,1,ai,blur_s0.5,0.998389,1,1
data\val\ai\ai_000324.png,1,ai,blur_s0.5,0.999347,1,1
data\val\ai\ai_000325.png,1,ai,blur_s0.5,0.987307,1,1
data\val\ai\ai_000326.png,1,ai,blur_s0.5,0.994819,1,1
data\val\ai\ai_000327.png,1,ai,blur_s0.5,0.999329,1,1
data\val\ai\ai_000328.png,1,ai,blur_s0.5,0.933076,1,1
data\val\ai\ai_000329.png,1,ai,blur_s0.5,0.978338,1,1
data\val\ai\ai_000330.png,1,ai,blur_s0.5,0.967437,1,1
data\val\ai\ai_000331.png,1,ai,blur_s0.5,0.985016,1,1
data\val\ai\ai_000332.png,1,ai,blur_s0.5,0.853482,1,1
data\val\ai\ai_000333.png,1,ai,blur_s0.5,0.996705,1,1
data\val\ai\ai_000334.png,1,ai,blur_s0.5,0.966234,1,1
data\val\ai\ai_000335.png,1,ai,blur_s0.5,0.998803,1,1
data\val\ai\ai_000336.png,1,ai,blur_s0.5,0.875087,1,1
data\val\ai\ai_000337.png,1,ai,blur_s0.5,0.998329,1,1
data\val\ai\ai_000338.png,1,ai,blur_s0.5,0.633874,1,1
data\val\ai\ai_000339.png,1,ai,blur_s0.5,0.998456,1,1
data\val\ai\ai_000340.png,1,ai,blur_s0.5,0.975873,1,1
data\val\ai\ai_000341.png,1,ai,blur_s0.5,0.988584,1,1
data\val\ai\ai_000342.png,1,ai,blur_s0.5,0.676203,1,1
data\val\ai\ai_000343.png,1,ai,blur_s0.5,0.998677,1,1
data\val\ai\ai_000344.png,1,ai,blur_s0.5,0.992675,1,1
data\val\ai\ai_000345.png,1,ai,blur_s0.5,0.988979,1,1
data\val\ai\ai_000346.png,1,ai,blur_s0.5,0.997308,1,1
data\val\ai\ai_000347.png,1,ai,blur_s0.5,0.983113,1,1
data\val\ai\ai_000348.png,1,ai,blur_s0.5,0.953360,1,1
data\val\ai\ai_000349.png,1,ai,blur_s0.5,0.998385,1,1
data\val\ai\ai_000350.png,1,ai,blur_s0.5,0.818540,1,1
data\val\ai\ai_000351.png,1,ai,blur_s0.5,0.984396,1,1
data\val\ai\ai_000352.png,1,ai,blur_s0.5,0.924545,1,1
data\val\ai\ai_000353.png,1,ai,blur_s0.5,0.972435,1,1
data\val\ai\ai_000354.png,1,ai,blur_s0.5,0.998493,1,1
data\val\ai\ai_000355.png,1,ai,blur_s0.5,0.993108,1,1
data\val\ai\ai_000356.png,1,ai,blur_s0.5,0.926135,1,1
data\val\ai\ai_000357.png,1,ai,blur_s0.5,0.978716,1,1
data\val\ai\ai_000358.png,1,ai,blur_s0.5,0.208288,0,0
data\val\ai\ai_000359.png,1,ai,blur_s0.5,0.995995,1,1
data\val\ai\ai_000360.png,1,ai,blur_s0.5,0.926728,1,1
data\val\ai\ai_000361.png,1,ai,blur_s0.5,0.996678,1,1
data\val\ai\ai_000362.png,1,ai,blur_s0.5,0.869853,1,1
data\val\ai\ai_000363.png,1,ai,blur_s0.5,0.997905,1,1
data\val\ai\ai_000364.png,1,ai,blur_s0.5,0.999088,1,1
data\val\ai\ai_000365.png,1,ai,blur_s0.5,0.751461,1,1
data\val\ai\ai_000366.png,1,ai,blur_s0.5,0.903311,1,1
data\val\ai\ai_000367.png,1,ai,blur_s0.5,0.988369,1,1
data\val\ai\ai_000368.png,1,ai,blur_s0.5,0.469636,0,0
data\val\ai\ai_000369.png,1,ai,blur_s0.5,0.994677,1,1
data\val\ai\ai_000370.png,1,ai,blur_s0.5,0.586810,1,1
data\val\ai\ai_000371.png,1,ai,blur_s0.5,0.979657,1,1
data\val\ai\ai_000372.png,1,ai,blur_s0.5,0.953956,1,1
data\val\ai\ai_000373.png,1,ai,blur_s0.5,0.977906,1,1
data\val\ai\ai_000374.png,1,ai,blur_s0.5,0.999013,1,1
data\val\ai\ai_000375.png,1,ai,blur_s0.5,0.995711,1,1
data\val\ai\ai_000376.png,1,ai,blur_s0.5,0.699172,1,1
data\val\ai\ai_000377.png,1,ai,blur_s0.5,0.919111,1,1
data\val\ai\ai_000378.png,1,ai,blur_s0.5,0.995882,1,1
data\val\ai\ai_000379.png,1,ai,blur_s0.5,0.918661,1,1
data\val\ai\ai_000380.png,1,ai,blur_s0.5,0.910907,1,1
data\val\ai\ai_000381.png,1,ai,blur_s0.5,0.928716,1,1
data\val\ai\ai_000382.png,1,ai,blur_s0.5,0.732354,1,1
data\val\ai\ai_000383.png,1,ai,blur_s0.5,0.992168,1,1
data\val\ai\ai_000384.png,1,ai,blur_s0.5,0.949944,1,1
data\val\ai\ai_000385.png,1,ai,blur_s0.5,0.993311,1,1
data\val\ai\ai_000386.png,1,ai,blur_s0.5,0.963244,1,1
data\val\ai\ai_000387.png,1,ai,blur_s0.5,0.998404,1,1
data\val\ai\ai_000388.png,1,ai,blur_s0.5,0.994701,1,1
data\val\ai\ai_000389.png,1,ai,blur_s0.5,0.973087,1,1
data\val\ai\ai_000390.png,1,ai,blur_s0.5,0.997807,1,1
data\val\ai\ai_000391.png,1,ai,blur_s0.5,0.959548,1,1
data\val\ai\ai_000392.png,1,ai,blur_s0.5,0.918564,1,1
data\val\ai\ai_000393.png,1,ai,blur_s0.5,0.995376,1,1
data\val\ai\ai_000394.png,1,ai,blur_s0.5,0.998012,1,1
data\val\ai\ai_000395.png,1,ai,blur_s0.5,0.980227,1,1
data\val\ai\ai_000396.png,1,ai,blur_s0.5,0.982455,1,1
data\val\ai\ai_000397.png,1,ai,blur_s0.5,0.996211,1,1
data\val\ai\ai_000398.png,1,ai,blur_s0.5,0.868497,1,1
data\val\ai\ai_000399.png,1,ai,blur_s0.5,0.975765,1,1
data\val\ai\ai_000400.png,1,ai,blur_s0.5,0.720306,1,1
data\val\ai\ai_000401.png,1,ai,blur_s0.5,0.994847,1,1
data\val\ai\ai_000402.png,1,ai,blur_s0.5,0.984974,1,1
data\val\ai\ai_000403.png,1,ai,blur_s0.5,0.994056,1,1
data\val\ai\ai_000404.png,1,ai,blur_s0.5,0.985027,1,1
data\val\ai\ai_000405.png,1,ai,blur_s0.5,0.998848,1,1
data\val\ai\ai_000406.png,1,ai,blur_s0.5,0.999493,1,1
data\val\ai\ai_000407.png,1,ai,blur_s0.5,0.903527,1,1
data\val\ai\ai_000408.png,1,ai,blur_s0.5,0.986225,1,1
data\val\ai\ai_000409.png,1,ai,blur_s0.5,0.982894,1,1
data\val\ai\ai_000410.png,1,ai,blur_s0.5,0.889733,1,1
data\val\ai\ai_000411.png,1,ai,blur_s0.5,0.997419,1,1
data\val\ai\ai_000412.png,1,ai,blur_s0.5,0.998247,1,1
data\val\ai\ai_000413.png,1,ai,blur_s0.5,0.987411,1,1
data\val\ai\ai_000414.png,1,ai,blur_s0.5,0.999715,1,1
data\val\ai\ai_000415.png,1,ai,blur_s0.5,0.992325,1,1
data\val\ai\ai_000416.png,1,ai,blur_s0.5,0.907292,1,1
data\val\ai\ai_000417.png,1,ai,blur_s0.5,0.992586,1,1
data\val\ai\ai_000418.png,1,ai,blur_s0.5,0.347207,0,0
data\val\ai\ai_000419.png,1,ai,blur_s0.5,0.960169,1,1
data\val\ai\ai_000420.png,1,ai,blur_s0.5,0.929439,1,1
data\val\ai\ai_000421.png,1,ai,blur_s0.5,0.998876,1,1
data\val\ai\ai_000422.png,1,ai,blur_s0.5,0.518901,1,1
data\val\ai\ai_000423.png,1,ai,blur_s0.5,0.960756,1,1
data\val\ai\ai_000424.png,1,ai,blur_s0.5,0.999695,1,1
data\val\ai\ai_000425.png,1,ai,blur_s0.5,0.947168,1,1
data\val\ai\ai_000426.png,1,ai,blur_s0.5,0.647758,1,1
data\val\ai\ai_000427.png,1,ai,blur_s0.5,0.995190,1,1
data\val\ai\ai_000428.png,1,ai,blur_s0.5,0.983530,1,1
data\val\ai\ai_000429.png,1,ai,blur_s0.5,0.996450,1,1
data\val\ai\ai_000430.png,1,ai,blur_s0.5,0.956439,1,1
data\val\ai\ai_000431.png,1,ai,blur_s0.5,0.943416,1,1
data\val\ai\ai_000432.png,1,ai,blur_s0.5,0.994510,1,1
data\val\ai\ai_000433.png,1,ai,blur_s0.5,0.998873,1,1
data\val\ai\ai_000434.png,1,ai,blur_s0.5,0.980955,1,1
data\val\ai\ai_000435.png,1,ai,blur_s0.5,0.989126,1,1
data\val\ai\ai_000436.png,1,ai,blur_s0.5,0.991886,1,1
data\val\ai\ai_000437.png,1,ai,blur_s0.5,0.976741,1,1
data\val\ai\ai_000438.png,1,ai,blur_s0.5,0.991251,1,1
data\val\ai\ai_000439.png,1,ai,blur_s0.5,0.848152,1,1
data\val\ai\ai_000440.png,1,ai,blur_s0.5,0.958975,1,1
data\val\ai\ai_000441.png,1,ai,blur_s0.5,0.899133,1,1
data\val\ai\ai_000442.png,1,ai,blur_s0.5,0.989981,1,1
data\val\ai\ai_000443.png,1,ai,blur_s0.5,0.998327,1,1
data\val\ai\ai_000444.png,1,ai,blur_s0.5,0.998617,1,1
data\val\ai\ai_000445.png,1,ai,blur_s0.5,0.989118,1,1
data\val\ai\ai_000446.png,1,ai,blur_s0.5,0.989296,1,1
data\val\ai\ai_000447.png,1,ai,blur_s0.5,0.992058,1,1
data\val\ai\ai_000448.png,1,ai,blur_s0.5,0.312641,0,0
data\val\ai\ai_000449.png,1,ai,blur_s0.5,0.999534,1,1
data\val\ai\ai_000450.png,1,ai,blur_s0.5,0.995123,1,1
data\val\ai\ai_000451.png,1,ai,blur_s0.5,0.962220,1,1
data\val\ai\ai_000452.png,1,ai,blur_s0.5,0.903725,1,1
data\val\ai\ai_000453.png,1,ai,blur_s0.5,0.998508,1,1
data\val\ai\ai_000454.png,1,ai,blur_s0.5,0.957054,1,1
data\val\ai\ai_000455.png,1,ai,blur_s0.5,0.996941,1,1
data\val\ai\ai_000456.png,1,ai,blur_s0.5,0.985429,1,1
data\val\ai\ai_000457.png,1,ai,blur_s0.5,0.984664,1,1
data\val\ai\ai_000458.png,1,ai,blur_s0.5,0.959381,1,1
data\val\ai\ai_000459.png,1,ai,blur_s0.5,0.715069,1,1
data\val\ai\ai_000460.png,1,ai,blur_s0.5,0.952166,1,1
data\val\ai\ai_000461.png,1,ai,blur_s0.5,0.925652,1,1
data\val\ai\ai_000462.png,1,ai,blur_s0.5,0.975101,1,1
data\val\ai\ai_000463.png,1,ai,blur_s0.5,0.993619,1,1
data\val\ai\ai_000464.png,1,ai,blur_s0.5,0.993657,1,1
data\val\ai\ai_000465.png,1,ai,blur_s0.5,0.997453,1,1
data\val\ai\ai_000466.png,1,ai,blur_s0.5,0.582693,1,1
data\val\ai\ai_000467.png,1,ai,blur_s0.5,0.983132,1,1
data\val\ai\ai_000468.png,1,ai,blur_s0.5,0.842584,1,1
data\val\ai\ai_000469.png,1,ai,blur_s0.5,0.998177,1,1
data\val\ai\ai_000470.png,1,ai,blur_s0.5,0.812751,1,1
data\val\ai\ai_000471.png,1,ai,blur_s0.5,0.999376,1,1
data\val\ai\ai_000472.png,1,ai,blur_s0.5,0.985372,1,1
data\val\ai\ai_000473.png,1,ai,blur_s0.5,0.856067,1,1
data\val\ai\ai_000474.png,1,ai,blur_s0.5,0.995313,1,1
data\val\ai\ai_000475.png,1,ai,blur_s0.5,0.998410,1,1
data\val\ai\ai_000476.png,1,ai,blur_s0.5,0.919397,1,1
data\val\ai\ai_000477.png,1,ai,blur_s0.5,0.987584,1,1
data\val\ai\ai_000478.png,1,ai,blur_s0.5,0.989684,1,1
data\val\ai\ai_000479.png,1,ai,blur_s0.5,0.937434,1,1
data\val\ai\ai_000480.png,1,ai,blur_s0.5,0.889264,1,1
data\val\ai\ai_000481.png,1,ai,blur_s0.5,0.998128,1,1
data\val\ai\ai_000482.png,1,ai,blur_s0.5,0.871899,1,1
data\val\ai\ai_000483.png,1,ai,blur_s0.5,0.863337,1,1
data\val\ai\ai_000484.png,1,ai,blur_s0.5,0.994448,1,1
data\val\ai\ai_000485.png,1,ai,blur_s0.5,0.966887,1,1
data\val\ai\ai_000486.png,1,ai,blur_s0.5,0.994741,1,1
data\val\ai\ai_000487.png,1,ai,blur_s0.5,0.993225,1,1
data\val\ai\ai_000488.png,1,ai,blur_s0.5,0.687870,1,1
data\val\ai\ai_000489.png,1,ai,blur_s0.5,0.994465,1,1
data\val\ai\ai_000490.png,1,ai,blur_s0.5,0.954300,1,1
data\val\ai\ai_000491.png,1,ai,blur_s0.5,0.974709,1,1
data\val\ai\ai_000492.png,1,ai,blur_s0.5,0.992861,1,1
data\val\ai\ai_000493.png,1,ai,blur_s0.5,0.953443,1,1
data\val\ai\ai_000494.png,1,ai,blur_s0.5,0.997259,1,1
data\val\ai\ai_000495.png,1,ai,blur_s0.5,0.985934,1,1
data\val\ai\ai_000496.png,1,ai,blur_s0.5,0.869737,1,1
data\val\ai\ai_000497.png,1,ai,blur_s0.5,0.991475,1,1
data\val\ai\ai_000498.png,1,ai,blur_s0.5,0.881395,1,1
data\val\ai\ai_000499.png,1,ai,blur_s0.5,0.998260,1,1
data\val\ai\ai_000500.png,1,ai,blur_s0.5,0.910536,1,1
data\val\real\000000000139.jpg,0,real,blur_s1.0,0.815067,1,0
data\val\real\000000000285.jpg,0,real,blur_s1.0,0.058837,0,1
data\val\real\000000000632.jpg,0,real,blur_s1.0,0.847581,1,0
data\val\real\000000000724.jpg,0,real,blur_s1.0,0.043509,0,1
data\val\real\000000000776.jpg,0,real,blur_s1.0,0.013806,0,1
data\val\real\000000000785.jpg,0,real,blur_s1.0,0.282558,0,1
data\val\real\000000000802.jpg,0,real,blur_s1.0,0.130255,0,1
data\val\real\000000000872.jpg,0,real,blur_s1.0,0.011547,0,1
data\val\real\000000000885.jpg,0,real,blur_s1.0,0.078092,0,1
data\val\real\000000001000.jpg,0,real,blur_s1.0,0.002239,0,1
data\val\real\000000001268.jpg,0,real,blur_s1.0,0.055175,0,1
data\val\real\000000001296.jpg,0,real,blur_s1.0,0.172615,0,1
data\val\real\000000001353.jpg,0,real,blur_s1.0,0.001614,0,1
data\val\real\000000001425.jpg,0,real,blur_s1.0,0.737293,1,0
data\val\real\000000001490.jpg,0,real,blur_s1.0,0.032657,0,1
data\val\real\000000001503.jpg,0,real,blur_s1.0,0.249462,0,1
data\val\real\000000001532.jpg,0,real,blur_s1.0,0.055554,0,1
data\val\real\000000001584.jpg,0,real,blur_s1.0,0.170691,0,1
data\val\real\000000001675.jpg,0,real,blur_s1.0,0.038912,0,1
data\val\real\000000001761.jpg,0,real,blur_s1.0,0.009181,0,1
data\val\real\000000001818.jpg,0,real,blur_s1.0,0.194009,0,1
data\val\real\000000001993.jpg,0,real,blur_s1.0,0.309213,0,1
data\val\real\000000002006.jpg,0,real,blur_s1.0,0.055293,0,1
data\val\real\000000002149.jpg,0,real,blur_s1.0,0.220065,0,1
data\val\real\000000002153.jpg,0,real,blur_s1.0,0.012750,0,1
data\val\real\000000002157.jpg,0,real,blur_s1.0,0.154287,0,1
data\val\real\000000002261.jpg,0,real,blur_s1.0,0.013437,0,1
data\val\real\000000002299.jpg,0,real,blur_s1.0,0.002537,0,1
data\val\real\000000002431.jpg,0,real,blur_s1.0,0.074946,0,1
data\val\real\000000002473.jpg,0,real,blur_s1.0,0.023950,0,1
data\val\real\000000002532.jpg,0,real,blur_s1.0,0.016520,0,1
data\val\real\000000002587.jpg,0,real,blur_s1.0,0.034562,0,1
data\val\real\000000002592.jpg,0,real,blur_s1.0,0.017213,0,1
data\val\real\000000002685.jpg,0,real,blur_s1.0,0.002563,0,1
data\val\real\000000002923.jpg,0,real,blur_s1.0,0.008970,0,1
data\val\real\000000003156.jpg,0,real,blur_s1.0,0.256104,0,1
data\val\real\000000003255.jpg,0,real,blur_s1.0,0.505632,1,0
data\val\real\000000003501.jpg,0,real,blur_s1.0,0.125328,0,1
data\val\real\000000003553.jpg,0,real,blur_s1.0,0.078968,0,1
data\val\real\000000003661.jpg,0,real,blur_s1.0,0.014411,0,1
data\val\real\000000003845.jpg,0,real,blur_s1.0,0.074362,0,1
data\val\real\000000003934.jpg,0,real,blur_s1.0,0.000707,0,1
data\val\real\000000004134.jpg,0,real,blur_s1.0,0.002337,0,1
data\val\real\000000004395.jpg,0,real,blur_s1.0,0.016117,0,1
data\val\real\000000004495.jpg,0,real,blur_s1.0,0.102027,0,1
data\val\real\000000004765.jpg,0,real,blur_s1.0,0.113221,0,1
data\val\real\000000004795.jpg,0,real,blur_s1.0,0.000898,0,1
data\val\real\000000005001.jpg,0,real,blur_s1.0,0.025943,0,1
data\val\real\000000005037.jpg,0,real,blur_s1.0,0.070190,0,1
data\val\real\000000005060.jpg,0,real,blur_s1.0,0.049883,0,1
data\val\real\000000005193.jpg,0,real,blur_s1.0,0.000809,0,1
data\val\real\000000005477.jpg,0,real,blur_s1.0,0.092566,0,1
data\val\real\000000005503.jpg,0,real,blur_s1.0,0.005250,0,1
data\val\real\000000005529.jpg,0,real,blur_s1.0,0.038826,0,1
data\val\real\000000005586.jpg,0,real,blur_s1.0,0.005584,0,1
data\val\real\000000005600.jpg,0,real,blur_s1.0,0.010995,0,1
data\val\real\000000005992.jpg,0,real,blur_s1.0,0.019595,0,1
data\val\real\000000006012.jpg,0,real,blur_s1.0,0.043918,0,1
data\val\real\000000006040.jpg,0,real,blur_s1.0,0.269800,0,1
data\val\real\000000006213.jpg,0,real,blur_s1.0,0.134129,0,1
data\val\real\000000006460.jpg,0,real,blur_s1.0,0.035509,0,1
data\val\real\000000006471.jpg,0,real,blur_s1.0,0.011508,0,1
data\val\real\000000006614.jpg,0,real,blur_s1.0,0.044350,0,1
data\val\real\000000006723.jpg,0,real,blur_s1.0,0.069993,0,1
data\val\real\000000006763.jpg,0,real,blur_s1.0,0.000446,0,1
data\val\real\000000006771.jpg,0,real,blur_s1.0,0.001821,0,1
data\val\real\000000006818.jpg,0,real,blur_s1.0,0.007318,0,1
data\val\real\000000006894.jpg,0,real,blur_s1.0,0.005503,0,1
data\val\real\000000006954.jpg,0,real,blur_s1.0,0.038624,0,1
data\val\real\000000007088.jpg,0,real,blur_s1.0,0.012105,0,1
data\val\real\000000007108.jpg,0,real,blur_s1.0,0.030990,0,1
data\val\real\000000007278.jpg,0,real,blur_s1.0,0.117869,0,1
data\val\real\000000007281.jpg,0,real,blur_s1.0,0.000722,0,1
data\val\real\000000007386.jpg,0,real,blur_s1.0,0.023179,0,1
data\val\real\000000007511.jpg,0,real,blur_s1.0,0.008387,0,1
data\val\real\000000007574.jpg,0,real,blur_s1.0,0.167917,0,1
data\val\real\000000007784.jpg,0,real,blur_s1.0,0.192867,0,1
data\val\real\000000007795.jpg,0,real,blur_s1.0,0.896413,1,0
data\val\real\000000007816.jpg,0,real,blur_s1.0,0.006335,0,1
data\val\real\000000007818.jpg,0,real,blur_s1.0,0.376378,0,1
data\val\real\000000007888.jpg,0,real,blur_s1.0,0.662773,1,0
data\val\real\000000007977.jpg,0,real,blur_s1.0,0.120451,0,1
data\val\real\000000007991.jpg,0,real,blur_s1.0,0.017835,0,1
data\val\real\000000008021.jpg,0,real,blur_s1.0,0.004490,0,1
data\val\real\000000008211.jpg,0,real,blur_s1.0,0.221036,0,1
data\val\real\000000008277.jpg,0,real,blur_s1.0,0.075948,0,1
data\val\real\000000008532.jpg,0,real,blur_s1.0,0.003399,0,1
data\val\real\000000008629.jpg,0,real,blur_s1.0,0.075429,0,1
data\val\real\000000008690.jpg,0,real,blur_s1.0,0.001452,0,1
data\val\real\000000008762.jpg,0,real,blur_s1.0,0.178040,0,1
data\val\real\000000008844.jpg,0,real,blur_s1.0,0.075596,0,1
data\val\real\000000008899.jpg,0,real,blur_s1.0,0.317677,0,1
data\val\real\000000009378.jpg,0,real,blur_s1.0,0.006153,0,1
data\val\real\000000009400.jpg,0,real,blur_s1.0,0.001359,0,1
data\val\real\000000009448.jpg,0,real,blur_s1.0,0.005288,0,1
data\val\real\000000009483.jpg,0,real,blur_s1.0,0.040908,0,1
data\val\real\000000009590.jpg,0,real,blur_s1.0,0.129222,0,1
data\val\real\000000009769.jpg,0,real,blur_s1.0,0.051672,0,1
data\val\real\000000009772.jpg,0,real,blur_s1.0,0.021006,0,1
data\val\real\000000009891.jpg,0,real,blur_s1.0,0.003545,0,1
data\val\real\000000009914.jpg,0,real,blur_s1.0,0.043345,0,1
data\val\real\000000010092.jpg,0,real,blur_s1.0,0.078070,0,1
data\val\real\000000010363.jpg,0,real,blur_s1.0,0.000639,0,1
data\val\real\000000010583.jpg,0,real,blur_s1.0,0.030787,0,1
data\val\real\000000010707.jpg,0,real,blur_s1.0,0.000164,0,1
data\val\real\000000010764.jpg,0,real,blur_s1.0,0.099301,0,1
data\val\real\000000010977.jpg,0,real,blur_s1.0,0.270875,0,1
data\val\real\000000010995.jpg,0,real,blur_s1.0,0.221408,0,1
data\val\real\000000011051.jpg,0,real,blur_s1.0,0.009134,0,1
data\val\real\000000011122.jpg,0,real,blur_s1.0,0.009925,0,1
data\val\real\000000011149.jpg,0,real,blur_s1.0,0.005970,0,1
data\val\real\000000011197.jpg,0,real,blur_s1.0,0.013402,0,1
data\val\real\000000011511.jpg,0,real,blur_s1.0,0.129551,0,1
data\val\real\000000011615.jpg,0,real,blur_s1.0,0.040120,0,1
data\val\real\000000011699.jpg,0,real,blur_s1.0,0.019309,0,1
data\val\real\000000011760.jpg,0,real,blur_s1.0,0.407954,0,1
data\val\real\000000011813.jpg,0,real,blur_s1.0,0.395157,0,1
data\val\real\000000012062.jpg,0,real,blur_s1.0,0.021592,0,1
data\val\real\000000012120.jpg,0,real,blur_s1.0,0.024990,0,1
data\val\real\000000012280.jpg,0,real,blur_s1.0,0.793409,1,0
data\val\real\000000012576.jpg,0,real,blur_s1.0,0.195184,0,1
data\val\real\000000012639.jpg,0,real,blur_s1.0,0.020752,0,1
data\val\real\000000012667.jpg,0,real,blur_s1.0,0.106877,0,1
data\val\real\000000012670.jpg,0,real,blur_s1.0,0.005665,0,1
data\val\real\000000012748.jpg,0,real,blur_s1.0,0.051500,0,1
data\val\real\000000013004.jpg,0,real,blur_s1.0,0.115968,0,1
data\val\real\000000013177.jpg,0,real,blur_s1.0,0.028653,0,1
data\val\real\000000013201.jpg,0,real,blur_s1.0,0.133255,0,1
data\val\real\000000013291.jpg,0,real,blur_s1.0,0.037556,0,1
data\val\real\000000013348.jpg,0,real,blur_s1.0,0.089065,0,1
data\val\real\000000013546.jpg,0,real,blur_s1.0,0.007179,0,1
data\val\real\000000013597.jpg,0,real,blur_s1.0,0.695632,1,0
data\val\real\000000013659.jpg,0,real,blur_s1.0,0.001051,0,1
data\val\real\000000013729.jpg,0,real,blur_s1.0,0.006838,0,1
data\val\real\000000013774.jpg,0,real,blur_s1.0,0.434163,0,1
data\val\real\000000013923.jpg,0,real,blur_s1.0,0.334382,0,1
data\val\real\000000014007.jpg,0,real,blur_s1.0,0.189194,0,1
data\val\real\000000014038.jpg,0,real,blur_s1.0,0.641570,1,0
data\val\real\000000014226.jpg,0,real,blur_s1.0,0.104037,0,1
data\val\real\000000014380.jpg,0,real,blur_s1.0,0.631286,1,0
data\val\real\000000014439.jpg,0,real,blur_s1.0,0.013836,0,1
data\val\real\000000014473.jpg,0,real,blur_s1.0,0.028912,0,1
data\val\real\000000014831.jpg,0,real,blur_s1.0,0.007632,0,1
data\val\real\000000014888.jpg,0,real,blur_s1.0,0.013120,0,1
data\val\real\000000015079.jpg,0,real,blur_s1.0,0.382382,0,1
data\val\real\000000015254.jpg,0,real,blur_s1.0,0.017604,0,1
data\val\real\000000015272.jpg,0,real,blur_s1.0,0.421699,0,1
data\val\real\000000015278.jpg,0,real,blur_s1.0,0.048727,0,1
data\val\real\000000015335.jpg,0,real,blur_s1.0,0.000628,0,1
data\val\real\000000015338.jpg,0,real,blur_s1.0,0.216756,0,1
data\val\real\000000015440.jpg,0,real,blur_s1.0,0.598878,1,0
data\val\real\000000015497.jpg,0,real,blur_s1.0,0.001347,0,1
data\val\real\000000015517.jpg,0,real,blur_s1.0,0.084346,0,1
data\val\real\000000015597.jpg,0,real,blur_s1.0,0.000900,0,1
data\val\real\000000015660.jpg,0,real,blur_s1.0,0.018840,0,1
data\val\real\000000015746.jpg,0,real,blur_s1.0,0.053021,0,1
data\val\real\000000015751.jpg,0,real,blur_s1.0,0.070956,0,1
data\val\real\000000015956.jpg,0,real,blur_s1.0,0.009066,0,1
data\val\real\000000016010.jpg,0,real,blur_s1.0,0.007016,0,1
data\val\real\000000016228.jpg,0,real,blur_s1.0,0.102227,0,1
data\val\real\000000016249.jpg,0,real,blur_s1.0,0.037215,0,1
data\val\real\000000016439.jpg,0,real,blur_s1.0,0.299260,0,1
data\val\real\000000016451.jpg,0,real,blur_s1.0,0.139586,0,1
data\val\real\000000016502.jpg,0,real,blur_s1.0,0.010584,0,1
data\val\real\000000016598.jpg,0,real,blur_s1.0,0.005259,0,1
data\val\real\000000016958.jpg,0,real,blur_s1.0,0.095786,0,1
data\val\real\000000017029.jpg,0,real,blur_s1.0,0.032230,0,1
data\val\real\000000017031.jpg,0,real,blur_s1.0,0.295373,0,1
data\val\real\000000017115.jpg,0,real,blur_s1.0,0.375231,0,1
data\val\real\000000017178.jpg,0,real,blur_s1.0,0.626698,1,0
data\val\real\000000017182.jpg,0,real,blur_s1.0,0.292607,0,1
data\val\real\000000017207.jpg,0,real,blur_s1.0,0.004171,0,1
data\val\real\000000017379.jpg,0,real,blur_s1.0,0.659732,1,0
data\val\real\000000017436.jpg,0,real,blur_s1.0,0.014183,0,1
data\val\real\000000017627.jpg,0,real,blur_s1.0,0.001864,0,1
data\val\real\000000017714.jpg,0,real,blur_s1.0,0.017920,0,1
data\val\real\000000017899.jpg,0,real,blur_s1.0,0.001262,0,1
data\val\real\000000017905.jpg,0,real,blur_s1.0,0.000396,0,1
data\val\real\000000017959.jpg,0,real,blur_s1.0,0.005995,0,1
data\val\real\000000018150.jpg,0,real,blur_s1.0,0.000565,0,1
data\val\real\000000018193.jpg,0,real,blur_s1.0,0.001242,0,1
data\val\real\000000018380.jpg,0,real,blur_s1.0,0.046858,0,1
data\val\real\000000018491.jpg,0,real,blur_s1.0,0.013160,0,1
data\val\real\000000018519.jpg,0,real,blur_s1.0,0.260815,0,1
data\val\real\000000018575.jpg,0,real,blur_s1.0,0.031928,0,1
data\val\real\000000018737.jpg,0,real,blur_s1.0,0.006980,0,1
data\val\real\000000018770.jpg,0,real,blur_s1.0,0.007326,0,1
data\val\real\000000018833.jpg,0,real,blur_s1.0,0.118596,0,1
data\val\real\000000018837.jpg,0,real,blur_s1.0,0.021959,0,1
data\val\real\000000019042.jpg,0,real,blur_s1.0,0.013299,0,1
data\val\real\000000019109.jpg,0,real,blur_s1.0,0.234053,0,1
data\val\real\000000019221.jpg,0,real,blur_s1.0,0.004332,0,1
data\val\real\000000019402.jpg,0,real,blur_s1.0,0.000605,0,1
data\val\real\000000019432.jpg,0,real,blur_s1.0,0.042959,0,1
data\val\real\000000019742.jpg,0,real,blur_s1.0,0.043705,0,1
data\val\real\000000019786.jpg,0,real,blur_s1.0,0.000845,0,1
data\val\real\000000019924.jpg,0,real,blur_s1.0,0.205810,0,1
data\val\real\000000020059.jpg,0,real,blur_s1.0,0.096107,0,1
data\val\real\000000020107.jpg,0,real,blur_s1.0,0.139338,0,1
data\val\real\000000020247.jpg,0,real,blur_s1.0,0.070486,0,1
data\val\real\000000020333.jpg,0,real,blur_s1.0,0.131577,0,1
data\val\real\000000020553.jpg,0,real,blur_s1.0,0.001326,0,1
data\val\real\000000020571.jpg,0,real,blur_s1.0,0.176485,0,1
data\val\real\000000020992.jpg,0,real,blur_s1.0,0.001762,0,1
data\val\real\000000021167.jpg,0,real,blur_s1.0,0.000396,0,1
data\val\real\000000021465.jpg,0,real,blur_s1.0,0.002650,0,1
data\val\real\000000021503.jpg,0,real,blur_s1.0,0.003595,0,1
data\val\real\000000021604.jpg,0,real,blur_s1.0,0.825619,1,0
data\val\real\000000021839.jpg,0,real,blur_s1.0,0.000782,0,1
data\val\real\000000021879.jpg,0,real,blur_s1.0,0.038323,0,1
data\val\real\000000021903.jpg,0,real,blur_s1.0,0.044072,0,1
data\val\real\000000022192.jpg,0,real,blur_s1.0,0.002209,0,1
data\val\real\000000022371.jpg,0,real,blur_s1.0,0.644739,1,0
data\val\real\000000022396.jpg,0,real,blur_s1.0,0.013276,0,1
data\val\real\000000022479.jpg,0,real,blur_s1.0,0.020350,0,1
data\val\real\000000022589.jpg,0,real,blur_s1.0,0.006124,0,1
data\val\real\000000022623.jpg,0,real,blur_s1.0,0.306994,0,1
data\val\real\000000022705.jpg,0,real,blur_s1.0,0.000543,0,1
data\val\real\000000022755.jpg,0,real,blur_s1.0,0.334151,0,1
data\val\real\000000022892.jpg,0,real,blur_s1.0,0.087027,0,1
data\val\real\000000022935.jpg,0,real,blur_s1.0,0.134363,0,1
data\val\real\000000022969.jpg,0,real,blur_s1.0,0.041203,0,1
data\val\real\000000023023.jpg,0,real,blur_s1.0,0.380140,0,1
data\val\real\000000023034.jpg,0,real,blur_s1.0,0.002842,0,1
data\val\real\000000023126.jpg,0,real,blur_s1.0,0.078153,0,1
data\val\real\000000023230.jpg,0,real,blur_s1.0,0.005740,0,1
data\val\real\000000023272.jpg,0,real,blur_s1.0,0.004858,0,1
data\val\real\000000023359.jpg,0,real,blur_s1.0,0.079135,0,1
data\val\real\000000023666.jpg,0,real,blur_s1.0,0.025083,0,1
data\val\real\000000023751.jpg,0,real,blur_s1.0,0.001128,0,1
data\val\real\000000023781.jpg,0,real,blur_s1.0,0.150960,0,1
data\val\real\000000023899.jpg,0,real,blur_s1.0,0.002300,0,1
data\val\real\000000023937.jpg,0,real,blur_s1.0,0.164512,0,1
data\val\real\000000024021.jpg,0,real,blur_s1.0,0.004059,0,1
data\val\real\000000024027.jpg,0,real,blur_s1.0,0.002064,0,1
data\val\real\000000024144.jpg,0,real,blur_s1.0,0.124884,0,1
data\val\real\000000024243.jpg,0,real,blur_s1.0,0.015363,0,1
data\val\real\000000024567.jpg,0,real,blur_s1.0,0.006527,0,1
data\val\real\000000024610.jpg,0,real,blur_s1.0,0.023290,0,1
data\val\real\000000024919.jpg,0,real,blur_s1.0,0.151297,0,1
data\val\real\000000025057.jpg,0,real,blur_s1.0,0.003618,0,1
data\val\real\000000025096.jpg,0,real,blur_s1.0,0.002586,0,1
data\val\real\000000025139.jpg,0,real,blur_s1.0,0.088567,0,1
data\val\real\000000025181.jpg,0,real,blur_s1.0,0.576871,1,0
data\val\real\000000025228.jpg,0,real,blur_s1.0,0.014488,0,1
data\val\real\000000025386.jpg,0,real,blur_s1.0,0.002153,0,1
data\val\real\000000025393.jpg,0,real,blur_s1.0,0.000184,0,1
data\val\real\000000025394.jpg,0,real,blur_s1.0,0.009619,0,1
data\val\real\000000025424.jpg,0,real,blur_s1.0,0.024588,0,1
data\val\real\000000025560.jpg,0,real,blur_s1.0,0.005486,0,1
data\val\real\000000025593.jpg,0,real,blur_s1.0,0.040048,0,1
data\val\real\000000025603.jpg,0,real,blur_s1.0,0.000462,0,1
data\val\real\000000025986.jpg,0,real,blur_s1.0,0.007320,0,1
data\val\real\000000026204.jpg,0,real,blur_s1.0,0.093573,0,1
data\val\real\000000026465.jpg,0,real,blur_s1.0,0.037802,0,1
data\val\real\000000026564.jpg,0,real,blur_s1.0,0.254624,0,1
data\val\real\000000026690.jpg,0,real,blur_s1.0,0.013999,0,1
data\val\real\000000026926.jpg,0,real,blur_s1.0,0.142889,0,1
data\val\real\000000026941.jpg,0,real,blur_s1.0,0.641925,1,0
data\val\real\000000027186.jpg,0,real,blur_s1.0,0.006502,0,1
data\val\real\000000027620.jpg,0,real,blur_s1.0,0.094075,0,1
data\val\real\000000027696.jpg,0,real,blur_s1.0,0.003402,0,1
data\val\real\000000027768.jpg,0,real,blur_s1.0,0.110749,0,1
data\val\real\000000027932.jpg,0,real,blur_s1.0,0.077006,0,1
data\val\real\000000027972.jpg,0,real,blur_s1.0,0.078032,0,1
data\val\real\000000027982.jpg,0,real,blur_s1.0,0.226081,0,1
data\val\real\000000028285.jpg,0,real,blur_s1.0,0.009240,0,1
data\val\real\000000028449.jpg,0,real,blur_s1.0,0.479582,0,1
data\val\real\000000028452.jpg,0,real,blur_s1.0,0.670723,1,0
data\val\real\000000028809.jpg,0,real,blur_s1.0,0.191319,0,1
data\val\real\000000028993.jpg,0,real,blur_s1.0,0.565996,1,0
data\val\real\000000029187.jpg,0,real,blur_s1.0,0.001766,0,1
data\val\real\000000029393.jpg,0,real,blur_s1.0,0.001959,0,1
data\val\real\000000029397.jpg,0,real,blur_s1.0,0.048315,0,1
data\val\real\000000029596.jpg,0,real,blur_s1.0,0.684868,1,0
data\val\real\000000029640.jpg,0,real,blur_s1.0,0.118722,0,1
data\val\real\000000029675.jpg,0,real,blur_s1.0,0.111630,0,1
data\val\real\000000029984.jpg,0,real,blur_s1.0,0.022840,0,1
data\val\real\000000030213.jpg,0,real,blur_s1.0,0.330079,0,1
data\val\real\000000030494.jpg,0,real,blur_s1.0,0.004673,0,1
data\val\real\000000030504.jpg,0,real,blur_s1.0,0.120431,0,1
data\val\real\000000030675.jpg,0,real,blur_s1.0,0.185427,0,1
data\val\real\000000030785.jpg,0,real,blur_s1.0,0.119314,0,1
data\val\real\000000030828.jpg,0,real,blur_s1.0,0.397426,0,1
data\val\real\000000031050.jpg,0,real,blur_s1.0,0.092972,0,1
data\val\real\000000031093.jpg,0,real,blur_s1.0,0.036958,0,1
data\val\real\000000031118.jpg,0,real,blur_s1.0,0.260370,0,1
data\val\real\000000031217.jpg,0,real,blur_s1.0,0.060641,0,1
data\val\real\000000031248.jpg,0,real,blur_s1.0,0.116439,0,1
data\val\real\000000031269.jpg,0,real,blur_s1.0,0.025650,0,1
data\val\real\000000031296.jpg,0,real,blur_s1.0,0.000933,0,1
data\val\real\000000031322.jpg,0,real,blur_s1.0,0.063155,0,1
data\val\real\000000031620.jpg,0,real,blur_s1.0,0.000148,0,1
data\val\real\000000031735.jpg,0,real,blur_s1.0,0.006126,0,1
data\val\real\000000031749.jpg,0,real,blur_s1.0,0.195230,0,1
data\val\real\000000031817.jpg,0,real,blur_s1.0,0.000839,0,1
data\val\real\000000032038.jpg,0,real,blur_s1.0,0.029261,0,1
data\val\real\000000032081.jpg,0,real,blur_s1.0,0.041252,0,1
data\val\real\000000032285.jpg,0,real,blur_s1.0,0.638144,1,0
data\val\real\000000032334.jpg,0,real,blur_s1.0,0.000699,0,1
data\val\real\000000032570.jpg,0,real,blur_s1.0,0.682601,1,0
data\val\real\000000032610.jpg,0,real,blur_s1.0,0.071495,0,1
data\val\real\000000032735.jpg,0,real,blur_s1.0,0.069573,0,1
data\val\real\000000032811.jpg,0,real,blur_s1.0,0.089996,0,1
data\val\real\000000032817.jpg,0,real,blur_s1.0,0.006707,0,1
data\val\real\000000032861.jpg,0,real,blur_s1.0,0.195691,0,1
data\val\real\000000032887.jpg,0,real,blur_s1.0,0.003988,0,1
data\val\real\000000032901.jpg,0,real,blur_s1.0,0.000121,0,1
data\val\real\000000032941.jpg,0,real,blur_s1.0,0.031437,0,1
data\val\real\000000033005.jpg,0,real,blur_s1.0,0.039534,0,1
data\val\real\000000033104.jpg,0,real,blur_s1.0,0.010470,0,1
data\val\real\000000033109.jpg,0,real,blur_s1.0,0.034246,0,1
data\val\real\000000033114.jpg,0,real,blur_s1.0,0.079534,0,1
data\val\real\000000033221.jpg,0,real,blur_s1.0,0.000179,0,1
data\val\real\000000033368.jpg,0,real,blur_s1.0,0.061816,0,1
data\val\real\000000033638.jpg,0,real,blur_s1.0,0.014417,0,1
data\val\real\000000033707.jpg,0,real,blur_s1.0,0.076134,0,1
data\val\real\000000033759.jpg,0,real,blur_s1.0,0.032785,0,1
data\val\real\000000033854.jpg,0,real,blur_s1.0,0.027147,0,1
data\val\real\000000034071.jpg,0,real,blur_s1.0,0.540846,1,0
data\val\real\000000034139.jpg,0,real,blur_s1.0,0.040487,0,1
data\val\real\000000034205.jpg,0,real,blur_s1.0,0.086968,0,1
data\val\real\000000034257.jpg,0,real,blur_s1.0,0.405187,0,1
data\val\real\000000034417.jpg,0,real,blur_s1.0,0.068608,0,1
data\val\real\000000034452.jpg,0,real,blur_s1.0,0.002444,0,1
data\val\real\000000034760.jpg,0,real,blur_s1.0,0.032861,0,1
data\val\real\000000034873.jpg,0,real,blur_s1.0,0.206179,0,1
data\val\real\000000035062.jpg,0,real,blur_s1.0,0.013360,0,1
data\val\real\000000035197.jpg,0,real,blur_s1.0,0.111864,0,1
data\val\real\000000035279.jpg,0,real,blur_s1.0,0.323351,0,1
data\val\real\000000035326.jpg,0,real,blur_s1.0,0.095286,0,1
data\val\real\000000035682.jpg,0,real,blur_s1.0,0.029631,0,1
data\val\real\000000035770.jpg,0,real,blur_s1.0,0.126793,0,1
data\val\real\000000035963.jpg,0,real,blur_s1.0,0.001119,0,1
data\val\real\000000036494.jpg,0,real,blur_s1.0,0.365730,0,1
data\val\real\000000036539.jpg,0,real,blur_s1.0,0.001989,0,1
data\val\real\000000036660.jpg,0,real,blur_s1.0,0.056048,0,1
data\val\real\000000036678.jpg,0,real,blur_s1.0,0.012306,0,1
data\val\real\000000036844.jpg,0,real,blur_s1.0,0.089193,0,1
data\val\real\000000036861.jpg,0,real,blur_s1.0,0.173885,0,1
data\val\real\000000036936.jpg,0,real,blur_s1.0,0.000977,0,1
data\val\real\000000037670.jpg,0,real,blur_s1.0,0.316972,0,1
data\val\real\000000037689.jpg,0,real,blur_s1.0,0.026116,0,1
data\val\real\000000037740.jpg,0,real,blur_s1.0,0.458653,0,1
data\val\real\000000037751.jpg,0,real,blur_s1.0,0.032272,0,1
data\val\real\000000037777.jpg,0,real,blur_s1.0,0.541774,1,0
data\val\real\000000037988.jpg,0,real,blur_s1.0,0.012443,0,1
data\val\real\000000038048.jpg,0,real,blur_s1.0,0.012076,0,1
data\val\real\000000038070.jpg,0,real,blur_s1.0,0.109507,0,1
data\val\real\000000038118.jpg,0,real,blur_s1.0,0.258928,0,1
data\val\real\000000038210.jpg,0,real,blur_s1.0,0.054109,0,1
data\val\real\000000038576.jpg,0,real,blur_s1.0,0.855357,1,0
data\val\real\000000038678.jpg,0,real,blur_s1.0,0.001020,0,1
data\val\real\000000038825.jpg,0,real,blur_s1.0,0.096846,0,1
data\val\real\000000038829.jpg,0,real,blur_s1.0,0.018360,0,1
data\val\real\000000039405.jpg,0,real,blur_s1.0,0.014592,0,1
data\val\real\000000039477.jpg,0,real,blur_s1.0,0.411221,0,1
data\val\real\000000039480.jpg,0,real,blur_s1.0,0.044060,0,1
data\val\real\000000039484.jpg,0,real,blur_s1.0,0.107511,0,1
data\val\real\000000039551.jpg,0,real,blur_s1.0,0.526486,1,0
data\val\real\000000039670.jpg,0,real,blur_s1.0,0.194383,0,1
data\val\real\000000039769.jpg,0,real,blur_s1.0,0.003647,0,1
data\val\real\000000039785.jpg,0,real,blur_s1.0,0.035686,0,1
data\val\real\000000039914.jpg,0,real,blur_s1.0,0.001736,0,1
data\val\real\000000039951.jpg,0,real,blur_s1.0,0.046743,0,1
data\val\real\000000039956.jpg,0,real,blur_s1.0,0.738310,1,0
data\val\real\000000040036.jpg,0,real,blur_s1.0,0.073846,0,1
data\val\real\000000040083.jpg,0,real,blur_s1.0,0.005288,0,1
data\val\real\000000040471.jpg,0,real,blur_s1.0,0.054100,0,1
data\val\real\000000040757.jpg,0,real,blur_s1.0,0.004604,0,1
data\val\real\000000041488.jpg,0,real,blur_s1.0,0.230359,0,1
data\val\real\000000041633.jpg,0,real,blur_s1.0,0.353964,0,1
data\val\real\000000041635.jpg,0,real,blur_s1.0,0.048925,0,1
data\val\real\000000041872.jpg,0,real,blur_s1.0,0.363581,0,1
data\val\real\000000041888.jpg,0,real,blur_s1.0,0.009044,0,1
data\val\real\000000041990.jpg,0,real,blur_s1.0,0.000812,0,1
data\val\real\000000042070.jpg,0,real,blur_s1.0,0.194517,0,1
data\val\real\000000042102.jpg,0,real,blur_s1.0,0.003041,0,1
data\val\real\000000042178.jpg,0,real,blur_s1.0,0.581806,1,0
data\val\real\000000042276.jpg,0,real,blur_s1.0,0.012668,0,1
data\val\real\000000042296.jpg,0,real,blur_s1.0,0.010928,0,1
data\val\real\000000042528.jpg,0,real,blur_s1.0,0.005012,0,1
data\val\real\000000042563.jpg,0,real,blur_s1.0,0.101020,0,1
data\val\real\000000042628.jpg,0,real,blur_s1.0,0.024175,0,1
data\val\real\000000042888.jpg,0,real,blur_s1.0,0.004133,0,1
data\val\real\000000042889.jpg,0,real,blur_s1.0,0.001975,0,1
data\val\real\000000043314.jpg,0,real,blur_s1.0,0.082964,0,1
data\val\real\000000043435.jpg,0,real,blur_s1.0,0.155461,0,1
data\val\real\000000043581.jpg,0,real,blur_s1.0,0.090007,0,1
data\val\real\000000043737.jpg,0,real,blur_s1.0,0.136942,0,1
data\val\real\000000043816.jpg,0,real,blur_s1.0,0.018693,0,1
data\val\real\000000044068.jpg,0,real,blur_s1.0,0.005515,0,1
data\val\real\000000044195.jpg,0,real,blur_s1.0,0.022784,0,1
data\val\real\000000044260.jpg,0,real,blur_s1.0,0.478834,0,1
data\val\real\000000044279.jpg,0,real,blur_s1.0,0.114858,0,1
data\val\real\000000044590.jpg,0,real,blur_s1.0,0.026974,0,1
data\val\real\000000044652.jpg,0,real,blur_s1.0,0.030972,0,1
data\val\real\000000044699.jpg,0,real,blur_s1.0,0.082325,0,1
data\val\real\000000044877.jpg,0,real,blur_s1.0,0.051635,0,1
data\val\real\000000045070.jpg,0,real,blur_s1.0,0.069842,0,1
data\val\real\000000045090.jpg,0,real,blur_s1.0,0.060735,0,1
data\val\real\000000045229.jpg,0,real,blur_s1.0,0.964441,1,0
data\val\real\000000045472.jpg,0,real,blur_s1.0,0.017229,0,1
data\val\real\000000045550.jpg,0,real,blur_s1.0,0.001684,0,1
data\val\real\000000045596.jpg,0,real,blur_s1.0,0.191532,0,1
data\val\real\000000045728.jpg,0,real,blur_s1.0,0.047345,0,1
data\val\real\000000046031.jpg,0,real,blur_s1.0,0.173301,0,1
data\val\real\000000046048.jpg,0,real,blur_s1.0,0.012330,0,1
data\val\real\000000046252.jpg,0,real,blur_s1.0,0.467280,0,1
data\val\real\000000046378.jpg,0,real,blur_s1.0,0.003769,0,1
data\val\real\000000046463.jpg,0,real,blur_s1.0,0.010422,0,1
data\val\real\000000046497.jpg,0,real,blur_s1.0,0.001014,0,1
data\val\real\000000046804.jpg,0,real,blur_s1.0,0.020964,0,1
data\val\real\000000046872.jpg,0,real,blur_s1.0,0.573215,1,0
data\val\real\000000047010.jpg,0,real,blur_s1.0,0.135605,0,1
data\val\real\000000047112.jpg,0,real,blur_s1.0,0.085567,0,1
data\val\real\000000047121.jpg,0,real,blur_s1.0,0.003210,0,1
data\val\real\000000047571.jpg,0,real,blur_s1.0,0.143976,0,1
data\val\real\000000047585.jpg,0,real,blur_s1.0,0.001106,0,1
data\val\real\000000047740.jpg,0,real,blur_s1.0,0.000517,0,1
data\val\real\000000047769.jpg,0,real,blur_s1.0,0.094855,0,1
data\val\real\000000047801.jpg,0,real,blur_s1.0,0.009927,0,1
data\val\real\000000047819.jpg,0,real,blur_s1.0,0.001144,0,1
data\val\real\000000047828.jpg,0,real,blur_s1.0,0.298573,0,1
data\val\real\000000048153.jpg,0,real,blur_s1.0,0.019412,0,1
data\val\real\000000048396.jpg,0,real,blur_s1.0,0.000276,0,1
data\val\real\000000048504.jpg,0,real,blur_s1.0,0.112203,0,1
data\val\real\000000048555.jpg,0,real,blur_s1.0,0.350942,0,1
data\val\real\000000048564.jpg,0,real,blur_s1.0,0.006375,0,1
data\val\real\000000048924.jpg,0,real,blur_s1.0,0.972611,1,0
data\val\real\000000049060.jpg,0,real,blur_s1.0,0.001226,0,1
data\val\real\000000049091.jpg,0,real,blur_s1.0,0.055554,0,1
data\val\real\000000049259.jpg,0,real,blur_s1.0,0.028425,0,1
data\val\real\000000049269.jpg,0,real,blur_s1.0,0.110503,0,1
data\val\real\000000049759.jpg,0,real,blur_s1.0,0.152128,0,1
data\val\real\000000049761.jpg,0,real,blur_s1.0,0.011911,0,1
data\val\real\000000049810.jpg,0,real,blur_s1.0,0.097507,0,1
data\val\real\000000050006.jpg,0,real,blur_s1.0,0.188030,0,1
data\val\real\000000050145.jpg,0,real,blur_s1.0,0.001694,0,1
data\val\real\000000050149.jpg,0,real,blur_s1.0,0.014794,0,1
data\val\real\000000050165.jpg,0,real,blur_s1.0,0.261291,0,1
data\val\real\000000050326.jpg,0,real,blur_s1.0,0.000495,0,1
data\val\real\000000050331.jpg,0,real,blur_s1.0,0.031892,0,1
data\val\real\000000050380.jpg,0,real,blur_s1.0,0.007290,0,1
data\val\real\000000050638.jpg,0,real,blur_s1.0,0.454110,0,1
data\val\real\000000050679.jpg,0,real,blur_s1.0,0.559945,1,0
data\val\real\000000050811.jpg,0,real,blur_s1.0,0.001233,0,1
data\val\real\000000050828.jpg,0,real,blur_s1.0,0.153812,0,1
data\val\real\000000050844.jpg,0,real,blur_s1.0,0.015213,0,1
data\val\real\000000050896.jpg,0,real,blur_s1.0,0.143235,0,1
data\val\real\000000050943.jpg,0,real,blur_s1.0,0.038987,0,1
data\val\real\000000051008.jpg,0,real,blur_s1.0,0.002271,0,1
data\val\real\000000051309.jpg,0,real,blur_s1.0,0.064572,0,1
data\val\real\000000051314.jpg,0,real,blur_s1.0,0.041199,0,1
data\val\real\000000051326.jpg,0,real,blur_s1.0,0.012920,0,1
data\val\real\000000051598.jpg,0,real,blur_s1.0,0.010357,0,1
data\val\real\000000051610.jpg,0,real,blur_s1.0,0.184781,0,1
data\val\real\000000051712.jpg,0,real,blur_s1.0,0.173015,0,1
data\val\real\000000051738.jpg,0,real,blur_s1.0,0.083790,0,1
data\val\real\000000051938.jpg,0,real,blur_s1.0,0.021929,0,1
data\val\real\000000051961.jpg,0,real,blur_s1.0,0.075945,0,1
data\val\real\000000051976.jpg,0,real,blur_s1.0,0.169740,0,1
data\val\real\000000052007.jpg,0,real,blur_s1.0,0.085277,0,1
data\val\real\000000052017.jpg,0,real,blur_s1.0,0.078020,0,1
data\val\real\000000052412.jpg,0,real,blur_s1.0,0.451729,0,1
data\val\real\000000052413.jpg,0,real,blur_s1.0,0.001267,0,1
data\val\real\000000052462.jpg,0,real,blur_s1.0,0.219441,0,1
data\val\real\000000052507.jpg,0,real,blur_s1.0,0.036104,0,1
data\val\real\000000052565.jpg,0,real,blur_s1.0,0.078416,0,1
data\val\real\000000052591.jpg,0,real,blur_s1.0,0.049253,0,1
data\val\real\000000052891.jpg,0,real,blur_s1.0,0.029715,0,1
data\val\real\000000052996.jpg,0,real,blur_s1.0,0.010507,0,1
data\val\real\000000053505.jpg,0,real,blur_s1.0,0.091418,0,1
data\val\real\000000053529.jpg,0,real,blur_s1.0,0.007691,0,1
data\val\real\000000053624.jpg,0,real,blur_s1.0,0.015720,0,1
data\val\real\000000053626.jpg,0,real,blur_s1.0,0.001884,0,1
data\val\real\000000053909.jpg,0,real,blur_s1.0,0.072480,0,1
data\val\real\000000053994.jpg,0,real,blur_s1.0,0.202606,0,1
data\val\real\000000054123.jpg,0,real,blur_s1.0,0.183018,0,1
data\val\real\000000054164.jpg,0,real,blur_s1.0,0.103931,0,1
data\val\real\000000054592.jpg,0,real,blur_s1.0,0.028406,0,1
data\val\real\000000054593.jpg,0,real,blur_s1.0,0.063475,0,1
data\val\real\000000054605.jpg,0,real,blur_s1.0,0.019984,0,1
data\val\real\000000054628.jpg,0,real,blur_s1.0,0.006027,0,1
data\val\real\000000054654.jpg,0,real,blur_s1.0,0.002364,0,1
data\val\real\000000054931.jpg,0,real,blur_s1.0,0.498554,0,1
data\val\real\000000054967.jpg,0,real,blur_s1.0,0.262055,0,1
data\val\real\000000055002.jpg,0,real,blur_s1.0,0.041908,0,1
data\val\real\000000055022.jpg,0,real,blur_s1.0,0.029460,0,1
data\val\real\000000055072.jpg,0,real,blur_s1.0,0.133232,0,1
data\val\real\000000055150.jpg,0,real,blur_s1.0,0.019495,0,1
data\val\real\000000055167.jpg,0,real,blur_s1.0,0.003767,0,1
data\val\real\000000055299.jpg,0,real,blur_s1.0,0.101701,0,1
data\val\real\000000055528.jpg,0,real,blur_s1.0,0.002719,0,1
data\val\real\000000055950.jpg,0,real,blur_s1.0,0.020332,0,1
data\val\real\000000056127.jpg,0,real,blur_s1.0,0.318609,0,1
data\val\real\000000056288.jpg,0,real,blur_s1.0,0.071110,0,1
data\val\real\000000056344.jpg,0,real,blur_s1.0,0.315215,0,1
data\val\real\000000056350.jpg,0,real,blur_s1.0,0.193561,0,1
data\val\real\000000056545.jpg,0,real,blur_s1.0,0.004841,0,1
data\val\ai\ai_000001.png,1,ai,blur_s1.0,0.983119,1,1
data\val\ai\ai_000002.png,1,ai,blur_s1.0,0.986795,1,1
data\val\ai\ai_000003.png,1,ai,blur_s1.0,0.967517,1,1
data\val\ai\ai_000004.png,1,ai,blur_s1.0,0.962572,1,1
data\val\ai\ai_000005.png,1,ai,blur_s1.0,0.994028,1,1
data\val\ai\ai_000006.png,1,ai,blur_s1.0,0.953256,1,1
data\val\ai\ai_000007.png,1,ai,blur_s1.0,0.964387,1,1
data\val\ai\ai_000008.png,1,ai,blur_s1.0,0.910491,1,1
data\val\ai\ai_000009.png,1,ai,blur_s1.0,0.896162,1,1
data\val\ai\ai_000010.png,1,ai,blur_s1.0,0.969505,1,1
data\val\ai\ai_000011.png,1,ai,blur_s1.0,0.986619,1,1
data\val\ai\ai_000012.png,1,ai,blur_s1.0,0.967682,1,1
data\val\ai\ai_000013.png,1,ai,blur_s1.0,0.995550,1,1
data\val\ai\ai_000014.png,1,ai,blur_s1.0,0.995138,1,1
data\val\ai\ai_000015.png,1,ai,blur_s1.0,0.993185,1,1
data\val\ai\ai_000016.png,1,ai,blur_s1.0,0.881608,1,1
data\val\ai\ai_000017.png,1,ai,blur_s1.0,0.951649,1,1
data\val\ai\ai_000018.png,1,ai,blur_s1.0,0.992022,1,1
data\val\ai\ai_000019.png,1,ai,blur_s1.0,0.686795,1,1
data\val\ai\ai_000020.png,1,ai,blur_s1.0,0.941026,1,1
data\val\ai\ai_000021.png,1,ai,blur_s1.0,0.998251,1,1
data\val\ai\ai_000022.png,1,ai,blur_s1.0,0.630670,1,1
data\val\ai\ai_000023.png,1,ai,blur_s1.0,0.977125,1,1
data\val\ai\ai_000024.png,1,ai,blur_s1.0,0.930574,1,1
data\val\ai\ai_000025.png,1,ai,blur_s1.0,0.969533,1,1
data\val\ai\ai_000026.png,1,ai,blur_s1.0,0.711833,1,1
data\val\ai\ai_000027.png,1,ai,blur_s1.0,0.949978,1,1
data\val\ai\ai_000028.png,1,ai,blur_s1.0,0.992142,1,1
data\val\ai\ai_000029.png,1,ai,blur_s1.0,0.994753,1,1
data\val\ai\ai_000030.png,1,ai,blur_s1.0,0.665190,1,1
data\val\ai\ai_000031.png,1,ai,blur_s1.0,0.794533,1,1
data\val\ai\ai_000032.png,1,ai,blur_s1.0,0.934994,1,1
data\val\ai\ai_000033.png,1,ai,blur_s1.0,0.988715,1,1
data\val\ai\ai_000034.png,1,ai,blur_s1.0,0.993614,1,1
data\val\ai\ai_000035.png,1,ai,blur_s1.0,0.997494,1,1
data\val\ai\ai_000036.png,1,ai,blur_s1.0,0.996111,1,1
data\val\ai\ai_000037.png,1,ai,blur_s1.0,0.986304,1,1
data\val\ai\ai_000038.png,1,ai,blur_s1.0,0.956428,1,1
data\val\ai\ai_000039.png,1,ai,blur_s1.0,0.993552,1,1
data\val\ai\ai_000040.png,1,ai,blur_s1.0,0.596275,1,1
data\val\ai\ai_000041.png,1,ai,blur_s1.0,0.999742,1,1
data\val\ai\ai_000042.png,1,ai,blur_s1.0,0.999046,1,1
data\val\ai\ai_000043.png,1,ai,blur_s1.0,0.999650,1,1
data\val\ai\ai_000044.png,1,ai,blur_s1.0,0.826959,1,1
data\val\ai\ai_000045.png,1,ai,blur_s1.0,0.998457,1,1
data\val\ai\ai_000046.png,1,ai,blur_s1.0,0.816735,1,1
data\val\ai\ai_000047.png,1,ai,blur_s1.0,0.971698,1,1
data\val\ai\ai_000048.png,1,ai,blur_s1.0,0.952076,1,1
data\val\ai\ai_000049.png,1,ai,blur_s1.0,0.981269,1,1
data\val\ai\ai_000050.png,1,ai,blur_s1.0,0.956128,1,1
data\val\ai\ai_000051.png,1,ai,blur_s1.0,0.987767,1,1
data\val\ai\ai_000052.png,1,ai,blur_s1.0,0.997425,1,1
data\val\ai\ai_000053.png,1,ai,blur_s1.0,0.993875,1,1
data\val\ai\ai_000054.png,1,ai,blur_s1.0,0.992135,1,1
data\val\ai\ai_000055.png,1,ai,blur_s1.0,0.731397,1,1
data\val\ai\ai_000056.png,1,ai,blur_s1.0,0.827594,1,1
data\val\ai\ai_000057.png,1,ai,blur_s1.0,0.948813,1,1
data\val\ai\ai_000058.png,1,ai,blur_s1.0,0.158046,0,0
data\val\ai\ai_000059.png,1,ai,blur_s1.0,0.959425,1,1
data\val\ai\ai_000060.png,1,ai,blur_s1.0,0.839262,1,1
data\val\ai\ai_000061.png,1,ai,blur_s1.0,0.983179,1,1
data\val\ai\ai_000062.png,1,ai,blur_s1.0,0.994611,1,1
data\val\ai\ai_000063.png,1,ai,blur_s1.0,0.994918,1,1
data\val\ai\ai_000064.png,1,ai,blur_s1.0,0.699781,1,1
data\val\ai\ai_000065.png,1,ai,blur_s1.0,0.972406,1,1
data\val\ai\ai_000066.png,1,ai,blur_s1.0,0.908038,1,1
data\val\ai\ai_000067.png,1,ai,blur_s1.0,0.993205,1,1
data\val\ai\ai_000068.png,1,ai,blur_s1.0,0.873292,1,1
data\val\ai\ai_000069.png,1,ai,blur_s1.0,0.997535,1,1
data\val\ai\ai_000070.png,1,ai,blur_s1.0,0.916477,1,1
data\val\ai\ai_000071.png,1,ai,blur_s1.0,0.998391,1,1
data\val\ai\ai_000072.png,1,ai,blur_s1.0,0.927770,1,1
data\val\ai\ai_000073.png,1,ai,blur_s1.0,0.996960,1,1
data\val\ai\ai_000074.png,1,ai,blur_s1.0,0.997664,1,1
data\val\ai\ai_000075.png,1,ai,blur_s1.0,0.995314,1,1
data\val\ai\ai_000076.png,1,ai,blur_s1.0,0.956446,1,1
data\val\ai\ai_000077.png,1,ai,blur_s1.0,0.986544,1,1
data\val\ai\ai_000078.png,1,ai,blur_s1.0,0.582693,1,1
data\val\ai\ai_000079.png,1,ai,blur_s1.0,0.863054,1,1
data\val\ai\ai_000080.png,1,ai,blur_s1.0,0.868608,1,1
data\val\ai\ai_000081.png,1,ai,blur_s1.0,0.997413,1,1
data\val\ai\ai_000082.png,1,ai,blur_s1.0,0.998746,1,1
data\val\ai\ai_000083.png,1,ai,blur_s1.0,0.972314,1,1
data\val\ai\ai_000084.png,1,ai,blur_s1.0,0.985295,1,1
data\val\ai\ai_000085.png,1,ai,blur_s1.0,0.979542,1,1
data\val\ai\ai_000086.png,1,ai,blur_s1.0,0.735663,1,1
data\val\ai\ai_000087.png,1,ai,blur_s1.0,0.994031,1,1
data\val\ai\ai_000088.png,1,ai,blur_s1.0,0.896327,1,1
data\val\ai\ai_000089.png,1,ai,blur_s1.0,0.905481,1,1
data\val\ai\ai_000090.png,1,ai,blur_s1.0,0.813613,1,1
data\val\ai\ai_000091.png,1,ai,blur_s1.0,0.976958,1,1
data\val\ai\ai_000092.png,1,ai,blur_s1.0,0.997710,1,1
data\val\ai\ai_000093.png,1,ai,blur_s1.0,0.983177,1,1
data\val\ai\ai_000094.png,1,ai,blur_s1.0,0.998416,1,1
data\val\ai\ai_000095.png,1,ai,blur_s1.0,0.986735,1,1
data\val\ai\ai_000096.png,1,ai,blur_s1.0,0.987138,1,1
data\val\ai\ai_000097.png,1,ai,blur_s1.0,0.654573,1,1
data\val\ai\ai_000098.png,1,ai,blur_s1.0,0.941476,1,1
data\val\ai\ai_000099.png,1,ai,blur_s1.0,0.753335,1,1
data\val\ai\ai_000100.png,1,ai,blur_s1.0,0.973612,1,1
data\val\ai\ai_000101.png,1,ai,blur_s1.0,0.994339,1,1
data\val\ai\ai_000102.png,1,ai,blur_s1.0,0.779200,1,1
data\val\ai\ai_000103.png,1,ai,blur_s1.0,0.968154,1,1
data\val\ai\ai_000104.png,1,ai,blur_s1.0,0.983352,1,1
data\val\ai\ai_000105.png,1,ai,blur_s1.0,0.508175,1,1
data\val\ai\ai_000106.png,1,ai,blur_s1.0,0.705547,1,1
data\val\ai\ai_000107.png,1,ai,blur_s1.0,0.962285,1,1
data\val\ai\ai_000108.png,1,ai,blur_s1.0,0.995816,1,1
data\val\ai\ai_000109.png,1,ai,blur_s1.0,0.999689,1,1
data\val\ai\ai_000110.png,1,ai,blur_s1.0,0.951721,1,1
data\val\ai\ai_000111.png,1,ai,blur_s1.0,0.952172,1,1
data\val\ai\ai_000112.png,1,ai,blur_s1.0,0.837591,1,1
data\val\ai\ai_000113.png,1,ai,blur_s1.0,0.966542,1,1
data\val\ai\ai_000114.png,1,ai,blur_s1.0,0.985832,1,1
data\val\ai\ai_000115.png,1,ai,blur_s1.0,0.981454,1,1
data\val\ai\ai_000116.png,1,ai,blur_s1.0,0.871204,1,1
data\val\ai\ai_000117.png,1,ai,blur_s1.0,0.987046,1,1
data\val\ai\ai_000118.png,1,ai,blur_s1.0,0.991309,1,1
data\val\ai\ai_000119.png,1,ai,blur_s1.0,0.948413,1,1
data\val\ai\ai_000120.png,1,ai,blur_s1.0,0.857154,1,1
data\val\ai\ai_000121.png,1,ai,blur_s1.0,0.998686,1,1
data\val\ai\ai_000122.png,1,ai,blur_s1.0,0.987573,1,1
data\val\ai\ai_000123.png,1,ai,blur_s1.0,0.879773,1,1
data\val\ai\ai_000124.png,1,ai,blur_s1.0,0.862404,1,1
data\val\ai\ai_000125.png,1,ai,blur_s1.0,0.996897,1,1
data\val\ai\ai_000126.png,1,ai,blur_s1.0,0.950962,1,1
data\val\ai\ai_000127.png,1,ai,blur_s1.0,0.974910,1,1
data\val\ai\ai_000128.png,1,ai,blur_s1.0,0.986451,1,1
data\val\ai\ai_000129.png,1,ai,blur_s1.0,0.990149,1,1
data\val\ai\ai_000130.png,1,ai,blur_s1.0,0.723974,1,1
data\val\ai\ai_000131.png,1,ai,blur_s1.0,0.995660,1,1
data\val\ai\ai_000132.png,1,ai,blur_s1.0,0.972032,1,1
data\val\ai\ai_000133.png,1,ai,blur_s1.0,0.996432,1,1
data\val\ai\ai_000134.png,1,ai,blur_s1.0,0.994919,1,1
data\val\ai\ai_000135.png,1,ai,blur_s1.0,0.998447,1,1
data\val\ai\ai_000136.png,1,ai,blur_s1.0,0.678217,1,1
data\val\ai\ai_000137.png,1,ai,blur_s1.0,0.892779,1,1
data\val\ai\ai_000138.png,1,ai,blur_s1.0,0.850253,1,1
data\val\ai\ai_000139.png,1,ai,blur_s1.0,0.993919,1,1
data\val\ai\ai_000140.png,1,ai,blur_s1.0,0.853489,1,1
data\val\ai\ai_000141.png,1,ai,blur_s1.0,0.999337,1,1
data\val\ai\ai_000142.png,1,ai,blur_s1.0,0.975159,1,1
data\val\ai\ai_000143.png,1,ai,blur_s1.0,0.997379,1,1
data\val\ai\ai_000144.png,1,ai,blur_s1.0,0.991385,1,1
data\val\ai\ai_000145.png,1,ai,blur_s1.0,0.987441,1,1
data\val\ai\ai_000146.png,1,ai,blur_s1.0,0.983396,1,1
data\val\ai\ai_000147.png,1,ai,blur_s1.0,0.974076,1,1
data\val\ai\ai_000148.png,1,ai,blur_s1.0,0.121474,0,0
data\val\ai\ai_000149.png,1,ai,blur_s1.0,0.995418,1,1
data\val\ai\ai_000150.png,1,ai,blur_s1.0,0.936562,1,1
data\val\ai\ai_000151.png,1,ai,blur_s1.0,0.854938,1,1
data\val\ai\ai_000152.png,1,ai,blur_s1.0,0.937735,1,1
data\val\ai\ai_000153.png,1,ai,blur_s1.0,0.998827,1,1
data\val\ai\ai_000154.png,1,ai,blur_s1.0,0.991438,1,1
data\val\ai\ai_000155.png,1,ai,blur_s1.0,0.987921,1,1
data\val\ai\ai_000156.png,1,ai,blur_s1.0,0.367802,0,0
data\val\ai\ai_000157.png,1,ai,blur_s1.0,0.954278,1,1
data\val\ai\ai_000158.png,1,ai,blur_s1.0,0.225529,0,0
data\val\ai\ai_000159.png,1,ai,blur_s1.0,0.999027,1,1
data\val\ai\ai_000160.png,1,ai,blur_s1.0,0.076051,0,0
data\val\ai\ai_000161.png,1,ai,blur_s1.0,0.985664,1,1
data\val\ai\ai_000162.png,1,ai,blur_s1.0,0.977610,1,1
data\val\ai\ai_000163.png,1,ai,blur_s1.0,0.996201,1,1
data\val\ai\ai_000164.png,1,ai,blur_s1.0,0.998298,1,1
data\val\ai\ai_000165.png,1,ai,blur_s1.0,0.999533,1,1
data\val\ai\ai_000166.png,1,ai,blur_s1.0,0.957099,1,1
data\val\ai\ai_000167.png,1,ai,blur_s1.0,0.945052,1,1
data\val\ai\ai_000168.png,1,ai,blur_s1.0,0.509898,1,1
data\val\ai\ai_000169.png,1,ai,blur_s1.0,0.989495,1,1
data\val\ai\ai_000170.png,1,ai,blur_s1.0,0.979794,1,1
data\val\ai\ai_000171.png,1,ai,blur_s1.0,0.965669,1,1
data\val\ai\ai_000172.png,1,ai,blur_s1.0,0.988288,1,1
data\val\ai\ai_000173.png,1,ai,blur_s1.0,0.966622,1,1
data\val\ai\ai_000174.png,1,ai,blur_s1.0,0.999673,1,1
data\val\ai\ai_000175.png,1,ai,blur_s1.0,0.993710,1,1
data\val\ai\ai_000176.png,1,ai,blur_s1.0,0.985862,1,1
data\val\ai\ai_000177.png,1,ai,blur_s1.0,0.982033,1,1
data\val\ai\ai_000178.png,1,ai,blur_s1.0,0.735906,1,1
data\val\ai\ai_000179.png,1,ai,blur_s1.0,0.998840,1,1
data\val\ai\ai_000180.png,1,ai,blur_s1.0,0.953173,1,1
data\val\ai\ai_000181.png,1,ai,blur_s1.0,0.990685,1,1
data\val\ai\ai_000182.png,1,ai,blur_s1.0,0.864280,1,1
data\val\ai\ai_000183.png,1,ai,blur_s1.0,0.961352,1,1
data\val\ai\ai_000184.png,1,ai,blur_s1.0,0.988965,1,1
data\val\ai\ai_000185.png,1,ai,blur_s1.0,0.984034,1,1
data\val\ai\ai_000186.png,1,ai,blur_s1.0,0.828703,1,1
data\val\ai\ai_000187.png,1,ai,blur_s1.0,0.991587,1,1
data\val\ai\ai_000188.png,1,ai,blur_s1.0,0.504015,1,1
data\val\ai\ai_000189.png,1,ai,blur_s1.0,0.993035,1,1
data\val\ai\ai_000190.png,1,ai,blur_s1.0,0.937589,1,1
data\val\ai\ai_000191.png,1,ai,blur_s1.0,0.821941,1,1
data\val\ai\ai_000192.png,1,ai,blur_s1.0,0.995988,1,1
data\val\ai\ai_000193.png,1,ai,blur_s1.0,0.999586,1,1
data\val\ai\ai_000194.png,1,ai,blur_s1.0,0.952947,1,1
data\val\ai\ai_000195.png,1,ai,blur_s1.0,0.994162,1,1
data\val\ai\ai_000196.png,1,ai,blur_s1.0,0.994699,1,1
data\val\ai\ai_000197.png,1,ai,blur_s1.0,0.912325,1,1
data\val\ai\ai_000198.png,1,ai,blur_s1.0,0.977097,1,1
data\val\ai\ai_000199.png,1,ai,blur_s1.0,0.948858,1,1
data\val\ai\ai_000200.png,1,ai,blur_s1.0,0.910923,1,1
data\val\ai\ai_000201.png,1,ai,blur_s1.0,0.956464,1,1
data\val\ai\ai_000202.png,1,ai,blur_s1.0,0.855636,1,1
data\val\ai\ai_000203.png,1,ai,blur_s1.0,0.997148,1,1
data\val\ai\ai_000204.png,1,ai,blur_s1.0,0.991654,1,1
data\val\ai\ai_000205.png,1,ai,blur_s1.0,0.929170,1,1
data\val\ai\ai_000206.png,1,ai,blur_s1.0,0.997837,1,1
data\val\ai\ai_000207.png,1,ai,blur_s1.0,0.991722,1,1
data\val\ai\ai_000208.png,1,ai,blur_s1.0,0.921640,1,1
data\val\ai\ai_000209.png,1,ai,blur_s1.0,0.996018,1,1
data\val\ai\ai_000210.png,1,ai,blur_s1.0,0.916476,1,1
data\val\ai\ai_000211.png,1,ai,blur_s1.0,0.998102,1,1
data\val\ai\ai_000212.png,1,ai,blur_s1.0,0.999080,1,1
data\val\ai\ai_000213.png,1,ai,blur_s1.0,0.982805,1,1
data\val\ai\ai_000214.png,1,ai,blur_s1.0,0.999016,1,1
data\val\ai\ai_000215.png,1,ai,blur_s1.0,0.970758,1,1
data\val\ai\ai_000216.png,1,ai,blur_s1.0,0.931279,1,1
data\val\ai\ai_000217.png,1,ai,blur_s1.0,0.823694,1,1
data\val\ai\ai_000218.png,1,ai,blur_s1.0,0.881797,1,1
data\val\ai\ai_000219.png,1,ai,blur_s1.0,0.991451,1,1
data\val\ai\ai_000220.png,1,ai,blur_s1.0,0.629967,1,1
data\val\ai\ai_000221.png,1,ai,blur_s1.0,0.987374,1,1
data\val\ai\ai_000222.png,1,ai,blur_s1.0,0.909496,1,1
data\val\ai\ai_000223.png,1,ai,blur_s1.0,0.997475,1,1
data\val\ai\ai_000224.png,1,ai,blur_s1.0,0.974141,1,1
data\val\ai\ai_000225.png,1,ai,blur_s1.0,0.986290,1,1
data\val\ai\ai_000226.png,1,ai,blur_s1.0,0.967108,1,1
data\val\ai\ai_000227.png,1,ai,blur_s1.0,0.962981,1,1
data\val\ai\ai_000228.png,1,ai,blur_s1.0,0.103055,0,0
data\val\ai\ai_000229.png,1,ai,blur_s1.0,0.984723,1,1
data\val\ai\ai_000230.png,1,ai,blur_s1.0,0.957998,1,1
data\val\ai\ai_000231.png,1,ai,blur_s1.0,0.999566,1,1
data\val\ai\ai_000232.png,1,ai,blur_s1.0,0.938679,1,1
data\val\ai\ai_000233.png,1,ai,blur_s1.0,0.979740,1,1
data\val\ai\ai_000234.png,1,ai,blur_s1.0,0.999217,1,1
data\val\ai\ai_000235.png,1,ai,blur_s1.0,0.993557,1,1
data\val\ai\ai_000236.png,1,ai,blur_s1.0,0.946510,1,1
data\val\ai\ai_000237.png,1,ai,blur_s1.0,0.877214,1,1
data\val\ai\ai_000238.png,1,ai,blur_s1.0,0.844112,1,1
data\val\ai\ai_000239.png,1,ai,blur_s1.0,0.813580,1,1
data\val\ai\ai_000240.png,1,ai,blur_s1.0,0.801687,1,1
data\val\ai\ai_000241.png,1,ai,blur_s1.0,0.976369,1,1
data\val\ai\ai_000242.png,1,ai,blur_s1.0,0.998577,1,1
data\val\ai\ai_000243.png,1,ai,blur_s1.0,0.984208,1,1
data\val\ai\ai_000244.png,1,ai,blur_s1.0,0.995261,1,1
data\val\ai\ai_000245.png,1,ai,blur_s1.0,0.902001,1,1
data\val\ai\ai_000246.png,1,ai,blur_s1.0,0.998213,1,1
data\val\ai\ai_000247.png,1,ai,blur_s1.0,0.914858,1,1
data\val\ai\ai_000248.png,1,ai,blur_s1.0,0.993708,1,1
data\val\ai\ai_000249.png,1,ai,blur_s1.0,0.998055,1,1
data\val\ai\ai_000250.png,1,ai,blur_s1.0,0.590167,1,1
data\val\ai\ai_000251.png,1,ai,blur_s1.0,0.960101,1,1
data\val\ai\ai_000252.png,1,ai,blur_s1.0,0.992214,1,1
data\val\ai\ai_000253.png,1,ai,blur_s1.0,0.995994,1,1
data\val\ai\ai_000254.png,1,ai,blur_s1.0,0.960602,1,1
data\val\ai\ai_000255.png,1,ai,blur_s1.0,0.759499,1,1
data\val\ai\ai_000256.png,1,ai,blur_s1.0,0.459080,0,0
data\val\ai\ai_000257.png,1,ai,blur_s1.0,0.982518,1,1
data\val\ai\ai_000258.png,1,ai,blur_s1.0,0.796748,1,1
data\val\ai\ai_000259.png,1,ai,blur_s1.0,0.996947,1,1
data\val\ai\ai_000260.png,1,ai,blur_s1.0,0.608298,1,1
data\val\ai\ai_000261.png,1,ai,blur_s1.0,0.985350,1,1
data\val\ai\ai_000262.png,1,ai,blur_s1.0,0.997492,1,1
data\val\ai\ai_000263.png,1,ai,blur_s1.0,0.970353,1,1
data\val\ai\ai_000264.png,1,ai,blur_s1.0,0.998129,1,1
data\val\ai\ai_000265.png,1,ai,blur_s1.0,0.974767,1,1
data\val\ai\ai_000266.png,1,ai,blur_s1.0,0.904129,1,1
data\val\ai\ai_000267.png,1,ai,blur_s1.0,0.996919,1,1
data\val\ai\ai_000268.png,1,ai,blur_s1.0,0.953959,1,1
data\val\ai\ai_000269.png,1,ai,blur_s1.0,0.992284,1,1
data\val\ai\ai_000270.png,1,ai,blur_s1.0,0.815964,1,1
data\val\ai\ai_000271.png,1,ai,blur_s1.0,0.966055,1,1
data\val\ai\ai_000272.png,1,ai,blur_s1.0,0.995566,1,1
data\val\ai\ai_000273.png,1,ai,blur_s1.0,0.994758,1,1
data\val\ai\ai_000274.png,1,ai,blur_s1.0,0.978748,1,1
data\val\ai\ai_000275.png,1,ai,blur_s1.0,0.996016,1,1
data\val\ai\ai_000276.png,1,ai,blur_s1.0,0.990075,1,1
data\val\ai\ai_000277.png,1,ai,blur_s1.0,0.966747,1,1
data\val\ai\ai_000278.png,1,ai,blur_s1.0,0.988492,1,1
data\val\ai\ai_000279.png,1,ai,blur_s1.0,0.983521,1,1
data\val\ai\ai_000280.png,1,ai,blur_s1.0,0.846122,1,1
data\val\ai\ai_000281.png,1,ai,blur_s1.0,0.958238,1,1
data\val\ai\ai_000282.png,1,ai,blur_s1.0,0.714056,1,1
data\val\ai\ai_000283.png,1,ai,blur_s1.0,0.997889,1,1
data\val\ai\ai_000284.png,1,ai,blur_s1.0,0.976297,1,1
data\val\ai\ai_000285.png,1,ai,blur_s1.0,0.995695,1,1
data\val\ai\ai_000286.png,1,ai,blur_s1.0,0.988086,1,1
data\val\ai\ai_000287.png,1,ai,blur_s1.0,0.965356,1,1
data\val\ai\ai_000288.png,1,ai,blur_s1.0,0.135880,0,0
data\val\ai\ai_000289.png,1,ai,blur_s1.0,0.994037,1,1
data\val\ai\ai_000290.png,1,ai,blur_s1.0,0.504967,1,1
data\val\ai\ai_000291.png,1,ai,blur_s1.0,0.998008,1,1
data\val\ai\ai_000292.png,1,ai,blur_s1.0,0.994920,1,1
data\val\ai\ai_000293.png,1,ai,blur_s1.0,0.353075,0,0
data\val\ai\ai_000294.png,1,ai,blur_s1.0,0.981740,1,1
data\val\ai\ai_000295.png,1,ai,blur_s1.0,0.986702,1,1
data\val\ai\ai_000296.png,1,ai,blur_s1.0,0.996413,1,1
data\val\ai\ai_000297.png,1,ai,blur_s1.0,0.994642,1,1
data\val\ai\ai_000298.png,1,ai,blur_s1.0,0.980498,1,1
data\val\ai\ai_000299.png,1,ai,blur_s1.0,0.956081,1,1
data\val\ai\ai_000300.png,1,ai,blur_s1.0,0.608963,1,1
data\val\ai\ai_000301.png,1,ai,blur_s1.0,0.934319,1,1
data\val\ai\ai_000302.png,1,ai,blur_s1.0,0.582685,1,1
data\val\ai\ai_000303.png,1,ai,blur_s1.0,0.966036,1,1
data\val\ai\ai_000304.png,1,ai,blur_s1.0,0.994788,1,1
data\val\ai\ai_000305.png,1,ai,blur_s1.0,0.945408,1,1
data\val\ai\ai_000306.png,1,ai,blur_s1.0,0.989369,1,1
data\val\ai\ai_000307.png,1,ai,blur_s1.0,0.904275,1,1
data\val\ai\ai_000308.png,1,ai,blur_s1.0,0.811635,1,1
data\val\ai\ai_000309.png,1,ai,blur_s1.0,0.943177,1,1
data\val\ai\ai_000310.png,1,ai,blur_s1.0,0.902304,1,1
data\val\ai\ai_000311.png,1,ai,blur_s1.0,0.946266,1,1
data\val\ai\ai_000312.png,1,ai,blur_s1.0,0.954204,1,1
data\val\ai\ai_000313.png,1,ai,blur_s1.0,0.722554,1,1
data\val\ai\ai_000314.png,1,ai,blur_s1.0,0.996505,1,1
data\val\ai\ai_000315.png,1,ai,blur_s1.0,0.993447,1,1
data\val\ai\ai_000316.png,1,ai,blur_s1.0,0.992758,1,1
data\val\ai\ai_000317.png,1,ai,blur_s1.0,0.997720,1,1
data\val\ai\ai_000318.png,1,ai,blur_s1.0,0.076794,0,0
data\val\ai\ai_000319.png,1,ai,blur_s1.0,0.918798,1,1
data\val\ai\ai_000320.png,1,ai,blur_s1.0,0.973910,1,1
data\val\ai\ai_000321.png,1,ai,blur_s1.0,0.995010,1,1
data\val\ai\ai_000322.png,1,ai,blur_s1.0,0.915440,1,1
data\val\ai\ai_000323.png,1,ai,blur_s1.0,0.998302,1,1
data\val\ai\ai_000324.png,1,ai,blur_s1.0,0.998606,1,1
data\val\ai\ai_000325.png,1,ai,blur_s1.0,0.988291,1,1
data\val\ai\ai_000326.png,1,ai,blur_s1.0,0.995540,1,1
data\val\ai\ai_000327.png,1,ai,blur_s1.0,0.998849,1,1
data\val\ai\ai_000328.png,1,ai,blur_s1.0,0.884963,1,1
data\val\ai\ai_000329.png,1,ai,blur_s1.0,0.957820,1,1
data\val\ai\ai_000330.png,1,ai,blur_s1.0,0.917726,1,1
data\val\ai\ai_000331.png,1,ai,blur_s1.0,0.988459,1,1
data\val\ai\ai_000332.png,1,ai,blur_s1.0,0.766909,1,1
data\val\ai\ai_000333.png,1,ai,blur_s1.0,0.994374,1,1
data\val\ai\ai_000334.png,1,ai,blur_s1.0,0.960395,1,1
data\val\ai\ai_000335.png,1,ai,blur_s1.0,0.997591,1,1
data\val\ai\ai_000336.png,1,ai,blur_s1.0,0.804512,1,1
data\val\ai\ai_000337.png,1,ai,blur_s1.0,0.997895,1,1
data\val\ai\ai_000338.png,1,ai,blur_s1.0,0.345458,0,0
data\val\ai\ai_000339.png,1,ai,blur_s1.0,0.998571,1,1
data\val\ai\ai_000340.png,1,ai,blur_s1.0,0.946285,1,1
data\val\ai\ai_000341.png,1,ai,blur_s1.0,0.975071,1,1
data\val\ai\ai_000342.png,1,ai,blur_s1.0,0.086384,0,0
data\val\ai\ai_000343.png,1,ai,blur_s1.0,0.997824,1,1
data\val\ai\ai_000344.png,1,ai,blur_s1.0,0.985893,1,1
data\val\ai\ai_000345.png,1,ai,blur_s1.0,0.975945,1,1
data\val\ai\ai_000346.png,1,ai,blur_s1.0,0.996302,1,1
data\val\ai\ai_000347.png,1,ai,blur_s1.0,0.969007,1,1
data\val\ai\ai_000348.png,1,ai,blur_s1.0,0.943353,1,1
data\val\ai\ai_000349.png,1,ai,blur_s1.0,0.998221,1,1
data\val\ai\ai_000350.png,1,ai,blur_s1.0,0.805189,1,1
data\val\ai\ai_000351.png,1,ai,blur_s1.0,0.974166,1,1
data\val\ai\ai_000352.png,1,ai,blur_s1.0,0.920404,1,1
data\val\ai\ai_000353.png,1,ai,blur_s1.0,0.944307,1,1
data\val\ai\ai_000354.png,1,ai,blur_s1.0,0.998425,1,1
data\val\ai\ai_000355.png,1,ai,blur_s1.0,0.987555,1,1
data\val\ai\ai_000356.png,1,ai,blur_s1.0,0.916750,1,1
data\val\ai\ai_000357.png,1,ai,blur_s1.0,0.958005,1,1
data\val\ai\ai_000358.png,1,ai,blur_s1.0,0.142313,0,0
data\val\ai\ai_000359.png,1,ai,blur_s1.0,0.992572,1,1
data\val\ai\ai_000360.png,1,ai,blur_s1.0,0.917297,1,1
data\val\ai\ai_000361.png,1,ai,blur_s1.0,0.992331,1,1
data\val\ai\ai_000362.png,1,ai,blur_s1.0,0.635953,1,1
data\val\ai\ai_000363.png,1,ai,blur_s1.0,0.997562,1,1
data\val\ai\ai_000364.png,1,ai,blur_s1.0,0.998475,1,1
data\val\ai\ai_000365.png,1,ai,blur_s1.0,0.828916,1,1
data\val\ai\ai_000366.png,1,ai,blur_s1.0,0.903103,1,1
data\val\ai\ai_000367.png,1,ai,blur_s1.0,0.982210,1,1
data\val\ai\ai_000368.png,1,ai,blur_s1.0,0.275069,0,0
data\val\ai\ai_000369.png,1,ai,blur_s1.0,0.993235,1,1
data\val\ai\ai_000370.png,1,ai,blur_s1.0,0.405078,0,0
data\val\ai\ai_000371.png,1,ai,blur_s1.0,0.936686,1,1
data\val\ai\ai_000372.png,1,ai,blur_s1.0,0.917856,1,1
data\val\ai\ai_000373.png,1,ai,blur_s1.0,0.949014,1,1
data\val\ai\ai_000374.png,1,ai,blur_s1.0,0.998010,1,1
data\val\ai\ai_000375.png,1,ai,blur_s1.0,0.994791,1,1
data\val\ai\ai_000376.png,1,ai,blur_s1.0,0.485896,0,0
data\val\ai\ai_000377.png,1,ai,blur_s1.0,0.922599,1,1
data\val\ai\ai_000378.png,1,ai,blur_s1.0,0.992705,1,1
data\val\ai\ai_000379.png,1,ai,blur_s1.0,0.875998,1,1
data\val\ai\ai_000380.png,1,ai,blur_s1.0,0.763803,1,1
data\val\ai\ai_000381.png,1,ai,blur_s1.0,0.854778,1,1
data\val\ai\ai_000382.png,1,ai,blur_s1.0,0.725455,1,1
data\val\ai\ai_000383.png,1,ai,blur_s1.0,0.966690,1,1
data\val\ai\ai_000384.png,1,ai,blur_s1.0,0.911463,1,1
data\val\ai\ai_000385.png,1,ai,blur_s1.0,0.994438,1,1
data\val\ai\ai_000386.png,1,ai,blur_s1.0,0.954940,1,1
data\val\ai\ai_000387.png,1,ai,blur_s1.0,0.997582,1,1
data\val\ai\ai_000388.png,1,ai,blur_s1.0,0.994942,1,1
data\val\ai\ai_000389.png,1,ai,blur_s1.0,0.967306,1,1
data\val\ai\ai_000390.png,1,ai,blur_s1.0,0.994329,1,1
data\val\ai\ai_000391.png,1,ai,blur_s1.0,0.946154,1,1
data\val\ai\ai_000392.png,1,ai,blur_s1.0,0.880472,1,1
data\val\ai\ai_000393.png,1,ai,blur_s1.0,0.993573,1,1
data\val\ai\ai_000394.png,1,ai,blur_s1.0,0.996715,1,1
data\val\ai\ai_000395.png,1,ai,blur_s1.0,0.975066,1,1
data\val\ai\ai_000396.png,1,ai,blur_s1.0,0.972724,1,1
data\val\ai\ai_000397.png,1,ai,blur_s1.0,0.992069,1,1
data\val\ai\ai_000398.png,1,ai,blur_s1.0,0.677902,1,1
data\val\ai\ai_000399.png,1,ai,blur_s1.0,0.974439,1,1
data\val\ai\ai_000400.png,1,ai,blur_s1.0,0.562142,1,1
data\val\ai\ai_000401.png,1,ai,blur_s1.0,0.995482,1,1
data\val\ai\ai_000402.png,1,ai,blur_s1.0,0.981143,1,1
data\val\ai\ai_000403.png,1,ai,blur_s1.0,0.989499,1,1
data\val\ai\ai_000404.png,1,ai,blur_s1.0,0.975962,1,1
data\val\ai\ai_000405.png,1,ai,blur_s1.0,0.998325,1,1
data\val\ai\ai_000406.png,1,ai,blur_s1.0,0.998704,1,1
data\val\ai\ai_000407.png,1,ai,blur_s1.0,0.875088,1,1
data\val\ai\ai_000408.png,1,ai,blur_s1.0,0.984009,1,1
data\val\ai\ai_000409.png,1,ai,blur_s1.0,0.971774,1,1
data\val\ai\ai_000410.png,1,ai,blur_s1.0,0.849022,1,1
data\val\ai\ai_000411.png,1,ai,blur_s1.0,0.992843,1,1
data\val\ai\ai_000412.png,1,ai,blur_s1.0,0.997159,1,1
data\val\ai\ai_000413.png,1,ai,blur_s1.0,0.980491,1,1
data\val\ai\ai_000414.png,1,ai,blur_s1.0,0.999725,1,1
data\val\ai\ai_000415.png,1,ai,blur_s1.0,0.996492,1,1
data\val\ai\ai_000416.png,1,ai,blur_s1.0,0.905833,1,1
data\val\ai\ai_000417.png,1,ai,blur_s1.0,0.988675,1,1
data\val\ai\ai_000418.png,1,ai,blur_s1.0,0.139907,0,0
data\val\ai\ai_000419.png,1,ai,blur_s1.0,0.942973,1,1
data\val\ai\ai_000420.png,1,ai,blur_s1.0,0.872788,1,1
data\val\ai\ai_000421.png,1,ai,blur_s1.0,0.997445,1,1
data\val\ai\ai_000422.png,1,ai,blur_s1.0,0.382645,0,0
data\val\ai\ai_000423.png,1,ai,blur_s1.0,0.969571,1,1
data\val\ai\ai_000424.png,1,ai,blur_s1.0,0.999352,1,1
data\val\ai\ai_000425.png,1,ai,blur_s1.0,0.924949,1,1
data\val\ai\ai_000426.png,1,ai,blur_s1.0,0.570956,1,1
data\val\ai\ai_000427.png,1,ai,blur_s1.0,0.993217,1,1
data\val\ai\ai_000428.png,1,ai,blur_s1.0,0.971242,1,1
data\val\ai\ai_000429.png,1,ai,blur_s1.0,0.990705,1,1
data\val\ai\ai_000430.png,1,ai,blur_s1.0,0.924378,1,1
data\val\ai\ai_000431.png,1,ai,blur_s1.0,0.933703,1,1
data\val\ai\ai_000432.png,1,ai,blur_s1.0,0.993389,1,1
data\val\ai\ai_000433.png,1,ai,blur_s1.0,0.998336,1,1
data\val\ai\ai_000434.png,1,ai,blur_s1.0,0.961163,1,1
data\val\ai\ai_000435.png,1,ai,blur_s1.0,0.970933,1,1
data\val\ai\ai_000436.png,1,ai,blur_s1.0,0.990376,1,1
data\val\ai\ai_000437.png,1,ai,blur_s1.0,0.974215,1,1
data\val\ai\ai_000438.png,1,ai,blur_s1.0,0.983613,1,1
data\val\ai\ai_000439.png,1,ai,blur_s1.0,0.800436,1,1
data\val\ai\ai_000440.png,1,ai,blur_s1.0,0.964193,1,1
data\val\ai\ai_000441.png,1,ai,blur_s1.0,0.903506,1,1
data\val\ai\ai_000442.png,1,ai,blur_s1.0,0.984085,1,1
data\val\ai\ai_000443.png,1,ai,blur_s1.0,0.997174,1,1
data\val\ai\ai_000444.png,1,ai,blur_s1.0,0.997570,1,1
data\val\ai\ai_000445.png,1,ai,blur_s1.0,0.966664,1,1
data\val\ai\ai_000446.png,1,ai,blur_s1.0,0.980091,1,1
data\val\ai\ai_000447.png,1,ai,blur_s1.0,0.993774,1,1
data\val\ai\ai_000448.png,1,ai,blur_s1.0,0.163332,0,0
data\val\ai\ai_000449.png,1,ai,blur_s1.0,0.999220,1,1
data\val\ai\ai_000450.png,1,ai,blur_s1.0,0.992427,1,1
data\val\ai\ai_000451.png,1,ai,blur_s1.0,0.950231,1,1
data\val\ai\ai_000452.png,1,ai,blur_s1.0,0.890661,1,1
data\val\ai\ai_000453.png,1,ai,blur_s1.0,0.998582,1,1
data\val\ai\ai_000454.png,1,ai,blur_s1.0,0.924869,1,1
data\val\ai\ai_000455.png,1,ai,blur_s1.0,0.995522,1,1
data\val\ai\ai_000456.png,1,ai,blur_s1.0,0.963905,1,1
data\val\ai\ai_000457.png,1,ai,blur_s1.0,0.975273,1,1
data\val\ai\ai_000458.png,1,ai,blur_s1.0,0.947474,1,1
data\val\ai\ai_000459.png,1,ai,blur_s1.0,0.757715,1,1
data\val\ai\ai_000460.png,1,ai,blur_s1.0,0.858505,1,1
data\val\ai\ai_000461.png,1,ai,blur_s1.0,0.904930,1,1
data\val\ai\ai_000462.png,1,ai,blur_s1.0,0.966599,1,1
data\val\ai\ai_000463.png,1,ai,blur_s1.0,0.990264,1,1
data\val\ai\ai_000464.png,1,ai,blur_s1.0,0.983216,1,1
data\val\ai\ai_000465.png,1,ai,blur_s1.0,0.993246,1,1
data\val\ai\ai_000466.png,1,ai,blur_s1.0,0.526065,1,1
data\val\ai\ai_000467.png,1,ai,blur_s1.0,0.947240,1,1
data\val\ai\ai_000468.png,1,ai,blur_s1.0,0.771246,1,1
data\val\ai\ai_000469.png,1,ai,blur_s1.0,0.992973,1,1
data\val\ai\ai_000470.png,1,ai,blur_s1.0,0.822887,1,1
data\val\ai\ai_000471.png,1,ai,blur_s1.0,0.999251,1,1
data\val\ai\ai_000472.png,1,ai,blur_s1.0,0.975533,1,1
data\val\ai\ai_000473.png,1,ai,blur_s1.0,0.765401,1,1
data\val\ai\ai_000474.png,1,ai,blur_s1.0,0.996990,1,1
data\val\ai\ai_000475.png,1,ai,blur_s1.0,0.997332,1,1
data\val\ai\ai_000476.png,1,ai,blur_s1.0,0.900288,1,1
data\val\ai\ai_000477.png,1,ai,blur_s1.0,0.989839,1,1
data\val\ai\ai_000478.png,1,ai,blur_s1.0,0.975170,1,1
data\val\ai\ai_000479.png,1,ai,blur_s1.0,0.915668,1,1
data\val\ai\ai_000480.png,1,ai,blur_s1.0,0.852640,1,1
data\val\ai\ai_000481.png,1,ai,blur_s1.0,0.996156,1,1
data\val\ai\ai_000482.png,1,ai,blur_s1.0,0.783673,1,1
data\val\ai\ai_000483.png,1,ai,blur_s1.0,0.838400,1,1
data\val\ai\ai_000484.png,1,ai,blur_s1.0,0.987346,1,1
data\val\ai\ai_000485.png,1,ai,blur_s1.0,0.940866,1,1
data\val\ai\ai_000486.png,1,ai,blur_s1.0,0.994359,1,1
data\val\ai\ai_000487.png,1,ai,blur_s1.0,0.983392,1,1
data\val\ai\ai_000488.png,1,ai,blur_s1.0,0.699401,1,1
data\val\ai\ai_000489.png,1,ai,blur_s1.0,0.984790,1,1
data\val\ai\ai_000490.png,1,ai,blur_s1.0,0.956922,1,1
data\val\ai\ai_000491.png,1,ai,blur_s1.0,0.960557,1,1
data\val\ai\ai_000492.png,1,ai,blur_s1.0,0.985209,1,1
data\val\ai\ai_000493.png,1,ai,blur_s1.0,0.953167,1,1
data\val\ai\ai_000494.png,1,ai,blur_s1.0,0.994668,1,1
data\val\ai\ai_000495.png,1,ai,blur_s1.0,0.977504,1,1
data\val\ai\ai_000496.png,1,ai,blur_s1.0,0.809603,1,1
data\val\ai\ai_000497.png,1,ai,blur_s1.0,0.987264,1,1
data\val\ai\ai_000498.png,1,ai,blur_s1.0,0.768771,1,1
data\val\ai\ai_000499.png,1,ai,blur_s1.0,0.997190,1,1
data\val\ai\ai_000500.png,1,ai,blur_s1.0,0.845221,1,1
data\val\real\000000000139.jpg,0,real,blur_s2.0,0.769089,1,0
data\val\real\000000000285.jpg,0,real,blur_s2.0,0.033580,0,1
data\val\real\000000000632.jpg,0,real,blur_s2.0,0.956772,1,0
data\val\real\000000000724.jpg,0,real,blur_s2.0,0.112107,0,1
data\val\real\000000000776.jpg,0,real,blur_s2.0,0.022991,0,1
data\val\real\000000000785.jpg,0,real,blur_s2.0,0.363749,0,1
data\val\real\000000000802.jpg,0,real,blur_s2.0,0.242391,0,1
data\val\real\000000000872.jpg,0,real,blur_s2.0,0.015279,0,1
data\val\real\000000000885.jpg,0,real,blur_s2.0,0.211258,0,1
data\val\real\000000001000.jpg,0,real,blur_s2.0,0.006073,0,1
data\val\real\000000001268.jpg,0,real,blur_s2.0,0.257657,0,1
data\val\real\000000001296.jpg,0,real,blur_s2.0,0.069112,0,1
data\val\real\000000001353.jpg,0,real,blur_s2.0,0.002194,0,1
data\val\real\000000001425.jpg,0,real,blur_s2.0,0.454858,0,1
data\val\real\000000001490.jpg,0,real,blur_s2.0,0.037683,0,1
data\val\real\000000001503.jpg,0,real,blur_s2.0,0.347519,0,1
data\val\real\000000001532.jpg,0,real,blur_s2.0,0.035012,0,1
data\val\real\000000001584.jpg,0,real,blur_s2.0,0.121488,0,1
data\val\real\000000001675.jpg,0,real,blur_s2.0,0.009950,0,1
data\val\real\000000001761.jpg,0,real,blur_s2.0,0.035488,0,1
data\val\real\000000001818.jpg,0,real,blur_s2.0,0.088213,0,1
data\val\real\000000001993.jpg,0,real,blur_s2.0,0.861389,1,0
data\val\real\000000002006.jpg,0,real,blur_s2.0,0.031908,0,1
data\val\real\000000002149.jpg,0,real,blur_s2.0,0.263456,0,1
data\val\real\000000002153.jpg,0,real,blur_s2.0,0.048765,0,1
data\val\real\000000002157.jpg,0,real,blur_s2.0,0.502423,1,0
data\val\real\000000002261.jpg,0,real,blur_s2.0,0.024671,0,1
data\val\real\000000002299.jpg,0,real,blur_s2.0,0.003146,0,1
data\val\real\000000002431.jpg,0,real,blur_s2.0,0.144047,0,1
data\val\real\000000002473.jpg,0,real,blur_s2.0,0.020532,0,1
data\val\real\000000002532.jpg,0,real,blur_s2.0,0.033825,0,1
data\val\real\000000002587.jpg,0,real,blur_s2.0,0.029128,0,1
data\val\real\000000002592.jpg,0,real,blur_s2.0,0.014923,0,1
data\val\real\000000002685.jpg,0,real,blur_s2.0,0.002756,0,1
data\val\real\000000002923.jpg,0,real,blur_s2.0,0.030216,0,1
data\val\real\000000003156.jpg,0,real,blur_s2.0,0.113188,0,1
data\val\real\000000003255.jpg,0,real,blur_s2.0,0.458380,0,1
data\val\real\000000003501.jpg,0,real,blur_s2.0,0.069106,0,1
data\val\real\000000003553.jpg,0,real,blur_s2.0,0.230424,0,1
data\val\real\000000003661.jpg,0,real,blur_s2.0,0.023198,0,1
data\val\real\000000003845.jpg,0,real,blur_s2.0,0.015289,0,1
data\val\real\000000003934.jpg,0,real,blur_s2.0,0.008287,0,1
data\val\real\000000004134.jpg,0,real,blur_s2.0,0.005703,0,1
data\val\real\000000004395.jpg,0,real,blur_s2.0,0.014588,0,1
data\val\real\000000004495.jpg,0,real,blur_s2.0,0.258286,0,1
data\val\real\000000004765.jpg,0,real,blur_s2.0,0.079626,0,1
data\val\real\000000004795.jpg,0,real,blur_s2.0,0.000511,0,1
data\val\real\000000005001.jpg,0,real,blur_s2.0,0.092323,0,1
data\val\real\000000005037.jpg,0,real,blur_s2.0,0.089381,0,1
data\val\real\000000005060.jpg,0,real,blur_s2.0,0.061052,0,1
data\val\real\000000005193.jpg,0,real,blur_s2.0,0.000275,0,1
data\val\real\000000005477.jpg,0,real,blur_s2.0,0.093457,0,1
data\val\real\000000005503.jpg,0,real,blur_s2.0,0.101852,0,1
data\val\real\000000005529.jpg,0,real,blur_s2.0,0.018056,0,1
data\val\real\000000005586.jpg,0,real,blur_s2.0,0.078691,0,1
data\val\real\000000005600.jpg,0,real,blur_s2.0,0.039249,0,1
data\val\real\000000005992.jpg,0,real,blur_s2.0,0.026275,0,1
data\val\real\000000006012.jpg,0,real,blur_s2.0,0.056158,0,1
data\val\real\000000006040.jpg,0,real,blur_s2.0,0.552872,1,0
data\val\real\000000006213.jpg,0,real,blur_s2.0,0.132024,0,1
data\val\real\000000006460.jpg,0,real,blur_s2.0,0.009621,0,1
data\val\real\000000006471.jpg,0,real,blur_s2.0,0.055159,0,1
data\val\real\000000006614.jpg,0,real,blur_s2.0,0.083085,0,1
data\val\real\000000006723.jpg,0,real,blur_s2.0,0.420478,0,1
data\val\real\000000006763.jpg,0,real,blur_s2.0,0.000187,0,1
data\val\real\000000006771.jpg,0,real,blur_s2.0,0.001549,0,1
data\val\real\000000006818.jpg,0,real,blur_s2.0,0.013544,0,1
data\val\real\000000006894.jpg,0,real,blur_s2.0,0.005903,0,1
data\val\real\000000006954.jpg,0,real,blur_s2.0,0.027364,0,1
data\val\real\000000007088.jpg,0,real,blur_s2.0,0.011504,0,1
data\val\real\000000007108.jpg,0,real,blur_s2.0,0.027123,0,1
data\val\real\000000007278.jpg,0,real,blur_s2.0,0.049665,0,1
data\val\real\000000007281.jpg,0,real,blur_s2.0,0.006962,0,1
data\val\real\000000007386.jpg,0,real,blur_s2.0,0.149120,0,1
data\val\real\000000007511.jpg,0,real,blur_s2.0,0.017958,0,1
data\val\real\000000007574.jpg,0,real,blur_s2.0,0.259385,0,1
data\val\real\000000007784.jpg,0,real,blur_s2.0,0.139432,0,1
data\val\real\000000007795.jpg,0,real,blur_s2.0,0.955853,1,0
data\val\real\000000007816.jpg,0,real,blur_s2.0,0.031211,0,1
data\val\real\000000007818.jpg,0,real,blur_s2.0,0.633659,1,0
data\val\real\000000007888.jpg,0,real,blur_s2.0,0.589092,1,0
data\val\real\000000007977.jpg,0,real,blur_s2.0,0.139912,0,1
data\val\real\000000007991.jpg,0,real,blur_s2.0,0.011052,0,1
data\val\real\000000008021.jpg,0,real,blur_s2.0,0.006173,0,1
data\val\real\000000008211.jpg,0,real,blur_s2.0,0.073580,0,1
data\val\real\000000008277.jpg,0,real,blur_s2.0,0.077633,0,1
data\val\real\000000008532.jpg,0,real,blur_s2.0,0.004346,0,1
data\val\real\000000008629.jpg,0,real,blur_s2.0,0.043623,0,1
data\val\real\000000008690.jpg,0,real,blur_s2.0,0.001041,0,1
data\val\real\000000008762.jpg,0,real,blur_s2.0,0.275149,0,1
data\val\real\000000008844.jpg,0,real,blur_s2.0,0.024115,0,1
data\val\real\000000008899.jpg,0,real,blur_s2.0,0.285732,0,1
data\val\real\000000009378.jpg,0,real,blur_s2.0,0.010568,0,1
data\val\real\000000009400.jpg,0,real,blur_s2.0,0.003232,0,1
data\val\real\000000009448.jpg,0,real,blur_s2.0,0.001373,0,1
data\val\real\000000009483.jpg,0,real,blur_s2.0,0.119789,0,1
data\val\real\000000009590.jpg,0,real,blur_s2.0,0.403477,0,1
data\val\real\000000009769.jpg,0,real,blur_s2.0,0.060463,0,1
data\val\real\000000009772.jpg,0,real,blur_s2.0,0.056424,0,1
data\val\real\000000009891.jpg,0,real,blur_s2.0,0.003503,0,1
data\val\real\000000009914.jpg,0,real,blur_s2.0,0.031924,0,1
data\val\real\000000010092.jpg,0,real,blur_s2.0,0.109690,0,1
data\val\real\000000010363.jpg,0,real,blur_s2.0,0.000892,0,1
data\val\real\000000010583.jpg,0,real,blur_s2.0,0.030602,0,1
data\val\real\000000010707.jpg,0,real,blur_s2.0,0.000515,0,1
data\val\real\000000010764.jpg,0,real,blur_s2.0,0.062186,0,1
data\val\real\000000010977.jpg,0,real,blur_s2.0,0.511567,1,0
data\val\real\000000010995.jpg,0,real,blur_s2.0,0.666520,1,0
data\val\real\000000011051.jpg,0,real,blur_s2.0,0.008070,0,1
data\val\real\000000011122.jpg,0,real,blur_s2.0,0.003157,0,1
data\val\real\000000011149.jpg,0,real,blur_s2.0,0.027301,0,1
data\val\real\000000011197.jpg,0,real,blur_s2.0,0.025650,0,1
data\val\real\000000011511.jpg,0,real,blur_s2.0,0.136989,0,1
data\val\real\000000011615.jpg,0,real,blur_s2.0,0.031873,0,1
data\val\real\000000011699.jpg,0,real,blur_s2.0,0.130914,0,1
data\val\real\000000011760.jpg,0,real,blur_s2.0,0.410676,0,1
data\val\real\000000011813.jpg,0,real,blur_s2.0,0.816528,1,0
data\val\real\000000012062.jpg,0,real,blur_s2.0,0.021798,0,1
data\val\real\000000012120.jpg,0,real,blur_s2.0,0.095808,0,1
data\val\real\000000012280.jpg,0,real,blur_s2.0,0.934672,1,0
data\val\real\000000012576.jpg,0,real,blur_s2.0,0.021614,0,1
data\val\real\000000012639.jpg,0,real,blur_s2.0,0.025374,0,1
data\val\real\000000012667.jpg,0,real,blur_s2.0,0.079892,0,1
data\val\real\000000012670.jpg,0,real,blur_s2.0,0.008617,0,1
data\val\real\000000012748.jpg,0,real,blur_s2.0,0.031406,0,1
data\val\real\000000013004.jpg,0,real,blur_s2.0,0.114937,0,1
data\val\real\000000013177.jpg,0,real,blur_s2.0,0.121950,0,1
data\val\real\000000013201.jpg,0,real,blur_s2.0,0.229389,0,1
data\val\real\000000013291.jpg,0,real,blur_s2.0,0.061269,0,1
data\val\real\000000013348.jpg,0,real,blur_s2.0,0.132900,0,1
data\val\real\000000013546.jpg,0,real,blur_s2.0,0.117526,0,1
data\val\real\000000013597.jpg,0,real,blur_s2.0,0.655888,1,0
data\val\real\000000013659.jpg,0,real,blur_s2.0,0.001275,0,1
data\val\real\000000013729.jpg,0,real,blur_s2.0,0.005320,0,1
data\val\real\000000013774.jpg,0,real,blur_s2.0,0.664841,1,0
data\val\real\000000013923.jpg,0,real,blur_s2.0,0.746377,1,0
data\val\real\000000014007.jpg,0,real,blur_s2.0,0.179778,0,1
data\val\real\000000014038.jpg,0,real,blur_s2.0,0.719725,1,0
data\val\real\000000014226.jpg,0,real,blur_s2.0,0.290324,0,1
data\val\real\000000014380.jpg,0,real,blur_s2.0,0.443614,0,1
data\val\real\000000014439.jpg,0,real,blur_s2.0,0.067772,0,1
data\val\real\000000014473.jpg,0,real,blur_s2.0,0.099666,0,1
data\val\real\000000014831.jpg,0,real,blur_s2.0,0.004924,0,1
data\val\real\000000014888.jpg,0,real,blur_s2.0,0.036776,0,1
data\val\real\000000015079.jpg,0,real,blur_s2.0,0.446955,0,1
data\val\real\000000015254.jpg,0,real,blur_s2.0,0.028916,0,1
data\val\real\000000015272.jpg,0,real,blur_s2.0,0.310447,0,1
data\val\real\000000015278.jpg,0,real,blur_s2.0,0.013825,0,1
data\val\real\000000015335.jpg,0,real,blur_s2.0,0.001106,0,1
data\val\real\000000015338.jpg,0,real,blur_s2.0,0.132967,0,1
data\val\real\000000015440.jpg,0,real,blur_s2.0,0.717055,1,0
data\val\real\000000015497.jpg,0,real,blur_s2.0,0.001648,0,1
data\val\real\000000015517.jpg,0,real,blur_s2.0,0.109744,0,1
data\val\real\000000015597.jpg,0,real,blur_s2.0,0.026539,0,1
data\val\real\000000015660.jpg,0,real,blur_s2.0,0.083225,0,1
data\val\real\000000015746.jpg,0,real,blur_s2.0,0.060822,0,1
data\val\real\000000015751.jpg,0,real,blur_s2.0,0.112800,0,1
data\val\real\000000015956.jpg,0,real,blur_s2.0,0.011512,0,1
data\val\real\000000016010.jpg,0,real,blur_s2.0,0.002713,0,1
data\val\real\000000016228.jpg,0,real,blur_s2.0,0.409405,0,1
data\val\real\000000016249.jpg,0,real,blur_s2.0,0.133109,0,1
data\val\real\000000016439.jpg,0,real,blur_s2.0,0.350236,0,1
data\val\real\000000016451.jpg,0,real,blur_s2.0,0.154224,0,1
data\val\real\000000016502.jpg,0,real,blur_s2.0,0.111775,0,1
data\val\real\000000016598.jpg,0,real,blur_s2.0,0.005640,0,1
data\val\real\000000016958.jpg,0,real,blur_s2.0,0.264588,0,1
data\val\real\000000017029.jpg,0,real,blur_s2.0,0.017662,0,1
data\val\real\000000017031.jpg,0,real,blur_s2.0,0.614048,1,0
data\val\real\000000017115.jpg,0,real,blur_s2.0,0.464452,0,1
data\val\real\000000017178.jpg,0,real,blur_s2.0,0.444286,0,1
data\val\real\000000017182.jpg,0,real,blur_s2.0,0.223987,0,1
data\val\real\000000017207.jpg,0,real,blur_s2.0,0.009998,0,1
data\val\real\000000017379.jpg,0,real,blur_s2.0,0.450704,0,1
data\val\real\000000017436.jpg,0,real,blur_s2.0,0.013740,0,1
data\val\real\000000017627.jpg,0,real,blur_s2.0,0.003067,0,1
data\val\real\000000017714.jpg,0,real,blur_s2.0,0.035511,0,1
data\val\real\000000017899.jpg,0,real,blur_s2.0,0.005224,0,1
data\val\real\000000017905.jpg,0,real,blur_s2.0,0.000491,0,1
data\val\real\000000017959.jpg,0,real,blur_s2.0,0.025124,0,1
data\val\real\000000018150.jpg,0,real,blur_s2.0,0.002397,0,1
data\val\real\000000018193.jpg,0,real,blur_s2.0,0.000438,0,1
data\val\real\000000018380.jpg,0,real,blur_s2.0,0.191385,0,1
data\val\real\000000018491.jpg,0,real,blur_s2.0,0.121587,0,1
data\val\real\000000018519.jpg,0,real,blur_s2.0,0.129963,0,1
data\val\real\000000018575.jpg,0,real,blur_s2.0,0.013696,0,1
data\val\real\000000018737.jpg,0,real,blur_s2.0,0.015527,0,1
data\val\real\000000018770.jpg,0,real,blur_s2.0,0.027917,0,1
data\val\real\000000018833.jpg,0,real,blur_s2.0,0.020548,0,1
data\val\real\000000018837.jpg,0,real,blur_s2.0,0.038254,0,1
data\val\real\000000019042.jpg,0,real,blur_s2.0,0.112206,0,1
data\val\real\000000019109.jpg,0,real,blur_s2.0,0.244065,0,1
data\val\real\000000019221.jpg,0,real,blur_s2.0,0.008974,0,1
data\val\real\000000019402.jpg,0,real,blur_s2.0,0.000343,0,1
data\val\real\000000019432.jpg,0,real,blur_s2.0,0.137881,0,1
data\val\real\000000019742.jpg,0,real,blur_s2.0,0.120242,0,1
data\val\real\000000019786.jpg,0,real,blur_s2.0,0.008787,0,1
data\val\real\000000019924.jpg,0,real,blur_s2.0,0.103492,0,1
data\val\real\000000020059.jpg,0,real,blur_s2.0,0.083075,0,1
data\val\real\000000020107.jpg,0,real,blur_s2.0,0.165609,0,1
data\val\real\000000020247.jpg,0,real,blur_s2.0,0.194069,0,1
data\val\real\000000020333.jpg,0,real,blur_s2.0,0.057145,0,1
data\val\real\000000020553.jpg,0,real,blur_s2.0,0.006758,0,1
data\val\real\000000020571.jpg,0,real,blur_s2.0,0.344636,0,1
data\val\real\000000020992.jpg,0,real,blur_s2.0,0.043017,0,1
data\val\real\000000021167.jpg,0,real,blur_s2.0,0.002422,0,1
data\val\real\000000021465.jpg,0,real,blur_s2.0,0.018133,0,1
data\val\real\000000021503.jpg,0,real,blur_s2.0,0.012437,0,1
data\val\real\000000021604.jpg,0,real,blur_s2.0,0.879456,1,0
data\val\real\000000021839.jpg,0,real,blur_s2.0,0.001500,0,1
data\val\real\000000021879.jpg,0,real,blur_s2.0,0.020209,0,1
data\val\real\000000021903.jpg,0,real,blur_s2.0,0.030621,0,1
data\val\real\000000022192.jpg,0,real,blur_s2.0,0.003094,0,1
data\val\real\000000022371.jpg,0,real,blur_s2.0,0.578653,1,0
data\val\real\000000022396.jpg,0,real,blur_s2.0,0.015844,0,1
data\val\real\000000022479.jpg,0,real,blur_s2.0,0.011158,0,1
data\val\real\000000022589.jpg,0,real,blur_s2.0,0.011968,0,1
data\val\real\000000022623.jpg,0,real,blur_s2.0,0.249509,0,1
data\val\real\000000022705.jpg,0,real,blur_s2.0,0.001131,0,1
data\val\real\000000022755.jpg,0,real,blur_s2.0,0.499813,0,1
data\val\real\000000022892.jpg,0,real,blur_s2.0,0.273181,0,1
data\val\real\000000022935.jpg,0,real,blur_s2.0,0.191944,0,1
data\val\real\000000022969.jpg,0,real,blur_s2.0,0.036451,0,1
data\val\real\000000023023.jpg,0,real,blur_s2.0,0.438525,0,1
data\val\real\000000023034.jpg,0,real,blur_s2.0,0.006787,0,1
data\val\real\000000023126.jpg,0,real,blur_s2.0,0.192481,0,1
data\val\real\000000023230.jpg,0,real,blur_s2.0,0.027885,0,1
data\val\real\000000023272.jpg,0,real,blur_s2.0,0.017172,0,1
data\val\real\000000023359.jpg,0,real,blur_s2.0,0.112925,0,1
data\val\real\000000023666.jpg,0,real,blur_s2.0,0.033389,0,1
data\val\real\000000023751.jpg,0,real,blur_s2.0,0.003332,0,1
data\val\real\000000023781.jpg,0,real,blur_s2.0,0.084096,0,1
data\val\real\000000023899.jpg,0,real,blur_s2.0,0.025379,0,1
data\val\real\000000023937.jpg,0,real,blur_s2.0,0.297083,0,1
data\val\real\000000024021.jpg,0,real,blur_s2.0,0.005199,0,1
data\val\real\000000024027.jpg,0,real,blur_s2.0,0.001836,0,1
data\val\real\000000024144.jpg,0,real,blur_s2.0,0.112673,0,1
data\val\real\000000024243.jpg,0,real,blur_s2.0,0.008734,0,1
data\val\real\000000024567.jpg,0,real,blur_s2.0,0.003144,0,1
data\val\real\000000024610.jpg,0,real,blur_s2.0,0.072220,0,1
data\val\real\000000024919.jpg,0,real,blur_s2.0,0.119557,0,1
data\val\real\000000025057.jpg,0,real,blur_s2.0,0.013437,0,1
data\val\real\000000025096.jpg,0,real,blur_s2.0,0.008995,0,1
data\val\real\000000025139.jpg,0,real,blur_s2.0,0.085255,0,1
data\val\real\000000025181.jpg,0,real,blur_s2.0,0.735747,1,0
data\val\real\000000025228.jpg,0,real,blur_s2.0,0.031137,0,1
data\val\real\000000025386.jpg,0,real,blur_s2.0,0.007400,0,1
data\val\real\000000025393.jpg,0,real,blur_s2.0,0.000224,0,1
data\val\real\000000025394.jpg,0,real,blur_s2.0,0.007365,0,1
data\val\real\000000025424.jpg,0,real,blur_s2.0,0.092583,0,1
data\val\real\000000025560.jpg,0,real,blur_s2.0,0.003952,0,1
data\val\real\000000025593.jpg,0,real,blur_s2.0,0.033914,0,1
data\val\real\000000025603.jpg,0,real,blur_s2.0,0.004358,0,1
data\val\real\000000025986.jpg,0,real,blur_s2.0,0.005664,0,1
data\val\real\000000026204.jpg,0,real,blur_s2.0,0.080047,0,1
data\val\real\000000026465.jpg,0,real,blur_s2.0,0.078962,0,1
data\val\real\000000026564.jpg,0,real,blur_s2.0,0.174543,0,1
data\val\real\000000026690.jpg,0,real,blur_s2.0,0.020582,0,1
data\val\real\000000026926.jpg,0,real,blur_s2.0,0.149653,0,1
data\val\real\000000026941.jpg,0,real,blur_s2.0,0.658241,1,0
data\val\real\000000027186.jpg,0,real,blur_s2.0,0.016231,0,1
data\val\real\000000027620.jpg,0,real,blur_s2.0,0.018229,0,1
data\val\real\000000027696.jpg,0,real,blur_s2.0,0.003702,0,1
data\val\real\000000027768.jpg,0,real,blur_s2.0,0.066791,0,1
data\val\real\000000027932.jpg,0,real,blur_s2.0,0.066582,0,1
data\val\real\000000027972.jpg,0,real,blur_s2.0,0.082554,0,1
data\val\real\000000027982.jpg,0,real,blur_s2.0,0.163345,0,1
data\val\real\000000028285.jpg,0,real,blur_s2.0,0.056884,0,1
data\val\real\000000028449.jpg,0,real,blur_s2.0,0.439212,0,1
data\val\real\000000028452.jpg,0,real,blur_s2.0,0.598131,1,0
data\val\real\000000028809.jpg,0,real,blur_s2.0,0.181067,0,1
data\val\real\000000028993.jpg,0,real,blur_s2.0,0.399299,0,1
data\val\real\000000029187.jpg,0,real,blur_s2.0,0.002811,0,1
data\val\real\000000029393.jpg,0,real,blur_s2.0,0.015635,0,1
data\val\real\000000029397.jpg,0,real,blur_s2.0,0.034579,0,1
data\val\real\000000029596.jpg,0,real,blur_s2.0,0.910491,1,0
data\val\real\000000029640.jpg,0,real,blur_s2.0,0.081836,0,1
data\val\real\000000029675.jpg,0,real,blur_s2.0,0.097051,0,1
data\val\real\000000029984.jpg,0,real,blur_s2.0,0.012399,0,1
data\val\real\000000030213.jpg,0,real,blur_s2.0,0.600430,1,0
data\val\real\000000030494.jpg,0,real,blur_s2.0,0.005064,0,1
data\val\real\000000030504.jpg,0,real,blur_s2.0,0.150462,0,1
data\val\real\000000030675.jpg,0,real,blur_s2.0,0.344383,0,1
data\val\real\000000030785.jpg,0,real,blur_s2.0,0.151948,0,1
data\val\real\000000030828.jpg,0,real,blur_s2.0,0.136320,0,1
data\val\real\000000031050.jpg,0,real,blur_s2.0,0.162671,0,1
data\val\real\000000031093.jpg,0,real,blur_s2.0,0.103848,0,1
data\val\real\000000031118.jpg,0,real,blur_s2.0,0.236813,0,1
data\val\real\000000031217.jpg,0,real,blur_s2.0,0.076805,0,1
data\val\real\000000031248.jpg,0,real,blur_s2.0,0.292174,0,1
data\val\real\000000031269.jpg,0,real,blur_s2.0,0.017635,0,1
data\val\real\000000031296.jpg,0,real,blur_s2.0,0.013727,0,1
data\val\real\000000031322.jpg,0,real,blur_s2.0,0.052448,0,1
data\val\real\000000031620.jpg,0,real,blur_s2.0,0.000930,0,1
data\val\real\000000031735.jpg,0,real,blur_s2.0,0.010517,0,1
data\val\real\000000031749.jpg,0,real,blur_s2.0,0.138835,0,1
data\val\real\000000031817.jpg,0,real,blur_s2.0,0.006219,0,1
data\val\real\000000032038.jpg,0,real,blur_s2.0,0.162871,0,1
data\val\real\000000032081.jpg,0,real,blur_s2.0,0.114150,0,1
data\val\real\000000032285.jpg,0,real,blur_s2.0,0.705925,1,0
data\val\real\000000032334.jpg,0,real,blur_s2.0,0.001010,0,1
data\val\real\000000032570.jpg,0,real,blur_s2.0,0.696928,1,0
data\val\real\000000032610.jpg,0,real,blur_s2.0,0.174512,0,1
data\val\real\000000032735.jpg,0,real,blur_s2.0,0.183977,0,1
data\val\real\000000032811.jpg,0,real,blur_s2.0,0.184947,0,1
data\val\real\000000032817.jpg,0,real,blur_s2.0,0.013222,0,1
data\val\real\000000032861.jpg,0,real,blur_s2.0,0.079529,0,1
data\val\real\000000032887.jpg,0,real,blur_s2.0,0.021190,0,1
data\val\real\000000032901.jpg,0,real,blur_s2.0,0.000114,0,1
data\val\real\000000032941.jpg,0,real,blur_s2.0,0.039102,0,1
data\val\real\000000033005.jpg,0,real,blur_s2.0,0.243821,0,1
data\val\real\000000033104.jpg,0,real,blur_s2.0,0.013522,0,1
data\val\real\000000033109.jpg,0,real,blur_s2.0,0.034872,0,1
data\val\real\000000033114.jpg,0,real,blur_s2.0,0.142333,0,1
data\val\real\000000033221.jpg,0,real,blur_s2.0,0.001604,0,1
data\val\real\000000033368.jpg,0,real,blur_s2.0,0.502390,1,0
data\val\real\000000033638.jpg,0,real,blur_s2.0,0.082061,0,1
data\val\real\000000033707.jpg,0,real,blur_s2.0,0.094721,0,1
data\val\real\000000033759.jpg,0,real,blur_s2.0,0.035507,0,1
data\val\real\000000033854.jpg,0,real,blur_s2.0,0.110074,0,1
data\val\real\000000034071.jpg,0,real,blur_s2.0,0.574104,1,0
data\val\real\000000034139.jpg,0,real,blur_s2.0,0.078755,0,1
data\val\real\000000034205.jpg,0,real,blur_s2.0,0.098334,0,1
data\val\real\000000034257.jpg,0,real,blur_s2.0,0.397696,0,1
data\val\real\000000034417.jpg,0,real,blur_s2.0,0.291145,0,1
data\val\real\000000034452.jpg,0,real,blur_s2.0,0.000559,0,1
data\val\real\000000034760.jpg,0,real,blur_s2.0,0.065118,0,1
data\val\real\000000034873.jpg,0,real,blur_s2.0,0.198953,0,1
data\val\real\000000035062.jpg,0,real,blur_s2.0,0.083588,0,1
data\val\real\000000035197.jpg,0,real,blur_s2.0,0.136286,0,1
data\val\real\000000035279.jpg,0,real,blur_s2.0,0.360544,0,1
data\val\real\000000035326.jpg,0,real,blur_s2.0,0.072556,0,1
data\val\real\000000035682.jpg,0,real,blur_s2.0,0.037480,0,1
data\val\real\000000035770.jpg,0,real,blur_s2.0,0.097055,0,1
data\val\real\000000035963.jpg,0,real,blur_s2.0,0.000417,0,1
data\val\real\000000036494.jpg,0,real,blur_s2.0,0.545470,1,0
data\val\real\000000036539.jpg,0,real,blur_s2.0,0.042022,0,1
data\val\real\000000036660.jpg,0,real,blur_s2.0,0.218746,0,1
data\val\real\000000036678.jpg,0,real,blur_s2.0,0.022698,0,1
data\val\real\000000036844.jpg,0,real,blur_s2.0,0.494271,0,1
data\val\real\000000036861.jpg,0,real,blur_s2.0,0.156096,0,1
data\val\real\000000036936.jpg,0,real,blur_s2.0,0.010556,0,1
data\val\real\000000037670.jpg,0,real,blur_s2.0,0.671704,1,0
data\val\real\000000037689.jpg,0,real,blur_s2.0,0.062820,0,1
data\val\real\000000037740.jpg,0,real,blur_s2.0,0.506292,1,0
data\val\real\000000037751.jpg,0,real,blur_s2.0,0.029762,0,1
data\val\real\000000037777.jpg,0,real,blur_s2.0,0.882168,1,0
data\val\real\000000037988.jpg,0,real,blur_s2.0,0.025157,0,1
data\val\real\000000038048.jpg,0,real,blur_s2.0,0.046551,0,1
data\val\real\000000038070.jpg,0,real,blur_s2.0,0.297714,0,1
data\val\real\000000038118.jpg,0,real,blur_s2.0,0.562460,1,0
data\val\real\000000038210.jpg,0,real,blur_s2.0,0.126878,0,1
data\val\real\000000038576.jpg,0,real,blur_s2.0,0.491459,0,1
data\val\real\000000038678.jpg,0,real,blur_s2.0,0.005020,0,1
data\val\real\000000038825.jpg,0,real,blur_s2.0,0.107525,0,1
data\val\real\000000038829.jpg,0,real,blur_s2.0,0.069693,0,1
data\val\real\000000039405.jpg,0,real,blur_s2.0,0.084621,0,1
data\val\real\000000039477.jpg,0,real,blur_s2.0,0.737203,1,0
data\val\real\000000039480.jpg,0,real,blur_s2.0,0.072164,0,1
data\val\real\000000039484.jpg,0,real,blur_s2.0,0.291804,0,1
data\val\real\000000039551.jpg,0,real,blur_s2.0,0.687939,1,0
data\val\real\000000039670.jpg,0,real,blur_s2.0,0.185260,0,1
data\val\real\000000039769.jpg,0,real,blur_s2.0,0.001613,0,1
data\val\real\000000039785.jpg,0,real,blur_s2.0,0.079379,0,1
data\val\real\000000039914.jpg,0,real,blur_s2.0,0.004141,0,1
data\val\real\000000039951.jpg,0,real,blur_s2.0,0.020696,0,1
data\val\real\000000039956.jpg,0,real,blur_s2.0,0.767102,1,0
data\val\real\000000040036.jpg,0,real,blur_s2.0,0.111026,0,1
data\val\real\000000040083.jpg,0,real,blur_s2.0,0.011537,0,1
data\val\real\000000040471.jpg,0,real,blur_s2.0,0.133616,0,1
data\val\real\000000040757.jpg,0,real,blur_s2.0,0.015753,0,1
data\val\real\000000041488.jpg,0,real,blur_s2.0,0.148426,0,1
data\val\real\000000041633.jpg,0,real,blur_s2.0,0.478840,0,1
data\val\real\000000041635.jpg,0,real,blur_s2.0,0.024248,0,1
data\val\real\000000041872.jpg,0,real,blur_s2.0,0.256796,0,1
data\val\real\000000041888.jpg,0,real,blur_s2.0,0.024712,0,1
data\val\real\000000041990.jpg,0,real,blur_s2.0,0.002444,0,1
data\val\real\000000042070.jpg,0,real,blur_s2.0,0.134676,0,1
data\val\real\000000042102.jpg,0,real,blur_s2.0,0.006655,0,1
data\val\real\000000042178.jpg,0,real,blur_s2.0,0.911010,1,0
data\val\real\000000042276.jpg,0,real,blur_s2.0,0.019889,0,1
data\val\real\000000042296.jpg,0,real,blur_s2.0,0.017996,0,1
data\val\real\000000042528.jpg,0,real,blur_s2.0,0.018843,0,1
data\val\real\000000042563.jpg,0,real,blur_s2.0,0.143226,0,1
data\val\real\000000042628.jpg,0,real,blur_s2.0,0.065242,0,1
data\val\real\000000042888.jpg,0,real,blur_s2.0,0.013621,0,1
data\val\real\000000042889.jpg,0,real,blur_s2.0,0.003116,0,1
data\val\real\000000043314.jpg,0,real,blur_s2.0,0.211780,0,1
data\val\real\000000043435.jpg,0,real,blur_s2.0,0.174254,0,1
data\val\real\000000043581.jpg,0,real,blur_s2.0,0.089668,0,1
data\val\real\000000043737.jpg,0,real,blur_s2.0,0.335020,0,1
data\val\real\000000043816.jpg,0,real,blur_s2.0,0.010680,0,1
data\val\real\000000044068.jpg,0,real,blur_s2.0,0.012434,0,1
data\val\real\000000044195.jpg,0,real,blur_s2.0,0.033492,0,1
data\val\real\000000044260.jpg,0,real,blur_s2.0,0.700715,1,0
data\val\real\000000044279.jpg,0,real,blur_s2.0,0.109049,0,1
data\val\real\000000044590.jpg,0,real,blur_s2.0,0.026434,0,1
data\val\real\000000044652.jpg,0,real,blur_s2.0,0.028007,0,1
data\val\real\000000044699.jpg,0,real,blur_s2.0,0.098919,0,1
data\val\real\000000044877.jpg,0,real,blur_s2.0,0.203293,0,1
data\val\real\000000045070.jpg,0,real,blur_s2.0,0.056595,0,1
data\val\real\000000045090.jpg,0,real,blur_s2.0,0.061722,0,1
data\val\real\000000045229.jpg,0,real,blur_s2.0,0.980505,1,0
data\val\real\000000045472.jpg,0,real,blur_s2.0,0.040503,0,1
data\val\real\000000045550.jpg,0,real,blur_s2.0,0.001836,0,1
data\val\real\000000045596.jpg,0,real,blur_s2.0,0.479147,0,1
data\val\real\000000045728.jpg,0,real,blur_s2.0,0.063179,0,1
data\val\real\000000046031.jpg,0,real,blur_s2.0,0.361770,0,1
data\val\real\000000046048.jpg,0,real,blur_s2.0,0.028455,0,1
data\val\real\000000046252.jpg,0,real,blur_s2.0,0.469784,0,1
data\val\real\000000046378.jpg,0,real,blur_s2.0,0.006132,0,1
data\val\real\000000046463.jpg,0,real,blur_s2.0,0.020974,0,1
data\val\real\000000046497.jpg,0,real,blur_s2.0,0.037867,0,1
data\val\real\000000046804.jpg,0,real,blur_s2.0,0.007848,0,1
data\val\real\000000046872.jpg,0,real,blur_s2.0,0.801640,1,0
data\val\real\000000047010.jpg,0,real,blur_s2.0,0.145561,0,1
data\val\real\000000047112.jpg,0,real,blur_s2.0,0.174343,0,1
data\val\real\000000047121.jpg,0,real,blur_s2.0,0.002019,0,1
data\val\real\000000047571.jpg,0,real,blur_s2.0,0.218099,0,1
data\val\real\000000047585.jpg,0,real,blur_s2.0,0.001283,0,1
data\val\real\000000047740.jpg,0,real,blur_s2.0,0.001265,0,1
data\val\real\000000047769.jpg,0,real,blur_s2.0,0.191515,0,1
data\val\real\000000047801.jpg,0,real,blur_s2.0,0.014218,0,1
data\val\real\000000047819.jpg,0,real,blur_s2.0,0.006935,0,1
data\val\real\000000047828.jpg,0,real,blur_s2.0,0.536780,1,0
data\val\real\000000048153.jpg,0,real,blur_s2.0,0.005518,0,1
data\val\real\000000048396.jpg,0,real,blur_s2.0,0.000646,0,1
data\val\real\000000048504.jpg,0,real,blur_s2.0,0.599137,1,0
data\val\real\000000048555.jpg,0,real,blur_s2.0,0.448129,0,1
data\val\real\000000048564.jpg,0,real,blur_s2.0,0.021686,0,1
data\val\real\000000048924.jpg,0,real,blur_s2.0,0.980965,1,0
data\val\real\000000049060.jpg,0,real,blur_s2.0,0.004438,0,1
data\val\real\000000049091.jpg,0,real,blur_s2.0,0.145514,0,1
data\val\real\000000049259.jpg,0,real,blur_s2.0,0.036404,0,1
data\val\real\000000049269.jpg,0,real,blur_s2.0,0.056734,0,1
data\val\real\000000049759.jpg,0,real,blur_s2.0,0.530725,1,0
data\val\real\000000049761.jpg,0,real,blur_s2.0,0.008523,0,1
data\val\real\000000049810.jpg,0,real,blur_s2.0,0.231824,0,1
data\val\real\000000050006.jpg,0,real,blur_s2.0,0.163480,0,1
data\val\real\000000050145.jpg,0,real,blur_s2.0,0.009217,0,1
data\val\real\000000050149.jpg,0,real,blur_s2.0,0.026083,0,1
data\val\real\000000050165.jpg,0,real,blur_s2.0,0.662422,1,0
data\val\real\000000050326.jpg,0,real,blur_s2.0,0.001305,0,1
data\val\real\000000050331.jpg,0,real,blur_s2.0,0.033996,0,1
data\val\real\000000050380.jpg,0,real,blur_s2.0,0.018134,0,1
data\val\real\000000050638.jpg,0,real,blur_s2.0,0.477866,0,1
data\val\real\000000050679.jpg,0,real,blur_s2.0,0.484374,0,1
data\val\real\000000050811.jpg,0,real,blur_s2.0,0.000717,0,1
data\val\real\000000050828.jpg,0,real,blur_s2.0,0.219052,0,1
data\val\real\000000050844.jpg,0,real,blur_s2.0,0.121621,0,1
data\val\real\000000050896.jpg,0,real,blur_s2.0,0.055710,0,1
data\val\real\000000050943.jpg,0,real,blur_s2.0,0.167896,0,1
data\val\real\000000051008.jpg,0,real,blur_s2.0,0.000653,0,1
data\val\real\000000051309.jpg,0,real,blur_s2.0,0.121513,0,1
data\val\real\000000051314.jpg,0,real,blur_s2.0,0.052027,0,1
data\val\real\000000051326.jpg,0,real,blur_s2.0,0.063477,0,1
data\val\real\000000051598.jpg,0,real,blur_s2.0,0.136734,0,1
data\val\real\000000051610.jpg,0,real,blur_s2.0,0.255428,0,1
data\val\real\000000051712.jpg,0,real,blur_s2.0,0.586379,1,0
data\val\real\000000051738.jpg,0,real,blur_s2.0,0.505395,1,0
data\val\real\000000051938.jpg,0,real,blur_s2.0,0.079780,0,1
data\val\real\000000051961.jpg,0,real,blur_s2.0,0.154444,0,1
data\val\real\000000051976.jpg,0,real,blur_s2.0,0.326377,0,1
data\val\real\000000052007.jpg,0,real,blur_s2.0,0.081407,0,1
data\val\real\000000052017.jpg,0,real,blur_s2.0,0.080425,0,1
data\val\real\000000052412.jpg,0,real,blur_s2.0,0.502258,1,0
data\val\real\000000052413.jpg,0,real,blur_s2.0,0.001450,0,1
data\val\real\000000052462.jpg,0,real,blur_s2.0,0.406025,0,1
data\val\real\000000052507.jpg,0,real,blur_s2.0,0.104229,0,1
data\val\real\000000052565.jpg,0,real,blur_s2.0,0.035275,0,1
data\val\real\000000052591.jpg,0,real,blur_s2.0,0.010364,0,1
data\val\real\000000052891.jpg,0,real,blur_s2.0,0.025651,0,1
data\val\real\000000052996.jpg,0,real,blur_s2.0,0.079225,0,1
data\val\real\000000053505.jpg,0,real,blur_s2.0,0.160292,0,1
data\val\real\000000053529.jpg,0,real,blur_s2.0,0.045777,0,1
data\val\real\000000053624.jpg,0,real,blur_s2.0,0.113980,0,1
data\val\real\000000053626.jpg,0,real,blur_s2.0,0.020591,0,1
data\val\real\000000053909.jpg,0,real,blur_s2.0,0.114278,0,1
data\val\real\000000053994.jpg,0,real,blur_s2.0,0.130531,0,1
data\val\real\000000054123.jpg,0,real,blur_s2.0,0.411696,0,1
data\val\real\000000054164.jpg,0,real,blur_s2.0,0.029124,0,1
data\val\real\000000054592.jpg,0,real,blur_s2.0,0.042830,0,1
data\val\real\000000054593.jpg,0,real,blur_s2.0,0.034617,0,1
data\val\real\000000054605.jpg,0,real,blur_s2.0,0.023358,0,1
data\val\real\000000054628.jpg,0,real,blur_s2.0,0.011915,0,1
data\val\real\000000054654.jpg,0,real,blur_s2.0,0.005034,0,1
data\val\real\000000054931.jpg,0,real,blur_s2.0,0.668279,1,0
data\val\real\000000054967.jpg,0,real,blur_s2.0,0.518067,1,0
data\val\real\000000055002.jpg,0,real,blur_s2.0,0.039999,0,1
data\val\real\000000055022.jpg,0,real,blur_s2.0,0.348033,0,1
data\val\real\000000055072.jpg,0,real,blur_s2.0,0.204016,0,1
data\val\real\000000055150.jpg,0,real,blur_s2.0,0.136741,0,1
data\val\real\000000055167.jpg,0,real,blur_s2.0,0.014529,0,1
data\val\real\000000055299.jpg,0,real,blur_s2.0,0.178363,0,1
data\val\real\000000055528.jpg,0,real,blur_s2.0,0.002816,0,1
data\val\real\000000055950.jpg,0,real,blur_s2.0,0.060456,0,1
data\val\real\000000056127.jpg,0,real,blur_s2.0,0.465017,0,1
data\val\real\000000056288.jpg,0,real,blur_s2.0,0.031220,0,1
data\val\real\000000056344.jpg,0,real,blur_s2.0,0.534833,1,0
data\val\real\000000056350.jpg,0,real,blur_s2.0,0.226060,0,1
data\val\real\000000056545.jpg,0,real,blur_s2.0,0.007299,0,1
data\val\ai\ai_000001.png,1,ai,blur_s2.0,0.981787,1,1
data\val\ai\ai_000002.png,1,ai,blur_s2.0,0.994964,1,1
data\val\ai\ai_000003.png,1,ai,blur_s2.0,0.918151,1,1
data\val\ai\ai_000004.png,1,ai,blur_s2.0,0.977802,1,1
data\val\ai\ai_000005.png,1,ai,blur_s2.0,0.986323,1,1
data\val\ai\ai_000006.png,1,ai,blur_s2.0,0.958510,1,1
data\val\ai\ai_000007.png,1,ai,blur_s2.0,0.945366,1,1
data\val\ai\ai_000008.png,1,ai,blur_s2.0,0.838218,1,1
data\val\ai\ai_000009.png,1,ai,blur_s2.0,0.880678,1,1
data\val\ai\ai_000010.png,1,ai,blur_s2.0,0.838402,1,1
data\val\ai\ai_000011.png,1,ai,blur_s2.0,0.982154,1,1
data\val\ai\ai_000012.png,1,ai,blur_s2.0,0.957471,1,1
data\val\ai\ai_000013.png,1,ai,blur_s2.0,0.992853,1,1
data\val\ai\ai_000014.png,1,ai,blur_s2.0,0.987991,1,1
data\val\ai\ai_000015.png,1,ai,blur_s2.0,0.951656,1,1
data\val\ai\ai_000016.png,1,ai,blur_s2.0,0.875873,1,1
data\val\ai\ai_000017.png,1,ai,blur_s2.0,0.819366,1,1
data\val\ai\ai_000018.png,1,ai,blur_s2.0,0.992971,1,1
data\val\ai\ai_000019.png,1,ai,blur_s2.0,0.696380,1,1
data\val\ai\ai_000020.png,1,ai,blur_s2.0,0.935282,1,1
data\val\ai\ai_000021.png,1,ai,blur_s2.0,0.997621,1,1
data\val\ai\ai_000022.png,1,ai,blur_s2.0,0.439631,0,0
data\val\ai\ai_000023.png,1,ai,blur_s2.0,0.948939,1,1
data\val\ai\ai_000024.png,1,ai,blur_s2.0,0.963915,1,1
data\val\ai\ai_000025.png,1,ai,blur_s2.0,0.944582,1,1
data\val\ai\ai_000026.png,1,ai,blur_s2.0,0.512846,1,1
data\val\ai\ai_000027.png,1,ai,blur_s2.0,0.906175,1,1
data\val\ai\ai_000028.png,1,ai,blur_s2.0,0.954397,1,1
data\val\ai\ai_000029.png,1,ai,blur_s2.0,0.979110,1,1
data\val\ai\ai_000030.png,1,ai,blur_s2.0,0.454000,0,0
data\val\ai\ai_000031.png,1,ai,blur_s2.0,0.535949,1,1
data\val\ai\ai_000032.png,1,ai,blur_s2.0,0.656101,1,1
data\val\ai\ai_000033.png,1,ai,blur_s2.0,0.982110,1,1
data\val\ai\ai_000034.png,1,ai,blur_s2.0,0.989612,1,1
data\val\ai\ai_000035.png,1,ai,blur_s2.0,0.998079,1,1
data\val\ai\ai_000036.png,1,ai,blur_s2.0,0.978919,1,1
data\val\ai\ai_000037.png,1,ai,blur_s2.0,0.989423,1,1
data\val\ai\ai_000038.png,1,ai,blur_s2.0,0.922818,1,1
data\val\ai\ai_000039.png,1,ai,blur_s2.0,0.986818,1,1
data\val\ai\ai_000040.png,1,ai,blur_s2.0,0.099215,0,0
data\val\ai\ai_000041.png,1,ai,blur_s2.0,0.998821,1,1
data\val\ai\ai_000042.png,1,ai,blur_s2.0,0.996490,1,1
data\val\ai\ai_000043.png,1,ai,blur_s2.0,0.999208,1,1
data\val\ai\ai_000044.png,1,ai,blur_s2.0,0.870351,1,1
data\val\ai\ai_000045.png,1,ai,blur_s2.0,0.996821,1,1
data\val\ai\ai_000046.png,1,ai,blur_s2.0,0.777094,1,1
data\val\ai\ai_000047.png,1,ai,blur_s2.0,0.928007,1,1
data\val\ai\ai_000048.png,1,ai,blur_s2.0,0.918959,1,1
data\val\ai\ai_000049.png,1,ai,blur_s2.0,0.972356,1,1
data\val\ai\ai_000050.png,1,ai,blur_s2.0,0.945096,1,1
data\val\ai\ai_000051.png,1,ai,blur_s2.0,0.981264,1,1
data\val\ai\ai_000052.png,1,ai,blur_s2.0,0.988531,1,1
data\val\ai\ai_000053.png,1,ai,blur_s2.0,0.987347,1,1
data\val\ai\ai_000054.png,1,ai,blur_s2.0,0.980649,1,1
data\val\ai\ai_000055.png,1,ai,blur_s2.0,0.816367,1,1
data\val\ai\ai_000056.png,1,ai,blur_s2.0,0.588971,1,1
data\val\ai\ai_000057.png,1,ai,blur_s2.0,0.976097,1,1
data\val\ai\ai_000058.png,1,ai,blur_s2.0,0.485899,0,0
data\val\ai\ai_000059.png,1,ai,blur_s2.0,0.986686,1,1
data\val\ai\ai_000060.png,1,ai,blur_s2.0,0.794561,1,1
data\val\ai\ai_000061.png,1,ai,blur_s2.0,0.971133,1,1
data\val\ai\ai_000062.png,1,ai,blur_s2.0,0.988297,1,1
data\val\ai\ai_000063.png,1,ai,blur_s2.0,0.967749,1,1
data\val\ai\ai_000064.png,1,ai,blur_s2.0,0.259720,0,0
data\val\ai\ai_000065.png,1,ai,blur_s2.0,0.941556,1,1
data\val\ai\ai_000066.png,1,ai,blur_s2.0,0.818683,1,1
data\val\ai\ai_000067.png,1,ai,blur_s2.0,0.972899,1,1
data\val\ai\ai_000068.png,1,ai,blur_s2.0,0.920296,1,1
data\val\ai\ai_000069.png,1,ai,blur_s2.0,0.997785,1,1
data\val\ai\ai_000070.png,1,ai,blur_s2.0,0.949612,1,1
data\val\ai\ai_000071.png,1,ai,blur_s2.0,0.998471,1,1
data\val\ai\ai_000072.png,1,ai,blur_s2.0,0.856340,1,1
data\val\ai\ai_000073.png,1,ai,blur_s2.0,0.988337,1,1
data\val\ai\ai_000074.png,1,ai,blur_s2.0,0.997030,1,1
data\val\ai\ai_000075.png,1,ai,blur_s2.0,0.971015,1,1
data\val\ai\ai_000076.png,1,ai,blur_s2.0,0.871509,1,1
data\val\ai\ai_000077.png,1,ai,blur_s2.0,0.952142,1,1
data\val\ai\ai_000078.png,1,ai,blur_s2.0,0.781501,1,1
data\val\ai\ai_000079.png,1,ai,blur_s2.0,0.834331,1,1
data\val\ai\ai_000080.png,1,ai,blur_s2.0,0.929129,1,1
data\val\ai\ai_000081.png,1,ai,blur_s2.0,0.997253,1,1
data\val\ai\ai_000082.png,1,ai,blur_s2.0,0.997592,1,1
data\val\ai\ai_000083.png,1,ai,blur_s2.0,0.981315,1,1
data\val\ai\ai_000084.png,1,ai,blur_s2.0,0.991504,1,1
data\val\ai\ai_000085.png,1,ai,blur_s2.0,0.973380,1,1
data\val\ai\ai_000086.png,1,ai,blur_s2.0,0.741082,1,1
data\val\ai\ai_000087.png,1,ai,blur_s2.0,0.981627,1,1
data\val\ai\ai_000088.png,1,ai,blur_s2.0,0.878434,1,1
data\val\ai\ai_000089.png,1,ai,blur_s2.0,0.849823,1,1
data\val\ai\ai_000090.png,1,ai,blur_s2.0,0.856661,1,1
data\val\ai\ai_000091.png,1,ai,blur_s2.0,0.963177,1,1
data\val\ai\ai_000092.png,1,ai,blur_s2.0,0.996988,1,1
data\val\ai\ai_000093.png,1,ai,blur_s2.0,0.920304,1,1
data\val\ai\ai_000094.png,1,ai,blur_s2.0,0.997560,1,1
data\val\ai\ai_000095.png,1,ai,blur_s2.0,0.965258,1,1
data\val\ai\ai_000096.png,1,ai,blur_s2.0,0.991993,1,1
data\val\ai\ai_000097.png,1,ai,blur_s2.0,0.770340,1,1
data\val\ai\ai_000098.png,1,ai,blur_s2.0,0.836492,1,1
data\val\ai\ai_000099.png,1,ai,blur_s2.0,0.828785,1,1
data\val\ai\ai_000100.png,1,ai,blur_s2.0,0.973032,1,1
data\val\ai\ai_000101.png,1,ai,blur_s2.0,0.992830,1,1
data\val\ai\ai_000102.png,1,ai,blur_s2.0,0.792203,1,1
data\val\ai\ai_000103.png,1,ai,blur_s2.0,0.825450,1,1
data\val\ai\ai_000104.png,1,ai,blur_s2.0,0.951310,1,1
data\val\ai\ai_000105.png,1,ai,blur_s2.0,0.561929,1,1
data\val\ai\ai_000106.png,1,ai,blur_s2.0,0.761552,1,1
data\val\ai\ai_000107.png,1,ai,blur_s2.0,0.985783,1,1
data\val\ai\ai_000108.png,1,ai,blur_s2.0,0.995362,1,1
data\val\ai\ai_000109.png,1,ai,blur_s2.0,0.998834,1,1
data\val\ai\ai_000110.png,1,ai,blur_s2.0,0.858298,1,1
data\val\ai\ai_000111.png,1,ai,blur_s2.0,0.943452,1,1
data\val\ai\ai_000112.png,1,ai,blur_s2.0,0.846968,1,1
data\val\ai\ai_000113.png,1,ai,blur_s2.0,0.954290,1,1
data\val\ai\ai_000114.png,1,ai,blur_s2.0,0.974141,1,1
data\val\ai\ai_000115.png,1,ai,blur_s2.0,0.918982,1,1
data\val\ai\ai_000116.png,1,ai,blur_s2.0,0.832337,1,1
data\val\ai\ai_000117.png,1,ai,blur_s2.0,0.986613,1,1
data\val\ai\ai_000118.png,1,ai,blur_s2.0,0.985765,1,1
data\val\ai\ai_000119.png,1,ai,blur_s2.0,0.915403,1,1
data\val\ai\ai_000120.png,1,ai,blur_s2.0,0.916126,1,1
data\val\ai\ai_000121.png,1,ai,blur_s2.0,0.999002,1,1
data\val\ai\ai_000122.png,1,ai,blur_s2.0,0.992988,1,1
data\val\ai\ai_000123.png,1,ai,blur_s2.0,0.870612,1,1
data\val\ai\ai_000124.png,1,ai,blur_s2.0,0.875418,1,1
data\val\ai\ai_000125.png,1,ai,blur_s2.0,0.993816,1,1
data\val\ai\ai_000126.png,1,ai,blur_s2.0,0.915330,1,1
data\val\ai\ai_000127.png,1,ai,blur_s2.0,0.983273,1,1
data\val\ai\ai_000128.png,1,ai,blur_s2.0,0.975675,1,1
data\val\ai\ai_000129.png,1,ai,blur_s2.0,0.990943,1,1
data\val\ai\ai_000130.png,1,ai,blur_s2.0,0.511663,1,1
data\val\ai\ai_000131.png,1,ai,blur_s2.0,0.992944,1,1
data\val\ai\ai_000132.png,1,ai,blur_s2.0,0.986060,1,1
data\val\ai\ai_000133.png,1,ai,blur_s2.0,0.990978,1,1
data\val\ai\ai_000134.png,1,ai,blur_s2.0,0.981794,1,1
data\val\ai\ai_000135.png,1,ai,blur_s2.0,0.997297,1,1
data\val\ai\ai_000136.png,1,ai,blur_s2.0,0.415645,0,0
data\val\ai\ai_000137.png,1,ai,blur_s2.0,0.951197,1,1
data\val\ai\ai_000138.png,1,ai,blur_s2.0,0.979787,1,1
data\val\ai\ai_000139.png,1,ai,blur_s2.0,0.985349,1,1
data\val\ai\ai_000140.png,1,ai,blur_s2.0,0.754238,1,1
data\val\ai\ai_000141.png,1,ai,blur_s2.0,0.998783,1,1
data\val\ai\ai_000142.png,1,ai,blur_s2.0,0.978534,1,1
data\val\ai\ai_000143.png,1,ai,blur_s2.0,0.993832,1,1
data\val\ai\ai_000144.png,1,ai,blur_s2.0,0.982919,1,1
data\val\ai\ai_000145.png,1,ai,blur_s2.0,0.988139,1,1
data\val\ai\ai_000146.png,1,ai,blur_s2.0,0.969254,1,1
data\val\ai\ai_000147.png,1,ai,blur_s2.0,0.967083,1,1
data\val\ai\ai_000148.png,1,ai,blur_s2.0,0.534019,1,1
data\val\ai\ai_000149.png,1,ai,blur_s2.0,0.990875,1,1
data\val\ai\ai_000150.png,1,ai,blur_s2.0,0.928099,1,1
data\val\ai\ai_000151.png,1,ai,blur_s2.0,0.826179,1,1
data\val\ai\ai_000152.png,1,ai,blur_s2.0,0.898637,1,1
data\val\ai\ai_000153.png,1,ai,blur_s2.0,0.998540,1,1
data\val\ai\ai_000154.png,1,ai,blur_s2.0,0.990760,1,1
data\val\ai\ai_000155.png,1,ai,blur_s2.0,0.969299,1,1
data\val\ai\ai_000156.png,1,ai,blur_s2.0,0.104744,0,0
data\val\ai\ai_000157.png,1,ai,blur_s2.0,0.963729,1,1
data\val\ai\ai_000158.png,1,ai,blur_s2.0,0.144889,0,0
data\val\ai\ai_000159.png,1,ai,blur_s2.0,0.990700,1,1
data\val\ai\ai_000160.png,1,ai,blur_s2.0,0.080187,0,0
data\val\ai\ai_000161.png,1,ai,blur_s2.0,0.984976,1,1
data\val\ai\ai_000162.png,1,ai,blur_s2.0,0.799200,1,1
data\val\ai\ai_000163.png,1,ai,blur_s2.0,0.986766,1,1
data\val\ai\ai_000164.png,1,ai,blur_s2.0,0.997325,1,1
data\val\ai\ai_000165.png,1,ai,blur_s2.0,0.999431,1,1
data\val\ai\ai_000166.png,1,ai,blur_s2.0,0.904649,1,1
data\val\ai\ai_000167.png,1,ai,blur_s2.0,0.887166,1,1
data\val\ai\ai_000168.png,1,ai,blur_s2.0,0.702272,1,1
data\val\ai\ai_000169.png,1,ai,blur_s2.0,0.987167,1,1
data\val\ai\ai_000170.png,1,ai,blur_s2.0,0.976205,1,1
data\val\ai\ai_000171.png,1,ai,blur_s2.0,0.941235,1,1
data\val\ai\ai_000172.png,1,ai,blur_s2.0,0.993410,1,1
data\val\ai\ai_000173.png,1,ai,blur_s2.0,0.956774,1,1
data\val\ai\ai_000174.png,1,ai,blur_s2.0,0.997662,1,1
data\val\ai\ai_000175.png,1,ai,blur_s2.0,0.993530,1,1
data\val\ai\ai_000176.png,1,ai,blur_s2.0,0.939496,1,1
data\val\ai\ai_000177.png,1,ai,blur_s2.0,0.946996,1,1
data\val\ai\ai_000178.png,1,ai,blur_s2.0,0.526187,1,1
data\val\ai\ai_000179.png,1,ai,blur_s2.0,0.998473,1,1
data\val\ai\ai_000180.png,1,ai,blur_s2.0,0.947272,1,1
data\val\ai\ai_000181.png,1,ai,blur_s2.0,0.990630,1,1
data\val\ai\ai_000182.png,1,ai,blur_s2.0,0.946929,1,1
data\val\ai\ai_000183.png,1,ai,blur_s2.0,0.953766,1,1
data\val\ai\ai_000184.png,1,ai,blur_s2.0,0.941723,1,1
data\val\ai\ai_000185.png,1,ai,blur_s2.0,0.987707,1,1
data\val\ai\ai_000186.png,1,ai,blur_s2.0,0.841553,1,1
data\val\ai\ai_000187.png,1,ai,blur_s2.0,0.981444,1,1
data\val\ai\ai_000188.png,1,ai,blur_s2.0,0.268982,0,0
data\val\ai\ai_000189.png,1,ai,blur_s2.0,0.988789,1,1
data\val\ai\ai_000190.png,1,ai,blur_s2.0,0.921221,1,1
data\val\ai\ai_000191.png,1,ai,blur_s2.0,0.940382,1,1
data\val\ai\ai_000192.png,1,ai,blur_s2.0,0.998313,1,1
data\val\ai\ai_000193.png,1,ai,blur_s2.0,0.999159,1,1
data\val\ai\ai_000194.png,1,ai,blur_s2.0,0.982191,1,1
data\val\ai\ai_000195.png,1,ai,blur_s2.0,0.985938,1,1
data\val\ai\ai_000196.png,1,ai,blur_s2.0,0.982249,1,1
data\val\ai\ai_000197.png,1,ai,blur_s2.0,0.923073,1,1
data\val\ai\ai_000198.png,1,ai,blur_s2.0,0.960990,1,1
data\val\ai\ai_000199.png,1,ai,blur_s2.0,0.946697,1,1
data\val\ai\ai_000200.png,1,ai,blur_s2.0,0.902400,1,1
data\val\ai\ai_000201.png,1,ai,blur_s2.0,0.938373,1,1
data\val\ai\ai_000202.png,1,ai,blur_s2.0,0.827202,1,1
data\val\ai\ai_000203.png,1,ai,blur_s2.0,0.979778,1,1
data\val\ai\ai_000204.png,1,ai,blur_s2.0,0.991344,1,1
data\val\ai\ai_000205.png,1,ai,blur_s2.0,0.935390,1,1
data\val\ai\ai_000206.png,1,ai,blur_s2.0,0.985308,1,1
data\val\ai\ai_000207.png,1,ai,blur_s2.0,0.967665,1,1
data\val\ai\ai_000208.png,1,ai,blur_s2.0,0.955045,1,1
data\val\ai\ai_000209.png,1,ai,blur_s2.0,0.995258,1,1
data\val\ai\ai_000210.png,1,ai,blur_s2.0,0.916859,1,1
data\val\ai\ai_000211.png,1,ai,blur_s2.0,0.998656,1,1
data\val\ai\ai_000212.png,1,ai,blur_s2.0,0.999269,1,1
data\val\ai\ai_000213.png,1,ai,blur_s2.0,0.976339,1,1
data\val\ai\ai_000214.png,1,ai,blur_s2.0,0.998709,1,1
data\val\ai\ai_000215.png,1,ai,blur_s2.0,0.974871,1,1
data\val\ai\ai_000216.png,1,ai,blur_s2.0,0.930875,1,1
data\val\ai\ai_000217.png,1,ai,blur_s2.0,0.819857,1,1
data\val\ai\ai_000218.png,1,ai,blur_s2.0,0.675228,1,1
data\val\ai\ai_000219.png,1,ai,blur_s2.0,0.954146,1,1
data\val\ai\ai_000220.png,1,ai,blur_s2.0,0.649432,1,1
data\val\ai\ai_000221.png,1,ai,blur_s2.0,0.972666,1,1
data\val\ai\ai_000222.png,1,ai,blur_s2.0,0.902718,1,1
data\val\ai\ai_000223.png,1,ai,blur_s2.0,0.996989,1,1
data\val\ai\ai_000224.png,1,ai,blur_s2.0,0.929075,1,1
data\val\ai\ai_000225.png,1,ai,blur_s2.0,0.967413,1,1
data\val\ai\ai_000226.png,1,ai,blur_s2.0,0.893613,1,1
data\val\ai\ai_000227.png,1,ai,blur_s2.0,0.952713,1,1
data\val\ai\ai_000228.png,1,ai,blur_s2.0,0.057562,0,0
data\val\ai\ai_000229.png,1,ai,blur_s2.0,0.967469,1,1
data\val\ai\ai_000230.png,1,ai,blur_s2.0,0.946312,1,1
data\val\ai\ai_000231.png,1,ai,blur_s2.0,0.999029,1,1
data\val\ai\ai_000232.png,1,ai,blur_s2.0,0.826125,1,1
data\val\ai\ai_000233.png,1,ai,blur_s2.0,0.856207,1,1
data\val\ai\ai_000234.png,1,ai,blur_s2.0,0.999500,1,1
data\val\ai\ai_000235.png,1,ai,blur_s2.0,0.958796,1,1
data\val\ai\ai_000236.png,1,ai,blur_s2.0,0.839725,1,1
data\val\ai\ai_000237.png,1,ai,blur_s2.0,0.933861,1,1
data\val\ai\ai_000238.png,1,ai,blur_s2.0,0.766067,1,1
data\val\ai\ai_000239.png,1,ai,blur_s2.0,0.831341,1,1
data\val\ai\ai_000240.png,1,ai,blur_s2.0,0.643652,1,1
data\val\ai\ai_000241.png,1,ai,blur_s2.0,0.975736,1,1
data\val\ai\ai_000242.png,1,ai,blur_s2.0,0.997623,1,1
data\val\ai\ai_000243.png,1,ai,blur_s2.0,0.985935,1,1
data\val\ai\ai_000244.png,1,ai,blur_s2.0,0.996644,1,1
data\val\ai\ai_000245.png,1,ai,blur_s2.0,0.924827,1,1
data\val\ai\ai_000246.png,1,ai,blur_s2.0,0.994056,1,1
data\val\ai\ai_000247.png,1,ai,blur_s2.0,0.950528,1,1
data\val\ai\ai_000248.png,1,ai,blur_s2.0,0.995299,1,1
data\val\ai\ai_000249.png,1,ai,blur_s2.0,0.991178,1,1
data\val\ai\ai_000250.png,1,ai,blur_s2.0,0.723103,1,1
data\val\ai\ai_000251.png,1,ai,blur_s2.0,0.969429,1,1
data\val\ai\ai_000252.png,1,ai,blur_s2.0,0.986998,1,1
data\val\ai\ai_000253.png,1,ai,blur_s2.0,0.993738,1,1
data\val\ai\ai_000254.png,1,ai,blur_s2.0,0.911071,1,1
data\val\ai\ai_000255.png,1,ai,blur_s2.0,0.748540,1,1
data\val\ai\ai_000256.png,1,ai,blur_s2.0,0.548764,1,1
data\val\ai\ai_000257.png,1,ai,blur_s2.0,0.920029,1,1
data\val\ai\ai_000258.png,1,ai,blur_s2.0,0.714812,1,1
data\val\ai\ai_000259.png,1,ai,blur_s2.0,0.996598,1,1
data\val\ai\ai_000260.png,1,ai,blur_s2.0,0.490010,0,0
data\val\ai\ai_000261.png,1,ai,blur_s2.0,0.975632,1,1
data\val\ai\ai_000262.png,1,ai,blur_s2.0,0.997095,1,1
data\val\ai\ai_000263.png,1,ai,blur_s2.0,0.925176,1,1
data\val\ai\ai_000264.png,1,ai,blur_s2.0,0.997748,1,1
data\val\ai\ai_000265.png,1,ai,blur_s2.0,0.978232,1,1
data\val\ai\ai_000266.png,1,ai,blur_s2.0,0.852434,1,1
data\val\ai\ai_000267.png,1,ai,blur_s2.0,0.993320,1,1
data\val\ai\ai_000268.png,1,ai,blur_s2.0,0.976758,1,1
data\val\ai\ai_000269.png,1,ai,blur_s2.0,0.970846,1,1
data\val\ai\ai_000270.png,1,ai,blur_s2.0,0.808508,1,1
data\val\ai\ai_000271.png,1,ai,blur_s2.0,0.980228,1,1
data\val\ai\ai_000272.png,1,ai,blur_s2.0,0.994364,1,1
data\val\ai\ai_000273.png,1,ai,blur_s2.0,0.994705,1,1
data\val\ai\ai_000274.png,1,ai,blur_s2.0,0.988921,1,1
data\val\ai\ai_000275.png,1,ai,blur_s2.0,0.988115,1,1
data\val\ai\ai_000276.png,1,ai,blur_s2.0,0.985275,1,1
data\val\ai\ai_000277.png,1,ai,blur_s2.0,0.890506,1,1
data\val\ai\ai_000278.png,1,ai,blur_s2.0,0.960467,1,1
data\val\ai\ai_000279.png,1,ai,blur_s2.0,0.973408,1,1
data\val\ai\ai_000280.png,1,ai,blur_s2.0,0.841215,1,1
data\val\ai\ai_000281.png,1,ai,blur_s2.0,0.921894,1,1
data\val\ai\ai_000282.png,1,ai,blur_s2.0,0.848802,1,1
data\val\ai\ai_000283.png,1,ai,blur_s2.0,0.997313,1,1
data\val\ai\ai_000284.png,1,ai,blur_s2.0,0.964251,1,1
data\val\ai\ai_000285.png,1,ai,blur_s2.0,0.997366,1,1
data\val\ai\ai_000286.png,1,ai,blur_s2.0,0.982827,1,1
data\val\ai\ai_000287.png,1,ai,blur_s2.0,0.945384,1,1
data\val\ai\ai_000288.png,1,ai,blur_s2.0,0.089142,0,0
data\val\ai\ai_000289.png,1,ai,blur_s2.0,0.990941,1,1
data\val\ai\ai_000290.png,1,ai,blur_s2.0,0.831840,1,1
data\val\ai\ai_000291.png,1,ai,blur_s2.0,0.983726,1,1
data\val\ai\ai_000292.png,1,ai,blur_s2.0,0.997644,1,1
data\val\ai\ai_000293.png,1,ai,blur_s2.0,0.242812,0,0
data\val\ai\ai_000294.png,1,ai,blur_s2.0,0.962514,1,1
data\val\ai\ai_000295.png,1,ai,blur_s2.0,0.933673,1,1
data\val\ai\ai_000296.png,1,ai,blur_s2.0,0.993950,1,1
data\val\ai\ai_000297.png,1,ai,blur_s2.0,0.992239,1,1
data\val\ai\ai_000298.png,1,ai,blur_s2.0,0.950532,1,1
data\val\ai\ai_000299.png,1,ai,blur_s2.0,0.965750,1,1
data\val\ai\ai_000300.png,1,ai,blur_s2.0,0.552284,1,1
data\val\ai\ai_000301.png,1,ai,blur_s2.0,0.913486,1,1
data\val\ai\ai_000302.png,1,ai,blur_s2.0,0.521505,1,1
data\val\ai\ai_000303.png,1,ai,blur_s2.0,0.966949,1,1
data\val\ai\ai_000304.png,1,ai,blur_s2.0,0.996691,1,1
data\val\ai\ai_000305.png,1,ai,blur_s2.0,0.872381,1,1
data\val\ai\ai_000306.png,1,ai,blur_s2.0,0.991454,1,1
data\val\ai\ai_000307.png,1,ai,blur_s2.0,0.919555,1,1
data\val\ai\ai_000308.png,1,ai,blur_s2.0,0.858364,1,1
data\val\ai\ai_000309.png,1,ai,blur_s2.0,0.935551,1,1
data\val\ai\ai_000310.png,1,ai,blur_s2.0,0.853556,1,1
data\val\ai\ai_000311.png,1,ai,blur_s2.0,0.900890,1,1
data\val\ai\ai_000312.png,1,ai,blur_s2.0,0.974358,1,1
data\val\ai\ai_000313.png,1,ai,blur_s2.0,0.896142,1,1
data\val\ai\ai_000314.png,1,ai,blur_s2.0,0.967053,1,1
data\val\ai\ai_000315.png,1,ai,blur_s2.0,0.992993,1,1
data\val\ai\ai_000316.png,1,ai,blur_s2.0,0.982362,1,1
data\val\ai\ai_000317.png,1,ai,blur_s2.0,0.996653,1,1
data\val\ai\ai_000318.png,1,ai,blur_s2.0,0.051186,0,0
data\val\ai\ai_000319.png,1,ai,blur_s2.0,0.864560,1,1
data\val\ai\ai_000320.png,1,ai,blur_s2.0,0.910849,1,1
data\val\ai\ai_000321.png,1,ai,blur_s2.0,0.990548,1,1
data\val\ai\ai_000322.png,1,ai,blur_s2.0,0.847867,1,1
data\val\ai\ai_000323.png,1,ai,blur_s2.0,0.997778,1,1
data\val\ai\ai_000324.png,1,ai,blur_s2.0,0.994814,1,1
data\val\ai\ai_000325.png,1,ai,blur_s2.0,0.986550,1,1
data\val\ai\ai_000326.png,1,ai,blur_s2.0,0.993831,1,1
data\val\ai\ai_000327.png,1,ai,blur_s2.0,0.996279,1,1
data\val\ai\ai_000328.png,1,ai,blur_s2.0,0.792716,1,1
data\val\ai\ai_000329.png,1,ai,blur_s2.0,0.932542,1,1
data\val\ai\ai_000330.png,1,ai,blur_s2.0,0.792884,1,1
data\val\ai\ai_000331.png,1,ai,blur_s2.0,0.984347,1,1
data\val\ai\ai_000332.png,1,ai,blur_s2.0,0.793267,1,1
data\val\ai\ai_000333.png,1,ai,blur_s2.0,0.985581,1,1
data\val\ai\ai_000334.png,1,ai,blur_s2.0,0.954224,1,1
data\val\ai\ai_000335.png,1,ai,blur_s2.0,0.992869,1,1
data\val\ai\ai_000336.png,1,ai,blur_s2.0,0.856592,1,1
data\val\ai\ai_000337.png,1,ai,blur_s2.0,0.994665,1,1
data\val\ai\ai_000338.png,1,ai,blur_s2.0,0.150991,0,0
data\val\ai\ai_000339.png,1,ai,blur_s2.0,0.998299,1,1
data\val\ai\ai_000340.png,1,ai,blur_s2.0,0.910038,1,1
data\val\ai\ai_000341.png,1,ai,blur_s2.0,0.912300,1,1
data\val\ai\ai_000342.png,1,ai,blur_s2.0,0.037269,0,0
data\val\ai\ai_000343.png,1,ai,blur_s2.0,0.995980,1,1
data\val\ai\ai_000344.png,1,ai,blur_s2.0,0.979089,1,1
data\val\ai\ai_000345.png,1,ai,blur_s2.0,0.968444,1,1
data\val\ai\ai_000346.png,1,ai,blur_s2.0,0.996231,1,1
data\val\ai\ai_000347.png,1,ai,blur_s2.0,0.955055,1,1
data\val\ai\ai_000348.png,1,ai,blur_s2.0,0.916487,1,1
data\val\ai\ai_000349.png,1,ai,blur_s2.0,0.998604,1,1
data\val\ai\ai_000350.png,1,ai,blur_s2.0,0.790103,1,1
data\val\ai\ai_000351.png,1,ai,blur_s2.0,0.953418,1,1
data\val\ai\ai_000352.png,1,ai,blur_s2.0,0.826923,1,1
data\val\ai\ai_000353.png,1,ai,blur_s2.0,0.944694,1,1
data\val\ai\ai_000354.png,1,ai,blur_s2.0,0.998413,1,1
data\val\ai\ai_000355.png,1,ai,blur_s2.0,0.988375,1,1
data\val\ai\ai_000356.png,1,ai,blur_s2.0,0.826021,1,1
data\val\ai\ai_000357.png,1,ai,blur_s2.0,0.979463,1,1
data\val\ai\ai_000358.png,1,ai,blur_s2.0,0.189872,0,0
data\val\ai\ai_000359.png,1,ai,blur_s2.0,0.971120,1,1
data\val\ai\ai_000360.png,1,ai,blur_s2.0,0.861700,1,1
data\val\ai\ai_000361.png,1,ai,blur_s2.0,0.995379,1,1
data\val\ai\ai_000362.png,1,ai,blur_s2.0,0.875409,1,1
data\val\ai\ai_000363.png,1,ai,blur_s2.0,0.995096,1,1
data\val\ai\ai_000364.png,1,ai,blur_s2.0,0.997443,1,1
data\val\ai\ai_000365.png,1,ai,blur_s2.0,0.899291,1,1
data\val\ai\ai_000366.png,1,ai,blur_s2.0,0.879965,1,1
data\val\ai\ai_000367.png,1,ai,blur_s2.0,0.991231,1,1
data\val\ai\ai_000368.png,1,ai,blur_s2.0,0.351288,0,0
data\val\ai\ai_000369.png,1,ai,blur_s2.0,0.996760,1,1
data\val\ai\ai_000370.png,1,ai,blur_s2.0,0.310041,0,0
data\val\ai\ai_000371.png,1,ai,blur_s2.0,0.918937,1,1
data\val\ai\ai_000372.png,1,ai,blur_s2.0,0.812992,1,1
data\val\ai\ai_000373.png,1,ai,blur_s2.0,0.725499,1,1
data\val\ai\ai_000374.png,1,ai,blur_s2.0,0.994815,1,1
data\val\ai\ai_000375.png,1,ai,blur_s2.0,0.994010,1,1
data\val\ai\ai_000376.png,1,ai,blur_s2.0,0.492853,0,0
data\val\ai\ai_000377.png,1,ai,blur_s2.0,0.978343,1,1
data\val\ai\ai_000378.png,1,ai,blur_s2.0,0.980635,1,1
data\val\ai\ai_000379.png,1,ai,blur_s2.0,0.907599,1,1
data\val\ai\ai_000380.png,1,ai,blur_s2.0,0.652052,1,1
data\val\ai\ai_000381.png,1,ai,blur_s2.0,0.769408,1,1
data\val\ai\ai_000382.png,1,ai,blur_s2.0,0.673830,1,1
data\val\ai\ai_000383.png,1,ai,blur_s2.0,0.988239,1,1
data\val\ai\ai_000384.png,1,ai,blur_s2.0,0.830755,1,1
data\val\ai\ai_000385.png,1,ai,blur_s2.0,0.981415,1,1
data\val\ai\ai_000386.png,1,ai,blur_s2.0,0.923415,1,1
data\val\ai\ai_000387.png,1,ai,blur_s2.0,0.994744,1,1
data\val\ai\ai_000388.png,1,ai,blur_s2.0,0.993842,1,1
data\val\ai\ai_000389.png,1,ai,blur_s2.0,0.943371,1,1
data\val\ai\ai_000390.png,1,ai,blur_s2.0,0.981780,1,1
data\val\ai\ai_000391.png,1,ai,blur_s2.0,0.943626,1,1
data\val\ai\ai_000392.png,1,ai,blur_s2.0,0.911395,1,1
data\val\ai\ai_000393.png,1,ai,blur_s2.0,0.991317,1,1
data\val\ai\ai_000394.png,1,ai,blur_s2.0,0.987875,1,1
data\val\ai\ai_000395.png,1,ai,blur_s2.0,0.984226,1,1
data\val\ai\ai_000396.png,1,ai,blur_s2.0,0.901085,1,1
data\val\ai\ai_000397.png,1,ai,blur_s2.0,0.983035,1,1
data\val\ai\ai_000398.png,1,ai,blur_s2.0,0.480642,0,0
data\val\ai\ai_000399.png,1,ai,blur_s2.0,0.976851,1,1
data\val\ai\ai_000400.png,1,ai,blur_s2.0,0.425840,0,0
data\val\ai\ai_000401.png,1,ai,blur_s2.0,0.990371,1,1
data\val\ai\ai_000402.png,1,ai,blur_s2.0,0.921626,1,1
data\val\ai\ai_000403.png,1,ai,blur_s2.0,0.963948,1,1
data\val\ai\ai_000404.png,1,ai,blur_s2.0,0.963179,1,1
data\val\ai\ai_000405.png,1,ai,blur_s2.0,0.997603,1,1
data\val\ai\ai_000406.png,1,ai,blur_s2.0,0.988622,1,1
data\val\ai\ai_000407.png,1,ai,blur_s2.0,0.874078,1,1
data\val\ai\ai_000408.png,1,ai,blur_s2.0,0.994879,1,1
data\val\ai\ai_000409.png,1,ai,blur_s2.0,0.979773,1,1
data\val\ai\ai_000410.png,1,ai,blur_s2.0,0.561212,1,1
data\val\ai\ai_000411.png,1,ai,blur_s2.0,0.990002,1,1
data\val\ai\ai_000412.png,1,ai,blur_s2.0,0.996002,1,1
data\val\ai\ai_000413.png,1,ai,blur_s2.0,0.978223,1,1
data\val\ai\ai_000414.png,1,ai,blur_s2.0,0.999587,1,1
data\val\ai\ai_000415.png,1,ai,blur_s2.0,0.996372,1,1
data\val\ai\ai_000416.png,1,ai,blur_s2.0,0.780850,1,1
data\val\ai\ai_000417.png,1,ai,blur_s2.0,0.972571,1,1
data\val\ai\ai_000418.png,1,ai,blur_s2.0,0.097756,0,0
data\val\ai\ai_000419.png,1,ai,blur_s2.0,0.955773,1,1
data\val\ai\ai_000420.png,1,ai,blur_s2.0,0.876029,1,1
data\val\ai\ai_000421.png,1,ai,blur_s2.0,0.993799,1,1
data\val\ai\ai_000422.png,1,ai,blur_s2.0,0.166615,0,0
data\val\ai\ai_000423.png,1,ai,blur_s2.0,0.954338,1,1
data\val\ai\ai_000424.png,1,ai,blur_s2.0,0.999313,1,1
data\val\ai\ai_000425.png,1,ai,blur_s2.0,0.975680,1,1
data\val\ai\ai_000426.png,1,ai,blur_s2.0,0.494277,0,0
data\val\ai\ai_000427.png,1,ai,blur_s2.0,0.979683,1,1
data\val\ai\ai_000428.png,1,ai,blur_s2.0,0.971636,1,1
data\val\ai\ai_000429.png,1,ai,blur_s2.0,0.990646,1,1
data\val\ai\ai_000430.png,1,ai,blur_s2.0,0.950112,1,1
data\val\ai\ai_000431.png,1,ai,blur_s2.0,0.923733,1,1
data\val\ai\ai_000432.png,1,ai,blur_s2.0,0.996531,1,1
data\val\ai\ai_000433.png,1,ai,blur_s2.0,0.997855,1,1
data\val\ai\ai_000434.png,1,ai,blur_s2.0,0.979628,1,1
data\val\ai\ai_000435.png,1,ai,blur_s2.0,0.927645,1,1
data\val\ai\ai_000436.png,1,ai,blur_s2.0,0.988088,1,1
data\val\ai\ai_000437.png,1,ai,blur_s2.0,0.967764,1,1
data\val\ai\ai_000438.png,1,ai,blur_s2.0,0.983297,1,1
data\val\ai\ai_000439.png,1,ai,blur_s2.0,0.696699,1,1
data\val\ai\ai_000440.png,1,ai,blur_s2.0,0.968033,1,1
data\val\ai\ai_000441.png,1,ai,blur_s2.0,0.859623,1,1
data\val\ai\ai_000442.png,1,ai,blur_s2.0,0.982559,1,1
data\val\ai\ai_000443.png,1,ai,blur_s2.0,0.994746,1,1
data\val\ai\ai_000444.png,1,ai,blur_s2.0,0.987872,1,1
data\val\ai\ai_000445.png,1,ai,blur_s2.0,0.965515,1,1
data\val\ai\ai_000446.png,1,ai,blur_s2.0,0.973435,1,1
data\val\ai\ai_000447.png,1,ai,blur_s2.0,0.994001,1,1
data\val\ai\ai_000448.png,1,ai,blur_s2.0,0.059962,0,0
data\val\ai\ai_000449.png,1,ai,blur_s2.0,0.999069,1,1
data\val\ai\ai_000450.png,1,ai,blur_s2.0,0.986593,1,1
data\val\ai\ai_000451.png,1,ai,blur_s2.0,0.943330,1,1
data\val\ai\ai_000452.png,1,ai,blur_s2.0,0.886510,1,1
data\val\ai\ai_000453.png,1,ai,blur_s2.0,0.996864,1,1
data\val\ai\ai_000454.png,1,ai,blur_s2.0,0.919550,1,1
data\val\ai\ai_000455.png,1,ai,blur_s2.0,0.988575,1,1
data\val\ai\ai_000456.png,1,ai,blur_s2.0,0.901292,1,1
data\val\ai\ai_000457.png,1,ai,blur_s2.0,0.933256,1,1
data\val\ai\ai_000458.png,1,ai,blur_s2.0,0.936579,1,1
data\val\ai\ai_000459.png,1,ai,blur_s2.0,0.778821,1,1
data\val\ai\ai_000460.png,1,ai,blur_s2.0,0.862191,1,1
data\val\ai\ai_000461.png,1,ai,blur_s2.0,0.898740,1,1
data\val\ai\ai_000462.png,1,ai,blur_s2.0,0.974074,1,1
data\val\ai\ai_000463.png,1,ai,blur_s2.0,0.981852,1,1
data\val\ai\ai_000464.png,1,ai,blur_s2.0,0.982749,1,1
data\val\ai\ai_000465.png,1,ai,blur_s2.0,0.977260,1,1
data\val\ai\ai_000466.png,1,ai,blur_s2.0,0.581355,1,1
data\val\ai\ai_000467.png,1,ai,blur_s2.0,0.953935,1,1
data\val\ai\ai_000468.png,1,ai,blur_s2.0,0.779047,1,1
data\val\ai\ai_000469.png,1,ai,blur_s2.0,0.984113,1,1
data\val\ai\ai_000470.png,1,ai,blur_s2.0,0.778901,1,1
data\val\ai\ai_000471.png,1,ai,blur_s2.0,0.999516,1,1
data\val\ai\ai_000472.png,1,ai,blur_s2.0,0.948135,1,1
data\val\ai\ai_000473.png,1,ai,blur_s2.0,0.648695,1,1
data\val\ai\ai_000474.png,1,ai,blur_s2.0,0.996321,1,1
data\val\ai\ai_000475.png,1,ai,blur_s2.0,0.996183,1,1
data\val\ai\ai_000476.png,1,ai,blur_s2.0,0.825810,1,1
data\val\ai\ai_000477.png,1,ai,blur_s2.0,0.990915,1,1
data\val\ai\ai_000478.png,1,ai,blur_s2.0,0.972222,1,1
data\val\ai\ai_000479.png,1,ai,blur_s2.0,0.929423,1,1
data\val\ai\ai_000480.png,1,ai,blur_s2.0,0.841967,1,1
data\val\ai\ai_000481.png,1,ai,blur_s2.0,0.995284,1,1
data\val\ai\ai_000482.png,1,ai,blur_s2.0,0.642044,1,1
data\val\ai\ai_000483.png,1,ai,blur_s2.0,0.892733,1,1
data\val\ai\ai_000484.png,1,ai,blur_s2.0,0.954233,1,1
data\val\ai\ai_000485.png,1,ai,blur_s2.0,0.951565,1,1
data\val\ai\ai_000486.png,1,ai,blur_s2.0,0.980022,1,1
data\val\ai\ai_000487.png,1,ai,blur_s2.0,0.988020,1,1
data\val\ai\ai_000488.png,1,ai,blur_s2.0,0.881152,1,1
data\val\ai\ai_000489.png,1,ai,blur_s2.0,0.969356,1,1
data\val\ai\ai_000490.png,1,ai,blur_s2.0,0.942399,1,1
data\val\ai\ai_000491.png,1,ai,blur_s2.0,0.928451,1,1
data\val\ai\ai_000492.png,1,ai,blur_s2.0,0.962416,1,1
data\val\ai\ai_000493.png,1,ai,blur_s2.0,0.970786,1,1
data\val\ai\ai_000494.png,1,ai,blur_s2.0,0.976561,1,1
data\val\ai\ai_000495.png,1,ai,blur_s2.0,0.959321,1,1
data\val\ai\ai_000496.png,1,ai,blur_s2.0,0.739404,1,1
data\val\ai\ai_000497.png,1,ai,blur_s2.0,0.987643,1,1
data\val\ai\ai_000498.png,1,ai,blur_s2.0,0.707401,1,1
data\val\ai\ai_000499.png,1,ai,blur_s2.0,0.992960,1,1
data\val\ai\ai_000500.png,1,ai,blur_s2.0,0.849596,1,1
data\val\real\000000000139.jpg,0,real,resize_0.5x,0.887681,1,0
data\val\real\000000000285.jpg,0,real,resize_0.5x,0.051313,0,1
data\val\real\000000000632.jpg,0,real,resize_0.5x,0.883595,1,0
data\val\real\000000000724.jpg,0,real,resize_0.5x,0.067950,0,1
data\val\real\000000000776.jpg,0,real,resize_0.5x,0.066316,0,1
data\val\real\000000000785.jpg,0,real,resize_0.5x,0.590180,1,0
data\val\real\000000000802.jpg,0,real,resize_0.5x,0.359198,0,1
data\val\real\000000000872.jpg,0,real,resize_0.5x,0.019523,0,1
data\val\real\000000000885.jpg,0,real,resize_0.5x,0.244467,0,1
data\val\real\000000001000.jpg,0,real,resize_0.5x,0.005687,0,1
data\val\real\000000001268.jpg,0,real,resize_0.5x,0.074534,0,1
data\val\real\000000001296.jpg,0,real,resize_0.5x,0.291041,0,1
data\val\real\000000001353.jpg,0,real,resize_0.5x,0.003852,0,1
data\val\real\000000001425.jpg,0,real,resize_0.5x,0.882273,1,0
data\val\real\000000001490.jpg,0,real,resize_0.5x,0.093171,0,1
data\val\real\000000001503.jpg,0,real,resize_0.5x,0.185541,0,1
data\val\real\000000001532.jpg,0,real,resize_0.5x,0.137530,0,1
data\val\real\000000001584.jpg,0,real,resize_0.5x,0.295016,0,1
data\val\real\000000001675.jpg,0,real,resize_0.5x,0.086158,0,1
data\val\real\000000001761.jpg,0,real,resize_0.5x,0.023508,0,1
data\val\real\000000001818.jpg,0,real,resize_0.5x,0.322785,0,1
data\val\real\000000001993.jpg,0,real,resize_0.5x,0.503837,1,0
data\val\real\000000002006.jpg,0,real,resize_0.5x,0.078298,0,1
data\val\real\000000002149.jpg,0,real,resize_0.5x,0.368568,0,1
data\val\real\000000002153.jpg,0,real,resize_0.5x,0.057032,0,1
data\val\real\000000002157.jpg,0,real,resize_0.5x,0.377424,0,1
data\val\real\000000002261.jpg,0,real,resize_0.5x,0.017476,0,1
data\val\real\000000002299.jpg,0,real,resize_0.5x,0.006848,0,1
data\val\real\000000002431.jpg,0,real,resize_0.5x,0.101826,0,1
data\val\real\000000002473.jpg,0,real,resize_0.5x,0.049470,0,1
data\val\real\000000002532.jpg,0,real,resize_0.5x,0.023356,0,1
data\val\real\000000002587.jpg,0,real,resize_0.5x,0.064231,0,1
data\val\real\000000002592.jpg,0,real,resize_0.5x,0.043774,0,1
data\val\real\000000002685.jpg,0,real,resize_0.5x,0.004375,0,1
data\val\real\000000002923.jpg,0,real,resize_0.5x,0.025335,0,1
data\val\real\000000003156.jpg,0,real,resize_0.5x,0.385564,0,1
data\val\real\000000003255.jpg,0,real,resize_0.5x,0.696339,1,0
data\val\real\000000003501.jpg,0,real,resize_0.5x,0.199319,0,1
data\val\real\000000003553.jpg,0,real,resize_0.5x,0.164273,0,1
data\val\real\000000003661.jpg,0,real,resize_0.5x,0.042932,0,1
data\val\real\000000003845.jpg,0,real,resize_0.5x,0.201261,0,1
data\val\real\000000003934.jpg,0,real,resize_0.5x,0.002551,0,1
data\val\real\000000004134.jpg,0,real,resize_0.5x,0.006787,0,1
data\val\real\000000004395.jpg,0,real,resize_0.5x,0.032399,0,1
data\val\real\000000004495.jpg,0,real,resize_0.5x,0.264480,0,1
data\val\real\000000004765.jpg,0,real,resize_0.5x,0.155859,0,1
data\val\real\000000004795.jpg,0,real,resize_0.5x,0.001733,0,1
data\val\real\000000005001.jpg,0,real,resize_0.5x,0.044845,0,1
data\val\real\000000005037.jpg,0,real,resize_0.5x,0.146747,0,1
data\val\real\000000005060.jpg,0,real,resize_0.5x,0.140274,0,1
data\val\real\000000005193.jpg,0,real,resize_0.5x,0.003762,0,1
data\val\real\000000005477.jpg,0,real,resize_0.5x,0.206160,0,1
data\val\real\000000005503.jpg,0,real,resize_0.5x,0.025778,0,1
data\val\real\000000005529.jpg,0,real,resize_0.5x,0.070660,0,1
data\val\real\000000005586.jpg,0,real,resize_0.5x,0.009555,0,1
data\val\real\000000005600.jpg,0,real,resize_0.5x,0.032626,0,1
data\val\real\000000005992.jpg,0,real,resize_0.5x,0.059473,0,1
data\val\real\000000006012.jpg,0,real,resize_0.5x,0.057671,0,1
data\val\real\000000006040.jpg,0,real,resize_0.5x,0.634087,1,0
data\val\real\000000006213.jpg,0,real,resize_0.5x,0.476484,0,1
data\val\real\000000006460.jpg,0,real,resize_0.5x,0.077971,0,1
data\val\real\000000006471.jpg,0,real,resize_0.5x,0.034176,0,1
data\val\real\000000006614.jpg,0,real,resize_0.5x,0.136909,0,1
data\val\real\000000006723.jpg,0,real,resize_0.5x,0.152727,0,1
data\val\real\000000006763.jpg,0,real,resize_0.5x,0.000618,0,1
data\val\real\000000006771.jpg,0,real,resize_0.5x,0.007468,0,1
data\val\real\000000006818.jpg,0,real,resize_0.5x,0.026526,0,1
data\val\real\000000006894.jpg,0,real,resize_0.5x,0.008143,0,1
data\val\real\000000006954.jpg,0,real,resize_0.5x,0.103173,0,1
data\val\real\000000007088.jpg,0,real,resize_0.5x,0.024493,0,1
data\val\real\000000007108.jpg,0,real,resize_0.5x,0.108596,0,1
data\val\real\000000007278.jpg,0,real,resize_0.5x,0.296570,0,1
data\val\real\000000007281.jpg,0,real,resize_0.5x,0.002379,0,1
data\val\real\000000007386.jpg,0,real,resize_0.5x,0.094987,0,1
data\val\real\000000007511.jpg,0,real,resize_0.5x,0.048004,0,1
data\val\real\000000007574.jpg,0,real,resize_0.5x,0.424638,0,1
data\val\real\000000007784.jpg,0,real,resize_0.5x,0.421917,0,1
data\val\real\000000007795.jpg,0,real,resize_0.5x,0.957794,1,0
data\val\real\000000007816.jpg,0,real,resize_0.5x,0.012816,0,1
data\val\real\000000007818.jpg,0,real,resize_0.5x,0.661246,1,0
data\val\real\000000007888.jpg,0,real,resize_0.5x,0.731441,1,0
data\val\real\000000007977.jpg,0,real,resize_0.5x,0.201899,0,1
data\val\real\000000007991.jpg,0,real,resize_0.5x,0.026602,0,1
data\val\real\000000008021.jpg,0,real,resize_0.5x,0.007522,0,1
data\val\real\000000008211.jpg,0,real,resize_0.5x,0.293448,0,1
data\val\real\000000008277.jpg,0,real,resize_0.5x,0.113140,0,1
data\val\real\000000008532.jpg,0,real,resize_0.5x,0.011524,0,1
data\val\real\000000008629.jpg,0,real,resize_0.5x,0.124046,0,1
data\val\real\000000008690.jpg,0,real,resize_0.5x,0.002205,0,1
data\val\real\000000008762.jpg,0,real,resize_0.5x,0.310824,0,1
data\val\real\000000008844.jpg,0,real,resize_0.5x,0.121624,0,1
data\val\real\000000008899.jpg,0,real,resize_0.5x,0.509061,1,0
data\val\real\000000009378.jpg,0,real,resize_0.5x,0.019417,0,1
data\val\real\000000009400.jpg,0,real,resize_0.5x,0.002626,0,1
data\val\real\000000009448.jpg,0,real,resize_0.5x,0.009921,0,1
data\val\real\000000009483.jpg,0,real,resize_0.5x,0.104196,0,1
data\val\real\000000009590.jpg,0,real,resize_0.5x,0.250726,0,1
data\val\real\000000009769.jpg,0,real,resize_0.5x,0.076601,0,1
data\val\real\000000009772.jpg,0,real,resize_0.5x,0.062270,0,1
data\val\real\000000009891.jpg,0,real,resize_0.5x,0.007412,0,1
data\val\real\000000009914.jpg,0,real,resize_0.5x,0.093168,0,1
data\val\real\000000010092.jpg,0,real,resize_0.5x,0.127556,0,1
data\val\real\000000010363.jpg,0,real,resize_0.5x,0.003076,0,1
data\val\real\000000010583.jpg,0,real,resize_0.5x,0.058155,0,1
data\val\real\000000010707.jpg,0,real,resize_0.5x,0.000448,0,1
data\val\real\000000010764.jpg,0,real,resize_0.5x,0.146809,0,1
data\val\real\000000010977.jpg,0,real,resize_0.5x,0.378390,0,1
data\val\real\000000010995.jpg,0,real,resize_0.5x,0.488829,0,1
data\val\real\000000011051.jpg,0,real,resize_0.5x,0.016295,0,1
data\val\real\000000011122.jpg,0,real,resize_0.5x,0.016386,0,1
data\val\real\000000011149.jpg,0,real,resize_0.5x,0.013309,0,1
data\val\real\000000011197.jpg,0,real,resize_0.5x,0.081788,0,1
data\val\real\000000011511.jpg,0,real,resize_0.5x,0.257882,0,1
data\val\real\000000011615.jpg,0,real,resize_0.5x,0.127107,0,1
data\val\real\000000011699.jpg,0,real,resize_0.5x,0.023305,0,1
data\val\real\000000011760.jpg,0,real,resize_0.5x,0.646120,1,0
data\val\real\000000011813.jpg,0,real,resize_0.5x,0.635889,1,0
data\val\real\000000012062.jpg,0,real,resize_0.5x,0.040466,0,1
data\val\real\000000012120.jpg,0,real,resize_0.5x,0.080199,0,1
data\val\real\000000012280.jpg,0,real,resize_0.5x,0.847784,1,0
data\val\real\000000012576.jpg,0,real,resize_0.5x,0.317380,0,1
data\val\real\000000012639.jpg,0,real,resize_0.5x,0.054671,0,1
data\val\real\000000012667.jpg,0,real,resize_0.5x,0.263289,0,1
data\val\real\000000012670.jpg,0,real,resize_0.5x,0.015295,0,1
data\val\real\000000012748.jpg,0,real,resize_0.5x,0.076573,0,1
data\val\real\000000013004.jpg,0,real,resize_0.5x,0.252131,0,1
data\val\real\000000013177.jpg,0,real,resize_0.5x,0.047009,0,1
data\val\real\000000013201.jpg,0,real,resize_0.5x,0.176781,0,1
data\val\real\000000013291.jpg,0,real,resize_0.5x,0.123808,0,1
data\val\real\000000013348.jpg,0,real,resize_0.5x,0.162362,0,1
data\val\real\000000013546.jpg,0,real,resize_0.5x,0.014954,0,1
data\val\real\000000013597.jpg,0,real,resize_0.5x,0.828149,1,0
data\val\real\000000013659.jpg,0,real,resize_0.5x,0.002394,0,1
data\val\real\000000013729.jpg,0,real,resize_0.5x,0.018395,0,1
data\val\real\000000013774.jpg,0,real,resize_0.5x,0.544155,1,0
data\val\real\000000013923.jpg,0,real,resize_0.5x,0.633944,1,0
data\val\real\000000014007.jpg,0,real,resize_0.5x,0.132979,0,1
data\val\real\000000014038.jpg,0,real,resize_0.5x,0.927685,1,0
data\val\real\000000014226.jpg,0,real,resize_0.5x,0.282589,0,1
data\val\real\000000014380.jpg,0,real,resize_0.5x,0.778052,1,0
data\val\real\000000014439.jpg,0,real,resize_0.5x,0.031311,0,1
data\val\real\000000014473.jpg,0,real,resize_0.5x,0.077425,0,1
data\val\real\000000014831.jpg,0,real,resize_0.5x,0.015079,0,1
data\val\real\000000014888.jpg,0,real,resize_0.5x,0.032081,0,1
data\val\real\000000015079.jpg,0,real,resize_0.5x,0.505571,1,0
data\val\real\000000015254.jpg,0,real,resize_0.5x,0.081604,0,1
data\val\real\000000015272.jpg,0,real,resize_0.5x,0.531771,1,0
data\val\real\000000015278.jpg,0,real,resize_0.5x,0.087260,0,1
data\val\real\000000015335.jpg,0,real,resize_0.5x,0.001897,0,1
data\val\real\000000015338.jpg,0,real,resize_0.5x,0.515138,1,0
data\val\real\000000015440.jpg,0,real,resize_0.5x,0.738611,1,0
data\val\real\000000015497.jpg,0,real,resize_0.5x,0.002604,0,1
data\val\real\000000015517.jpg,0,real,resize_0.5x,0.183051,0,1
data\val\real\000000015597.jpg,0,real,resize_0.5x,0.001470,0,1
data\val\real\000000015660.jpg,0,real,resize_0.5x,0.077098,0,1
data\val\real\000000015746.jpg,0,real,resize_0.5x,0.067342,0,1
data\val\real\000000015751.jpg,0,real,resize_0.5x,0.196756,0,1
data\val\real\000000015956.jpg,0,real,resize_0.5x,0.017608,0,1
data\val\real\000000016010.jpg,0,real,resize_0.5x,0.037219,0,1
data\val\real\000000016228.jpg,0,real,resize_0.5x,0.311990,0,1
data\val\real\000000016249.jpg,0,real,resize_0.5x,0.108949,0,1
data\val\real\000000016439.jpg,0,real,resize_0.5x,0.579285,1,0
data\val\real\000000016451.jpg,0,real,resize_0.5x,0.585213,1,0
data\val\real\000000016502.jpg,0,real,resize_0.5x,0.054703,0,1
data\val\real\000000016598.jpg,0,real,resize_0.5x,0.006761,0,1
data\val\real\000000016958.jpg,0,real,resize_0.5x,0.198970,0,1
data\val\real\000000017029.jpg,0,real,resize_0.5x,0.047504,0,1
data\val\real\000000017031.jpg,0,real,resize_0.5x,0.275291,0,1
data\val\real\000000017115.jpg,0,real,resize_0.5x,0.530276,1,0
data\val\real\000000017178.jpg,0,real,resize_0.5x,0.613914,1,0
data\val\real\000000017182.jpg,0,real,resize_0.5x,0.351610,0,1
data\val\real\000000017207.jpg,0,real,resize_0.5x,0.005577,0,1
data\val\real\000000017379.jpg,0,real,resize_0.5x,0.720271,1,0
data\val\real\000000017436.jpg,0,real,resize_0.5x,0.021235,0,1
data\val\real\000000017627.jpg,0,real,resize_0.5x,0.008665,0,1
data\val\real\000000017714.jpg,0,real,resize_0.5x,0.032588,0,1
data\val\real\000000017899.jpg,0,real,resize_0.5x,0.004027,0,1
data\val\real\000000017905.jpg,0,real,resize_0.5x,0.001004,0,1
data\val\real\000000017959.jpg,0,real,resize_0.5x,0.015453,0,1
data\val\real\000000018150.jpg,0,real,resize_0.5x,0.001302,0,1
data\val\real\000000018193.jpg,0,real,resize_0.5x,0.002313,0,1
data\val\real\000000018380.jpg,0,real,resize_0.5x,0.133405,0,1
data\val\real\000000018491.jpg,0,real,resize_0.5x,0.037522,0,1
data\val\real\000000018519.jpg,0,real,resize_0.5x,0.455371,0,1
data\val\real\000000018575.jpg,0,real,resize_0.5x,0.074311,0,1
data\val\real\000000018737.jpg,0,real,resize_0.5x,0.025463,0,1
data\val\real\000000018770.jpg,0,real,resize_0.5x,0.022834,0,1
data\val\real\000000018833.jpg,0,real,resize_0.5x,0.239183,0,1
data\val\real\000000018837.jpg,0,real,resize_0.5x,0.058952,0,1
data\val\real\000000019042.jpg,0,real,resize_0.5x,0.035368,0,1
data\val\real\000000019109.jpg,0,real,resize_0.5x,0.321279,0,1
data\val\real\000000019221.jpg,0,real,resize_0.5x,0.005534,0,1
data\val\real\000000019402.jpg,0,real,resize_0.5x,0.000827,0,1
data\val\real\000000019432.jpg,0,real,resize_0.5x,0.055351,0,1
data\val\real\000000019742.jpg,0,real,resize_0.5x,0.081458,0,1
data\val\real\000000019786.jpg,0,real,resize_0.5x,0.003943,0,1
data\val\real\000000019924.jpg,0,real,resize_0.5x,0.415834,0,1
data\val\real\000000020059.jpg,0,real,resize_0.5x,0.087204,0,1
data\val\real\000000020107.jpg,0,real,resize_0.5x,0.168397,0,1
data\val\real\000000020247.jpg,0,real,resize_0.5x,0.157396,0,1
data\val\real\000000020333.jpg,0,real,resize_0.5x,0.162138,0,1
data\val\real\000000020553.jpg,0,real,resize_0.5x,0.002982,0,1
data\val\real\000000020571.jpg,0,real,resize_0.5x,0.251586,0,1
data\val\real\000000020992.jpg,0,real,resize_0.5x,0.003030,0,1
data\val\real\000000021167.jpg,0,real,resize_0.5x,0.001031,0,1
data\val\real\000000021465.jpg,0,real,resize_0.5x,0.005889,0,1
data\val\real\000000021503.jpg,0,real,resize_0.5x,0.008469,0,1
data\val\real\000000021604.jpg,0,real,resize_0.5x,0.879346,1,0
data\val\real\000000021839.jpg,0,real,resize_0.5x,0.002426,0,1
data\val\real\000000021879.jpg,0,real,resize_0.5x,0.104762,0,1
data\val\real\000000021903.jpg,0,real,resize_0.5x,0.115300,0,1
data\val\real\000000022192.jpg,0,real,resize_0.5x,0.006402,0,1
data\val\real\000000022371.jpg,0,real,resize_0.5x,0.739189,1,0
data\val\real\000000022396.jpg,0,real,resize_0.5x,0.030517,0,1
data\val\real\000000022479.jpg,0,real,resize_0.5x,0.032302,0,1
data\val\real\000000022589.jpg,0,real,resize_0.5x,0.017918,0,1
data\val\real\000000022623.jpg,0,real,resize_0.5x,0.470278,0,1
data\val\real\000000022705.jpg,0,real,resize_0.5x,0.001137,0,1
data\val\real\000000022755.jpg,0,real,resize_0.5x,0.494901,0,1
data\val\real\000000022892.jpg,0,real,resize_0.5x,0.192178,0,1
data\val\real\000000022935.jpg,0,real,resize_0.5x,0.209263,0,1
data\val\real\000000022969.jpg,0,real,resize_0.5x,0.189697,0,1
data\val\real\000000023023.jpg,0,real,resize_0.5x,0.468127,0,1
data\val\real\000000023034.jpg,0,real,resize_0.5x,0.009707,0,1
data\val\real\000000023126.jpg,0,real,resize_0.5x,0.250682,0,1
data\val\real\000000023230.jpg,0,real,resize_0.5x,0.014974,0,1
data\val\real\000000023272.jpg,0,real,resize_0.5x,0.012415,0,1
data\val\real\000000023359.jpg,0,real,resize_0.5x,0.184545,0,1
data\val\real\000000023666.jpg,0,real,resize_0.5x,0.062369,0,1
data\val\real\000000023751.jpg,0,real,resize_0.5x,0.002162,0,1
data\val\real\000000023781.jpg,0,real,resize_0.5x,0.251979,0,1
data\val\real\000000023899.jpg,0,real,resize_0.5x,0.004883,0,1
data\val\real\000000023937.jpg,0,real,resize_0.5x,0.137339,0,1
data\val\real\000000024021.jpg,0,real,resize_0.5x,0.010227,0,1
data\val\real\000000024027.jpg,0,real,resize_0.5x,0.004394,0,1
data\val\real\000000024144.jpg,0,real,resize_0.5x,0.259086,0,1
data\val\real\000000024243.jpg,0,real,resize_0.5x,0.032181,0,1
data\val\real\000000024567.jpg,0,real,resize_0.5x,0.023812,0,1
data\val\real\000000024610.jpg,0,real,resize_0.5x,0.069873,0,1
data\val\real\000000024919.jpg,0,real,resize_0.5x,0.323098,0,1
data\val\real\000000025057.jpg,0,real,resize_0.5x,0.011198,0,1
data\val\real\000000025096.jpg,0,real,resize_0.5x,0.006538,0,1
data\val\real\000000025139.jpg,0,real,resize_0.5x,0.139973,0,1
data\val\real\000000025181.jpg,0,real,resize_0.5x,0.694205,1,0
data\val\real\000000025228.jpg,0,real,resize_0.5x,0.027144,0,1
data\val\real\000000025386.jpg,0,real,resize_0.5x,0.004698,0,1
data\val\real\000000025393.jpg,0,real,resize_0.5x,0.000546,0,1
data\val\real\000000025394.jpg,0,real,resize_0.5x,0.026004,0,1
data\val\real\000000025424.jpg,0,real,resize_0.5x,0.062643,0,1
data\val\real\000000025560.jpg,0,real,resize_0.5x,0.013091,0,1
data\val\real\000000025593.jpg,0,real,resize_0.5x,0.126184,0,1
data\val\real\000000025603.jpg,0,real,resize_0.5x,0.001025,0,1
data\val\real\000000025986.jpg,0,real,resize_0.5x,0.015506,0,1
data\val\real\000000026204.jpg,0,real,resize_0.5x,0.265966,0,1
data\val\real\000000026465.jpg,0,real,resize_0.5x,0.114029,0,1
data\val\real\000000026564.jpg,0,real,resize_0.5x,0.351352,0,1
data\val\real\000000026690.jpg,0,real,resize_0.5x,0.029003,0,1
data\val\real\000000026926.jpg,0,real,resize_0.5x,0.336345,0,1
data\val\real\000000026941.jpg,0,real,resize_0.5x,0.792217,1,0
data\val\real\000000027186.jpg,0,real,resize_0.5x,0.012044,0,1
data\val\real\000000027620.jpg,0,real,resize_0.5x,0.231259,0,1
data\val\real\000000027696.jpg,0,real,resize_0.5x,0.003091,0,1
data\val\real\000000027768.jpg,0,real,resize_0.5x,0.221128,0,1
data\val\real\000000027932.jpg,0,real,resize_0.5x,0.117351,0,1
data\val\real\000000027972.jpg,0,real,resize_0.5x,0.123418,0,1
data\val\real\000000027982.jpg,0,real,resize_0.5x,0.584703,1,0
data\val\real\000000028285.jpg,0,real,resize_0.5x,0.026681,0,1
data\val\real\000000028449.jpg,0,real,resize_0.5x,0.688715,1,0
data\val\real\000000028452.jpg,0,real,resize_0.5x,0.828813,1,0
data\val\real\000000028809.jpg,0,real,resize_0.5x,0.262450,0,1
data\val\real\000000028993.jpg,0,real,resize_0.5x,0.785921,1,0
data\val\real\000000029187.jpg,0,real,resize_0.5x,0.003675,0,1
data\val\real\000000029393.jpg,0,real,resize_0.5x,0.004707,0,1
data\val\real\000000029397.jpg,0,real,resize_0.5x,0.150315,0,1
data\val\real\000000029596.jpg,0,real,resize_0.5x,0.815157,1,0
data\val\real\000000029640.jpg,0,real,resize_0.5x,0.262850,0,1
data\val\real\000000029675.jpg,0,real,resize_0.5x,0.185031,0,1
data\val\real\000000029984.jpg,0,real,resize_0.5x,0.033336,0,1
data\val\real\000000030213.jpg,0,real,resize_0.5x,0.452802,0,1
data\val\real\000000030494.jpg,0,real,resize_0.5x,0.014899,0,1
data\val\real\000000030504.jpg,0,real,resize_0.5x,0.127654,0,1
data\val\real\000000030675.jpg,0,real,resize_0.5x,0.499095,0,1
data\val\real\000000030785.jpg,0,real,resize_0.5x,0.357606,0,1
data\val\real\000000030828.jpg,0,real,resize_0.5x,0.694282,1,0
data\val\real\000000031050.jpg,0,real,resize_0.5x,0.226315,0,1
data\val\real\000000031093.jpg,0,real,resize_0.5x,0.079981,0,1
data\val\real\000000031118.jpg,0,real,resize_0.5x,0.365000,0,1
data\val\real\000000031217.jpg,0,real,resize_0.5x,0.126959,0,1
data\val\real\000000031248.jpg,0,real,resize_0.5x,0.292158,0,1
data\val\real\000000031269.jpg,0,real,resize_0.5x,0.067687,0,1
data\val\real\000000031296.jpg,0,real,resize_0.5x,0.003643,0,1
data\val\real\000000031322.jpg,0,real,resize_0.5x,0.090291,0,1
data\val\real\000000031620.jpg,0,real,resize_0.5x,0.000307,0,1
data\val\real\000000031735.jpg,0,real,resize_0.5x,0.008782,0,1
data\val\real\000000031749.jpg,0,real,resize_0.5x,0.314024,0,1
data\val\real\000000031817.jpg,0,real,resize_0.5x,0.001190,0,1
data\val\real\000000032038.jpg,0,real,resize_0.5x,0.029648,0,1
data\val\real\000000032081.jpg,0,real,resize_0.5x,0.062810,0,1
data\val\real\000000032285.jpg,0,real,resize_0.5x,0.852754,1,0
data\val\real\000000032334.jpg,0,real,resize_0.5x,0.000919,0,1
data\val\real\000000032570.jpg,0,real,resize_0.5x,0.817756,1,0
data\val\real\000000032610.jpg,0,real,resize_0.5x,0.164208,0,1
data\val\real\000000032735.jpg,0,real,resize_0.5x,0.162056,0,1
data\val\real\000000032811.jpg,0,real,resize_0.5x,0.110417,0,1
data\val\real\000000032817.jpg,0,real,resize_0.5x,0.010316,0,1
data\val\real\000000032861.jpg,0,real,resize_0.5x,0.223577,0,1
data\val\real\000000032887.jpg,0,real,resize_0.5x,0.008995,0,1
data\val\real\000000032901.jpg,0,real,resize_0.5x,0.000223,0,1
data\val\real\000000032941.jpg,0,real,resize_0.5x,0.064315,0,1
data\val\real\000000033005.jpg,0,real,resize_0.5x,0.077771,0,1
data\val\real\000000033104.jpg,0,real,resize_0.5x,0.063311,0,1
data\val\real\000000033109.jpg,0,real,resize_0.5x,0.059621,0,1
data\val\real\000000033114.jpg,0,real,resize_0.5x,0.240312,0,1
data\val\real\000000033221.jpg,0,real,resize_0.5x,0.001299,0,1
data\val\real\000000033368.jpg,0,real,resize_0.5x,0.133651,0,1
data\val\real\000000033638.jpg,0,real,resize_0.5x,0.050949,0,1
data\val\real\000000033707.jpg,0,real,resize_0.5x,0.141648,0,1
data\val\real\000000033759.jpg,0,real,resize_0.5x,0.079220,0,1
data\val\real\000000033854.jpg,0,real,resize_0.5x,0.071484,0,1
data\val\real\000000034071.jpg,0,real,resize_0.5x,0.808498,1,0
data\val\real\000000034139.jpg,0,real,resize_0.5x,0.113324,0,1
data\val\real\000000034205.jpg,0,real,resize_0.5x,0.359745,0,1
data\val\real\000000034257.jpg,0,real,resize_0.5x,0.402454,0,1
data\val\real\000000034417.jpg,0,real,resize_0.5x,0.110545,0,1
data\val\real\000000034452.jpg,0,real,resize_0.5x,0.006496,0,1
data\val\real\000000034760.jpg,0,real,resize_0.5x,0.194976,0,1
data\val\real\000000034873.jpg,0,real,resize_0.5x,0.277081,0,1
data\val\real\000000035062.jpg,0,real,resize_0.5x,0.026380,0,1
data\val\real\000000035197.jpg,0,real,resize_0.5x,0.426765,0,1
data\val\real\000000035279.jpg,0,real,resize_0.5x,0.501165,1,0
data\val\real\000000035326.jpg,0,real,resize_0.5x,0.260264,0,1
data\val\real\000000035682.jpg,0,real,resize_0.5x,0.032485,0,1
data\val\real\000000035770.jpg,0,real,resize_0.5x,0.151290,0,1
data\val\real\000000035963.jpg,0,real,resize_0.5x,0.002166,0,1
data\val\real\000000036494.jpg,0,real,resize_0.5x,0.533109,1,0
data\val\real\000000036539.jpg,0,real,resize_0.5x,0.004203,0,1
data\val\real\000000036660.jpg,0,real,resize_0.5x,0.113088,0,1
data\val\real\000000036678.jpg,0,real,resize_0.5x,0.026923,0,1
data\val\real\000000036844.jpg,0,real,resize_0.5x,0.290589,0,1
data\val\real\000000036861.jpg,0,real,resize_0.5x,0.345012,0,1
data\val\real\000000036936.jpg,0,real,resize_0.5x,0.002761,0,1
data\val\real\000000037670.jpg,0,real,resize_0.5x,0.602535,1,0
data\val\real\000000037689.jpg,0,real,resize_0.5x,0.086534,0,1
data\val\real\000000037740.jpg,0,real,resize_0.5x,0.744985,1,0
data\val\real\000000037751.jpg,0,real,resize_0.5x,0.083940,0,1
data\val\real\000000037777.jpg,0,real,resize_0.5x,0.417699,0,1
data\val\real\000000037988.jpg,0,real,resize_0.5x,0.036784,0,1
data\val\real\000000038048.jpg,0,real,resize_0.5x,0.024743,0,1
data\val\real\000000038070.jpg,0,real,resize_0.5x,0.221223,0,1
data\val\real\000000038118.jpg,0,real,resize_0.5x,0.448420,0,1
data\val\real\000000038210.jpg,0,real,resize_0.5x,0.122100,0,1
data\val\real\000000038576.jpg,0,real,resize_0.5x,0.923394,1,0
data\val\real\000000038678.jpg,0,real,resize_0.5x,0.001176,0,1
data\val\real\000000038825.jpg,0,real,resize_0.5x,0.146878,0,1
data\val\real\000000038829.jpg,0,real,resize_0.5x,0.026803,0,1
data\val\real\000000039405.jpg,0,real,resize_0.5x,0.052000,0,1
data\val\real\000000039477.jpg,0,real,resize_0.5x,0.624384,1,0
data\val\real\000000039480.jpg,0,real,resize_0.5x,0.200367,0,1
data\val\real\000000039484.jpg,0,real,resize_0.5x,0.386239,0,1
data\val\real\000000039551.jpg,0,real,resize_0.5x,0.872897,1,0
data\val\real\000000039670.jpg,0,real,resize_0.5x,0.335402,0,1
data\val\real\000000039769.jpg,0,real,resize_0.5x,0.010101,0,1
data\val\real\000000039785.jpg,0,real,resize_0.5x,0.068886,0,1
data\val\real\000000039914.jpg,0,real,resize_0.5x,0.010570,0,1
data\val\real\000000039951.jpg,0,real,resize_0.5x,0.094563,0,1
data\val\real\000000039956.jpg,0,real,resize_0.5x,0.824805,1,0
data\val\real\000000040036.jpg,0,real,resize_0.5x,0.118589,0,1
data\val\real\000000040083.jpg,0,real,resize_0.5x,0.024806,0,1
data\val\real\000000040471.jpg,0,real,resize_0.5x,0.102186,0,1
data\val\real\000000040757.jpg,0,real,resize_0.5x,0.006645,0,1
data\val\real\000000041488.jpg,0,real,resize_0.5x,0.347098,0,1
data\val\real\000000041633.jpg,0,real,resize_0.5x,0.412129,0,1
data\val\real\000000041635.jpg,0,real,resize_0.5x,0.043733,0,1
data\val\real\000000041872.jpg,0,real,resize_0.5x,0.747824,1,0
data\val\real\000000041888.jpg,0,real,resize_0.5x,0.025215,0,1
data\val\real\000000041990.jpg,0,real,resize_0.5x,0.004899,0,1
data\val\real\000000042070.jpg,0,real,resize_0.5x,0.385824,0,1
data\val\real\000000042102.jpg,0,real,resize_0.5x,0.008002,0,1
data\val\real\000000042178.jpg,0,real,resize_0.5x,0.890091,1,0
data\val\real\000000042276.jpg,0,real,resize_0.5x,0.032306,0,1
data\val\real\000000042296.jpg,0,real,resize_0.5x,0.022340,0,1
data\val\real\000000042528.jpg,0,real,resize_0.5x,0.004093,0,1
data\val\real\000000042563.jpg,0,real,resize_0.5x,0.229698,0,1
data\val\real\000000042628.jpg,0,real,resize_0.5x,0.082726,0,1
data\val\real\000000042888.jpg,0,real,resize_0.5x,0.025027,0,1
data\val\real\000000042889.jpg,0,real,resize_0.5x,0.003042,0,1
data\val\real\000000043314.jpg,0,real,resize_0.5x,0.115204,0,1
data\val\real\000000043435.jpg,0,real,resize_0.5x,0.236462,0,1
data\val\real\000000043581.jpg,0,real,resize_0.5x,0.202173,0,1
data\val\real\000000043737.jpg,0,real,resize_0.5x,0.296625,0,1
data\val\real\000000043816.jpg,0,real,resize_0.5x,0.043940,0,1
data\val\real\000000044068.jpg,0,real,resize_0.5x,0.013710,0,1
data\val\real\000000044195.jpg,0,real,resize_0.5x,0.068475,0,1
data\val\real\000000044260.jpg,0,real,resize_0.5x,0.777529,1,0
data\val\real\000000044279.jpg,0,real,resize_0.5x,0.252423,0,1
data\val\real\000000044590.jpg,0,real,resize_0.5x,0.102944,0,1
data\val\real\000000044652.jpg,0,real,resize_0.5x,0.066316,0,1
data\val\real\000000044699.jpg,0,real,resize_0.5x,0.188123,0,1
data\val\real\000000044877.jpg,0,real,resize_0.5x,0.134414,0,1
data\val\real\000000045070.jpg,0,real,resize_0.5x,0.093905,0,1
data\val\real\000000045090.jpg,0,real,resize_0.5x,0.104784,0,1
data\val\real\000000045229.jpg,0,real,resize_0.5x,0.974861,1,0
data\val\real\000000045472.jpg,0,real,resize_0.5x,0.042683,0,1
data\val\real\000000045550.jpg,0,real,resize_0.5x,0.003681,0,1
data\val\real\000000045596.jpg,0,real,resize_0.5x,0.416943,0,1
data\val\real\000000045728.jpg,0,real,resize_0.5x,0.078614,0,1
data\val\real\000000046031.jpg,0,real,resize_0.5x,0.250151,0,1
data\val\real\000000046048.jpg,0,real,resize_0.5x,0.032139,0,1
data\val\real\000000046252.jpg,0,real,resize_0.5x,0.622247,1,0
data\val\real\000000046378.jpg,0,real,resize_0.5x,0.004368,0,1
data\val\real\000000046463.jpg,0,real,resize_0.5x,0.018797,0,1
data\val\real\000000046497.jpg,0,real,resize_0.5x,0.002208,0,1
data\val\real\000000046804.jpg,0,real,resize_0.5x,0.037666,0,1
data\val\real\000000046872.jpg,0,real,resize_0.5x,0.734333,1,0
data\val\real\000000047010.jpg,0,real,resize_0.5x,0.235476,0,1
data\val\real\000000047112.jpg,0,real,resize_0.5x,0.228629,0,1
data\val\real\000000047121.jpg,0,real,resize_0.5x,0.007136,0,1
data\val\real\000000047571.jpg,0,real,resize_0.5x,0.248046,0,1
data\val\real\000000047585.jpg,0,real,resize_0.5x,0.003698,0,1
data\val\real\000000047740.jpg,0,real,resize_0.5x,0.002217,0,1
data\val\real\000000047769.jpg,0,real,resize_0.5x,0.405679,0,1
data\val\real\000000047801.jpg,0,real,resize_0.5x,0.010922,0,1
data\val\real\000000047819.jpg,0,real,resize_0.5x,0.004319,0,1
data\val\real\000000047828.jpg,0,real,resize_0.5x,0.405040,0,1
data\val\real\000000048153.jpg,0,real,resize_0.5x,0.044040,0,1
data\val\real\000000048396.jpg,0,real,resize_0.5x,0.001023,0,1
data\val\real\000000048504.jpg,0,real,resize_0.5x,0.495885,0,1
data\val\real\000000048555.jpg,0,real,resize_0.5x,0.397394,0,1
data\val\real\000000048564.jpg,0,real,resize_0.5x,0.010005,0,1
data\val\real\000000048924.jpg,0,real,resize_0.5x,0.985450,1,0
data\val\real\000000049060.jpg,0,real,resize_0.5x,0.004393,0,1
data\val\real\000000049091.jpg,0,real,resize_0.5x,0.143774,0,1
data\val\real\000000049259.jpg,0,real,resize_0.5x,0.071320,0,1
data\val\real\000000049269.jpg,0,real,resize_0.5x,0.150358,0,1
data\val\real\000000049759.jpg,0,real,resize_0.5x,0.576733,1,0
data\val\real\000000049761.jpg,0,real,resize_0.5x,0.027980,0,1
data\val\real\000000049810.jpg,0,real,resize_0.5x,0.157078,0,1
data\val\real\000000050006.jpg,0,real,resize_0.5x,0.301531,0,1
data\val\real\000000050145.jpg,0,real,resize_0.5x,0.003727,0,1
data\val\real\000000050149.jpg,0,real,resize_0.5x,0.043430,0,1
data\val\real\000000050165.jpg,0,real,resize_0.5x,0.679113,1,0
data\val\real\000000050326.jpg,0,real,resize_0.5x,0.002443,0,1
data\val\real\000000050331.jpg,0,real,resize_0.5x,0.067179,0,1
data\val\real\000000050380.jpg,0,real,resize_0.5x,0.043869,0,1
data\val\real\000000050638.jpg,0,real,resize_0.5x,0.762918,1,0
data\val\real\000000050679.jpg,0,real,resize_0.5x,0.853987,1,0
data\val\real\000000050811.jpg,0,real,resize_0.5x,0.001859,0,1
data\val\real\000000050828.jpg,0,real,resize_0.5x,0.291049,0,1
data\val\real\000000050844.jpg,0,real,resize_0.5x,0.017040,0,1
data\val\real\000000050896.jpg,0,real,resize_0.5x,0.204374,0,1
data\val\real\000000050943.jpg,0,real,resize_0.5x,0.112173,0,1
data\val\real\000000051008.jpg,0,real,resize_0.5x,0.005097,0,1
data\val\real\000000051309.jpg,0,real,resize_0.5x,0.165680,0,1
data\val\real\000000051314.jpg,0,real,resize_0.5x,0.082456,0,1
data\val\real\000000051326.jpg,0,real,resize_0.5x,0.025866,0,1
data\val\real\000000051598.jpg,0,real,resize_0.5x,0.035900,0,1
data\val\real\000000051610.jpg,0,real,resize_0.5x,0.366691,0,1
data\val\real\000000051712.jpg,0,real,resize_0.5x,0.248492,0,1
data\val\real\000000051738.jpg,0,real,resize_0.5x,0.222377,0,1
data\val\real\000000051938.jpg,0,real,resize_0.5x,0.035369,0,1
data\val\real\000000051961.jpg,0,real,resize_0.5x,0.133048,0,1
data\val\real\000000051976.jpg,0,real,resize_0.5x,0.271474,0,1
data\val\real\000000052007.jpg,0,real,resize_0.5x,0.177123,0,1
data\val\real\000000052017.jpg,0,real,resize_0.5x,0.192540,0,1
data\val\real\000000052412.jpg,0,real,resize_0.5x,0.482227,0,1
data\val\real\000000052413.jpg,0,real,resize_0.5x,0.003066,0,1
data\val\real\000000052462.jpg,0,real,resize_0.5x,0.364932,0,1
data\val\real\000000052507.jpg,0,real,resize_0.5x,0.066780,0,1
data\val\real\000000052565.jpg,0,real,resize_0.5x,0.240257,0,1
data\val\real\000000052591.jpg,0,real,resize_0.5x,0.094637,0,1
data\val\real\000000052891.jpg,0,real,resize_0.5x,0.071561,0,1
data\val\real\000000052996.jpg,0,real,resize_0.5x,0.031978,0,1
data\val\real\000000053505.jpg,0,real,resize_0.5x,0.211252,0,1
data\val\real\000000053529.jpg,0,real,resize_0.5x,0.024370,0,1
data\val\real\000000053624.jpg,0,real,resize_0.5x,0.054044,0,1
data\val\real\000000053626.jpg,0,real,resize_0.5x,0.003074,0,1
data\val\real\000000053909.jpg,0,real,resize_0.5x,0.098218,0,1
data\val\real\000000053994.jpg,0,real,resize_0.5x,0.542451,1,0
data\val\real\000000054123.jpg,0,real,resize_0.5x,0.277182,0,1
data\val\real\000000054164.jpg,0,real,resize_0.5x,0.298071,0,1
data\val\real\000000054592.jpg,0,real,resize_0.5x,0.143462,0,1
data\val\real\000000054593.jpg,0,real,resize_0.5x,0.138856,0,1
data\val\real\000000054605.jpg,0,real,resize_0.5x,0.048621,0,1
data\val\real\000000054628.jpg,0,real,resize_0.5x,0.013723,0,1
data\val\real\000000054654.jpg,0,real,resize_0.5x,0.005075,0,1
data\val\real\000000054931.jpg,0,real,resize_0.5x,0.688165,1,0
data\val\real\000000054967.jpg,0,real,resize_0.5x,0.661561,1,0
data\val\real\000000055002.jpg,0,real,resize_0.5x,0.103087,0,1
data\val\real\000000055022.jpg,0,real,resize_0.5x,0.086228,0,1
data\val\real\000000055072.jpg,0,real,resize_0.5x,0.258286,0,1
data\val\real\000000055150.jpg,0,real,resize_0.5x,0.042801,0,1
data\val\real\000000055167.jpg,0,real,resize_0.5x,0.009288,0,1
data\val\real\000000055299.jpg,0,real,resize_0.5x,0.194697,0,1
data\val\real\000000055528.jpg,0,real,resize_0.5x,0.005723,0,1
data\val\real\000000055950.jpg,0,real,resize_0.5x,0.061782,0,1
data\val\real\000000056127.jpg,0,real,resize_0.5x,0.486183,0,1
data\val\real\000000056288.jpg,0,real,resize_0.5x,0.107715,0,1
data\val\real\000000056344.jpg,0,real,resize_0.5x,0.457431,0,1
data\val\real\000000056350.jpg,0,real,resize_0.5x,0.288584,0,1
data\val\real\000000056545.jpg,0,real,resize_0.5x,0.010820,0,1
data\val\ai\ai_000001.png,1,ai,resize_0.5x,0.991793,1,1
data\val\ai\ai_000002.png,1,ai,resize_0.5x,0.994273,1,1
data\val\ai\ai_000003.png,1,ai,resize_0.5x,0.979375,1,1
data\val\ai\ai_000004.png,1,ai,resize_0.5x,0.969843,1,1
data\val\ai\ai_000005.png,1,ai,resize_0.5x,0.997164,1,1
data\val\ai\ai_000006.png,1,ai,resize_0.5x,0.964310,1,1
data\val\ai\ai_000007.png,1,ai,resize_0.5x,0.992752,1,1
data\val\ai\ai_000008.png,1,ai,resize_0.5x,0.940600,1,1
data\val\ai\ai_000009.png,1,ai,resize_0.5x,0.961296,1,1
data\val\ai\ai_000010.png,1,ai,resize_0.5x,0.981167,1,1
data\val\ai\ai_000011.png,1,ai,resize_0.5x,0.993137,1,1
data\val\ai\ai_000012.png,1,ai,resize_0.5x,0.985808,1,1
data\val\ai\ai_000013.png,1,ai,resize_0.5x,0.997949,1,1
data\val\ai\ai_000014.png,1,ai,resize_0.5x,0.997496,1,1
data\val\ai\ai_000015.png,1,ai,resize_0.5x,0.996954,1,1
data\val\ai\ai_000016.png,1,ai,resize_0.5x,0.971302,1,1
data\val\ai\ai_000017.png,1,ai,resize_0.5x,0.968650,1,1
data\val\ai\ai_000018.png,1,ai,resize_0.5x,0.995675,1,1
data\val\ai\ai_000019.png,1,ai,resize_0.5x,0.809564,1,1
data\val\ai\ai_000020.png,1,ai,resize_0.5x,0.964714,1,1
data\val\ai\ai_000021.png,1,ai,resize_0.5x,0.999182,1,1
data\val\ai\ai_000022.png,1,ai,resize_0.5x,0.862651,1,1
data\val\ai\ai_000023.png,1,ai,resize_0.5x,0.987311,1,1
data\val\ai\ai_000024.png,1,ai,resize_0.5x,0.945156,1,1
data\val\ai\ai_000025.png,1,ai,resize_0.5x,0.987981,1,1
data\val\ai\ai_000026.png,1,ai,resize_0.5x,0.870970,1,1
data\val\ai\ai_000027.png,1,ai,resize_0.5x,0.989199,1,1
data\val\ai\ai_000028.png,1,ai,resize_0.5x,0.989391,1,1
data\val\ai\ai_000029.png,1,ai,resize_0.5x,0.997791,1,1
data\val\ai\ai_000030.png,1,ai,resize_0.5x,0.811503,1,1
data\val\ai\ai_000031.png,1,ai,resize_0.5x,0.936011,1,1
data\val\ai\ai_000032.png,1,ai,resize_0.5x,0.983249,1,1
data\val\ai\ai_000033.png,1,ai,resize_0.5x,0.995504,1,1
data\val\ai\ai_000034.png,1,ai,resize_0.5x,0.997375,1,1
data\val\ai\ai_000035.png,1,ai,resize_0.5x,0.998186,1,1
data\val\ai\ai_000036.png,1,ai,resize_0.5x,0.996588,1,1
data\val\ai\ai_000037.png,1,ai,resize_0.5x,0.991875,1,1
data\val\ai\ai_000038.png,1,ai,resize_0.5x,0.962297,1,1
data\val\ai\ai_000039.png,1,ai,resize_0.5x,0.995064,1,1
data\val\ai\ai_000040.png,1,ai,resize_0.5x,0.701962,1,1
data\val\ai\ai_000041.png,1,ai,resize_0.5x,0.999801,1,1
data\val\ai\ai_000042.png,1,ai,resize_0.5x,0.999421,1,1
data\val\ai\ai_000043.png,1,ai,resize_0.5x,0.999843,1,1
data\val\ai\ai_000044.png,1,ai,resize_0.5x,0.887207,1,1
data\val\ai\ai_000045.png,1,ai,resize_0.5x,0.999309,1,1
data\val\ai\ai_000046.png,1,ai,resize_0.5x,0.877614,1,1
data\val\ai\ai_000047.png,1,ai,resize_0.5x,0.969646,1,1
data\val\ai\ai_000048.png,1,ai,resize_0.5x,0.960324,1,1
data\val\ai\ai_000049.png,1,ai,resize_0.5x,0.990252,1,1
data\val\ai\ai_000050.png,1,ai,resize_0.5x,0.987350,1,1
data\val\ai\ai_000051.png,1,ai,resize_0.5x,0.994951,1,1
data\val\ai\ai_000052.png,1,ai,resize_0.5x,0.998416,1,1
data\val\ai\ai_000053.png,1,ai,resize_0.5x,0.997070,1,1
data\val\ai\ai_000054.png,1,ai,resize_0.5x,0.997545,1,1
data\val\ai\ai_000055.png,1,ai,resize_0.5x,0.878010,1,1
data\val\ai\ai_000056.png,1,ai,resize_0.5x,0.902328,1,1
data\val\ai\ai_000057.png,1,ai,resize_0.5x,0.947962,1,1
data\val\ai\ai_000058.png,1,ai,resize_0.5x,0.208384,0,0
data\val\ai\ai_000059.png,1,ai,resize_0.5x,0.982459,1,1
data\val\ai\ai_000060.png,1,ai,resize_0.5x,0.910198,1,1
data\val\ai\ai_000061.png,1,ai,resize_0.5x,0.989212,1,1
data\val\ai\ai_000062.png,1,ai,resize_0.5x,0.995437,1,1
data\val\ai\ai_000063.png,1,ai,resize_0.5x,0.996695,1,1
data\val\ai\ai_000064.png,1,ai,resize_0.5x,0.774329,1,1
data\val\ai\ai_000065.png,1,ai,resize_0.5x,0.980334,1,1
data\val\ai\ai_000066.png,1,ai,resize_0.5x,0.968603,1,1
data\val\ai\ai_000067.png,1,ai,resize_0.5x,0.997343,1,1
data\val\ai\ai_000068.png,1,ai,resize_0.5x,0.906042,1,1
data\val\ai\ai_000069.png,1,ai,resize_0.5x,0.998836,1,1
data\val\ai\ai_000070.png,1,ai,resize_0.5x,0.936906,1,1
data\val\ai\ai_000071.png,1,ai,resize_0.5x,0.999529,1,1
data\val\ai\ai_000072.png,1,ai,resize_0.5x,0.969215,1,1
data\val\ai\ai_000073.png,1,ai,resize_0.5x,0.998550,1,1
data\val\ai\ai_000074.png,1,ai,resize_0.5x,0.999037,1,1
data\val\ai\ai_000075.png,1,ai,resize_0.5x,0.998969,1,1
data\val\ai\ai_000076.png,1,ai,resize_0.5x,0.983840,1,1
data\val\ai\ai_000077.png,1,ai,resize_0.5x,0.995433,1,1
data\val\ai\ai_000078.png,1,ai,resize_0.5x,0.686170,1,1
data\val\ai\ai_000079.png,1,ai,resize_0.5x,0.917514,1,1
data\val\ai\ai_000080.png,1,ai,resize_0.5x,0.915072,1,1
data\val\ai\ai_000081.png,1,ai,resize_0.5x,0.997754,1,1
data\val\ai\ai_000082.png,1,ai,resize_0.5x,0.999657,1,1
data\val\ai\ai_000083.png,1,ai,resize_0.5x,0.988088,1,1
data\val\ai\ai_000084.png,1,ai,resize_0.5x,0.995155,1,1
data\val\ai\ai_000085.png,1,ai,resize_0.5x,0.989235,1,1
data\val\ai\ai_000086.png,1,ai,resize_0.5x,0.823980,1,1
data\val\ai\ai_000087.png,1,ai,resize_0.5x,0.996207,1,1
data\val\ai\ai_000088.png,1,ai,resize_0.5x,0.951891,1,1
data\val\ai\ai_000089.png,1,ai,resize_0.5x,0.972603,1,1
data\val\ai\ai_000090.png,1,ai,resize_0.5x,0.897161,1,1
data\val\ai\ai_000091.png,1,ai,resize_0.5x,0.990859,1,1
data\val\ai\ai_000092.png,1,ai,resize_0.5x,0.998318,1,1
data\val\ai\ai_000093.png,1,ai,resize_0.5x,0.991920,1,1
data\val\ai\ai_000094.png,1,ai,resize_0.5x,0.999317,1,1
data\val\ai\ai_000095.png,1,ai,resize_0.5x,0.993226,1,1
data\val\ai\ai_000096.png,1,ai,resize_0.5x,0.992825,1,1
data\val\ai\ai_000097.png,1,ai,resize_0.5x,0.788236,1,1
data\val\ai\ai_000098.png,1,ai,resize_0.5x,0.964782,1,1
data\val\ai\ai_000099.png,1,ai,resize_0.5x,0.785758,1,1
data\val\ai\ai_000100.png,1,ai,resize_0.5x,0.988491,1,1
data\val\ai\ai_000101.png,1,ai,resize_0.5x,0.997081,1,1
data\val\ai\ai_000102.png,1,ai,resize_0.5x,0.928864,1,1
data\val\ai\ai_000103.png,1,ai,resize_0.5x,0.986755,1,1
data\val\ai\ai_000104.png,1,ai,resize_0.5x,0.997504,1,1
data\val\ai\ai_000105.png,1,ai,resize_0.5x,0.651891,1,1
data\val\ai\ai_000106.png,1,ai,resize_0.5x,0.865191,1,1
data\val\ai\ai_000107.png,1,ai,resize_0.5x,0.981955,1,1
data\val\ai\ai_000108.png,1,ai,resize_0.5x,0.996583,1,1
data\val\ai\ai_000109.png,1,ai,resize_0.5x,0.999683,1,1
data\val\ai\ai_000110.png,1,ai,resize_0.5x,0.979592,1,1
data\val\ai\ai_000111.png,1,ai,resize_0.5x,0.983082,1,1
data\val\ai\ai_000112.png,1,ai,resize_0.5x,0.903442,1,1
data\val\ai\ai_000113.png,1,ai,resize_0.5x,0.991612,1,1
data\val\ai\ai_000114.png,1,ai,resize_0.5x,0.995436,1,1
data\val\ai\ai_000115.png,1,ai,resize_0.5x,0.989682,1,1
data\val\ai\ai_000116.png,1,ai,resize_0.5x,0.926875,1,1
data\val\ai\ai_000117.png,1,ai,resize_0.5x,0.994624,1,1
data\val\ai\ai_000118.png,1,ai,resize_0.5x,0.993169,1,1
data\val\ai\ai_000119.png,1,ai,resize_0.5x,0.958569,1,1
data\val\ai\ai_000120.png,1,ai,resize_0.5x,0.912689,1,1
data\val\ai\ai_000121.png,1,ai,resize_0.5x,0.999624,1,1
data\val\ai\ai_000122.png,1,ai,resize_0.5x,0.991198,1,1
data\val\ai\ai_000123.png,1,ai,resize_0.5x,0.961290,1,1
data\val\ai\ai_000124.png,1,ai,resize_0.5x,0.945417,1,1
data\val\ai\ai_000125.png,1,ai,resize_0.5x,0.999177,1,1
data\val\ai\ai_000126.png,1,ai,resize_0.5x,0.974101,1,1
data\val\ai\ai_000127.png,1,ai,resize_0.5x,0.998188,1,1
data\val\ai\ai_000128.png,1,ai,resize_0.5x,0.989944,1,1
data\val\ai\ai_000129.png,1,ai,resize_0.5x,0.994093,1,1
data\val\ai\ai_000130.png,1,ai,resize_0.5x,0.821778,1,1
data\val\ai\ai_000131.png,1,ai,resize_0.5x,0.997219,1,1
data\val\ai\ai_000132.png,1,ai,resize_0.5x,0.990521,1,1
data\val\ai\ai_000133.png,1,ai,resize_0.5x,0.998600,1,1
data\val\ai\ai_000134.png,1,ai,resize_0.5x,0.997258,1,1
data\val\ai\ai_000135.png,1,ai,resize_0.5x,0.999656,1,1
data\val\ai\ai_000136.png,1,ai,resize_0.5x,0.794155,1,1
data\val\ai\ai_000137.png,1,ai,resize_0.5x,0.919671,1,1
data\val\ai\ai_000138.png,1,ai,resize_0.5x,0.896824,1,1
data\val\ai\ai_000139.png,1,ai,resize_0.5x,0.996716,1,1
data\val\ai\ai_000140.png,1,ai,resize_0.5x,0.908727,1,1
data\val\ai\ai_000141.png,1,ai,resize_0.5x,0.999640,1,1
data\val\ai\ai_000142.png,1,ai,resize_0.5x,0.982546,1,1
data\val\ai\ai_000143.png,1,ai,resize_0.5x,0.998616,1,1
data\val\ai\ai_000144.png,1,ai,resize_0.5x,0.996890,1,1
data\val\ai\ai_000145.png,1,ai,resize_0.5x,0.994166,1,1
data\val\ai\ai_000146.png,1,ai,resize_0.5x,0.994105,1,1
data\val\ai\ai_000147.png,1,ai,resize_0.5x,0.983010,1,1
data\val\ai\ai_000148.png,1,ai,resize_0.5x,0.436634,0,0
data\val\ai\ai_000149.png,1,ai,resize_0.5x,0.998314,1,1
data\val\ai\ai_000150.png,1,ai,resize_0.5x,0.945834,1,1
data\val\ai\ai_000151.png,1,ai,resize_0.5x,0.937643,1,1
data\val\ai\ai_000152.png,1,ai,resize_0.5x,0.980246,1,1
data\val\ai\ai_000153.png,1,ai,resize_0.5x,0.999646,1,1
data\val\ai\ai_000154.png,1,ai,resize_0.5x,0.995721,1,1
data\val\ai\ai_000155.png,1,ai,resize_0.5x,0.995575,1,1
data\val\ai\ai_000156.png,1,ai,resize_0.5x,0.575545,1,1
data\val\ai\ai_000157.png,1,ai,resize_0.5x,0.988862,1,1
data\val\ai\ai_000158.png,1,ai,resize_0.5x,0.257527,0,0
data\val\ai\ai_000159.png,1,ai,resize_0.5x,0.999525,1,1
data\val\ai\ai_000160.png,1,ai,resize_0.5x,0.155920,0,0
data\val\ai\ai_000161.png,1,ai,resize_0.5x,0.996399,1,1
data\val\ai\ai_000162.png,1,ai,resize_0.5x,0.990877,1,1
data\val\ai\ai_000163.png,1,ai,resize_0.5x,0.997773,1,1
data\val\ai\ai_000164.png,1,ai,resize_0.5x,0.999490,1,1
data\val\ai\ai_000165.png,1,ai,resize_0.5x,0.999896,1,1
data\val\ai\ai_000166.png,1,ai,resize_0.5x,0.989056,1,1
data\val\ai\ai_000167.png,1,ai,resize_0.5x,0.983011,1,1
data\val\ai\ai_000168.png,1,ai,resize_0.5x,0.600505,1,1
data\val\ai\ai_000169.png,1,ai,resize_0.5x,0.995227,1,1
data\val\ai\ai_000170.png,1,ai,resize_0.5x,0.991661,1,1
data\val\ai\ai_000171.png,1,ai,resize_0.5x,0.990957,1,1
data\val\ai\ai_000172.png,1,ai,resize_0.5x,0.993002,1,1
data\val\ai\ai_000173.png,1,ai,resize_0.5x,0.988592,1,1
data\val\ai\ai_000174.png,1,ai,resize_0.5x,0.999852,1,1
data\val\ai\ai_000175.png,1,ai,resize_0.5x,0.996626,1,1
data\val\ai\ai_000176.png,1,ai,resize_0.5x,0.993513,1,1
data\val\ai\ai_000177.png,1,ai,resize_0.5x,0.993125,1,1
data\val\ai\ai_000178.png,1,ai,resize_0.5x,0.818594,1,1
data\val\ai\ai_000179.png,1,ai,resize_0.5x,0.999679,1,1
data\val\ai\ai_000180.png,1,ai,resize_0.5x,0.967571,1,1
data\val\ai\ai_000181.png,1,ai,resize_0.5x,0.992614,1,1
data\val\ai\ai_000182.png,1,ai,resize_0.5x,0.985264,1,1
data\val\ai\ai_000183.png,1,ai,resize_0.5x,0.984597,1,1
data\val\ai\ai_000184.png,1,ai,resize_0.5x,0.995316,1,1
data\val\ai\ai_000185.png,1,ai,resize_0.5x,0.991971,1,1
data\val\ai\ai_000186.png,1,ai,resize_0.5x,0.905505,1,1
data\val\ai\ai_000187.png,1,ai,resize_0.5x,0.995867,1,1
data\val\ai\ai_000188.png,1,ai,resize_0.5x,0.795897,1,1
data\val\ai\ai_000189.png,1,ai,resize_0.5x,0.997188,1,1
data\val\ai\ai_000190.png,1,ai,resize_0.5x,0.964692,1,1
data\val\ai\ai_000191.png,1,ai,resize_0.5x,0.893056,1,1
data\val\ai\ai_000192.png,1,ai,resize_0.5x,0.998251,1,1
data\val\ai\ai_000193.png,1,ai,resize_0.5x,0.999726,1,1
data\val\ai\ai_000194.png,1,ai,resize_0.5x,0.987311,1,1
data\val\ai\ai_000195.png,1,ai,resize_0.5x,0.997297,1,1
data\val\ai\ai_000196.png,1,ai,resize_0.5x,0.998213,1,1
data\val\ai\ai_000197.png,1,ai,resize_0.5x,0.963040,1,1
data\val\ai\ai_000198.png,1,ai,resize_0.5x,0.985672,1,1
data\val\ai\ai_000199.png,1,ai,resize_0.5x,0.970482,1,1
data\val\ai\ai_000200.png,1,ai,resize_0.5x,0.951289,1,1
data\val\ai\ai_000201.png,1,ai,resize_0.5x,0.979043,1,1
data\val\ai\ai_000202.png,1,ai,resize_0.5x,0.923036,1,1
data\val\ai\ai_000203.png,1,ai,resize_0.5x,0.998607,1,1
data\val\ai\ai_000204.png,1,ai,resize_0.5x,0.997859,1,1
data\val\ai\ai_000205.png,1,ai,resize_0.5x,0.976740,1,1
data\val\ai\ai_000206.png,1,ai,resize_0.5x,0.998906,1,1
data\val\ai\ai_000207.png,1,ai,resize_0.5x,0.998043,1,1
data\val\ai\ai_000208.png,1,ai,resize_0.5x,0.968185,1,1
data\val\ai\ai_000209.png,1,ai,resize_0.5x,0.997667,1,1
data\val\ai\ai_000210.png,1,ai,resize_0.5x,0.940961,1,1
data\val\ai\ai_000211.png,1,ai,resize_0.5x,0.999098,1,1
data\val\ai\ai_000212.png,1,ai,resize_0.5x,0.999619,1,1
data\val\ai\ai_000213.png,1,ai,resize_0.5x,0.987778,1,1
data\val\ai\ai_000214.png,1,ai,resize_0.5x,0.999358,1,1
data\val\ai\ai_000215.png,1,ai,resize_0.5x,0.982587,1,1
data\val\ai\ai_000216.png,1,ai,resize_0.5x,0.972568,1,1
data\val\ai\ai_000217.png,1,ai,resize_0.5x,0.962726,1,1
data\val\ai\ai_000218.png,1,ai,resize_0.5x,0.931606,1,1
data\val\ai\ai_000219.png,1,ai,resize_0.5x,0.996938,1,1
data\val\ai\ai_000220.png,1,ai,resize_0.5x,0.797309,1,1
data\val\ai\ai_000221.png,1,ai,resize_0.5x,0.995152,1,1
data\val\ai\ai_000222.png,1,ai,resize_0.5x,0.952926,1,1
data\val\ai\ai_000223.png,1,ai,resize_0.5x,0.998303,1,1
data\val\ai\ai_000224.png,1,ai,resize_0.5x,0.987085,1,1
data\val\ai\ai_000225.png,1,ai,resize_0.5x,0.994630,1,1
data\val\ai\ai_000226.png,1,ai,resize_0.5x,0.988999,1,1
data\val\ai\ai_000227.png,1,ai,resize_0.5x,0.986456,1,1
data\val\ai\ai_000228.png,1,ai,resize_0.5x,0.145067,0,0
data\val\ai\ai_000229.png,1,ai,resize_0.5x,0.993256,1,1
data\val\ai\ai_000230.png,1,ai,resize_0.5x,0.975635,1,1
data\val\ai\ai_000231.png,1,ai,resize_0.5x,0.999657,1,1
data\val\ai\ai_000232.png,1,ai,resize_0.5x,0.949424,1,1
data\val\ai\ai_000233.png,1,ai,resize_0.5x,0.991645,1,1
data\val\ai\ai_000234.png,1,ai,resize_0.5x,0.999602,1,1
data\val\ai\ai_000235.png,1,ai,resize_0.5x,0.998295,1,1
data\val\ai\ai_000236.png,1,ai,resize_0.5x,0.970107,1,1
data\val\ai\ai_000237.png,1,ai,resize_0.5x,0.956661,1,1
data\val\ai\ai_000238.png,1,ai,resize_0.5x,0.921530,1,1
data\val\ai\ai_000239.png,1,ai,resize_0.5x,0.883564,1,1
data\val\ai\ai_000240.png,1,ai,resize_0.5x,0.881500,1,1
data\val\ai\ai_000241.png,1,ai,resize_0.5x,0.984710,1,1
data\val\ai\ai_000242.png,1,ai,resize_0.5x,0.999352,1,1
data\val\ai\ai_000243.png,1,ai,resize_0.5x,0.992811,1,1
data\val\ai\ai_000244.png,1,ai,resize_0.5x,0.998681,1,1
data\val\ai\ai_000245.png,1,ai,resize_0.5x,0.943991,1,1
data\val\ai\ai_000246.png,1,ai,resize_0.5x,0.998898,1,1
data\val\ai\ai_000247.png,1,ai,resize_0.5x,0.934960,1,1
data\val\ai\ai_000248.png,1,ai,resize_0.5x,0.993565,1,1
data\val\ai\ai_000249.png,1,ai,resize_0.5x,0.999175,1,1
data\val\ai\ai_000250.png,1,ai,resize_0.5x,0.670042,1,1
data\val\ai\ai_000251.png,1,ai,resize_0.5x,0.978337,1,1
data\val\ai\ai_000252.png,1,ai,resize_0.5x,0.997022,1,1
data\val\ai\ai_000253.png,1,ai,resize_0.5x,0.996831,1,1
data\val\ai\ai_000254.png,1,ai,resize_0.5x,0.980232,1,1
data\val\ai\ai_000255.png,1,ai,resize_0.5x,0.845365,1,1
data\val\ai\ai_000256.png,1,ai,resize_0.5x,0.638645,1,1
data\val\ai\ai_000257.png,1,ai,resize_0.5x,0.989032,1,1
data\val\ai\ai_000258.png,1,ai,resize_0.5x,0.889860,1,1
data\val\ai\ai_000259.png,1,ai,resize_0.5x,0.998955,1,1
data\val\ai\ai_000260.png,1,ai,resize_0.5x,0.711992,1,1
data\val\ai\ai_000261.png,1,ai,resize_0.5x,0.993621,1,1
data\val\ai\ai_000262.png,1,ai,resize_0.5x,0.998181,1,1
data\val\ai\ai_000263.png,1,ai,resize_0.5x,0.993745,1,1
data\val\ai\ai_000264.png,1,ai,resize_0.5x,0.999846,1,1
data\val\ai\ai_000265.png,1,ai,resize_0.5x,0.989571,1,1
data\val\ai\ai_000266.png,1,ai,resize_0.5x,0.975185,1,1
data\val\ai\ai_000267.png,1,ai,resize_0.5x,0.997030,1,1
data\val\ai\ai_000268.png,1,ai,resize_0.5x,0.958129,1,1
data\val\ai\ai_000269.png,1,ai,resize_0.5x,0.997910,1,1
data\val\ai\ai_000270.png,1,ai,resize_0.5x,0.875512,1,1
data\val\ai\ai_000271.png,1,ai,resize_0.5x,0.987982,1,1
data\val\ai\ai_000272.png,1,ai,resize_0.5x,0.997669,1,1
data\val\ai\ai_000273.png,1,ai,resize_0.5x,0.998628,1,1
data\val\ai\ai_000274.png,1,ai,resize_0.5x,0.996495,1,1
data\val\ai\ai_000275.png,1,ai,resize_0.5x,0.998010,1,1
data\val\ai\ai_000276.png,1,ai,resize_0.5x,0.995622,1,1
data\val\ai\ai_000277.png,1,ai,resize_0.5x,0.988932,1,1
data\val\ai\ai_000278.png,1,ai,resize_0.5x,0.992641,1,1
data\val\ai\ai_000279.png,1,ai,resize_0.5x,0.988513,1,1
data\val\ai\ai_000280.png,1,ai,resize_0.5x,0.889958,1,1
data\val\ai\ai_000281.png,1,ai,resize_0.5x,0.982297,1,1
data\val\ai\ai_000282.png,1,ai,resize_0.5x,0.941236,1,1
data\val\ai\ai_000283.png,1,ai,resize_0.5x,0.998783,1,1
data\val\ai\ai_000284.png,1,ai,resize_0.5x,0.989946,1,1
data\val\ai\ai_000285.png,1,ai,resize_0.5x,0.996454,1,1
data\val\ai\ai_000286.png,1,ai,resize_0.5x,0.992487,1,1
data\val\ai\ai_000287.png,1,ai,resize_0.5x,0.973814,1,1
data\val\ai\ai_000288.png,1,ai,resize_0.5x,0.293676,0,0
data\val\ai\ai_000289.png,1,ai,resize_0.5x,0.995511,1,1
data\val\ai\ai_000290.png,1,ai,resize_0.5x,0.683377,1,1
data\val\ai\ai_000291.png,1,ai,resize_0.5x,0.998198,1,1
data\val\ai\ai_000292.png,1,ai,resize_0.5x,0.995914,1,1
data\val\ai\ai_000293.png,1,ai,resize_0.5x,0.558278,1,1
data\val\ai\ai_000294.png,1,ai,resize_0.5x,0.996628,1,1
data\val\ai\ai_000295.png,1,ai,resize_0.5x,0.994895,1,1
data\val\ai\ai_000296.png,1,ai,resize_0.5x,0.999081,1,1
data\val\ai\ai_000297.png,1,ai,resize_0.5x,0.998025,1,1
data\val\ai\ai_000298.png,1,ai,resize_0.5x,0.989022,1,1
data\val\ai\ai_000299.png,1,ai,resize_0.5x,0.985515,1,1
data\val\ai\ai_000300.png,1,ai,resize_0.5x,0.655177,1,1
data\val\ai\ai_000301.png,1,ai,resize_0.5x,0.968224,1,1
data\val\ai\ai_000302.png,1,ai,resize_0.5x,0.814799,1,1
data\val\ai\ai_000303.png,1,ai,resize_0.5x,0.982018,1,1
data\val\ai\ai_000304.png,1,ai,resize_0.5x,0.996260,1,1
data\val\ai\ai_000305.png,1,ai,resize_0.5x,0.970035,1,1
data\val\ai\ai_000306.png,1,ai,resize_0.5x,0.993358,1,1
data\val\ai\ai_000307.png,1,ai,resize_0.5x,0.971198,1,1
data\val\ai\ai_000308.png,1,ai,resize_0.5x,0.885246,1,1
data\val\ai\ai_000309.png,1,ai,resize_0.5x,0.951343,1,1
data\val\ai\ai_000310.png,1,ai,resize_0.5x,0.948613,1,1
data\val\ai\ai_000311.png,1,ai,resize_0.5x,0.971885,1,1
data\val\ai\ai_000312.png,1,ai,resize_0.5x,0.966528,1,1
data\val\ai\ai_000313.png,1,ai,resize_0.5x,0.806534,1,1
data\val\ai\ai_000314.png,1,ai,resize_0.5x,0.999109,1,1
data\val\ai\ai_000315.png,1,ai,resize_0.5x,0.994940,1,1
data\val\ai\ai_000316.png,1,ai,resize_0.5x,0.995214,1,1
data\val\ai\ai_000317.png,1,ai,resize_0.5x,0.999495,1,1
data\val\ai\ai_000318.png,1,ai,resize_0.5x,0.159332,0,0
data\val\ai\ai_000319.png,1,ai,resize_0.5x,0.942243,1,1
data\val\ai\ai_000320.png,1,ai,resize_0.5x,0.985517,1,1
data\val\ai\ai_000321.png,1,ai,resize_0.5x,0.995912,1,1
data\val\ai\ai_000322.png,1,ai,resize_0.5x,0.960285,1,1
data\val\ai\ai_000323.png,1,ai,resize_0.5x,0.998586,1,1
data\val\ai\ai_000324.png,1,ai,resize_0.5x,0.999529,1,1
data\val\ai\ai_000325.png,1,ai,resize_0.5x,0.993766,1,1
data\val\ai\ai_000326.png,1,ai,resize_0.5x,0.997547,1,1
data\val\ai\ai_000327.png,1,ai,resize_0.5x,0.999583,1,1
data\val\ai\ai_000328.png,1,ai,resize_0.5x,0.935334,1,1
data\val\ai\ai_000329.png,1,ai,resize_0.5x,0.975195,1,1
data\val\ai\ai_000330.png,1,ai,resize_0.5x,0.966537,1,1
data\val\ai\ai_000331.png,1,ai,resize_0.5x,0.991712,1,1
data\val\ai\ai_000332.png,1,ai,resize_0.5x,0.873500,1,1
data\val\ai\ai_000333.png,1,ai,resize_0.5x,0.996993,1,1
data\val\ai\ai_000334.png,1,ai,resize_0.5x,0.987642,1,1
data\val\ai\ai_000335.png,1,ai,resize_0.5x,0.998312,1,1
data\val\ai\ai_000336.png,1,ai,resize_0.5x,0.835360,1,1
data\val\ai\ai_000337.png,1,ai,resize_0.5x,0.998482,1,1
data\val\ai\ai_000338.png,1,ai,resize_0.5x,0.420585,0,0
data\val\ai\ai_000339.png,1,ai,resize_0.5x,0.999101,1,1
data\val\ai\ai_000340.png,1,ai,resize_0.5x,0.970546,1,1
data\val\ai\ai_000341.png,1,ai,resize_0.5x,0.991753,1,1
data\val\ai\ai_000342.png,1,ai,resize_0.5x,0.668798,1,1
data\val\ai\ai_000343.png,1,ai,resize_0.5x,0.999141,1,1
data\val\ai\ai_000344.png,1,ai,resize_0.5x,0.994537,1,1
data\val\ai\ai_000345.png,1,ai,resize_0.5x,0.988782,1,1
data\val\ai\ai_000346.png,1,ai,resize_0.5x,0.998836,1,1
data\val\ai\ai_000347.png,1,ai,resize_0.5x,0.982537,1,1
data\val\ai\ai_000348.png,1,ai,resize_0.5x,0.980334,1,1
data\val\ai\ai_000349.png,1,ai,resize_0.5x,0.999262,1,1
data\val\ai\ai_000350.png,1,ai,resize_0.5x,0.846792,1,1
data\val\ai\ai_000351.png,1,ai,resize_0.5x,0.991158,1,1
data\val\ai\ai_000352.png,1,ai,resize_0.5x,0.940630,1,1
data\val\ai\ai_000353.png,1,ai,resize_0.5x,0.975605,1,1
data\val\ai\ai_000354.png,1,ai,resize_0.5x,0.999316,1,1
data\val\ai\ai_000355.png,1,ai,resize_0.5x,0.993497,1,1
data\val\ai\ai_000356.png,1,ai,resize_0.5x,0.934599,1,1
data\val\ai\ai_000357.png,1,ai,resize_0.5x,0.991431,1,1
data\val\ai\ai_000358.png,1,ai,resize_0.5x,0.273121,0,0
data\val\ai\ai_000359.png,1,ai,resize_0.5x,0.996662,1,1
data\val\ai\ai_000360.png,1,ai,resize_0.5x,0.957412,1,1
data\val\ai\ai_000361.png,1,ai,resize_0.5x,0.996035,1,1
data\val\ai\ai_000362.png,1,ai,resize_0.5x,0.909265,1,1
data\val\ai\ai_000363.png,1,ai,resize_0.5x,0.998406,1,1
data\val\ai\ai_000364.png,1,ai,resize_0.5x,0.999593,1,1
data\val\ai\ai_000365.png,1,ai,resize_0.5x,0.836794,1,1
data\val\ai\ai_000366.png,1,ai,resize_0.5x,0.943283,1,1
data\val\ai\ai_000367.png,1,ai,resize_0.5x,0.990940,1,1
data\val\ai\ai_000368.png,1,ai,resize_0.5x,0.413057,0,0
data\val\ai\ai_000369.png,1,ai,resize_0.5x,0.997518,1,1
data\val\ai\ai_000370.png,1,ai,resize_0.5x,0.580204,1,1
data\val\ai\ai_000371.png,1,ai,resize_0.5x,0.984511,1,1
data\val\ai\ai_000372.png,1,ai,resize_0.5x,0.966826,1,1
data\val\ai\ai_000373.png,1,ai,resize_0.5x,0.978218,1,1
data\val\ai\ai_000374.png,1,ai,resize_0.5x,0.999291,1,1
data\val\ai\ai_000375.png,1,ai,resize_0.5x,0.996469,1,1
data\val\ai\ai_000376.png,1,ai,resize_0.5x,0.753306,1,1
data\val\ai\ai_000377.png,1,ai,resize_0.5x,0.975947,1,1
data\val\ai\ai_000378.png,1,ai,resize_0.5x,0.997006,1,1
data\val\ai\ai_000379.png,1,ai,resize_0.5x,0.963004,1,1
data\val\ai\ai_000380.png,1,ai,resize_0.5x,0.892193,1,1
data\val\ai\ai_000381.png,1,ai,resize_0.5x,0.961979,1,1
data\val\ai\ai_000382.png,1,ai,resize_0.5x,0.778639,1,1
data\val\ai\ai_000383.png,1,ai,resize_0.5x,0.989341,1,1
data\val\ai\ai_000384.png,1,ai,resize_0.5x,0.950457,1,1
data\val\ai\ai_000385.png,1,ai,resize_0.5x,0.995905,1,1
data\val\ai\ai_000386.png,1,ai,resize_0.5x,0.978461,1,1
data\val\ai\ai_000387.png,1,ai,resize_0.5x,0.999218,1,1
data\val\ai\ai_000388.png,1,ai,resize_0.5x,0.998191,1,1
data\val\ai\ai_000389.png,1,ai,resize_0.5x,0.974481,1,1
data\val\ai\ai_000390.png,1,ai,resize_0.5x,0.995665,1,1
data\val\ai\ai_000391.png,1,ai,resize_0.5x,0.968834,1,1
data\val\ai\ai_000392.png,1,ai,resize_0.5x,0.918724,1,1
data\val\ai\ai_000393.png,1,ai,resize_0.5x,0.997344,1,1
data\val\ai\ai_000394.png,1,ai,resize_0.5x,0.998242,1,1
data\val\ai\ai_000395.png,1,ai,resize_0.5x,0.989487,1,1
data\val\ai\ai_000396.png,1,ai,resize_0.5x,0.985710,1,1
data\val\ai\ai_000397.png,1,ai,resize_0.5x,0.996661,1,1
data\val\ai\ai_000398.png,1,ai,resize_0.5x,0.856663,1,1
data\val\ai\ai_000399.png,1,ai,resize_0.5x,0.988855,1,1
data\val\ai\ai_000400.png,1,ai,resize_0.5x,0.720687,1,1
data\val\ai\ai_000401.png,1,ai,resize_0.5x,0.997736,1,1
data\val\ai\ai_000402.png,1,ai,resize_0.5x,0.992988,1,1
data\val\ai\ai_000403.png,1,ai,resize_0.5x,0.994009,1,1
data\val\ai\ai_000404.png,1,ai,resize_0.5x,0.989547,1,1
data\val\ai\ai_000405.png,1,ai,resize_0.5x,0.999218,1,1
data\val\ai\ai_000406.png,1,ai,resize_0.5x,0.999264,1,1
data\val\ai\ai_000407.png,1,ai,resize_0.5x,0.932557,1,1
data\val\ai\ai_000408.png,1,ai,resize_0.5x,0.994382,1,1
data\val\ai\ai_000409.png,1,ai,resize_0.5x,0.985287,1,1
data\val\ai\ai_000410.png,1,ai,resize_0.5x,0.937136,1,1
data\val\ai\ai_000411.png,1,ai,resize_0.5x,0.997860,1,1
data\val\ai\ai_000412.png,1,ai,resize_0.5x,0.998072,1,1
data\val\ai\ai_000413.png,1,ai,resize_0.5x,0.991099,1,1
data\val\ai\ai_000414.png,1,ai,resize_0.5x,0.999910,1,1
data\val\ai\ai_000415.png,1,ai,resize_0.5x,0.997262,1,1
data\val\ai\ai_000416.png,1,ai,resize_0.5x,0.934735,1,1
data\val\ai\ai_000417.png,1,ai,resize_0.5x,0.993182,1,1
data\val\ai\ai_000418.png,1,ai,resize_0.5x,0.261400,0,0
data\val\ai\ai_000419.png,1,ai,resize_0.5x,0.971391,1,1
data\val\ai\ai_000420.png,1,ai,resize_0.5x,0.966733,1,1
data\val\ai\ai_000421.png,1,ai,resize_0.5x,0.999066,1,1
data\val\ai\ai_000422.png,1,ai,resize_0.5x,0.524332,1,1
data\val\ai\ai_000423.png,1,ai,resize_0.5x,0.960710,1,1
data\val\ai\ai_000424.png,1,ai,resize_0.5x,0.999713,1,1
data\val\ai\ai_000425.png,1,ai,resize_0.5x,0.975001,1,1
data\val\ai\ai_000426.png,1,ai,resize_0.5x,0.718694,1,1
data\val\ai\ai_000427.png,1,ai,resize_0.5x,0.995322,1,1
data\val\ai\ai_000428.png,1,ai,resize_0.5x,0.989128,1,1
data\val\ai\ai_000429.png,1,ai,resize_0.5x,0.996321,1,1
data\val\ai\ai_000430.png,1,ai,resize_0.5x,0.970947,1,1
data\val\ai\ai_000431.png,1,ai,resize_0.5x,0.968045,1,1
data\val\ai\ai_000432.png,1,ai,resize_0.5x,0.997867,1,1
data\val\ai\ai_000433.png,1,ai,resize_0.5x,0.998901,1,1
data\val\ai\ai_000434.png,1,ai,resize_0.5x,0.989158,1,1
data\val\ai\ai_000435.png,1,ai,resize_0.5x,0.991635,1,1
data\val\ai\ai_000436.png,1,ai,resize_0.5x,0.995892,1,1
data\val\ai\ai_000437.png,1,ai,resize_0.5x,0.984791,1,1
data\val\ai\ai_000438.png,1,ai,resize_0.5x,0.991176,1,1
data\val\ai\ai_000439.png,1,ai,resize_0.5x,0.876610,1,1
data\val\ai\ai_000440.png,1,ai,resize_0.5x,0.981132,1,1
data\val\ai\ai_000441.png,1,ai,resize_0.5x,0.948431,1,1
data\val\ai\ai_000442.png,1,ai,resize_0.5x,0.991739,1,1
data\val\ai\ai_000443.png,1,ai,resize_0.5x,0.998310,1,1
data\val\ai\ai_000444.png,1,ai,resize_0.5x,0.998230,1,1
data\val\ai\ai_000445.png,1,ai,resize_0.5x,0.986759,1,1
data\val\ai\ai_000446.png,1,ai,resize_0.5x,0.992408,1,1
data\val\ai\ai_000447.png,1,ai,resize_0.5x,0.994520,1,1
data\val\ai\ai_000448.png,1,ai,resize_0.5x,0.285291,0,0
data\val\ai\ai_000449.png,1,ai,resize_0.5x,0.999810,1,1
data\val\ai\ai_000450.png,1,ai,resize_0.5x,0.996471,1,1
data\val\ai\ai_000451.png,1,ai,resize_0.5x,0.980757,1,1
data\val\ai\ai_000452.png,1,ai,resize_0.5x,0.932881,1,1
data\val\ai\ai_000453.png,1,ai,resize_0.5x,0.999354,1,1
data\val\ai\ai_000454.png,1,ai,resize_0.5x,0.980925,1,1
data\val\ai\ai_000455.png,1,ai,resize_0.5x,0.996402,1,1
data\val\ai\ai_000456.png,1,ai,resize_0.5x,0.982900,1,1
data\val\ai\ai_000457.png,1,ai,resize_0.5x,0.990988,1,1
data\val\ai\ai_000458.png,1,ai,resize_0.5x,0.965022,1,1
data\val\ai\ai_000459.png,1,ai,resize_0.5x,0.707600,1,1
data\val\ai\ai_000460.png,1,ai,resize_0.5x,0.972590,1,1
data\val\ai\ai_000461.png,1,ai,resize_0.5x,0.967664,1,1
data\val\ai\ai_000462.png,1,ai,resize_0.5x,0.987629,1,1
data\val\ai\ai_000463.png,1,ai,resize_0.5x,0.996115,1,1
data\val\ai\ai_000464.png,1,ai,resize_0.5x,0.995572,1,1
data\val\ai\ai_000465.png,1,ai,resize_0.5x,0.997085,1,1
data\val\ai\ai_000466.png,1,ai,resize_0.5x,0.700766,1,1
data\val\ai\ai_000467.png,1,ai,resize_0.5x,0.985153,1,1
data\val\ai\ai_000468.png,1,ai,resize_0.5x,0.856203,1,1
data\val\ai\ai_000469.png,1,ai,resize_0.5x,0.998813,1,1
data\val\ai\ai_000470.png,1,ai,resize_0.5x,0.872551,1,1
data\val\ai\ai_000471.png,1,ai,resize_0.5x,0.999505,1,1
data\val\ai\ai_000472.png,1,ai,resize_0.5x,0.978589,1,1
data\val\ai\ai_000473.png,1,ai,resize_0.5x,0.826483,1,1
data\val\ai\ai_000474.png,1,ai,resize_0.5x,0.997300,1,1
data\val\ai\ai_000475.png,1,ai,resize_0.5x,0.998878,1,1
data\val\ai\ai_000476.png,1,ai,resize_0.5x,0.962962,1,1
data\val\ai\ai_000477.png,1,ai,resize_0.5x,0.996459,1,1
data\val\ai\ai_000478.png,1,ai,resize_0.5x,0.994317,1,1
data\val\ai\ai_000479.png,1,ai,resize_0.5x,0.946834,1,1
data\val\ai\ai_000480.png,1,ai,resize_0.5x,0.898477,1,1
data\val\ai\ai_000481.png,1,ai,resize_0.5x,0.998588,1,1
data\val\ai\ai_000482.png,1,ai,resize_0.5x,0.879345,1,1
data\val\ai\ai_000483.png,1,ai,resize_0.5x,0.895315,1,1
data\val\ai\ai_000484.png,1,ai,resize_0.5x,0.997358,1,1
data\val\ai\ai_000485.png,1,ai,resize_0.5x,0.971171,1,1
data\val\ai\ai_000486.png,1,ai,resize_0.5x,0.997235,1,1
data\val\ai\ai_000487.png,1,ai,resize_0.5x,0.992175,1,1
data\val\ai\ai_000488.png,1,ai,resize_0.5x,0.827393,1,1
data\val\ai\ai_000489.png,1,ai,resize_0.5x,0.994701,1,1
data\val\ai\ai_000490.png,1,ai,resize_0.5x,0.972330,1,1
data\val\ai\ai_000491.png,1,ai,resize_0.5x,0.977502,1,1
data\val\ai\ai_000492.png,1,ai,resize_0.5x,0.991275,1,1
data\val\ai\ai_000493.png,1,ai,resize_0.5x,0.969935,1,1
data\val\ai\ai_000494.png,1,ai,resize_0.5x,0.996470,1,1
data\val\ai\ai_000495.png,1,ai,resize_0.5x,0.989006,1,1
data\val\ai\ai_000496.png,1,ai,resize_0.5x,0.858162,1,1
data\val\ai\ai_000497.png,1,ai,resize_0.5x,0.995748,1,1
data\val\ai\ai_000498.png,1,ai,resize_0.5x,0.843948,1,1
data\val\ai\ai_000499.png,1,ai,resize_0.5x,0.998983,1,1
data\val\ai\ai_000500.png,1,ai,resize_0.5x,0.914209,1,1
data\val\real\000000000139.jpg,0,real,resize_0.25x,0.808634,1,0
data\val\real\000000000285.jpg,0,real,resize_0.25x,0.026732,0,1
data\val\real\000000000632.jpg,0,real,resize_0.25x,0.812634,1,0
data\val\real\000000000724.jpg,0,real,resize_0.25x,0.016332,0,1
data\val\real\000000000776.jpg,0,real,resize_0.25x,0.024501,0,1
data\val\real\000000000785.jpg,0,real,resize_0.25x,0.114713,0,1
data\val\real\000000000802.jpg,0,real,resize_0.25x,0.242829,0,1
data\val\real\000000000872.jpg,0,real,resize_0.25x,0.037333,0,1
data\val\real\000000000885.jpg,0,real,resize_0.25x,0.198880,0,1
data\val\real\000000001000.jpg,0,real,resize_0.25x,0.004243,0,1
data\val\real\000000001268.jpg,0,real,resize_0.25x,0.160494,0,1
data\val\real\000000001296.jpg,0,real,resize_0.25x,0.023027,0,1
data\val\real\000000001353.jpg,0,real,resize_0.25x,0.002188,0,1
data\val\real\000000001425.jpg,0,real,resize_0.25x,0.582505,1,0
data\val\real\000000001490.jpg,0,real,resize_0.25x,0.046097,0,1
data\val\real\000000001503.jpg,0,real,resize_0.25x,0.149629,0,1
data\val\real\000000001532.jpg,0,real,resize_0.25x,0.130966,0,1
data\val\real\000000001584.jpg,0,real,resize_0.25x,0.168481,0,1
data\val\real\000000001675.jpg,0,real,resize_0.25x,0.023194,0,1
data\val\real\000000001761.jpg,0,real,resize_0.25x,0.021046,0,1
data\val\real\000000001818.jpg,0,real,resize_0.25x,0.078723,0,1
data\val\real\000000001993.jpg,0,real,resize_0.25x,0.639601,1,0
data\val\real\000000002006.jpg,0,real,resize_0.25x,0.020967,0,1
data\val\real\000000002149.jpg,0,real,resize_0.25x,0.201135,0,1
data\val\real\000000002153.jpg,0,real,resize_0.25x,0.035121,0,1
data\val\real\000000002157.jpg,0,real,resize_0.25x,0.187640,0,1
data\val\real\000000002261.jpg,0,real,resize_0.25x,0.011122,0,1
data\val\real\000000002299.jpg,0,real,resize_0.25x,0.003137,0,1
data\val\real\000000002431.jpg,0,real,resize_0.25x,0.128345,0,1
data\val\real\000000002473.jpg,0,real,resize_0.25x,0.011964,0,1
data\val\real\000000002532.jpg,0,real,resize_0.25x,0.007455,0,1
data\val\real\000000002587.jpg,0,real,resize_0.25x,0.023991,0,1
data\val\real\000000002592.jpg,0,real,resize_0.25x,0.015821,0,1
data\val\real\000000002685.jpg,0,real,resize_0.25x,0.002471,0,1
data\val\real\000000002923.jpg,0,real,resize_0.25x,0.043326,0,1
data\val\real\000000003156.jpg,0,real,resize_0.25x,0.132080,0,1
data\val\real\000000003255.jpg,0,real,resize_0.25x,0.264246,0,1
data\val\real\000000003501.jpg,0,real,resize_0.25x,0.105719,0,1
data\val\real\000000003553.jpg,0,real,resize_0.25x,0.119923,0,1
data\val\real\000000003661.jpg,0,real,resize_0.25x,0.029808,0,1
data\val\real\000000003845.jpg,0,real,resize_0.25x,0.057664,0,1
data\val\real\000000003934.jpg,0,real,resize_0.25x,0.001096,0,1
data\val\real\000000004134.jpg,0,real,resize_0.25x,0.000906,0,1
data\val\real\000000004395.jpg,0,real,resize_0.25x,0.004457,0,1
data\val\real\000000004495.jpg,0,real,resize_0.25x,0.290416,0,1
data\val\real\000000004765.jpg,0,real,resize_0.25x,0.095169,0,1
data\val\real\000000004795.jpg,0,real,resize_0.25x,0.000902,0,1
data\val\real\000000005001.jpg,0,real,resize_0.25x,0.034064,0,1
data\val\real\000000005037.jpg,0,real,resize_0.25x,0.024449,0,1
data\val\real\000000005060.jpg,0,real,resize_0.25x,0.037615,0,1
data\val\real\000000005193.jpg,0,real,resize_0.25x,0.000420,0,1
data\val\real\000000005477.jpg,0,real,resize_0.25x,0.076567,0,1
data\val\real\000000005503.jpg,0,real,resize_0.25x,0.016360,0,1
data\val\real\000000005529.jpg,0,real,resize_0.25x,0.008791,0,1
data\val\real\000000005586.jpg,0,real,resize_0.25x,0.023420,0,1
data\val\real\000000005600.jpg,0,real,resize_0.25x,0.029669,0,1
data\val\real\000000005992.jpg,0,real,resize_0.25x,0.024764,0,1
data\val\real\000000006012.jpg,0,real,resize_0.25x,0.050180,0,1
data\val\real\000000006040.jpg,0,real,resize_0.25x,0.666497,1,0
data\val\real\000000006213.jpg,0,real,resize_0.25x,0.150036,0,1
data\val\real\000000006460.jpg,0,real,resize_0.25x,0.031541,0,1
data\val\real\000000006471.jpg,0,real,resize_0.25x,0.018643,0,1
data\val\real\000000006614.jpg,0,real,resize_0.25x,0.096816,0,1
data\val\real\000000006723.jpg,0,real,resize_0.25x,0.104144,0,1
data\val\real\000000006763.jpg,0,real,resize_0.25x,0.000139,0,1
data\val\real\000000006771.jpg,0,real,resize_0.25x,0.002151,0,1
data\val\real\000000006818.jpg,0,real,resize_0.25x,0.015036,0,1
data\val\real\000000006894.jpg,0,real,resize_0.25x,0.003432,0,1
data\val\real\000000006954.jpg,0,real,resize_0.25x,0.018643,0,1
data\val\real\000000007088.jpg,0,real,resize_0.25x,0.006136,0,1
data\val\real\000000007108.jpg,0,real,resize_0.25x,0.032617,0,1
data\val\real\000000007278.jpg,0,real,resize_0.25x,0.090547,0,1
data\val\real\000000007281.jpg,0,real,resize_0.25x,0.002039,0,1
data\val\real\000000007386.jpg,0,real,resize_0.25x,0.069860,0,1
data\val\real\000000007511.jpg,0,real,resize_0.25x,0.014714,0,1
data\val\real\000000007574.jpg,0,real,resize_0.25x,0.117826,0,1
data\val\real\000000007784.jpg,0,real,resize_0.25x,0.373515,0,1
data\val\real\000000007795.jpg,0,real,resize_0.25x,0.782335,1,0
data\val\real\000000007816.jpg,0,real,resize_0.25x,0.004231,0,1
data\val\real\000000007818.jpg,0,real,resize_0.25x,0.438710,0,1
data\val\real\000000007888.jpg,0,real,resize_0.25x,0.707729,1,0
data\val\real\000000007977.jpg,0,real,resize_0.25x,0.084385,0,1
data\val\real\000000007991.jpg,0,real,resize_0.25x,0.003737,0,1
data\val\real\000000008021.jpg,0,real,resize_0.25x,0.008211,0,1
data\val\real\000000008211.jpg,0,real,resize_0.25x,0.125158,0,1
data\val\real\000000008277.jpg,0,real,resize_0.25x,0.132564,0,1
data\val\real\000000008532.jpg,0,real,resize_0.25x,0.010650,0,1
data\val\real\000000008629.jpg,0,real,resize_0.25x,0.082539,0,1
data\val\real\000000008690.jpg,0,real,resize_0.25x,0.001063,0,1
data\val\real\000000008762.jpg,0,real,resize_0.25x,0.578322,1,0
data\val\real\000000008844.jpg,0,real,resize_0.25x,0.071460,0,1
data\val\real\000000008899.jpg,0,real,resize_0.25x,0.321265,0,1
data\val\real\000000009378.jpg,0,real,resize_0.25x,0.014527,0,1
data\val\real\000000009400.jpg,0,real,resize_0.25x,0.001189,0,1
data\val\real\000000009448.jpg,0,real,resize_0.25x,0.004653,0,1
data\val\real\000000009483.jpg,0,real,resize_0.25x,0.129350,0,1
data\val\real\000000009590.jpg,0,real,resize_0.25x,0.188880,0,1
data\val\real\000000009769.jpg,0,real,resize_0.25x,0.023903,0,1
data\val\real\000000009772.jpg,0,real,resize_0.25x,0.042245,0,1
data\val\real\000000009891.jpg,0,real,resize_0.25x,0.002279,0,1
data\val\real\000000009914.jpg,0,real,resize_0.25x,0.045301,0,1
data\val\real\000000010092.jpg,0,real,resize_0.25x,0.107152,0,1
data\val\real\000000010363.jpg,0,real,resize_0.25x,0.000599,0,1
data\val\real\000000010583.jpg,0,real,resize_0.25x,0.036556,0,1
data\val\real\000000010707.jpg,0,real,resize_0.25x,0.000434,0,1
data\val\real\000000010764.jpg,0,real,resize_0.25x,0.007813,0,1
data\val\real\000000010977.jpg,0,real,resize_0.25x,0.227688,0,1
data\val\real\000000010995.jpg,0,real,resize_0.25x,0.335029,0,1
data\val\real\000000011051.jpg,0,real,resize_0.25x,0.007416,0,1
data\val\real\000000011122.jpg,0,real,resize_0.25x,0.002099,0,1
data\val\real\000000011149.jpg,0,real,resize_0.25x,0.003926,0,1
data\val\real\000000011197.jpg,0,real,resize_0.25x,0.025833,0,1
data\val\real\000000011511.jpg,0,real,resize_0.25x,0.106128,0,1
data\val\real\000000011615.jpg,0,real,resize_0.25x,0.056766,0,1
data\val\real\000000011699.jpg,0,real,resize_0.25x,0.027382,0,1
data\val\real\000000011760.jpg,0,real,resize_0.25x,0.140175,0,1
data\val\real\000000011813.jpg,0,real,resize_0.25x,0.755734,1,0
data\val\real\000000012062.jpg,0,real,resize_0.25x,0.020368,0,1
data\val\real\000000012120.jpg,0,real,resize_0.25x,0.044748,0,1
data\val\real\000000012280.jpg,0,real,resize_0.25x,0.851979,1,0
data\val\real\000000012576.jpg,0,real,resize_0.25x,0.008285,0,1
data\val\real\000000012639.jpg,0,real,resize_0.25x,0.041136,0,1
data\val\real\000000012667.jpg,0,real,resize_0.25x,0.076843,0,1
data\val\real\000000012670.jpg,0,real,resize_0.25x,0.025372,0,1
data\val\real\000000012748.jpg,0,real,resize_0.25x,0.096463,0,1
data\val\real\000000013004.jpg,0,real,resize_0.25x,0.075123,0,1
data\val\real\000000013177.jpg,0,real,resize_0.25x,0.027406,0,1
data\val\real\000000013201.jpg,0,real,resize_0.25x,0.068619,0,1
data\val\real\000000013291.jpg,0,real,resize_0.25x,0.017622,0,1
data\val\real\000000013348.jpg,0,real,resize_0.25x,0.129157,0,1
data\val\real\000000013546.jpg,0,real,resize_0.25x,0.034164,0,1
data\val\real\000000013597.jpg,0,real,resize_0.25x,0.772437,1,0
data\val\real\000000013659.jpg,0,real,resize_0.25x,0.004214,0,1
data\val\real\000000013729.jpg,0,real,resize_0.25x,0.009065,0,1
data\val\real\000000013774.jpg,0,real,resize_0.25x,0.796919,1,0
data\val\real\000000013923.jpg,0,real,resize_0.25x,0.541866,1,0
data\val\real\000000014007.jpg,0,real,resize_0.25x,0.157227,0,1
data\val\real\000000014038.jpg,0,real,resize_0.25x,0.796555,1,0
data\val\real\000000014226.jpg,0,real,resize_0.25x,0.156080,0,1
data\val\real\000000014380.jpg,0,real,resize_0.25x,0.368300,0,1
data\val\real\000000014439.jpg,0,real,resize_0.25x,0.032008,0,1
data\val\real\000000014473.jpg,0,real,resize_0.25x,0.050881,0,1
data\val\real\000000014831.jpg,0,real,resize_0.25x,0.006452,0,1
data\val\real\000000014888.jpg,0,real,resize_0.25x,0.035189,0,1
data\val\real\000000015079.jpg,0,real,resize_0.25x,0.403287,0,1
data\val\real\000000015254.jpg,0,real,resize_0.25x,0.033240,0,1
data\val\real\000000015272.jpg,0,real,resize_0.25x,0.346147,0,1
data\val\real\000000015278.jpg,0,real,resize_0.25x,0.018558,0,1
data\val\real\000000015335.jpg,0,real,resize_0.25x,0.002273,0,1
data\val\real\000000015338.jpg,0,real,resize_0.25x,0.111085,0,1
data\val\real\000000015440.jpg,0,real,resize_0.25x,0.661217,1,0
data\val\real\000000015497.jpg,0,real,resize_0.25x,0.001138,0,1
data\val\real\000000015517.jpg,0,real,resize_0.25x,0.087326,0,1
data\val\real\000000015597.jpg,0,real,resize_0.25x,0.002197,0,1
data\val\real\000000015660.jpg,0,real,resize_0.25x,0.042004,0,1
data\val\real\000000015746.jpg,0,real,resize_0.25x,0.050335,0,1
data\val\real\000000015751.jpg,0,real,resize_0.25x,0.073761,0,1
data\val\real\000000015956.jpg,0,real,resize_0.25x,0.011809,0,1
data\val\real\000000016010.jpg,0,real,resize_0.25x,0.008855,0,1
data\val\real\000000016228.jpg,0,real,resize_0.25x,0.068741,0,1
data\val\real\000000016249.jpg,0,real,resize_0.25x,0.040026,0,1
data\val\real\000000016439.jpg,0,real,resize_0.25x,0.455066,0,1
data\val\real\000000016451.jpg,0,real,resize_0.25x,0.328219,0,1
data\val\real\000000016502.jpg,0,real,resize_0.25x,0.018898,0,1
data\val\real\000000016598.jpg,0,real,resize_0.25x,0.003438,0,1
data\val\real\000000016958.jpg,0,real,resize_0.25x,0.175008,0,1
data\val\real\000000017029.jpg,0,real,resize_0.25x,0.037377,0,1
data\val\real\000000017031.jpg,0,real,resize_0.25x,0.134293,0,1
data\val\real\000000017115.jpg,0,real,resize_0.25x,0.151479,0,1
data\val\real\000000017178.jpg,0,real,resize_0.25x,0.080766,0,1
data\val\real\000000017182.jpg,0,real,resize_0.25x,0.244875,0,1
data\val\real\000000017207.jpg,0,real,resize_0.25x,0.012383,0,1
data\val\real\000000017379.jpg,0,real,resize_0.25x,0.339400,0,1
data\val\real\000000017436.jpg,0,real,resize_0.25x,0.008945,0,1
data\val\real\000000017627.jpg,0,real,resize_0.25x,0.002985,0,1
data\val\real\000000017714.jpg,0,real,resize_0.25x,0.025100,0,1
data\val\real\000000017899.jpg,0,real,resize_0.25x,0.001858,0,1
data\val\real\000000017905.jpg,0,real,resize_0.25x,0.000392,0,1
data\val\real\000000017959.jpg,0,real,resize_0.25x,0.011986,0,1
data\val\real\000000018150.jpg,0,real,resize_0.25x,0.002546,0,1
data\val\real\000000018193.jpg,0,real,resize_0.25x,0.000720,0,1
data\val\real\000000018380.jpg,0,real,resize_0.25x,0.036743,0,1
data\val\real\000000018491.jpg,0,real,resize_0.25x,0.145435,0,1
data\val\real\000000018519.jpg,0,real,resize_0.25x,0.118237,0,1
data\val\real\000000018575.jpg,0,real,resize_0.25x,0.024181,0,1
data\val\real\000000018737.jpg,0,real,resize_0.25x,0.023165,0,1
data\val\real\000000018770.jpg,0,real,resize_0.25x,0.052251,0,1
data\val\real\000000018833.jpg,0,real,resize_0.25x,0.020082,0,1
data\val\real\000000018837.jpg,0,real,resize_0.25x,0.022412,0,1
data\val\real\000000019042.jpg,0,real,resize_0.25x,0.058638,0,1
data\val\real\000000019109.jpg,0,real,resize_0.25x,0.064801,0,1
data\val\real\000000019221.jpg,0,real,resize_0.25x,0.006999,0,1
data\val\real\000000019402.jpg,0,real,resize_0.25x,0.000362,0,1
data\val\real\000000019432.jpg,0,real,resize_0.25x,0.138527,0,1
data\val\real\000000019742.jpg,0,real,resize_0.25x,0.046595,0,1
data\val\real\000000019786.jpg,0,real,resize_0.25x,0.004219,0,1
data\val\real\000000019924.jpg,0,real,resize_0.25x,0.079247,0,1
data\val\real\000000020059.jpg,0,real,resize_0.25x,0.030138,0,1
data\val\real\000000020107.jpg,0,real,resize_0.25x,0.103773,0,1
data\val\real\000000020247.jpg,0,real,resize_0.25x,0.122127,0,1
data\val\real\000000020333.jpg,0,real,resize_0.25x,0.029038,0,1
data\val\real\000000020553.jpg,0,real,resize_0.25x,0.000788,0,1
data\val\real\000000020571.jpg,0,real,resize_0.25x,0.271544,0,1
data\val\real\000000020992.jpg,0,real,resize_0.25x,0.016192,0,1
data\val\real\000000021167.jpg,0,real,resize_0.25x,0.000882,0,1
data\val\real\000000021465.jpg,0,real,resize_0.25x,0.014616,0,1
data\val\real\000000021503.jpg,0,real,resize_0.25x,0.014383,0,1
data\val\real\000000021604.jpg,0,real,resize_0.25x,0.710689,1,0
data\val\real\000000021839.jpg,0,real,resize_0.25x,0.001261,0,1
data\val\real\000000021879.jpg,0,real,resize_0.25x,0.029798,0,1
data\val\real\000000021903.jpg,0,real,resize_0.25x,0.025182,0,1
data\val\real\000000022192.jpg,0,real,resize_0.25x,0.005932,0,1
data\val\real\000000022371.jpg,0,real,resize_0.25x,0.347047,0,1
data\val\real\000000022396.jpg,0,real,resize_0.25x,0.036805,0,1
data\val\real\000000022479.jpg,0,real,resize_0.25x,0.021857,0,1
data\val\real\000000022589.jpg,0,real,resize_0.25x,0.014602,0,1
data\val\real\000000022623.jpg,0,real,resize_0.25x,0.228979,0,1
data\val\real\000000022705.jpg,0,real,resize_0.25x,0.001522,0,1
data\val\real\000000022755.jpg,0,real,resize_0.25x,0.518364,1,0
data\val\real\000000022892.jpg,0,real,resize_0.25x,0.127182,0,1
data\val\real\000000022935.jpg,0,real,resize_0.25x,0.107668,0,1
data\val\real\000000022969.jpg,0,real,resize_0.25x,0.013215,0,1
data\val\real\000000023023.jpg,0,real,resize_0.25x,0.514605,1,0
data\val\real\000000023034.jpg,0,real,resize_0.25x,0.001913,0,1
data\val\real\000000023126.jpg,0,real,resize_0.25x,0.060093,0,1
data\val\real\000000023230.jpg,0,real,resize_0.25x,0.014082,0,1
data\val\real\000000023272.jpg,0,real,resize_0.25x,0.002281,0,1
data\val\real\000000023359.jpg,0,real,resize_0.25x,0.107723,0,1
data\val\real\000000023666.jpg,0,real,resize_0.25x,0.040192,0,1
data\val\real\000000023751.jpg,0,real,resize_0.25x,0.002274,0,1
data\val\real\000000023781.jpg,0,real,resize_0.25x,0.047552,0,1
data\val\real\000000023899.jpg,0,real,resize_0.25x,0.017985,0,1
data\val\real\000000023937.jpg,0,real,resize_0.25x,0.049407,0,1
data\val\real\000000024021.jpg,0,real,resize_0.25x,0.011838,0,1
data\val\real\000000024027.jpg,0,real,resize_0.25x,0.003187,0,1
data\val\real\000000024144.jpg,0,real,resize_0.25x,0.056338,0,1
data\val\real\000000024243.jpg,0,real,resize_0.25x,0.002975,0,1
data\val\real\000000024567.jpg,0,real,resize_0.25x,0.002346,0,1
data\val\real\000000024610.jpg,0,real,resize_0.25x,0.010850,0,1
data\val\real\000000024919.jpg,0,real,resize_0.25x,0.176831,0,1
data\val\real\000000025057.jpg,0,real,resize_0.25x,0.004650,0,1
data\val\real\000000025096.jpg,0,real,resize_0.25x,0.000935,0,1
data\val\real\000000025139.jpg,0,real,resize_0.25x,0.038821,0,1
data\val\real\000000025181.jpg,0,real,resize_0.25x,0.402439,0,1
data\val\real\000000025228.jpg,0,real,resize_0.25x,0.014865,0,1
data\val\real\000000025386.jpg,0,real,resize_0.25x,0.002090,0,1
data\val\real\000000025393.jpg,0,real,resize_0.25x,0.000096,0,1
data\val\real\000000025394.jpg,0,real,resize_0.25x,0.004608,0,1
data\val\real\000000025424.jpg,0,real,resize_0.25x,0.033085,0,1
data\val\real\000000025560.jpg,0,real,resize_0.25x,0.003666,0,1
data\val\real\000000025593.jpg,0,real,resize_0.25x,0.039758,0,1
data\val\real\000000025603.jpg,0,real,resize_0.25x,0.001464,0,1
data\val\real\000000025986.jpg,0,real,resize_0.25x,0.004887,0,1
data\val\real\000000026204.jpg,0,real,resize_0.25x,0.036250,0,1
data\val\real\000000026465.jpg,0,real,resize_0.25x,0.090592,0,1
data\val\real\000000026564.jpg,0,real,resize_0.25x,0.266735,0,1
data\val\real\000000026690.jpg,0,real,resize_0.25x,0.012456,0,1
data\val\real\000000026926.jpg,0,real,resize_0.25x,0.089561,0,1
data\val\real\000000026941.jpg,0,real,resize_0.25x,0.557937,1,0
data\val\real\000000027186.jpg,0,real,resize_0.25x,0.003905,0,1
data\val\real\000000027620.jpg,0,real,resize_0.25x,0.036157,0,1
data\val\real\000000027696.jpg,0,real,resize_0.25x,0.005105,0,1
data\val\real\000000027768.jpg,0,real,resize_0.25x,0.126352,0,1
data\val\real\000000027932.jpg,0,real,resize_0.25x,0.003828,0,1
data\val\real\000000027972.jpg,0,real,resize_0.25x,0.110075,0,1
data\val\real\000000027982.jpg,0,real,resize_0.25x,0.198897,0,1
data\val\real\000000028285.jpg,0,real,resize_0.25x,0.120894,0,1
data\val\real\000000028449.jpg,0,real,resize_0.25x,0.303275,0,1
data\val\real\000000028452.jpg,0,real,resize_0.25x,0.478862,0,1
data\val\real\000000028809.jpg,0,real,resize_0.25x,0.283606,0,1
data\val\real\000000028993.jpg,0,real,resize_0.25x,0.344596,0,1
data\val\real\000000029187.jpg,0,real,resize_0.25x,0.004424,0,1
data\val\real\000000029393.jpg,0,real,resize_0.25x,0.003347,0,1
data\val\real\000000029397.jpg,0,real,resize_0.25x,0.094386,0,1
data\val\real\000000029596.jpg,0,real,resize_0.25x,0.649375,1,0
data\val\real\000000029640.jpg,0,real,resize_0.25x,0.180733,0,1
data\val\real\000000029675.jpg,0,real,resize_0.25x,0.064798,0,1
data\val\real\000000029984.jpg,0,real,resize_0.25x,0.070539,0,1
data\val\real\000000030213.jpg,0,real,resize_0.25x,0.232919,0,1
data\val\real\000000030494.jpg,0,real,resize_0.25x,0.007318,0,1
data\val\real\000000030504.jpg,0,real,resize_0.25x,0.047623,0,1
data\val\real\000000030675.jpg,0,real,resize_0.25x,0.187274,0,1
data\val\real\000000030785.jpg,0,real,resize_0.25x,0.121037,0,1
data\val\real\000000030828.jpg,0,real,resize_0.25x,0.510118,1,0
data\val\real\000000031050.jpg,0,real,resize_0.25x,0.084881,0,1
data\val\real\000000031093.jpg,0,real,resize_0.25x,0.050210,0,1
data\val\real\000000031118.jpg,0,real,resize_0.25x,0.190656,0,1
data\val\real\000000031217.jpg,0,real,resize_0.25x,0.034409,0,1
data\val\real\000000031248.jpg,0,real,resize_0.25x,0.174231,0,1
data\val\real\000000031269.jpg,0,real,resize_0.25x,0.020813,0,1
data\val\real\000000031296.jpg,0,real,resize_0.25x,0.003385,0,1
data\val\real\000000031322.jpg,0,real,resize_0.25x,0.024802,0,1
data\val\real\000000031620.jpg,0,real,resize_0.25x,0.000634,0,1
data\val\real\000000031735.jpg,0,real,resize_0.25x,0.008478,0,1
data\val\real\000000031749.jpg,0,real,resize_0.25x,0.151233,0,1
data\val\real\000000031817.jpg,0,real,resize_0.25x,0.002779,0,1
data\val\real\000000032038.jpg,0,real,resize_0.25x,0.038195,0,1
data\val\real\000000032081.jpg,0,real,resize_0.25x,0.020515,0,1
data\val\real\000000032285.jpg,0,real,resize_0.25x,0.705435,1,0
data\val\real\000000032334.jpg,0,real,resize_0.25x,0.000707,0,1
data\val\real\000000032570.jpg,0,real,resize_0.25x,0.462928,0,1
data\val\real\000000032610.jpg,0,real,resize_0.25x,0.085862,0,1
data\val\real\000000032735.jpg,0,real,resize_0.25x,0.170731,0,1
data\val\real\000000032811.jpg,0,real,resize_0.25x,0.076565,0,1
data\val\real\000000032817.jpg,0,real,resize_0.25x,0.008886,0,1
data\val\real\000000032861.jpg,0,real,resize_0.25x,0.017447,0,1
data\val\real\000000032887.jpg,0,real,resize_0.25x,0.018484,0,1
data\val\real\000000032901.jpg,0,real,resize_0.25x,0.000180,0,1
data\val\real\000000032941.jpg,0,real,resize_0.25x,0.091208,0,1
data\val\real\000000033005.jpg,0,real,resize_0.25x,0.234521,0,1
data\val\real\000000033104.jpg,0,real,resize_0.25x,0.005094,0,1
data\val\real\000000033109.jpg,0,real,resize_0.25x,0.047384,0,1
data\val\real\000000033114.jpg,0,real,resize_0.25x,0.150934,0,1
data\val\real\000000033221.jpg,0,real,resize_0.25x,0.000988,0,1
data\val\real\000000033368.jpg,0,real,resize_0.25x,0.099990,0,1
data\val\real\000000033638.jpg,0,real,resize_0.25x,0.028743,0,1
data\val\real\000000033707.jpg,0,real,resize_0.25x,0.120660,0,1
data\val\real\000000033759.jpg,0,real,resize_0.25x,0.021111,0,1
data\val\real\000000033854.jpg,0,real,resize_0.25x,0.013827,0,1
data\val\real\000000034071.jpg,0,real,resize_0.25x,0.778939,1,0
data\val\real\000000034139.jpg,0,real,resize_0.25x,0.053248,0,1
data\val\real\000000034205.jpg,0,real,resize_0.25x,0.135006,0,1
data\val\real\000000034257.jpg,0,real,resize_0.25x,0.165906,0,1
data\val\real\000000034417.jpg,0,real,resize_0.25x,0.031992,0,1
data\val\real\000000034452.jpg,0,real,resize_0.25x,0.000688,0,1
data\val\real\000000034760.jpg,0,real,resize_0.25x,0.086741,0,1
data\val\real\000000034873.jpg,0,real,resize_0.25x,0.215342,0,1
data\val\real\000000035062.jpg,0,real,resize_0.25x,0.062242,0,1
data\val\real\000000035197.jpg,0,real,resize_0.25x,0.031808,0,1
data\val\real\000000035279.jpg,0,real,resize_0.25x,0.173433,0,1
data\val\real\000000035326.jpg,0,real,resize_0.25x,0.124201,0,1
data\val\real\000000035682.jpg,0,real,resize_0.25x,0.026343,0,1
data\val\real\000000035770.jpg,0,real,resize_0.25x,0.081957,0,1
data\val\real\000000035963.jpg,0,real,resize_0.25x,0.000954,0,1
data\val\real\000000036494.jpg,0,real,resize_0.25x,0.586461,1,0
data\val\real\000000036539.jpg,0,real,resize_0.25x,0.001368,0,1
data\val\real\000000036660.jpg,0,real,resize_0.25x,0.275127,0,1
data\val\real\000000036678.jpg,0,real,resize_0.25x,0.031633,0,1
data\val\real\000000036844.jpg,0,real,resize_0.25x,0.099851,0,1
data\val\real\000000036861.jpg,0,real,resize_0.25x,0.211431,0,1
data\val\real\000000036936.jpg,0,real,resize_0.25x,0.001109,0,1
data\val\real\000000037670.jpg,0,real,resize_0.25x,0.408878,0,1
data\val\real\000000037689.jpg,0,real,resize_0.25x,0.055499,0,1
data\val\real\000000037740.jpg,0,real,resize_0.25x,0.278967,0,1
data\val\real\000000037751.jpg,0,real,resize_0.25x,0.034013,0,1
data\val\real\000000037777.jpg,0,real,resize_0.25x,0.630122,1,0
data\val\real\000000037988.jpg,0,real,resize_0.25x,0.043218,0,1
data\val\real\000000038048.jpg,0,real,resize_0.25x,0.030098,0,1
data\val\real\000000038070.jpg,0,real,resize_0.25x,0.085854,0,1
data\val\real\000000038118.jpg,0,real,resize_0.25x,0.176011,0,1
data\val\real\000000038210.jpg,0,real,resize_0.25x,0.018570,0,1
data\val\real\000000038576.jpg,0,real,resize_0.25x,0.424148,0,1
data\val\real\000000038678.jpg,0,real,resize_0.25x,0.000835,0,1
data\val\real\000000038825.jpg,0,real,resize_0.25x,0.043259,0,1
data\val\real\000000038829.jpg,0,real,resize_0.25x,0.057033,0,1
data\val\real\000000039405.jpg,0,real,resize_0.25x,0.066105,0,1
data\val\real\000000039477.jpg,0,real,resize_0.25x,0.264339,0,1
data\val\real\000000039480.jpg,0,real,resize_0.25x,0.110760,0,1
data\val\real\000000039484.jpg,0,real,resize_0.25x,0.374745,0,1
data\val\real\000000039551.jpg,0,real,resize_0.25x,0.674915,1,0
data\val\real\000000039670.jpg,0,real,resize_0.25x,0.378855,0,1
data\val\real\000000039769.jpg,0,real,resize_0.25x,0.002403,0,1
data\val\real\000000039785.jpg,0,real,resize_0.25x,0.021116,0,1
data\val\real\000000039914.jpg,0,real,resize_0.25x,0.002726,0,1
data\val\real\000000039951.jpg,0,real,resize_0.25x,0.033821,0,1
data\val\real\000000039956.jpg,0,real,resize_0.25x,0.685764,1,0
data\val\real\000000040036.jpg,0,real,resize_0.25x,0.112581,0,1
data\val\real\000000040083.jpg,0,real,resize_0.25x,0.008030,0,1
data\val\real\000000040471.jpg,0,real,resize_0.25x,0.105560,0,1
data\val\real\000000040757.jpg,0,real,resize_0.25x,0.017408,0,1
data\val\real\000000041488.jpg,0,real,resize_0.25x,0.178055,0,1
data\val\real\000000041633.jpg,0,real,resize_0.25x,0.182814,0,1
data\val\real\000000041635.jpg,0,real,resize_0.25x,0.017352,0,1
data\val\real\000000041872.jpg,0,real,resize_0.25x,0.201756,0,1
data\val\real\000000041888.jpg,0,real,resize_0.25x,0.027701,0,1
data\val\real\000000041990.jpg,0,real,resize_0.25x,0.001476,0,1
data\val\real\000000042070.jpg,0,real,resize_0.25x,0.209085,0,1
data\val\real\000000042102.jpg,0,real,resize_0.25x,0.006825,0,1
data\val\real\000000042178.jpg,0,real,resize_0.25x,0.879087,1,0
data\val\real\000000042276.jpg,0,real,resize_0.25x,0.004825,0,1
data\val\real\000000042296.jpg,0,real,resize_0.25x,0.006659,0,1
data\val\real\000000042528.jpg,0,real,resize_0.25x,0.014686,0,1
data\val\real\000000042563.jpg,0,real,resize_0.25x,0.223902,0,1
data\val\real\000000042628.jpg,0,real,resize_0.25x,0.039033,0,1
data\val\real\000000042888.jpg,0,real,resize_0.25x,0.039022,0,1
data\val\real\000000042889.jpg,0,real,resize_0.25x,0.000851,0,1
data\val\real\000000043314.jpg,0,real,resize_0.25x,0.054284,0,1
data\val\real\000000043435.jpg,0,real,resize_0.25x,0.206619,0,1
data\val\real\000000043581.jpg,0,real,resize_0.25x,0.048869,0,1
data\val\real\000000043737.jpg,0,real,resize_0.25x,0.072500,0,1
data\val\real\000000043816.jpg,0,real,resize_0.25x,0.017462,0,1
data\val\real\000000044068.jpg,0,real,resize_0.25x,0.017234,0,1
data\val\real\000000044195.jpg,0,real,resize_0.25x,0.044755,0,1
data\val\real\000000044260.jpg,0,real,resize_0.25x,0.387672,0,1
data\val\real\000000044279.jpg,0,real,resize_0.25x,0.052952,0,1
data\val\real\000000044590.jpg,0,real,resize_0.25x,0.013241,0,1
data\val\real\000000044652.jpg,0,real,resize_0.25x,0.022630,0,1
data\val\real\000000044699.jpg,0,real,resize_0.25x,0.101697,0,1
data\val\real\000000044877.jpg,0,real,resize_0.25x,0.023155,0,1
data\val\real\000000045070.jpg,0,real,resize_0.25x,0.071043,0,1
data\val\real\000000045090.jpg,0,real,resize_0.25x,0.055141,0,1
data\val\real\000000045229.jpg,0,real,resize_0.25x,0.975848,1,0
data\val\real\000000045472.jpg,0,real,resize_0.25x,0.011242,0,1
data\val\real\000000045550.jpg,0,real,resize_0.25x,0.001137,0,1
data\val\real\000000045596.jpg,0,real,resize_0.25x,0.319317,0,1
data\val\real\000000045728.jpg,0,real,resize_0.25x,0.078103,0,1
data\val\real\000000046031.jpg,0,real,resize_0.25x,0.107899,0,1
data\val\real\000000046048.jpg,0,real,resize_0.25x,0.027563,0,1
data\val\real\000000046252.jpg,0,real,resize_0.25x,0.567788,1,0
data\val\real\000000046378.jpg,0,real,resize_0.25x,0.003082,0,1
data\val\real\000000046463.jpg,0,real,resize_0.25x,0.022554,0,1
data\val\real\000000046497.jpg,0,real,resize_0.25x,0.002225,0,1
data\val\real\000000046804.jpg,0,real,resize_0.25x,0.017139,0,1
data\val\real\000000046872.jpg,0,real,resize_0.25x,0.387845,0,1
data\val\real\000000047010.jpg,0,real,resize_0.25x,0.080471,0,1
data\val\real\000000047112.jpg,0,real,resize_0.25x,0.067196,0,1
data\val\real\000000047121.jpg,0,real,resize_0.25x,0.001837,0,1
data\val\real\000000047571.jpg,0,real,resize_0.25x,0.292565,0,1
data\val\real\000000047585.jpg,0,real,resize_0.25x,0.000784,0,1
data\val\real\000000047740.jpg,0,real,resize_0.25x,0.001198,0,1
data\val\real\000000047769.jpg,0,real,resize_0.25x,0.115447,0,1
data\val\real\000000047801.jpg,0,real,resize_0.25x,0.008392,0,1
data\val\real\000000047819.jpg,0,real,resize_0.25x,0.001115,0,1
data\val\real\000000047828.jpg,0,real,resize_0.25x,0.671465,1,0
data\val\real\000000048153.jpg,0,real,resize_0.25x,0.006823,0,1
data\val\real\000000048396.jpg,0,real,resize_0.25x,0.000870,0,1
data\val\real\000000048504.jpg,0,real,resize_0.25x,0.187616,0,1
data\val\real\000000048555.jpg,0,real,resize_0.25x,0.431167,0,1
data\val\real\000000048564.jpg,0,real,resize_0.25x,0.005429,0,1
data\val\real\000000048924.jpg,0,real,resize_0.25x,0.698775,1,0
data\val\real\000000049060.jpg,0,real,resize_0.25x,0.005343,0,1
data\val\real\000000049091.jpg,0,real,resize_0.25x,0.139074,0,1
data\val\real\000000049259.jpg,0,real,resize_0.25x,0.016004,0,1
data\val\real\000000049269.jpg,0,real,resize_0.25x,0.041885,0,1
data\val\real\000000049759.jpg,0,real,resize_0.25x,0.416021,0,1
data\val\real\000000049761.jpg,0,real,resize_0.25x,0.014967,0,1
data\val\real\000000049810.jpg,0,real,resize_0.25x,0.217174,0,1
data\val\real\000000050006.jpg,0,real,resize_0.25x,0.219182,0,1
data\val\real\000000050145.jpg,0,real,resize_0.25x,0.001571,0,1
data\val\real\000000050149.jpg,0,real,resize_0.25x,0.011963,0,1
data\val\real\000000050165.jpg,0,real,resize_0.25x,0.443995,0,1
data\val\real\000000050326.jpg,0,real,resize_0.25x,0.000740,0,1
data\val\real\000000050331.jpg,0,real,resize_0.25x,0.056143,0,1
data\val\real\000000050380.jpg,0,real,resize_0.25x,0.021768,0,1
data\val\real\000000050638.jpg,0,real,resize_0.25x,0.169827,0,1
data\val\real\000000050679.jpg,0,real,resize_0.25x,0.279477,0,1
data\val\real\000000050811.jpg,0,real,resize_0.25x,0.000968,0,1
data\val\real\000000050828.jpg,0,real,resize_0.25x,0.165477,0,1
data\val\real\000000050844.jpg,0,real,resize_0.25x,0.025963,0,1
data\val\real\000000050896.jpg,0,real,resize_0.25x,0.057417,0,1
data\val\real\000000050943.jpg,0,real,resize_0.25x,0.114855,0,1
data\val\real\000000051008.jpg,0,real,resize_0.25x,0.001081,0,1
data\val\real\000000051309.jpg,0,real,resize_0.25x,0.116407,0,1
data\val\real\000000051314.jpg,0,real,resize_0.25x,0.025200,0,1
data\val\real\000000051326.jpg,0,real,resize_0.25x,0.017079,0,1
data\val\real\000000051598.jpg,0,real,resize_0.25x,0.110244,0,1
data\val\real\000000051610.jpg,0,real,resize_0.25x,0.151023,0,1
data\val\real\000000051712.jpg,0,real,resize_0.25x,0.068170,0,1
data\val\real\000000051738.jpg,0,real,resize_0.25x,0.093166,0,1
data\val\real\000000051938.jpg,0,real,resize_0.25x,0.025968,0,1
data\val\real\000000051961.jpg,0,real,resize_0.25x,0.059904,0,1
data\val\real\000000051976.jpg,0,real,resize_0.25x,0.143874,0,1
data\val\real\000000052007.jpg,0,real,resize_0.25x,0.074101,0,1
data\val\real\000000052017.jpg,0,real,resize_0.25x,0.118626,0,1
data\val\real\000000052412.jpg,0,real,resize_0.25x,0.527738,1,0
data\val\real\000000052413.jpg,0,real,resize_0.25x,0.000455,0,1
data\val\real\000000052462.jpg,0,real,resize_0.25x,0.111729,0,1
data\val\real\000000052507.jpg,0,real,resize_0.25x,0.036353,0,1
data\val\real\000000052565.jpg,0,real,resize_0.25x,0.271213,0,1
data\val\real\000000052591.jpg,0,real,resize_0.25x,0.031285,0,1
data\val\real\000000052891.jpg,0,real,resize_0.25x,0.020360,0,1
data\val\real\000000052996.jpg,0,real,resize_0.25x,0.048439,0,1
data\val\real\000000053505.jpg,0,real,resize_0.25x,0.151258,0,1
data\val\real\000000053529.jpg,0,real,resize_0.25x,0.013443,0,1
data\val\real\000000053624.jpg,0,real,resize_0.25x,0.019333,0,1
data\val\real\000000053626.jpg,0,real,resize_0.25x,0.002625,0,1
data\val\real\000000053909.jpg,0,real,resize_0.25x,0.063728,0,1
data\val\real\000000053994.jpg,0,real,resize_0.25x,0.088935,0,1
data\val\real\000000054123.jpg,0,real,resize_0.25x,0.084370,0,1
data\val\real\000000054164.jpg,0,real,resize_0.25x,0.024863,0,1
data\val\real\000000054592.jpg,0,real,resize_0.25x,0.046618,0,1
data\val\real\000000054593.jpg,0,real,resize_0.25x,0.036977,0,1
data\val\real\000000054605.jpg,0,real,resize_0.25x,0.021764,0,1
data\val\real\000000054628.jpg,0,real,resize_0.25x,0.009577,0,1
data\val\real\000000054654.jpg,0,real,resize_0.25x,0.003852,0,1
data\val\real\000000054931.jpg,0,real,resize_0.25x,0.300658,0,1
data\val\real\000000054967.jpg,0,real,resize_0.25x,0.444663,0,1
data\val\real\000000055002.jpg,0,real,resize_0.25x,0.016806,0,1
data\val\real\000000055022.jpg,0,real,resize_0.25x,0.155190,0,1
data\val\real\000000055072.jpg,0,real,resize_0.25x,0.158763,0,1
data\val\real\000000055150.jpg,0,real,resize_0.25x,0.040716,0,1
data\val\real\000000055167.jpg,0,real,resize_0.25x,0.011772,0,1
data\val\real\000000055299.jpg,0,real,resize_0.25x,0.067780,0,1
data\val\real\000000055528.jpg,0,real,resize_0.25x,0.002823,0,1
data\val\real\000000055950.jpg,0,real,resize_0.25x,0.025559,0,1
data\val\real\000000056127.jpg,0,real,resize_0.25x,0.466847,0,1
data\val\real\000000056288.jpg,0,real,resize_0.25x,0.031100,0,1
data\val\real\000000056344.jpg,0,real,resize_0.25x,0.485548,0,1
data\val\real\000000056350.jpg,0,real,resize_0.25x,0.235879,0,1
data\val\real\000000056545.jpg,0,real,resize_0.25x,0.013559,0,1
data\val\ai\ai_000001.png,1,ai,resize_0.25x,0.966059,1,1
data\val\ai\ai_000002.png,1,ai,resize_0.25x,0.970114,1,1
data\val\ai\ai_000003.png,1,ai,resize_0.25x,0.856179,1,1
data\val\ai\ai_000004.png,1,ai,resize_0.25x,0.975109,1,1
data\val\ai\ai_000005.png,1,ai,resize_0.25x,0.984138,1,1
data\val\ai\ai_000006.png,1,ai,resize_0.25x,0.929345,1,1
data\val\ai\ai_000007.png,1,ai,resize_0.25x,0.929438,1,1
data\val\ai\ai_000008.png,1,ai,resize_0.25x,0.689833,1,1
data\val\ai\ai_000009.png,1,ai,resize_0.25x,0.669248,1,1
data\val\ai\ai_000010.png,1,ai,resize_0.25x,0.889977,1,1
data\val\ai\ai_000011.png,1,ai,resize_0.25x,0.956548,1,1
data\val\ai\ai_000012.png,1,ai,resize_0.25x,0.977376,1,1
data\val\ai\ai_000013.png,1,ai,resize_0.25x,0.988558,1,1
data\val\ai\ai_000014.png,1,ai,resize_0.25x,0.972868,1,1
data\val\ai\ai_000015.png,1,ai,resize_0.25x,0.950396,1,1
data\val\ai\ai_000016.png,1,ai,resize_0.25x,0.893146,1,1
data\val\ai\ai_000017.png,1,ai,resize_0.25x,0.799335,1,1
data\val\ai\ai_000018.png,1,ai,resize_0.25x,0.984555,1,1
data\val\ai\ai_000019.png,1,ai,resize_0.25x,0.451456,0,0
data\val\ai\ai_000020.png,1,ai,resize_0.25x,0.777679,1,1
data\val\ai\ai_000021.png,1,ai,resize_0.25x,0.993469,1,1
data\val\ai\ai_000022.png,1,ai,resize_0.25x,0.515578,1,1
data\val\ai\ai_000023.png,1,ai,resize_0.25x,0.889809,1,1
data\val\ai\ai_000024.png,1,ai,resize_0.25x,0.917030,1,1
data\val\ai\ai_000025.png,1,ai,resize_0.25x,0.952958,1,1
data\val\ai\ai_000026.png,1,ai,resize_0.25x,0.508539,1,1
data\val\ai\ai_000027.png,1,ai,resize_0.25x,0.951581,1,1
data\val\ai\ai_000028.png,1,ai,resize_0.25x,0.920878,1,1
data\val\ai\ai_000029.png,1,ai,resize_0.25x,0.972786,1,1
data\val\ai\ai_000030.png,1,ai,resize_0.25x,0.233901,0,0
data\val\ai\ai_000031.png,1,ai,resize_0.25x,0.429479,0,0
data\val\ai\ai_000032.png,1,ai,resize_0.25x,0.875786,1,1
data\val\ai\ai_000033.png,1,ai,resize_0.25x,0.946689,1,1
data\val\ai\ai_000034.png,1,ai,resize_0.25x,0.972160,1,1
data\val\ai\ai_000035.png,1,ai,resize_0.25x,0.996717,1,1
data\val\ai\ai_000036.png,1,ai,resize_0.25x,0.977968,1,1
data\val\ai\ai_000037.png,1,ai,resize_0.25x,0.964761,1,1
data\val\ai\ai_000038.png,1,ai,resize_0.25x,0.793482,1,1
data\val\ai\ai_000039.png,1,ai,resize_0.25x,0.984956,1,1
data\val\ai\ai_000040.png,1,ai,resize_0.25x,0.232826,0,0
data\val\ai\ai_000041.png,1,ai,resize_0.25x,0.998551,1,1
data\val\ai\ai_000042.png,1,ai,resize_0.25x,0.996946,1,1
data\val\ai\ai_000043.png,1,ai,resize_0.25x,0.998968,1,1
data\val\ai\ai_000044.png,1,ai,resize_0.25x,0.733778,1,1
data\val\ai\ai_000045.png,1,ai,resize_0.25x,0.994496,1,1
data\val\ai\ai_000046.png,1,ai,resize_0.25x,0.735739,1,1
data\val\ai\ai_000047.png,1,ai,resize_0.25x,0.846640,1,1
data\val\ai\ai_000048.png,1,ai,resize_0.25x,0.887532,1,1
data\val\ai\ai_000049.png,1,ai,resize_0.25x,0.968716,1,1
data\val\ai\ai_000050.png,1,ai,resize_0.25x,0.894967,1,1
data\val\ai\ai_000051.png,1,ai,resize_0.25x,0.962055,1,1
data\val\ai\ai_000052.png,1,ai,resize_0.25x,0.990703,1,1
data\val\ai\ai_000053.png,1,ai,resize_0.25x,0.989231,1,1
data\val\ai\ai_000054.png,1,ai,resize_0.25x,0.975310,1,1
data\val\ai\ai_000055.png,1,ai,resize_0.25x,0.732741,1,1
data\val\ai\ai_000056.png,1,ai,resize_0.25x,0.470901,0,0
data\val\ai\ai_000057.png,1,ai,resize_0.25x,0.943141,1,1
data\val\ai\ai_000058.png,1,ai,resize_0.25x,0.146865,0,0
data\val\ai\ai_000059.png,1,ai,resize_0.25x,0.965552,1,1
data\val\ai\ai_000060.png,1,ai,resize_0.25x,0.756253,1,1
data\val\ai\ai_000061.png,1,ai,resize_0.25x,0.960008,1,1
data\val\ai\ai_000062.png,1,ai,resize_0.25x,0.988395,1,1
data\val\ai\ai_000063.png,1,ai,resize_0.25x,0.984012,1,1
data\val\ai\ai_000064.png,1,ai,resize_0.25x,0.419800,0,0
data\val\ai\ai_000065.png,1,ai,resize_0.25x,0.819390,1,1
data\val\ai\ai_000066.png,1,ai,resize_0.25x,0.800172,1,1
data\val\ai\ai_000067.png,1,ai,resize_0.25x,0.972491,1,1
data\val\ai\ai_000068.png,1,ai,resize_0.25x,0.854621,1,1
data\val\ai\ai_000069.png,1,ai,resize_0.25x,0.997250,1,1
data\val\ai\ai_000070.png,1,ai,resize_0.25x,0.580854,1,1
data\val\ai\ai_000071.png,1,ai,resize_0.25x,0.988126,1,1
data\val\ai\ai_000072.png,1,ai,resize_0.25x,0.809574,1,1
data\val\ai\ai_000073.png,1,ai,resize_0.25x,0.985108,1,1
data\val\ai\ai_000074.png,1,ai,resize_0.25x,0.996918,1,1
data\val\ai\ai_000075.png,1,ai,resize_0.25x,0.954789,1,1
data\val\ai\ai_000076.png,1,ai,resize_0.25x,0.800518,1,1
data\val\ai\ai_000077.png,1,ai,resize_0.25x,0.973440,1,1
data\val\ai\ai_000078.png,1,ai,resize_0.25x,0.293395,0,0
data\val\ai\ai_000079.png,1,ai,resize_0.25x,0.799870,1,1
data\val\ai\ai_000080.png,1,ai,resize_0.25x,0.756982,1,1
data\val\ai\ai_000081.png,1,ai,resize_0.25x,0.992603,1,1
data\val\ai\ai_000082.png,1,ai,resize_0.25x,0.989841,1,1
data\val\ai\ai_000083.png,1,ai,resize_0.25x,0.909887,1,1
data\val\ai\ai_000084.png,1,ai,resize_0.25x,0.926658,1,1
data\val\ai\ai_000085.png,1,ai,resize_0.25x,0.963571,1,1
data\val\ai\ai_000086.png,1,ai,resize_0.25x,0.416561,0,0
data\val\ai\ai_000087.png,1,ai,resize_0.25x,0.985412,1,1
data\val\ai\ai_000088.png,1,ai,resize_0.25x,0.744862,1,1
data\val\ai\ai_000089.png,1,ai,resize_0.25x,0.550973,1,1
data\val\ai\ai_000090.png,1,ai,resize_0.25x,0.576571,1,1
data\val\ai\ai_000091.png,1,ai,resize_0.25x,0.875262,1,1
data\val\ai\ai_000092.png,1,ai,resize_0.25x,0.995883,1,1
data\val\ai\ai_000093.png,1,ai,resize_0.25x,0.893983,1,1
data\val\ai\ai_000094.png,1,ai,resize_0.25x,0.994897,1,1
data\val\ai\ai_000095.png,1,ai,resize_0.25x,0.954156,1,1
data\val\ai\ai_000096.png,1,ai,resize_0.25x,0.979776,1,1
data\val\ai\ai_000097.png,1,ai,resize_0.25x,0.591642,1,1
data\val\ai\ai_000098.png,1,ai,resize_0.25x,0.545587,1,1
data\val\ai\ai_000099.png,1,ai,resize_0.25x,0.683346,1,1
data\val\ai\ai_000100.png,1,ai,resize_0.25x,0.935461,1,1
data\val\ai\ai_000101.png,1,ai,resize_0.25x,0.975550,1,1
data\val\ai\ai_000102.png,1,ai,resize_0.25x,0.459786,0,0
data\val\ai\ai_000103.png,1,ai,resize_0.25x,0.877434,1,1
data\val\ai\ai_000104.png,1,ai,resize_0.25x,0.964832,1,1
data\val\ai\ai_000105.png,1,ai,resize_0.25x,0.633612,1,1
data\val\ai\ai_000106.png,1,ai,resize_0.25x,0.637966,1,1
data\val\ai\ai_000107.png,1,ai,resize_0.25x,0.954913,1,1
data\val\ai\ai_000108.png,1,ai,resize_0.25x,0.992517,1,1
data\val\ai\ai_000109.png,1,ai,resize_0.25x,0.999328,1,1
data\val\ai\ai_000110.png,1,ai,resize_0.25x,0.755514,1,1
data\val\ai\ai_000111.png,1,ai,resize_0.25x,0.938234,1,1
data\val\ai\ai_000112.png,1,ai,resize_0.25x,0.735164,1,1
data\val\ai\ai_000113.png,1,ai,resize_0.25x,0.869839,1,1
data\val\ai\ai_000114.png,1,ai,resize_0.25x,0.989206,1,1
data\val\ai\ai_000115.png,1,ai,resize_0.25x,0.918811,1,1
data\val\ai\ai_000116.png,1,ai,resize_0.25x,0.941809,1,1
data\val\ai\ai_000117.png,1,ai,resize_0.25x,0.960261,1,1
data\val\ai\ai_000118.png,1,ai,resize_0.25x,0.951745,1,1
data\val\ai\ai_000119.png,1,ai,resize_0.25x,0.819356,1,1
data\val\ai\ai_000120.png,1,ai,resize_0.25x,0.883463,1,1
data\val\ai\ai_000121.png,1,ai,resize_0.25x,0.999210,1,1
data\val\ai\ai_000122.png,1,ai,resize_0.25x,0.989897,1,1
data\val\ai\ai_000123.png,1,ai,resize_0.25x,0.754190,1,1
data\val\ai\ai_000124.png,1,ai,resize_0.25x,0.799624,1,1
data\val\ai\ai_000125.png,1,ai,resize_0.25x,0.996876,1,1
data\val\ai\ai_000126.png,1,ai,resize_0.25x,0.865347,1,1
data\val\ai\ai_000127.png,1,ai,resize_0.25x,0.996671,1,1
data\val\ai\ai_000128.png,1,ai,resize_0.25x,0.962773,1,1
data\val\ai\ai_000129.png,1,ai,resize_0.25x,0.963025,1,1
data\val\ai\ai_000130.png,1,ai,resize_0.25x,0.691194,1,1
data\val\ai\ai_000131.png,1,ai,resize_0.25x,0.983043,1,1
data\val\ai\ai_000132.png,1,ai,resize_0.25x,0.892352,1,1
data\val\ai\ai_000133.png,1,ai,resize_0.25x,0.967426,1,1
data\val\ai\ai_000134.png,1,ai,resize_0.25x,0.988589,1,1
data\val\ai\ai_000135.png,1,ai,resize_0.25x,0.994078,1,1
data\val\ai\ai_000136.png,1,ai,resize_0.25x,0.510501,1,1
data\val\ai\ai_000137.png,1,ai,resize_0.25x,0.892264,1,1
data\val\ai\ai_000138.png,1,ai,resize_0.25x,0.776852,1,1
data\val\ai\ai_000139.png,1,ai,resize_0.25x,0.911494,1,1
data\val\ai\ai_000140.png,1,ai,resize_0.25x,0.669313,1,1
data\val\ai\ai_000141.png,1,ai,resize_0.25x,0.997940,1,1
data\val\ai\ai_000142.png,1,ai,resize_0.25x,0.957060,1,1
data\val\ai\ai_000143.png,1,ai,resize_0.25x,0.989791,1,1
data\val\ai\ai_000144.png,1,ai,resize_0.25x,0.989218,1,1
data\val\ai\ai_000145.png,1,ai,resize_0.25x,0.974732,1,1
data\val\ai\ai_000146.png,1,ai,resize_0.25x,0.954269,1,1
data\val\ai\ai_000147.png,1,ai,resize_0.25x,0.934114,1,1
data\val\ai\ai_000148.png,1,ai,resize_0.25x,0.071631,0,0
data\val\ai\ai_000149.png,1,ai,resize_0.25x,0.989575,1,1
data\val\ai\ai_000150.png,1,ai,resize_0.25x,0.920650,1,1
data\val\ai\ai_000151.png,1,ai,resize_0.25x,0.730228,1,1
data\val\ai\ai_000152.png,1,ai,resize_0.25x,0.793060,1,1
data\val\ai\ai_000153.png,1,ai,resize_0.25x,0.988896,1,1
data\val\ai\ai_000154.png,1,ai,resize_0.25x,0.976965,1,1
data\val\ai\ai_000155.png,1,ai,resize_0.25x,0.961791,1,1
data\val\ai\ai_000156.png,1,ai,resize_0.25x,0.074557,0,0
data\val\ai\ai_000157.png,1,ai,resize_0.25x,0.879992,1,1
data\val\ai\ai_000158.png,1,ai,resize_0.25x,0.075878,0,0
data\val\ai\ai_000159.png,1,ai,resize_0.25x,0.997179,1,1
data\val\ai\ai_000160.png,1,ai,resize_0.25x,0.032460,0,0
data\val\ai\ai_000161.png,1,ai,resize_0.25x,0.946157,1,1
data\val\ai\ai_000162.png,1,ai,resize_0.25x,0.881275,1,1
data\val\ai\ai_000163.png,1,ai,resize_0.25x,0.937042,1,1
data\val\ai\ai_000164.png,1,ai,resize_0.25x,0.997197,1,1
data\val\ai\ai_000165.png,1,ai,resize_0.25x,0.999586,1,1
data\val\ai\ai_000166.png,1,ai,resize_0.25x,0.879809,1,1
data\val\ai\ai_000167.png,1,ai,resize_0.25x,0.937147,1,1
data\val\ai\ai_000168.png,1,ai,resize_0.25x,0.776426,1,1
data\val\ai\ai_000169.png,1,ai,resize_0.25x,0.986454,1,1
data\val\ai\ai_000170.png,1,ai,resize_0.25x,0.965203,1,1
data\val\ai\ai_000171.png,1,ai,resize_0.25x,0.915415,1,1
data\val\ai\ai_000172.png,1,ai,resize_0.25x,0.979899,1,1
data\val\ai\ai_000173.png,1,ai,resize_0.25x,0.945137,1,1
data\val\ai\ai_000174.png,1,ai,resize_0.25x,0.998182,1,1
data\val\ai\ai_000175.png,1,ai,resize_0.25x,0.980083,1,1
data\val\ai\ai_000176.png,1,ai,resize_0.25x,0.968820,1,1
data\val\ai\ai_000177.png,1,ai,resize_0.25x,0.918618,1,1
data\val\ai\ai_000178.png,1,ai,resize_0.25x,0.202626,0,0
data\val\ai\ai_000179.png,1,ai,resize_0.25x,0.996726,1,1
data\val\ai\ai_000180.png,1,ai,resize_0.25x,0.890305,1,1
data\val\ai\ai_000181.png,1,ai,resize_0.25x,0.986846,1,1
data\val\ai\ai_000182.png,1,ai,resize_0.25x,0.906825,1,1
data\val\ai\ai_000183.png,1,ai,resize_0.25x,0.860000,1,1
data\val\ai\ai_000184.png,1,ai,resize_0.25x,0.977417,1,1
data\val\ai\ai_000185.png,1,ai,resize_0.25x,0.969779,1,1
data\val\ai\ai_000186.png,1,ai,resize_0.25x,0.565858,1,1
data\val\ai\ai_000187.png,1,ai,resize_0.25x,0.966783,1,1
data\val\ai\ai_000188.png,1,ai,resize_0.25x,0.156828,0,0
data\val\ai\ai_000189.png,1,ai,resize_0.25x,0.976070,1,1
data\val\ai\ai_000190.png,1,ai,resize_0.25x,0.888644,1,1
data\val\ai\ai_000191.png,1,ai,resize_0.25x,0.965688,1,1
data\val\ai\ai_000192.png,1,ai,resize_0.25x,0.994547,1,1
data\val\ai\ai_000193.png,1,ai,resize_0.25x,0.999496,1,1
data\val\ai\ai_000194.png,1,ai,resize_0.25x,0.942018,1,1
data\val\ai\ai_000195.png,1,ai,resize_0.25x,0.985367,1,1
data\val\ai\ai_000196.png,1,ai,resize_0.25x,0.979907,1,1
data\val\ai\ai_000197.png,1,ai,resize_0.25x,0.928578,1,1
data\val\ai\ai_000198.png,1,ai,resize_0.25x,0.961636,1,1
data\val\ai\ai_000199.png,1,ai,resize_0.25x,0.933039,1,1
data\val\ai\ai_000200.png,1,ai,resize_0.25x,0.846057,1,1
data\val\ai\ai_000201.png,1,ai,resize_0.25x,0.940149,1,1
data\val\ai\ai_000202.png,1,ai,resize_0.25x,0.763198,1,1
data\val\ai\ai_000203.png,1,ai,resize_0.25x,0.969897,1,1
data\val\ai\ai_000204.png,1,ai,resize_0.25x,0.988142,1,1
data\val\ai\ai_000205.png,1,ai,resize_0.25x,0.945541,1,1
data\val\ai\ai_000206.png,1,ai,resize_0.25x,0.989816,1,1
data\val\ai\ai_000207.png,1,ai,resize_0.25x,0.956457,1,1
data\val\ai\ai_000208.png,1,ai,resize_0.25x,0.885893,1,1
data\val\ai\ai_000209.png,1,ai,resize_0.25x,0.989860,1,1
data\val\ai\ai_000210.png,1,ai,resize_0.25x,0.854088,1,1
data\val\ai\ai_000211.png,1,ai,resize_0.25x,0.994401,1,1
data\val\ai\ai_000212.png,1,ai,resize_0.25x,0.997949,1,1
data\val\ai\ai_000213.png,1,ai,resize_0.25x,0.880659,1,1
data\val\ai\ai_000214.png,1,ai,resize_0.25x,0.996903,1,1
data\val\ai\ai_000215.png,1,ai,resize_0.25x,0.926090,1,1
data\val\ai\ai_000216.png,1,ai,resize_0.25x,0.878575,1,1
data\val\ai\ai_000217.png,1,ai,resize_0.25x,0.678404,1,1
data\val\ai\ai_000218.png,1,ai,resize_0.25x,0.488011,0,0
data\val\ai\ai_000219.png,1,ai,resize_0.25x,0.944586,1,1
data\val\ai\ai_000220.png,1,ai,resize_0.25x,0.238238,0,0
data\val\ai\ai_000221.png,1,ai,resize_0.25x,0.972376,1,1
data\val\ai\ai_000222.png,1,ai,resize_0.25x,0.769993,1,1
data\val\ai\ai_000223.png,1,ai,resize_0.25x,0.978029,1,1
data\val\ai\ai_000224.png,1,ai,resize_0.25x,0.952623,1,1
data\val\ai\ai_000225.png,1,ai,resize_0.25x,0.972455,1,1
data\val\ai\ai_000226.png,1,ai,resize_0.25x,0.826523,1,1
data\val\ai\ai_000227.png,1,ai,resize_0.25x,0.977378,1,1
data\val\ai\ai_000228.png,1,ai,resize_0.25x,0.012969,0,0
data\val\ai\ai_000229.png,1,ai,resize_0.25x,0.965963,1,1
data\val\ai\ai_000230.png,1,ai,resize_0.25x,0.945840,1,1
data\val\ai\ai_000231.png,1,ai,resize_0.25x,0.999025,1,1
data\val\ai\ai_000232.png,1,ai,resize_0.25x,0.873965,1,1
data\val\ai\ai_000233.png,1,ai,resize_0.25x,0.922903,1,1
data\val\ai\ai_000234.png,1,ai,resize_0.25x,0.999267,1,1
data\val\ai\ai_000235.png,1,ai,resize_0.25x,0.976721,1,1
data\val\ai\ai_000236.png,1,ai,resize_0.25x,0.615691,1,1
data\val\ai\ai_000237.png,1,ai,resize_0.25x,0.817802,1,1
data\val\ai\ai_000238.png,1,ai,resize_0.25x,0.700759,1,1
data\val\ai\ai_000239.png,1,ai,resize_0.25x,0.647979,1,1
data\val\ai\ai_000240.png,1,ai,resize_0.25x,0.429598,0,0
data\val\ai\ai_000241.png,1,ai,resize_0.25x,0.920374,1,1
data\val\ai\ai_000242.png,1,ai,resize_0.25x,0.991619,1,1
data\val\ai\ai_000243.png,1,ai,resize_0.25x,0.966869,1,1
data\val\ai\ai_000244.png,1,ai,resize_0.25x,0.995959,1,1
data\val\ai\ai_000245.png,1,ai,resize_0.25x,0.832895,1,1
data\val\ai\ai_000246.png,1,ai,resize_0.25x,0.989781,1,1
data\val\ai\ai_000247.png,1,ai,resize_0.25x,0.657522,1,1
data\val\ai\ai_000248.png,1,ai,resize_0.25x,0.991920,1,1
data\val\ai\ai_000249.png,1,ai,resize_0.25x,0.984155,1,1
data\val\ai\ai_000250.png,1,ai,resize_0.25x,0.336477,0,0
data\val\ai\ai_000251.png,1,ai,resize_0.25x,0.888230,1,1
data\val\ai\ai_000252.png,1,ai,resize_0.25x,0.982655,1,1
data\val\ai\ai_000253.png,1,ai,resize_0.25x,0.987867,1,1
data\val\ai\ai_000254.png,1,ai,resize_0.25x,0.946334,1,1
data\val\ai\ai_000255.png,1,ai,resize_0.25x,0.639334,1,1
data\val\ai\ai_000256.png,1,ai,resize_0.25x,0.348468,0,0
data\val\ai\ai_000257.png,1,ai,resize_0.25x,0.415207,0,0
data\val\ai\ai_000258.png,1,ai,resize_0.25x,0.610724,1,1
data\val\ai\ai_000259.png,1,ai,resize_0.25x,0.991729,1,1
data\val\ai\ai_000260.png,1,ai,resize_0.25x,0.451173,0,0
data\val\ai\ai_000261.png,1,ai,resize_0.25x,0.946475,1,1
data\val\ai\ai_000262.png,1,ai,resize_0.25x,0.996155,1,1
data\val\ai\ai_000263.png,1,ai,resize_0.25x,0.881130,1,1
data\val\ai\ai_000264.png,1,ai,resize_0.25x,0.997699,1,1
data\val\ai\ai_000265.png,1,ai,resize_0.25x,0.971676,1,1
data\val\ai\ai_000266.png,1,ai,resize_0.25x,0.896434,1,1
data\val\ai\ai_000267.png,1,ai,resize_0.25x,0.973931,1,1
data\val\ai\ai_000268.png,1,ai,resize_0.25x,0.925896,1,1
data\val\ai\ai_000269.png,1,ai,resize_0.25x,0.964756,1,1
data\val\ai\ai_000270.png,1,ai,resize_0.25x,0.723069,1,1
data\val\ai\ai_000271.png,1,ai,resize_0.25x,0.910905,1,1
data\val\ai\ai_000272.png,1,ai,resize_0.25x,0.987952,1,1
data\val\ai\ai_000273.png,1,ai,resize_0.25x,0.989266,1,1
data\val\ai\ai_000274.png,1,ai,resize_0.25x,0.966908,1,1
data\val\ai\ai_000275.png,1,ai,resize_0.25x,0.976952,1,1
data\val\ai\ai_000276.png,1,ai,resize_0.25x,0.948360,1,1
data\val\ai\ai_000277.png,1,ai,resize_0.25x,0.960353,1,1
data\val\ai\ai_000278.png,1,ai,resize_0.25x,0.979912,1,1
data\val\ai\ai_000279.png,1,ai,resize_0.25x,0.946886,1,1
data\val\ai\ai_000280.png,1,ai,resize_0.25x,0.788740,1,1
data\val\ai\ai_000281.png,1,ai,resize_0.25x,0.810731,1,1
data\val\ai\ai_000282.png,1,ai,resize_0.25x,0.554531,1,1
data\val\ai\ai_000283.png,1,ai,resize_0.25x,0.993521,1,1
data\val\ai\ai_000284.png,1,ai,resize_0.25x,0.964284,1,1
data\val\ai\ai_000285.png,1,ai,resize_0.25x,0.991020,1,1
data\val\ai\ai_000286.png,1,ai,resize_0.25x,0.986403,1,1
data\val\ai\ai_000287.png,1,ai,resize_0.25x,0.987898,1,1
data\val\ai\ai_000288.png,1,ai,resize_0.25x,0.073722,0,0
data\val\ai\ai_000289.png,1,ai,resize_0.25x,0.993217,1,1
data\val\ai\ai_000290.png,1,ai,resize_0.25x,0.555537,1,1
data\val\ai\ai_000291.png,1,ai,resize_0.25x,0.980963,1,1
data\val\ai\ai_000292.png,1,ai,resize_0.25x,0.994201,1,1
data\val\ai\ai_000293.png,1,ai,resize_0.25x,0.251220,0,0
data\val\ai\ai_000294.png,1,ai,resize_0.25x,0.982207,1,1
data\val\ai\ai_000295.png,1,ai,resize_0.25x,0.896799,1,1
data\val\ai\ai_000296.png,1,ai,resize_0.25x,0.976716,1,1
data\val\ai\ai_000297.png,1,ai,resize_0.25x,0.994997,1,1
data\val\ai\ai_000298.png,1,ai,resize_0.25x,0.962248,1,1
data\val\ai\ai_000299.png,1,ai,resize_0.25x,0.971778,1,1
data\val\ai\ai_000300.png,1,ai,resize_0.25x,0.492594,0,0
data\val\ai\ai_000301.png,1,ai,resize_0.25x,0.905064,1,1
data\val\ai\ai_000302.png,1,ai,resize_0.25x,0.362822,0,0
data\val\ai\ai_000303.png,1,ai,resize_0.25x,0.977310,1,1
data\val\ai\ai_000304.png,1,ai,resize_0.25x,0.995150,1,1
data\val\ai\ai_000305.png,1,ai,resize_0.25x,0.851922,1,1
data\val\ai\ai_000306.png,1,ai,resize_0.25x,0.976719,1,1
data\val\ai\ai_000307.png,1,ai,resize_0.25x,0.949796,1,1
data\val\ai\ai_000308.png,1,ai,resize_0.25x,0.685652,1,1
data\val\ai\ai_000309.png,1,ai,resize_0.25x,0.949073,1,1
data\val\ai\ai_000310.png,1,ai,resize_0.25x,0.799928,1,1
data\val\ai\ai_000311.png,1,ai,resize_0.25x,0.822381,1,1
data\val\ai\ai_000312.png,1,ai,resize_0.25x,0.888107,1,1
data\val\ai\ai_000313.png,1,ai,resize_0.25x,0.583130,1,1
data\val\ai\ai_000314.png,1,ai,resize_0.25x,0.987843,1,1
data\val\ai\ai_000315.png,1,ai,resize_0.25x,0.977891,1,1
data\val\ai\ai_000316.png,1,ai,resize_0.25x,0.970986,1,1
data\val\ai\ai_000317.png,1,ai,resize_0.25x,0.993832,1,1
data\val\ai\ai_000318.png,1,ai,resize_0.25x,0.058907,0,0
data\val\ai\ai_000319.png,1,ai,resize_0.25x,0.854286,1,1
data\val\ai\ai_000320.png,1,ai,resize_0.25x,0.951431,1,1
data\val\ai\ai_000321.png,1,ai,resize_0.25x,0.965389,1,1
data\val\ai\ai_000322.png,1,ai,resize_0.25x,0.865446,1,1
data\val\ai\ai_000323.png,1,ai,resize_0.25x,0.994146,1,1
data\val\ai\ai_000324.png,1,ai,resize_0.25x,0.993135,1,1
data\val\ai\ai_000325.png,1,ai,resize_0.25x,0.980245,1,1
data\val\ai\ai_000326.png,1,ai,resize_0.25x,0.990666,1,1
data\val\ai\ai_000327.png,1,ai,resize_0.25x,0.996667,1,1
data\val\ai\ai_000328.png,1,ai,resize_0.25x,0.679296,1,1
data\val\ai\ai_000329.png,1,ai,resize_0.25x,0.804769,1,1
data\val\ai\ai_000330.png,1,ai,resize_0.25x,0.785947,1,1
data\val\ai\ai_000331.png,1,ai,resize_0.25x,0.970178,1,1
data\val\ai\ai_000332.png,1,ai,resize_0.25x,0.507269,1,1
data\val\ai\ai_000333.png,1,ai,resize_0.25x,0.990077,1,1
data\val\ai\ai_000334.png,1,ai,resize_0.25x,0.883361,1,1
data\val\ai\ai_000335.png,1,ai,resize_0.25x,0.971859,1,1
data\val\ai\ai_000336.png,1,ai,resize_0.25x,0.550545,1,1
data\val\ai\ai_000337.png,1,ai,resize_0.25x,0.992473,1,1
data\val\ai\ai_000338.png,1,ai,resize_0.25x,0.069362,0,0
data\val\ai\ai_000339.png,1,ai,resize_0.25x,0.995709,1,1
data\val\ai\ai_000340.png,1,ai,resize_0.25x,0.956802,1,1
data\val\ai\ai_000341.png,1,ai,resize_0.25x,0.914112,1,1
data\val\ai\ai_000342.png,1,ai,resize_0.25x,0.116231,0,0
data\val\ai\ai_000343.png,1,ai,resize_0.25x,0.988354,1,1
data\val\ai\ai_000344.png,1,ai,resize_0.25x,0.946041,1,1
data\val\ai\ai_000345.png,1,ai,resize_0.25x,0.903729,1,1
data\val\ai\ai_000346.png,1,ai,resize_0.25x,0.989258,1,1
data\val\ai\ai_000347.png,1,ai,resize_0.25x,0.793616,1,1
data\val\ai\ai_000348.png,1,ai,resize_0.25x,0.967036,1,1
data\val\ai\ai_000349.png,1,ai,resize_0.25x,0.995224,1,1
data\val\ai\ai_000350.png,1,ai,resize_0.25x,0.615239,1,1
data\val\ai\ai_000351.png,1,ai,resize_0.25x,0.809497,1,1
data\val\ai\ai_000352.png,1,ai,resize_0.25x,0.771344,1,1
data\val\ai\ai_000353.png,1,ai,resize_0.25x,0.837005,1,1
data\val\ai\ai_000354.png,1,ai,resize_0.25x,0.993543,1,1
data\val\ai\ai_000355.png,1,ai,resize_0.25x,0.991708,1,1
data\val\ai\ai_000356.png,1,ai,resize_0.25x,0.918347,1,1
data\val\ai\ai_000357.png,1,ai,resize_0.25x,0.947270,1,1
data\val\ai\ai_000358.png,1,ai,resize_0.25x,0.061773,0,0
data\val\ai\ai_000359.png,1,ai,resize_0.25x,0.985621,1,1
data\val\ai\ai_000360.png,1,ai,resize_0.25x,0.808132,1,1
data\val\ai\ai_000361.png,1,ai,resize_0.25x,0.980435,1,1
data\val\ai\ai_000362.png,1,ai,resize_0.25x,0.664129,1,1
data\val\ai\ai_000363.png,1,ai,resize_0.25x,0.992701,1,1
data\val\ai\ai_000364.png,1,ai,resize_0.25x,0.991155,1,1
data\val\ai\ai_000365.png,1,ai,resize_0.25x,0.773298,1,1
data\val\ai\ai_000366.png,1,ai,resize_0.25x,0.895703,1,1
data\val\ai\ai_000367.png,1,ai,resize_0.25x,0.956115,1,1
data\val\ai\ai_000368.png,1,ai,resize_0.25x,0.129635,0,0
data\val\ai\ai_000369.png,1,ai,resize_0.25x,0.967625,1,1
data\val\ai\ai_000370.png,1,ai,resize_0.25x,0.149071,0,0
data\val\ai\ai_000371.png,1,ai,resize_0.25x,0.770737,1,1
data\val\ai\ai_000372.png,1,ai,resize_0.25x,0.866213,1,1
data\val\ai\ai_000373.png,1,ai,resize_0.25x,0.788964,1,1
data\val\ai\ai_000374.png,1,ai,resize_0.25x,0.996062,1,1
data\val\ai\ai_000375.png,1,ai,resize_0.25x,0.995903,1,1
data\val\ai\ai_000376.png,1,ai,resize_0.25x,0.300277,0,0
data\val\ai\ai_000377.png,1,ai,resize_0.25x,0.943231,1,1
data\val\ai\ai_000378.png,1,ai,resize_0.25x,0.980963,1,1
data\val\ai\ai_000379.png,1,ai,resize_0.25x,0.923140,1,1
data\val\ai\ai_000380.png,1,ai,resize_0.25x,0.830091,1,1
data\val\ai\ai_000381.png,1,ai,resize_0.25x,0.719081,1,1
data\val\ai\ai_000382.png,1,ai,resize_0.25x,0.247813,0,0
data\val\ai\ai_000383.png,1,ai,resize_0.25x,0.959469,1,1
data\val\ai\ai_000384.png,1,ai,resize_0.25x,0.871892,1,1
data\val\ai\ai_000385.png,1,ai,resize_0.25x,0.957734,1,1
data\val\ai\ai_000386.png,1,ai,resize_0.25x,0.902254,1,1
data\val\ai\ai_000387.png,1,ai,resize_0.25x,0.974372,1,1
data\val\ai\ai_000388.png,1,ai,resize_0.25x,0.994177,1,1
data\val\ai\ai_000389.png,1,ai,resize_0.25x,0.852979,1,1
data\val\ai\ai_000390.png,1,ai,resize_0.25x,0.989075,1,1
data\val\ai\ai_000391.png,1,ai,resize_0.25x,0.842131,1,1
data\val\ai\ai_000392.png,1,ai,resize_0.25x,0.892479,1,1
data\val\ai\ai_000393.png,1,ai,resize_0.25x,0.992532,1,1
data\val\ai\ai_000394.png,1,ai,resize_0.25x,0.993003,1,1
data\val\ai\ai_000395.png,1,ai,resize_0.25x,0.953632,1,1
data\val\ai\ai_000396.png,1,ai,resize_0.25x,0.921524,1,1
data\val\ai\ai_000397.png,1,ai,resize_0.25x,0.958504,1,1
data\val\ai\ai_000398.png,1,ai,resize_0.25x,0.315249,0,0
data\val\ai\ai_000399.png,1,ai,resize_0.25x,0.972869,1,1
data\val\ai\ai_000400.png,1,ai,resize_0.25x,0.212879,0,0
data\val\ai\ai_000401.png,1,ai,resize_0.25x,0.988404,1,1
data\val\ai\ai_000402.png,1,ai,resize_0.25x,0.948249,1,1
data\val\ai\ai_000403.png,1,ai,resize_0.25x,0.935263,1,1
data\val\ai\ai_000404.png,1,ai,resize_0.25x,0.971153,1,1
data\val\ai\ai_000405.png,1,ai,resize_0.25x,0.996518,1,1
data\val\ai\ai_000406.png,1,ai,resize_0.25x,0.994479,1,1
data\val\ai\ai_000407.png,1,ai,resize_0.25x,0.863635,1,1
data\val\ai\ai_000408.png,1,ai,resize_0.25x,0.988145,1,1
data\val\ai\ai_000409.png,1,ai,resize_0.25x,0.945718,1,1
data\val\ai\ai_000410.png,1,ai,resize_0.25x,0.692942,1,1
data\val\ai\ai_000411.png,1,ai,resize_0.25x,0.977258,1,1
data\val\ai\ai_000412.png,1,ai,resize_0.25x,0.994338,1,1
data\val\ai\ai_000413.png,1,ai,resize_0.25x,0.953371,1,1
data\val\ai\ai_000414.png,1,ai,resize_0.25x,0.998962,1,1
data\val\ai\ai_000415.png,1,ai,resize_0.25x,0.996328,1,1
data\val\ai\ai_000416.png,1,ai,resize_0.25x,0.890222,1,1
data\val\ai\ai_000417.png,1,ai,resize_0.25x,0.976527,1,1
data\val\ai\ai_000418.png,1,ai,resize_0.25x,0.054476,0,0
data\val\ai\ai_000419.png,1,ai,resize_0.25x,0.894502,1,1
data\val\ai\ai_000420.png,1,ai,resize_0.25x,0.445999,0,0
data\val\ai\ai_000421.png,1,ai,resize_0.25x,0.993757,1,1
data\val\ai\ai_000422.png,1,ai,resize_0.25x,0.201986,0,0
data\val\ai\ai_000423.png,1,ai,resize_0.25x,0.933746,1,1
data\val\ai\ai_000424.png,1,ai,resize_0.25x,0.996981,1,1
data\val\ai\ai_000425.png,1,ai,resize_0.25x,0.948492,1,1
data\val\ai\ai_000426.png,1,ai,resize_0.25x,0.291139,0,0
data\val\ai\ai_000427.png,1,ai,resize_0.25x,0.972944,1,1
data\val\ai\ai_000428.png,1,ai,resize_0.25x,0.977153,1,1
data\val\ai\ai_000429.png,1,ai,resize_0.25x,0.986165,1,1
data\val\ai\ai_000430.png,1,ai,resize_0.25x,0.819281,1,1
data\val\ai\ai_000431.png,1,ai,resize_0.25x,0.900196,1,1
data\val\ai\ai_000432.png,1,ai,resize_0.25x,0.991364,1,1
data\val\ai\ai_000433.png,1,ai,resize_0.25x,0.997913,1,1
data\val\ai\ai_000434.png,1,ai,resize_0.25x,0.982317,1,1
data\val\ai\ai_000435.png,1,ai,resize_0.25x,0.936772,1,1
data\val\ai\ai_000436.png,1,ai,resize_0.25x,0.983113,1,1
data\val\ai\ai_000437.png,1,ai,resize_0.25x,0.955026,1,1
data\val\ai\ai_000438.png,1,ai,resize_0.25x,0.950559,1,1
data\val\ai\ai_000439.png,1,ai,resize_0.25x,0.613117,1,1
data\val\ai\ai_000440.png,1,ai,resize_0.25x,0.902046,1,1
data\val\ai\ai_000441.png,1,ai,resize_0.25x,0.796968,1,1
data\val\ai\ai_000442.png,1,ai,resize_0.25x,0.978354,1,1
data\val\ai\ai_000443.png,1,ai,resize_0.25x,0.984575,1,1
data\val\ai\ai_000444.png,1,ai,resize_0.25x,0.986438,1,1
data\val\ai\ai_000445.png,1,ai,resize_0.25x,0.933491,1,1
data\val\ai\ai_000446.png,1,ai,resize_0.25x,0.967229,1,1
data\val\ai\ai_000447.png,1,ai,resize_0.25x,0.970832,1,1
data\val\ai\ai_000448.png,1,ai,resize_0.25x,0.043807,0,0
data\val\ai\ai_000449.png,1,ai,resize_0.25x,0.998753,1,1
data\val\ai\ai_000450.png,1,ai,resize_0.25x,0.994358,1,1
data\val\ai\ai_000451.png,1,ai,resize_0.25x,0.818261,1,1
data\val\ai\ai_000452.png,1,ai,resize_0.25x,0.852590,1,1
data\val\ai\ai_000453.png,1,ai,resize_0.25x,0.994099,1,1
data\val\ai\ai_000454.png,1,ai,resize_0.25x,0.931549,1,1
data\val\ai\ai_000455.png,1,ai,resize_0.25x,0.973745,1,1
data\val\ai\ai_000456.png,1,ai,resize_0.25x,0.924177,1,1
data\val\ai\ai_000457.png,1,ai,resize_0.25x,0.917720,1,1
data\val\ai\ai_000458.png,1,ai,resize_0.25x,0.864611,1,1
data\val\ai\ai_000459.png,1,ai,resize_0.25x,0.764016,1,1
data\val\ai\ai_000460.png,1,ai,resize_0.25x,0.878125,1,1
data\val\ai\ai_000461.png,1,ai,resize_0.25x,0.921124,1,1
data\val\ai\ai_000462.png,1,ai,resize_0.25x,0.940741,1,1
data\val\ai\ai_000463.png,1,ai,resize_0.25x,0.994565,1,1
data\val\ai\ai_000464.png,1,ai,resize_0.25x,0.983073,1,1
data\val\ai\ai_000465.png,1,ai,resize_0.25x,0.973613,1,1
data\val\ai\ai_000466.png,1,ai,resize_0.25x,0.589050,1,1
data\val\ai\ai_000467.png,1,ai,resize_0.25x,0.782055,1,1
data\val\ai\ai_000468.png,1,ai,resize_0.25x,0.686879,1,1
data\val\ai\ai_000469.png,1,ai,resize_0.25x,0.987661,1,1
data\val\ai\ai_000470.png,1,ai,resize_0.25x,0.603399,1,1
data\val\ai\ai_000471.png,1,ai,resize_0.25x,0.993516,1,1
data\val\ai\ai_000472.png,1,ai,resize_0.25x,0.891551,1,1
data\val\ai\ai_000473.png,1,ai,resize_0.25x,0.603811,1,1
data\val\ai\ai_000474.png,1,ai,resize_0.25x,0.996027,1,1
data\val\ai\ai_000475.png,1,ai,resize_0.25x,0.996006,1,1
data\val\ai\ai_000476.png,1,ai,resize_0.25x,0.811667,1,1
data\val\ai\ai_000477.png,1,ai,resize_0.25x,0.992800,1,1
data\val\ai\ai_000478.png,1,ai,resize_0.25x,0.961131,1,1
data\val\ai\ai_000479.png,1,ai,resize_0.25x,0.857927,1,1
data\val\ai\ai_000480.png,1,ai,resize_0.25x,0.832375,1,1
data\val\ai\ai_000481.png,1,ai,resize_0.25x,0.996057,1,1
data\val\ai\ai_000482.png,1,ai,resize_0.25x,0.691009,1,1
data\val\ai\ai_000483.png,1,ai,resize_0.25x,0.616003,1,1
data\val\ai\ai_000484.png,1,ai,resize_0.25x,0.972713,1,1
data\val\ai\ai_000485.png,1,ai,resize_0.25x,0.900240,1,1
data\val\ai\ai_000486.png,1,ai,resize_0.25x,0.986102,1,1
data\val\ai\ai_000487.png,1,ai,resize_0.25x,0.927749,1,1
data\val\ai\ai_000488.png,1,ai,resize_0.25x,0.559175,1,1
data\val\ai\ai_000489.png,1,ai,resize_0.25x,0.965401,1,1
data\val\ai\ai_000490.png,1,ai,resize_0.25x,0.923224,1,1
data\val\ai\ai_000491.png,1,ai,resize_0.25x,0.916938,1,1
data\val\ai\ai_000492.png,1,ai,resize_0.25x,0.964242,1,1
data\val\ai\ai_000493.png,1,ai,resize_0.25x,0.912462,1,1
data\val\ai\ai_000494.png,1,ai,resize_0.25x,0.969780,1,1
data\val\ai\ai_000495.png,1,ai,resize_0.25x,0.981969,1,1
data\val\ai\ai_000496.png,1,ai,resize_0.25x,0.662885,1,1
data\val\ai\ai_000497.png,1,ai,resize_0.25x,0.968930,1,1
data\val\ai\ai_000498.png,1,ai,resize_0.25x,0.695014,1,1
data\val\ai\ai_000499.png,1,ai,resize_0.25x,0.996298,1,1
data\val\ai\ai_000500.png,1,ai,resize_0.25x,0.749693,1,1
data\val\real\000000000139.jpg,0,real,noise_s0.02,0.739388,1,0
data\val\real\000000000285.jpg,0,real,noise_s0.02,0.059994,0,1
data\val\real\000000000632.jpg,0,real,noise_s0.02,0.906247,1,0
data\val\real\000000000724.jpg,0,real,noise_s0.02,0.080713,0,1
data\val\real\000000000776.jpg,0,real,noise_s0.02,0.045931,0,1
data\val\real\000000000785.jpg,0,real,noise_s0.02,0.123214,0,1
data\val\real\000000000802.jpg,0,real,noise_s0.02,0.429255,0,1
data\val\real\000000000872.jpg,0,real,noise_s0.02,0.009033,0,1
data\val\real\000000000885.jpg,0,real,noise_s0.02,0.071689,0,1
data\val\real\000000001000.jpg,0,real,noise_s0.02,0.002173,0,1
data\val\real\000000001268.jpg,0,real,noise_s0.02,0.062299,0,1
data\val\real\000000001296.jpg,0,real,noise_s0.02,0.126308,0,1
data\val\real\000000001353.jpg,0,real,noise_s0.02,0.002054,0,1
data\val\real\000000001425.jpg,0,real,noise_s0.02,0.383685,0,1
data\val\real\000000001490.jpg,0,real,noise_s0.02,0.287839,0,1
data\val\real\000000001503.jpg,0,real,noise_s0.02,0.284364,0,1
data\val\real\000000001532.jpg,0,real,noise_s0.02,0.058266,0,1
data\val\real\000000001584.jpg,0,real,noise_s0.02,0.385716,0,1
data\val\real\000000001675.jpg,0,real,noise_s0.02,0.074250,0,1
data\val\real\000000001761.jpg,0,real,noise_s0.02,0.006113,0,1
data\val\real\000000001818.jpg,0,real,noise_s0.02,0.126284,0,1
data\val\real\000000001993.jpg,0,real,noise_s0.02,0.220211,0,1
data\val\real\000000002006.jpg,0,real,noise_s0.02,0.017511,0,1
data\val\real\000000002149.jpg,0,real,noise_s0.02,0.216312,0,1
data\val\real\000000002153.jpg,0,real,noise_s0.02,0.010165,0,1
data\val\real\000000002157.jpg,0,real,noise_s0.02,0.142509,0,1
data\val\real\000000002261.jpg,0,real,noise_s0.02,0.005090,0,1
data\val\real\000000002299.jpg,0,real,noise_s0.02,0.017226,0,1
data\val\real\000000002431.jpg,0,real,noise_s0.02,0.057175,0,1
data\val\real\000000002473.jpg,0,real,noise_s0.02,0.028834,0,1
data\val\real\000000002532.jpg,0,real,noise_s0.02,0.014728,0,1
data\val\real\000000002587.jpg,0,real,noise_s0.02,0.070144,0,1
data\val\real\000000002592.jpg,0,real,noise_s0.02,0.053668,0,1
data\val\real\000000002685.jpg,0,real,noise_s0.02,0.002938,0,1
data\val\real\000000002923.jpg,0,real,noise_s0.02,0.042366,0,1
data\val\real\000000003156.jpg,0,real,noise_s0.02,0.266114,0,1
data\val\real\000000003255.jpg,0,real,noise_s0.02,0.381140,0,1
data\val\real\000000003501.jpg,0,real,noise_s0.02,0.313414,0,1
data\val\real\000000003553.jpg,0,real,noise_s0.02,0.064507,0,1
data\val\real\000000003661.jpg,0,real,noise_s0.02,0.026396,0,1
data\val\real\000000003845.jpg,0,real,noise_s0.02,0.183903,0,1
data\val\real\000000003934.jpg,0,real,noise_s0.02,0.003280,0,1
data\val\real\000000004134.jpg,0,real,noise_s0.02,0.007356,0,1
data\val\real\000000004395.jpg,0,real,noise_s0.02,0.074435,0,1
data\val\real\000000004495.jpg,0,real,noise_s0.02,0.250541,0,1
data\val\real\000000004765.jpg,0,real,noise_s0.02,0.231874,0,1
data\val\real\000000004795.jpg,0,real,noise_s0.02,0.000999,0,1
data\val\real\000000005001.jpg,0,real,noise_s0.02,0.038403,0,1
data\val\real\000000005037.jpg,0,real,noise_s0.02,0.133551,0,1
data\val\real\000000005060.jpg,0,real,noise_s0.02,0.114367,0,1
data\val\real\000000005193.jpg,0,real,noise_s0.02,0.005498,0,1
data\val\real\000000005477.jpg,0,real,noise_s0.02,0.176407,0,1
data\val\real\000000005503.jpg,0,real,noise_s0.02,0.064352,0,1
data\val\real\000000005529.jpg,0,real,noise_s0.02,0.030285,0,1
data\val\real\000000005586.jpg,0,real,noise_s0.02,0.004967,0,1
data\val\real\000000005600.jpg,0,real,noise_s0.02,0.015867,0,1
data\val\real\000000005992.jpg,0,real,noise_s0.02,0.042508,0,1
data\val\real\000000006012.jpg,0,real,noise_s0.02,0.090628,0,1
data\val\real\000000006040.jpg,0,real,noise_s0.02,0.456328,0,1
data\val\real\000000006213.jpg,0,real,noise_s0.02,0.464213,0,1
data\val\real\000000006460.jpg,0,real,noise_s0.02,0.134539,0,1
data\val\real\000000006471.jpg,0,real,noise_s0.02,0.101028,0,1
data\val\real\000000006614.jpg,0,real,noise_s0.02,0.152539,0,1
data\val\real\000000006723.jpg,0,real,noise_s0.02,0.173310,0,1
data\val\real\000000006763.jpg,0,real,noise_s0.02,0.000270,0,1
data\val\real\000000006771.jpg,0,real,noise_s0.02,0.002585,0,1
data\val\real\000000006818.jpg,0,real,noise_s0.02,0.072992,0,1
data\val\real\000000006894.jpg,0,real,noise_s0.02,0.016721,0,1
data\val\real\000000006954.jpg,0,real,noise_s0.02,0.055720,0,1
data\val\real\000000007088.jpg,0,real,noise_s0.02,0.058593,0,1
data\val\real\000000007108.jpg,0,real,noise_s0.02,0.048575,0,1
data\val\real\000000007278.jpg,0,real,noise_s0.02,0.251523,0,1
data\val\real\000000007281.jpg,0,real,noise_s0.02,0.004003,0,1
data\val\real\000000007386.jpg,0,real,noise_s0.02,0.050829,0,1
data\val\real\000000007511.jpg,0,real,noise_s0.02,0.048236,0,1
data\val\real\000000007574.jpg,0,real,noise_s0.02,0.474085,0,1
data\val\real\000000007784.jpg,0,real,noise_s0.02,0.266120,0,1
data\val\real\000000007795.jpg,0,real,noise_s0.02,0.792723,1,0
data\val\real\000000007816.jpg,0,real,noise_s0.02,0.011451,0,1
data\val\real\000000007818.jpg,0,real,noise_s0.02,0.530267,1,0
data\val\real\000000007888.jpg,0,real,noise_s0.02,0.732433,1,0
data\val\real\000000007977.jpg,0,real,noise_s0.02,0.260464,0,1
data\val\real\000000007991.jpg,0,real,noise_s0.02,0.058140,0,1
data\val\real\000000008021.jpg,0,real,noise_s0.02,0.007411,0,1
data\val\real\000000008211.jpg,0,real,noise_s0.02,0.211408,0,1
data\val\real\000000008277.jpg,0,real,noise_s0.02,0.170408,0,1
data\val\real\000000008532.jpg,0,real,noise_s0.02,0.011715,0,1
data\val\real\000000008629.jpg,0,real,noise_s0.02,0.072084,0,1
data\val\real\000000008690.jpg,0,real,noise_s0.02,0.002266,0,1
data\val\real\000000008762.jpg,0,real,noise_s0.02,0.154554,0,1
data\val\real\000000008844.jpg,0,real,noise_s0.02,0.145719,0,1
data\val\real\000000008899.jpg,0,real,noise_s0.02,0.390365,0,1
data\val\real\000000009378.jpg,0,real,noise_s0.02,0.032502,0,1
data\val\real\000000009400.jpg,0,real,noise_s0.02,0.001376,0,1
data\val\real\000000009448.jpg,0,real,noise_s0.02,0.024668,0,1
data\val\real\000000009483.jpg,0,real,noise_s0.02,0.052461,0,1
data\val\real\000000009590.jpg,0,real,noise_s0.02,0.219064,0,1
data\val\real\000000009769.jpg,0,real,noise_s0.02,0.125738,0,1
data\val\real\000000009772.jpg,0,real,noise_s0.02,0.046536,0,1
data\val\real\000000009891.jpg,0,real,noise_s0.02,0.006482,0,1
data\val\real\000000009914.jpg,0,real,noise_s0.02,0.100070,0,1
data\val\real\000000010092.jpg,0,real,noise_s0.02,0.137723,0,1
data\val\real\000000010363.jpg,0,real,noise_s0.02,0.005143,0,1
data\val\real\000000010583.jpg,0,real,noise_s0.02,0.075457,0,1
data\val\real\000000010707.jpg,0,real,noise_s0.02,0.000263,0,1
data\val\real\000000010764.jpg,0,real,noise_s0.02,0.072198,0,1
data\val\real\000000010977.jpg,0,real,noise_s0.02,0.263746,0,1
data\val\real\000000010995.jpg,0,real,noise_s0.02,0.453328,0,1
data\val\real\000000011051.jpg,0,real,noise_s0.02,0.009581,0,1
data\val\real\000000011122.jpg,0,real,noise_s0.02,0.011322,0,1
data\val\real\000000011149.jpg,0,real,noise_s0.02,0.019177,0,1
data\val\real\000000011197.jpg,0,real,noise_s0.02,0.019430,0,1
data\val\real\000000011511.jpg,0,real,noise_s0.02,0.123657,0,1
data\val\real\000000011615.jpg,0,real,noise_s0.02,0.118147,0,1
data\val\real\000000011699.jpg,0,real,noise_s0.02,0.014513,0,1
data\val\real\000000011760.jpg,0,real,noise_s0.02,0.627807,1,0
data\val\real\000000011813.jpg,0,real,noise_s0.02,0.209434,0,1
data\val\real\000000012062.jpg,0,real,noise_s0.02,0.022564,0,1
data\val\real\000000012120.jpg,0,real,noise_s0.02,0.032090,0,1
data\val\real\000000012280.jpg,0,real,noise_s0.02,0.829727,1,0
data\val\real\000000012576.jpg,0,real,noise_s0.02,0.315124,0,1
data\val\real\000000012639.jpg,0,real,noise_s0.02,0.018357,0,1
data\val\real\000000012667.jpg,0,real,noise_s0.02,0.236469,0,1
data\val\real\000000012670.jpg,0,real,noise_s0.02,0.002519,0,1
data\val\real\000000012748.jpg,0,real,noise_s0.02,0.104259,0,1
data\val\real\000000013004.jpg,0,real,noise_s0.02,0.184303,0,1
data\val\real\000000013177.jpg,0,real,noise_s0.02,0.027630,0,1
data\val\real\000000013201.jpg,0,real,noise_s0.02,0.063341,0,1
data\val\real\000000013291.jpg,0,real,noise_s0.02,0.078704,0,1
data\val\real\000000013348.jpg,0,real,noise_s0.02,0.108188,0,1
data\val\real\000000013546.jpg,0,real,noise_s0.02,0.010118,0,1
data\val\real\000000013597.jpg,0,real,noise_s0.02,0.644120,1,0
data\val\real\000000013659.jpg,0,real,noise_s0.02,0.001273,0,1
data\val\real\000000013729.jpg,0,real,noise_s0.02,0.024031,0,1
data\val\real\000000013774.jpg,0,real,noise_s0.02,0.490114,0,1
data\val\real\000000013923.jpg,0,real,noise_s0.02,0.704494,1,0
data\val\real\000000014007.jpg,0,real,noise_s0.02,0.063231,0,1
data\val\real\000000014038.jpg,0,real,noise_s0.02,0.761270,1,0
data\val\real\000000014226.jpg,0,real,noise_s0.02,0.149213,0,1
data\val\real\000000014380.jpg,0,real,noise_s0.02,0.469137,0,1
data\val\real\000000014439.jpg,0,real,noise_s0.02,0.017673,0,1
data\val\real\000000014473.jpg,0,real,noise_s0.02,0.013230,0,1
data\val\real\000000014831.jpg,0,real,noise_s0.02,0.006934,0,1
data\val\real\000000014888.jpg,0,real,noise_s0.02,0.017178,0,1
data\val\real\000000015079.jpg,0,real,noise_s0.02,0.213940,0,1
data\val\real\000000015254.jpg,0,real,noise_s0.02,0.050040,0,1
data\val\real\000000015272.jpg,0,real,noise_s0.02,0.522621,1,0
data\val\real\000000015278.jpg,0,real,noise_s0.02,0.035555,0,1
data\val\real\000000015335.jpg,0,real,noise_s0.02,0.001354,0,1
data\val\real\000000015338.jpg,0,real,noise_s0.02,0.410699,0,1
data\val\real\000000015440.jpg,0,real,noise_s0.02,0.674302,1,0
data\val\real\000000015497.jpg,0,real,noise_s0.02,0.002329,0,1
data\val\real\000000015517.jpg,0,real,noise_s0.02,0.091705,0,1
data\val\real\000000015597.jpg,0,real,noise_s0.02,0.001576,0,1
data\val\real\000000015660.jpg,0,real,noise_s0.02,0.080233,0,1
data\val\real\000000015746.jpg,0,real,noise_s0.02,0.091010,0,1
data\val\real\000000015751.jpg,0,real,noise_s0.02,0.010814,0,1
data\val\real\000000015956.jpg,0,real,noise_s0.02,0.003542,0,1
data\val\real\000000016010.jpg,0,real,noise_s0.02,0.050905,0,1
data\val\real\000000016228.jpg,0,real,noise_s0.02,0.194926,0,1
data\val\real\000000016249.jpg,0,real,noise_s0.02,0.090028,0,1
data\val\real\000000016439.jpg,0,real,noise_s0.02,0.329432,0,1
data\val\real\000000016451.jpg,0,real,noise_s0.02,0.324531,0,1
data\val\real\000000016502.jpg,0,real,noise_s0.02,0.059602,0,1
data\val\real\000000016598.jpg,0,real,noise_s0.02,0.005930,0,1
data\val\real\000000016958.jpg,0,real,noise_s0.02,0.107551,0,1
data\val\real\000000017029.jpg,0,real,noise_s0.02,0.051538,0,1
data\val\real\000000017031.jpg,0,real,noise_s0.02,0.179021,0,1
data\val\real\000000017115.jpg,0,real,noise_s0.02,0.386384,0,1
data\val\real\000000017178.jpg,0,real,noise_s0.02,0.374881,0,1
data\val\real\000000017182.jpg,0,real,noise_s0.02,0.486892,0,1
data\val\real\000000017207.jpg,0,real,noise_s0.02,0.004633,0,1
data\val\real\000000017379.jpg,0,real,noise_s0.02,0.812474,1,0
data\val\real\000000017436.jpg,0,real,noise_s0.02,0.042491,0,1
data\val\real\000000017627.jpg,0,real,noise_s0.02,0.002033,0,1
data\val\real\000000017714.jpg,0,real,noise_s0.02,0.171596,0,1
data\val\real\000000017899.jpg,0,real,noise_s0.02,0.001848,0,1
data\val\real\000000017905.jpg,0,real,noise_s0.02,0.000530,0,1
data\val\real\000000017959.jpg,0,real,noise_s0.02,0.009690,0,1
data\val\real\000000018150.jpg,0,real,noise_s0.02,0.000873,0,1
data\val\real\000000018193.jpg,0,real,noise_s0.02,0.003113,0,1
data\val\real\000000018380.jpg,0,real,noise_s0.02,0.096388,0,1
data\val\real\000000018491.jpg,0,real,noise_s0.02,0.007582,0,1
data\val\real\000000018519.jpg,0,real,noise_s0.02,0.419845,0,1
data\val\real\000000018575.jpg,0,real,noise_s0.02,0.045043,0,1
data\val\real\000000018737.jpg,0,real,noise_s0.02,0.038031,0,1
data\val\real\000000018770.jpg,0,real,noise_s0.02,0.025732,0,1
data\val\real\000000018833.jpg,0,real,noise_s0.02,0.103391,0,1
data\val\real\000000018837.jpg,0,real,noise_s0.02,0.014875,0,1
data\val\real\000000019042.jpg,0,real,noise_s0.02,0.026315,0,1
data\val\real\000000019109.jpg,0,real,noise_s0.02,0.467673,0,1
data\val\real\000000019221.jpg,0,real,noise_s0.02,0.015078,0,1
data\val\real\000000019402.jpg,0,real,noise_s0.02,0.000436,0,1
data\val\real\000000019432.jpg,0,real,noise_s0.02,0.030886,0,1
data\val\real\000000019742.jpg,0,real,noise_s0.02,0.111047,0,1
data\val\real\000000019786.jpg,0,real,noise_s0.02,0.009808,0,1
data\val\real\000000019924.jpg,0,real,noise_s0.02,0.500894,1,0
data\val\real\000000020059.jpg,0,real,noise_s0.02,0.030716,0,1
data\val\real\000000020107.jpg,0,real,noise_s0.02,0.154777,0,1
data\val\real\000000020247.jpg,0,real,noise_s0.02,0.086149,0,1
data\val\real\000000020333.jpg,0,real,noise_s0.02,0.109929,0,1
data\val\real\000000020553.jpg,0,real,noise_s0.02,0.005401,0,1
data\val\real\000000020571.jpg,0,real,noise_s0.02,0.131873,0,1
data\val\real\000000020992.jpg,0,real,noise_s0.02,0.007722,0,1
data\val\real\000000021167.jpg,0,real,noise_s0.02,0.002498,0,1
data\val\real\000000021465.jpg,0,real,noise_s0.02,0.014089,0,1
data\val\real\000000021503.jpg,0,real,noise_s0.02,0.005129,0,1
data\val\real\000000021604.jpg,0,real,noise_s0.02,0.762706,1,0
data\val\real\000000021839.jpg,0,real,noise_s0.02,0.002348,0,1
data\val\real\000000021879.jpg,0,real,noise_s0.02,0.040539,0,1
data\val\real\000000021903.jpg,0,real,noise_s0.02,0.089306,0,1
data\val\real\000000022192.jpg,0,real,noise_s0.02,0.009261,0,1
data\val\real\000000022371.jpg,0,real,noise_s0.02,0.471410,0,1
data\val\real\000000022396.jpg,0,real,noise_s0.02,0.020307,0,1
data\val\real\000000022479.jpg,0,real,noise_s0.02,0.014914,0,1
data\val\real\000000022589.jpg,0,real,noise_s0.02,0.013364,0,1
data\val\real\000000022623.jpg,0,real,noise_s0.02,0.224855,0,1
data\val\real\000000022705.jpg,0,real,noise_s0.02,0.001482,0,1
data\val\real\000000022755.jpg,0,real,noise_s0.02,0.239963,0,1
data\val\real\000000022892.jpg,0,real,noise_s0.02,0.542122,1,0
data\val\real\000000022935.jpg,0,real,noise_s0.02,0.137288,0,1
data\val\real\000000022969.jpg,0,real,noise_s0.02,0.172311,0,1
data\val\real\000000023023.jpg,0,real,noise_s0.02,0.477579,0,1
data\val\real\000000023034.jpg,0,real,noise_s0.02,0.004785,0,1
data\val\real\000000023126.jpg,0,real,noise_s0.02,0.161890,0,1
data\val\real\000000023230.jpg,0,real,noise_s0.02,0.007161,0,1
data\val\real\000000023272.jpg,0,real,noise_s0.02,0.005349,0,1
data\val\real\000000023359.jpg,0,real,noise_s0.02,0.051662,0,1
data\val\real\000000023666.jpg,0,real,noise_s0.02,0.125263,0,1
data\val\real\000000023751.jpg,0,real,noise_s0.02,0.002217,0,1
data\val\real\000000023781.jpg,0,real,noise_s0.02,0.323410,0,1
data\val\real\000000023899.jpg,0,real,noise_s0.02,0.001700,0,1
data\val\real\000000023937.jpg,0,real,noise_s0.02,0.028051,0,1
data\val\real\000000024021.jpg,0,real,noise_s0.02,0.011708,0,1
data\val\real\000000024027.jpg,0,real,noise_s0.02,0.001442,0,1
data\val\real\000000024144.jpg,0,real,noise_s0.02,0.115873,0,1
data\val\real\000000024243.jpg,0,real,noise_s0.02,0.048051,0,1
data\val\real\000000024567.jpg,0,real,noise_s0.02,0.033438,0,1
data\val\real\000000024610.jpg,0,real,noise_s0.02,0.132447,0,1
data\val\real\000000024919.jpg,0,real,noise_s0.02,0.146693,0,1
data\val\real\000000025057.jpg,0,real,noise_s0.02,0.003508,0,1
data\val\real\000000025096.jpg,0,real,noise_s0.02,0.008534,0,1
data\val\real\000000025139.jpg,0,real,noise_s0.02,0.192825,0,1
data\val\real\000000025181.jpg,0,real,noise_s0.02,0.916771,1,0
data\val\real\000000025228.jpg,0,real,noise_s0.02,0.032307,0,1
data\val\real\000000025386.jpg,0,real,noise_s0.02,0.005522,0,1
data\val\real\000000025393.jpg,0,real,noise_s0.02,0.000896,0,1
data\val\real\000000025394.jpg,0,real,noise_s0.02,0.009446,0,1
data\val\real\000000025424.jpg,0,real,noise_s0.02,0.116057,0,1
data\val\real\000000025560.jpg,0,real,noise_s0.02,0.018378,0,1
data\val\real\000000025593.jpg,0,real,noise_s0.02,0.151899,0,1
data\val\real\000000025603.jpg,0,real,noise_s0.02,0.000470,0,1
data\val\real\000000025986.jpg,0,real,noise_s0.02,0.007680,0,1
data\val\real\000000026204.jpg,0,real,noise_s0.02,0.126522,0,1
data\val\real\000000026465.jpg,0,real,noise_s0.02,0.216529,0,1
data\val\real\000000026564.jpg,0,real,noise_s0.02,0.312054,0,1
data\val\real\000000026690.jpg,0,real,noise_s0.02,0.009358,0,1
data\val\real\000000026926.jpg,0,real,noise_s0.02,0.209679,0,1
data\val\real\000000026941.jpg,0,real,noise_s0.02,0.559829,1,0
data\val\real\000000027186.jpg,0,real,noise_s0.02,0.009530,0,1
data\val\real\000000027620.jpg,0,real,noise_s0.02,0.264170,0,1
data\val\real\000000027696.jpg,0,real,noise_s0.02,0.004649,0,1
data\val\real\000000027768.jpg,0,real,noise_s0.02,0.198019,0,1
data\val\real\000000027932.jpg,0,real,noise_s0.02,0.307340,0,1
data\val\real\000000027972.jpg,0,real,noise_s0.02,0.072241,0,1
data\val\real\000000027982.jpg,0,real,noise_s0.02,0.774887,1,0
data\val\real\000000028285.jpg,0,real,noise_s0.02,0.009375,0,1
data\val\real\000000028449.jpg,0,real,noise_s0.02,0.241404,0,1
data\val\real\000000028452.jpg,0,real,noise_s0.02,0.800169,1,0
data\val\real\000000028809.jpg,0,real,noise_s0.02,0.175314,0,1
data\val\real\000000028993.jpg,0,real,noise_s0.02,0.788428,1,0
data\val\real\000000029187.jpg,0,real,noise_s0.02,0.002428,0,1
data\val\real\000000029393.jpg,0,real,noise_s0.02,0.004480,0,1
data\val\real\000000029397.jpg,0,real,noise_s0.02,0.092420,0,1
data\val\real\000000029596.jpg,0,real,noise_s0.02,0.736110,1,0
data\val\real\000000029640.jpg,0,real,noise_s0.02,0.114239,0,1
data\val\real\000000029675.jpg,0,real,noise_s0.02,0.178079,0,1
data\val\real\000000029984.jpg,0,real,noise_s0.02,0.012617,0,1
data\val\real\000000030213.jpg,0,real,noise_s0.02,0.563473,1,0
data\val\real\000000030494.jpg,0,real,noise_s0.02,0.005910,0,1
data\val\real\000000030504.jpg,0,real,noise_s0.02,0.160940,0,1
data\val\real\000000030675.jpg,0,real,noise_s0.02,0.272888,0,1
data\val\real\000000030785.jpg,0,real,noise_s0.02,0.362367,0,1
data\val\real\000000030828.jpg,0,real,noise_s0.02,0.523361,1,0
data\val\real\000000031050.jpg,0,real,noise_s0.02,0.197383,0,1
data\val\real\000000031093.jpg,0,real,noise_s0.02,0.089351,0,1
data\val\real\000000031118.jpg,0,real,noise_s0.02,0.185821,0,1
data\val\real\000000031217.jpg,0,real,noise_s0.02,0.128632,0,1
data\val\real\000000031248.jpg,0,real,noise_s0.02,0.470366,0,1
data\val\real\000000031269.jpg,0,real,noise_s0.02,0.013992,0,1
data\val\real\000000031296.jpg,0,real,noise_s0.02,0.002738,0,1
data\val\real\000000031322.jpg,0,real,noise_s0.02,0.027769,0,1
data\val\real\000000031620.jpg,0,real,noise_s0.02,0.000212,0,1
data\val\real\000000031735.jpg,0,real,noise_s0.02,0.012066,0,1
data\val\real\000000031749.jpg,0,real,noise_s0.02,0.257623,0,1
data\val\real\000000031817.jpg,0,real,noise_s0.02,0.003384,0,1
data\val\real\000000032038.jpg,0,real,noise_s0.02,0.037031,0,1
data\val\real\000000032081.jpg,0,real,noise_s0.02,0.054521,0,1
data\val\real\000000032285.jpg,0,real,noise_s0.02,0.734614,1,0
data\val\real\000000032334.jpg,0,real,noise_s0.02,0.000625,0,1
data\val\real\000000032570.jpg,0,real,noise_s0.02,0.724541,1,0
data\val\real\000000032610.jpg,0,real,noise_s0.02,0.124480,0,1
data\val\real\000000032735.jpg,0,real,noise_s0.02,0.099533,0,1
data\val\real\000000032811.jpg,0,real,noise_s0.02,0.304640,0,1
data\val\real\000000032817.jpg,0,real,noise_s0.02,0.004548,0,1
data\val\real\000000032861.jpg,0,real,noise_s0.02,0.451334,0,1
data\val\real\000000032887.jpg,0,real,noise_s0.02,0.003023,0,1
data\val\real\000000032901.jpg,0,real,noise_s0.02,0.000162,0,1
data\val\real\000000032941.jpg,0,real,noise_s0.02,0.039359,0,1
data\val\real\000000033005.jpg,0,real,noise_s0.02,0.038604,0,1
data\val\real\000000033104.jpg,0,real,noise_s0.02,0.020694,0,1
data\val\real\000000033109.jpg,0,real,noise_s0.02,0.055746,0,1
data\val\real\000000033114.jpg,0,real,noise_s0.02,0.127004,0,1
data\val\real\000000033221.jpg,0,real,noise_s0.02,0.002222,0,1
data\val\real\000000033368.jpg,0,real,noise_s0.02,0.255170,0,1
data\val\real\000000033638.jpg,0,real,noise_s0.02,0.071047,0,1
data\val\real\000000033707.jpg,0,real,noise_s0.02,0.144348,0,1
data\val\real\000000033759.jpg,0,real,noise_s0.02,0.050793,0,1
data\val\real\000000033854.jpg,0,real,noise_s0.02,0.041044,0,1
data\val\real\000000034071.jpg,0,real,noise_s0.02,0.751284,1,0
data\val\real\000000034139.jpg,0,real,noise_s0.02,0.080766,0,1
data\val\real\000000034205.jpg,0,real,noise_s0.02,0.182598,0,1
data\val\real\000000034257.jpg,0,real,noise_s0.02,0.668169,1,0
data\val\real\000000034417.jpg,0,real,noise_s0.02,0.117055,0,1
data\val\real\000000034452.jpg,0,real,noise_s0.02,0.006357,0,1
data\val\real\000000034760.jpg,0,real,noise_s0.02,0.085706,0,1
data\val\real\000000034873.jpg,0,real,noise_s0.02,0.229827,0,1
data\val\real\000000035062.jpg,0,real,noise_s0.02,0.054887,0,1
data\val\real\000000035197.jpg,0,real,noise_s0.02,0.465219,0,1
data\val\real\000000035279.jpg,0,real,noise_s0.02,0.378633,0,1
data\val\real\000000035326.jpg,0,real,noise_s0.02,0.187038,0,1
data\val\real\000000035682.jpg,0,real,noise_s0.02,0.041103,0,1
data\val\real\000000035770.jpg,0,real,noise_s0.02,0.043296,0,1
data\val\real\000000035963.jpg,0,real,noise_s0.02,0.001880,0,1
data\val\real\000000036494.jpg,0,real,noise_s0.02,0.408992,0,1
data\val\real\000000036539.jpg,0,real,noise_s0.02,0.002066,0,1
data\val\real\000000036660.jpg,0,real,noise_s0.02,0.066579,0,1
data\val\real\000000036678.jpg,0,real,noise_s0.02,0.033274,0,1
data\val\real\000000036844.jpg,0,real,noise_s0.02,0.218058,0,1
data\val\real\000000036861.jpg,0,real,noise_s0.02,0.490872,0,1
data\val\real\000000036936.jpg,0,real,noise_s0.02,0.004550,0,1
data\val\real\000000037670.jpg,0,real,noise_s0.02,0.490354,0,1
data\val\real\000000037689.jpg,0,real,noise_s0.02,0.053926,0,1
data\val\real\000000037740.jpg,0,real,noise_s0.02,0.682909,1,0
data\val\real\000000037751.jpg,0,real,noise_s0.02,0.085327,0,1
data\val\real\000000037777.jpg,0,real,noise_s0.02,0.629009,1,0
data\val\real\000000037988.jpg,0,real,noise_s0.02,0.023292,0,1
data\val\real\000000038048.jpg,0,real,noise_s0.02,0.115505,0,1
data\val\real\000000038070.jpg,0,real,noise_s0.02,0.372859,0,1
data\val\real\000000038118.jpg,0,real,noise_s0.02,0.031274,0,1
data\val\real\000000038210.jpg,0,real,noise_s0.02,0.197812,0,1
data\val\real\000000038576.jpg,0,real,noise_s0.02,0.909248,1,0
data\val\real\000000038678.jpg,0,real,noise_s0.02,0.001482,0,1
data\val\real\000000038825.jpg,0,real,noise_s0.02,0.101654,0,1
data\val\real\000000038829.jpg,0,real,noise_s0.02,0.021534,0,1
data\val\real\000000039405.jpg,0,real,noise_s0.02,0.011134,0,1
data\val\real\000000039477.jpg,0,real,noise_s0.02,0.920538,1,0
data\val\real\000000039480.jpg,0,real,noise_s0.02,0.127533,0,1
data\val\real\000000039484.jpg,0,real,noise_s0.02,0.215370,0,1
data\val\real\000000039551.jpg,0,real,noise_s0.02,0.411080,0,1
data\val\real\000000039670.jpg,0,real,noise_s0.02,0.238430,0,1
data\val\real\000000039769.jpg,0,real,noise_s0.02,0.001416,0,1
data\val\real\000000039785.jpg,0,real,noise_s0.02,0.067800,0,1
data\val\real\000000039914.jpg,0,real,noise_s0.02,0.001958,0,1
data\val\real\000000039951.jpg,0,real,noise_s0.02,0.020983,0,1
data\val\real\000000039956.jpg,0,real,noise_s0.02,0.677684,1,0
data\val\real\000000040036.jpg,0,real,noise_s0.02,0.013506,0,1
data\val\real\000000040083.jpg,0,real,noise_s0.02,0.041375,0,1
data\val\real\000000040471.jpg,0,real,noise_s0.02,0.163445,0,1
data\val\real\000000040757.jpg,0,real,noise_s0.02,0.012976,0,1
data\val\real\000000041488.jpg,0,real,noise_s0.02,0.284300,0,1
data\val\real\000000041633.jpg,0,real,noise_s0.02,0.352615,0,1
data\val\real\000000041635.jpg,0,real,noise_s0.02,0.050210,0,1
data\val\real\000000041872.jpg,0,real,noise_s0.02,0.824145,1,0
data\val\real\000000041888.jpg,0,real,noise_s0.02,0.022756,0,1
data\val\real\000000041990.jpg,0,real,noise_s0.02,0.002454,0,1
data\val\real\000000042070.jpg,0,real,noise_s0.02,0.482773,0,1
data\val\real\000000042102.jpg,0,real,noise_s0.02,0.008994,0,1
data\val\real\000000042178.jpg,0,real,noise_s0.02,0.755181,1,0
data\val\real\000000042276.jpg,0,real,noise_s0.02,0.051110,0,1
data\val\real\000000042296.jpg,0,real,noise_s0.02,0.006579,0,1
data\val\real\000000042528.jpg,0,real,noise_s0.02,0.031548,0,1
data\val\real\000000042563.jpg,0,real,noise_s0.02,0.052521,0,1
data\val\real\000000042628.jpg,0,real,noise_s0.02,0.023286,0,1
data\val\real\000000042888.jpg,0,real,noise_s0.02,0.015877,0,1
data\val\real\000000042889.jpg,0,real,noise_s0.02,0.005731,0,1
data\val\real\000000043314.jpg,0,real,noise_s0.02,0.021054,0,1
data\val\real\000000043435.jpg,0,real,noise_s0.02,0.186458,0,1
data\val\real\000000043581.jpg,0,real,noise_s0.02,0.072172,0,1
data\val\real\000000043737.jpg,0,real,noise_s0.02,0.407718,0,1
data\val\real\000000043816.jpg,0,real,noise_s0.02,0.016940,0,1
data\val\real\000000044068.jpg,0,real,noise_s0.02,0.008348,0,1
data\val\real\000000044195.jpg,0,real,noise_s0.02,0.073095,0,1
data\val\real\000000044260.jpg,0,real,noise_s0.02,0.561682,1,0
data\val\real\000000044279.jpg,0,real,noise_s0.02,0.145190,0,1
data\val\real\000000044590.jpg,0,real,noise_s0.02,0.028184,0,1
data\val\real\000000044652.jpg,0,real,noise_s0.02,0.076389,0,1
data\val\real\000000044699.jpg,0,real,noise_s0.02,0.055892,0,1
data\val\real\000000044877.jpg,0,real,noise_s0.02,0.048077,0,1
data\val\real\000000045070.jpg,0,real,noise_s0.02,0.035983,0,1
data\val\real\000000045090.jpg,0,real,noise_s0.02,0.044156,0,1
data\val\real\000000045229.jpg,0,real,noise_s0.02,0.964000,1,0
data\val\real\000000045472.jpg,0,real,noise_s0.02,0.030635,0,1
data\val\real\000000045550.jpg,0,real,noise_s0.02,0.006792,0,1
data\val\real\000000045596.jpg,0,real,noise_s0.02,0.179878,0,1
data\val\real\000000045728.jpg,0,real,noise_s0.02,0.051059,0,1
data\val\real\000000046031.jpg,0,real,noise_s0.02,0.357599,0,1
data\val\real\000000046048.jpg,0,real,noise_s0.02,0.021832,0,1
data\val\real\000000046252.jpg,0,real,noise_s0.02,0.213136,0,1
data\val\real\000000046378.jpg,0,real,noise_s0.02,0.021134,0,1
data\val\real\000000046463.jpg,0,real,noise_s0.02,0.014833,0,1
data\val\real\000000046497.jpg,0,real,noise_s0.02,0.005433,0,1
data\val\real\000000046804.jpg,0,real,noise_s0.02,0.028830,0,1
data\val\real\000000046872.jpg,0,real,noise_s0.02,0.494165,0,1
data\val\real\000000047010.jpg,0,real,noise_s0.02,0.210238,0,1
data\val\real\000000047112.jpg,0,real,noise_s0.02,0.086429,0,1
data\val\real\000000047121.jpg,0,real,noise_s0.02,0.008453,0,1
data\val\real\000000047571.jpg,0,real,noise_s0.02,0.171832,0,1
data\val\real\000000047585.jpg,0,real,noise_s0.02,0.003510,0,1
data\val\real\000000047740.jpg,0,real,noise_s0.02,0.002913,0,1
data\val\real\000000047769.jpg,0,real,noise_s0.02,0.479541,0,1
data\val\real\000000047801.jpg,0,real,noise_s0.02,0.010179,0,1
data\val\real\000000047819.jpg,0,real,noise_s0.02,0.006954,0,1
data\val\real\000000047828.jpg,0,real,noise_s0.02,0.169219,0,1
data\val\real\000000048153.jpg,0,real,noise_s0.02,0.033561,0,1
data\val\real\000000048396.jpg,0,real,noise_s0.02,0.001292,0,1
data\val\real\000000048504.jpg,0,real,noise_s0.02,0.226238,0,1
data\val\real\000000048555.jpg,0,real,noise_s0.02,0.290539,0,1
data\val\real\000000048564.jpg,0,real,noise_s0.02,0.005155,0,1
data\val\real\000000048924.jpg,0,real,noise_s0.02,0.973648,1,0
data\val\real\000000049060.jpg,0,real,noise_s0.02,0.002584,0,1
data\val\real\000000049091.jpg,0,real,noise_s0.02,0.052666,0,1
data\val\real\000000049259.jpg,0,real,noise_s0.02,0.020896,0,1
data\val\real\000000049269.jpg,0,real,noise_s0.02,0.157583,0,1
data\val\real\000000049759.jpg,0,real,noise_s0.02,0.241982,0,1
data\val\real\000000049761.jpg,0,real,noise_s0.02,0.024325,0,1
data\val\real\000000049810.jpg,0,real,noise_s0.02,0.041107,0,1
data\val\real\000000050006.jpg,0,real,noise_s0.02,0.153590,0,1
data\val\real\000000050145.jpg,0,real,noise_s0.02,0.004517,0,1
data\val\real\000000050149.jpg,0,real,noise_s0.02,0.029403,0,1
data\val\real\000000050165.jpg,0,real,noise_s0.02,0.419091,0,1
data\val\real\000000050326.jpg,0,real,noise_s0.02,0.001179,0,1
data\val\real\000000050331.jpg,0,real,noise_s0.02,0.056882,0,1
data\val\real\000000050380.jpg,0,real,noise_s0.02,0.018379,0,1
data\val\real\000000050638.jpg,0,real,noise_s0.02,0.448824,0,1
data\val\real\000000050679.jpg,0,real,noise_s0.02,0.513880,1,0
data\val\real\000000050811.jpg,0,real,noise_s0.02,0.001151,0,1
data\val\real\000000050828.jpg,0,real,noise_s0.02,0.259450,0,1
data\val\real\000000050844.jpg,0,real,noise_s0.02,0.066951,0,1
data\val\real\000000050896.jpg,0,real,noise_s0.02,0.263675,0,1
data\val\real\000000050943.jpg,0,real,noise_s0.02,0.030054,0,1
data\val\real\000000051008.jpg,0,real,noise_s0.02,0.006290,0,1
data\val\real\000000051309.jpg,0,real,noise_s0.02,0.058329,0,1
data\val\real\000000051314.jpg,0,real,noise_s0.02,0.110613,0,1
data\val\real\000000051326.jpg,0,real,noise_s0.02,0.036661,0,1
data\val\real\000000051598.jpg,0,real,noise_s0.02,0.069537,0,1
data\val\real\000000051610.jpg,0,real,noise_s0.02,0.184295,0,1
data\val\real\000000051712.jpg,0,real,noise_s0.02,0.165652,0,1
data\val\real\000000051738.jpg,0,real,noise_s0.02,0.271753,0,1
data\val\real\000000051938.jpg,0,real,noise_s0.02,0.046484,0,1
data\val\real\000000051961.jpg,0,real,noise_s0.02,0.047770,0,1
data\val\real\000000051976.jpg,0,real,noise_s0.02,0.127108,0,1
data\val\real\000000052007.jpg,0,real,noise_s0.02,0.505045,1,0
data\val\real\000000052017.jpg,0,real,noise_s0.02,0.026458,0,1
data\val\real\000000052412.jpg,0,real,noise_s0.02,0.163530,0,1
data\val\real\000000052413.jpg,0,real,noise_s0.02,0.003787,0,1
data\val\real\000000052462.jpg,0,real,noise_s0.02,0.292953,0,1
data\val\real\000000052507.jpg,0,real,noise_s0.02,0.049757,0,1
data\val\real\000000052565.jpg,0,real,noise_s0.02,0.180756,0,1
data\val\real\000000052591.jpg,0,real,noise_s0.02,0.119966,0,1
data\val\real\000000052891.jpg,0,real,noise_s0.02,0.030295,0,1
data\val\real\000000052996.jpg,0,real,noise_s0.02,0.007969,0,1
data\val\real\000000053505.jpg,0,real,noise_s0.02,0.364826,0,1
data\val\real\000000053529.jpg,0,real,noise_s0.02,0.019654,0,1
data\val\real\000000053624.jpg,0,real,noise_s0.02,0.032210,0,1
data\val\real\000000053626.jpg,0,real,noise_s0.02,0.004566,0,1
data\val\real\000000053909.jpg,0,real,noise_s0.02,0.057517,0,1
data\val\real\000000053994.jpg,0,real,noise_s0.02,0.376477,0,1
data\val\real\000000054123.jpg,0,real,noise_s0.02,0.139925,0,1
data\val\real\000000054164.jpg,0,real,noise_s0.02,0.103739,0,1
data\val\real\000000054592.jpg,0,real,noise_s0.02,0.159131,0,1
data\val\real\000000054593.jpg,0,real,noise_s0.02,0.046669,0,1
data\val\real\000000054605.jpg,0,real,noise_s0.02,0.033606,0,1
data\val\real\000000054628.jpg,0,real,noise_s0.02,0.012168,0,1
data\val\real\000000054654.jpg,0,real,noise_s0.02,0.011560,0,1
data\val\real\000000054931.jpg,0,real,noise_s0.02,0.478647,0,1
data\val\real\000000054967.jpg,0,real,noise_s0.02,0.446989,0,1
data\val\real\000000055002.jpg,0,real,noise_s0.02,0.125454,0,1
data\val\real\000000055022.jpg,0,real,noise_s0.02,0.178350,0,1
data\val\real\000000055072.jpg,0,real,noise_s0.02,0.157772,0,1
data\val\real\000000055150.jpg,0,real,noise_s0.02,0.007765,0,1
data\val\real\000000055167.jpg,0,real,noise_s0.02,0.028857,0,1
data\val\real\000000055299.jpg,0,real,noise_s0.02,0.185064,0,1
data\val\real\000000055528.jpg,0,real,noise_s0.02,0.002923,0,1
data\val\real\000000055950.jpg,0,real,noise_s0.02,0.037976,0,1
data\val\real\000000056127.jpg,0,real,noise_s0.02,0.406269,0,1
data\val\real\000000056288.jpg,0,real,noise_s0.02,0.092635,0,1
data\val\real\000000056344.jpg,0,real,noise_s0.02,0.420017,0,1
data\val\real\000000056350.jpg,0,real,noise_s0.02,0.273358,0,1
data\val\real\000000056545.jpg,0,real,noise_s0.02,0.007211,0,1
data\val\ai\ai_000001.png,1,ai,noise_s0.02,0.910928,1,1
data\val\ai\ai_000002.png,1,ai,noise_s0.02,0.985053,1,1
data\val\ai\ai_000003.png,1,ai,noise_s0.02,0.993251,1,1
data\val\ai\ai_000004.png,1,ai,noise_s0.02,0.966573,1,1
data\val\ai\ai_000005.png,1,ai,noise_s0.02,0.989700,1,1
data\val\ai\ai_000006.png,1,ai,noise_s0.02,0.879087,1,1
data\val\ai\ai_000007.png,1,ai,noise_s0.02,0.968625,1,1
data\val\ai\ai_000008.png,1,ai,noise_s0.02,0.939755,1,1
data\val\ai\ai_000009.png,1,ai,noise_s0.02,0.943606,1,1
data\val\ai\ai_000010.png,1,ai,noise_s0.02,0.980487,1,1
data\val\ai\ai_000011.png,1,ai,noise_s0.02,0.930774,1,1
data\val\ai\ai_000012.png,1,ai,noise_s0.02,0.984171,1,1
data\val\ai\ai_000013.png,1,ai,noise_s0.02,0.994719,1,1
data\val\ai\ai_000014.png,1,ai,noise_s0.02,0.995807,1,1
data\val\ai\ai_000015.png,1,ai,noise_s0.02,0.993059,1,1
data\val\ai\ai_000016.png,1,ai,noise_s0.02,0.915884,1,1
data\val\ai\ai_000017.png,1,ai,noise_s0.02,0.893342,1,1
data\val\ai\ai_000018.png,1,ai,noise_s0.02,0.988450,1,1
data\val\ai\ai_000019.png,1,ai,noise_s0.02,0.792549,1,1
data\val\ai\ai_000020.png,1,ai,noise_s0.02,0.914090,1,1
data\val\ai\ai_000021.png,1,ai,noise_s0.02,0.997506,1,1
data\val\ai\ai_000022.png,1,ai,noise_s0.02,0.484336,0,0
data\val\ai\ai_000023.png,1,ai,noise_s0.02,0.924474,1,1
data\val\ai\ai_000024.png,1,ai,noise_s0.02,0.941340,1,1
data\val\ai\ai_000025.png,1,ai,noise_s0.02,0.922807,1,1
data\val\ai\ai_000026.png,1,ai,noise_s0.02,0.754269,1,1
data\val\ai\ai_000027.png,1,ai,noise_s0.02,0.874182,1,1
data\val\ai\ai_000028.png,1,ai,noise_s0.02,0.991620,1,1
data\val\ai\ai_000029.png,1,ai,noise_s0.02,0.994951,1,1
data\val\ai\ai_000030.png,1,ai,noise_s0.02,0.859445,1,1
data\val\ai\ai_000031.png,1,ai,noise_s0.02,0.692957,1,1
data\val\ai\ai_000032.png,1,ai,noise_s0.02,0.905490,1,1
data\val\ai\ai_000033.png,1,ai,noise_s0.02,0.988185,1,1
data\val\ai\ai_000034.png,1,ai,noise_s0.02,0.998057,1,1
data\val\ai\ai_000035.png,1,ai,noise_s0.02,0.993189,1,1
data\val\ai\ai_000036.png,1,ai,noise_s0.02,0.986412,1,1
data\val\ai\ai_000037.png,1,ai,noise_s0.02,0.985379,1,1
data\val\ai\ai_000038.png,1,ai,noise_s0.02,0.914838,1,1
data\val\ai\ai_000039.png,1,ai,noise_s0.02,0.993628,1,1
data\val\ai\ai_000040.png,1,ai,noise_s0.02,0.311173,0,0
data\val\ai\ai_000041.png,1,ai,noise_s0.02,0.999489,1,1
data\val\ai\ai_000042.png,1,ai,noise_s0.02,0.999385,1,1
data\val\ai\ai_000043.png,1,ai,noise_s0.02,0.996945,1,1
data\val\ai\ai_000044.png,1,ai,noise_s0.02,0.866679,1,1
data\val\ai\ai_000045.png,1,ai,noise_s0.02,0.996016,1,1
data\val\ai\ai_000046.png,1,ai,noise_s0.02,0.370553,0,0
data\val\ai\ai_000047.png,1,ai,noise_s0.02,0.973108,1,1
data\val\ai\ai_000048.png,1,ai,noise_s0.02,0.945230,1,1
data\val\ai\ai_000049.png,1,ai,noise_s0.02,0.946233,1,1
data\val\ai\ai_000050.png,1,ai,noise_s0.02,0.976116,1,1
data\val\ai\ai_000051.png,1,ai,noise_s0.02,0.973525,1,1
data\val\ai\ai_000052.png,1,ai,noise_s0.02,0.995668,1,1
data\val\ai\ai_000053.png,1,ai,noise_s0.02,0.972404,1,1
data\val\ai\ai_000054.png,1,ai,noise_s0.02,0.990286,1,1
data\val\ai\ai_000055.png,1,ai,noise_s0.02,0.678036,1,1
data\val\ai\ai_000056.png,1,ai,noise_s0.02,0.942707,1,1
data\val\ai\ai_000057.png,1,ai,noise_s0.02,0.952208,1,1
data\val\ai\ai_000058.png,1,ai,noise_s0.02,0.430452,0,0
data\val\ai\ai_000059.png,1,ai,noise_s0.02,0.978973,1,1
data\val\ai\ai_000060.png,1,ai,noise_s0.02,0.880351,1,1
data\val\ai\ai_000061.png,1,ai,noise_s0.02,0.922787,1,1
data\val\ai\ai_000062.png,1,ai,noise_s0.02,0.977263,1,1
data\val\ai\ai_000063.png,1,ai,noise_s0.02,0.974116,1,1
data\val\ai\ai_000064.png,1,ai,noise_s0.02,0.693569,1,1
data\val\ai\ai_000065.png,1,ai,noise_s0.02,0.968293,1,1
data\val\ai\ai_000066.png,1,ai,noise_s0.02,0.928580,1,1
data\val\ai\ai_000067.png,1,ai,noise_s0.02,0.995414,1,1
data\val\ai\ai_000068.png,1,ai,noise_s0.02,0.892489,1,1
data\val\ai\ai_000069.png,1,ai,noise_s0.02,0.995561,1,1
data\val\ai\ai_000070.png,1,ai,noise_s0.02,0.955543,1,1
data\val\ai\ai_000071.png,1,ai,noise_s0.02,0.999222,1,1
data\val\ai\ai_000072.png,1,ai,noise_s0.02,0.836738,1,1
data\val\ai\ai_000073.png,1,ai,noise_s0.02,0.996067,1,1
data\val\ai\ai_000074.png,1,ai,noise_s0.02,0.989516,1,1
data\val\ai\ai_000075.png,1,ai,noise_s0.02,0.997656,1,1
data\val\ai\ai_000076.png,1,ai,noise_s0.02,0.904774,1,1
data\val\ai\ai_000077.png,1,ai,noise_s0.02,0.988595,1,1
data\val\ai\ai_000078.png,1,ai,noise_s0.02,0.402630,0,0
data\val\ai\ai_000079.png,1,ai,noise_s0.02,0.880311,1,1
data\val\ai\ai_000080.png,1,ai,noise_s0.02,0.912250,1,1
data\val\ai\ai_000081.png,1,ai,noise_s0.02,0.997401,1,1
data\val\ai\ai_000082.png,1,ai,noise_s0.02,0.997107,1,1
data\val\ai\ai_000083.png,1,ai,noise_s0.02,0.991974,1,1
data\val\ai\ai_000084.png,1,ai,noise_s0.02,0.981367,1,1
data\val\ai\ai_000085.png,1,ai,noise_s0.02,0.944572,1,1
data\val\ai\ai_000086.png,1,ai,noise_s0.02,0.766163,1,1
data\val\ai\ai_000087.png,1,ai,noise_s0.02,0.977031,1,1
data\val\ai\ai_000088.png,1,ai,noise_s0.02,0.870671,1,1
data\val\ai\ai_000089.png,1,ai,noise_s0.02,0.971209,1,1
data\val\ai\ai_000090.png,1,ai,noise_s0.02,0.914870,1,1
data\val\ai\ai_000091.png,1,ai,noise_s0.02,0.946532,1,1
data\val\ai\ai_000092.png,1,ai,noise_s0.02,0.994981,1,1
data\val\ai\ai_000093.png,1,ai,noise_s0.02,0.997684,1,1
data\val\ai\ai_000094.png,1,ai,noise_s0.02,0.996280,1,1
data\val\ai\ai_000095.png,1,ai,noise_s0.02,0.993209,1,1
data\val\ai\ai_000096.png,1,ai,noise_s0.02,0.988183,1,1
data\val\ai\ai_000097.png,1,ai,noise_s0.02,0.807353,1,1
data\val\ai\ai_000098.png,1,ai,noise_s0.02,0.820842,1,1
data\val\ai\ai_000099.png,1,ai,noise_s0.02,0.719929,1,1
data\val\ai\ai_000100.png,1,ai,noise_s0.02,0.984535,1,1
data\val\ai\ai_000101.png,1,ai,noise_s0.02,0.990007,1,1
data\val\ai\ai_000102.png,1,ai,noise_s0.02,0.797619,1,1
data\val\ai\ai_000103.png,1,ai,noise_s0.02,0.979386,1,1
data\val\ai\ai_000104.png,1,ai,noise_s0.02,0.988271,1,1
data\val\ai\ai_000105.png,1,ai,noise_s0.02,0.429494,0,0
data\val\ai\ai_000106.png,1,ai,noise_s0.02,0.679341,1,1
data\val\ai\ai_000107.png,1,ai,noise_s0.02,0.939976,1,1
data\val\ai\ai_000108.png,1,ai,noise_s0.02,0.988480,1,1
data\val\ai\ai_000109.png,1,ai,noise_s0.02,0.999660,1,1
data\val\ai\ai_000110.png,1,ai,noise_s0.02,0.984597,1,1
data\val\ai\ai_000111.png,1,ai,noise_s0.02,0.918509,1,1
data\val\ai\ai_000112.png,1,ai,noise_s0.02,0.717850,1,1
data\val\ai\ai_000113.png,1,ai,noise_s0.02,0.972738,1,1
data\val\ai\ai_000114.png,1,ai,noise_s0.02,0.969769,1,1
data\val\ai\ai_000115.png,1,ai,noise_s0.02,0.977085,1,1
data\val\ai\ai_000116.png,1,ai,noise_s0.02,0.790815,1,1
data\val\ai\ai_000117.png,1,ai,noise_s0.02,0.978556,1,1
data\val\ai\ai_000118.png,1,ai,noise_s0.02,0.991693,1,1
data\val\ai\ai_000119.png,1,ai,noise_s0.02,0.956549,1,1
data\val\ai\ai_000120.png,1,ai,noise_s0.02,0.765330,1,1
data\val\ai\ai_000121.png,1,ai,noise_s0.02,0.998197,1,1
data\val\ai\ai_000122.png,1,ai,noise_s0.02,0.931250,1,1
data\val\ai\ai_000123.png,1,ai,noise_s0.02,0.900019,1,1
data\val\ai\ai_000124.png,1,ai,noise_s0.02,0.891084,1,1
data\val\ai\ai_000125.png,1,ai,noise_s0.02,0.995863,1,1
data\val\ai\ai_000126.png,1,ai,noise_s0.02,0.964988,1,1
data\val\ai\ai_000127.png,1,ai,noise_s0.02,0.994843,1,1
data\val\ai\ai_000128.png,1,ai,noise_s0.02,0.908761,1,1
data\val\ai\ai_000129.png,1,ai,noise_s0.02,0.996318,1,1
data\val\ai\ai_000130.png,1,ai,noise_s0.02,0.600155,1,1
data\val\ai\ai_000131.png,1,ai,noise_s0.02,0.991328,1,1
data\val\ai\ai_000132.png,1,ai,noise_s0.02,0.937305,1,1
data\val\ai\ai_000133.png,1,ai,noise_s0.02,0.996769,1,1
data\val\ai\ai_000134.png,1,ai,noise_s0.02,0.987939,1,1
data\val\ai\ai_000135.png,1,ai,noise_s0.02,0.998862,1,1
data\val\ai\ai_000136.png,1,ai,noise_s0.02,0.873879,1,1
data\val\ai\ai_000137.png,1,ai,noise_s0.02,0.943400,1,1
data\val\ai\ai_000138.png,1,ai,noise_s0.02,0.836403,1,1
data\val\ai\ai_000139.png,1,ai,noise_s0.02,0.994798,1,1
data\val\ai\ai_000140.png,1,ai,noise_s0.02,0.910857,1,1
data\val\ai\ai_000141.png,1,ai,noise_s0.02,0.998760,1,1
data\val\ai\ai_000142.png,1,ai,noise_s0.02,0.922570,1,1
data\val\ai\ai_000143.png,1,ai,noise_s0.02,0.996501,1,1
data\val\ai\ai_000144.png,1,ai,noise_s0.02,0.988270,1,1
data\val\ai\ai_000145.png,1,ai,noise_s0.02,0.992858,1,1
data\val\ai\ai_000146.png,1,ai,noise_s0.02,0.985438,1,1
data\val\ai\ai_000147.png,1,ai,noise_s0.02,0.987357,1,1
data\val\ai\ai_000148.png,1,ai,noise_s0.02,0.310327,0,0
data\val\ai\ai_000149.png,1,ai,noise_s0.02,0.992368,1,1
data\val\ai\ai_000150.png,1,ai,noise_s0.02,0.515376,1,1
data\val\ai\ai_000151.png,1,ai,noise_s0.02,0.807207,1,1
data\val\ai\ai_000152.png,1,ai,noise_s0.02,0.817557,1,1
data\val\ai\ai_000153.png,1,ai,noise_s0.02,0.998166,1,1
data\val\ai\ai_000154.png,1,ai,noise_s0.02,0.987573,1,1
data\val\ai\ai_000155.png,1,ai,noise_s0.02,0.970019,1,1
data\val\ai\ai_000156.png,1,ai,noise_s0.02,0.640813,1,1
data\val\ai\ai_000157.png,1,ai,noise_s0.02,0.979532,1,1
data\val\ai\ai_000158.png,1,ai,noise_s0.02,0.394105,0,0
data\val\ai\ai_000159.png,1,ai,noise_s0.02,0.995783,1,1
data\val\ai\ai_000160.png,1,ai,noise_s0.02,0.261158,0,0
data\val\ai\ai_000161.png,1,ai,noise_s0.02,0.987696,1,1
data\val\ai\ai_000162.png,1,ai,noise_s0.02,0.985442,1,1
data\val\ai\ai_000163.png,1,ai,noise_s0.02,0.997480,1,1
data\val\ai\ai_000164.png,1,ai,noise_s0.02,0.997956,1,1
data\val\ai\ai_000165.png,1,ai,noise_s0.02,0.998643,1,1
data\val\ai\ai_000166.png,1,ai,noise_s0.02,0.824526,1,1
data\val\ai\ai_000167.png,1,ai,noise_s0.02,0.854828,1,1
data\val\ai\ai_000168.png,1,ai,noise_s0.02,0.687687,1,1
data\val\ai\ai_000169.png,1,ai,noise_s0.02,0.991182,1,1
data\val\ai\ai_000170.png,1,ai,noise_s0.02,0.981236,1,1
data\val\ai\ai_000171.png,1,ai,noise_s0.02,0.981051,1,1
data\val\ai\ai_000172.png,1,ai,noise_s0.02,0.988556,1,1
data\val\ai\ai_000173.png,1,ai,noise_s0.02,0.913735,1,1
data\val\ai\ai_000174.png,1,ai,noise_s0.02,0.999829,1,1
data\val\ai\ai_000175.png,1,ai,noise_s0.02,0.995740,1,1
data\val\ai\ai_000176.png,1,ai,noise_s0.02,0.989820,1,1
data\val\ai\ai_000177.png,1,ai,noise_s0.02,0.945861,1,1
data\val\ai\ai_000178.png,1,ai,noise_s0.02,0.762511,1,1
data\val\ai\ai_000179.png,1,ai,noise_s0.02,0.998523,1,1
data\val\ai\ai_000180.png,1,ai,noise_s0.02,0.941579,1,1
data\val\ai\ai_000181.png,1,ai,noise_s0.02,0.969781,1,1
data\val\ai\ai_000182.png,1,ai,noise_s0.02,0.961449,1,1
data\val\ai\ai_000183.png,1,ai,noise_s0.02,0.967362,1,1
data\val\ai\ai_000184.png,1,ai,noise_s0.02,0.994522,1,1
data\val\ai\ai_000185.png,1,ai,noise_s0.02,0.986004,1,1
data\val\ai\ai_000186.png,1,ai,noise_s0.02,0.786906,1,1
data\val\ai\ai_000187.png,1,ai,noise_s0.02,0.981941,1,1
data\val\ai\ai_000188.png,1,ai,noise_s0.02,0.569490,1,1
data\val\ai\ai_000189.png,1,ai,noise_s0.02,0.990457,1,1
data\val\ai\ai_000190.png,1,ai,noise_s0.02,0.924959,1,1
data\val\ai\ai_000191.png,1,ai,noise_s0.02,0.671130,1,1
data\val\ai\ai_000192.png,1,ai,noise_s0.02,0.998340,1,1
data\val\ai\ai_000193.png,1,ai,noise_s0.02,0.998351,1,1
data\val\ai\ai_000194.png,1,ai,noise_s0.02,0.977508,1,1
data\val\ai\ai_000195.png,1,ai,noise_s0.02,0.986021,1,1
data\val\ai\ai_000196.png,1,ai,noise_s0.02,0.995921,1,1
data\val\ai\ai_000197.png,1,ai,noise_s0.02,0.909599,1,1
data\val\ai\ai_000198.png,1,ai,noise_s0.02,0.938177,1,1
data\val\ai\ai_000199.png,1,ai,noise_s0.02,0.910523,1,1
data\val\ai\ai_000200.png,1,ai,noise_s0.02,0.882948,1,1
data\val\ai\ai_000201.png,1,ai,noise_s0.02,0.970906,1,1
data\val\ai\ai_000202.png,1,ai,noise_s0.02,0.724417,1,1
data\val\ai\ai_000203.png,1,ai,noise_s0.02,0.995524,1,1
data\val\ai\ai_000204.png,1,ai,noise_s0.02,0.989113,1,1
data\val\ai\ai_000205.png,1,ai,noise_s0.02,0.936640,1,1
data\val\ai\ai_000206.png,1,ai,noise_s0.02,0.999056,1,1
data\val\ai\ai_000207.png,1,ai,noise_s0.02,0.989773,1,1
data\val\ai\ai_000208.png,1,ai,noise_s0.02,0.899623,1,1
data\val\ai\ai_000209.png,1,ai,noise_s0.02,0.998035,1,1
data\val\ai\ai_000210.png,1,ai,noise_s0.02,0.921880,1,1
data\val\ai\ai_000211.png,1,ai,noise_s0.02,0.973723,1,1
data\val\ai\ai_000212.png,1,ai,noise_s0.02,0.999146,1,1
data\val\ai\ai_000213.png,1,ai,noise_s0.02,0.955552,1,1
data\val\ai\ai_000214.png,1,ai,noise_s0.02,0.998181,1,1
data\val\ai\ai_000215.png,1,ai,noise_s0.02,0.985402,1,1
data\val\ai\ai_000216.png,1,ai,noise_s0.02,0.951818,1,1
data\val\ai\ai_000217.png,1,ai,noise_s0.02,0.784442,1,1
data\val\ai\ai_000218.png,1,ai,noise_s0.02,0.727678,1,1
data\val\ai\ai_000219.png,1,ai,noise_s0.02,0.971665,1,1
data\val\ai\ai_000220.png,1,ai,noise_s0.02,0.367902,0,0
data\val\ai\ai_000221.png,1,ai,noise_s0.02,0.963540,1,1
data\val\ai\ai_000222.png,1,ai,noise_s0.02,0.938385,1,1
data\val\ai\ai_000223.png,1,ai,noise_s0.02,0.994815,1,1
data\val\ai\ai_000224.png,1,ai,noise_s0.02,0.959903,1,1
data\val\ai\ai_000225.png,1,ai,noise_s0.02,0.987831,1,1
data\val\ai\ai_000226.png,1,ai,noise_s0.02,0.973612,1,1
data\val\ai\ai_000227.png,1,ai,noise_s0.02,0.954958,1,1
data\val\ai\ai_000228.png,1,ai,noise_s0.02,0.050655,0,0
data\val\ai\ai_000229.png,1,ai,noise_s0.02,0.992410,1,1
data\val\ai\ai_000230.png,1,ai,noise_s0.02,0.917414,1,1
data\val\ai\ai_000231.png,1,ai,noise_s0.02,0.999545,1,1
data\val\ai\ai_000232.png,1,ai,noise_s0.02,0.846665,1,1
data\val\ai\ai_000233.png,1,ai,noise_s0.02,0.980436,1,1
data\val\ai\ai_000234.png,1,ai,noise_s0.02,0.999088,1,1
data\val\ai\ai_000235.png,1,ai,noise_s0.02,0.984736,1,1
data\val\ai\ai_000236.png,1,ai,noise_s0.02,0.859966,1,1
data\val\ai\ai_000237.png,1,ai,noise_s0.02,0.968974,1,1
data\val\ai\ai_000238.png,1,ai,noise_s0.02,0.878645,1,1
data\val\ai\ai_000239.png,1,ai,noise_s0.02,0.718638,1,1
data\val\ai\ai_000240.png,1,ai,noise_s0.02,0.842258,1,1
data\val\ai\ai_000241.png,1,ai,noise_s0.02,0.982379,1,1
data\val\ai\ai_000242.png,1,ai,noise_s0.02,0.998535,1,1
data\val\ai\ai_000243.png,1,ai,noise_s0.02,0.953006,1,1
data\val\ai\ai_000244.png,1,ai,noise_s0.02,0.997119,1,1
data\val\ai\ai_000245.png,1,ai,noise_s0.02,0.898332,1,1
data\val\ai\ai_000246.png,1,ai,noise_s0.02,0.992250,1,1
data\val\ai\ai_000247.png,1,ai,noise_s0.02,0.922536,1,1
data\val\ai\ai_000248.png,1,ai,noise_s0.02,0.986665,1,1
data\val\ai\ai_000249.png,1,ai,noise_s0.02,0.992546,1,1
data\val\ai\ai_000250.png,1,ai,noise_s0.02,0.495740,0,0
data\val\ai\ai_000251.png,1,ai,noise_s0.02,0.980110,1,1
data\val\ai\ai_000252.png,1,ai,noise_s0.02,0.986114,1,1
data\val\ai\ai_000253.png,1,ai,noise_s0.02,0.983877,1,1
data\val\ai\ai_000254.png,1,ai,noise_s0.02,0.930590,1,1
data\val\ai\ai_000255.png,1,ai,noise_s0.02,0.850632,1,1
data\val\ai\ai_000256.png,1,ai,noise_s0.02,0.495079,0,0
data\val\ai\ai_000257.png,1,ai,noise_s0.02,0.960403,1,1
data\val\ai\ai_000258.png,1,ai,noise_s0.02,0.849007,1,1
data\val\ai\ai_000259.png,1,ai,noise_s0.02,0.993634,1,1
data\val\ai\ai_000260.png,1,ai,noise_s0.02,0.753037,1,1
data\val\ai\ai_000261.png,1,ai,noise_s0.02,0.986677,1,1
data\val\ai\ai_000262.png,1,ai,noise_s0.02,0.996040,1,1
data\val\ai\ai_000263.png,1,ai,noise_s0.02,0.989049,1,1
data\val\ai\ai_000264.png,1,ai,noise_s0.02,0.999148,1,1
data\val\ai\ai_000265.png,1,ai,noise_s0.02,0.982366,1,1
data\val\ai\ai_000266.png,1,ai,noise_s0.02,0.932569,1,1
data\val\ai\ai_000267.png,1,ai,noise_s0.02,0.981549,1,1
data\val\ai\ai_000268.png,1,ai,noise_s0.02,0.908625,1,1
data\val\ai\ai_000269.png,1,ai,noise_s0.02,0.996718,1,1
data\val\ai\ai_000270.png,1,ai,noise_s0.02,0.735391,1,1
data\val\ai\ai_000271.png,1,ai,noise_s0.02,0.999054,1,1
data\val\ai\ai_000272.png,1,ai,noise_s0.02,0.997332,1,1
data\val\ai\ai_000273.png,1,ai,noise_s0.02,0.993589,1,1
data\val\ai\ai_000274.png,1,ai,noise_s0.02,0.972978,1,1
data\val\ai\ai_000275.png,1,ai,noise_s0.02,0.995315,1,1
data\val\ai\ai_000276.png,1,ai,noise_s0.02,0.984555,1,1
data\val\ai\ai_000277.png,1,ai,noise_s0.02,0.711912,1,1
data\val\ai\ai_000278.png,1,ai,noise_s0.02,0.975608,1,1
data\val\ai\ai_000279.png,1,ai,noise_s0.02,0.992278,1,1
data\val\ai\ai_000280.png,1,ai,noise_s0.02,0.896918,1,1
data\val\ai\ai_000281.png,1,ai,noise_s0.02,0.968156,1,1
data\val\ai\ai_000282.png,1,ai,noise_s0.02,0.935481,1,1
data\val\ai\ai_000283.png,1,ai,noise_s0.02,0.993976,1,1
data\val\ai\ai_000284.png,1,ai,noise_s0.02,0.962722,1,1
data\val\ai\ai_000285.png,1,ai,noise_s0.02,0.995387,1,1
data\val\ai\ai_000286.png,1,ai,noise_s0.02,0.958990,1,1
data\val\ai\ai_000287.png,1,ai,noise_s0.02,0.972352,1,1
data\val\ai\ai_000288.png,1,ai,noise_s0.02,0.220150,0,0
data\val\ai\ai_000289.png,1,ai,noise_s0.02,0.989743,1,1
data\val\ai\ai_000290.png,1,ai,noise_s0.02,0.737549,1,1
data\val\ai\ai_000291.png,1,ai,noise_s0.02,0.993390,1,1
data\val\ai\ai_000292.png,1,ai,noise_s0.02,0.993472,1,1
data\val\ai\ai_000293.png,1,ai,noise_s0.02,0.360690,0,0
data\val\ai\ai_000294.png,1,ai,noise_s0.02,0.965177,1,1
data\val\ai\ai_000295.png,1,ai,noise_s0.02,0.978729,1,1
data\val\ai\ai_000296.png,1,ai,noise_s0.02,0.998306,1,1
data\val\ai\ai_000297.png,1,ai,noise_s0.02,0.987455,1,1
data\val\ai\ai_000298.png,1,ai,noise_s0.02,0.938514,1,1
data\val\ai\ai_000299.png,1,ai,noise_s0.02,0.952990,1,1
data\val\ai\ai_000300.png,1,ai,noise_s0.02,0.591470,1,1
data\val\ai\ai_000301.png,1,ai,noise_s0.02,0.862475,1,1
data\val\ai\ai_000302.png,1,ai,noise_s0.02,0.326984,0,0
data\val\ai\ai_000303.png,1,ai,noise_s0.02,0.889909,1,1
data\val\ai\ai_000304.png,1,ai,noise_s0.02,0.992047,1,1
data\val\ai\ai_000305.png,1,ai,noise_s0.02,0.887593,1,1
data\val\ai\ai_000306.png,1,ai,noise_s0.02,0.987626,1,1
data\val\ai\ai_000307.png,1,ai,noise_s0.02,0.896787,1,1
data\val\ai\ai_000308.png,1,ai,noise_s0.02,0.850448,1,1
data\val\ai\ai_000309.png,1,ai,noise_s0.02,0.847469,1,1
data\val\ai\ai_000310.png,1,ai,noise_s0.02,0.879539,1,1
data\val\ai\ai_000311.png,1,ai,noise_s0.02,0.905917,1,1
data\val\ai\ai_000312.png,1,ai,noise_s0.02,0.977522,1,1
data\val\ai\ai_000313.png,1,ai,noise_s0.02,0.627927,1,1
data\val\ai\ai_000314.png,1,ai,noise_s0.02,0.995633,1,1
data\val\ai\ai_000315.png,1,ai,noise_s0.02,0.986851,1,1
data\val\ai\ai_000316.png,1,ai,noise_s0.02,0.996522,1,1
data\val\ai\ai_000317.png,1,ai,noise_s0.02,0.994298,1,1
data\val\ai\ai_000318.png,1,ai,noise_s0.02,0.050232,0,0
data\val\ai\ai_000319.png,1,ai,noise_s0.02,0.976122,1,1
data\val\ai\ai_000320.png,1,ai,noise_s0.02,0.971901,1,1
data\val\ai\ai_000321.png,1,ai,noise_s0.02,0.997316,1,1
data\val\ai\ai_000322.png,1,ai,noise_s0.02,0.872162,1,1
data\val\ai\ai_000323.png,1,ai,noise_s0.02,0.997443,1,1
data\val\ai\ai_000324.png,1,ai,noise_s0.02,0.997261,1,1
data\val\ai\ai_000325.png,1,ai,noise_s0.02,0.946546,1,1
data\val\ai\ai_000326.png,1,ai,noise_s0.02,0.998888,1,1
data\val\ai\ai_000327.png,1,ai,noise_s0.02,0.992093,1,1
data\val\ai\ai_000328.png,1,ai,noise_s0.02,0.901198,1,1
data\val\ai\ai_000329.png,1,ai,noise_s0.02,0.984883,1,1
data\val\ai\ai_000330.png,1,ai,noise_s0.02,0.955134,1,1
data\val\ai\ai_000331.png,1,ai,noise_s0.02,0.987044,1,1
data\val\ai\ai_000332.png,1,ai,noise_s0.02,0.541404,1,1
data\val\ai\ai_000333.png,1,ai,noise_s0.02,0.987698,1,1
data\val\ai\ai_000334.png,1,ai,noise_s0.02,0.942536,1,1
data\val\ai\ai_000335.png,1,ai,noise_s0.02,0.983938,1,1
data\val\ai\ai_000336.png,1,ai,noise_s0.02,0.695710,1,1
data\val\ai\ai_000337.png,1,ai,noise_s0.02,0.997577,1,1
data\val\ai\ai_000338.png,1,ai,noise_s0.02,0.295761,0,0
data\val\ai\ai_000339.png,1,ai,noise_s0.02,0.999504,1,1
data\val\ai\ai_000340.png,1,ai,noise_s0.02,0.971367,1,1
data\val\ai\ai_000341.png,1,ai,noise_s0.02,0.982946,1,1
data\val\ai\ai_000342.png,1,ai,noise_s0.02,0.352458,0,0
data\val\ai\ai_000343.png,1,ai,noise_s0.02,0.988238,1,1
data\val\ai\ai_000344.png,1,ai,noise_s0.02,0.991493,1,1
data\val\ai\ai_000345.png,1,ai,noise_s0.02,0.981123,1,1
data\val\ai\ai_000346.png,1,ai,noise_s0.02,0.996730,1,1
data\val\ai\ai_000347.png,1,ai,noise_s0.02,0.985453,1,1
data\val\ai\ai_000348.png,1,ai,noise_s0.02,0.907375,1,1
data\val\ai\ai_000349.png,1,ai,noise_s0.02,0.999475,1,1
data\val\ai\ai_000350.png,1,ai,noise_s0.02,0.760786,1,1
data\val\ai\ai_000351.png,1,ai,noise_s0.02,0.989925,1,1
data\val\ai\ai_000352.png,1,ai,noise_s0.02,0.585484,1,1
data\val\ai\ai_000353.png,1,ai,noise_s0.02,0.925622,1,1
data\val\ai\ai_000354.png,1,ai,noise_s0.02,0.999241,1,1
data\val\ai\ai_000355.png,1,ai,noise_s0.02,0.940283,1,1
data\val\ai\ai_000356.png,1,ai,noise_s0.02,0.825097,1,1
data\val\ai\ai_000357.png,1,ai,noise_s0.02,0.965801,1,1
data\val\ai\ai_000358.png,1,ai,noise_s0.02,0.274220,0,0
data\val\ai\ai_000359.png,1,ai,noise_s0.02,0.987188,1,1
data\val\ai\ai_000360.png,1,ai,noise_s0.02,0.936772,1,1
data\val\ai\ai_000361.png,1,ai,noise_s0.02,0.997918,1,1
data\val\ai\ai_000362.png,1,ai,noise_s0.02,0.589896,1,1
data\val\ai\ai_000363.png,1,ai,noise_s0.02,0.986624,1,1
data\val\ai\ai_000364.png,1,ai,noise_s0.02,0.999110,1,1
data\val\ai\ai_000365.png,1,ai,noise_s0.02,0.642083,1,1
data\val\ai\ai_000366.png,1,ai,noise_s0.02,0.873083,1,1
data\val\ai\ai_000367.png,1,ai,noise_s0.02,0.988835,1,1
data\val\ai\ai_000368.png,1,ai,noise_s0.02,0.319947,0,0
data\val\ai\ai_000369.png,1,ai,noise_s0.02,0.979567,1,1
data\val\ai\ai_000370.png,1,ai,noise_s0.02,0.433086,0,0
data\val\ai\ai_000371.png,1,ai,noise_s0.02,0.991428,1,1
data\val\ai\ai_000372.png,1,ai,noise_s0.02,0.900828,1,1
data\val\ai\ai_000373.png,1,ai,noise_s0.02,0.984583,1,1
data\val\ai\ai_000374.png,1,ai,noise_s0.02,0.998474,1,1
data\val\ai\ai_000375.png,1,ai,noise_s0.02,0.992449,1,1
data\val\ai\ai_000376.png,1,ai,noise_s0.02,0.595532,1,1
data\val\ai\ai_000377.png,1,ai,noise_s0.02,0.939650,1,1
data\val\ai\ai_000378.png,1,ai,noise_s0.02,0.987446,1,1
data\val\ai\ai_000379.png,1,ai,noise_s0.02,0.904338,1,1
data\val\ai\ai_000380.png,1,ai,noise_s0.02,0.747342,1,1
data\val\ai\ai_000381.png,1,ai,noise_s0.02,0.944277,1,1
data\val\ai\ai_000382.png,1,ai,noise_s0.02,0.589397,1,1
data\val\ai\ai_000383.png,1,ai,noise_s0.02,0.994768,1,1
data\val\ai\ai_000384.png,1,ai,noise_s0.02,0.877548,1,1
data\val\ai\ai_000385.png,1,ai,noise_s0.02,0.997224,1,1
data\val\ai\ai_000386.png,1,ai,noise_s0.02,0.948507,1,1
data\val\ai\ai_000387.png,1,ai,noise_s0.02,0.997989,1,1
data\val\ai\ai_000388.png,1,ai,noise_s0.02,0.989925,1,1
data\val\ai\ai_000389.png,1,ai,noise_s0.02,0.987812,1,1
data\val\ai\ai_000390.png,1,ai,noise_s0.02,0.992465,1,1
data\val\ai\ai_000391.png,1,ai,noise_s0.02,0.891572,1,1
data\val\ai\ai_000392.png,1,ai,noise_s0.02,0.695683,1,1
data\val\ai\ai_000393.png,1,ai,noise_s0.02,0.986636,1,1
data\val\ai\ai_000394.png,1,ai,noise_s0.02,0.992214,1,1
data\val\ai\ai_000395.png,1,ai,noise_s0.02,0.960928,1,1
data\val\ai\ai_000396.png,1,ai,noise_s0.02,0.968717,1,1
data\val\ai\ai_000397.png,1,ai,noise_s0.02,0.984724,1,1
data\val\ai\ai_000398.png,1,ai,noise_s0.02,0.780570,1,1
data\val\ai\ai_000399.png,1,ai,noise_s0.02,0.989743,1,1
data\val\ai\ai_000400.png,1,ai,noise_s0.02,0.434484,0,0
data\val\ai\ai_000401.png,1,ai,noise_s0.02,0.982279,1,1
data\val\ai\ai_000402.png,1,ai,noise_s0.02,0.975473,1,1
data\val\ai\ai_000403.png,1,ai,noise_s0.02,0.994116,1,1
data\val\ai\ai_000404.png,1,ai,noise_s0.02,0.985496,1,1
data\val\ai\ai_000405.png,1,ai,noise_s0.02,0.990722,1,1
data\val\ai\ai_000406.png,1,ai,noise_s0.02,0.996948,1,1
data\val\ai\ai_000407.png,1,ai,noise_s0.02,0.819260,1,1
data\val\ai\ai_000408.png,1,ai,noise_s0.02,0.968794,1,1
data\val\ai\ai_000409.png,1,ai,noise_s0.02,0.979025,1,1
data\val\ai\ai_000410.png,1,ai,noise_s0.02,0.673240,1,1
data\val\ai\ai_000411.png,1,ai,noise_s0.02,0.991097,1,1
data\val\ai\ai_000412.png,1,ai,noise_s0.02,0.996743,1,1
data\val\ai\ai_000413.png,1,ai,noise_s0.02,0.972309,1,1
data\val\ai\ai_000414.png,1,ai,noise_s0.02,0.997960,1,1
data\val\ai\ai_000415.png,1,ai,noise_s0.02,0.990582,1,1
data\val\ai\ai_000416.png,1,ai,noise_s0.02,0.750894,1,1
data\val\ai\ai_000417.png,1,ai,noise_s0.02,0.958083,1,1
data\val\ai\ai_000418.png,1,ai,noise_s0.02,0.473626,0,0
data\val\ai\ai_000419.png,1,ai,noise_s0.02,0.884917,1,1
data\val\ai\ai_000420.png,1,ai,noise_s0.02,0.816736,1,1
data\val\ai\ai_000421.png,1,ai,noise_s0.02,0.996873,1,1
data\val\ai\ai_000422.png,1,ai,noise_s0.02,0.322386,0,0
data\val\ai\ai_000423.png,1,ai,noise_s0.02,0.873537,1,1
data\val\ai\ai_000424.png,1,ai,noise_s0.02,0.999689,1,1
data\val\ai\ai_000425.png,1,ai,noise_s0.02,0.789611,1,1
data\val\ai\ai_000426.png,1,ai,noise_s0.02,0.825423,1,1
data\val\ai\ai_000427.png,1,ai,noise_s0.02,0.993484,1,1
data\val\ai\ai_000428.png,1,ai,noise_s0.02,0.985144,1,1
data\val\ai\ai_000429.png,1,ai,noise_s0.02,0.995471,1,1
data\val\ai\ai_000430.png,1,ai,noise_s0.02,0.895327,1,1
data\val\ai\ai_000431.png,1,ai,noise_s0.02,0.888342,1,1
data\val\ai\ai_000432.png,1,ai,noise_s0.02,0.995752,1,1
data\val\ai\ai_000433.png,1,ai,noise_s0.02,0.997884,1,1
data\val\ai\ai_000434.png,1,ai,noise_s0.02,0.987536,1,1
data\val\ai\ai_000435.png,1,ai,noise_s0.02,0.964096,1,1
data\val\ai\ai_000436.png,1,ai,noise_s0.02,0.982867,1,1
data\val\ai\ai_000437.png,1,ai,noise_s0.02,0.961624,1,1
data\val\ai\ai_000438.png,1,ai,noise_s0.02,0.963248,1,1
data\val\ai\ai_000439.png,1,ai,noise_s0.02,0.800854,1,1
data\val\ai\ai_000440.png,1,ai,noise_s0.02,0.925214,1,1
data\val\ai\ai_000441.png,1,ai,noise_s0.02,0.845075,1,1
data\val\ai\ai_000442.png,1,ai,noise_s0.02,0.982112,1,1
data\val\ai\ai_000443.png,1,ai,noise_s0.02,0.996750,1,1
data\val\ai\ai_000444.png,1,ai,noise_s0.02,0.997531,1,1
data\val\ai\ai_000445.png,1,ai,noise_s0.02,0.933081,1,1
data\val\ai\ai_000446.png,1,ai,noise_s0.02,0.960332,1,1
data\val\ai\ai_000447.png,1,ai,noise_s0.02,0.975051,1,1
data\val\ai\ai_000448.png,1,ai,noise_s0.02,0.147456,0,0
data\val\ai\ai_000449.png,1,ai,noise_s0.02,0.999669,1,1
data\val\ai\ai_000450.png,1,ai,noise_s0.02,0.992039,1,1
data\val\ai\ai_000451.png,1,ai,noise_s0.02,0.955451,1,1
data\val\ai\ai_000452.png,1,ai,noise_s0.02,0.926746,1,1
data\val\ai\ai_000453.png,1,ai,noise_s0.02,0.998121,1,1
data\val\ai\ai_000454.png,1,ai,noise_s0.02,0.855467,1,1
data\val\ai\ai_000455.png,1,ai,noise_s0.02,0.995464,1,1
data\val\ai\ai_000456.png,1,ai,noise_s0.02,0.972964,1,1
data\val\ai\ai_000457.png,1,ai,noise_s0.02,0.968650,1,1
data\val\ai\ai_000458.png,1,ai,noise_s0.02,0.976839,1,1
data\val\ai\ai_000459.png,1,ai,noise_s0.02,0.407517,0,0
data\val\ai\ai_000460.png,1,ai,noise_s0.02,0.795867,1,1
data\val\ai\ai_000461.png,1,ai,noise_s0.02,0.802558,1,1
data\val\ai\ai_000462.png,1,ai,noise_s0.02,0.972081,1,1
data\val\ai\ai_000463.png,1,ai,noise_s0.02,0.979459,1,1
data\val\ai\ai_000464.png,1,ai,noise_s0.02,0.991317,1,1
data\val\ai\ai_000465.png,1,ai,noise_s0.02,0.994805,1,1
data\val\ai\ai_000466.png,1,ai,noise_s0.02,0.541851,1,1
data\val\ai\ai_000467.png,1,ai,noise_s0.02,0.980799,1,1
data\val\ai\ai_000468.png,1,ai,noise_s0.02,0.905924,1,1
data\val\ai\ai_000469.png,1,ai,noise_s0.02,0.961549,1,1
data\val\ai\ai_000470.png,1,ai,noise_s0.02,0.737223,1,1
data\val\ai\ai_000471.png,1,ai,noise_s0.02,0.998685,1,1
data\val\ai\ai_000472.png,1,ai,noise_s0.02,0.959874,1,1
data\val\ai\ai_000473.png,1,ai,noise_s0.02,0.929659,1,1
data\val\ai\ai_000474.png,1,ai,noise_s0.02,0.985303,1,1
data\val\ai\ai_000475.png,1,ai,noise_s0.02,0.986002,1,1
data\val\ai\ai_000476.png,1,ai,noise_s0.02,0.916082,1,1
data\val\ai\ai_000477.png,1,ai,noise_s0.02,0.968634,1,1
data\val\ai\ai_000478.png,1,ai,noise_s0.02,0.920777,1,1
data\val\ai\ai_000479.png,1,ai,noise_s0.02,0.818260,1,1
data\val\ai\ai_000480.png,1,ai,noise_s0.02,0.736565,1,1
data\val\ai\ai_000481.png,1,ai,noise_s0.02,0.992264,1,1
data\val\ai\ai_000482.png,1,ai,noise_s0.02,0.694213,1,1
data\val\ai\ai_000483.png,1,ai,noise_s0.02,0.992500,1,1
data\val\ai\ai_000484.png,1,ai,noise_s0.02,0.972811,1,1
data\val\ai\ai_000485.png,1,ai,noise_s0.02,0.920928,1,1
data\val\ai\ai_000486.png,1,ai,noise_s0.02,0.996717,1,1
data\val\ai\ai_000487.png,1,ai,noise_s0.02,0.986179,1,1
data\val\ai\ai_000488.png,1,ai,noise_s0.02,0.779718,1,1
data\val\ai\ai_000489.png,1,ai,noise_s0.02,0.982206,1,1
data\val\ai\ai_000490.png,1,ai,noise_s0.02,0.877367,1,1
data\val\ai\ai_000491.png,1,ai,noise_s0.02,0.908793,1,1
data\val\ai\ai_000492.png,1,ai,noise_s0.02,0.958531,1,1
data\val\ai\ai_000493.png,1,ai,noise_s0.02,0.966291,1,1
data\val\ai\ai_000494.png,1,ai,noise_s0.02,0.997725,1,1
data\val\ai\ai_000495.png,1,ai,noise_s0.02,0.938175,1,1
data\val\ai\ai_000496.png,1,ai,noise_s0.02,0.704488,1,1
data\val\ai\ai_000497.png,1,ai,noise_s0.02,0.984022,1,1
data\val\ai\ai_000498.png,1,ai,noise_s0.02,0.847412,1,1
data\val\ai\ai_000499.png,1,ai,noise_s0.02,0.997210,1,1
data\val\ai\ai_000500.png,1,ai,noise_s0.02,0.926708,1,1
data\val\real\000000000139.jpg,0,real,noise_s0.05,0.432397,0,1
data\val\real\000000000285.jpg,0,real,noise_s0.05,0.121355,0,1
data\val\real\000000000632.jpg,0,real,noise_s0.05,0.939577,1,0
data\val\real\000000000724.jpg,0,real,noise_s0.05,0.116793,0,1
data\val\real\000000000776.jpg,0,real,noise_s0.05,0.041181,0,1
data\val\real\000000000785.jpg,0,real,noise_s0.05,0.051377,0,1
data\val\real\000000000802.jpg,0,real,noise_s0.05,0.541679,1,0
data\val\real\000000000872.jpg,0,real,noise_s0.05,0.102175,0,1
data\val\real\000000000885.jpg,0,real,noise_s0.05,0.045707,0,1
data\val\real\000000001000.jpg,0,real,noise_s0.05,0.002073,0,1
data\val\real\000000001268.jpg,0,real,noise_s0.05,0.054959,0,1
data\val\real\000000001296.jpg,0,real,noise_s0.05,0.123131,0,1
data\val\real\000000001353.jpg,0,real,noise_s0.05,0.000849,0,1
data\val\real\000000001425.jpg,0,real,noise_s0.05,0.279143,0,1
data\val\real\000000001490.jpg,0,real,noise_s0.05,0.328599,0,1
data\val\real\000000001503.jpg,0,real,noise_s0.05,0.184738,0,1
data\val\real\000000001532.jpg,0,real,noise_s0.05,0.056490,0,1
data\val\real\000000001584.jpg,0,real,noise_s0.05,0.284018,0,1
data\val\real\000000001675.jpg,0,real,noise_s0.05,0.074967,0,1
data\val\real\000000001761.jpg,0,real,noise_s0.05,0.008619,0,1
data\val\real\000000001818.jpg,0,real,noise_s0.05,0.056578,0,1
data\val\real\000000001993.jpg,0,real,noise_s0.05,0.669761,1,0
data\val\real\000000002006.jpg,0,real,noise_s0.05,0.041906,0,1
data\val\real\000000002149.jpg,0,real,noise_s0.05,0.255825,0,1
data\val\real\000000002153.jpg,0,real,noise_s0.05,0.009695,0,1
data\val\real\000000002157.jpg,0,real,noise_s0.05,0.158826,0,1
data\val\real\000000002261.jpg,0,real,noise_s0.05,0.015761,0,1
data\val\real\000000002299.jpg,0,real,noise_s0.05,0.008445,0,1
data\val\real\000000002431.jpg,0,real,noise_s0.05,0.059490,0,1
data\val\real\000000002473.jpg,0,real,noise_s0.05,0.021249,0,1
data\val\real\000000002532.jpg,0,real,noise_s0.05,0.007185,0,1
data\val\real\000000002587.jpg,0,real,noise_s0.05,0.154830,0,1
data\val\real\000000002592.jpg,0,real,noise_s0.05,0.042853,0,1
data\val\real\000000002685.jpg,0,real,noise_s0.05,0.002929,0,1
data\val\real\000000002923.jpg,0,real,noise_s0.05,0.014933,0,1
data\val\real\000000003156.jpg,0,real,noise_s0.05,0.189297,0,1
data\val\real\000000003255.jpg,0,real,noise_s0.05,0.284003,0,1
data\val\real\000000003501.jpg,0,real,noise_s0.05,0.304999,0,1
data\val\real\000000003553.jpg,0,real,noise_s0.05,0.069708,0,1
data\val\real\000000003661.jpg,0,real,noise_s0.05,0.019481,0,1
data\val\real\000000003845.jpg,0,real,noise_s0.05,0.161777,0,1
data\val\real\000000003934.jpg,0,real,noise_s0.05,0.007477,0,1
data\val\real\000000004134.jpg,0,real,noise_s0.05,0.004158,0,1
data\val\real\000000004395.jpg,0,real,noise_s0.05,0.017679,0,1
data\val\real\000000004495.jpg,0,real,noise_s0.05,0.346396,0,1
data\val\real\000000004765.jpg,0,real,noise_s0.05,0.224389,0,1
data\val\real\000000004795.jpg,0,real,noise_s0.05,0.002379,0,1
data\val\real\000000005001.jpg,0,real,noise_s0.05,0.050067,0,1
data\val\real\000000005037.jpg,0,real,noise_s0.05,0.158784,0,1
data\val\real\000000005060.jpg,0,real,noise_s0.05,0.253909,0,1
data\val\real\000000005193.jpg,0,real,noise_s0.05,0.004583,0,1
data\val\real\000000005477.jpg,0,real,noise_s0.05,0.155088,0,1
data\val\real\000000005503.jpg,0,real,noise_s0.05,0.121629,0,1
data\val\real\000000005529.jpg,0,real,noise_s0.05,0.037129,0,1
data\val\real\000000005586.jpg,0,real,noise_s0.05,0.007885,0,1
data\val\real\000000005600.jpg,0,real,noise_s0.05,0.031362,0,1
data\val\real\000000005992.jpg,0,real,noise_s0.05,0.065702,0,1
data\val\real\000000006012.jpg,0,real,noise_s0.05,0.091118,0,1
data\val\real\000000006040.jpg,0,real,noise_s0.05,0.670830,1,0
data\val\real\000000006213.jpg,0,real,noise_s0.05,0.618219,1,0
data\val\real\000000006460.jpg,0,real,noise_s0.05,0.081011,0,1
data\val\real\000000006471.jpg,0,real,noise_s0.05,0.126799,0,1
data\val\real\000000006614.jpg,0,real,noise_s0.05,0.131535,0,1
data\val\real\000000006723.jpg,0,real,noise_s0.05,0.185382,0,1
data\val\real\000000006763.jpg,0,real,noise_s0.05,0.000327,0,1
data\val\real\000000006771.jpg,0,real,noise_s0.05,0.002354,0,1
data\val\real\000000006818.jpg,0,real,noise_s0.05,0.131438,0,1
data\val\real\000000006894.jpg,0,real,noise_s0.05,0.043578,0,1
data\val\real\000000006954.jpg,0,real,noise_s0.05,0.037871,0,1
data\val\real\000000007088.jpg,0,real,noise_s0.05,0.060677,0,1
data\val\real\000000007108.jpg,0,real,noise_s0.05,0.054176,0,1
data\val\real\000000007278.jpg,0,real,noise_s0.05,0.187098,0,1
data\val\real\000000007281.jpg,0,real,noise_s0.05,0.022342,0,1
data\val\real\000000007386.jpg,0,real,noise_s0.05,0.029927,0,1
data\val\real\000000007511.jpg,0,real,noise_s0.05,0.083525,0,1
data\val\real\000000007574.jpg,0,real,noise_s0.05,0.615997,1,0
data\val\real\000000007784.jpg,0,real,noise_s0.05,0.177461,0,1
data\val\real\000000007795.jpg,0,real,noise_s0.05,0.796682,1,0
data\val\real\000000007816.jpg,0,real,noise_s0.05,0.019798,0,1
data\val\real\000000007818.jpg,0,real,noise_s0.05,0.379607,0,1
data\val\real\000000007888.jpg,0,real,noise_s0.05,0.577689,1,0
data\val\real\000000007977.jpg,0,real,noise_s0.05,0.238691,0,1
data\val\real\000000007991.jpg,0,real,noise_s0.05,0.062141,0,1
data\val\real\000000008021.jpg,0,real,noise_s0.05,0.007103,0,1
data\val\real\000000008211.jpg,0,real,noise_s0.05,0.110967,0,1
data\val\real\000000008277.jpg,0,real,noise_s0.05,0.146142,0,1
data\val\real\000000008532.jpg,0,real,noise_s0.05,0.008563,0,1
data\val\real\000000008629.jpg,0,real,noise_s0.05,0.044581,0,1
data\val\real\000000008690.jpg,0,real,noise_s0.05,0.002637,0,1
data\val\real\000000008762.jpg,0,real,noise_s0.05,0.064044,0,1
data\val\real\000000008844.jpg,0,real,noise_s0.05,0.146766,0,1
data\val\real\000000008899.jpg,0,real,noise_s0.05,0.266096,0,1
data\val\real\000000009378.jpg,0,real,noise_s0.05,0.022803,0,1
data\val\real\000000009400.jpg,0,real,noise_s0.05,0.001220,0,1
data\val\real\000000009448.jpg,0,real,noise_s0.05,0.031336,0,1
data\val\real\000000009483.jpg,0,real,noise_s0.05,0.108280,0,1
data\val\real\000000009590.jpg,0,real,noise_s0.05,0.156160,0,1
data\val\real\000000009769.jpg,0,real,noise_s0.05,0.112761,0,1
data\val\real\000000009772.jpg,0,real,noise_s0.05,0.061694,0,1
data\val\real\000000009891.jpg,0,real,noise_s0.05,0.005152,0,1
data\val\real\000000009914.jpg,0,real,noise_s0.05,0.124060,0,1
data\val\real\000000010092.jpg,0,real,noise_s0.05,0.071106,0,1
data\val\real\000000010363.jpg,0,real,noise_s0.05,0.002770,0,1
data\val\real\000000010583.jpg,0,real,noise_s0.05,0.038994,0,1
data\val\real\000000010707.jpg,0,real,noise_s0.05,0.000531,0,1
data\val\real\000000010764.jpg,0,real,noise_s0.05,0.027426,0,1
data\val\real\000000010977.jpg,0,real,noise_s0.05,0.357426,0,1
data\val\real\000000010995.jpg,0,real,noise_s0.05,0.862990,1,0
data\val\real\000000011051.jpg,0,real,noise_s0.05,0.005187,0,1
data\val\real\000000011122.jpg,0,real,noise_s0.05,0.009929,0,1
data\val\real\000000011149.jpg,0,real,noise_s0.05,0.019082,0,1
data\val\real\000000011197.jpg,0,real,noise_s0.05,0.011137,0,1
data\val\real\000000011511.jpg,0,real,noise_s0.05,0.089946,0,1
data\val\real\000000011615.jpg,0,real,noise_s0.05,0.098881,0,1
data\val\real\000000011699.jpg,0,real,noise_s0.05,0.017130,0,1
data\val\real\000000011760.jpg,0,real,noise_s0.05,0.447258,0,1
data\val\real\000000011813.jpg,0,real,noise_s0.05,0.097077,0,1
data\val\real\000000012062.jpg,0,real,noise_s0.05,0.009018,0,1
data\val\real\000000012120.jpg,0,real,noise_s0.05,0.093073,0,1
data\val\real\000000012280.jpg,0,real,noise_s0.05,0.686220,1,0
data\val\real\000000012576.jpg,0,real,noise_s0.05,0.163634,0,1
data\val\real\000000012639.jpg,0,real,noise_s0.05,0.039439,0,1
data\val\real\000000012667.jpg,0,real,noise_s0.05,0.287020,0,1
data\val\real\000000012670.jpg,0,real,noise_s0.05,0.011736,0,1
data\val\real\000000012748.jpg,0,real,noise_s0.05,0.205746,0,1
data\val\real\000000013004.jpg,0,real,noise_s0.05,0.195382,0,1
data\val\real\000000013177.jpg,0,real,noise_s0.05,0.026446,0,1
data\val\real\000000013201.jpg,0,real,noise_s0.05,0.064987,0,1
data\val\real\000000013291.jpg,0,real,noise_s0.05,0.027006,0,1
data\val\real\000000013348.jpg,0,real,noise_s0.05,0.115134,0,1
data\val\real\000000013546.jpg,0,real,noise_s0.05,0.013986,0,1
data\val\real\000000013597.jpg,0,real,noise_s0.05,0.495644,0,1
data\val\real\000000013659.jpg,0,real,noise_s0.05,0.001668,0,1
data\val\real\000000013729.jpg,0,real,noise_s0.05,0.029199,0,1
data\val\real\000000013774.jpg,0,real,noise_s0.05,0.494663,0,1
data\val\real\000000013923.jpg,0,real,noise_s0.05,0.638490,1,0
data\val\real\000000014007.jpg,0,real,noise_s0.05,0.049152,0,1
data\val\real\000000014038.jpg,0,real,noise_s0.05,0.916344,1,0
data\val\real\000000014226.jpg,0,real,noise_s0.05,0.151231,0,1
data\val\real\000000014380.jpg,0,real,noise_s0.05,0.359233,0,1
data\val\real\000000014439.jpg,0,real,noise_s0.05,0.019260,0,1
data\val\real\000000014473.jpg,0,real,noise_s0.05,0.027482,0,1
data\val\real\000000014831.jpg,0,real,noise_s0.05,0.017586,0,1
data\val\real\000000014888.jpg,0,real,noise_s0.05,0.028759,0,1
data\val\real\000000015079.jpg,0,real,noise_s0.05,0.279939,0,1
data\val\real\000000015254.jpg,0,real,noise_s0.05,0.021423,0,1
data\val\real\000000015272.jpg,0,real,noise_s0.05,0.239287,0,1
data\val\real\000000015278.jpg,0,real,noise_s0.05,0.028054,0,1
data\val\real\000000015335.jpg,0,real,noise_s0.05,0.001142,0,1
data\val\real\000000015338.jpg,0,real,noise_s0.05,0.380639,0,1
data\val\real\000000015440.jpg,0,real,noise_s0.05,0.415317,0,1
data\val\real\000000015497.jpg,0,real,noise_s0.05,0.009923,0,1
data\val\real\000000015517.jpg,0,real,noise_s0.05,0.126325,0,1
data\val\real\000000015597.jpg,0,real,noise_s0.05,0.001400,0,1
data\val\real\000000015660.jpg,0,real,noise_s0.05,0.025186,0,1
data\val\real\000000015746.jpg,0,real,noise_s0.05,0.054631,0,1
data\val\real\000000015751.jpg,0,real,noise_s0.05,0.009955,0,1
data\val\real\000000015956.jpg,0,real,noise_s0.05,0.005959,0,1
data\val\real\000000016010.jpg,0,real,noise_s0.05,0.070608,0,1
data\val\real\000000016228.jpg,0,real,noise_s0.05,0.175893,0,1
data\val\real\000000016249.jpg,0,real,noise_s0.05,0.071840,0,1
data\val\real\000000016439.jpg,0,real,noise_s0.05,0.167363,0,1
data\val\real\000000016451.jpg,0,real,noise_s0.05,0.433438,0,1
data\val\real\000000016502.jpg,0,real,noise_s0.05,0.038228,0,1
data\val\real\000000016598.jpg,0,real,noise_s0.05,0.007568,0,1
data\val\real\000000016958.jpg,0,real,noise_s0.05,0.296559,0,1
data\val\real\000000017029.jpg,0,real,noise_s0.05,0.040108,0,1
data\val\real\000000017031.jpg,0,real,noise_s0.05,0.168217,0,1
data\val\real\000000017115.jpg,0,real,noise_s0.05,0.437911,0,1
data\val\real\000000017178.jpg,0,real,noise_s0.05,0.369265,0,1
data\val\real\000000017182.jpg,0,real,noise_s0.05,0.441818,0,1
data\val\real\000000017207.jpg,0,real,noise_s0.05,0.007370,0,1
data\val\real\000000017379.jpg,0,real,noise_s0.05,0.724409,1,0
data\val\real\000000017436.jpg,0,real,noise_s0.05,0.035262,0,1
data\val\real\000000017627.jpg,0,real,noise_s0.05,0.011121,0,1
data\val\real\000000017714.jpg,0,real,noise_s0.05,0.503787,1,0
data\val\real\000000017899.jpg,0,real,noise_s0.05,0.003939,0,1
data\val\real\000000017905.jpg,0,real,noise_s0.05,0.000432,0,1
data\val\real\000000017959.jpg,0,real,noise_s0.05,0.008421,0,1
data\val\real\000000018150.jpg,0,real,noise_s0.05,0.002031,0,1
data\val\real\000000018193.jpg,0,real,noise_s0.05,0.004100,0,1
data\val\real\000000018380.jpg,0,real,noise_s0.05,0.147222,0,1
data\val\real\000000018491.jpg,0,real,noise_s0.05,0.009120,0,1
data\val\real\000000018519.jpg,0,real,noise_s0.05,0.341007,0,1
data\val\real\000000018575.jpg,0,real,noise_s0.05,0.038377,0,1
data\val\real\000000018737.jpg,0,real,noise_s0.05,0.039370,0,1
data\val\real\000000018770.jpg,0,real,noise_s0.05,0.035438,0,1
data\val\real\000000018833.jpg,0,real,noise_s0.05,0.059916,0,1
data\val\real\000000018837.jpg,0,real,noise_s0.05,0.028500,0,1
data\val\real\000000019042.jpg,0,real,noise_s0.05,0.020452,0,1
data\val\real\000000019109.jpg,0,real,noise_s0.05,0.295036,0,1
data\val\real\000000019221.jpg,0,real,noise_s0.05,0.016049,0,1
data\val\real\000000019402.jpg,0,real,noise_s0.05,0.000577,0,1
data\val\real\000000019432.jpg,0,real,noise_s0.05,0.043150,0,1
data\val\real\000000019742.jpg,0,real,noise_s0.05,0.074119,0,1
data\val\real\000000019786.jpg,0,real,noise_s0.05,0.029875,0,1
data\val\real\000000019924.jpg,0,real,noise_s0.05,0.652723,1,0
data\val\real\000000020059.jpg,0,real,noise_s0.05,0.032825,0,1
data\val\real\000000020107.jpg,0,real,noise_s0.05,0.092164,0,1
data\val\real\000000020247.jpg,0,real,noise_s0.05,0.150848,0,1
data\val\real\000000020333.jpg,0,real,noise_s0.05,0.075224,0,1
data\val\real\000000020553.jpg,0,real,noise_s0.05,0.005839,0,1
data\val\real\000000020571.jpg,0,real,noise_s0.05,0.171163,0,1
data\val\real\000000020992.jpg,0,real,noise_s0.05,0.003935,0,1
data\val\real\000000021167.jpg,0,real,noise_s0.05,0.001013,0,1
data\val\real\000000021465.jpg,0,real,noise_s0.05,0.006107,0,1
data\val\real\000000021503.jpg,0,real,noise_s0.05,0.005632,0,1
data\val\real\000000021604.jpg,0,real,noise_s0.05,0.710242,1,0
data\val\real\000000021839.jpg,0,real,noise_s0.05,0.003155,0,1
data\val\real\000000021879.jpg,0,real,noise_s0.05,0.066508,0,1
data\val\real\000000021903.jpg,0,real,noise_s0.05,0.113017,0,1
data\val\real\000000022192.jpg,0,real,noise_s0.05,0.017339,0,1
data\val\real\000000022371.jpg,0,real,noise_s0.05,0.407453,0,1
data\val\real\000000022396.jpg,0,real,noise_s0.05,0.043278,0,1
data\val\real\000000022479.jpg,0,real,noise_s0.05,0.011373,0,1
data\val\real\000000022589.jpg,0,real,noise_s0.05,0.013397,0,1
data\val\real\000000022623.jpg,0,real,noise_s0.05,0.316129,0,1
data\val\real\000000022705.jpg,0,real,noise_s0.05,0.001093,0,1
data\val\real\000000022755.jpg,0,real,noise_s0.05,0.163559,0,1
data\val\real\000000022892.jpg,0,real,noise_s0.05,0.366518,0,1
data\val\real\000000022935.jpg,0,real,noise_s0.05,0.217506,0,1
data\val\real\000000022969.jpg,0,real,noise_s0.05,0.136435,0,1
data\val\real\000000023023.jpg,0,real,noise_s0.05,0.392189,0,1
data\val\real\000000023034.jpg,0,real,noise_s0.05,0.003279,0,1
data\val\real\000000023126.jpg,0,real,noise_s0.05,0.221919,0,1
data\val\real\000000023230.jpg,0,real,noise_s0.05,0.007682,0,1
data\val\real\000000023272.jpg,0,real,noise_s0.05,0.012312,0,1
data\val\real\000000023359.jpg,0,real,noise_s0.05,0.031426,0,1
data\val\real\000000023666.jpg,0,real,noise_s0.05,0.414338,0,1
data\val\real\000000023751.jpg,0,real,noise_s0.05,0.002032,0,1
data\val\real\000000023781.jpg,0,real,noise_s0.05,0.442265,0,1
data\val\real\000000023899.jpg,0,real,noise_s0.05,0.001985,0,1
data\val\real\000000023937.jpg,0,real,noise_s0.05,0.027522,0,1
data\val\real\000000024021.jpg,0,real,noise_s0.05,0.011594,0,1
data\val\real\000000024027.jpg,0,real,noise_s0.05,0.002370,0,1
data\val\real\000000024144.jpg,0,real,noise_s0.05,0.083887,0,1
data\val\real\000000024243.jpg,0,real,noise_s0.05,0.159244,0,1
data\val\real\000000024567.jpg,0,real,noise_s0.05,0.100303,0,1
data\val\real\000000024610.jpg,0,real,noise_s0.05,0.151223,0,1
data\val\real\000000024919.jpg,0,real,noise_s0.05,0.369524,0,1
data\val\real\000000025057.jpg,0,real,noise_s0.05,0.006712,0,1
data\val\real\000000025096.jpg,0,real,noise_s0.05,0.010195,0,1
data\val\real\000000025139.jpg,0,real,noise_s0.05,0.119225,0,1
data\val\real\000000025181.jpg,0,real,noise_s0.05,0.848827,1,0
data\val\real\000000025228.jpg,0,real,noise_s0.05,0.133753,0,1
data\val\real\000000025386.jpg,0,real,noise_s0.05,0.006567,0,1
data\val\real\000000025393.jpg,0,real,noise_s0.05,0.000668,0,1
data\val\real\000000025394.jpg,0,real,noise_s0.05,0.015328,0,1
data\val\real\000000025424.jpg,0,real,noise_s0.05,0.113060,0,1
data\val\real\000000025560.jpg,0,real,noise_s0.05,0.016499,0,1
data\val\real\000000025593.jpg,0,real,noise_s0.05,0.075132,0,1
data\val\real\000000025603.jpg,0,real,noise_s0.05,0.001873,0,1
data\val\real\000000025986.jpg,0,real,noise_s0.05,0.010342,0,1
data\val\real\000000026204.jpg,0,real,noise_s0.05,0.206538,0,1
data\val\real\000000026465.jpg,0,real,noise_s0.05,0.125359,0,1
data\val\real\000000026564.jpg,0,real,noise_s0.05,0.365140,0,1
data\val\real\000000026690.jpg,0,real,noise_s0.05,0.009124,0,1
data\val\real\000000026926.jpg,0,real,noise_s0.05,0.220295,0,1
data\val\real\000000026941.jpg,0,real,noise_s0.05,0.768799,1,0
data\val\real\000000027186.jpg,0,real,noise_s0.05,0.014280,0,1
data\val\real\000000027620.jpg,0,real,noise_s0.05,0.386509,0,1
data\val\real\000000027696.jpg,0,real,noise_s0.05,0.006066,0,1
data\val\real\000000027768.jpg,0,real,noise_s0.05,0.219757,0,1
data\val\real\000000027932.jpg,0,real,noise_s0.05,0.310149,0,1
data\val\real\000000027972.jpg,0,real,noise_s0.05,0.081529,0,1
data\val\real\000000027982.jpg,0,real,noise_s0.05,0.807516,1,0
data\val\real\000000028285.jpg,0,real,noise_s0.05,0.004225,0,1
data\val\real\000000028449.jpg,0,real,noise_s0.05,0.170363,0,1
data\val\real\000000028452.jpg,0,real,noise_s0.05,0.719515,1,0
data\val\real\000000028809.jpg,0,real,noise_s0.05,0.075882,0,1
data\val\real\000000028993.jpg,0,real,noise_s0.05,0.769611,1,0
data\val\real\000000029187.jpg,0,real,noise_s0.05,0.003801,0,1
data\val\real\000000029393.jpg,0,real,noise_s0.05,0.008795,0,1
data\val\real\000000029397.jpg,0,real,noise_s0.05,0.286346,0,1
data\val\real\000000029596.jpg,0,real,noise_s0.05,0.837035,1,0
data\val\real\000000029640.jpg,0,real,noise_s0.05,0.105045,0,1
data\val\real\000000029675.jpg,0,real,noise_s0.05,0.166683,0,1
data\val\real\000000029984.jpg,0,real,noise_s0.05,0.017154,0,1
data\val\real\000000030213.jpg,0,real,noise_s0.05,0.668621,1,0
data\val\real\000000030494.jpg,0,real,noise_s0.05,0.008487,0,1
data\val\real\000000030504.jpg,0,real,noise_s0.05,0.068032,0,1
data\val\real\000000030675.jpg,0,real,noise_s0.05,0.288491,0,1
data\val\real\000000030785.jpg,0,real,noise_s0.05,0.299035,0,1
data\val\real\000000030828.jpg,0,real,noise_s0.05,0.514177,1,0
data\val\real\000000031050.jpg,0,real,noise_s0.05,0.083464,0,1
data\val\real\000000031093.jpg,0,real,noise_s0.05,0.041576,0,1
data\val\real\000000031118.jpg,0,real,noise_s0.05,0.146234,0,1
data\val\real\000000031217.jpg,0,real,noise_s0.05,0.094246,0,1
data\val\real\000000031248.jpg,0,real,noise_s0.05,0.649257,1,0
data\val\real\000000031269.jpg,0,real,noise_s0.05,0.019756,0,1
data\val\real\000000031296.jpg,0,real,noise_s0.05,0.003760,0,1
data\val\real\000000031322.jpg,0,real,noise_s0.05,0.014580,0,1
data\val\real\000000031620.jpg,0,real,noise_s0.05,0.000194,0,1
data\val\real\000000031735.jpg,0,real,noise_s0.05,0.012078,0,1
data\val\real\000000031749.jpg,0,real,noise_s0.05,0.228125,0,1
data\val\real\000000031817.jpg,0,real,noise_s0.05,0.002742,0,1
data\val\real\000000032038.jpg,0,real,noise_s0.05,0.041599,0,1
data\val\real\000000032081.jpg,0,real,noise_s0.05,0.049945,0,1
data\val\real\000000032285.jpg,0,real,noise_s0.05,0.703026,1,0
data\val\real\000000032334.jpg,0,real,noise_s0.05,0.000722,0,1
data\val\real\000000032570.jpg,0,real,noise_s0.05,0.512351,1,0
data\val\real\000000032610.jpg,0,real,noise_s0.05,0.217766,0,1
data\val\real\000000032735.jpg,0,real,noise_s0.05,0.059839,0,1
data\val\real\000000032811.jpg,0,real,noise_s0.05,0.164136,0,1
data\val\real\000000032817.jpg,0,real,noise_s0.05,0.004101,0,1
data\val\real\000000032861.jpg,0,real,noise_s0.05,0.208037,0,1
data\val\real\000000032887.jpg,0,real,noise_s0.05,0.006478,0,1
data\val\real\000000032901.jpg,0,real,noise_s0.05,0.000221,0,1
data\val\real\000000032941.jpg,0,real,noise_s0.05,0.079558,0,1
data\val\real\000000033005.jpg,0,real,noise_s0.05,0.041239,0,1
data\val\real\000000033104.jpg,0,real,noise_s0.05,0.009767,0,1
data\val\real\000000033109.jpg,0,real,noise_s0.05,0.083356,0,1
data\val\real\000000033114.jpg,0,real,noise_s0.05,0.095484,0,1
data\val\real\000000033221.jpg,0,real,noise_s0.05,0.001083,0,1
data\val\real\000000033368.jpg,0,real,noise_s0.05,0.307007,0,1
data\val\real\000000033638.jpg,0,real,noise_s0.05,0.034164,0,1
data\val\real\000000033707.jpg,0,real,noise_s0.05,0.209465,0,1
data\val\real\000000033759.jpg,0,real,noise_s0.05,0.047544,0,1
data\val\real\000000033854.jpg,0,real,noise_s0.05,0.041950,0,1
data\val\real\000000034071.jpg,0,real,noise_s0.05,0.732042,1,0
data\val\real\000000034139.jpg,0,real,noise_s0.05,0.111536,0,1
data\val\real\000000034205.jpg,0,real,noise_s0.05,0.259654,0,1
data\val\real\000000034257.jpg,0,real,noise_s0.05,0.603726,1,0
data\val\real\000000034417.jpg,0,real,noise_s0.05,0.103436,0,1
data\val\real\000000034452.jpg,0,real,noise_s0.05,0.006489,0,1
data\val\real\000000034760.jpg,0,real,noise_s0.05,0.108941,0,1
data\val\real\000000034873.jpg,0,real,noise_s0.05,0.133433,0,1
data\val\real\000000035062.jpg,0,real,noise_s0.05,0.075629,0,1
data\val\real\000000035197.jpg,0,real,noise_s0.05,0.323859,0,1
data\val\real\000000035279.jpg,0,real,noise_s0.05,0.280486,0,1
data\val\real\000000035326.jpg,0,real,noise_s0.05,0.202216,0,1
data\val\real\000000035682.jpg,0,real,noise_s0.05,0.014731,0,1
data\val\real\000000035770.jpg,0,real,noise_s0.05,0.077796,0,1
data\val\real\000000035963.jpg,0,real,noise_s0.05,0.003200,0,1
data\val\real\000000036494.jpg,0,real,noise_s0.05,0.319707,0,1
data\val\real\000000036539.jpg,0,real,noise_s0.05,0.001590,0,1
data\val\real\000000036660.jpg,0,real,noise_s0.05,0.081351,0,1
data\val\real\000000036678.jpg,0,real,noise_s0.05,0.020467,0,1
data\val\real\000000036844.jpg,0,real,noise_s0.05,0.618423,1,0
data\val\real\000000036861.jpg,0,real,noise_s0.05,0.354747,0,1
data\val\real\000000036936.jpg,0,real,noise_s0.05,0.001969,0,1
data\val\real\000000037670.jpg,0,real,noise_s0.05,0.540696,1,0
data\val\real\000000037689.jpg,0,real,noise_s0.05,0.031347,0,1
data\val\real\000000037740.jpg,0,real,noise_s0.05,0.528409,1,0
data\val\real\000000037751.jpg,0,real,noise_s0.05,0.028981,0,1
data\val\real\000000037777.jpg,0,real,noise_s0.05,0.416283,0,1
data\val\real\000000037988.jpg,0,real,noise_s0.05,0.033346,0,1
data\val\real\000000038048.jpg,0,real,noise_s0.05,0.167474,0,1
data\val\real\000000038070.jpg,0,real,noise_s0.05,0.339978,0,1
data\val\real\000000038118.jpg,0,real,noise_s0.05,0.070943,0,1
data\val\real\000000038210.jpg,0,real,noise_s0.05,0.074833,0,1
data\val\real\000000038576.jpg,0,real,noise_s0.05,0.875921,1,0
data\val\real\000000038678.jpg,0,real,noise_s0.05,0.006331,0,1
data\val\real\000000038825.jpg,0,real,noise_s0.05,0.126170,0,1
data\val\real\000000038829.jpg,0,real,noise_s0.05,0.033490,0,1
data\val\real\000000039405.jpg,0,real,noise_s0.05,0.022113,0,1
data\val\real\000000039477.jpg,0,real,noise_s0.05,0.836409,1,0
data\val\real\000000039480.jpg,0,real,noise_s0.05,0.171220,0,1
data\val\real\000000039484.jpg,0,real,noise_s0.05,0.433749,0,1
data\val\real\000000039551.jpg,0,real,noise_s0.05,0.493901,0,1
data\val\real\000000039670.jpg,0,real,noise_s0.05,0.202306,0,1
data\val\real\000000039769.jpg,0,real,noise_s0.05,0.001315,0,1
data\val\real\000000039785.jpg,0,real,noise_s0.05,0.046299,0,1
data\val\real\000000039914.jpg,0,real,noise_s0.05,0.001988,0,1
data\val\real\000000039951.jpg,0,real,noise_s0.05,0.040930,0,1
data\val\real\000000039956.jpg,0,real,noise_s0.05,0.628784,1,0
data\val\real\000000040036.jpg,0,real,noise_s0.05,0.016997,0,1
data\val\real\000000040083.jpg,0,real,noise_s0.05,0.023297,0,1
data\val\real\000000040471.jpg,0,real,noise_s0.05,0.336180,0,1
data\val\real\000000040757.jpg,0,real,noise_s0.05,0.002847,0,1
data\val\real\000000041488.jpg,0,real,noise_s0.05,0.364161,0,1
data\val\real\000000041633.jpg,0,real,noise_s0.05,0.310787,0,1
data\val\real\000000041635.jpg,0,real,noise_s0.05,0.034648,0,1
data\val\real\000000041872.jpg,0,real,noise_s0.05,0.766961,1,0
data\val\real\000000041888.jpg,0,real,noise_s0.05,0.032725,0,1
data\val\real\000000041990.jpg,0,real,noise_s0.05,0.002168,0,1
data\val\real\000000042070.jpg,0,real,noise_s0.05,0.680342,1,0
data\val\real\000000042102.jpg,0,real,noise_s0.05,0.002731,0,1
data\val\real\000000042178.jpg,0,real,noise_s0.05,0.835786,1,0
data\val\real\000000042276.jpg,0,real,noise_s0.05,0.023135,0,1
data\val\real\000000042296.jpg,0,real,noise_s0.05,0.015264,0,1
data\val\real\000000042528.jpg,0,real,noise_s0.05,0.048230,0,1
data\val\real\000000042563.jpg,0,real,noise_s0.05,0.090418,0,1
data\val\real\000000042628.jpg,0,real,noise_s0.05,0.016214,0,1
data\val\real\000000042888.jpg,0,real,noise_s0.05,0.019085,0,1
data\val\real\000000042889.jpg,0,real,noise_s0.05,0.007106,0,1
data\val\real\000000043314.jpg,0,real,noise_s0.05,0.011277,0,1
data\val\real\000000043435.jpg,0,real,noise_s0.05,0.141581,0,1
data\val\real\000000043581.jpg,0,real,noise_s0.05,0.022002,0,1
data\val\real\000000043737.jpg,0,real,noise_s0.05,0.317926,0,1
data\val\real\000000043816.jpg,0,real,noise_s0.05,0.014591,0,1
data\val\real\000000044068.jpg,0,real,noise_s0.05,0.013270,0,1
data\val\real\000000044195.jpg,0,real,noise_s0.05,0.052015,0,1
data\val\real\000000044260.jpg,0,real,noise_s0.05,0.513403,1,0
data\val\real\000000044279.jpg,0,real,noise_s0.05,0.248938,0,1
data\val\real\000000044590.jpg,0,real,noise_s0.05,0.009706,0,1
data\val\real\000000044652.jpg,0,real,noise_s0.05,0.018478,0,1
data\val\real\000000044699.jpg,0,real,noise_s0.05,0.049571,0,1
data\val\real\000000044877.jpg,0,real,noise_s0.05,0.035782,0,1
data\val\real\000000045070.jpg,0,real,noise_s0.05,0.027525,0,1
data\val\real\000000045090.jpg,0,real,noise_s0.05,0.040418,0,1
data\val\real\000000045229.jpg,0,real,noise_s0.05,0.948970,1,0
data\val\real\000000045472.jpg,0,real,noise_s0.05,0.075938,0,1
data\val\real\000000045550.jpg,0,real,noise_s0.05,0.007870,0,1
data\val\real\000000045596.jpg,0,real,noise_s0.05,0.115507,0,1
data\val\real\000000045728.jpg,0,real,noise_s0.05,0.023431,0,1
data\val\real\000000046031.jpg,0,real,noise_s0.05,0.219796,0,1
data\val\real\000000046048.jpg,0,real,noise_s0.05,0.016046,0,1
data\val\real\000000046252.jpg,0,real,noise_s0.05,0.242401,0,1
data\val\real\000000046378.jpg,0,real,noise_s0.05,0.011999,0,1
data\val\real\000000046463.jpg,0,real,noise_s0.05,0.015928,0,1
data\val\real\000000046497.jpg,0,real,noise_s0.05,0.012137,0,1
data\val\real\000000046804.jpg,0,real,noise_s0.05,0.009912,0,1
data\val\real\000000046872.jpg,0,real,noise_s0.05,0.337353,0,1
data\val\real\000000047010.jpg,0,real,noise_s0.05,0.341641,0,1
data\val\real\000000047112.jpg,0,real,noise_s0.05,0.078072,0,1
data\val\real\000000047121.jpg,0,real,noise_s0.05,0.025386,0,1
data\val\real\000000047571.jpg,0,real,noise_s0.05,0.190493,0,1
data\val\real\000000047585.jpg,0,real,noise_s0.05,0.002034,0,1
data\val\real\000000047740.jpg,0,real,noise_s0.05,0.004836,0,1
data\val\real\000000047769.jpg,0,real,noise_s0.05,0.357431,0,1
data\val\real\000000047801.jpg,0,real,noise_s0.05,0.012296,0,1
data\val\real\000000047819.jpg,0,real,noise_s0.05,0.004915,0,1
data\val\real\000000047828.jpg,0,real,noise_s0.05,0.126407,0,1
data\val\real\000000048153.jpg,0,real,noise_s0.05,0.022789,0,1
data\val\real\000000048396.jpg,0,real,noise_s0.05,0.004729,0,1
data\val\real\000000048504.jpg,0,real,noise_s0.05,0.200455,0,1
data\val\real\000000048555.jpg,0,real,noise_s0.05,0.153362,0,1
data\val\real\000000048564.jpg,0,real,noise_s0.05,0.004281,0,1
data\val\real\000000048924.jpg,0,real,noise_s0.05,0.923228,1,0
data\val\real\000000049060.jpg,0,real,noise_s0.05,0.003025,0,1
data\val\real\000000049091.jpg,0,real,noise_s0.05,0.062590,0,1
data\val\real\000000049259.jpg,0,real,noise_s0.05,0.045430,0,1
data\val\real\000000049269.jpg,0,real,noise_s0.05,0.077808,0,1
data\val\real\000000049759.jpg,0,real,noise_s0.05,0.154167,0,1
data\val\real\000000049761.jpg,0,real,noise_s0.05,0.023769,0,1
data\val\real\000000049810.jpg,0,real,noise_s0.05,0.041160,0,1
data\val\real\000000050006.jpg,0,real,noise_s0.05,0.158004,0,1
data\val\real\000000050145.jpg,0,real,noise_s0.05,0.004908,0,1
data\val\real\000000050149.jpg,0,real,noise_s0.05,0.026134,0,1
data\val\real\000000050165.jpg,0,real,noise_s0.05,0.563681,1,0
data\val\real\000000050326.jpg,0,real,noise_s0.05,0.002331,0,1
data\val\real\000000050331.jpg,0,real,noise_s0.05,0.048880,0,1
data\val\real\000000050380.jpg,0,real,noise_s0.05,0.014597,0,1
data\val\real\000000050638.jpg,0,real,noise_s0.05,0.478060,0,1
data\val\real\000000050679.jpg,0,real,noise_s0.05,0.432154,0,1
data\val\real\000000050811.jpg,0,real,noise_s0.05,0.001049,0,1
data\val\real\000000050828.jpg,0,real,noise_s0.05,0.136058,0,1
data\val\real\000000050844.jpg,0,real,noise_s0.05,0.035045,0,1
data\val\real\000000050896.jpg,0,real,noise_s0.05,0.211076,0,1
data\val\real\000000050943.jpg,0,real,noise_s0.05,0.075770,0,1
data\val\real\000000051008.jpg,0,real,noise_s0.05,0.009734,0,1
data\val\real\000000051309.jpg,0,real,noise_s0.05,0.068312,0,1
data\val\real\000000051314.jpg,0,real,noise_s0.05,0.154199,0,1
data\val\real\000000051326.jpg,0,real,noise_s0.05,0.043738,0,1
data\val\real\000000051598.jpg,0,real,noise_s0.05,0.107494,0,1
data\val\real\000000051610.jpg,0,real,noise_s0.05,0.246483,0,1
data\val\real\000000051712.jpg,0,real,noise_s0.05,0.112360,0,1
data\val\real\000000051738.jpg,0,real,noise_s0.05,0.311095,0,1
data\val\real\000000051938.jpg,0,real,noise_s0.05,0.012497,0,1
data\val\real\000000051961.jpg,0,real,noise_s0.05,0.094466,0,1
data\val\real\000000051976.jpg,0,real,noise_s0.05,0.085298,0,1
data\val\real\000000052007.jpg,0,real,noise_s0.05,0.417690,0,1
data\val\real\000000052017.jpg,0,real,noise_s0.05,0.044368,0,1
data\val\real\000000052412.jpg,0,real,noise_s0.05,0.137982,0,1
data\val\real\000000052413.jpg,0,real,noise_s0.05,0.003822,0,1
data\val\real\000000052462.jpg,0,real,noise_s0.05,0.299129,0,1
data\val\real\000000052507.jpg,0,real,noise_s0.05,0.183196,0,1
data\val\real\000000052565.jpg,0,real,noise_s0.05,0.114947,0,1
data\val\real\000000052591.jpg,0,real,noise_s0.05,0.056553,0,1
data\val\real\000000052891.jpg,0,real,noise_s0.05,0.023053,0,1
data\val\real\000000052996.jpg,0,real,noise_s0.05,0.011996,0,1
data\val\real\000000053505.jpg,0,real,noise_s0.05,0.456474,0,1
data\val\real\000000053529.jpg,0,real,noise_s0.05,0.025483,0,1
data\val\real\000000053624.jpg,0,real,noise_s0.05,0.058269,0,1
data\val\real\000000053626.jpg,0,real,noise_s0.05,0.003813,0,1
data\val\real\000000053909.jpg,0,real,noise_s0.05,0.111054,0,1
data\val\real\000000053994.jpg,0,real,noise_s0.05,0.231678,0,1
data\val\real\000000054123.jpg,0,real,noise_s0.05,0.139624,0,1
data\val\real\000000054164.jpg,0,real,noise_s0.05,0.044118,0,1
data\val\real\000000054592.jpg,0,real,noise_s0.05,0.049480,0,1
data\val\real\000000054593.jpg,0,real,noise_s0.05,0.013843,0,1
data\val\real\000000054605.jpg,0,real,noise_s0.05,0.036622,0,1
data\val\real\000000054628.jpg,0,real,noise_s0.05,0.014561,0,1
data\val\real\000000054654.jpg,0,real,noise_s0.05,0.006876,0,1
data\val\real\000000054931.jpg,0,real,noise_s0.05,0.468590,0,1
data\val\real\000000054967.jpg,0,real,noise_s0.05,0.314316,0,1
data\val\real\000000055002.jpg,0,real,noise_s0.05,0.158904,0,1
data\val\real\000000055022.jpg,0,real,noise_s0.05,0.065035,0,1
data\val\real\000000055072.jpg,0,real,noise_s0.05,0.142811,0,1
data\val\real\000000055150.jpg,0,real,noise_s0.05,0.015728,0,1
data\val\real\000000055167.jpg,0,real,noise_s0.05,0.027518,0,1
data\val\real\000000055299.jpg,0,real,noise_s0.05,0.068143,0,1
data\val\real\000000055528.jpg,0,real,noise_s0.05,0.004069,0,1
data\val\real\000000055950.jpg,0,real,noise_s0.05,0.041088,0,1
data\val\real\000000056127.jpg,0,real,noise_s0.05,0.449909,0,1
data\val\real\000000056288.jpg,0,real,noise_s0.05,0.078090,0,1
data\val\real\000000056344.jpg,0,real,noise_s0.05,0.525639,1,0
data\val\real\000000056350.jpg,0,real,noise_s0.05,0.217701,0,1
data\val\real\000000056545.jpg,0,real,noise_s0.05,0.008780,0,1
data\val\ai\ai_000001.png,1,ai,noise_s0.05,0.942388,1,1
data\val\ai\ai_000002.png,1,ai,noise_s0.05,0.974675,1,1
data\val\ai\ai_000003.png,1,ai,noise_s0.05,0.978713,1,1
data\val\ai\ai_000004.png,1,ai,noise_s0.05,0.953325,1,1
data\val\ai\ai_000005.png,1,ai,noise_s0.05,0.977636,1,1
data\val\ai\ai_000006.png,1,ai,noise_s0.05,0.632250,1,1
data\val\ai\ai_000007.png,1,ai,noise_s0.05,0.991892,1,1
data\val\ai\ai_000008.png,1,ai,noise_s0.05,0.929066,1,1
data\val\ai\ai_000009.png,1,ai,noise_s0.05,0.990021,1,1
data\val\ai\ai_000010.png,1,ai,noise_s0.05,0.985806,1,1
data\val\ai\ai_000011.png,1,ai,noise_s0.05,0.918797,1,1
data\val\ai\ai_000012.png,1,ai,noise_s0.05,0.992353,1,1
data\val\ai\ai_000013.png,1,ai,noise_s0.05,0.984417,1,1
data\val\ai\ai_000014.png,1,ai,noise_s0.05,0.993657,1,1
data\val\ai\ai_000015.png,1,ai,noise_s0.05,0.989429,1,1
data\val\ai\ai_000016.png,1,ai,noise_s0.05,0.886495,1,1
data\val\ai\ai_000017.png,1,ai,noise_s0.05,0.890665,1,1
data\val\ai\ai_000018.png,1,ai,noise_s0.05,0.974339,1,1
data\val\ai\ai_000019.png,1,ai,noise_s0.05,0.810882,1,1
data\val\ai\ai_000020.png,1,ai,noise_s0.05,0.977440,1,1
data\val\ai\ai_000021.png,1,ai,noise_s0.05,0.998711,1,1
data\val\ai\ai_000022.png,1,ai,noise_s0.05,0.406250,0,0
data\val\ai\ai_000023.png,1,ai,noise_s0.05,0.889622,1,1
data\val\ai\ai_000024.png,1,ai,noise_s0.05,0.959343,1,1
data\val\ai\ai_000025.png,1,ai,noise_s0.05,0.958301,1,1
data\val\ai\ai_000026.png,1,ai,noise_s0.05,0.569180,1,1
data\val\ai\ai_000027.png,1,ai,noise_s0.05,0.836185,1,1
data\val\ai\ai_000028.png,1,ai,noise_s0.05,0.986525,1,1
data\val\ai\ai_000029.png,1,ai,noise_s0.05,0.994606,1,1
data\val\ai\ai_000030.png,1,ai,noise_s0.05,0.714402,1,1
data\val\ai\ai_000031.png,1,ai,noise_s0.05,0.697268,1,1
data\val\ai\ai_000032.png,1,ai,noise_s0.05,0.977546,1,1
data\val\ai\ai_000033.png,1,ai,noise_s0.05,0.977532,1,1
data\val\ai\ai_000034.png,1,ai,noise_s0.05,0.995890,1,1
data\val\ai\ai_000035.png,1,ai,noise_s0.05,0.994326,1,1
data\val\ai\ai_000036.png,1,ai,noise_s0.05,0.993643,1,1
data\val\ai\ai_000037.png,1,ai,noise_s0.05,0.967961,1,1
data\val\ai\ai_000038.png,1,ai,noise_s0.05,0.868478,1,1
data\val\ai\ai_000039.png,1,ai,noise_s0.05,0.991357,1,1
data\val\ai\ai_000040.png,1,ai,noise_s0.05,0.415546,0,0
data\val\ai\ai_000041.png,1,ai,noise_s0.05,0.999465,1,1
data\val\ai\ai_000042.png,1,ai,noise_s0.05,0.998912,1,1
data\val\ai\ai_000043.png,1,ai,noise_s0.05,0.997860,1,1
data\val\ai\ai_000044.png,1,ai,noise_s0.05,0.842929,1,1
data\val\ai\ai_000045.png,1,ai,noise_s0.05,0.997687,1,1
data\val\ai\ai_000046.png,1,ai,noise_s0.05,0.771915,1,1
data\val\ai\ai_000047.png,1,ai,noise_s0.05,0.978026,1,1
data\val\ai\ai_000048.png,1,ai,noise_s0.05,0.889498,1,1
data\val\ai\ai_000049.png,1,ai,noise_s0.05,0.801843,1,1
data\val\ai\ai_000050.png,1,ai,noise_s0.05,0.935658,1,1
data\val\ai\ai_000051.png,1,ai,noise_s0.05,0.979769,1,1
data\val\ai\ai_000052.png,1,ai,noise_s0.05,0.989991,1,1
data\val\ai\ai_000053.png,1,ai,noise_s0.05,0.980012,1,1
data\val\ai\ai_000054.png,1,ai,noise_s0.05,0.983474,1,1
data\val\ai\ai_000055.png,1,ai,noise_s0.05,0.715163,1,1
data\val\ai\ai_000056.png,1,ai,noise_s0.05,0.917308,1,1
data\val\ai\ai_000057.png,1,ai,noise_s0.05,0.986772,1,1
data\val\ai\ai_000058.png,1,ai,noise_s0.05,0.458840,0,0
data\val\ai\ai_000059.png,1,ai,noise_s0.05,0.972446,1,1
data\val\ai\ai_000060.png,1,ai,noise_s0.05,0.930092,1,1
data\val\ai\ai_000061.png,1,ai,noise_s0.05,0.976231,1,1
data\val\ai\ai_000062.png,1,ai,noise_s0.05,0.991654,1,1
data\val\ai\ai_000063.png,1,ai,noise_s0.05,0.977563,1,1
data\val\ai\ai_000064.png,1,ai,noise_s0.05,0.780356,1,1
data\val\ai\ai_000065.png,1,ai,noise_s0.05,0.897002,1,1
data\val\ai\ai_000066.png,1,ai,noise_s0.05,0.899971,1,1
data\val\ai\ai_000067.png,1,ai,noise_s0.05,0.996785,1,1
data\val\ai\ai_000068.png,1,ai,noise_s0.05,0.740580,1,1
data\val\ai\ai_000069.png,1,ai,noise_s0.05,0.998265,1,1
data\val\ai\ai_000070.png,1,ai,noise_s0.05,0.917298,1,1
data\val\ai\ai_000071.png,1,ai,noise_s0.05,0.999490,1,1
data\val\ai\ai_000072.png,1,ai,noise_s0.05,0.761283,1,1
data\val\ai\ai_000073.png,1,ai,noise_s0.05,0.996837,1,1
data\val\ai\ai_000074.png,1,ai,noise_s0.05,0.990537,1,1
data\val\ai\ai_000075.png,1,ai,noise_s0.05,0.998027,1,1
data\val\ai\ai_000076.png,1,ai,noise_s0.05,0.912131,1,1
data\val\ai\ai_000077.png,1,ai,noise_s0.05,0.968204,1,1
data\val\ai\ai_000078.png,1,ai,noise_s0.05,0.410725,0,0
data\val\ai\ai_000079.png,1,ai,noise_s0.05,0.893848,1,1
data\val\ai\ai_000080.png,1,ai,noise_s0.05,0.858216,1,1
data\val\ai\ai_000081.png,1,ai,noise_s0.05,0.995377,1,1
data\val\ai\ai_000082.png,1,ai,noise_s0.05,0.996489,1,1
data\val\ai\ai_000083.png,1,ai,noise_s0.05,0.995709,1,1
data\val\ai\ai_000084.png,1,ai,noise_s0.05,0.979743,1,1
data\val\ai\ai_000085.png,1,ai,noise_s0.05,0.949119,1,1
data\val\ai\ai_000086.png,1,ai,noise_s0.05,0.703188,1,1
data\val\ai\ai_000087.png,1,ai,noise_s0.05,0.978909,1,1
data\val\ai\ai_000088.png,1,ai,noise_s0.05,0.857790,1,1
data\val\ai\ai_000089.png,1,ai,noise_s0.05,0.961588,1,1
data\val\ai\ai_000090.png,1,ai,noise_s0.05,0.945718,1,1
data\val\ai\ai_000091.png,1,ai,noise_s0.05,0.971704,1,1
data\val\ai\ai_000092.png,1,ai,noise_s0.05,0.997428,1,1
data\val\ai\ai_000093.png,1,ai,noise_s0.05,0.997421,1,1
data\val\ai\ai_000094.png,1,ai,noise_s0.05,0.994921,1,1
data\val\ai\ai_000095.png,1,ai,noise_s0.05,0.996315,1,1
data\val\ai\ai_000096.png,1,ai,noise_s0.05,0.985962,1,1
data\val\ai\ai_000097.png,1,ai,noise_s0.05,0.871430,1,1
data\val\ai\ai_000098.png,1,ai,noise_s0.05,0.725232,1,1
data\val\ai\ai_000099.png,1,ai,noise_s0.05,0.724225,1,1
data\val\ai\ai_000100.png,1,ai,noise_s0.05,0.990931,1,1
data\val\ai\ai_000101.png,1,ai,noise_s0.05,0.988259,1,1
data\val\ai\ai_000102.png,1,ai,noise_s0.05,0.903088,1,1
data\val\ai\ai_000103.png,1,ai,noise_s0.05,0.981247,1,1
data\val\ai\ai_000104.png,1,ai,noise_s0.05,0.989810,1,1
data\val\ai\ai_000105.png,1,ai,noise_s0.05,0.429443,0,0
data\val\ai\ai_000106.png,1,ai,noise_s0.05,0.544391,1,1
data\val\ai\ai_000107.png,1,ai,noise_s0.05,0.914671,1,1
data\val\ai\ai_000108.png,1,ai,noise_s0.05,0.990622,1,1
data\val\ai\ai_000109.png,1,ai,noise_s0.05,0.999330,1,1
data\val\ai\ai_000110.png,1,ai,noise_s0.05,0.979073,1,1
data\val\ai\ai_000111.png,1,ai,noise_s0.05,0.897990,1,1
data\val\ai\ai_000112.png,1,ai,noise_s0.05,0.792202,1,1
data\val\ai\ai_000113.png,1,ai,noise_s0.05,0.980656,1,1
data\val\ai\ai_000114.png,1,ai,noise_s0.05,0.967493,1,1
data\val\ai\ai_000115.png,1,ai,noise_s0.05,0.959095,1,1
data\val\ai\ai_000116.png,1,ai,noise_s0.05,0.740103,1,1
data\val\ai\ai_000117.png,1,ai,noise_s0.05,0.974010,1,1
data\val\ai\ai_000118.png,1,ai,noise_s0.05,0.975806,1,1
data\val\ai\ai_000119.png,1,ai,noise_s0.05,0.966604,1,1
data\val\ai\ai_000120.png,1,ai,noise_s0.05,0.803046,1,1
data\val\ai\ai_000121.png,1,ai,noise_s0.05,0.998612,1,1
data\val\ai\ai_000122.png,1,ai,noise_s0.05,0.942666,1,1
data\val\ai\ai_000123.png,1,ai,noise_s0.05,0.954049,1,1
data\val\ai\ai_000124.png,1,ai,noise_s0.05,0.787335,1,1
data\val\ai\ai_000125.png,1,ai,noise_s0.05,0.994848,1,1
data\val\ai\ai_000126.png,1,ai,noise_s0.05,0.947044,1,1
data\val\ai\ai_000127.png,1,ai,noise_s0.05,0.982905,1,1
data\val\ai\ai_000128.png,1,ai,noise_s0.05,0.862334,1,1
data\val\ai\ai_000129.png,1,ai,noise_s0.05,0.990353,1,1
data\val\ai\ai_000130.png,1,ai,noise_s0.05,0.617554,1,1
data\val\ai\ai_000131.png,1,ai,noise_s0.05,0.995948,1,1
data\val\ai\ai_000132.png,1,ai,noise_s0.05,0.848644,1,1
data\val\ai\ai_000133.png,1,ai,noise_s0.05,0.994800,1,1
data\val\ai\ai_000134.png,1,ai,noise_s0.05,0.982434,1,1
data\val\ai\ai_000135.png,1,ai,noise_s0.05,0.998869,1,1
data\val\ai\ai_000136.png,1,ai,noise_s0.05,0.896988,1,1
data\val\ai\ai_000137.png,1,ai,noise_s0.05,0.946368,1,1
data\val\ai\ai_000138.png,1,ai,noise_s0.05,0.891797,1,1
data\val\ai\ai_000139.png,1,ai,noise_s0.05,0.989963,1,1
data\val\ai\ai_000140.png,1,ai,noise_s0.05,0.896166,1,1
data\val\ai\ai_000141.png,1,ai,noise_s0.05,0.997309,1,1
data\val\ai\ai_000142.png,1,ai,noise_s0.05,0.953852,1,1
data\val\ai\ai_000143.png,1,ai,noise_s0.05,0.992993,1,1
data\val\ai\ai_000144.png,1,ai,noise_s0.05,0.988260,1,1
data\val\ai\ai_000145.png,1,ai,noise_s0.05,0.994196,1,1
data\val\ai\ai_000146.png,1,ai,noise_s0.05,0.987999,1,1
data\val\ai\ai_000147.png,1,ai,noise_s0.05,0.975605,1,1
data\val\ai\ai_000148.png,1,ai,noise_s0.05,0.199153,0,0
data\val\ai\ai_000149.png,1,ai,noise_s0.05,0.993113,1,1
data\val\ai\ai_000150.png,1,ai,noise_s0.05,0.457983,0,0
data\val\ai\ai_000151.png,1,ai,noise_s0.05,0.821666,1,1
data\val\ai\ai_000152.png,1,ai,noise_s0.05,0.864022,1,1
data\val\ai\ai_000153.png,1,ai,noise_s0.05,0.996445,1,1
data\val\ai\ai_000154.png,1,ai,noise_s0.05,0.981289,1,1
data\val\ai\ai_000155.png,1,ai,noise_s0.05,0.988849,1,1
data\val\ai\ai_000156.png,1,ai,noise_s0.05,0.505429,1,1
data\val\ai\ai_000157.png,1,ai,noise_s0.05,0.978153,1,1
data\val\ai\ai_000158.png,1,ai,noise_s0.05,0.408449,0,0
data\val\ai\ai_000159.png,1,ai,noise_s0.05,0.992100,1,1
data\val\ai\ai_000160.png,1,ai,noise_s0.05,0.155505,0,0
data\val\ai\ai_000161.png,1,ai,noise_s0.05,0.977730,1,1
data\val\ai\ai_000162.png,1,ai,noise_s0.05,0.968990,1,1
data\val\ai\ai_000163.png,1,ai,noise_s0.05,0.998152,1,1
data\val\ai\ai_000164.png,1,ai,noise_s0.05,0.991875,1,1
data\val\ai\ai_000165.png,1,ai,noise_s0.05,0.998232,1,1
data\val\ai\ai_000166.png,1,ai,noise_s0.05,0.967536,1,1
data\val\ai\ai_000167.png,1,ai,noise_s0.05,0.903376,1,1
data\val\ai\ai_000168.png,1,ai,noise_s0.05,0.566284,1,1
data\val\ai\ai_000169.png,1,ai,noise_s0.05,0.982413,1,1
data\val\ai\ai_000170.png,1,ai,noise_s0.05,0.949801,1,1
data\val\ai\ai_000171.png,1,ai,noise_s0.05,0.996732,1,1
data\val\ai\ai_000172.png,1,ai,noise_s0.05,0.989517,1,1
data\val\ai\ai_000173.png,1,ai,noise_s0.05,0.950569,1,1
data\val\ai\ai_000174.png,1,ai,noise_s0.05,0.999651,1,1
data\val\ai\ai_000175.png,1,ai,noise_s0.05,0.981140,1,1
data\val\ai\ai_000176.png,1,ai,noise_s0.05,0.984184,1,1
data\val\ai\ai_000177.png,1,ai,noise_s0.05,0.877025,1,1
data\val\ai\ai_000178.png,1,ai,noise_s0.05,0.543869,1,1
data\val\ai\ai_000179.png,1,ai,noise_s0.05,0.997137,1,1
data\val\ai\ai_000180.png,1,ai,noise_s0.05,0.898742,1,1
data\val\ai\ai_000181.png,1,ai,noise_s0.05,0.979352,1,1
data\val\ai\ai_000182.png,1,ai,noise_s0.05,0.942464,1,1
data\val\ai\ai_000183.png,1,ai,noise_s0.05,0.962219,1,1
data\val\ai\ai_000184.png,1,ai,noise_s0.05,0.995306,1,1
data\val\ai\ai_000185.png,1,ai,noise_s0.05,0.966491,1,1
data\val\ai\ai_000186.png,1,ai,noise_s0.05,0.758091,1,1
data\val\ai\ai_000187.png,1,ai,noise_s0.05,0.951900,1,1
data\val\ai\ai_000188.png,1,ai,noise_s0.05,0.558588,1,1
data\val\ai\ai_000189.png,1,ai,noise_s0.05,0.995113,1,1
data\val\ai\ai_000190.png,1,ai,noise_s0.05,0.922921,1,1
data\val\ai\ai_000191.png,1,ai,noise_s0.05,0.720966,1,1
data\val\ai\ai_000192.png,1,ai,noise_s0.05,0.996080,1,1
data\val\ai\ai_000193.png,1,ai,noise_s0.05,0.995638,1,1
data\val\ai\ai_000194.png,1,ai,noise_s0.05,0.979937,1,1
data\val\ai\ai_000195.png,1,ai,noise_s0.05,0.986390,1,1
data\val\ai\ai_000196.png,1,ai,noise_s0.05,0.985896,1,1
data\val\ai\ai_000197.png,1,ai,noise_s0.05,0.857188,1,1
data\val\ai\ai_000198.png,1,ai,noise_s0.05,0.938925,1,1
data\val\ai\ai_000199.png,1,ai,noise_s0.05,0.942269,1,1
data\val\ai\ai_000200.png,1,ai,noise_s0.05,0.956931,1,1
data\val\ai\ai_000201.png,1,ai,noise_s0.05,0.980071,1,1
data\val\ai\ai_000202.png,1,ai,noise_s0.05,0.738279,1,1
data\val\ai\ai_000203.png,1,ai,noise_s0.05,0.992094,1,1
data\val\ai\ai_000204.png,1,ai,noise_s0.05,0.989781,1,1
data\val\ai\ai_000205.png,1,ai,noise_s0.05,0.983574,1,1
data\val\ai\ai_000206.png,1,ai,noise_s0.05,0.998877,1,1
data\val\ai\ai_000207.png,1,ai,noise_s0.05,0.969026,1,1
data\val\ai\ai_000208.png,1,ai,noise_s0.05,0.919340,1,1
data\val\ai\ai_000209.png,1,ai,noise_s0.05,0.998866,1,1
data\val\ai\ai_000210.png,1,ai,noise_s0.05,0.912819,1,1
data\val\ai\ai_000211.png,1,ai,noise_s0.05,0.984101,1,1
data\val\ai\ai_000212.png,1,ai,noise_s0.05,0.998825,1,1
data\val\ai\ai_000213.png,1,ai,noise_s0.05,0.948482,1,1
data\val\ai\ai_000214.png,1,ai,noise_s0.05,0.999072,1,1
data\val\ai\ai_000215.png,1,ai,noise_s0.05,0.988279,1,1
data\val\ai\ai_000216.png,1,ai,noise_s0.05,0.962998,1,1
data\val\ai\ai_000217.png,1,ai,noise_s0.05,0.722618,1,1
data\val\ai\ai_000218.png,1,ai,noise_s0.05,0.751588,1,1
data\val\ai\ai_000219.png,1,ai,noise_s0.05,0.940577,1,1
data\val\ai\ai_000220.png,1,ai,noise_s0.05,0.332688,0,0
data\val\ai\ai_000221.png,1,ai,noise_s0.05,0.964434,1,1
data\val\ai\ai_000222.png,1,ai,noise_s0.05,0.932792,1,1
data\val\ai\ai_000223.png,1,ai,noise_s0.05,0.986460,1,1
data\val\ai\ai_000224.png,1,ai,noise_s0.05,0.919536,1,1
data\val\ai\ai_000225.png,1,ai,noise_s0.05,0.974512,1,1
data\val\ai\ai_000226.png,1,ai,noise_s0.05,0.975681,1,1
data\val\ai\ai_000227.png,1,ai,noise_s0.05,0.915800,1,1
data\val\ai\ai_000228.png,1,ai,noise_s0.05,0.065425,0,0
data\val\ai\ai_000229.png,1,ai,noise_s0.05,0.988158,1,1
data\val\ai\ai_000230.png,1,ai,noise_s0.05,0.817473,1,1
data\val\ai\ai_000231.png,1,ai,noise_s0.05,0.999301,1,1
data\val\ai\ai_000232.png,1,ai,noise_s0.05,0.887231,1,1
data\val\ai\ai_000233.png,1,ai,noise_s0.05,0.967358,1,1
data\val\ai\ai_000234.png,1,ai,noise_s0.05,0.999067,1,1
data\val\ai\ai_000235.png,1,ai,noise_s0.05,0.994661,1,1
data\val\ai\ai_000236.png,1,ai,noise_s0.05,0.834224,1,1
data\val\ai\ai_000237.png,1,ai,noise_s0.05,0.942158,1,1
data\val\ai\ai_000238.png,1,ai,noise_s0.05,0.878648,1,1
data\val\ai\ai_000239.png,1,ai,noise_s0.05,0.770615,1,1
data\val\ai\ai_000240.png,1,ai,noise_s0.05,0.863346,1,1
data\val\ai\ai_000241.png,1,ai,noise_s0.05,0.991940,1,1
data\val\ai\ai_000242.png,1,ai,noise_s0.05,0.995759,1,1
data\val\ai\ai_000243.png,1,ai,noise_s0.05,0.936400,1,1
data\val\ai\ai_000244.png,1,ai,noise_s0.05,0.997158,1,1
data\val\ai\ai_000245.png,1,ai,noise_s0.05,0.863915,1,1
data\val\ai\ai_000246.png,1,ai,noise_s0.05,0.991205,1,1
data\val\ai\ai_000247.png,1,ai,noise_s0.05,0.976592,1,1
data\val\ai\ai_000248.png,1,ai,noise_s0.05,0.983393,1,1
data\val\ai\ai_000249.png,1,ai,noise_s0.05,0.987398,1,1
data\val\ai\ai_000250.png,1,ai,noise_s0.05,0.362169,0,0
data\val\ai\ai_000251.png,1,ai,noise_s0.05,0.989211,1,1
data\val\ai\ai_000252.png,1,ai,noise_s0.05,0.970002,1,1
data\val\ai\ai_000253.png,1,ai,noise_s0.05,0.972262,1,1
data\val\ai\ai_000254.png,1,ai,noise_s0.05,0.954202,1,1
data\val\ai\ai_000255.png,1,ai,noise_s0.05,0.690296,1,1
data\val\ai\ai_000256.png,1,ai,noise_s0.05,0.591971,1,1
data\val\ai\ai_000257.png,1,ai,noise_s0.05,0.941445,1,1
data\val\ai\ai_000258.png,1,ai,noise_s0.05,0.729932,1,1
data\val\ai\ai_000259.png,1,ai,noise_s0.05,0.991144,1,1
data\val\ai\ai_000260.png,1,ai,noise_s0.05,0.737885,1,1
data\val\ai\ai_000261.png,1,ai,noise_s0.05,0.966355,1,1
data\val\ai\ai_000262.png,1,ai,noise_s0.05,0.993986,1,1
data\val\ai\ai_000263.png,1,ai,noise_s0.05,0.993049,1,1
data\val\ai\ai_000264.png,1,ai,noise_s0.05,0.999193,1,1
data\val\ai\ai_000265.png,1,ai,noise_s0.05,0.985124,1,1
data\val\ai\ai_000266.png,1,ai,noise_s0.05,0.960814,1,1
data\val\ai\ai_000267.png,1,ai,noise_s0.05,0.964830,1,1
data\val\ai\ai_000268.png,1,ai,noise_s0.05,0.938184,1,1
data\val\ai\ai_000269.png,1,ai,noise_s0.05,0.995482,1,1
data\val\ai\ai_000270.png,1,ai,noise_s0.05,0.828571,1,1
data\val\ai\ai_000271.png,1,ai,noise_s0.05,0.997813,1,1
data\val\ai\ai_000272.png,1,ai,noise_s0.05,0.997678,1,1
data\val\ai\ai_000273.png,1,ai,noise_s0.05,0.993033,1,1
data\val\ai\ai_000274.png,1,ai,noise_s0.05,0.932309,1,1
data\val\ai\ai_000275.png,1,ai,noise_s0.05,0.988075,1,1
data\val\ai\ai_000276.png,1,ai,noise_s0.05,0.988698,1,1
data\val\ai\ai_000277.png,1,ai,noise_s0.05,0.833737,1,1
data\val\ai\ai_000278.png,1,ai,noise_s0.05,0.992733,1,1
data\val\ai\ai_000279.png,1,ai,noise_s0.05,0.993104,1,1
data\val\ai\ai_000280.png,1,ai,noise_s0.05,0.903358,1,1
data\val\ai\ai_000281.png,1,ai,noise_s0.05,0.974569,1,1
data\val\ai\ai_000282.png,1,ai,noise_s0.05,0.787335,1,1
data\val\ai\ai_000283.png,1,ai,noise_s0.05,0.989120,1,1
data\val\ai\ai_000284.png,1,ai,noise_s0.05,0.975683,1,1
data\val\ai\ai_000285.png,1,ai,noise_s0.05,0.997078,1,1
data\val\ai\ai_000286.png,1,ai,noise_s0.05,0.972350,1,1
data\val\ai\ai_000287.png,1,ai,noise_s0.05,0.973618,1,1
data\val\ai\ai_000288.png,1,ai,noise_s0.05,0.146855,0,0
data\val\ai\ai_000289.png,1,ai,noise_s0.05,0.990960,1,1
data\val\ai\ai_000290.png,1,ai,noise_s0.05,0.905134,1,1
data\val\ai\ai_000291.png,1,ai,noise_s0.05,0.992717,1,1
data\val\ai\ai_000292.png,1,ai,noise_s0.05,0.995196,1,1
data\val\ai\ai_000293.png,1,ai,noise_s0.05,0.280958,0,0
data\val\ai\ai_000294.png,1,ai,noise_s0.05,0.989998,1,1
data\val\ai\ai_000295.png,1,ai,noise_s0.05,0.987290,1,1
data\val\ai\ai_000296.png,1,ai,noise_s0.05,0.998883,1,1
data\val\ai\ai_000297.png,1,ai,noise_s0.05,0.984655,1,1
data\val\ai\ai_000298.png,1,ai,noise_s0.05,0.956836,1,1
data\val\ai\ai_000299.png,1,ai,noise_s0.05,0.962230,1,1
data\val\ai\ai_000300.png,1,ai,noise_s0.05,0.689906,1,1
data\val\ai\ai_000301.png,1,ai,noise_s0.05,0.697801,1,1
data\val\ai\ai_000302.png,1,ai,noise_s0.05,0.595330,1,1
data\val\ai\ai_000303.png,1,ai,noise_s0.05,0.936034,1,1
data\val\ai\ai_000304.png,1,ai,noise_s0.05,0.983596,1,1
data\val\ai\ai_000305.png,1,ai,noise_s0.05,0.952773,1,1
data\val\ai\ai_000306.png,1,ai,noise_s0.05,0.983260,1,1
data\val\ai\ai_000307.png,1,ai,noise_s0.05,0.886709,1,1
data\val\ai\ai_000308.png,1,ai,noise_s0.05,0.746151,1,1
data\val\ai\ai_000309.png,1,ai,noise_s0.05,0.922736,1,1
data\val\ai\ai_000310.png,1,ai,noise_s0.05,0.895995,1,1
data\val\ai\ai_000311.png,1,ai,noise_s0.05,0.775180,1,1
data\val\ai\ai_000312.png,1,ai,noise_s0.05,0.969707,1,1
data\val\ai\ai_000313.png,1,ai,noise_s0.05,0.673054,1,1
data\val\ai\ai_000314.png,1,ai,noise_s0.05,0.976618,1,1
data\val\ai\ai_000315.png,1,ai,noise_s0.05,0.992885,1,1
data\val\ai\ai_000316.png,1,ai,noise_s0.05,0.991192,1,1
data\val\ai\ai_000317.png,1,ai,noise_s0.05,0.991377,1,1
data\val\ai\ai_000318.png,1,ai,noise_s0.05,0.035230,0,0
data\val\ai\ai_000319.png,1,ai,noise_s0.05,0.980600,1,1
data\val\ai\ai_000320.png,1,ai,noise_s0.05,0.966460,1,1
data\val\ai\ai_000321.png,1,ai,noise_s0.05,0.997326,1,1
data\val\ai\ai_000322.png,1,ai,noise_s0.05,0.872616,1,1
data\val\ai\ai_000323.png,1,ai,noise_s0.05,0.997912,1,1
data\val\ai\ai_000324.png,1,ai,noise_s0.05,0.997373,1,1
data\val\ai\ai_000325.png,1,ai,noise_s0.05,0.965853,1,1
data\val\ai\ai_000326.png,1,ai,noise_s0.05,0.997023,1,1
data\val\ai\ai_000327.png,1,ai,noise_s0.05,0.997154,1,1
data\val\ai\ai_000328.png,1,ai,noise_s0.05,0.881293,1,1
data\val\ai\ai_000329.png,1,ai,noise_s0.05,0.985865,1,1
data\val\ai\ai_000330.png,1,ai,noise_s0.05,0.899924,1,1
data\val\ai\ai_000331.png,1,ai,noise_s0.05,0.969626,1,1
data\val\ai\ai_000332.png,1,ai,noise_s0.05,0.451015,0,0
data\val\ai\ai_000333.png,1,ai,noise_s0.05,0.980809,1,1
data\val\ai\ai_000334.png,1,ai,noise_s0.05,0.939568,1,1
data\val\ai\ai_000335.png,1,ai,noise_s0.05,0.987873,1,1
data\val\ai\ai_000336.png,1,ai,noise_s0.05,0.452668,0,0
data\val\ai\ai_000337.png,1,ai,noise_s0.05,0.997481,1,1
data\val\ai\ai_000338.png,1,ai,noise_s0.05,0.316493,0,0
data\val\ai\ai_000339.png,1,ai,noise_s0.05,0.998222,1,1
data\val\ai\ai_000340.png,1,ai,noise_s0.05,0.940366,1,1
data\val\ai\ai_000341.png,1,ai,noise_s0.05,0.968150,1,1
data\val\ai\ai_000342.png,1,ai,noise_s0.05,0.644659,1,1
data\val\ai\ai_000343.png,1,ai,noise_s0.05,0.942021,1,1
data\val\ai\ai_000344.png,1,ai,noise_s0.05,0.969038,1,1
data\val\ai\ai_000345.png,1,ai,noise_s0.05,0.965235,1,1
data\val\ai\ai_000346.png,1,ai,noise_s0.05,0.996094,1,1
data\val\ai\ai_000347.png,1,ai,noise_s0.05,0.973862,1,1
data\val\ai\ai_000348.png,1,ai,noise_s0.05,0.709018,1,1
data\val\ai\ai_000349.png,1,ai,noise_s0.05,0.999519,1,1
data\val\ai\ai_000350.png,1,ai,noise_s0.05,0.702455,1,1
data\val\ai\ai_000351.png,1,ai,noise_s0.05,0.994028,1,1
data\val\ai\ai_000352.png,1,ai,noise_s0.05,0.642754,1,1
data\val\ai\ai_000353.png,1,ai,noise_s0.05,0.976150,1,1
data\val\ai\ai_000354.png,1,ai,noise_s0.05,0.999307,1,1
data\val\ai\ai_000355.png,1,ai,noise_s0.05,0.986392,1,1
data\val\ai\ai_000356.png,1,ai,noise_s0.05,0.721378,1,1
data\val\ai\ai_000357.png,1,ai,noise_s0.05,0.968684,1,1
data\val\ai\ai_000358.png,1,ai,noise_s0.05,0.337249,0,0
data\val\ai\ai_000359.png,1,ai,noise_s0.05,0.963956,1,1
data\val\ai\ai_000360.png,1,ai,noise_s0.05,0.904338,1,1
data\val\ai\ai_000361.png,1,ai,noise_s0.05,0.998132,1,1
data\val\ai\ai_000362.png,1,ai,noise_s0.05,0.807469,1,1
data\val\ai\ai_000363.png,1,ai,noise_s0.05,0.989611,1,1
data\val\ai\ai_000364.png,1,ai,noise_s0.05,0.998093,1,1
data\val\ai\ai_000365.png,1,ai,noise_s0.05,0.603446,1,1
data\val\ai\ai_000366.png,1,ai,noise_s0.05,0.753149,1,1
data\val\ai\ai_000367.png,1,ai,noise_s0.05,0.993499,1,1
data\val\ai\ai_000368.png,1,ai,noise_s0.05,0.368369,0,0
data\val\ai\ai_000369.png,1,ai,noise_s0.05,0.975408,1,1
data\val\ai\ai_000370.png,1,ai,noise_s0.05,0.435679,0,0
data\val\ai\ai_000371.png,1,ai,noise_s0.05,0.984215,1,1
data\val\ai\ai_000372.png,1,ai,noise_s0.05,0.891353,1,1
data\val\ai\ai_000373.png,1,ai,noise_s0.05,0.981654,1,1
data\val\ai\ai_000374.png,1,ai,noise_s0.05,0.999012,1,1
data\val\ai\ai_000375.png,1,ai,noise_s0.05,0.963076,1,1
data\val\ai\ai_000376.png,1,ai,noise_s0.05,0.625752,1,1
data\val\ai\ai_000377.png,1,ai,noise_s0.05,0.953005,1,1
data\val\ai\ai_000378.png,1,ai,noise_s0.05,0.978752,1,1
data\val\ai\ai_000379.png,1,ai,noise_s0.05,0.979172,1,1
data\val\ai\ai_000380.png,1,ai,noise_s0.05,0.796753,1,1
data\val\ai\ai_000381.png,1,ai,noise_s0.05,0.953141,1,1
data\val\ai\ai_000382.png,1,ai,noise_s0.05,0.297465,0,0
data\val\ai\ai_000383.png,1,ai,noise_s0.05,0.985405,1,1
data\val\ai\ai_000384.png,1,ai,noise_s0.05,0.935209,1,1
data\val\ai\ai_000385.png,1,ai,noise_s0.05,0.998746,1,1
data\val\ai\ai_000386.png,1,ai,noise_s0.05,0.874993,1,1
data\val\ai\ai_000387.png,1,ai,noise_s0.05,0.997723,1,1
data\val\ai\ai_000388.png,1,ai,noise_s0.05,0.976473,1,1
data\val\ai\ai_000389.png,1,ai,noise_s0.05,0.983740,1,1
data\val\ai\ai_000390.png,1,ai,noise_s0.05,0.957521,1,1
data\val\ai\ai_000391.png,1,ai,noise_s0.05,0.963751,1,1
data\val\ai\ai_000392.png,1,ai,noise_s0.05,0.839243,1,1
data\val\ai\ai_000393.png,1,ai,noise_s0.05,0.977178,1,1
data\val\ai\ai_000394.png,1,ai,noise_s0.05,0.991129,1,1
data\val\ai\ai_000395.png,1,ai,noise_s0.05,0.934517,1,1
data\val\ai\ai_000396.png,1,ai,noise_s0.05,0.874629,1,1
data\val\ai\ai_000397.png,1,ai,noise_s0.05,0.982447,1,1
data\val\ai\ai_000398.png,1,ai,noise_s0.05,0.732167,1,1
data\val\ai\ai_000399.png,1,ai,noise_s0.05,0.991211,1,1
data\val\ai\ai_000400.png,1,ai,noise_s0.05,0.407732,0,0
data\val\ai\ai_000401.png,1,ai,noise_s0.05,0.992164,1,1
data\val\ai\ai_000402.png,1,ai,noise_s0.05,0.990282,1,1
data\val\ai\ai_000403.png,1,ai,noise_s0.05,0.998088,1,1
data\val\ai\ai_000404.png,1,ai,noise_s0.05,0.990097,1,1
data\val\ai\ai_000405.png,1,ai,noise_s0.05,0.983831,1,1
data\val\ai\ai_000406.png,1,ai,noise_s0.05,0.984014,1,1
data\val\ai\ai_000407.png,1,ai,noise_s0.05,0.567721,1,1
data\val\ai\ai_000408.png,1,ai,noise_s0.05,0.963054,1,1
data\val\ai\ai_000409.png,1,ai,noise_s0.05,0.982742,1,1
data\val\ai\ai_000410.png,1,ai,noise_s0.05,0.685904,1,1
data\val\ai\ai_000411.png,1,ai,noise_s0.05,0.982821,1,1
data\val\ai\ai_000412.png,1,ai,noise_s0.05,0.983665,1,1
data\val\ai\ai_000413.png,1,ai,noise_s0.05,0.967473,1,1
data\val\ai\ai_000414.png,1,ai,noise_s0.05,0.998797,1,1
data\val\ai\ai_000415.png,1,ai,noise_s0.05,0.994852,1,1
data\val\ai\ai_000416.png,1,ai,noise_s0.05,0.704896,1,1
data\val\ai\ai_000417.png,1,ai,noise_s0.05,0.965356,1,1
data\val\ai\ai_000418.png,1,ai,noise_s0.05,0.225164,0,0
data\val\ai\ai_000419.png,1,ai,noise_s0.05,0.943915,1,1
data\val\ai\ai_000420.png,1,ai,noise_s0.05,0.864516,1,1
data\val\ai\ai_000421.png,1,ai,noise_s0.05,0.995324,1,1
data\val\ai\ai_000422.png,1,ai,noise_s0.05,0.415166,0,0
data\val\ai\ai_000423.png,1,ai,noise_s0.05,0.921649,1,1
data\val\ai\ai_000424.png,1,ai,noise_s0.05,0.999268,1,1
data\val\ai\ai_000425.png,1,ai,noise_s0.05,0.858722,1,1
data\val\ai\ai_000426.png,1,ai,noise_s0.05,0.834005,1,1
data\val\ai\ai_000427.png,1,ai,noise_s0.05,0.993225,1,1
data\val\ai\ai_000428.png,1,ai,noise_s0.05,0.980244,1,1
data\val\ai\ai_000429.png,1,ai,noise_s0.05,0.998077,1,1
data\val\ai\ai_000430.png,1,ai,noise_s0.05,0.939507,1,1
data\val\ai\ai_000431.png,1,ai,noise_s0.05,0.948265,1,1
data\val\ai\ai_000432.png,1,ai,noise_s0.05,0.998984,1,1
data\val\ai\ai_000433.png,1,ai,noise_s0.05,0.997584,1,1
data\val\ai\ai_000434.png,1,ai,noise_s0.05,0.986752,1,1
data\val\ai\ai_000435.png,1,ai,noise_s0.05,0.967925,1,1
data\val\ai\ai_000436.png,1,ai,noise_s0.05,0.992145,1,1
data\val\ai\ai_000437.png,1,ai,noise_s0.05,0.826658,1,1
data\val\ai\ai_000438.png,1,ai,noise_s0.05,0.980764,1,1
data\val\ai\ai_000439.png,1,ai,noise_s0.05,0.835259,1,1
data\val\ai\ai_000440.png,1,ai,noise_s0.05,0.919013,1,1
data\val\ai\ai_000441.png,1,ai,noise_s0.05,0.706766,1,1
data\val\ai\ai_000442.png,1,ai,noise_s0.05,0.980905,1,1
data\val\ai\ai_000443.png,1,ai,noise_s0.05,0.997283,1,1
data\val\ai\ai_000444.png,1,ai,noise_s0.05,0.998127,1,1
data\val\ai\ai_000445.png,1,ai,noise_s0.05,0.917954,1,1
data\val\ai\ai_000446.png,1,ai,noise_s0.05,0.974707,1,1
data\val\ai\ai_000447.png,1,ai,noise_s0.05,0.990522,1,1
data\val\ai\ai_000448.png,1,ai,noise_s0.05,0.142955,0,0
data\val\ai\ai_000449.png,1,ai,noise_s0.05,0.998964,1,1
data\val\ai\ai_000450.png,1,ai,noise_s0.05,0.976708,1,1
data\val\ai\ai_000451.png,1,ai,noise_s0.05,0.975896,1,1
data\val\ai\ai_000452.png,1,ai,noise_s0.05,0.955966,1,1
data\val\ai\ai_000453.png,1,ai,noise_s0.05,0.995087,1,1
data\val\ai\ai_000454.png,1,ai,noise_s0.05,0.935403,1,1
data\val\ai\ai_000455.png,1,ai,noise_s0.05,0.995761,1,1
data\val\ai\ai_000456.png,1,ai,noise_s0.05,0.943482,1,1
data\val\ai\ai_000457.png,1,ai,noise_s0.05,0.972664,1,1
data\val\ai\ai_000458.png,1,ai,noise_s0.05,0.941299,1,1
data\val\ai\ai_000459.png,1,ai,noise_s0.05,0.490171,0,0
data\val\ai\ai_000460.png,1,ai,noise_s0.05,0.793895,1,1
data\val\ai\ai_000461.png,1,ai,noise_s0.05,0.755852,1,1
data\val\ai\ai_000462.png,1,ai,noise_s0.05,0.968278,1,1
data\val\ai\ai_000463.png,1,ai,noise_s0.05,0.980859,1,1
data\val\ai\ai_000464.png,1,ai,noise_s0.05,0.993295,1,1
data\val\ai\ai_000465.png,1,ai,noise_s0.05,0.994683,1,1
data\val\ai\ai_000466.png,1,ai,noise_s0.05,0.551604,1,1
data\val\ai\ai_000467.png,1,ai,noise_s0.05,0.989793,1,1
data\val\ai\ai_000468.png,1,ai,noise_s0.05,0.703445,1,1
data\val\ai\ai_000469.png,1,ai,noise_s0.05,0.988759,1,1
data\val\ai\ai_000470.png,1,ai,noise_s0.05,0.698945,1,1
data\val\ai\ai_000471.png,1,ai,noise_s0.05,0.999406,1,1
data\val\ai\ai_000472.png,1,ai,noise_s0.05,0.964084,1,1
data\val\ai\ai_000473.png,1,ai,noise_s0.05,0.917562,1,1
data\val\ai\ai_000474.png,1,ai,noise_s0.05,0.981949,1,1
data\val\ai\ai_000475.png,1,ai,noise_s0.05,0.991356,1,1
data\val\ai\ai_000476.png,1,ai,noise_s0.05,0.943460,1,1
data\val\ai\ai_000477.png,1,ai,noise_s0.05,0.977994,1,1
data\val\ai\ai_000478.png,1,ai,noise_s0.05,0.950740,1,1
data\val\ai\ai_000479.png,1,ai,noise_s0.05,0.797244,1,1
data\val\ai\ai_000480.png,1,ai,noise_s0.05,0.875255,1,1
data\val\ai\ai_000481.png,1,ai,noise_s0.05,0.991281,1,1
data\val\ai\ai_000482.png,1,ai,noise_s0.05,0.799843,1,1
data\val\ai\ai_000483.png,1,ai,noise_s0.05,0.991383,1,1
data\val\ai\ai_000484.png,1,ai,noise_s0.05,0.969458,1,1
data\val\ai\ai_000485.png,1,ai,noise_s0.05,0.981897,1,1
data\val\ai\ai_000486.png,1,ai,noise_s0.05,0.996323,1,1
data\val\ai\ai_000487.png,1,ai,noise_s0.05,0.994897,1,1
data\val\ai\ai_000488.png,1,ai,noise_s0.05,0.773141,1,1
data\val\ai\ai_000489.png,1,ai,noise_s0.05,0.978838,1,1
data\val\ai\ai_000490.png,1,ai,noise_s0.05,0.799278,1,1
data\val\ai\ai_000491.png,1,ai,noise_s0.05,0.937492,1,1
data\val\ai\ai_000492.png,1,ai,noise_s0.05,0.972107,1,1
data\val\ai\ai_000493.png,1,ai,noise_s0.05,0.989249,1,1
data\val\ai\ai_000494.png,1,ai,noise_s0.05,0.994722,1,1
data\val\ai\ai_000495.png,1,ai,noise_s0.05,0.937718,1,1
data\val\ai\ai_000496.png,1,ai,noise_s0.05,0.729582,1,1
data\val\ai\ai_000497.png,1,ai,noise_s0.05,0.935768,1,1
data\val\ai\ai_000498.png,1,ai,noise_s0.05,0.743977,1,1
data\val\ai\ai_000499.png,1,ai,noise_s0.05,0.975378,1,1
data\val\ai\ai_000500.png,1,ai,noise_s0.05,0.955280,1,1
data\val\real\000000000139.jpg,0,real,noise_s0.1,0.343428,0,1
data\val\real\000000000285.jpg,0,real,noise_s0.1,0.040183,0,1
data\val\real\000000000632.jpg,0,real,noise_s0.1,0.880955,1,0
data\val\real\000000000724.jpg,0,real,noise_s0.1,0.125450,0,1
data\val\real\000000000776.jpg,0,real,noise_s0.1,0.021412,0,1
data\val\real\000000000785.jpg,0,real,noise_s0.1,0.048680,0,1
data\val\real\000000000802.jpg,0,real,noise_s0.1,0.489964,0,1
data\val\real\000000000872.jpg,0,real,noise_s0.1,0.115354,0,1
data\val\real\000000000885.jpg,0,real,noise_s0.1,0.098343,0,1
data\val\real\000000001000.jpg,0,real,noise_s0.1,0.001786,0,1
data\val\real\000000001268.jpg,0,real,noise_s0.1,0.020433,0,1
data\val\real\000000001296.jpg,0,real,noise_s0.1,0.073704,0,1
data\val\real\000000001353.jpg,0,real,noise_s0.1,0.000772,0,1
data\val\real\000000001425.jpg,0,real,noise_s0.1,0.107232,0,1
data\val\real\000000001490.jpg,0,real,noise_s0.1,0.251320,0,1
data\val\real\000000001503.jpg,0,real,noise_s0.1,0.242495,0,1
data\val\real\000000001532.jpg,0,real,noise_s0.1,0.048228,0,1
data\val\real\000000001584.jpg,0,real,noise_s0.1,0.317657,0,1
data\val\real\000000001675.jpg,0,real,noise_s0.1,0.070090,0,1
data\val\real\000000001761.jpg,0,real,noise_s0.1,0.005816,0,1
data\val\real\000000001818.jpg,0,real,noise_s0.1,0.065814,0,1
data\val\real\000000001993.jpg,0,real,noise_s0.1,0.726699,1,0
data\val\real\000000002006.jpg,0,real,noise_s0.1,0.056065,0,1
data\val\real\000000002149.jpg,0,real,noise_s0.1,0.081226,0,1
data\val\real\000000002153.jpg,0,real,noise_s0.1,0.018516,0,1
data\val\real\000000002157.jpg,0,real,noise_s0.1,0.211074,0,1
data\val\real\000000002261.jpg,0,real,noise_s0.1,0.007324,0,1
data\val\real\000000002299.jpg,0,real,noise_s0.1,0.004339,0,1
data\val\real\000000002431.jpg,0,real,noise_s0.1,0.042793,0,1
data\val\real\000000002473.jpg,0,real,noise_s0.1,0.015976,0,1
data\val\real\000000002532.jpg,0,real,noise_s0.1,0.003573,0,1
data\val\real\000000002587.jpg,0,real,noise_s0.1,0.100879,0,1
data\val\real\000000002592.jpg,0,real,noise_s0.1,0.025773,0,1
data\val\real\000000002685.jpg,0,real,noise_s0.1,0.002938,0,1
data\val\real\000000002923.jpg,0,real,noise_s0.1,0.010971,0,1
data\val\real\000000003156.jpg,0,real,noise_s0.1,0.124167,0,1
data\val\real\000000003255.jpg,0,real,noise_s0.1,0.242366,0,1
data\val\real\000000003501.jpg,0,real,noise_s0.1,0.403647,0,1
data\val\real\000000003553.jpg,0,real,noise_s0.1,0.037349,0,1
data\val\real\000000003661.jpg,0,real,noise_s0.1,0.017001,0,1
data\val\real\000000003845.jpg,0,real,noise_s0.1,0.099455,0,1
data\val\real\000000003934.jpg,0,real,noise_s0.1,0.004730,0,1
data\val\real\000000004134.jpg,0,real,noise_s0.1,0.002378,0,1
data\val\real\000000004395.jpg,0,real,noise_s0.1,0.004380,0,1
data\val\real\000000004495.jpg,0,real,noise_s0.1,0.296144,0,1
data\val\real\000000004765.jpg,0,real,noise_s0.1,0.196162,0,1
data\val\real\000000004795.jpg,0,real,noise_s0.1,0.003542,0,1
data\val\real\000000005001.jpg,0,real,noise_s0.1,0.018963,0,1
data\val\real\000000005037.jpg,0,real,noise_s0.1,0.096019,0,1
data\val\real\000000005060.jpg,0,real,noise_s0.1,0.161656,0,1
data\val\real\000000005193.jpg,0,real,noise_s0.1,0.002767,0,1
data\val\real\000000005477.jpg,0,real,noise_s0.1,0.096173,0,1
data\val\real\000000005503.jpg,0,real,noise_s0.1,0.365279,0,1
data\val\real\000000005529.jpg,0,real,noise_s0.1,0.016894,0,1
data\val\real\000000005586.jpg,0,real,noise_s0.1,0.008581,0,1
data\val\real\000000005600.jpg,0,real,noise_s0.1,0.062812,0,1
data\val\real\000000005992.jpg,0,real,noise_s0.1,0.045197,0,1
data\val\real\000000006012.jpg,0,real,noise_s0.1,0.125702,0,1
data\val\real\000000006040.jpg,0,real,noise_s0.1,0.446831,0,1
data\val\real\000000006213.jpg,0,real,noise_s0.1,0.534937,1,0
data\val\real\000000006460.jpg,0,real,noise_s0.1,0.088882,0,1
data\val\real\000000006471.jpg,0,real,noise_s0.1,0.104186,0,1
data\val\real\000000006614.jpg,0,real,noise_s0.1,0.233751,0,1
data\val\real\000000006723.jpg,0,real,noise_s0.1,0.190629,0,1
data\val\real\000000006763.jpg,0,real,noise_s0.1,0.000254,0,1
data\val\real\000000006771.jpg,0,real,noise_s0.1,0.000909,0,1
data\val\real\000000006818.jpg,0,real,noise_s0.1,0.158005,0,1
data\val\real\000000006894.jpg,0,real,noise_s0.1,0.039107,0,1
data\val\real\000000006954.jpg,0,real,noise_s0.1,0.023287,0,1
data\val\real\000000007088.jpg,0,real,noise_s0.1,0.034073,0,1
data\val\real\000000007108.jpg,0,real,noise_s0.1,0.028919,0,1
data\val\real\000000007278.jpg,0,real,noise_s0.1,0.083818,0,1
data\val\real\000000007281.jpg,0,real,noise_s0.1,0.012934,0,1
data\val\real\000000007386.jpg,0,real,noise_s0.1,0.012644,0,1
data\val\real\000000007511.jpg,0,real,noise_s0.1,0.047135,0,1
data\val\real\000000007574.jpg,0,real,noise_s0.1,0.582240,1,0
data\val\real\000000007784.jpg,0,real,noise_s0.1,0.205292,0,1
data\val\real\000000007795.jpg,0,real,noise_s0.1,0.774339,1,0
data\val\real\000000007816.jpg,0,real,noise_s0.1,0.009532,0,1
data\val\real\000000007818.jpg,0,real,noise_s0.1,0.644426,1,0
data\val\real\000000007888.jpg,0,real,noise_s0.1,0.345667,0,1
data\val\real\000000007977.jpg,0,real,noise_s0.1,0.212897,0,1
data\val\real\000000007991.jpg,0,real,noise_s0.1,0.043771,0,1
data\val\real\000000008021.jpg,0,real,noise_s0.1,0.003885,0,1
data\val\real\000000008211.jpg,0,real,noise_s0.1,0.054795,0,1
data\val\real\000000008277.jpg,0,real,noise_s0.1,0.150457,0,1
data\val\real\000000008532.jpg,0,real,noise_s0.1,0.009962,0,1
data\val\real\000000008629.jpg,0,real,noise_s0.1,0.021717,0,1
data\val\real\000000008690.jpg,0,real,noise_s0.1,0.003465,0,1
data\val\real\000000008762.jpg,0,real,noise_s0.1,0.043156,0,1
data\val\real\000000008844.jpg,0,real,noise_s0.1,0.073587,0,1
data\val\real\000000008899.jpg,0,real,noise_s0.1,0.338593,0,1
data\val\real\000000009378.jpg,0,real,noise_s0.1,0.038349,0,1
data\val\real\000000009400.jpg,0,real,noise_s0.1,0.001016,0,1
data\val\real\000000009448.jpg,0,real,noise_s0.1,0.017488,0,1
data\val\real\000000009483.jpg,0,real,noise_s0.1,0.110458,0,1
data\val\real\000000009590.jpg,0,real,noise_s0.1,0.060701,0,1
data\val\real\000000009769.jpg,0,real,noise_s0.1,0.174004,0,1
data\val\real\000000009772.jpg,0,real,noise_s0.1,0.028980,0,1
data\val\real\000000009891.jpg,0,real,noise_s0.1,0.007844,0,1
data\val\real\000000009914.jpg,0,real,noise_s0.1,0.057994,0,1
data\val\real\000000010092.jpg,0,real,noise_s0.1,0.171916,0,1
data\val\real\000000010363.jpg,0,real,noise_s0.1,0.001836,0,1
data\val\real\000000010583.jpg,0,real,noise_s0.1,0.050535,0,1
data\val\real\000000010707.jpg,0,real,noise_s0.1,0.000429,0,1
data\val\real\000000010764.jpg,0,real,noise_s0.1,0.026451,0,1
data\val\real\000000010977.jpg,0,real,noise_s0.1,0.424841,0,1
data\val\real\000000010995.jpg,0,real,noise_s0.1,0.710598,1,0
data\val\real\000000011051.jpg,0,real,noise_s0.1,0.003299,0,1
data\val\real\000000011122.jpg,0,real,noise_s0.1,0.025628,0,1
data\val\real\000000011149.jpg,0,real,noise_s0.1,0.013309,0,1
data\val\real\000000011197.jpg,0,real,noise_s0.1,0.012580,0,1
data\val\real\000000011511.jpg,0,real,noise_s0.1,0.036996,0,1
data\val\real\000000011615.jpg,0,real,noise_s0.1,0.062220,0,1
data\val\real\000000011699.jpg,0,real,noise_s0.1,0.004721,0,1
data\val\real\000000011760.jpg,0,real,noise_s0.1,0.387616,0,1
data\val\real\000000011813.jpg,0,real,noise_s0.1,0.212378,0,1
data\val\real\000000012062.jpg,0,real,noise_s0.1,0.011894,0,1
data\val\real\000000012120.jpg,0,real,noise_s0.1,0.095238,0,1
data\val\real\000000012280.jpg,0,real,noise_s0.1,0.493898,0,1
data\val\real\000000012576.jpg,0,real,noise_s0.1,0.093946,0,1
data\val\real\000000012639.jpg,0,real,noise_s0.1,0.029975,0,1
data\val\real\000000012667.jpg,0,real,noise_s0.1,0.202797,0,1
data\val\real\000000012670.jpg,0,real,noise_s0.1,0.002093,0,1
data\val\real\000000012748.jpg,0,real,noise_s0.1,0.155482,0,1
data\val\real\000000013004.jpg,0,real,noise_s0.1,0.091585,0,1
data\val\real\000000013177.jpg,0,real,noise_s0.1,0.020998,0,1
data\val\real\000000013201.jpg,0,real,noise_s0.1,0.090286,0,1
data\val\real\000000013291.jpg,0,real,noise_s0.1,0.015208,0,1
data\val\real\000000013348.jpg,0,real,noise_s0.1,0.129643,0,1
data\val\real\000000013546.jpg,0,real,noise_s0.1,0.020668,0,1
data\val\real\000000013597.jpg,0,real,noise_s0.1,0.533045,1,0
data\val\real\000000013659.jpg,0,real,noise_s0.1,0.002470,0,1
data\val\real\000000013729.jpg,0,real,noise_s0.1,0.012132,0,1
data\val\real\000000013774.jpg,0,real,noise_s0.1,0.316787,0,1
data\val\real\000000013923.jpg,0,real,noise_s0.1,0.501181,1,0
data\val\real\000000014007.jpg,0,real,noise_s0.1,0.027777,0,1
data\val\real\000000014038.jpg,0,real,noise_s0.1,0.876320,1,0
data\val\real\000000014226.jpg,0,real,noise_s0.1,0.082929,0,1
data\val\real\000000014380.jpg,0,real,noise_s0.1,0.366738,0,1
data\val\real\000000014439.jpg,0,real,noise_s0.1,0.026470,0,1
data\val\real\000000014473.jpg,0,real,noise_s0.1,0.032493,0,1
data\val\real\000000014831.jpg,0,real,noise_s0.1,0.020011,0,1
data\val\real\000000014888.jpg,0,real,noise_s0.1,0.021945,0,1
data\val\real\000000015079.jpg,0,real,noise_s0.1,0.157242,0,1
data\val\real\000000015254.jpg,0,real,noise_s0.1,0.013044,0,1
data\val\real\000000015272.jpg,0,real,noise_s0.1,0.198095,0,1
data\val\real\000000015278.jpg,0,real,noise_s0.1,0.017029,0,1
data\val\real\000000015335.jpg,0,real,noise_s0.1,0.001021,0,1
data\val\real\000000015338.jpg,0,real,noise_s0.1,0.171310,0,1
data\val\real\000000015440.jpg,0,real,noise_s0.1,0.366249,0,1
data\val\real\000000015497.jpg,0,real,noise_s0.1,0.017085,0,1
data\val\real\000000015517.jpg,0,real,noise_s0.1,0.107060,0,1
data\val\real\000000015597.jpg,0,real,noise_s0.1,0.005612,0,1
data\val\real\000000015660.jpg,0,real,noise_s0.1,0.032883,0,1
data\val\real\000000015746.jpg,0,real,noise_s0.1,0.060884,0,1
data\val\real\000000015751.jpg,0,real,noise_s0.1,0.001441,0,1
data\val\real\000000015956.jpg,0,real,noise_s0.1,0.005495,0,1
data\val\real\000000016010.jpg,0,real,noise_s0.1,0.033569,0,1
data\val\real\000000016228.jpg,0,real,noise_s0.1,0.079398,0,1
data\val\real\000000016249.jpg,0,real,noise_s0.1,0.069288,0,1
data\val\real\000000016439.jpg,0,real,noise_s0.1,0.138146,0,1
data\val\real\000000016451.jpg,0,real,noise_s0.1,0.410293,0,1
data\val\real\000000016502.jpg,0,real,noise_s0.1,0.036835,0,1
data\val\real\000000016598.jpg,0,real,noise_s0.1,0.010061,0,1
data\val\real\000000016958.jpg,0,real,noise_s0.1,0.077693,0,1
data\val\real\000000017029.jpg,0,real,noise_s0.1,0.041523,0,1
data\val\real\000000017031.jpg,0,real,noise_s0.1,0.101870,0,1
data\val\real\000000017115.jpg,0,real,noise_s0.1,0.256202,0,1
data\val\real\000000017178.jpg,0,real,noise_s0.1,0.185660,0,1
data\val\real\000000017182.jpg,0,real,noise_s0.1,0.453986,0,1
data\val\real\000000017207.jpg,0,real,noise_s0.1,0.006985,0,1
data\val\real\000000017379.jpg,0,real,noise_s0.1,0.405479,0,1
data\val\real\000000017436.jpg,0,real,noise_s0.1,0.019240,0,1
data\val\real\000000017627.jpg,0,real,noise_s0.1,0.009929,0,1
data\val\real\000000017714.jpg,0,real,noise_s0.1,0.151357,0,1
data\val\real\000000017899.jpg,0,real,noise_s0.1,0.004551,0,1
data\val\real\000000017905.jpg,0,real,noise_s0.1,0.000329,0,1
data\val\real\000000017959.jpg,0,real,noise_s0.1,0.006325,0,1
data\val\real\000000018150.jpg,0,real,noise_s0.1,0.001973,0,1
data\val\real\000000018193.jpg,0,real,noise_s0.1,0.002352,0,1
data\val\real\000000018380.jpg,0,real,noise_s0.1,0.228778,0,1
data\val\real\000000018491.jpg,0,real,noise_s0.1,0.012409,0,1
data\val\real\000000018519.jpg,0,real,noise_s0.1,0.331628,0,1
data\val\real\000000018575.jpg,0,real,noise_s0.1,0.039044,0,1
data\val\real\000000018737.jpg,0,real,noise_s0.1,0.030743,0,1
data\val\real\000000018770.jpg,0,real,noise_s0.1,0.012700,0,1
data\val\real\000000018833.jpg,0,real,noise_s0.1,0.031040,0,1
data\val\real\000000018837.jpg,0,real,noise_s0.1,0.029038,0,1
data\val\real\000000019042.jpg,0,real,noise_s0.1,0.020867,0,1
data\val\real\000000019109.jpg,0,real,noise_s0.1,0.162532,0,1
data\val\real\000000019221.jpg,0,real,noise_s0.1,0.027312,0,1
data\val\real\000000019402.jpg,0,real,noise_s0.1,0.001417,0,1
data\val\real\000000019432.jpg,0,real,noise_s0.1,0.029698,0,1
data\val\real\000000019742.jpg,0,real,noise_s0.1,0.094779,0,1
data\val\real\000000019786.jpg,0,real,noise_s0.1,0.016381,0,1
data\val\real\000000019924.jpg,0,real,noise_s0.1,0.586747,1,0
data\val\real\000000020059.jpg,0,real,noise_s0.1,0.061086,0,1
data\val\real\000000020107.jpg,0,real,noise_s0.1,0.051817,0,1
data\val\real\000000020247.jpg,0,real,noise_s0.1,0.137309,0,1
data\val\real\000000020333.jpg,0,real,noise_s0.1,0.056213,0,1
data\val\real\000000020553.jpg,0,real,noise_s0.1,0.009963,0,1
data\val\real\000000020571.jpg,0,real,noise_s0.1,0.174620,0,1
data\val\real\000000020992.jpg,0,real,noise_s0.1,0.005714,0,1
data\val\real\000000021167.jpg,0,real,noise_s0.1,0.000721,0,1
data\val\real\000000021465.jpg,0,real,noise_s0.1,0.016350,0,1
data\val\real\000000021503.jpg,0,real,noise_s0.1,0.013571,0,1
data\val\real\000000021604.jpg,0,real,noise_s0.1,0.505941,1,0
data\val\real\000000021839.jpg,0,real,noise_s0.1,0.004266,0,1
data\val\real\000000021879.jpg,0,real,noise_s0.1,0.069245,0,1
data\val\real\000000021903.jpg,0,real,noise_s0.1,0.147746,0,1
data\val\real\000000022192.jpg,0,real,noise_s0.1,0.016078,0,1
data\val\real\000000022371.jpg,0,real,noise_s0.1,0.355946,0,1
data\val\real\000000022396.jpg,0,real,noise_s0.1,0.071871,0,1
data\val\real\000000022479.jpg,0,real,noise_s0.1,0.010969,0,1
data\val\real\000000022589.jpg,0,real,noise_s0.1,0.011550,0,1
data\val\real\000000022623.jpg,0,real,noise_s0.1,0.127954,0,1
data\val\real\000000022705.jpg,0,real,noise_s0.1,0.000584,0,1
data\val\real\000000022755.jpg,0,real,noise_s0.1,0.088547,0,1
data\val\real\000000022892.jpg,0,real,noise_s0.1,0.084084,0,1
data\val\real\000000022935.jpg,0,real,noise_s0.1,0.208321,0,1
data\val\real\000000022969.jpg,0,real,noise_s0.1,0.087763,0,1
data\val\real\000000023023.jpg,0,real,noise_s0.1,0.409844,0,1
data\val\real\000000023034.jpg,0,real,noise_s0.1,0.003043,0,1
data\val\real\000000023126.jpg,0,real,noise_s0.1,0.189352,0,1
data\val\real\000000023230.jpg,0,real,noise_s0.1,0.019593,0,1
data\val\real\000000023272.jpg,0,real,noise_s0.1,0.005664,0,1
data\val\real\000000023359.jpg,0,real,noise_s0.1,0.045905,0,1
data\val\real\000000023666.jpg,0,real,noise_s0.1,0.535665,1,0
data\val\real\000000023751.jpg,0,real,noise_s0.1,0.004530,0,1
data\val\real\000000023781.jpg,0,real,noise_s0.1,0.460201,0,1
data\val\real\000000023899.jpg,0,real,noise_s0.1,0.003096,0,1
data\val\real\000000023937.jpg,0,real,noise_s0.1,0.018712,0,1
data\val\real\000000024021.jpg,0,real,noise_s0.1,0.005626,0,1
data\val\real\000000024027.jpg,0,real,noise_s0.1,0.002025,0,1
data\val\real\000000024144.jpg,0,real,noise_s0.1,0.110675,0,1
data\val\real\000000024243.jpg,0,real,noise_s0.1,0.020797,0,1
data\val\real\000000024567.jpg,0,real,noise_s0.1,0.102829,0,1
data\val\real\000000024610.jpg,0,real,noise_s0.1,0.102601,0,1
data\val\real\000000024919.jpg,0,real,noise_s0.1,0.383478,0,1
data\val\real\000000025057.jpg,0,real,noise_s0.1,0.010677,0,1
data\val\real\000000025096.jpg,0,real,noise_s0.1,0.004239,0,1
data\val\real\000000025139.jpg,0,real,noise_s0.1,0.073886,0,1
data\val\real\000000025181.jpg,0,real,noise_s0.1,0.715760,1,0
data\val\real\000000025228.jpg,0,real,noise_s0.1,0.061462,0,1
data\val\real\000000025386.jpg,0,real,noise_s0.1,0.005343,0,1
data\val\real\000000025393.jpg,0,real,noise_s0.1,0.000202,0,1
data\val\real\000000025394.jpg,0,real,noise_s0.1,0.003820,0,1
data\val\real\000000025424.jpg,0,real,noise_s0.1,0.037799,0,1
data\val\real\000000025560.jpg,0,real,noise_s0.1,0.011676,0,1
data\val\real\000000025593.jpg,0,real,noise_s0.1,0.062043,0,1
data\val\real\000000025603.jpg,0,real,noise_s0.1,0.001077,0,1
data\val\real\000000025986.jpg,0,real,noise_s0.1,0.011894,0,1
data\val\real\000000026204.jpg,0,real,noise_s0.1,0.149424,0,1
data\val\real\000000026465.jpg,0,real,noise_s0.1,0.112261,0,1
data\val\real\000000026564.jpg,0,real,noise_s0.1,0.245331,0,1
data\val\real\000000026690.jpg,0,real,noise_s0.1,0.009871,0,1
data\val\real\000000026926.jpg,0,real,noise_s0.1,0.275791,0,1
data\val\real\000000026941.jpg,0,real,noise_s0.1,0.463905,0,1
data\val\real\000000027186.jpg,0,real,noise_s0.1,0.008757,0,1
data\val\real\000000027620.jpg,0,real,noise_s0.1,0.282189,0,1
data\val\real\000000027696.jpg,0,real,noise_s0.1,0.005296,0,1
data\val\real\000000027768.jpg,0,real,noise_s0.1,0.160584,0,1
data\val\real\000000027932.jpg,0,real,noise_s0.1,0.344825,0,1
data\val\real\000000027972.jpg,0,real,noise_s0.1,0.079338,0,1
data\val\real\000000027982.jpg,0,real,noise_s0.1,0.770806,1,0
data\val\real\000000028285.jpg,0,real,noise_s0.1,0.011346,0,1
data\val\real\000000028449.jpg,0,real,noise_s0.1,0.213152,0,1
data\val\real\000000028452.jpg,0,real,noise_s0.1,0.567447,1,0
data\val\real\000000028809.jpg,0,real,noise_s0.1,0.032838,0,1
data\val\real\000000028993.jpg,0,real,noise_s0.1,0.889244,1,0
data\val\real\000000029187.jpg,0,real,noise_s0.1,0.001167,0,1
data\val\real\000000029393.jpg,0,real,noise_s0.1,0.010549,0,1
data\val\real\000000029397.jpg,0,real,noise_s0.1,0.130432,0,1
data\val\real\000000029596.jpg,0,real,noise_s0.1,0.701794,1,0
data\val\real\000000029640.jpg,0,real,noise_s0.1,0.133109,0,1
data\val\real\000000029675.jpg,0,real,noise_s0.1,0.114480,0,1
data\val\real\000000029984.jpg,0,real,noise_s0.1,0.059987,0,1
data\val\real\000000030213.jpg,0,real,noise_s0.1,0.655647,1,0
data\val\real\000000030494.jpg,0,real,noise_s0.1,0.011910,0,1
data\val\real\000000030504.jpg,0,real,noise_s0.1,0.051432,0,1
data\val\real\000000030675.jpg,0,real,noise_s0.1,0.209322,0,1
data\val\real\000000030785.jpg,0,real,noise_s0.1,0.237886,0,1
data\val\real\000000030828.jpg,0,real,noise_s0.1,0.531028,1,0
data\val\real\000000031050.jpg,0,real,noise_s0.1,0.064460,0,1
data\val\real\000000031093.jpg,0,real,noise_s0.1,0.041313,0,1
data\val\real\000000031118.jpg,0,real,noise_s0.1,0.076106,0,1
data\val\real\000000031217.jpg,0,real,noise_s0.1,0.109716,0,1
data\val\real\000000031248.jpg,0,real,noise_s0.1,0.655776,1,0
data\val\real\000000031269.jpg,0,real,noise_s0.1,0.017993,0,1
data\val\real\000000031296.jpg,0,real,noise_s0.1,0.007149,0,1
data\val\real\000000031322.jpg,0,real,noise_s0.1,0.014921,0,1
data\val\real\000000031620.jpg,0,real,noise_s0.1,0.000199,0,1
data\val\real\000000031735.jpg,0,real,noise_s0.1,0.025695,0,1
data\val\real\000000031749.jpg,0,real,noise_s0.1,0.211244,0,1
data\val\real\000000031817.jpg,0,real,noise_s0.1,0.002435,0,1
data\val\real\000000032038.jpg,0,real,noise_s0.1,0.034152,0,1
data\val\real\000000032081.jpg,0,real,noise_s0.1,0.039365,0,1
data\val\real\000000032285.jpg,0,real,noise_s0.1,0.566579,1,0
data\val\real\000000032334.jpg,0,real,noise_s0.1,0.000348,0,1
data\val\real\000000032570.jpg,0,real,noise_s0.1,0.287030,0,1
data\val\real\000000032610.jpg,0,real,noise_s0.1,0.123334,0,1
data\val\real\000000032735.jpg,0,real,noise_s0.1,0.035689,0,1
data\val\real\000000032811.jpg,0,real,noise_s0.1,0.183463,0,1
data\val\real\000000032817.jpg,0,real,noise_s0.1,0.010757,0,1
data\val\real\000000032861.jpg,0,real,noise_s0.1,0.040873,0,1
data\val\real\000000032887.jpg,0,real,noise_s0.1,0.007966,0,1
data\val\real\000000032901.jpg,0,real,noise_s0.1,0.000299,0,1
data\val\real\000000032941.jpg,0,real,noise_s0.1,0.033036,0,1
data\val\real\000000033005.jpg,0,real,noise_s0.1,0.051714,0,1
data\val\real\000000033104.jpg,0,real,noise_s0.1,0.006439,0,1
data\val\real\000000033109.jpg,0,real,noise_s0.1,0.111847,0,1
data\val\real\000000033114.jpg,0,real,noise_s0.1,0.033797,0,1
data\val\real\000000033221.jpg,0,real,noise_s0.1,0.001075,0,1
data\val\real\000000033368.jpg,0,real,noise_s0.1,0.356476,0,1
data\val\real\000000033638.jpg,0,real,noise_s0.1,0.011170,0,1
data\val\real\000000033707.jpg,0,real,noise_s0.1,0.144081,0,1
data\val\real\000000033759.jpg,0,real,noise_s0.1,0.015030,0,1
data\val\real\000000033854.jpg,0,real,noise_s0.1,0.022181,0,1
data\val\real\000000034071.jpg,0,real,noise_s0.1,0.332459,0,1
data\val\real\000000034139.jpg,0,real,noise_s0.1,0.100073,0,1
data\val\real\000000034205.jpg,0,real,noise_s0.1,0.154847,0,1
data\val\real\000000034257.jpg,0,real,noise_s0.1,0.155579,0,1
data\val\real\000000034417.jpg,0,real,noise_s0.1,0.102277,0,1
data\val\real\000000034452.jpg,0,real,noise_s0.1,0.002889,0,1
data\val\real\000000034760.jpg,0,real,noise_s0.1,0.322952,0,1
data\val\real\000000034873.jpg,0,real,noise_s0.1,0.311613,0,1
data\val\real\000000035062.jpg,0,real,noise_s0.1,0.020514,0,1
data\val\real\000000035197.jpg,0,real,noise_s0.1,0.252275,0,1
data\val\real\000000035279.jpg,0,real,noise_s0.1,0.275160,0,1
data\val\real\000000035326.jpg,0,real,noise_s0.1,0.221658,0,1
data\val\real\000000035682.jpg,0,real,noise_s0.1,0.006644,0,1
data\val\real\000000035770.jpg,0,real,noise_s0.1,0.054824,0,1
data\val\real\000000035963.jpg,0,real,noise_s0.1,0.001106,0,1
data\val\real\000000036494.jpg,0,real,noise_s0.1,0.147396,0,1
data\val\real\000000036539.jpg,0,real,noise_s0.1,0.002588,0,1
data\val\real\000000036660.jpg,0,real,noise_s0.1,0.042108,0,1
data\val\real\000000036678.jpg,0,real,noise_s0.1,0.006202,0,1
data\val\real\000000036844.jpg,0,real,noise_s0.1,0.631899,1,0
data\val\real\000000036861.jpg,0,real,noise_s0.1,0.182592,0,1
data\val\real\000000036936.jpg,0,real,noise_s0.1,0.002728,0,1
data\val\real\000000037670.jpg,0,real,noise_s0.1,0.687201,1,0
data\val\real\000000037689.jpg,0,real,noise_s0.1,0.021955,0,1
data\val\real\000000037740.jpg,0,real,noise_s0.1,0.400219,0,1
data\val\real\000000037751.jpg,0,real,noise_s0.1,0.015406,0,1
data\val\real\000000037777.jpg,0,real,noise_s0.1,0.344606,0,1
data\val\real\000000037988.jpg,0,real,noise_s0.1,0.025021,0,1
data\val\real\000000038048.jpg,0,real,noise_s0.1,0.072142,0,1
data\val\real\000000038070.jpg,0,real,noise_s0.1,0.218355,0,1
data\val\real\000000038118.jpg,0,real,noise_s0.1,0.043505,0,1
data\val\real\000000038210.jpg,0,real,noise_s0.1,0.027288,0,1
data\val\real\000000038576.jpg,0,real,noise_s0.1,0.772562,1,0
data\val\real\000000038678.jpg,0,real,noise_s0.1,0.002854,0,1
data\val\real\000000038825.jpg,0,real,noise_s0.1,0.080332,0,1
data\val\real\000000038829.jpg,0,real,noise_s0.1,0.027096,0,1
data\val\real\000000039405.jpg,0,real,noise_s0.1,0.034949,0,1
data\val\real\000000039477.jpg,0,real,noise_s0.1,0.511681,1,0
data\val\real\000000039480.jpg,0,real,noise_s0.1,0.105733,0,1
data\val\real\000000039484.jpg,0,real,noise_s0.1,0.413071,0,1
data\val\real\000000039551.jpg,0,real,noise_s0.1,0.461851,0,1
data\val\real\000000039670.jpg,0,real,noise_s0.1,0.185811,0,1
data\val\real\000000039769.jpg,0,real,noise_s0.1,0.002707,0,1
data\val\real\000000039785.jpg,0,real,noise_s0.1,0.077072,0,1
data\val\real\000000039914.jpg,0,real,noise_s0.1,0.001894,0,1
data\val\real\000000039951.jpg,0,real,noise_s0.1,0.021508,0,1
data\val\real\000000039956.jpg,0,real,noise_s0.1,0.501982,1,0
data\val\real\000000040036.jpg,0,real,noise_s0.1,0.042016,0,1
data\val\real\000000040083.jpg,0,real,noise_s0.1,0.010870,0,1
data\val\real\000000040471.jpg,0,real,noise_s0.1,0.585411,1,0
data\val\real\000000040757.jpg,0,real,noise_s0.1,0.003906,0,1
data\val\real\000000041488.jpg,0,real,noise_s0.1,0.451767,0,1
data\val\real\000000041633.jpg,0,real,noise_s0.1,0.110130,0,1
data\val\real\000000041635.jpg,0,real,noise_s0.1,0.019615,0,1
data\val\real\000000041872.jpg,0,real,noise_s0.1,0.635113,1,0
data\val\real\000000041888.jpg,0,real,noise_s0.1,0.023957,0,1
data\val\real\000000041990.jpg,0,real,noise_s0.1,0.001903,0,1
data\val\real\000000042070.jpg,0,real,noise_s0.1,0.733419,1,0
data\val\real\000000042102.jpg,0,real,noise_s0.1,0.001507,0,1
data\val\real\000000042178.jpg,0,real,noise_s0.1,0.523684,1,0
data\val\real\000000042276.jpg,0,real,noise_s0.1,0.016864,0,1
data\val\real\000000042296.jpg,0,real,noise_s0.1,0.022792,0,1
data\val\real\000000042528.jpg,0,real,noise_s0.1,0.017447,0,1
data\val\real\000000042563.jpg,0,real,noise_s0.1,0.092407,0,1
data\val\real\000000042628.jpg,0,real,noise_s0.1,0.034786,0,1
data\val\real\000000042888.jpg,0,real,noise_s0.1,0.018935,0,1
data\val\real\000000042889.jpg,0,real,noise_s0.1,0.011227,0,1
data\val\real\000000043314.jpg,0,real,noise_s0.1,0.010308,0,1
data\val\real\000000043435.jpg,0,real,noise_s0.1,0.079037,0,1
data\val\real\000000043581.jpg,0,real,noise_s0.1,0.017677,0,1
data\val\real\000000043737.jpg,0,real,noise_s0.1,0.129519,0,1
data\val\real\000000043816.jpg,0,real,noise_s0.1,0.014992,0,1
data\val\real\000000044068.jpg,0,real,noise_s0.1,0.016906,0,1
data\val\real\000000044195.jpg,0,real,noise_s0.1,0.009245,0,1
data\val\real\000000044260.jpg,0,real,noise_s0.1,0.233479,0,1
data\val\real\000000044279.jpg,0,real,noise_s0.1,0.135315,0,1
data\val\real\000000044590.jpg,0,real,noise_s0.1,0.010889,0,1
data\val\real\000000044652.jpg,0,real,noise_s0.1,0.013212,0,1
data\val\real\000000044699.jpg,0,real,noise_s0.1,0.038925,0,1
data\val\real\000000044877.jpg,0,real,noise_s0.1,0.022906,0,1
data\val\real\000000045070.jpg,0,real,noise_s0.1,0.037136,0,1
data\val\real\000000045090.jpg,0,real,noise_s0.1,0.066473,0,1
data\val\real\000000045229.jpg,0,real,noise_s0.1,0.913716,1,0
data\val\real\000000045472.jpg,0,real,noise_s0.1,0.098296,0,1
data\val\real\000000045550.jpg,0,real,noise_s0.1,0.002374,0,1
data\val\real\000000045596.jpg,0,real,noise_s0.1,0.212228,0,1
data\val\real\000000045728.jpg,0,real,noise_s0.1,0.009444,0,1
data\val\real\000000046031.jpg,0,real,noise_s0.1,0.288393,0,1
data\val\real\000000046048.jpg,0,real,noise_s0.1,0.015724,0,1
data\val\real\000000046252.jpg,0,real,noise_s0.1,0.126402,0,1
data\val\real\000000046378.jpg,0,real,noise_s0.1,0.011318,0,1
data\val\real\000000046463.jpg,0,real,noise_s0.1,0.023091,0,1
data\val\real\000000046497.jpg,0,real,noise_s0.1,0.001430,0,1
data\val\real\000000046804.jpg,0,real,noise_s0.1,0.007842,0,1
data\val\real\000000046872.jpg,0,real,noise_s0.1,0.410596,0,1
data\val\real\000000047010.jpg,0,real,noise_s0.1,0.209802,0,1
data\val\real\000000047112.jpg,0,real,noise_s0.1,0.052225,0,1
data\val\real\000000047121.jpg,0,real,noise_s0.1,0.039579,0,1
data\val\real\000000047571.jpg,0,real,noise_s0.1,0.252107,0,1
data\val\real\000000047585.jpg,0,real,noise_s0.1,0.001484,0,1
data\val\real\000000047740.jpg,0,real,noise_s0.1,0.003211,0,1
data\val\real\000000047769.jpg,0,real,noise_s0.1,0.280999,0,1
data\val\real\000000047801.jpg,0,real,noise_s0.1,0.007663,0,1
data\val\real\000000047819.jpg,0,real,noise_s0.1,0.023774,0,1
data\val\real\000000047828.jpg,0,real,noise_s0.1,0.148041,0,1
data\val\real\000000048153.jpg,0,real,noise_s0.1,0.028035,0,1
data\val\real\000000048396.jpg,0,real,noise_s0.1,0.006811,0,1
data\val\real\000000048504.jpg,0,real,noise_s0.1,0.062678,0,1
data\val\real\000000048555.jpg,0,real,noise_s0.1,0.075243,0,1
data\val\real\000000048564.jpg,0,real,noise_s0.1,0.012049,0,1
data\val\real\000000048924.jpg,0,real,noise_s0.1,0.817147,1,0
data\val\real\000000049060.jpg,0,real,noise_s0.1,0.004624,0,1
data\val\real\000000049091.jpg,0,real,noise_s0.1,0.036098,0,1
data\val\real\000000049259.jpg,0,real,noise_s0.1,0.018816,0,1
data\val\real\000000049269.jpg,0,real,noise_s0.1,0.035898,0,1
data\val\real\000000049759.jpg,0,real,noise_s0.1,0.034425,0,1
data\val\real\000000049761.jpg,0,real,noise_s0.1,0.055454,0,1
data\val\real\000000049810.jpg,0,real,noise_s0.1,0.022160,0,1
data\val\real\000000050006.jpg,0,real,noise_s0.1,0.109712,0,1
data\val\real\000000050145.jpg,0,real,noise_s0.1,0.007360,0,1
data\val\real\000000050149.jpg,0,real,noise_s0.1,0.044399,0,1
data\val\real\000000050165.jpg,0,real,noise_s0.1,0.360584,0,1
data\val\real\000000050326.jpg,0,real,noise_s0.1,0.002516,0,1
data\val\real\000000050331.jpg,0,real,noise_s0.1,0.023404,0,1
data\val\real\000000050380.jpg,0,real,noise_s0.1,0.012972,0,1
data\val\real\000000050638.jpg,0,real,noise_s0.1,0.321177,0,1
data\val\real\000000050679.jpg,0,real,noise_s0.1,0.499836,0,1
data\val\real\000000050811.jpg,0,real,noise_s0.1,0.001273,0,1
data\val\real\000000050828.jpg,0,real,noise_s0.1,0.124216,0,1
data\val\real\000000050844.jpg,0,real,noise_s0.1,0.025257,0,1
data\val\real\000000050896.jpg,0,real,noise_s0.1,0.238489,0,1
data\val\real\000000050943.jpg,0,real,noise_s0.1,0.048408,0,1
data\val\real\000000051008.jpg,0,real,noise_s0.1,0.010179,0,1
data\val\real\000000051309.jpg,0,real,noise_s0.1,0.042988,0,1
data\val\real\000000051314.jpg,0,real,noise_s0.1,0.084828,0,1
data\val\real\000000051326.jpg,0,real,noise_s0.1,0.027938,0,1
data\val\real\000000051598.jpg,0,real,noise_s0.1,0.053793,0,1
data\val\real\000000051610.jpg,0,real,noise_s0.1,0.272772,0,1
data\val\real\000000051712.jpg,0,real,noise_s0.1,0.021950,0,1
data\val\real\000000051738.jpg,0,real,noise_s0.1,0.364313,0,1
data\val\real\000000051938.jpg,0,real,noise_s0.1,0.005030,0,1
data\val\real\000000051961.jpg,0,real,noise_s0.1,0.076049,0,1
data\val\real\000000051976.jpg,0,real,noise_s0.1,0.074207,0,1
data\val\real\000000052007.jpg,0,real,noise_s0.1,0.373809,0,1
data\val\real\000000052017.jpg,0,real,noise_s0.1,0.032401,0,1
data\val\real\000000052412.jpg,0,real,noise_s0.1,0.094365,0,1
data\val\real\000000052413.jpg,0,real,noise_s0.1,0.002350,0,1
data\val\real\000000052462.jpg,0,real,noise_s0.1,0.344999,0,1
data\val\real\000000052507.jpg,0,real,noise_s0.1,0.325245,0,1
data\val\real\000000052565.jpg,0,real,noise_s0.1,0.094099,0,1
data\val\real\000000052591.jpg,0,real,noise_s0.1,0.081454,0,1
data\val\real\000000052891.jpg,0,real,noise_s0.1,0.012999,0,1
data\val\real\000000052996.jpg,0,real,noise_s0.1,0.015308,0,1
data\val\real\000000053505.jpg,0,real,noise_s0.1,0.343241,0,1
data\val\real\000000053529.jpg,0,real,noise_s0.1,0.003577,0,1
data\val\real\000000053624.jpg,0,real,noise_s0.1,0.035336,0,1
data\val\real\000000053626.jpg,0,real,noise_s0.1,0.001751,0,1
data\val\real\000000053909.jpg,0,real,noise_s0.1,0.119897,0,1
data\val\real\000000053994.jpg,0,real,noise_s0.1,0.206075,0,1
data\val\real\000000054123.jpg,0,real,noise_s0.1,0.174204,0,1
data\val\real\000000054164.jpg,0,real,noise_s0.1,0.041137,0,1
data\val\real\000000054592.jpg,0,real,noise_s0.1,0.049684,0,1
data\val\real\000000054593.jpg,0,real,noise_s0.1,0.027025,0,1
data\val\real\000000054605.jpg,0,real,noise_s0.1,0.042779,0,1
data\val\real\000000054628.jpg,0,real,noise_s0.1,0.004975,0,1
data\val\real\000000054654.jpg,0,real,noise_s0.1,0.005955,0,1
data\val\real\000000054931.jpg,0,real,noise_s0.1,0.293521,0,1
data\val\real\000000054967.jpg,0,real,noise_s0.1,0.119021,0,1
data\val\real\000000055002.jpg,0,real,noise_s0.1,0.098141,0,1
data\val\real\000000055022.jpg,0,real,noise_s0.1,0.065252,0,1
data\val\real\000000055072.jpg,0,real,noise_s0.1,0.116449,0,1
data\val\real\000000055150.jpg,0,real,noise_s0.1,0.031141,0,1
data\val\real\000000055167.jpg,0,real,noise_s0.1,0.019872,0,1
data\val\real\000000055299.jpg,0,real,noise_s0.1,0.035417,0,1
data\val\real\000000055528.jpg,0,real,noise_s0.1,0.005219,0,1
data\val\real\000000055950.jpg,0,real,noise_s0.1,0.053976,0,1
data\val\real\000000056127.jpg,0,real,noise_s0.1,0.506387,1,0
data\val\real\000000056288.jpg,0,real,noise_s0.1,0.072696,0,1
data\val\real\000000056344.jpg,0,real,noise_s0.1,0.402329,0,1
data\val\real\000000056350.jpg,0,real,noise_s0.1,0.074928,0,1
data\val\real\000000056545.jpg,0,real,noise_s0.1,0.006849,0,1
data\val\ai\ai_000001.png,1,ai,noise_s0.1,0.956605,1,1
data\val\ai\ai_000002.png,1,ai,noise_s0.1,0.940287,1,1
data\val\ai\ai_000003.png,1,ai,noise_s0.1,0.934915,1,1
data\val\ai\ai_000004.png,1,ai,noise_s0.1,0.925746,1,1
data\val\ai\ai_000005.png,1,ai,noise_s0.1,0.932629,1,1
data\val\ai\ai_000006.png,1,ai,noise_s0.1,0.358505,0,0
data\val\ai\ai_000007.png,1,ai,noise_s0.1,0.942602,1,1
data\val\ai\ai_000008.png,1,ai,noise_s0.1,0.858906,1,1
data\val\ai\ai_000009.png,1,ai,noise_s0.1,0.989837,1,1
data\val\ai\ai_000010.png,1,ai,noise_s0.1,0.968907,1,1
data\val\ai\ai_000011.png,1,ai,noise_s0.1,0.959094,1,1
data\val\ai\ai_000012.png,1,ai,noise_s0.1,0.983326,1,1
data\val\ai\ai_000013.png,1,ai,noise_s0.1,0.972822,1,1
data\val\ai\ai_000014.png,1,ai,noise_s0.1,0.994446,1,1
data\val\ai\ai_000015.png,1,ai,noise_s0.1,0.981873,1,1
data\val\ai\ai_000016.png,1,ai,noise_s0.1,0.664637,1,1
data\val\ai\ai_000017.png,1,ai,noise_s0.1,0.702988,1,1
data\val\ai\ai_000018.png,1,ai,noise_s0.1,0.951036,1,1
data\val\ai\ai_000019.png,1,ai,noise_s0.1,0.795777,1,1
data\val\ai\ai_000020.png,1,ai,noise_s0.1,0.918175,1,1
data\val\ai\ai_000021.png,1,ai,noise_s0.1,0.994804,1,1
data\val\ai\ai_000022.png,1,ai,noise_s0.1,0.578582,1,1
data\val\ai\ai_000023.png,1,ai,noise_s0.1,0.933701,1,1
data\val\ai\ai_000024.png,1,ai,noise_s0.1,0.968389,1,1
data\val\ai\ai_000025.png,1,ai,noise_s0.1,0.984434,1,1
data\val\ai\ai_000026.png,1,ai,noise_s0.1,0.301958,0,0
data\val\ai\ai_000027.png,1,ai,noise_s0.1,0.868707,1,1
data\val\ai\ai_000028.png,1,ai,noise_s0.1,0.918047,1,1
data\val\ai\ai_000029.png,1,ai,noise_s0.1,0.969612,1,1
data\val\ai\ai_000030.png,1,ai,noise_s0.1,0.369587,0,0
data\val\ai\ai_000031.png,1,ai,noise_s0.1,0.757188,1,1
data\val\ai\ai_000032.png,1,ai,noise_s0.1,0.948015,1,1
data\val\ai\ai_000033.png,1,ai,noise_s0.1,0.990104,1,1
data\val\ai\ai_000034.png,1,ai,noise_s0.1,0.992567,1,1
data\val\ai\ai_000035.png,1,ai,noise_s0.1,0.991351,1,1
data\val\ai\ai_000036.png,1,ai,noise_s0.1,0.983363,1,1
data\val\ai\ai_000037.png,1,ai,noise_s0.1,0.824390,1,1
data\val\ai\ai_000038.png,1,ai,noise_s0.1,0.828634,1,1
data\val\ai\ai_000039.png,1,ai,noise_s0.1,0.989548,1,1
data\val\ai\ai_000040.png,1,ai,noise_s0.1,0.158797,0,0
data\val\ai\ai_000041.png,1,ai,noise_s0.1,0.997337,1,1
data\val\ai\ai_000042.png,1,ai,noise_s0.1,0.994924,1,1
data\val\ai\ai_000043.png,1,ai,noise_s0.1,0.996737,1,1
data\val\ai\ai_000044.png,1,ai,noise_s0.1,0.814494,1,1
data\val\ai\ai_000045.png,1,ai,noise_s0.1,0.995273,1,1
data\val\ai\ai_000046.png,1,ai,noise_s0.1,0.114396,0,0
data\val\ai\ai_000047.png,1,ai,noise_s0.1,0.936980,1,1
data\val\ai\ai_000048.png,1,ai,noise_s0.1,0.794224,1,1
data\val\ai\ai_000049.png,1,ai,noise_s0.1,0.796248,1,1
data\val\ai\ai_000050.png,1,ai,noise_s0.1,0.577874,1,1
data\val\ai\ai_000051.png,1,ai,noise_s0.1,0.957206,1,1
data\val\ai\ai_000052.png,1,ai,noise_s0.1,0.979138,1,1
data\val\ai\ai_000053.png,1,ai,noise_s0.1,0.960495,1,1
data\val\ai\ai_000054.png,1,ai,noise_s0.1,0.988109,1,1
data\val\ai\ai_000055.png,1,ai,noise_s0.1,0.607306,1,1
data\val\ai\ai_000056.png,1,ai,noise_s0.1,0.791832,1,1
data\val\ai\ai_000057.png,1,ai,noise_s0.1,0.961750,1,1
data\val\ai\ai_000058.png,1,ai,noise_s0.1,0.649611,1,1
data\val\ai\ai_000059.png,1,ai,noise_s0.1,0.958928,1,1
data\val\ai\ai_000060.png,1,ai,noise_s0.1,0.869418,1,1
data\val\ai\ai_000061.png,1,ai,noise_s0.1,0.963601,1,1
data\val\ai\ai_000062.png,1,ai,noise_s0.1,0.986251,1,1
data\val\ai\ai_000063.png,1,ai,noise_s0.1,0.979748,1,1
data\val\ai\ai_000064.png,1,ai,noise_s0.1,0.599242,1,1
data\val\ai\ai_000065.png,1,ai,noise_s0.1,0.514074,1,1
data\val\ai\ai_000066.png,1,ai,noise_s0.1,0.902281,1,1
data\val\ai\ai_000067.png,1,ai,noise_s0.1,0.981303,1,1
data\val\ai\ai_000068.png,1,ai,noise_s0.1,0.335371,0,0
data\val\ai\ai_000069.png,1,ai,noise_s0.1,0.995641,1,1
data\val\ai\ai_000070.png,1,ai,noise_s0.1,0.865842,1,1
data\val\ai\ai_000071.png,1,ai,noise_s0.1,0.997787,1,1
data\val\ai\ai_000072.png,1,ai,noise_s0.1,0.790042,1,1
data\val\ai\ai_000073.png,1,ai,noise_s0.1,0.994692,1,1
data\val\ai\ai_000074.png,1,ai,noise_s0.1,0.980119,1,1
data\val\ai\ai_000075.png,1,ai,noise_s0.1,0.993828,1,1
data\val\ai\ai_000076.png,1,ai,noise_s0.1,0.760665,1,1
data\val\ai\ai_000077.png,1,ai,noise_s0.1,0.891410,1,1
data\val\ai\ai_000078.png,1,ai,noise_s0.1,0.163350,0,0
data\val\ai\ai_000079.png,1,ai,noise_s0.1,0.832216,1,1
data\val\ai\ai_000080.png,1,ai,noise_s0.1,0.762468,1,1
data\val\ai\ai_000081.png,1,ai,noise_s0.1,0.971314,1,1
data\val\ai\ai_000082.png,1,ai,noise_s0.1,0.984447,1,1
data\val\ai\ai_000083.png,1,ai,noise_s0.1,0.994295,1,1
data\val\ai\ai_000084.png,1,ai,noise_s0.1,0.952692,1,1
data\val\ai\ai_000085.png,1,ai,noise_s0.1,0.920558,1,1
data\val\ai\ai_000086.png,1,ai,noise_s0.1,0.539531,1,1
data\val\ai\ai_000087.png,1,ai,noise_s0.1,0.923736,1,1
data\val\ai\ai_000088.png,1,ai,noise_s0.1,0.664781,1,1
data\val\ai\ai_000089.png,1,ai,noise_s0.1,0.832786,1,1
data\val\ai\ai_000090.png,1,ai,noise_s0.1,0.882514,1,1
data\val\ai\ai_000091.png,1,ai,noise_s0.1,0.956323,1,1
data\val\ai\ai_000092.png,1,ai,noise_s0.1,0.996686,1,1
data\val\ai\ai_000093.png,1,ai,noise_s0.1,0.972707,1,1
data\val\ai\ai_000094.png,1,ai,noise_s0.1,0.991979,1,1
data\val\ai\ai_000095.png,1,ai,noise_s0.1,0.993983,1,1
data\val\ai\ai_000096.png,1,ai,noise_s0.1,0.953791,1,1
data\val\ai\ai_000097.png,1,ai,noise_s0.1,0.690374,1,1
data\val\ai\ai_000098.png,1,ai,noise_s0.1,0.568073,1,1
data\val\ai\ai_000099.png,1,ai,noise_s0.1,0.718423,1,1
data\val\ai\ai_000100.png,1,ai,noise_s0.1,0.972922,1,1
data\val\ai\ai_000101.png,1,ai,noise_s0.1,0.982297,1,1
data\val\ai\ai_000102.png,1,ai,noise_s0.1,0.669971,1,1
data\val\ai\ai_000103.png,1,ai,noise_s0.1,0.968417,1,1
data\val\ai\ai_000104.png,1,ai,noise_s0.1,0.972882,1,1
data\val\ai\ai_000105.png,1,ai,noise_s0.1,0.573982,1,1
data\val\ai\ai_000106.png,1,ai,noise_s0.1,0.222101,0,0
data\val\ai\ai_000107.png,1,ai,noise_s0.1,0.822927,1,1
data\val\ai\ai_000108.png,1,ai,noise_s0.1,0.972694,1,1
data\val\ai\ai_000109.png,1,ai,noise_s0.1,0.998143,1,1
data\val\ai\ai_000110.png,1,ai,noise_s0.1,0.945761,1,1
data\val\ai\ai_000111.png,1,ai,noise_s0.1,0.786573,1,1
data\val\ai\ai_000112.png,1,ai,noise_s0.1,0.619459,1,1
data\val\ai\ai_000113.png,1,ai,noise_s0.1,0.938715,1,1
data\val\ai\ai_000114.png,1,ai,noise_s0.1,0.975999,1,1
data\val\ai\ai_000115.png,1,ai,noise_s0.1,0.874827,1,1
data\val\ai\ai_000116.png,1,ai,noise_s0.1,0.517277,1,1
data\val\ai\ai_000117.png,1,ai,noise_s0.1,0.942804,1,1
data\val\ai\ai_000118.png,1,ai,noise_s0.1,0.972044,1,1
data\val\ai\ai_000119.png,1,ai,noise_s0.1,0.834949,1,1
data\val\ai\ai_000120.png,1,ai,noise_s0.1,0.759813,1,1
data\val\ai\ai_000121.png,1,ai,noise_s0.1,0.995171,1,1
data\val\ai\ai_000122.png,1,ai,noise_s0.1,0.940626,1,1
data\val\ai\ai_000123.png,1,ai,noise_s0.1,0.925650,1,1
data\val\ai\ai_000124.png,1,ai,noise_s0.1,0.609858,1,1
data\val\ai\ai_000125.png,1,ai,noise_s0.1,0.986551,1,1
data\val\ai\ai_000126.png,1,ai,noise_s0.1,0.889388,1,1
data\val\ai\ai_000127.png,1,ai,noise_s0.1,0.975641,1,1
data\val\ai\ai_000128.png,1,ai,noise_s0.1,0.757622,1,1
data\val\ai\ai_000129.png,1,ai,noise_s0.1,0.950811,1,1
data\val\ai\ai_000130.png,1,ai,noise_s0.1,0.354259,0,0
data\val\ai\ai_000131.png,1,ai,noise_s0.1,0.985101,1,1
data\val\ai\ai_000132.png,1,ai,noise_s0.1,0.782960,1,1
data\val\ai\ai_000133.png,1,ai,noise_s0.1,0.986035,1,1
data\val\ai\ai_000134.png,1,ai,noise_s0.1,0.930703,1,1
data\val\ai\ai_000135.png,1,ai,noise_s0.1,0.998873,1,1
data\val\ai\ai_000136.png,1,ai,noise_s0.1,0.834476,1,1
data\val\ai\ai_000137.png,1,ai,noise_s0.1,0.723549,1,1
data\val\ai\ai_000138.png,1,ai,noise_s0.1,0.870934,1,1
data\val\ai\ai_000139.png,1,ai,noise_s0.1,0.973764,1,1
data\val\ai\ai_000140.png,1,ai,noise_s0.1,0.682994,1,1
data\val\ai\ai_000141.png,1,ai,noise_s0.1,0.987226,1,1
data\val\ai\ai_000142.png,1,ai,noise_s0.1,0.917012,1,1
data\val\ai\ai_000143.png,1,ai,noise_s0.1,0.989576,1,1
data\val\ai\ai_000144.png,1,ai,noise_s0.1,0.985383,1,1
data\val\ai\ai_000145.png,1,ai,noise_s0.1,0.985784,1,1
data\val\ai\ai_000146.png,1,ai,noise_s0.1,0.961893,1,1
data\val\ai\ai_000147.png,1,ai,noise_s0.1,0.934442,1,1
data\val\ai\ai_000148.png,1,ai,noise_s0.1,0.100634,0,0
data\val\ai\ai_000149.png,1,ai,noise_s0.1,0.993766,1,1
data\val\ai\ai_000150.png,1,ai,noise_s0.1,0.233587,0,0
data\val\ai\ai_000151.png,1,ai,noise_s0.1,0.828406,1,1
data\val\ai\ai_000152.png,1,ai,noise_s0.1,0.839872,1,1
data\val\ai\ai_000153.png,1,ai,noise_s0.1,0.989453,1,1
data\val\ai\ai_000154.png,1,ai,noise_s0.1,0.989733,1,1
data\val\ai\ai_000155.png,1,ai,noise_s0.1,0.916545,1,1
data\val\ai\ai_000156.png,1,ai,noise_s0.1,0.505852,1,1
data\val\ai\ai_000157.png,1,ai,noise_s0.1,0.971439,1,1
data\val\ai\ai_000158.png,1,ai,noise_s0.1,0.191996,0,0
data\val\ai\ai_000159.png,1,ai,noise_s0.1,0.990540,1,1
data\val\ai\ai_000160.png,1,ai,noise_s0.1,0.084815,0,0
data\val\ai\ai_000161.png,1,ai,noise_s0.1,0.969646,1,1
data\val\ai\ai_000162.png,1,ai,noise_s0.1,0.934697,1,1
data\val\ai\ai_000163.png,1,ai,noise_s0.1,0.996788,1,1
data\val\ai\ai_000164.png,1,ai,noise_s0.1,0.987084,1,1
data\val\ai\ai_000165.png,1,ai,noise_s0.1,0.987445,1,1
data\val\ai\ai_000166.png,1,ai,noise_s0.1,0.656315,1,1
data\val\ai\ai_000167.png,1,ai,noise_s0.1,0.857876,1,1
data\val\ai\ai_000168.png,1,ai,noise_s0.1,0.461827,0,0
data\val\ai\ai_000169.png,1,ai,noise_s0.1,0.951021,1,1
data\val\ai\ai_000170.png,1,ai,noise_s0.1,0.793018,1,1
data\val\ai\ai_000171.png,1,ai,noise_s0.1,0.989143,1,1
data\val\ai\ai_000172.png,1,ai,noise_s0.1,0.978615,1,1
data\val\ai\ai_000173.png,1,ai,noise_s0.1,0.931005,1,1
data\val\ai\ai_000174.png,1,ai,noise_s0.1,0.998088,1,1
data\val\ai\ai_000175.png,1,ai,noise_s0.1,0.980492,1,1
data\val\ai\ai_000176.png,1,ai,noise_s0.1,0.939100,1,1
data\val\ai\ai_000177.png,1,ai,noise_s0.1,0.633042,1,1
data\val\ai\ai_000178.png,1,ai,noise_s0.1,0.455119,0,0
data\val\ai\ai_000179.png,1,ai,noise_s0.1,0.980556,1,1
data\val\ai\ai_000180.png,1,ai,noise_s0.1,0.817854,1,1
data\val\ai\ai_000181.png,1,ai,noise_s0.1,0.974029,1,1
data\val\ai\ai_000182.png,1,ai,noise_s0.1,0.937357,1,1
data\val\ai\ai_000183.png,1,ai,noise_s0.1,0.889068,1,1
data\val\ai\ai_000184.png,1,ai,noise_s0.1,0.986418,1,1
data\val\ai\ai_000185.png,1,ai,noise_s0.1,0.943509,1,1
data\val\ai\ai_000186.png,1,ai,noise_s0.1,0.677039,1,1
data\val\ai\ai_000187.png,1,ai,noise_s0.1,0.882553,1,1
data\val\ai\ai_000188.png,1,ai,noise_s0.1,0.361626,0,0
data\val\ai\ai_000189.png,1,ai,noise_s0.1,0.985064,1,1
data\val\ai\ai_000190.png,1,ai,noise_s0.1,0.877448,1,1
data\val\ai\ai_000191.png,1,ai,noise_s0.1,0.539947,1,1
data\val\ai\ai_000192.png,1,ai,noise_s0.1,0.979715,1,1
data\val\ai\ai_000193.png,1,ai,noise_s0.1,0.984232,1,1
data\val\ai\ai_000194.png,1,ai,noise_s0.1,0.982662,1,1
data\val\ai\ai_000195.png,1,ai,noise_s0.1,0.994664,1,1
data\val\ai\ai_000196.png,1,ai,noise_s0.1,0.946327,1,1
data\val\ai\ai_000197.png,1,ai,noise_s0.1,0.832834,1,1
data\val\ai\ai_000198.png,1,ai,noise_s0.1,0.946647,1,1
data\val\ai\ai_000199.png,1,ai,noise_s0.1,0.937269,1,1
data\val\ai\ai_000200.png,1,ai,noise_s0.1,0.871754,1,1
data\val\ai\ai_000201.png,1,ai,noise_s0.1,0.964398,1,1
data\val\ai\ai_000202.png,1,ai,noise_s0.1,0.448399,0,0
data\val\ai\ai_000203.png,1,ai,noise_s0.1,0.985623,1,1
data\val\ai\ai_000204.png,1,ai,noise_s0.1,0.990097,1,1
data\val\ai\ai_000205.png,1,ai,noise_s0.1,0.954472,1,1
data\val\ai\ai_000206.png,1,ai,noise_s0.1,0.997693,1,1
data\val\ai\ai_000207.png,1,ai,noise_s0.1,0.887959,1,1
data\val\ai\ai_000208.png,1,ai,noise_s0.1,0.874508,1,1
data\val\ai\ai_000209.png,1,ai,noise_s0.1,0.995052,1,1
data\val\ai\ai_000210.png,1,ai,noise_s0.1,0.901602,1,1
data\val\ai\ai_000211.png,1,ai,noise_s0.1,0.982368,1,1
data\val\ai\ai_000212.png,1,ai,noise_s0.1,0.997524,1,1
data\val\ai\ai_000213.png,1,ai,noise_s0.1,0.923791,1,1
data\val\ai\ai_000214.png,1,ai,noise_s0.1,0.997239,1,1
data\val\ai\ai_000215.png,1,ai,noise_s0.1,0.983671,1,1
data\val\ai\ai_000216.png,1,ai,noise_s0.1,0.891324,1,1
data\val\ai\ai_000217.png,1,ai,noise_s0.1,0.733949,1,1
data\val\ai\ai_000218.png,1,ai,noise_s0.1,0.602634,1,1
data\val\ai\ai_000219.png,1,ai,noise_s0.1,0.972136,1,1
data\val\ai\ai_000220.png,1,ai,noise_s0.1,0.119058,0,0
data\val\ai\ai_000221.png,1,ai,noise_s0.1,0.971348,1,1
data\val\ai\ai_000222.png,1,ai,noise_s0.1,0.881838,1,1
data\val\ai\ai_000223.png,1,ai,noise_s0.1,0.975696,1,1
data\val\ai\ai_000224.png,1,ai,noise_s0.1,0.791613,1,1
data\val\ai\ai_000225.png,1,ai,noise_s0.1,0.911139,1,1
data\val\ai\ai_000226.png,1,ai,noise_s0.1,0.817413,1,1
data\val\ai\ai_000227.png,1,ai,noise_s0.1,0.771198,1,1
data\val\ai\ai_000228.png,1,ai,noise_s0.1,0.036637,0,0
data\val\ai\ai_000229.png,1,ai,noise_s0.1,0.983124,1,1
data\val\ai\ai_000230.png,1,ai,noise_s0.1,0.705433,1,1
data\val\ai\ai_000231.png,1,ai,noise_s0.1,0.997969,1,1
data\val\ai\ai_000232.png,1,ai,noise_s0.1,0.928386,1,1
data\val\ai\ai_000233.png,1,ai,noise_s0.1,0.834492,1,1
data\val\ai\ai_000234.png,1,ai,noise_s0.1,0.993867,1,1
data\val\ai\ai_000235.png,1,ai,noise_s0.1,0.995429,1,1
data\val\ai\ai_000236.png,1,ai,noise_s0.1,0.363805,0,0
data\val\ai\ai_000237.png,1,ai,noise_s0.1,0.881527,1,1
data\val\ai\ai_000238.png,1,ai,noise_s0.1,0.780371,1,1
data\val\ai\ai_000239.png,1,ai,noise_s0.1,0.803105,1,1
data\val\ai\ai_000240.png,1,ai,noise_s0.1,0.795860,1,1
data\val\ai\ai_000241.png,1,ai,noise_s0.1,0.985515,1,1
data\val\ai\ai_000242.png,1,ai,noise_s0.1,0.992552,1,1
data\val\ai\ai_000243.png,1,ai,noise_s0.1,0.929978,1,1
data\val\ai\ai_000244.png,1,ai,noise_s0.1,0.993070,1,1
data\val\ai\ai_000245.png,1,ai,noise_s0.1,0.901043,1,1
data\val\ai\ai_000246.png,1,ai,noise_s0.1,0.990744,1,1
data\val\ai\ai_000247.png,1,ai,noise_s0.1,0.848050,1,1
data\val\ai\ai_000248.png,1,ai,noise_s0.1,0.949308,1,1
data\val\ai\ai_000249.png,1,ai,noise_s0.1,0.988090,1,1
data\val\ai\ai_000250.png,1,ai,noise_s0.1,0.317011,0,0
data\val\ai\ai_000251.png,1,ai,noise_s0.1,0.963655,1,1
data\val\ai\ai_000252.png,1,ai,noise_s0.1,0.908346,1,1
data\val\ai\ai_000253.png,1,ai,noise_s0.1,0.957727,1,1
data\val\ai\ai_000254.png,1,ai,noise_s0.1,0.916323,1,1
data\val\ai\ai_000255.png,1,ai,noise_s0.1,0.413126,0,0
data\val\ai\ai_000256.png,1,ai,noise_s0.1,0.262200,0,0
data\val\ai\ai_000257.png,1,ai,noise_s0.1,0.947811,1,1
data\val\ai\ai_000258.png,1,ai,noise_s0.1,0.640289,1,1
data\val\ai\ai_000259.png,1,ai,noise_s0.1,0.984926,1,1
data\val\ai\ai_000260.png,1,ai,noise_s0.1,0.572405,1,1
data\val\ai\ai_000261.png,1,ai,noise_s0.1,0.969991,1,1
data\val\ai\ai_000262.png,1,ai,noise_s0.1,0.981960,1,1
data\val\ai\ai_000263.png,1,ai,noise_s0.1,0.993557,1,1
data\val\ai\ai_000264.png,1,ai,noise_s0.1,0.995572,1,1
data\val\ai\ai_000265.png,1,ai,noise_s0.1,0.959410,1,1
data\val\ai\ai_000266.png,1,ai,noise_s0.1,0.937608,1,1
data\val\ai\ai_000267.png,1,ai,noise_s0.1,0.945359,1,1
data\val\ai\ai_000268.png,1,ai,noise_s0.1,0.842743,1,1
data\val\ai\ai_000269.png,1,ai,noise_s0.1,0.994761,1,1
data\val\ai\ai_000270.png,1,ai,noise_s0.1,0.709114,1,1
data\val\ai\ai_000271.png,1,ai,noise_s0.1,0.990175,1,1
data\val\ai\ai_000272.png,1,ai,noise_s0.1,0.997433,1,1
data\val\ai\ai_000273.png,1,ai,noise_s0.1,0.971237,1,1
data\val\ai\ai_000274.png,1,ai,noise_s0.1,0.900874,1,1
data\val\ai\ai_000275.png,1,ai,noise_s0.1,0.947448,1,1
data\val\ai\ai_000276.png,1,ai,noise_s0.1,0.983865,1,1
data\val\ai\ai_000277.png,1,ai,noise_s0.1,0.699188,1,1
data\val\ai\ai_000278.png,1,ai,noise_s0.1,0.979686,1,1
data\val\ai\ai_000279.png,1,ai,noise_s0.1,0.979838,1,1
data\val\ai\ai_000280.png,1,ai,noise_s0.1,0.846308,1,1
data\val\ai\ai_000281.png,1,ai,noise_s0.1,0.922823,1,1
data\val\ai\ai_000282.png,1,ai,noise_s0.1,0.868647,1,1
data\val\ai\ai_000283.png,1,ai,noise_s0.1,0.967437,1,1
data\val\ai\ai_000284.png,1,ai,noise_s0.1,0.966680,1,1
data\val\ai\ai_000285.png,1,ai,noise_s0.1,0.996828,1,1
data\val\ai\ai_000286.png,1,ai,noise_s0.1,0.952777,1,1
data\val\ai\ai_000287.png,1,ai,noise_s0.1,0.936011,1,1
data\val\ai\ai_000288.png,1,ai,noise_s0.1,0.167416,0,0
data\val\ai\ai_000289.png,1,ai,noise_s0.1,0.969471,1,1
data\val\ai\ai_000290.png,1,ai,noise_s0.1,0.842021,1,1
data\val\ai\ai_000291.png,1,ai,noise_s0.1,0.991089,1,1
data\val\ai\ai_000292.png,1,ai,noise_s0.1,0.971273,1,1
data\val\ai\ai_000293.png,1,ai,noise_s0.1,0.174893,0,0
data\val\ai\ai_000294.png,1,ai,noise_s0.1,0.974232,1,1
data\val\ai\ai_000295.png,1,ai,noise_s0.1,0.974061,1,1
data\val\ai\ai_000296.png,1,ai,noise_s0.1,0.996691,1,1
data\val\ai\ai_000297.png,1,ai,noise_s0.1,0.980278,1,1
data\val\ai\ai_000298.png,1,ai,noise_s0.1,0.917107,1,1
data\val\ai\ai_000299.png,1,ai,noise_s0.1,0.929197,1,1
data\val\ai\ai_000300.png,1,ai,noise_s0.1,0.624166,1,1
data\val\ai\ai_000301.png,1,ai,noise_s0.1,0.637595,1,1
data\val\ai\ai_000302.png,1,ai,noise_s0.1,0.541831,1,1
data\val\ai\ai_000303.png,1,ai,noise_s0.1,0.885435,1,1
data\val\ai\ai_000304.png,1,ai,noise_s0.1,0.943083,1,1
data\val\ai\ai_000305.png,1,ai,noise_s0.1,0.957998,1,1
data\val\ai\ai_000306.png,1,ai,noise_s0.1,0.955687,1,1
data\val\ai\ai_000307.png,1,ai,noise_s0.1,0.942691,1,1
data\val\ai\ai_000308.png,1,ai,noise_s0.1,0.533013,1,1
data\val\ai\ai_000309.png,1,ai,noise_s0.1,0.878588,1,1
data\val\ai\ai_000310.png,1,ai,noise_s0.1,0.842671,1,1
data\val\ai\ai_000311.png,1,ai,noise_s0.1,0.833673,1,1
data\val\ai\ai_000312.png,1,ai,noise_s0.1,0.948388,1,1
data\val\ai\ai_000313.png,1,ai,noise_s0.1,0.575298,1,1
data\val\ai\ai_000314.png,1,ai,noise_s0.1,0.968699,1,1
data\val\ai\ai_000315.png,1,ai,noise_s0.1,0.983766,1,1
data\val\ai\ai_000316.png,1,ai,noise_s0.1,0.987648,1,1
data\val\ai\ai_000317.png,1,ai,noise_s0.1,0.971042,1,1
data\val\ai\ai_000318.png,1,ai,noise_s0.1,0.039324,0,0
data\val\ai\ai_000319.png,1,ai,noise_s0.1,0.969846,1,1
data\val\ai\ai_000320.png,1,ai,noise_s0.1,0.966334,1,1
data\val\ai\ai_000321.png,1,ai,noise_s0.1,0.997227,1,1
data\val\ai\ai_000322.png,1,ai,noise_s0.1,0.560966,1,1
data\val\ai\ai_000323.png,1,ai,noise_s0.1,0.989660,1,1
data\val\ai\ai_000324.png,1,ai,noise_s0.1,0.990377,1,1
data\val\ai\ai_000325.png,1,ai,noise_s0.1,0.903609,1,1
data\val\ai\ai_000326.png,1,ai,noise_s0.1,0.992685,1,1
data\val\ai\ai_000327.png,1,ai,noise_s0.1,0.996830,1,1
data\val\ai\ai_000328.png,1,ai,noise_s0.1,0.749498,1,1
data\val\ai\ai_000329.png,1,ai,noise_s0.1,0.951062,1,1
data\val\ai\ai_000330.png,1,ai,noise_s0.1,0.824556,1,1
data\val\ai\ai_000331.png,1,ai,noise_s0.1,0.957618,1,1
data\val\ai\ai_000332.png,1,ai,noise_s0.1,0.373128,0,0
data\val\ai\ai_000333.png,1,ai,noise_s0.1,0.963751,1,1
data\val\ai\ai_000334.png,1,ai,noise_s0.1,0.778346,1,1
data\val\ai\ai_000335.png,1,ai,noise_s0.1,0.967138,1,1
data\val\ai\ai_000336.png,1,ai,noise_s0.1,0.365543,0,0
data\val\ai\ai_000337.png,1,ai,noise_s0.1,0.988952,1,1
data\val\ai\ai_000338.png,1,ai,noise_s0.1,0.246050,0,0
data\val\ai\ai_000339.png,1,ai,noise_s0.1,0.991543,1,1
data\val\ai\ai_000340.png,1,ai,noise_s0.1,0.908757,1,1
data\val\ai\ai_000341.png,1,ai,noise_s0.1,0.927940,1,1
data\val\ai\ai_000342.png,1,ai,noise_s0.1,0.646987,1,1
data\val\ai\ai_000343.png,1,ai,noise_s0.1,0.945397,1,1
data\val\ai\ai_000344.png,1,ai,noise_s0.1,0.829341,1,1
data\val\ai\ai_000345.png,1,ai,noise_s0.1,0.956702,1,1
data\val\ai\ai_000346.png,1,ai,noise_s0.1,0.996582,1,1
data\val\ai\ai_000347.png,1,ai,noise_s0.1,0.904074,1,1
data\val\ai\ai_000348.png,1,ai,noise_s0.1,0.470078,0,0
data\val\ai\ai_000349.png,1,ai,noise_s0.1,0.997335,1,1
data\val\ai\ai_000350.png,1,ai,noise_s0.1,0.550943,1,1
data\val\ai\ai_000351.png,1,ai,noise_s0.1,0.987411,1,1
data\val\ai\ai_000352.png,1,ai,noise_s0.1,0.552220,1,1
data\val\ai\ai_000353.png,1,ai,noise_s0.1,0.954404,1,1
data\val\ai\ai_000354.png,1,ai,noise_s0.1,0.996046,1,1
data\val\ai\ai_000355.png,1,ai,noise_s0.1,0.985566,1,1
data\val\ai\ai_000356.png,1,ai,noise_s0.1,0.702461,1,1
data\val\ai\ai_000357.png,1,ai,noise_s0.1,0.961516,1,1
data\val\ai\ai_000358.png,1,ai,noise_s0.1,0.234094,0,0
data\val\ai\ai_000359.png,1,ai,noise_s0.1,0.945191,1,1
data\val\ai\ai_000360.png,1,ai,noise_s0.1,0.841312,1,1
data\val\ai\ai_000361.png,1,ai,noise_s0.1,0.996830,1,1
data\val\ai\ai_000362.png,1,ai,noise_s0.1,0.920999,1,1
data\val\ai\ai_000363.png,1,ai,noise_s0.1,0.989013,1,1
data\val\ai\ai_000364.png,1,ai,noise_s0.1,0.997437,1,1
data\val\ai\ai_000365.png,1,ai,noise_s0.1,0.431512,0,0
data\val\ai\ai_000366.png,1,ai,noise_s0.1,0.594603,1,1
data\val\ai\ai_000367.png,1,ai,noise_s0.1,0.983434,1,1
data\val\ai\ai_000368.png,1,ai,noise_s0.1,0.323220,0,0
data\val\ai\ai_000369.png,1,ai,noise_s0.1,0.972396,1,1
data\val\ai\ai_000370.png,1,ai,noise_s0.1,0.167630,0,0
data\val\ai\ai_000371.png,1,ai,noise_s0.1,0.966843,1,1
data\val\ai\ai_000372.png,1,ai,noise_s0.1,0.941249,1,1
data\val\ai\ai_000373.png,1,ai,noise_s0.1,0.929985,1,1
data\val\ai\ai_000374.png,1,ai,noise_s0.1,0.990690,1,1
data\val\ai\ai_000375.png,1,ai,noise_s0.1,0.874269,1,1
data\val\ai\ai_000376.png,1,ai,noise_s0.1,0.712997,1,1
data\val\ai\ai_000377.png,1,ai,noise_s0.1,0.817617,1,1
data\val\ai\ai_000378.png,1,ai,noise_s0.1,0.974720,1,1
data\val\ai\ai_000379.png,1,ai,noise_s0.1,0.990451,1,1
data\val\ai\ai_000380.png,1,ai,noise_s0.1,0.441476,0,0
data\val\ai\ai_000381.png,1,ai,noise_s0.1,0.931204,1,1
data\val\ai\ai_000382.png,1,ai,noise_s0.1,0.367557,0,0
data\val\ai\ai_000383.png,1,ai,noise_s0.1,0.920620,1,1
data\val\ai\ai_000384.png,1,ai,noise_s0.1,0.930057,1,1
data\val\ai\ai_000385.png,1,ai,noise_s0.1,0.998155,1,1
data\val\ai\ai_000386.png,1,ai,noise_s0.1,0.851078,1,1
data\val\ai\ai_000387.png,1,ai,noise_s0.1,0.994775,1,1
data\val\ai\ai_000388.png,1,ai,noise_s0.1,0.950740,1,1
data\val\ai\ai_000389.png,1,ai,noise_s0.1,0.950856,1,1
data\val\ai\ai_000390.png,1,ai,noise_s0.1,0.947445,1,1
data\val\ai\ai_000391.png,1,ai,noise_s0.1,0.946271,1,1
data\val\ai\ai_000392.png,1,ai,noise_s0.1,0.733234,1,1
data\val\ai\ai_000393.png,1,ai,noise_s0.1,0.964977,1,1
data\val\ai\ai_000394.png,1,ai,noise_s0.1,0.988322,1,1
data\val\ai\ai_000395.png,1,ai,noise_s0.1,0.900916,1,1
data\val\ai\ai_000396.png,1,ai,noise_s0.1,0.737607,1,1
data\val\ai\ai_000397.png,1,ai,noise_s0.1,0.982478,1,1
data\val\ai\ai_000398.png,1,ai,noise_s0.1,0.746580,1,1
data\val\ai\ai_000399.png,1,ai,noise_s0.1,0.985012,1,1
data\val\ai\ai_000400.png,1,ai,noise_s0.1,0.227464,0,0
data\val\ai\ai_000401.png,1,ai,noise_s0.1,0.973349,1,1
data\val\ai\ai_000402.png,1,ai,noise_s0.1,0.971842,1,1
data\val\ai\ai_000403.png,1,ai,noise_s0.1,0.996797,1,1
data\val\ai\ai_000404.png,1,ai,noise_s0.1,0.989926,1,1
data\val\ai\ai_000405.png,1,ai,noise_s0.1,0.985894,1,1
data\val\ai\ai_000406.png,1,ai,noise_s0.1,0.893092,1,1
data\val\ai\ai_000407.png,1,ai,noise_s0.1,0.579430,1,1
data\val\ai\ai_000408.png,1,ai,noise_s0.1,0.947126,1,1
data\val\ai\ai_000409.png,1,ai,noise_s0.1,0.937559,1,1
data\val\ai\ai_000410.png,1,ai,noise_s0.1,0.506824,1,1
data\val\ai\ai_000411.png,1,ai,noise_s0.1,0.969078,1,1
data\val\ai\ai_000412.png,1,ai,noise_s0.1,0.959527,1,1
data\val\ai\ai_000413.png,1,ai,noise_s0.1,0.946956,1,1
data\val\ai\ai_000414.png,1,ai,noise_s0.1,0.997536,1,1
data\val\ai\ai_000415.png,1,ai,noise_s0.1,0.986462,1,1
data\val\ai\ai_000416.png,1,ai,noise_s0.1,0.722830,1,1
data\val\ai\ai_000417.png,1,ai,noise_s0.1,0.939820,1,1
data\val\ai\ai_000418.png,1,ai,noise_s0.1,0.120080,0,0
data\val\ai\ai_000419.png,1,ai,noise_s0.1,0.911388,1,1
data\val\ai\ai_000420.png,1,ai,noise_s0.1,0.769027,1,1
data\val\ai\ai_000421.png,1,ai,noise_s0.1,0.983877,1,1
data\val\ai\ai_000422.png,1,ai,noise_s0.1,0.237691,0,0
data\val\ai\ai_000423.png,1,ai,noise_s0.1,0.714410,1,1
data\val\ai\ai_000424.png,1,ai,noise_s0.1,0.993053,1,1
data\val\ai\ai_000425.png,1,ai,noise_s0.1,0.899041,1,1
data\val\ai\ai_000426.png,1,ai,noise_s0.1,0.527415,1,1
data\val\ai\ai_000427.png,1,ai,noise_s0.1,0.968215,1,1
data\val\ai\ai_000428.png,1,ai,noise_s0.1,0.941330,1,1
data\val\ai\ai_000429.png,1,ai,noise_s0.1,0.995794,1,1
data\val\ai\ai_000430.png,1,ai,noise_s0.1,0.812003,1,1
data\val\ai\ai_000431.png,1,ai,noise_s0.1,0.921041,1,1
data\val\ai\ai_000432.png,1,ai,noise_s0.1,0.994224,1,1
data\val\ai\ai_000433.png,1,ai,noise_s0.1,0.987106,1,1
data\val\ai\ai_000434.png,1,ai,noise_s0.1,0.966369,1,1
data\val\ai\ai_000435.png,1,ai,noise_s0.1,0.836555,1,1
data\val\ai\ai_000436.png,1,ai,noise_s0.1,0.988771,1,1
data\val\ai\ai_000437.png,1,ai,noise_s0.1,0.707460,1,1
data\val\ai\ai_000438.png,1,ai,noise_s0.1,0.934216,1,1
data\val\ai\ai_000439.png,1,ai,noise_s0.1,0.794593,1,1
data\val\ai\ai_000440.png,1,ai,noise_s0.1,0.661895,1,1
data\val\ai\ai_000441.png,1,ai,noise_s0.1,0.755774,1,1
data\val\ai\ai_000442.png,1,ai,noise_s0.1,0.955571,1,1
data\val\ai\ai_000443.png,1,ai,noise_s0.1,0.991003,1,1
data\val\ai\ai_000444.png,1,ai,noise_s0.1,0.997105,1,1
data\val\ai\ai_000445.png,1,ai,noise_s0.1,0.923166,1,1
data\val\ai\ai_000446.png,1,ai,noise_s0.1,0.970187,1,1
data\val\ai\ai_000447.png,1,ai,noise_s0.1,0.974794,1,1
data\val\ai\ai_000448.png,1,ai,noise_s0.1,0.095151,0,0
data\val\ai\ai_000449.png,1,ai,noise_s0.1,0.986519,1,1
data\val\ai\ai_000450.png,1,ai,noise_s0.1,0.944518,1,1
data\val\ai\ai_000451.png,1,ai,noise_s0.1,0.958249,1,1
data\val\ai\ai_000452.png,1,ai,noise_s0.1,0.908461,1,1
data\val\ai\ai_000453.png,1,ai,noise_s0.1,0.969676,1,1
data\val\ai\ai_000454.png,1,ai,noise_s0.1,0.827329,1,1
data\val\ai\ai_000455.png,1,ai,noise_s0.1,0.990501,1,1
data\val\ai\ai_000456.png,1,ai,noise_s0.1,0.910536,1,1
data\val\ai\ai_000457.png,1,ai,noise_s0.1,0.943225,1,1
data\val\ai\ai_000458.png,1,ai,noise_s0.1,0.877669,1,1
data\val\ai\ai_000459.png,1,ai,noise_s0.1,0.390791,0,0
data\val\ai\ai_000460.png,1,ai,noise_s0.1,0.620740,1,1
data\val\ai\ai_000461.png,1,ai,noise_s0.1,0.718903,1,1
data\val\ai\ai_000462.png,1,ai,noise_s0.1,0.961309,1,1
data\val\ai\ai_000463.png,1,ai,noise_s0.1,0.936174,1,1
data\val\ai\ai_000464.png,1,ai,noise_s0.1,0.975357,1,1
data\val\ai\ai_000465.png,1,ai,noise_s0.1,0.992854,1,1
data\val\ai\ai_000466.png,1,ai,noise_s0.1,0.431710,0,0
data\val\ai\ai_000467.png,1,ai,noise_s0.1,0.950405,1,1
data\val\ai\ai_000468.png,1,ai,noise_s0.1,0.679698,1,1
data\val\ai\ai_000469.png,1,ai,noise_s0.1,0.970957,1,1
data\val\ai\ai_000470.png,1,ai,noise_s0.1,0.663273,1,1
data\val\ai\ai_000471.png,1,ai,noise_s0.1,0.999294,1,1
data\val\ai\ai_000472.png,1,ai,noise_s0.1,0.928485,1,1
data\val\ai\ai_000473.png,1,ai,noise_s0.1,0.696803,1,1
data\val\ai\ai_000474.png,1,ai,noise_s0.1,0.964989,1,1
data\val\ai\ai_000475.png,1,ai,noise_s0.1,0.985737,1,1
data\val\ai\ai_000476.png,1,ai,noise_s0.1,0.939823,1,1
data\val\ai\ai_000477.png,1,ai,noise_s0.1,0.967825,1,1
data\val\ai\ai_000478.png,1,ai,noise_s0.1,0.961151,1,1
data\val\ai\ai_000479.png,1,ai,noise_s0.1,0.864851,1,1
data\val\ai\ai_000480.png,1,ai,noise_s0.1,0.753053,1,1
data\val\ai\ai_000481.png,1,ai,noise_s0.1,0.974984,1,1
data\val\ai\ai_000482.png,1,ai,noise_s0.1,0.693136,1,1
data\val\ai\ai_000483.png,1,ai,noise_s0.1,0.828099,1,1
data\val\ai\ai_000484.png,1,ai,noise_s0.1,0.839267,1,1
data\val\ai\ai_000485.png,1,ai,noise_s0.1,0.959424,1,1
data\val\ai\ai_000486.png,1,ai,noise_s0.1,0.984020,1,1
data\val\ai\ai_000487.png,1,ai,noise_s0.1,0.977920,1,1
data\val\ai\ai_000488.png,1,ai,noise_s0.1,0.760350,1,1
data\val\ai\ai_000489.png,1,ai,noise_s0.1,0.950770,1,1
data\val\ai\ai_000490.png,1,ai,noise_s0.1,0.713913,1,1
data\val\ai\ai_000491.png,1,ai,noise_s0.1,0.920524,1,1
data\val\ai\ai_000492.png,1,ai,noise_s0.1,0.979510,1,1
data\val\ai\ai_000493.png,1,ai,noise_s0.1,0.986312,1,1
data\val\ai\ai_000494.png,1,ai,noise_s0.1,0.993977,1,1
data\val\ai\ai_000495.png,1,ai,noise_s0.1,0.818552,1,1
data\val\ai\ai_000496.png,1,ai,noise_s0.1,0.473364,0,0
data\val\ai\ai_000497.png,1,ai,noise_s0.1,0.862401,1,1
data\val\ai\ai_000498.png,1,ai,noise_s0.1,0.347761,0,0
data\val\ai\ai_000499.png,1,ai,noise_s0.1,0.961236,1,1
data\val\ai\ai_000500.png,1,ai,noise_s0.1,0.900509,1,1
data\val\real\000000000139.jpg,0,real,jitter_20pct,0.843870,1,0
data\val\real\000000000285.jpg,0,real,jitter_20pct,0.035835,0,1
data\val\real\000000000632.jpg,0,real,jitter_20pct,0.935295,1,0
data\val\real\000000000724.jpg,0,real,jitter_20pct,0.135380,0,1
data\val\real\000000000776.jpg,0,real,jitter_20pct,0.057862,0,1
data\val\real\000000000785.jpg,0,real,jitter_20pct,0.562704,1,0
data\val\real\000000000802.jpg,0,real,jitter_20pct,0.361700,0,1
data\val\real\000000000872.jpg,0,real,jitter_20pct,0.016617,0,1
data\val\real\000000000885.jpg,0,real,jitter_20pct,0.126803,0,1
data\val\real\000000001000.jpg,0,real,jitter_20pct,0.002246,0,1
data\val\real\000000001268.jpg,0,real,jitter_20pct,0.044644,0,1
data\val\real\000000001296.jpg,0,real,jitter_20pct,0.218265,0,1
data\val\real\000000001353.jpg,0,real,jitter_20pct,0.002178,0,1
data\val\real\000000001425.jpg,0,real,jitter_20pct,0.696089,1,0
data\val\real\000000001490.jpg,0,real,jitter_20pct,0.188093,0,1
data\val\real\000000001503.jpg,0,real,jitter_20pct,0.416872,0,1
data\val\real\000000001532.jpg,0,real,jitter_20pct,0.088636,0,1
data\val\real\000000001584.jpg,0,real,jitter_20pct,0.327255,0,1
data\val\real\000000001675.jpg,0,real,jitter_20pct,0.121096,0,1
data\val\real\000000001761.jpg,0,real,jitter_20pct,0.022572,0,1
data\val\real\000000001818.jpg,0,real,jitter_20pct,0.353562,0,1
data\val\real\000000001993.jpg,0,real,jitter_20pct,0.524359,1,0
data\val\real\000000002006.jpg,0,real,jitter_20pct,0.086163,0,1
data\val\real\000000002149.jpg,0,real,jitter_20pct,0.351506,0,1
data\val\real\000000002153.jpg,0,real,jitter_20pct,0.008197,0,1
data\val\real\000000002157.jpg,0,real,jitter_20pct,0.260004,0,1
data\val\real\000000002261.jpg,0,real,jitter_20pct,0.085411,0,1
data\val\real\000000002299.jpg,0,real,jitter_20pct,0.015303,0,1
data\val\real\000000002431.jpg,0,real,jitter_20pct,0.132535,0,1
data\val\real\000000002473.jpg,0,real,jitter_20pct,0.024887,0,1
data\val\real\000000002532.jpg,0,real,jitter_20pct,0.012648,0,1
data\val\real\000000002587.jpg,0,real,jitter_20pct,0.079806,0,1
data\val\real\000000002592.jpg,0,real,jitter_20pct,0.038741,0,1
data\val\real\000000002685.jpg,0,real,jitter_20pct,0.002996,0,1
data\val\real\000000002923.jpg,0,real,jitter_20pct,0.035516,0,1
data\val\real\000000003156.jpg,0,real,jitter_20pct,0.215634,0,1
data\val\real\000000003255.jpg,0,real,jitter_20pct,0.693918,1,0
data\val\real\000000003501.jpg,0,real,jitter_20pct,0.364793,0,1
data\val\real\000000003553.jpg,0,real,jitter_20pct,0.054523,0,1
data\val\real\000000003661.jpg,0,real,jitter_20pct,0.017821,0,1
data\val\real\000000003845.jpg,0,real,jitter_20pct,0.184206,0,1
data\val\real\000000003934.jpg,0,real,jitter_20pct,0.001973,0,1
data\val\real\000000004134.jpg,0,real,jitter_20pct,0.006332,0,1
data\val\real\000000004395.jpg,0,real,jitter_20pct,0.012865,0,1
data\val\real\000000004495.jpg,0,real,jitter_20pct,0.246660,0,1
data\val\real\000000004765.jpg,0,real,jitter_20pct,0.316183,0,1
data\val\real\000000004795.jpg,0,real,jitter_20pct,0.000810,0,1
data\val\real\000000005001.jpg,0,real,jitter_20pct,0.029696,0,1
data\val\real\000000005037.jpg,0,real,jitter_20pct,0.155459,0,1
data\val\real\000000005060.jpg,0,real,jitter_20pct,0.116415,0,1
data\val\real\000000005193.jpg,0,real,jitter_20pct,0.004576,0,1
data\val\real\000000005477.jpg,0,real,jitter_20pct,0.127190,0,1
data\val\real\000000005503.jpg,0,real,jitter_20pct,0.029247,0,1
data\val\real\000000005529.jpg,0,real,jitter_20pct,0.074020,0,1
data\val\real\000000005586.jpg,0,real,jitter_20pct,0.006178,0,1
data\val\real\000000005600.jpg,0,real,jitter_20pct,0.050016,0,1
data\val\real\000000005992.jpg,0,real,jitter_20pct,0.102688,0,1
data\val\real\000000006012.jpg,0,real,jitter_20pct,0.073577,0,1
data\val\real\000000006040.jpg,0,real,jitter_20pct,0.546030,1,0
data\val\real\000000006213.jpg,0,real,jitter_20pct,0.637362,1,0
data\val\real\000000006460.jpg,0,real,jitter_20pct,0.119265,0,1
data\val\real\000000006471.jpg,0,real,jitter_20pct,0.021129,0,1
data\val\real\000000006614.jpg,0,real,jitter_20pct,0.036298,0,1
data\val\real\000000006723.jpg,0,real,jitter_20pct,0.127998,0,1
data\val\real\000000006763.jpg,0,real,jitter_20pct,0.000217,0,1
data\val\real\000000006771.jpg,0,real,jitter_20pct,0.006924,0,1
data\val\real\000000006818.jpg,0,real,jitter_20pct,0.104418,0,1
data\val\real\000000006894.jpg,0,real,jitter_20pct,0.013170,0,1
data\val\real\000000006954.jpg,0,real,jitter_20pct,0.073486,0,1
data\val\real\000000007088.jpg,0,real,jitter_20pct,0.027189,0,1
data\val\real\000000007108.jpg,0,real,jitter_20pct,0.055917,0,1
data\val\real\000000007278.jpg,0,real,jitter_20pct,0.252313,0,1
data\val\real\000000007281.jpg,0,real,jitter_20pct,0.004769,0,1
data\val\real\000000007386.jpg,0,real,jitter_20pct,0.090324,0,1
data\val\real\000000007511.jpg,0,real,jitter_20pct,0.086076,0,1
data\val\real\000000007574.jpg,0,real,jitter_20pct,0.282618,0,1
data\val\real\000000007784.jpg,0,real,jitter_20pct,0.428852,0,1
data\val\real\000000007795.jpg,0,real,jitter_20pct,0.868810,1,0
data\val\real\000000007816.jpg,0,real,jitter_20pct,0.005476,0,1
data\val\real\000000007818.jpg,0,real,jitter_20pct,0.570787,1,0
data\val\real\000000007888.jpg,0,real,jitter_20pct,0.706852,1,0
data\val\real\000000007977.jpg,0,real,jitter_20pct,0.307657,0,1
data\val\real\000000007991.jpg,0,real,jitter_20pct,0.045085,0,1
data\val\real\000000008021.jpg,0,real,jitter_20pct,0.003884,0,1
data\val\real\000000008211.jpg,0,real,jitter_20pct,0.240730,0,1
data\val\real\000000008277.jpg,0,real,jitter_20pct,0.085196,0,1
data\val\real\000000008532.jpg,0,real,jitter_20pct,0.003651,0,1
data\val\real\000000008629.jpg,0,real,jitter_20pct,0.134144,0,1
data\val\real\000000008690.jpg,0,real,jitter_20pct,0.001536,0,1
data\val\real\000000008762.jpg,0,real,jitter_20pct,0.520505,1,0
data\val\real\000000008844.jpg,0,real,jitter_20pct,0.106278,0,1
data\val\real\000000008899.jpg,0,real,jitter_20pct,0.326093,0,1
data\val\real\000000009378.jpg,0,real,jitter_20pct,0.014755,0,1
data\val\real\000000009400.jpg,0,real,jitter_20pct,0.001219,0,1
data\val\real\000000009448.jpg,0,real,jitter_20pct,0.024932,0,1
data\val\real\000000009483.jpg,0,real,jitter_20pct,0.039283,0,1
data\val\real\000000009590.jpg,0,real,jitter_20pct,0.260118,0,1
data\val\real\000000009769.jpg,0,real,jitter_20pct,0.054094,0,1
data\val\real\000000009772.jpg,0,real,jitter_20pct,0.018511,0,1
data\val\real\000000009891.jpg,0,real,jitter_20pct,0.007660,0,1
data\val\real\000000009914.jpg,0,real,jitter_20pct,0.051491,0,1
data\val\real\000000010092.jpg,0,real,jitter_20pct,0.192706,0,1
data\val\real\000000010363.jpg,0,real,jitter_20pct,0.003783,0,1
data\val\real\000000010583.jpg,0,real,jitter_20pct,0.032473,0,1
data\val\real\000000010707.jpg,0,real,jitter_20pct,0.000395,0,1
data\val\real\000000010764.jpg,0,real,jitter_20pct,0.374087,0,1
data\val\real\000000010977.jpg,0,real,jitter_20pct,0.444944,0,1
data\val\real\000000010995.jpg,0,real,jitter_20pct,0.387784,0,1
data\val\real\000000011051.jpg,0,real,jitter_20pct,0.025426,0,1
data\val\real\000000011122.jpg,0,real,jitter_20pct,0.006119,0,1
data\val\real\000000011149.jpg,0,real,jitter_20pct,0.027548,0,1
data\val\real\000000011197.jpg,0,real,jitter_20pct,0.035980,0,1
data\val\real\000000011511.jpg,0,real,jitter_20pct,0.150697,0,1
data\val\real\000000011615.jpg,0,real,jitter_20pct,0.085650,0,1
data\val\real\000000011699.jpg,0,real,jitter_20pct,0.038641,0,1
data\val\real\000000011760.jpg,0,real,jitter_20pct,0.517477,1,0
data\val\real\000000011813.jpg,0,real,jitter_20pct,0.379711,0,1
data\val\real\000000012062.jpg,0,real,jitter_20pct,0.007270,0,1
data\val\real\000000012120.jpg,0,real,jitter_20pct,0.026100,0,1
data\val\real\000000012280.jpg,0,real,jitter_20pct,0.749506,1,0
data\val\real\000000012576.jpg,0,real,jitter_20pct,0.124717,0,1
data\val\real\000000012639.jpg,0,real,jitter_20pct,0.026950,0,1
data\val\real\000000012667.jpg,0,real,jitter_20pct,0.166737,0,1
data\val\real\000000012670.jpg,0,real,jitter_20pct,0.002232,0,1
data\val\real\000000012748.jpg,0,real,jitter_20pct,0.080965,0,1
data\val\real\000000013004.jpg,0,real,jitter_20pct,0.140856,0,1
data\val\real\000000013177.jpg,0,real,jitter_20pct,0.035756,0,1
data\val\real\000000013201.jpg,0,real,jitter_20pct,0.047804,0,1
data\val\real\000000013291.jpg,0,real,jitter_20pct,0.175464,0,1
data\val\real\000000013348.jpg,0,real,jitter_20pct,0.161573,0,1
data\val\real\000000013546.jpg,0,real,jitter_20pct,0.007541,0,1
data\val\real\000000013597.jpg,0,real,jitter_20pct,0.635992,1,0
data\val\real\000000013659.jpg,0,real,jitter_20pct,0.001211,0,1
data\val\real\000000013729.jpg,0,real,jitter_20pct,0.026418,0,1
data\val\real\000000013774.jpg,0,real,jitter_20pct,0.548836,1,0
data\val\real\000000013923.jpg,0,real,jitter_20pct,0.571584,1,0
data\val\real\000000014007.jpg,0,real,jitter_20pct,0.116417,0,1
data\val\real\000000014038.jpg,0,real,jitter_20pct,0.836819,1,0
data\val\real\000000014226.jpg,0,real,jitter_20pct,0.157262,0,1
data\val\real\000000014380.jpg,0,real,jitter_20pct,0.597096,1,0
data\val\real\000000014439.jpg,0,real,jitter_20pct,0.017309,0,1
data\val\real\000000014473.jpg,0,real,jitter_20pct,0.033816,0,1
data\val\real\000000014831.jpg,0,real,jitter_20pct,0.010980,0,1
data\val\real\000000014888.jpg,0,real,jitter_20pct,0.017866,0,1
data\val\real\000000015079.jpg,0,real,jitter_20pct,0.279268,0,1
data\val\real\000000015254.jpg,0,real,jitter_20pct,0.051702,0,1
data\val\real\000000015272.jpg,0,real,jitter_20pct,0.648942,1,0
data\val\real\000000015278.jpg,0,real,jitter_20pct,0.048472,0,1
data\val\real\000000015335.jpg,0,real,jitter_20pct,0.000780,0,1
data\val\real\000000015338.jpg,0,real,jitter_20pct,0.391772,0,1
data\val\real\000000015440.jpg,0,real,jitter_20pct,0.771400,1,0
data\val\real\000000015497.jpg,0,real,jitter_20pct,0.005275,0,1
data\val\real\000000015517.jpg,0,real,jitter_20pct,0.096605,0,1
data\val\real\000000015597.jpg,0,real,jitter_20pct,0.001248,0,1
data\val\real\000000015660.jpg,0,real,jitter_20pct,0.215899,0,1
data\val\real\000000015746.jpg,0,real,jitter_20pct,0.075370,0,1
data\val\real\000000015751.jpg,0,real,jitter_20pct,0.060269,0,1
data\val\real\000000015956.jpg,0,real,jitter_20pct,0.011913,0,1
data\val\real\000000016010.jpg,0,real,jitter_20pct,0.028669,0,1
data\val\real\000000016228.jpg,0,real,jitter_20pct,0.343677,0,1
data\val\real\000000016249.jpg,0,real,jitter_20pct,0.141454,0,1
data\val\real\000000016439.jpg,0,real,jitter_20pct,0.340829,0,1
data\val\real\000000016451.jpg,0,real,jitter_20pct,0.293987,0,1
data\val\real\000000016502.jpg,0,real,jitter_20pct,0.074618,0,1
data\val\real\000000016598.jpg,0,real,jitter_20pct,0.005738,0,1
data\val\real\000000016958.jpg,0,real,jitter_20pct,0.089012,0,1
data\val\real\000000017029.jpg,0,real,jitter_20pct,0.037912,0,1
data\val\real\000000017031.jpg,0,real,jitter_20pct,0.465322,0,1
data\val\real\000000017115.jpg,0,real,jitter_20pct,0.450101,0,1
data\val\real\000000017178.jpg,0,real,jitter_20pct,0.590921,1,0
data\val\real\000000017182.jpg,0,real,jitter_20pct,0.464680,0,1
data\val\real\000000017207.jpg,0,real,jitter_20pct,0.006246,0,1
data\val\real\000000017379.jpg,0,real,jitter_20pct,0.764267,1,0
data\val\real\000000017436.jpg,0,real,jitter_20pct,0.014538,0,1
data\val\real\000000017627.jpg,0,real,jitter_20pct,0.003224,0,1
data\val\real\000000017714.jpg,0,real,jitter_20pct,0.053746,0,1
data\val\real\000000017899.jpg,0,real,jitter_20pct,0.001354,0,1
data\val\real\000000017905.jpg,0,real,jitter_20pct,0.001050,0,1
data\val\real\000000017959.jpg,0,real,jitter_20pct,0.013819,0,1
data\val\real\000000018150.jpg,0,real,jitter_20pct,0.000753,0,1
data\val\real\000000018193.jpg,0,real,jitter_20pct,0.001377,0,1
data\val\real\000000018380.jpg,0,real,jitter_20pct,0.130064,0,1
data\val\real\000000018491.jpg,0,real,jitter_20pct,0.022632,0,1
data\val\real\000000018519.jpg,0,real,jitter_20pct,0.399238,0,1
data\val\real\000000018575.jpg,0,real,jitter_20pct,0.070734,0,1
data\val\real\000000018737.jpg,0,real,jitter_20pct,0.077205,0,1
data\val\real\000000018770.jpg,0,real,jitter_20pct,0.039230,0,1
data\val\real\000000018833.jpg,0,real,jitter_20pct,0.242867,0,1
data\val\real\000000018837.jpg,0,real,jitter_20pct,0.055138,0,1
data\val\real\000000019042.jpg,0,real,jitter_20pct,0.036792,0,1
data\val\real\000000019109.jpg,0,real,jitter_20pct,0.186181,0,1
data\val\real\000000019221.jpg,0,real,jitter_20pct,0.004660,0,1
data\val\real\000000019402.jpg,0,real,jitter_20pct,0.000684,0,1
data\val\real\000000019432.jpg,0,real,jitter_20pct,0.024347,0,1
data\val\real\000000019742.jpg,0,real,jitter_20pct,0.300747,0,1
data\val\real\000000019786.jpg,0,real,jitter_20pct,0.004562,0,1
data\val\real\000000019924.jpg,0,real,jitter_20pct,0.912218,1,0
data\val\real\000000020059.jpg,0,real,jitter_20pct,0.122436,0,1
data\val\real\000000020107.jpg,0,real,jitter_20pct,0.147896,0,1
data\val\real\000000020247.jpg,0,real,jitter_20pct,0.164692,0,1
data\val\real\000000020333.jpg,0,real,jitter_20pct,0.424004,0,1
data\val\real\000000020553.jpg,0,real,jitter_20pct,0.011061,0,1
data\val\real\000000020571.jpg,0,real,jitter_20pct,0.080248,0,1
data\val\real\000000020992.jpg,0,real,jitter_20pct,0.005218,0,1
data\val\real\000000021167.jpg,0,real,jitter_20pct,0.002345,0,1
data\val\real\000000021465.jpg,0,real,jitter_20pct,0.004463,0,1
data\val\real\000000021503.jpg,0,real,jitter_20pct,0.003243,0,1
data\val\real\000000021604.jpg,0,real,jitter_20pct,0.929488,1,0
data\val\real\000000021839.jpg,0,real,jitter_20pct,0.001185,0,1
data\val\real\000000021879.jpg,0,real,jitter_20pct,0.035400,0,1
data\val\real\000000021903.jpg,0,real,jitter_20pct,0.138159,0,1
data\val\real\000000022192.jpg,0,real,jitter_20pct,0.024565,0,1
data\val\real\000000022371.jpg,0,real,jitter_20pct,0.867438,1,0
data\val\real\000000022396.jpg,0,real,jitter_20pct,0.023803,0,1
data\val\real\000000022479.jpg,0,real,jitter_20pct,0.063163,0,1
data\val\real\000000022589.jpg,0,real,jitter_20pct,0.014865,0,1
data\val\real\000000022623.jpg,0,real,jitter_20pct,0.285519,0,1
data\val\real\000000022705.jpg,0,real,jitter_20pct,0.000627,0,1
data\val\real\000000022755.jpg,0,real,jitter_20pct,0.349125,0,1
data\val\real\000000022892.jpg,0,real,jitter_20pct,0.471281,0,1
data\val\real\000000022935.jpg,0,real,jitter_20pct,0.237129,0,1
data\val\real\000000022969.jpg,0,real,jitter_20pct,0.477453,0,1
data\val\real\000000023023.jpg,0,real,jitter_20pct,0.457235,0,1
data\val\real\000000023034.jpg,0,real,jitter_20pct,0.005506,0,1
data\val\real\000000023126.jpg,0,real,jitter_20pct,0.216509,0,1
data\val\real\000000023230.jpg,0,real,jitter_20pct,0.005777,0,1
data\val\real\000000023272.jpg,0,real,jitter_20pct,0.008770,0,1
data\val\real\000000023359.jpg,0,real,jitter_20pct,0.108237,0,1
data\val\real\000000023666.jpg,0,real,jitter_20pct,0.166565,0,1
data\val\real\000000023751.jpg,0,real,jitter_20pct,0.000724,0,1
data\val\real\000000023781.jpg,0,real,jitter_20pct,0.438067,0,1
data\val\real\000000023899.jpg,0,real,jitter_20pct,0.001418,0,1
data\val\real\000000023937.jpg,0,real,jitter_20pct,0.037328,0,1
data\val\real\000000024021.jpg,0,real,jitter_20pct,0.021469,0,1
data\val\real\000000024027.jpg,0,real,jitter_20pct,0.004239,0,1
data\val\real\000000024144.jpg,0,real,jitter_20pct,0.129603,0,1
data\val\real\000000024243.jpg,0,real,jitter_20pct,0.022314,0,1
data\val\real\000000024567.jpg,0,real,jitter_20pct,0.009143,0,1
data\val\real\000000024610.jpg,0,real,jitter_20pct,0.131336,0,1
data\val\real\000000024919.jpg,0,real,jitter_20pct,0.261053,0,1
data\val\real\000000025057.jpg,0,real,jitter_20pct,0.006566,0,1
data\val\real\000000025096.jpg,0,real,jitter_20pct,0.005819,0,1
data\val\real\000000025139.jpg,0,real,jitter_20pct,0.220966,0,1
data\val\real\000000025181.jpg,0,real,jitter_20pct,0.954267,1,0
data\val\real\000000025228.jpg,0,real,jitter_20pct,0.025637,0,1
data\val\real\000000025386.jpg,0,real,jitter_20pct,0.004671,0,1
data\val\real\000000025393.jpg,0,real,jitter_20pct,0.000324,0,1
data\val\real\000000025394.jpg,0,real,jitter_20pct,0.005402,0,1
data\val\real\000000025424.jpg,0,real,jitter_20pct,0.041014,0,1
data\val\real\000000025560.jpg,0,real,jitter_20pct,0.019023,0,1
data\val\real\000000025593.jpg,0,real,jitter_20pct,0.121059,0,1
data\val\real\000000025603.jpg,0,real,jitter_20pct,0.000307,0,1
data\val\real\000000025986.jpg,0,real,jitter_20pct,0.004954,0,1
data\val\real\000000026204.jpg,0,real,jitter_20pct,0.222899,0,1
data\val\real\000000026465.jpg,0,real,jitter_20pct,0.198508,0,1
data\val\real\000000026564.jpg,0,real,jitter_20pct,0.644308,1,0
data\val\real\000000026690.jpg,0,real,jitter_20pct,0.017322,0,1
data\val\real\000000026926.jpg,0,real,jitter_20pct,0.293182,0,1
data\val\real\000000026941.jpg,0,real,jitter_20pct,0.716815,1,0
data\val\real\000000027186.jpg,0,real,jitter_20pct,0.020885,0,1
data\val\real\000000027620.jpg,0,real,jitter_20pct,0.169333,0,1
data\val\real\000000027696.jpg,0,real,jitter_20pct,0.003800,0,1
data\val\real\000000027768.jpg,0,real,jitter_20pct,0.149171,0,1
data\val\real\000000027932.jpg,0,real,jitter_20pct,0.351165,0,1
data\val\real\000000027972.jpg,0,real,jitter_20pct,0.134071,0,1
data\val\real\000000027982.jpg,0,real,jitter_20pct,0.824343,1,0
data\val\real\000000028285.jpg,0,real,jitter_20pct,0.013999,0,1
data\val\real\000000028449.jpg,0,real,jitter_20pct,0.632641,1,0
data\val\real\000000028452.jpg,0,real,jitter_20pct,0.827052,1,0
data\val\real\000000028809.jpg,0,real,jitter_20pct,0.162634,0,1
data\val\real\000000028993.jpg,0,real,jitter_20pct,0.737687,1,0
data\val\real\000000029187.jpg,0,real,jitter_20pct,0.002715,0,1
data\val\real\000000029393.jpg,0,real,jitter_20pct,0.005671,0,1
data\val\real\000000029397.jpg,0,real,jitter_20pct,0.047398,0,1
data\val\real\000000029596.jpg,0,real,jitter_20pct,0.812777,1,0
data\val\real\000000029640.jpg,0,real,jitter_20pct,0.315728,0,1
data\val\real\000000029675.jpg,0,real,jitter_20pct,0.221135,0,1
data\val\real\000000029984.jpg,0,real,jitter_20pct,0.026899,0,1
data\val\real\000000030213.jpg,0,real,jitter_20pct,0.347842,0,1
data\val\real\000000030494.jpg,0,real,jitter_20pct,0.010563,0,1
data\val\real\000000030504.jpg,0,real,jitter_20pct,0.160890,0,1
data\val\real\000000030675.jpg,0,real,jitter_20pct,0.413149,0,1
data\val\real\000000030785.jpg,0,real,jitter_20pct,0.269520,0,1
data\val\real\000000030828.jpg,0,real,jitter_20pct,0.785831,1,0
data\val\real\000000031050.jpg,0,real,jitter_20pct,0.209508,0,1
data\val\real\000000031093.jpg,0,real,jitter_20pct,0.034717,0,1
data\val\real\000000031118.jpg,0,real,jitter_20pct,0.263093,0,1
data\val\real\000000031217.jpg,0,real,jitter_20pct,0.115964,0,1
data\val\real\000000031248.jpg,0,real,jitter_20pct,0.493864,0,1
data\val\real\000000031269.jpg,0,real,jitter_20pct,0.058255,0,1
data\val\real\000000031296.jpg,0,real,jitter_20pct,0.001883,0,1
data\val\real\000000031322.jpg,0,real,jitter_20pct,0.041156,0,1
data\val\real\000000031620.jpg,0,real,jitter_20pct,0.000083,0,1
data\val\real\000000031735.jpg,0,real,jitter_20pct,0.009265,0,1
data\val\real\000000031749.jpg,0,real,jitter_20pct,0.383109,0,1
data\val\real\000000031817.jpg,0,real,jitter_20pct,0.002005,0,1
data\val\real\000000032038.jpg,0,real,jitter_20pct,0.032754,0,1
data\val\real\000000032081.jpg,0,real,jitter_20pct,0.054917,0,1
data\val\real\000000032285.jpg,0,real,jitter_20pct,0.839707,1,0
data\val\real\000000032334.jpg,0,real,jitter_20pct,0.000737,0,1
data\val\real\000000032570.jpg,0,real,jitter_20pct,0.848300,1,0
data\val\real\000000032610.jpg,0,real,jitter_20pct,0.115769,0,1
data\val\real\000000032735.jpg,0,real,jitter_20pct,0.103144,0,1
data\val\real\000000032811.jpg,0,real,jitter_20pct,0.046760,0,1
data\val\real\000000032817.jpg,0,real,jitter_20pct,0.003371,0,1
data\val\real\000000032861.jpg,0,real,jitter_20pct,0.229633,0,1
data\val\real\000000032887.jpg,0,real,jitter_20pct,0.004388,0,1
data\val\real\000000032901.jpg,0,real,jitter_20pct,0.000148,0,1
data\val\real\000000032941.jpg,0,real,jitter_20pct,0.054732,0,1
data\val\real\000000033005.jpg,0,real,jitter_20pct,0.042337,0,1
data\val\real\000000033104.jpg,0,real,jitter_20pct,0.027160,0,1
data\val\real\000000033109.jpg,0,real,jitter_20pct,0.032505,0,1
data\val\real\000000033114.jpg,0,real,jitter_20pct,0.170500,0,1
data\val\real\000000033221.jpg,0,real,jitter_20pct,0.002744,0,1
data\val\real\000000033368.jpg,0,real,jitter_20pct,0.143702,0,1
data\val\real\000000033638.jpg,0,real,jitter_20pct,0.050111,0,1
data\val\real\000000033707.jpg,0,real,jitter_20pct,0.184362,0,1
data\val\real\000000033759.jpg,0,real,jitter_20pct,0.088099,0,1
data\val\real\000000033854.jpg,0,real,jitter_20pct,0.059045,0,1
data\val\real\000000034071.jpg,0,real,jitter_20pct,0.708015,1,0
data\val\real\000000034139.jpg,0,real,jitter_20pct,0.130467,0,1
data\val\real\000000034205.jpg,0,real,jitter_20pct,0.280933,0,1
data\val\real\000000034257.jpg,0,real,jitter_20pct,0.702987,1,0
data\val\real\000000034417.jpg,0,real,jitter_20pct,0.065541,0,1
data\val\real\000000034452.jpg,0,real,jitter_20pct,0.007866,0,1
data\val\real\000000034760.jpg,0,real,jitter_20pct,0.114655,0,1
data\val\real\000000034873.jpg,0,real,jitter_20pct,0.253239,0,1
data\val\real\000000035062.jpg,0,real,jitter_20pct,0.035334,0,1
data\val\real\000000035197.jpg,0,real,jitter_20pct,0.251927,0,1
data\val\real\000000035279.jpg,0,real,jitter_20pct,0.539266,1,0
data\val\real\000000035326.jpg,0,real,jitter_20pct,0.096200,0,1
data\val\real\000000035682.jpg,0,real,jitter_20pct,0.030998,0,1
data\val\real\000000035770.jpg,0,real,jitter_20pct,0.096298,0,1
data\val\real\000000035963.jpg,0,real,jitter_20pct,0.002471,0,1
data\val\real\000000036494.jpg,0,real,jitter_20pct,0.555731,1,0
data\val\real\000000036539.jpg,0,real,jitter_20pct,0.002740,0,1
data\val\real\000000036660.jpg,0,real,jitter_20pct,0.143997,0,1
data\val\real\000000036678.jpg,0,real,jitter_20pct,0.026002,0,1
data\val\real\000000036844.jpg,0,real,jitter_20pct,0.190251,0,1
data\val\real\000000036861.jpg,0,real,jitter_20pct,0.481658,0,1
data\val\real\000000036936.jpg,0,real,jitter_20pct,0.005130,0,1
data\val\real\000000037670.jpg,0,real,jitter_20pct,0.513009,1,0
data\val\real\000000037689.jpg,0,real,jitter_20pct,0.115352,0,1
data\val\real\000000037740.jpg,0,real,jitter_20pct,0.678848,1,0
data\val\real\000000037751.jpg,0,real,jitter_20pct,0.083598,0,1
data\val\real\000000037777.jpg,0,real,jitter_20pct,0.723385,1,0
data\val\real\000000037988.jpg,0,real,jitter_20pct,0.019513,0,1
data\val\real\000000038048.jpg,0,real,jitter_20pct,0.131914,0,1
data\val\real\000000038070.jpg,0,real,jitter_20pct,0.547162,1,0
data\val\real\000000038118.jpg,0,real,jitter_20pct,0.304983,0,1
data\val\real\000000038210.jpg,0,real,jitter_20pct,0.200033,0,1
data\val\real\000000038576.jpg,0,real,jitter_20pct,0.952855,1,0
data\val\real\000000038678.jpg,0,real,jitter_20pct,0.000770,0,1
data\val\real\000000038825.jpg,0,real,jitter_20pct,0.091558,0,1
data\val\real\000000038829.jpg,0,real,jitter_20pct,0.049055,0,1
data\val\real\000000039405.jpg,0,real,jitter_20pct,0.009981,0,1
data\val\real\000000039477.jpg,0,real,jitter_20pct,0.795594,1,0
data\val\real\000000039480.jpg,0,real,jitter_20pct,0.086410,0,1
data\val\real\000000039484.jpg,0,real,jitter_20pct,0.438499,0,1
data\val\real\000000039551.jpg,0,real,jitter_20pct,0.674489,1,0
data\val\real\000000039670.jpg,0,real,jitter_20pct,0.288229,0,1
data\val\real\000000039769.jpg,0,real,jitter_20pct,0.000874,0,1
data\val\real\000000039785.jpg,0,real,jitter_20pct,0.123459,0,1
data\val\real\000000039914.jpg,0,real,jitter_20pct,0.002322,0,1
data\val\real\000000039951.jpg,0,real,jitter_20pct,0.045189,0,1
data\val\real\000000039956.jpg,0,real,jitter_20pct,0.856334,1,0
data\val\real\000000040036.jpg,0,real,jitter_20pct,0.077497,0,1
data\val\real\000000040083.jpg,0,real,jitter_20pct,0.011734,0,1
data\val\real\000000040471.jpg,0,real,jitter_20pct,0.163719,0,1
data\val\real\000000040757.jpg,0,real,jitter_20pct,0.027501,0,1
data\val\real\000000041488.jpg,0,real,jitter_20pct,0.407437,0,1
data\val\real\000000041633.jpg,0,real,jitter_20pct,0.281066,0,1
data\val\real\000000041635.jpg,0,real,jitter_20pct,0.084137,0,1
data\val\real\000000041872.jpg,0,real,jitter_20pct,0.812175,1,0
data\val\real\000000041888.jpg,0,real,jitter_20pct,0.013354,0,1
data\val\real\000000041990.jpg,0,real,jitter_20pct,0.003008,0,1
data\val\real\000000042070.jpg,0,real,jitter_20pct,0.530668,1,0
data\val\real\000000042102.jpg,0,real,jitter_20pct,0.011141,0,1
data\val\real\000000042178.jpg,0,real,jitter_20pct,0.890068,1,0
data\val\real\000000042276.jpg,0,real,jitter_20pct,0.049090,0,1
data\val\real\000000042296.jpg,0,real,jitter_20pct,0.016987,0,1
data\val\real\000000042528.jpg,0,real,jitter_20pct,0.013473,0,1
data\val\real\000000042563.jpg,0,real,jitter_20pct,0.159564,0,1
data\val\real\000000042628.jpg,0,real,jitter_20pct,0.009972,0,1
data\val\real\000000042888.jpg,0,real,jitter_20pct,0.017161,0,1
data\val\real\000000042889.jpg,0,real,jitter_20pct,0.003493,0,1
data\val\real\000000043314.jpg,0,real,jitter_20pct,0.029813,0,1
data\val\real\000000043435.jpg,0,real,jitter_20pct,0.216382,0,1
data\val\real\000000043581.jpg,0,real,jitter_20pct,0.169160,0,1
data\val\real\000000043737.jpg,0,real,jitter_20pct,0.377736,0,1
data\val\real\000000043816.jpg,0,real,jitter_20pct,0.020055,0,1
data\val\real\000000044068.jpg,0,real,jitter_20pct,0.010523,0,1
data\val\real\000000044195.jpg,0,real,jitter_20pct,0.153740,0,1
data\val\real\000000044260.jpg,0,real,jitter_20pct,0.715101,1,0
data\val\real\000000044279.jpg,0,real,jitter_20pct,0.303919,0,1
data\val\real\000000044590.jpg,0,real,jitter_20pct,0.056668,0,1
data\val\real\000000044652.jpg,0,real,jitter_20pct,0.062491,0,1
data\val\real\000000044699.jpg,0,real,jitter_20pct,0.131065,0,1
data\val\real\000000044877.jpg,0,real,jitter_20pct,0.097592,0,1
data\val\real\000000045070.jpg,0,real,jitter_20pct,0.053340,0,1
data\val\real\000000045090.jpg,0,real,jitter_20pct,0.084419,0,1
data\val\real\000000045229.jpg,0,real,jitter_20pct,0.980207,1,0
data\val\real\000000045472.jpg,0,real,jitter_20pct,0.036435,0,1
data\val\real\000000045550.jpg,0,real,jitter_20pct,0.002336,0,1
data\val\real\000000045596.jpg,0,real,jitter_20pct,0.204956,0,1
data\val\real\000000045728.jpg,0,real,jitter_20pct,0.049068,0,1
data\val\real\000000046031.jpg,0,real,jitter_20pct,0.349382,0,1
data\val\real\000000046048.jpg,0,real,jitter_20pct,0.061324,0,1
data\val\real\000000046252.jpg,0,real,jitter_20pct,0.363179,0,1
data\val\real\000000046378.jpg,0,real,jitter_20pct,0.006769,0,1
data\val\real\000000046463.jpg,0,real,jitter_20pct,0.007519,0,1
data\val\real\000000046497.jpg,0,real,jitter_20pct,0.005072,0,1
data\val\real\000000046804.jpg,0,real,jitter_20pct,0.012736,0,1
data\val\real\000000046872.jpg,0,real,jitter_20pct,0.644987,1,0
data\val\real\000000047010.jpg,0,real,jitter_20pct,0.372727,0,1
data\val\real\000000047112.jpg,0,real,jitter_20pct,0.118692,0,1
data\val\real\000000047121.jpg,0,real,jitter_20pct,0.005352,0,1
data\val\real\000000047571.jpg,0,real,jitter_20pct,0.107608,0,1
data\val\real\000000047585.jpg,0,real,jitter_20pct,0.001774,0,1
data\val\real\000000047740.jpg,0,real,jitter_20pct,0.003688,0,1
data\val\real\000000047769.jpg,0,real,jitter_20pct,0.413938,0,1
data\val\real\000000047801.jpg,0,real,jitter_20pct,0.009712,0,1
data\val\real\000000047819.jpg,0,real,jitter_20pct,0.007051,0,1
data\val\real\000000047828.jpg,0,real,jitter_20pct,0.405621,0,1
data\val\real\000000048153.jpg,0,real,jitter_20pct,0.049715,0,1
data\val\real\000000048396.jpg,0,real,jitter_20pct,0.001078,0,1
data\val\real\000000048504.jpg,0,real,jitter_20pct,0.649305,1,0
data\val\real\000000048555.jpg,0,real,jitter_20pct,0.652714,1,0
data\val\real\000000048564.jpg,0,real,jitter_20pct,0.005337,0,1
data\val\real\000000048924.jpg,0,real,jitter_20pct,0.975326,1,0
data\val\real\000000049060.jpg,0,real,jitter_20pct,0.003396,0,1
data\val\real\000000049091.jpg,0,real,jitter_20pct,0.331449,0,1
data\val\real\000000049259.jpg,0,real,jitter_20pct,0.035138,0,1
data\val\real\000000049269.jpg,0,real,jitter_20pct,0.205680,0,1
data\val\real\000000049759.jpg,0,real,jitter_20pct,0.216245,0,1
data\val\real\000000049761.jpg,0,real,jitter_20pct,0.017891,0,1
data\val\real\000000049810.jpg,0,real,jitter_20pct,0.089669,0,1
data\val\real\000000050006.jpg,0,real,jitter_20pct,0.232035,0,1
data\val\real\000000050145.jpg,0,real,jitter_20pct,0.008999,0,1
data\val\real\000000050149.jpg,0,real,jitter_20pct,0.019275,0,1
data\val\real\000000050165.jpg,0,real,jitter_20pct,0.526238,1,0
data\val\real\000000050326.jpg,0,real,jitter_20pct,0.002255,0,1
data\val\real\000000050331.jpg,0,real,jitter_20pct,0.041268,0,1
data\val\real\000000050380.jpg,0,real,jitter_20pct,0.037668,0,1
data\val\real\000000050638.jpg,0,real,jitter_20pct,0.637757,1,0
data\val\real\000000050679.jpg,0,real,jitter_20pct,0.865535,1,0
data\val\real\000000050811.jpg,0,real,jitter_20pct,0.000866,0,1
data\val\real\000000050828.jpg,0,real,jitter_20pct,0.301651,0,1
data\val\real\000000050844.jpg,0,real,jitter_20pct,0.062419,0,1
data\val\real\000000050896.jpg,0,real,jitter_20pct,0.313982,0,1
data\val\real\000000050943.jpg,0,real,jitter_20pct,0.116011,0,1
data\val\real\000000051008.jpg,0,real,jitter_20pct,0.003159,0,1
data\val\real\000000051309.jpg,0,real,jitter_20pct,0.106542,0,1
data\val\real\000000051314.jpg,0,real,jitter_20pct,0.152249,0,1
data\val\real\000000051326.jpg,0,real,jitter_20pct,0.051901,0,1
data\val\real\000000051598.jpg,0,real,jitter_20pct,0.040204,0,1
data\val\real\000000051610.jpg,0,real,jitter_20pct,0.317047,0,1
data\val\real\000000051712.jpg,0,real,jitter_20pct,0.570263,1,0
data\val\real\000000051738.jpg,0,real,jitter_20pct,0.452364,0,1
data\val\real\000000051938.jpg,0,real,jitter_20pct,0.087949,0,1
data\val\real\000000051961.jpg,0,real,jitter_20pct,0.071965,0,1
data\val\real\000000051976.jpg,0,real,jitter_20pct,0.099524,0,1
data\val\real\000000052007.jpg,0,real,jitter_20pct,0.364166,0,1
data\val\real\000000052017.jpg,0,real,jitter_20pct,0.346680,0,1
data\val\real\000000052412.jpg,0,real,jitter_20pct,0.236284,0,1
data\val\real\000000052413.jpg,0,real,jitter_20pct,0.002854,0,1
data\val\real\000000052462.jpg,0,real,jitter_20pct,0.418505,0,1
data\val\real\000000052507.jpg,0,real,jitter_20pct,0.081376,0,1
data\val\real\000000052565.jpg,0,real,jitter_20pct,0.097187,0,1
data\val\real\000000052591.jpg,0,real,jitter_20pct,0.125580,0,1
data\val\real\000000052891.jpg,0,real,jitter_20pct,0.079101,0,1
data\val\real\000000052996.jpg,0,real,jitter_20pct,0.039975,0,1
data\val\real\000000053505.jpg,0,real,jitter_20pct,0.309838,0,1
data\val\real\000000053529.jpg,0,real,jitter_20pct,0.041119,0,1
data\val\real\000000053624.jpg,0,real,jitter_20pct,0.026799,0,1
data\val\real\000000053626.jpg,0,real,jitter_20pct,0.002409,0,1
data\val\real\000000053909.jpg,0,real,jitter_20pct,0.080123,0,1
data\val\real\000000053994.jpg,0,real,jitter_20pct,0.572758,1,0
data\val\real\000000054123.jpg,0,real,jitter_20pct,0.177119,0,1
data\val\real\000000054164.jpg,0,real,jitter_20pct,0.144181,0,1
data\val\real\000000054592.jpg,0,real,jitter_20pct,0.414324,0,1
data\val\real\000000054593.jpg,0,real,jitter_20pct,0.077320,0,1
data\val\real\000000054605.jpg,0,real,jitter_20pct,0.042000,0,1
data\val\real\000000054628.jpg,0,real,jitter_20pct,0.034811,0,1
data\val\real\000000054654.jpg,0,real,jitter_20pct,0.006050,0,1
data\val\real\000000054931.jpg,0,real,jitter_20pct,0.767120,1,0
data\val\real\000000054967.jpg,0,real,jitter_20pct,0.737189,1,0
data\val\real\000000055002.jpg,0,real,jitter_20pct,0.090147,0,1
data\val\real\000000055022.jpg,0,real,jitter_20pct,0.118939,0,1
data\val\real\000000055072.jpg,0,real,jitter_20pct,0.316717,0,1
data\val\real\000000055150.jpg,0,real,jitter_20pct,0.024977,0,1
data\val\real\000000055167.jpg,0,real,jitter_20pct,0.010400,0,1
data\val\real\000000055299.jpg,0,real,jitter_20pct,0.155627,0,1
data\val\real\000000055528.jpg,0,real,jitter_20pct,0.005718,0,1
data\val\real\000000055950.jpg,0,real,jitter_20pct,0.037122,0,1
data\val\real\000000056127.jpg,0,real,jitter_20pct,0.448271,0,1
data\val\real\000000056288.jpg,0,real,jitter_20pct,0.075586,0,1
data\val\real\000000056344.jpg,0,real,jitter_20pct,0.420901,0,1
data\val\real\000000056350.jpg,0,real,jitter_20pct,0.201719,0,1
data\val\real\000000056545.jpg,0,real,jitter_20pct,0.008655,0,1
data\val\ai\ai_000001.png,1,ai,jitter_20pct,0.991930,1,1
data\val\ai\ai_000002.png,1,ai,jitter_20pct,0.994265,1,1
data\val\ai\ai_000003.png,1,ai,jitter_20pct,0.991504,1,1
data\val\ai\ai_000004.png,1,ai,jitter_20pct,0.983305,1,1
data\val\ai\ai_000005.png,1,ai,jitter_20pct,0.991238,1,1
data\val\ai\ai_000006.png,1,ai,jitter_20pct,0.983674,1,1
data\val\ai\ai_000007.png,1,ai,jitter_20pct,0.985242,1,1
data\val\ai\ai_000008.png,1,ai,jitter_20pct,0.964286,1,1
data\val\ai\ai_000009.png,1,ai,jitter_20pct,0.957749,1,1
data\val\ai\ai_000010.png,1,ai,jitter_20pct,0.983860,1,1
data\val\ai\ai_000011.png,1,ai,jitter_20pct,0.993822,1,1
data\val\ai\ai_000012.png,1,ai,jitter_20pct,0.995667,1,1
data\val\ai\ai_000013.png,1,ai,jitter_20pct,0.995003,1,1
data\val\ai\ai_000014.png,1,ai,jitter_20pct,0.998349,1,1
data\val\ai\ai_000015.png,1,ai,jitter_20pct,0.995194,1,1
data\val\ai\ai_000016.png,1,ai,jitter_20pct,0.973558,1,1
data\val\ai\ai_000017.png,1,ai,jitter_20pct,0.981598,1,1
data\val\ai\ai_000018.png,1,ai,jitter_20pct,0.994792,1,1
data\val\ai\ai_000019.png,1,ai,jitter_20pct,0.900528,1,1
data\val\ai\ai_000020.png,1,ai,jitter_20pct,0.933923,1,1
data\val\ai\ai_000021.png,1,ai,jitter_20pct,0.998731,1,1
data\val\ai\ai_000022.png,1,ai,jitter_20pct,0.619518,1,1
data\val\ai\ai_000023.png,1,ai,jitter_20pct,0.955452,1,1
data\val\ai\ai_000024.png,1,ai,jitter_20pct,0.967899,1,1
data\val\ai\ai_000025.png,1,ai,jitter_20pct,0.993072,1,1
data\val\ai\ai_000026.png,1,ai,jitter_20pct,0.825804,1,1
data\val\ai\ai_000027.png,1,ai,jitter_20pct,0.962576,1,1
data\val\ai\ai_000028.png,1,ai,jitter_20pct,0.998085,1,1
data\val\ai\ai_000029.png,1,ai,jitter_20pct,0.996392,1,1
data\val\ai\ai_000030.png,1,ai,jitter_20pct,0.943155,1,1
data\val\ai\ai_000031.png,1,ai,jitter_20pct,0.926132,1,1
data\val\ai\ai_000032.png,1,ai,jitter_20pct,0.987212,1,1
data\val\ai\ai_000033.png,1,ai,jitter_20pct,0.996700,1,1
data\val\ai\ai_000034.png,1,ai,jitter_20pct,0.996581,1,1
data\val\ai\ai_000035.png,1,ai,jitter_20pct,0.997149,1,1
data\val\ai\ai_000036.png,1,ai,jitter_20pct,0.997165,1,1
data\val\ai\ai_000037.png,1,ai,jitter_20pct,0.992271,1,1
data\val\ai\ai_000038.png,1,ai,jitter_20pct,0.985719,1,1
data\val\ai\ai_000039.png,1,ai,jitter_20pct,0.993342,1,1
data\val\ai\ai_000040.png,1,ai,jitter_20pct,0.863222,1,1
data\val\ai\ai_000041.png,1,ai,jitter_20pct,0.999913,1,1
data\val\ai\ai_000042.png,1,ai,jitter_20pct,0.999154,1,1
data\val\ai\ai_000043.png,1,ai,jitter_20pct,0.999760,1,1
data\val\ai\ai_000044.png,1,ai,jitter_20pct,0.855351,1,1
data\val\ai\ai_000045.png,1,ai,jitter_20pct,0.999036,1,1
data\val\ai\ai_000046.png,1,ai,jitter_20pct,0.928739,1,1
data\val\ai\ai_000047.png,1,ai,jitter_20pct,0.993742,1,1
data\val\ai\ai_000048.png,1,ai,jitter_20pct,0.950382,1,1
data\val\ai\ai_000049.png,1,ai,jitter_20pct,0.997972,1,1
data\val\ai\ai_000050.png,1,ai,jitter_20pct,0.985533,1,1
data\val\ai\ai_000051.png,1,ai,jitter_20pct,0.996811,1,1
data\val\ai\ai_000052.png,1,ai,jitter_20pct,0.999001,1,1
data\val\ai\ai_000053.png,1,ai,jitter_20pct,0.989726,1,1
data\val\ai\ai_000054.png,1,ai,jitter_20pct,0.990655,1,1
data\val\ai\ai_000055.png,1,ai,jitter_20pct,0.880994,1,1
data\val\ai\ai_000056.png,1,ai,jitter_20pct,0.970983,1,1
data\val\ai\ai_000057.png,1,ai,jitter_20pct,0.990632,1,1
data\val\ai\ai_000058.png,1,ai,jitter_20pct,0.637376,1,1
data\val\ai\ai_000059.png,1,ai,jitter_20pct,0.941868,1,1
data\val\ai\ai_000060.png,1,ai,jitter_20pct,0.796684,1,1
data\val\ai\ai_000061.png,1,ai,jitter_20pct,0.988814,1,1
data\val\ai\ai_000062.png,1,ai,jitter_20pct,0.993193,1,1
data\val\ai\ai_000063.png,1,ai,jitter_20pct,0.997031,1,1
data\val\ai\ai_000064.png,1,ai,jitter_20pct,0.857811,1,1
data\val\ai\ai_000065.png,1,ai,jitter_20pct,0.993106,1,1
data\val\ai\ai_000066.png,1,ai,jitter_20pct,0.967714,1,1
data\val\ai\ai_000067.png,1,ai,jitter_20pct,0.998797,1,1
data\val\ai\ai_000068.png,1,ai,jitter_20pct,0.872284,1,1
data\val\ai\ai_000069.png,1,ai,jitter_20pct,0.998954,1,1
data\val\ai\ai_000070.png,1,ai,jitter_20pct,0.975359,1,1
data\val\ai\ai_000071.png,1,ai,jitter_20pct,0.999519,1,1
data\val\ai\ai_000072.png,1,ai,jitter_20pct,0.956412,1,1
data\val\ai\ai_000073.png,1,ai,jitter_20pct,0.999229,1,1
data\val\ai\ai_000074.png,1,ai,jitter_20pct,0.997323,1,1
data\val\ai\ai_000075.png,1,ai,jitter_20pct,0.998527,1,1
data\val\ai\ai_000076.png,1,ai,jitter_20pct,0.992710,1,1
data\val\ai\ai_000077.png,1,ai,jitter_20pct,0.989759,1,1
data\val\ai\ai_000078.png,1,ai,jitter_20pct,0.351619,0,0
data\val\ai\ai_000079.png,1,ai,jitter_20pct,0.916599,1,1
data\val\ai\ai_000080.png,1,ai,jitter_20pct,0.879349,1,1
data\val\ai\ai_000081.png,1,ai,jitter_20pct,0.999520,1,1
data\val\ai\ai_000082.png,1,ai,jitter_20pct,0.999229,1,1
data\val\ai\ai_000083.png,1,ai,jitter_20pct,0.995440,1,1
data\val\ai\ai_000084.png,1,ai,jitter_20pct,0.994337,1,1
data\val\ai\ai_000085.png,1,ai,jitter_20pct,0.981914,1,1
data\val\ai\ai_000086.png,1,ai,jitter_20pct,0.821939,1,1
data\val\ai\ai_000087.png,1,ai,jitter_20pct,0.996693,1,1
data\val\ai\ai_000088.png,1,ai,jitter_20pct,0.946342,1,1
data\val\ai\ai_000089.png,1,ai,jitter_20pct,0.992711,1,1
data\val\ai\ai_000090.png,1,ai,jitter_20pct,0.911538,1,1
data\val\ai\ai_000091.png,1,ai,jitter_20pct,0.966563,1,1
data\val\ai\ai_000092.png,1,ai,jitter_20pct,0.998383,1,1
data\val\ai\ai_000093.png,1,ai,jitter_20pct,0.998348,1,1
data\val\ai\ai_000094.png,1,ai,jitter_20pct,0.999444,1,1
data\val\ai\ai_000095.png,1,ai,jitter_20pct,0.993875,1,1
data\val\ai\ai_000096.png,1,ai,jitter_20pct,0.992533,1,1
data\val\ai\ai_000097.png,1,ai,jitter_20pct,0.576139,1,1
data\val\ai\ai_000098.png,1,ai,jitter_20pct,0.963429,1,1
data\val\ai\ai_000099.png,1,ai,jitter_20pct,0.644910,1,1
data\val\ai\ai_000100.png,1,ai,jitter_20pct,0.979049,1,1
data\val\ai\ai_000101.png,1,ai,jitter_20pct,0.995933,1,1
data\val\ai\ai_000102.png,1,ai,jitter_20pct,0.762567,1,1
data\val\ai\ai_000103.png,1,ai,jitter_20pct,0.989526,1,1
data\val\ai\ai_000104.png,1,ai,jitter_20pct,0.996849,1,1
data\val\ai\ai_000105.png,1,ai,jitter_20pct,0.448876,0,0
data\val\ai\ai_000106.png,1,ai,jitter_20pct,0.980650,1,1
data\val\ai\ai_000107.png,1,ai,jitter_20pct,0.984440,1,1
data\val\ai\ai_000108.png,1,ai,jitter_20pct,0.994868,1,1
data\val\ai\ai_000109.png,1,ai,jitter_20pct,0.999853,1,1
data\val\ai\ai_000110.png,1,ai,jitter_20pct,0.984678,1,1
data\val\ai\ai_000111.png,1,ai,jitter_20pct,0.977067,1,1
data\val\ai\ai_000112.png,1,ai,jitter_20pct,0.935265,1,1
data\val\ai\ai_000113.png,1,ai,jitter_20pct,0.994943,1,1
data\val\ai\ai_000114.png,1,ai,jitter_20pct,0.996113,1,1
data\val\ai\ai_000115.png,1,ai,jitter_20pct,0.980937,1,1
data\val\ai\ai_000116.png,1,ai,jitter_20pct,0.970190,1,1
data\val\ai\ai_000117.png,1,ai,jitter_20pct,0.986502,1,1
data\val\ai\ai_000118.png,1,ai,jitter_20pct,0.998868,1,1
data\val\ai\ai_000119.png,1,ai,jitter_20pct,0.988400,1,1
data\val\ai\ai_000120.png,1,ai,jitter_20pct,0.866467,1,1
data\val\ai\ai_000121.png,1,ai,jitter_20pct,0.998554,1,1
data\val\ai\ai_000122.png,1,ai,jitter_20pct,0.985974,1,1
data\val\ai\ai_000123.png,1,ai,jitter_20pct,0.982802,1,1
data\val\ai\ai_000124.png,1,ai,jitter_20pct,0.940577,1,1
data\val\ai\ai_000125.png,1,ai,jitter_20pct,0.998967,1,1
data\val\ai\ai_000126.png,1,ai,jitter_20pct,0.989145,1,1
data\val\ai\ai_000127.png,1,ai,jitter_20pct,0.994995,1,1
data\val\ai\ai_000128.png,1,ai,jitter_20pct,0.993804,1,1
data\val\ai\ai_000129.png,1,ai,jitter_20pct,0.978163,1,1
data\val\ai\ai_000130.png,1,ai,jitter_20pct,0.745002,1,1
data\val\ai\ai_000131.png,1,ai,jitter_20pct,0.992606,1,1
data\val\ai\ai_000132.png,1,ai,jitter_20pct,0.991500,1,1
data\val\ai\ai_000133.png,1,ai,jitter_20pct,0.999567,1,1
data\val\ai\ai_000134.png,1,ai,jitter_20pct,0.998368,1,1
data\val\ai\ai_000135.png,1,ai,jitter_20pct,0.997630,1,1
data\val\ai\ai_000136.png,1,ai,jitter_20pct,0.844384,1,1
data\val\ai\ai_000137.png,1,ai,jitter_20pct,0.867689,1,1
data\val\ai\ai_000138.png,1,ai,jitter_20pct,0.963658,1,1
data\val\ai\ai_000139.png,1,ai,jitter_20pct,0.997579,1,1
data\val\ai\ai_000140.png,1,ai,jitter_20pct,0.919850,1,1
data\val\ai\ai_000141.png,1,ai,jitter_20pct,0.999704,1,1
data\val\ai\ai_000142.png,1,ai,jitter_20pct,0.977972,1,1
data\val\ai\ai_000143.png,1,ai,jitter_20pct,0.997866,1,1
data\val\ai\ai_000144.png,1,ai,jitter_20pct,0.995443,1,1
data\val\ai\ai_000145.png,1,ai,jitter_20pct,0.997030,1,1
data\val\ai\ai_000146.png,1,ai,jitter_20pct,0.994826,1,1
data\val\ai\ai_000147.png,1,ai,jitter_20pct,0.970181,1,1
data\val\ai\ai_000148.png,1,ai,jitter_20pct,0.165964,0,0
data\val\ai\ai_000149.png,1,ai,jitter_20pct,0.997920,1,1
data\val\ai\ai_000150.png,1,ai,jitter_20pct,0.891916,1,1
data\val\ai\ai_000151.png,1,ai,jitter_20pct,0.907511,1,1
data\val\ai\ai_000152.png,1,ai,jitter_20pct,0.970495,1,1
data\val\ai\ai_000153.png,1,ai,jitter_20pct,0.998862,1,1
data\val\ai\ai_000154.png,1,ai,jitter_20pct,0.995760,1,1
data\val\ai\ai_000155.png,1,ai,jitter_20pct,0.994474,1,1
data\val\ai\ai_000156.png,1,ai,jitter_20pct,0.736509,1,1
data\val\ai\ai_000157.png,1,ai,jitter_20pct,0.990405,1,1
data\val\ai\ai_000158.png,1,ai,jitter_20pct,0.537615,1,1
data\val\ai\ai_000159.png,1,ai,jitter_20pct,0.999592,1,1
data\val\ai\ai_000160.png,1,ai,jitter_20pct,0.259701,0,0
data\val\ai\ai_000161.png,1,ai,jitter_20pct,0.996333,1,1
data\val\ai\ai_000162.png,1,ai,jitter_20pct,0.996547,1,1
data\val\ai\ai_000163.png,1,ai,jitter_20pct,0.999553,1,1
data\val\ai\ai_000164.png,1,ai,jitter_20pct,0.999509,1,1
data\val\ai\ai_000165.png,1,ai,jitter_20pct,0.999840,1,1
data\val\ai\ai_000166.png,1,ai,jitter_20pct,0.988074,1,1
data\val\ai\ai_000167.png,1,ai,jitter_20pct,0.975289,1,1
data\val\ai\ai_000168.png,1,ai,jitter_20pct,0.609659,1,1
data\val\ai\ai_000169.png,1,ai,jitter_20pct,0.995938,1,1
data\val\ai\ai_000170.png,1,ai,jitter_20pct,0.990993,1,1
data\val\ai\ai_000171.png,1,ai,jitter_20pct,0.987963,1,1
data\val\ai\ai_000172.png,1,ai,jitter_20pct,0.992309,1,1
data\val\ai\ai_000173.png,1,ai,jitter_20pct,0.993026,1,1
data\val\ai\ai_000174.png,1,ai,jitter_20pct,0.999902,1,1
data\val\ai\ai_000175.png,1,ai,jitter_20pct,0.995313,1,1
data\val\ai\ai_000176.png,1,ai,jitter_20pct,0.992328,1,1
data\val\ai\ai_000177.png,1,ai,jitter_20pct,0.985403,1,1
data\val\ai\ai_000178.png,1,ai,jitter_20pct,0.755529,1,1
data\val\ai\ai_000179.png,1,ai,jitter_20pct,0.999556,1,1
data\val\ai\ai_000180.png,1,ai,jitter_20pct,0.965462,1,1
data\val\ai\ai_000181.png,1,ai,jitter_20pct,0.990428,1,1
data\val\ai\ai_000182.png,1,ai,jitter_20pct,0.921877,1,1
data\val\ai\ai_000183.png,1,ai,jitter_20pct,0.992577,1,1
data\val\ai\ai_000184.png,1,ai,jitter_20pct,0.996893,1,1
data\val\ai\ai_000185.png,1,ai,jitter_20pct,0.997935,1,1
data\val\ai\ai_000186.png,1,ai,jitter_20pct,0.890787,1,1
data\val\ai\ai_000187.png,1,ai,jitter_20pct,0.984655,1,1
data\val\ai\ai_000188.png,1,ai,jitter_20pct,0.776155,1,1
data\val\ai\ai_000189.png,1,ai,jitter_20pct,0.997921,1,1
data\val\ai\ai_000190.png,1,ai,jitter_20pct,0.975832,1,1
data\val\ai\ai_000191.png,1,ai,jitter_20pct,0.936923,1,1
data\val\ai\ai_000192.png,1,ai,jitter_20pct,0.997768,1,1
data\val\ai\ai_000193.png,1,ai,jitter_20pct,0.999795,1,1
data\val\ai\ai_000194.png,1,ai,jitter_20pct,0.994600,1,1
data\val\ai\ai_000195.png,1,ai,jitter_20pct,0.996799,1,1
data\val\ai\ai_000196.png,1,ai,jitter_20pct,0.998756,1,1
data\val\ai\ai_000197.png,1,ai,jitter_20pct,0.979870,1,1
data\val\ai\ai_000198.png,1,ai,jitter_20pct,0.987557,1,1
data\val\ai\ai_000199.png,1,ai,jitter_20pct,0.983193,1,1
data\val\ai\ai_000200.png,1,ai,jitter_20pct,0.974051,1,1
data\val\ai\ai_000201.png,1,ai,jitter_20pct,0.970677,1,1
data\val\ai\ai_000202.png,1,ai,jitter_20pct,0.908775,1,1
data\val\ai\ai_000203.png,1,ai,jitter_20pct,0.999129,1,1
data\val\ai\ai_000204.png,1,ai,jitter_20pct,0.998870,1,1
data\val\ai\ai_000205.png,1,ai,jitter_20pct,0.954481,1,1
data\val\ai\ai_000206.png,1,ai,jitter_20pct,0.999179,1,1
data\val\ai\ai_000207.png,1,ai,jitter_20pct,0.997918,1,1
data\val\ai\ai_000208.png,1,ai,jitter_20pct,0.946257,1,1
data\val\ai\ai_000209.png,1,ai,jitter_20pct,0.996570,1,1
data\val\ai\ai_000210.png,1,ai,jitter_20pct,0.926209,1,1
data\val\ai\ai_000211.png,1,ai,jitter_20pct,0.999282,1,1
data\val\ai\ai_000212.png,1,ai,jitter_20pct,0.998794,1,1
data\val\ai\ai_000213.png,1,ai,jitter_20pct,0.983846,1,1
data\val\ai\ai_000214.png,1,ai,jitter_20pct,0.999795,1,1
data\val\ai\ai_000215.png,1,ai,jitter_20pct,0.975580,1,1
data\val\ai\ai_000216.png,1,ai,jitter_20pct,0.887347,1,1
data\val\ai\ai_000217.png,1,ai,jitter_20pct,0.959418,1,1
data\val\ai\ai_000218.png,1,ai,jitter_20pct,0.872166,1,1
data\val\ai\ai_000219.png,1,ai,jitter_20pct,0.994016,1,1
data\val\ai\ai_000220.png,1,ai,jitter_20pct,0.568739,1,1
data\val\ai\ai_000221.png,1,ai,jitter_20pct,0.994595,1,1
data\val\ai\ai_000222.png,1,ai,jitter_20pct,0.975966,1,1
data\val\ai\ai_000223.png,1,ai,jitter_20pct,0.998295,1,1
data\val\ai\ai_000224.png,1,ai,jitter_20pct,0.991263,1,1
data\val\ai\ai_000225.png,1,ai,jitter_20pct,0.995194,1,1
data\val\ai\ai_000226.png,1,ai,jitter_20pct,0.983470,1,1
data\val\ai\ai_000227.png,1,ai,jitter_20pct,0.925226,1,1
data\val\ai\ai_000228.png,1,ai,jitter_20pct,0.116399,0,0
data\val\ai\ai_000229.png,1,ai,jitter_20pct,0.997612,1,1
data\val\ai\ai_000230.png,1,ai,jitter_20pct,0.975098,1,1
data\val\ai\ai_000231.png,1,ai,jitter_20pct,0.999367,1,1
data\val\ai\ai_000232.png,1,ai,jitter_20pct,0.975810,1,1
data\val\ai\ai_000233.png,1,ai,jitter_20pct,0.966887,1,1
data\val\ai\ai_000234.png,1,ai,jitter_20pct,0.999732,1,1
data\val\ai\ai_000235.png,1,ai,jitter_20pct,0.998796,1,1
data\val\ai\ai_000236.png,1,ai,jitter_20pct,0.915063,1,1
data\val\ai\ai_000237.png,1,ai,jitter_20pct,0.927350,1,1
data\val\ai\ai_000238.png,1,ai,jitter_20pct,0.929903,1,1
data\val\ai\ai_000239.png,1,ai,jitter_20pct,0.924292,1,1
data\val\ai\ai_000240.png,1,ai,jitter_20pct,0.846922,1,1
data\val\ai\ai_000241.png,1,ai,jitter_20pct,0.983095,1,1
data\val\ai\ai_000242.png,1,ai,jitter_20pct,0.999362,1,1
data\val\ai\ai_000243.png,1,ai,jitter_20pct,0.993730,1,1
data\val\ai\ai_000244.png,1,ai,jitter_20pct,0.998035,1,1
data\val\ai\ai_000245.png,1,ai,jitter_20pct,0.909501,1,1
data\val\ai\ai_000246.png,1,ai,jitter_20pct,0.999012,1,1
data\val\ai\ai_000247.png,1,ai,jitter_20pct,0.969263,1,1
data\val\ai\ai_000248.png,1,ai,jitter_20pct,0.986937,1,1
data\val\ai\ai_000249.png,1,ai,jitter_20pct,0.999662,1,1
data\val\ai\ai_000250.png,1,ai,jitter_20pct,0.553704,1,1
data\val\ai\ai_000251.png,1,ai,jitter_20pct,0.992982,1,1
data\val\ai\ai_000252.png,1,ai,jitter_20pct,0.996559,1,1
data\val\ai\ai_000253.png,1,ai,jitter_20pct,0.998563,1,1
data\val\ai\ai_000254.png,1,ai,jitter_20pct,0.953852,1,1
data\val\ai\ai_000255.png,1,ai,jitter_20pct,0.858946,1,1
data\val\ai\ai_000256.png,1,ai,jitter_20pct,0.774440,1,1
data\val\ai\ai_000257.png,1,ai,jitter_20pct,0.994402,1,1
data\val\ai\ai_000258.png,1,ai,jitter_20pct,0.901203,1,1
data\val\ai\ai_000259.png,1,ai,jitter_20pct,0.999055,1,1
data\val\ai\ai_000260.png,1,ai,jitter_20pct,0.768529,1,1
data\val\ai\ai_000261.png,1,ai,jitter_20pct,0.992708,1,1
data\val\ai\ai_000262.png,1,ai,jitter_20pct,0.998135,1,1
data\val\ai\ai_000263.png,1,ai,jitter_20pct,0.985677,1,1
data\val\ai\ai_000264.png,1,ai,jitter_20pct,0.999863,1,1
data\val\ai\ai_000265.png,1,ai,jitter_20pct,0.993048,1,1
data\val\ai\ai_000266.png,1,ai,jitter_20pct,0.987326,1,1
data\val\ai\ai_000267.png,1,ai,jitter_20pct,0.992929,1,1
data\val\ai\ai_000268.png,1,ai,jitter_20pct,0.885019,1,1
data\val\ai\ai_000269.png,1,ai,jitter_20pct,0.997777,1,1
data\val\ai\ai_000270.png,1,ai,jitter_20pct,0.732248,1,1
data\val\ai\ai_000271.png,1,ai,jitter_20pct,0.995361,1,1
data\val\ai\ai_000272.png,1,ai,jitter_20pct,0.998232,1,1
data\val\ai\ai_000273.png,1,ai,jitter_20pct,0.999015,1,1
data\val\ai\ai_000274.png,1,ai,jitter_20pct,0.997750,1,1
data\val\ai\ai_000275.png,1,ai,jitter_20pct,0.998613,1,1
data\val\ai\ai_000276.png,1,ai,jitter_20pct,0.993248,1,1
data\val\ai\ai_000277.png,1,ai,jitter_20pct,0.972787,1,1
data\val\ai\ai_000278.png,1,ai,jitter_20pct,0.995570,1,1
data\val\ai\ai_000279.png,1,ai,jitter_20pct,0.989626,1,1
data\val\ai\ai_000280.png,1,ai,jitter_20pct,0.889904,1,1
data\val\ai\ai_000281.png,1,ai,jitter_20pct,0.934409,1,1
data\val\ai\ai_000282.png,1,ai,jitter_20pct,0.913633,1,1
data\val\ai\ai_000283.png,1,ai,jitter_20pct,0.996950,1,1
data\val\ai\ai_000284.png,1,ai,jitter_20pct,0.973225,1,1
data\val\ai\ai_000285.png,1,ai,jitter_20pct,0.996063,1,1
data\val\ai\ai_000286.png,1,ai,jitter_20pct,0.995055,1,1
data\val\ai\ai_000287.png,1,ai,jitter_20pct,0.988265,1,1
data\val\ai\ai_000288.png,1,ai,jitter_20pct,0.450705,0,0
data\val\ai\ai_000289.png,1,ai,jitter_20pct,0.993323,1,1
data\val\ai\ai_000290.png,1,ai,jitter_20pct,0.902883,1,1
data\val\ai\ai_000291.png,1,ai,jitter_20pct,0.999113,1,1
data\val\ai\ai_000292.png,1,ai,jitter_20pct,0.995908,1,1
data\val\ai\ai_000293.png,1,ai,jitter_20pct,0.713728,1,1
data\val\ai\ai_000294.png,1,ai,jitter_20pct,0.995685,1,1
data\val\ai\ai_000295.png,1,ai,jitter_20pct,0.984692,1,1
data\val\ai\ai_000296.png,1,ai,jitter_20pct,0.997936,1,1
data\val\ai\ai_000297.png,1,ai,jitter_20pct,0.996995,1,1
data\val\ai\ai_000298.png,1,ai,jitter_20pct,0.990012,1,1
data\val\ai\ai_000299.png,1,ai,jitter_20pct,0.969011,1,1
data\val\ai\ai_000300.png,1,ai,jitter_20pct,0.657776,1,1
data\val\ai\ai_000301.png,1,ai,jitter_20pct,0.948882,1,1
data\val\ai\ai_000302.png,1,ai,jitter_20pct,0.728502,1,1
data\val\ai\ai_000303.png,1,ai,jitter_20pct,0.987382,1,1
data\val\ai\ai_000304.png,1,ai,jitter_20pct,0.991632,1,1
data\val\ai\ai_000305.png,1,ai,jitter_20pct,0.981039,1,1
data\val\ai\ai_000306.png,1,ai,jitter_20pct,0.980356,1,1
data\val\ai\ai_000307.png,1,ai,jitter_20pct,0.986982,1,1
data\val\ai\ai_000308.png,1,ai,jitter_20pct,0.827154,1,1
data\val\ai\ai_000309.png,1,ai,jitter_20pct,0.928904,1,1
data\val\ai\ai_000310.png,1,ai,jitter_20pct,0.952660,1,1
data\val\ai\ai_000311.png,1,ai,jitter_20pct,0.989350,1,1
data\val\ai\ai_000312.png,1,ai,jitter_20pct,0.955409,1,1
data\val\ai\ai_000313.png,1,ai,jitter_20pct,0.825798,1,1
data\val\ai\ai_000314.png,1,ai,jitter_20pct,0.996295,1,1
data\val\ai\ai_000315.png,1,ai,jitter_20pct,0.997871,1,1
data\val\ai\ai_000316.png,1,ai,jitter_20pct,0.997749,1,1
data\val\ai\ai_000317.png,1,ai,jitter_20pct,0.994622,1,1
data\val\ai\ai_000318.png,1,ai,jitter_20pct,0.171538,0,0
data\val\ai\ai_000319.png,1,ai,jitter_20pct,0.917855,1,1
data\val\ai\ai_000320.png,1,ai,jitter_20pct,0.962181,1,1
data\val\ai\ai_000321.png,1,ai,jitter_20pct,0.996876,1,1
data\val\ai\ai_000322.png,1,ai,jitter_20pct,0.943430,1,1
data\val\ai\ai_000323.png,1,ai,jitter_20pct,0.999307,1,1
data\val\ai\ai_000324.png,1,ai,jitter_20pct,0.998571,1,1
data\val\ai\ai_000325.png,1,ai,jitter_20pct,0.993958,1,1
data\val\ai\ai_000326.png,1,ai,jitter_20pct,0.996494,1,1
data\val\ai\ai_000327.png,1,ai,jitter_20pct,0.998658,1,1
data\val\ai\ai_000328.png,1,ai,jitter_20pct,0.819342,1,1
data\val\ai\ai_000329.png,1,ai,jitter_20pct,0.986319,1,1
data\val\ai\ai_000330.png,1,ai,jitter_20pct,0.987498,1,1
data\val\ai\ai_000331.png,1,ai,jitter_20pct,0.987487,1,1
data\val\ai\ai_000332.png,1,ai,jitter_20pct,0.906574,1,1
data\val\ai\ai_000333.png,1,ai,jitter_20pct,0.997617,1,1
data\val\ai\ai_000334.png,1,ai,jitter_20pct,0.980994,1,1
data\val\ai\ai_000335.png,1,ai,jitter_20pct,0.999392,1,1
data\val\ai\ai_000336.png,1,ai,jitter_20pct,0.930327,1,1
data\val\ai\ai_000337.png,1,ai,jitter_20pct,0.999082,1,1
data\val\ai\ai_000338.png,1,ai,jitter_20pct,0.846756,1,1
data\val\ai\ai_000339.png,1,ai,jitter_20pct,0.999451,1,1
data\val\ai\ai_000340.png,1,ai,jitter_20pct,0.963949,1,1
data\val\ai\ai_000341.png,1,ai,jitter_20pct,0.994969,1,1
data\val\ai\ai_000342.png,1,ai,jitter_20pct,0.526649,1,1
data\val\ai\ai_000343.png,1,ai,jitter_20pct,0.998254,1,1
data\val\ai\ai_000344.png,1,ai,jitter_20pct,0.991619,1,1
data\val\ai\ai_000345.png,1,ai,jitter_20pct,0.996906,1,1
data\val\ai\ai_000346.png,1,ai,jitter_20pct,0.998264,1,1
data\val\ai\ai_000347.png,1,ai,jitter_20pct,0.989298,1,1
data\val\ai\ai_000348.png,1,ai,jitter_20pct,0.943693,1,1
data\val\ai\ai_000349.png,1,ai,jitter_20pct,0.996683,1,1
data\val\ai\ai_000350.png,1,ai,jitter_20pct,0.937988,1,1
data\val\ai\ai_000351.png,1,ai,jitter_20pct,0.988359,1,1
data\val\ai\ai_000352.png,1,ai,jitter_20pct,0.897412,1,1
data\val\ai\ai_000353.png,1,ai,jitter_20pct,0.988213,1,1
data\val\ai\ai_000354.png,1,ai,jitter_20pct,0.998492,1,1
data\val\ai\ai_000355.png,1,ai,jitter_20pct,0.992487,1,1
data\val\ai\ai_000356.png,1,ai,jitter_20pct,0.930806,1,1
data\val\ai\ai_000357.png,1,ai,jitter_20pct,0.981911,1,1
data\val\ai\ai_000358.png,1,ai,jitter_20pct,0.276281,0,0
data\val\ai\ai_000359.png,1,ai,jitter_20pct,0.993510,1,1
data\val\ai\ai_000360.png,1,ai,jitter_20pct,0.896271,1,1
data\val\ai\ai_000361.png,1,ai,jitter_20pct,0.999345,1,1
data\val\ai\ai_000362.png,1,ai,jitter_20pct,0.848575,1,1
data\val\ai\ai_000363.png,1,ai,jitter_20pct,0.998504,1,1
data\val\ai\ai_000364.png,1,ai,jitter_20pct,0.999681,1,1
data\val\ai\ai_000365.png,1,ai,jitter_20pct,0.918510,1,1
data\val\ai\ai_000366.png,1,ai,jitter_20pct,0.900189,1,1
data\val\ai\ai_000367.png,1,ai,jitter_20pct,0.984220,1,1
data\val\ai\ai_000368.png,1,ai,jitter_20pct,0.575352,1,1
data\val\ai\ai_000369.png,1,ai,jitter_20pct,0.995150,1,1
data\val\ai\ai_000370.png,1,ai,jitter_20pct,0.590388,1,1
data\val\ai\ai_000371.png,1,ai,jitter_20pct,0.993851,1,1
data\val\ai\ai_000372.png,1,ai,jitter_20pct,0.957597,1,1
data\val\ai\ai_000373.png,1,ai,jitter_20pct,0.987917,1,1
data\val\ai\ai_000374.png,1,ai,jitter_20pct,0.999660,1,1
data\val\ai\ai_000375.png,1,ai,jitter_20pct,0.997773,1,1
data\val\ai\ai_000376.png,1,ai,jitter_20pct,0.700502,1,1
data\val\ai\ai_000377.png,1,ai,jitter_20pct,0.865132,1,1
data\val\ai\ai_000378.png,1,ai,jitter_20pct,0.996377,1,1
data\val\ai\ai_000379.png,1,ai,jitter_20pct,0.968431,1,1
data\val\ai\ai_000380.png,1,ai,jitter_20pct,0.930463,1,1
data\val\ai\ai_000381.png,1,ai,jitter_20pct,0.947900,1,1
data\val\ai\ai_000382.png,1,ai,jitter_20pct,0.630075,1,1
data\val\ai\ai_000383.png,1,ai,jitter_20pct,0.994744,1,1
data\val\ai\ai_000384.png,1,ai,jitter_20pct,0.982771,1,1
data\val\ai\ai_000385.png,1,ai,jitter_20pct,0.995791,1,1
data\val\ai\ai_000386.png,1,ai,jitter_20pct,0.970880,1,1
data\val\ai\ai_000387.png,1,ai,jitter_20pct,0.998433,1,1
data\val\ai\ai_000388.png,1,ai,jitter_20pct,0.989083,1,1
data\val\ai\ai_000389.png,1,ai,jitter_20pct,0.985059,1,1
data\val\ai\ai_000390.png,1,ai,jitter_20pct,0.997465,1,1
data\val\ai\ai_000391.png,1,ai,jitter_20pct,0.972272,1,1
data\val\ai\ai_000392.png,1,ai,jitter_20pct,0.923979,1,1
data\val\ai\ai_000393.png,1,ai,jitter_20pct,0.994086,1,1
data\val\ai\ai_000394.png,1,ai,jitter_20pct,0.998620,1,1
data\val\ai\ai_000395.png,1,ai,jitter_20pct,0.982914,1,1
data\val\ai\ai_000396.png,1,ai,jitter_20pct,0.982935,1,1
data\val\ai\ai_000397.png,1,ai,jitter_20pct,0.994966,1,1
data\val\ai\ai_000398.png,1,ai,jitter_20pct,0.921702,1,1
data\val\ai\ai_000399.png,1,ai,jitter_20pct,0.988526,1,1
data\val\ai\ai_000400.png,1,ai,jitter_20pct,0.876056,1,1
data\val\ai\ai_000401.png,1,ai,jitter_20pct,0.993782,1,1
data\val\ai\ai_000402.png,1,ai,jitter_20pct,0.981233,1,1
data\val\ai\ai_000403.png,1,ai,jitter_20pct,0.993985,1,1
data\val\ai\ai_000404.png,1,ai,jitter_20pct,0.993064,1,1
data\val\ai\ai_000405.png,1,ai,jitter_20pct,0.999147,1,1
data\val\ai\ai_000406.png,1,ai,jitter_20pct,0.997688,1,1
data\val\ai\ai_000407.png,1,ai,jitter_20pct,0.899927,1,1
data\val\ai\ai_000408.png,1,ai,jitter_20pct,0.988669,1,1
data\val\ai\ai_000409.png,1,ai,jitter_20pct,0.991290,1,1
data\val\ai\ai_000410.png,1,ai,jitter_20pct,0.944248,1,1
data\val\ai\ai_000411.png,1,ai,jitter_20pct,0.998639,1,1
data\val\ai\ai_000412.png,1,ai,jitter_20pct,0.996731,1,1
data\val\ai\ai_000413.png,1,ai,jitter_20pct,0.994180,1,1
data\val\ai\ai_000414.png,1,ai,jitter_20pct,0.999711,1,1
data\val\ai\ai_000415.png,1,ai,jitter_20pct,0.986679,1,1
data\val\ai\ai_000416.png,1,ai,jitter_20pct,0.936035,1,1
data\val\ai\ai_000417.png,1,ai,jitter_20pct,0.973749,1,1
data\val\ai\ai_000418.png,1,ai,jitter_20pct,0.400596,0,0
data\val\ai\ai_000419.png,1,ai,jitter_20pct,0.980219,1,1
data\val\ai\ai_000420.png,1,ai,jitter_20pct,0.975131,1,1
data\val\ai\ai_000421.png,1,ai,jitter_20pct,0.998388,1,1
data\val\ai\ai_000422.png,1,ai,jitter_20pct,0.403784,0,0
data\val\ai\ai_000423.png,1,ai,jitter_20pct,0.954854,1,1
data\val\ai\ai_000424.png,1,ai,jitter_20pct,0.999680,1,1
data\val\ai\ai_000425.png,1,ai,jitter_20pct,0.964318,1,1
data\val\ai\ai_000426.png,1,ai,jitter_20pct,0.687402,1,1
data\val\ai\ai_000427.png,1,ai,jitter_20pct,0.979585,1,1
data\val\ai\ai_000428.png,1,ai,jitter_20pct,0.980921,1,1
data\val\ai\ai_000429.png,1,ai,jitter_20pct,0.997084,1,1
data\val\ai\ai_000430.png,1,ai,jitter_20pct,0.944710,1,1
data\val\ai\ai_000431.png,1,ai,jitter_20pct,0.954676,1,1
data\val\ai\ai_000432.png,1,ai,jitter_20pct,0.997889,1,1
data\val\ai\ai_000433.png,1,ai,jitter_20pct,0.997792,1,1
data\val\ai\ai_000434.png,1,ai,jitter_20pct,0.977572,1,1
data\val\ai\ai_000435.png,1,ai,jitter_20pct,0.984322,1,1
data\val\ai\ai_000436.png,1,ai,jitter_20pct,0.995323,1,1
data\val\ai\ai_000437.png,1,ai,jitter_20pct,0.967254,1,1
data\val\ai\ai_000438.png,1,ai,jitter_20pct,0.984761,1,1
data\val\ai\ai_000439.png,1,ai,jitter_20pct,0.895945,1,1
data\val\ai\ai_000440.png,1,ai,jitter_20pct,0.954728,1,1
data\val\ai\ai_000441.png,1,ai,jitter_20pct,0.898039,1,1
data\val\ai\ai_000442.png,1,ai,jitter_20pct,0.985340,1,1
data\val\ai\ai_000443.png,1,ai,jitter_20pct,0.995417,1,1
data\val\ai\ai_000444.png,1,ai,jitter_20pct,0.999469,1,1
data\val\ai\ai_000445.png,1,ai,jitter_20pct,0.993499,1,1
data\val\ai\ai_000446.png,1,ai,jitter_20pct,0.989056,1,1
data\val\ai\ai_000447.png,1,ai,jitter_20pct,0.990756,1,1
data\val\ai\ai_000448.png,1,ai,jitter_20pct,0.429200,0,0
data\val\ai\ai_000449.png,1,ai,jitter_20pct,0.999379,1,1
data\val\ai\ai_000450.png,1,ai,jitter_20pct,0.993172,1,1
data\val\ai\ai_000451.png,1,ai,jitter_20pct,0.977640,1,1
data\val\ai\ai_000452.png,1,ai,jitter_20pct,0.931108,1,1
data\val\ai\ai_000453.png,1,ai,jitter_20pct,0.999688,1,1
data\val\ai\ai_000454.png,1,ai,jitter_20pct,0.987999,1,1
data\val\ai\ai_000455.png,1,ai,jitter_20pct,0.995489,1,1
data\val\ai\ai_000456.png,1,ai,jitter_20pct,0.989629,1,1
data\val\ai\ai_000457.png,1,ai,jitter_20pct,0.982040,1,1
data\val\ai\ai_000458.png,1,ai,jitter_20pct,0.952366,1,1
data\val\ai\ai_000459.png,1,ai,jitter_20pct,0.717532,1,1
data\val\ai\ai_000460.png,1,ai,jitter_20pct,0.977984,1,1
data\val\ai\ai_000461.png,1,ai,jitter_20pct,0.943846,1,1
data\val\ai\ai_000462.png,1,ai,jitter_20pct,0.980298,1,1
data\val\ai\ai_000463.png,1,ai,jitter_20pct,0.989657,1,1
data\val\ai\ai_000464.png,1,ai,jitter_20pct,0.992217,1,1
data\val\ai\ai_000465.png,1,ai,jitter_20pct,0.995022,1,1
data\val\ai\ai_000466.png,1,ai,jitter_20pct,0.784018,1,1
data\val\ai\ai_000467.png,1,ai,jitter_20pct,0.989676,1,1
data\val\ai\ai_000468.png,1,ai,jitter_20pct,0.779623,1,1
data\val\ai\ai_000469.png,1,ai,jitter_20pct,0.998842,1,1
data\val\ai\ai_000470.png,1,ai,jitter_20pct,0.684273,1,1
data\val\ai\ai_000471.png,1,ai,jitter_20pct,0.999851,1,1
data\val\ai\ai_000472.png,1,ai,jitter_20pct,0.972157,1,1
data\val\ai\ai_000473.png,1,ai,jitter_20pct,0.944168,1,1
data\val\ai\ai_000474.png,1,ai,jitter_20pct,0.995185,1,1
data\val\ai\ai_000475.png,1,ai,jitter_20pct,0.997905,1,1
data\val\ai\ai_000476.png,1,ai,jitter_20pct,0.923784,1,1
data\val\ai\ai_000477.png,1,ai,jitter_20pct,0.984922,1,1
data\val\ai\ai_000478.png,1,ai,jitter_20pct,0.989965,1,1
data\val\ai\ai_000479.png,1,ai,jitter_20pct,0.964030,1,1
data\val\ai\ai_000480.png,1,ai,jitter_20pct,0.932580,1,1
data\val\ai\ai_000481.png,1,ai,jitter_20pct,0.998679,1,1
data\val\ai\ai_000482.png,1,ai,jitter_20pct,0.880879,1,1
data\val\ai\ai_000483.png,1,ai,jitter_20pct,0.979838,1,1
data\val\ai\ai_000484.png,1,ai,jitter_20pct,0.989166,1,1
data\val\ai\ai_000485.png,1,ai,jitter_20pct,0.980521,1,1
data\val\ai\ai_000486.png,1,ai,jitter_20pct,0.993783,1,1
data\val\ai\ai_000487.png,1,ai,jitter_20pct,0.994371,1,1
data\val\ai\ai_000488.png,1,ai,jitter_20pct,0.601660,1,1
data\val\ai\ai_000489.png,1,ai,jitter_20pct,0.992999,1,1
data\val\ai\ai_000490.png,1,ai,jitter_20pct,0.958705,1,1
data\val\ai\ai_000491.png,1,ai,jitter_20pct,0.989215,1,1
data\val\ai\ai_000492.png,1,ai,jitter_20pct,0.996928,1,1
data\val\ai\ai_000493.png,1,ai,jitter_20pct,0.969282,1,1
data\val\ai\ai_000494.png,1,ai,jitter_20pct,0.997717,1,1
data\val\ai\ai_000495.png,1,ai,jitter_20pct,0.996312,1,1
data\val\ai\ai_000496.png,1,ai,jitter_20pct,0.850064,1,1
data\val\ai\ai_000497.png,1,ai,jitter_20pct,0.992153,1,1
data\val\ai\ai_000498.png,1,ai,jitter_20pct,0.896464,1,1
data\val\ai\ai_000499.png,1,ai,jitter_20pct,0.998612,1,1
data\val\ai\ai_000500.png,1,ai,jitter_20pct,0.896122,1,1
data\val\real\000000000139.jpg,0,real,crop_80pct,0.693024,1,0
data\val\real\000000000285.jpg,0,real,crop_80pct,0.037606,0,1
data\val\real\000000000632.jpg,0,real,crop_80pct,0.820618,1,0
data\val\real\000000000724.jpg,0,real,crop_80pct,0.033823,0,1
data\val\real\000000000776.jpg,0,real,crop_80pct,0.048777,0,1
data\val\real\000000000785.jpg,0,real,crop_80pct,0.250134,0,1
data\val\real\000000000802.jpg,0,real,crop_80pct,0.328143,0,1
data\val\real\000000000872.jpg,0,real,crop_80pct,0.026663,0,1
data\val\real\000000000885.jpg,0,real,crop_80pct,0.109251,0,1
data\val\real\000000001000.jpg,0,real,crop_80pct,0.000706,0,1
data\val\real\000000001268.jpg,0,real,crop_80pct,0.166488,0,1
data\val\real\000000001296.jpg,0,real,crop_80pct,0.116120,0,1
data\val\real\000000001353.jpg,0,real,crop_80pct,0.001789,0,1
data\val\real\000000001425.jpg,0,real,crop_80pct,0.187683,0,1
data\val\real\000000001490.jpg,0,real,crop_80pct,0.252362,0,1
data\val\real\000000001503.jpg,0,real,crop_80pct,0.336622,0,1
data\val\real\000000001532.jpg,0,real,crop_80pct,0.063137,0,1
data\val\real\000000001584.jpg,0,real,crop_80pct,0.276405,0,1
data\val\real\000000001675.jpg,0,real,crop_80pct,0.073418,0,1
data\val\real\000000001761.jpg,0,real,crop_80pct,0.020308,0,1
data\val\real\000000001818.jpg,0,real,crop_80pct,0.284673,0,1
data\val\real\000000001993.jpg,0,real,crop_80pct,0.140569,0,1
data\val\real\000000002006.jpg,0,real,crop_80pct,0.073944,0,1
data\val\real\000000002149.jpg,0,real,crop_80pct,0.240697,0,1
data\val\real\000000002153.jpg,0,real,crop_80pct,0.006521,0,1
data\val\real\000000002157.jpg,0,real,crop_80pct,0.191762,0,1
data\val\real\000000002261.jpg,0,real,crop_80pct,0.011661,0,1
data\val\real\000000002299.jpg,0,real,crop_80pct,0.009734,0,1
data\val\real\000000002431.jpg,0,real,crop_80pct,0.090381,0,1
data\val\real\000000002473.jpg,0,real,crop_80pct,0.054729,0,1
data\val\real\000000002532.jpg,0,real,crop_80pct,0.037727,0,1
data\val\real\000000002587.jpg,0,real,crop_80pct,0.007085,0,1
data\val\real\000000002592.jpg,0,real,crop_80pct,0.047885,0,1
data\val\real\000000002685.jpg,0,real,crop_80pct,0.006099,0,1
data\val\real\000000002923.jpg,0,real,crop_80pct,0.140874,0,1
data\val\real\000000003156.jpg,0,real,crop_80pct,0.301670,0,1
data\val\real\000000003255.jpg,0,real,crop_80pct,0.472614,0,1
data\val\real\000000003501.jpg,0,real,crop_80pct,0.118849,0,1
data\val\real\000000003553.jpg,0,real,crop_80pct,0.299016,0,1
data\val\real\000000003661.jpg,0,real,crop_80pct,0.005042,0,1
data\val\real\000000003845.jpg,0,real,crop_80pct,0.160622,0,1
data\val\real\000000003934.jpg,0,real,crop_80pct,0.004298,0,1
data\val\real\000000004134.jpg,0,real,crop_80pct,0.006979,0,1
data\val\real\000000004395.jpg,0,real,crop_80pct,0.104856,0,1
data\val\real\000000004495.jpg,0,real,crop_80pct,0.257758,0,1
data\val\real\000000004765.jpg,0,real,crop_80pct,0.114372,0,1
data\val\real\000000004795.jpg,0,real,crop_80pct,0.000836,0,1
data\val\real\000000005001.jpg,0,real,crop_80pct,0.032254,0,1
data\val\real\000000005037.jpg,0,real,crop_80pct,0.121463,0,1
data\val\real\000000005060.jpg,0,real,crop_80pct,0.064394,0,1
data\val\real\000000005193.jpg,0,real,crop_80pct,0.006019,0,1
data\val\real\000000005477.jpg,0,real,crop_80pct,0.039057,0,1
data\val\real\000000005503.jpg,0,real,crop_80pct,0.009825,0,1
data\val\real\000000005529.jpg,0,real,crop_80pct,0.043496,0,1
data\val\real\000000005586.jpg,0,real,crop_80pct,0.001067,0,1
data\val\real\000000005600.jpg,0,real,crop_80pct,0.021349,0,1
data\val\real\000000005992.jpg,0,real,crop_80pct,0.012434,0,1
data\val\real\000000006012.jpg,0,real,crop_80pct,0.105484,0,1
data\val\real\000000006040.jpg,0,real,crop_80pct,0.624556,1,0
data\val\real\000000006213.jpg,0,real,crop_80pct,0.375911,0,1
data\val\real\000000006460.jpg,0,real,crop_80pct,0.150645,0,1
data\val\real\000000006471.jpg,0,real,crop_80pct,0.021264,0,1
data\val\real\000000006614.jpg,0,real,crop_80pct,0.204313,0,1
data\val\real\000000006723.jpg,0,real,crop_80pct,0.201778,0,1
data\val\real\000000006763.jpg,0,real,crop_80pct,0.000088,0,1
data\val\real\000000006771.jpg,0,real,crop_80pct,0.018521,0,1
data\val\real\000000006818.jpg,0,real,crop_80pct,0.085764,0,1
data\val\real\000000006894.jpg,0,real,crop_80pct,0.006844,0,1
data\val\real\000000006954.jpg,0,real,crop_80pct,0.050897,0,1
data\val\real\000000007088.jpg,0,real,crop_80pct,0.048636,0,1
data\val\real\000000007108.jpg,0,real,crop_80pct,0.068697,0,1
data\val\real\000000007278.jpg,0,real,crop_80pct,0.203321,0,1
data\val\real\000000007281.jpg,0,real,crop_80pct,0.001711,0,1
data\val\real\000000007386.jpg,0,real,crop_80pct,0.044739,0,1
data\val\real\000000007511.jpg,0,real,crop_80pct,0.062398,0,1
data\val\real\000000007574.jpg,0,real,crop_80pct,0.191616,0,1
data\val\real\000000007784.jpg,0,real,crop_80pct,0.398444,0,1
data\val\real\000000007795.jpg,0,real,crop_80pct,0.915564,1,0
data\val\real\000000007816.jpg,0,real,crop_80pct,0.019798,0,1
data\val\real\000000007818.jpg,0,real,crop_80pct,0.764619,1,0
data\val\real\000000007888.jpg,0,real,crop_80pct,0.727339,1,0
data\val\real\000000007977.jpg,0,real,crop_80pct,0.277909,0,1
data\val\real\000000007991.jpg,0,real,crop_80pct,0.038511,0,1
data\val\real\000000008021.jpg,0,real,crop_80pct,0.002313,0,1
data\val\real\000000008211.jpg,0,real,crop_80pct,0.214414,0,1
data\val\real\000000008277.jpg,0,real,crop_80pct,0.085254,0,1
data\val\real\000000008532.jpg,0,real,crop_80pct,0.013723,0,1
data\val\real\000000008629.jpg,0,real,crop_80pct,0.018609,0,1
data\val\real\000000008690.jpg,0,real,crop_80pct,0.006088,0,1
data\val\real\000000008762.jpg,0,real,crop_80pct,0.395568,0,1
data\val\real\000000008844.jpg,0,real,crop_80pct,0.080953,0,1
data\val\real\000000008899.jpg,0,real,crop_80pct,0.194484,0,1
data\val\real\000000009378.jpg,0,real,crop_80pct,0.024392,0,1
data\val\real\000000009400.jpg,0,real,crop_80pct,0.004821,0,1
data\val\real\000000009448.jpg,0,real,crop_80pct,0.016234,0,1
data\val\real\000000009483.jpg,0,real,crop_80pct,0.016056,0,1
data\val\real\000000009590.jpg,0,real,crop_80pct,0.171185,0,1
data\val\real\000000009769.jpg,0,real,crop_80pct,0.064854,0,1
data\val\real\000000009772.jpg,0,real,crop_80pct,0.045182,0,1
data\val\real\000000009891.jpg,0,real,crop_80pct,0.006268,0,1
data\val\real\000000009914.jpg,0,real,crop_80pct,0.106833,0,1
data\val\real\000000010092.jpg,0,real,crop_80pct,0.079613,0,1
data\val\real\000000010363.jpg,0,real,crop_80pct,0.005332,0,1
data\val\real\000000010583.jpg,0,real,crop_80pct,0.013196,0,1
data\val\real\000000010707.jpg,0,real,crop_80pct,0.000535,0,1
data\val\real\000000010764.jpg,0,real,crop_80pct,0.238798,0,1
data\val\real\000000010977.jpg,0,real,crop_80pct,0.261221,0,1
data\val\real\000000010995.jpg,0,real,crop_80pct,0.546440,1,0
data\val\real\000000011051.jpg,0,real,crop_80pct,0.015957,0,1
data\val\real\000000011122.jpg,0,real,crop_80pct,0.008892,0,1
data\val\real\000000011149.jpg,0,real,crop_80pct,0.074985,0,1
data\val\real\000000011197.jpg,0,real,crop_80pct,0.091120,0,1
data\val\real\000000011511.jpg,0,real,crop_80pct,0.124217,0,1
data\val\real\000000011615.jpg,0,real,crop_80pct,0.067813,0,1
data\val\real\000000011699.jpg,0,real,crop_80pct,0.011439,0,1
data\val\real\000000011760.jpg,0,real,crop_80pct,0.321172,0,1
data\val\real\000000011813.jpg,0,real,crop_80pct,0.172637,0,1
data\val\real\000000012062.jpg,0,real,crop_80pct,0.026243,0,1
data\val\real\000000012120.jpg,0,real,crop_80pct,0.047347,0,1
data\val\real\000000012280.jpg,0,real,crop_80pct,0.698085,1,0
data\val\real\000000012576.jpg,0,real,crop_80pct,0.110305,0,1
data\val\real\000000012639.jpg,0,real,crop_80pct,0.016807,0,1
data\val\real\000000012667.jpg,0,real,crop_80pct,0.269162,0,1
data\val\real\000000012670.jpg,0,real,crop_80pct,0.001100,0,1
data\val\real\000000012748.jpg,0,real,crop_80pct,0.034283,0,1
data\val\real\000000013004.jpg,0,real,crop_80pct,0.087131,0,1
data\val\real\000000013177.jpg,0,real,crop_80pct,0.051971,0,1
data\val\real\000000013201.jpg,0,real,crop_80pct,0.055644,0,1
data\val\real\000000013291.jpg,0,real,crop_80pct,0.255446,0,1
data\val\real\000000013348.jpg,0,real,crop_80pct,0.162886,0,1
data\val\real\000000013546.jpg,0,real,crop_80pct,0.059962,0,1
data\val\real\000000013597.jpg,0,real,crop_80pct,0.541951,1,0
data\val\real\000000013659.jpg,0,real,crop_80pct,0.001141,0,1
data\val\real\000000013729.jpg,0,real,crop_80pct,0.010765,0,1
data\val\real\000000013774.jpg,0,real,crop_80pct,0.348297,0,1
data\val\real\000000013923.jpg,0,real,crop_80pct,0.720032,1,0
data\val\real\000000014007.jpg,0,real,crop_80pct,0.115518,0,1
data\val\real\000000014038.jpg,0,real,crop_80pct,0.594839,1,0
data\val\real\000000014226.jpg,0,real,crop_80pct,0.294652,0,1
data\val\real\000000014380.jpg,0,real,crop_80pct,0.724066,1,0
data\val\real\000000014439.jpg,0,real,crop_80pct,0.024805,0,1
data\val\real\000000014473.jpg,0,real,crop_80pct,0.046567,0,1
data\val\real\000000014831.jpg,0,real,crop_80pct,0.009274,0,1
data\val\real\000000014888.jpg,0,real,crop_80pct,0.080803,0,1
data\val\real\000000015079.jpg,0,real,crop_80pct,0.190970,0,1
data\val\real\000000015254.jpg,0,real,crop_80pct,0.038895,0,1
data\val\real\000000015272.jpg,0,real,crop_80pct,0.148058,0,1
data\val\real\000000015278.jpg,0,real,crop_80pct,0.049414,0,1
data\val\real\000000015335.jpg,0,real,crop_80pct,0.002182,0,1
data\val\real\000000015338.jpg,0,real,crop_80pct,0.777159,1,0
data\val\real\000000015440.jpg,0,real,crop_80pct,0.613553,1,0
data\val\real\000000015497.jpg,0,real,crop_80pct,0.005003,0,1
data\val\real\000000015517.jpg,0,real,crop_80pct,0.141532,0,1
data\val\real\000000015597.jpg,0,real,crop_80pct,0.003308,0,1
data\val\real\000000015660.jpg,0,real,crop_80pct,0.085209,0,1
data\val\real\000000015746.jpg,0,real,crop_80pct,0.169440,0,1
data\val\real\000000015751.jpg,0,real,crop_80pct,0.265254,0,1
data\val\real\000000015956.jpg,0,real,crop_80pct,0.008578,0,1
data\val\real\000000016010.jpg,0,real,crop_80pct,0.130861,0,1
data\val\real\000000016228.jpg,0,real,crop_80pct,0.368656,0,1
data\val\real\000000016249.jpg,0,real,crop_80pct,0.096942,0,1
data\val\real\000000016439.jpg,0,real,crop_80pct,0.339132,0,1
data\val\real\000000016451.jpg,0,real,crop_80pct,0.155272,0,1
data\val\real\000000016502.jpg,0,real,crop_80pct,0.217062,0,1
data\val\real\000000016598.jpg,0,real,crop_80pct,0.003824,0,1
data\val\real\000000016958.jpg,0,real,crop_80pct,0.140587,0,1
data\val\real\000000017029.jpg,0,real,crop_80pct,0.082366,0,1
data\val\real\000000017031.jpg,0,real,crop_80pct,0.290062,0,1
data\val\real\000000017115.jpg,0,real,crop_80pct,0.198615,0,1
data\val\real\000000017178.jpg,0,real,crop_80pct,0.255047,0,1
data\val\real\000000017182.jpg,0,real,crop_80pct,0.482051,0,1
data\val\real\000000017207.jpg,0,real,crop_80pct,0.002786,0,1
data\val\real\000000017379.jpg,0,real,crop_80pct,0.839641,1,0
data\val\real\000000017436.jpg,0,real,crop_80pct,0.015936,0,1
data\val\real\000000017627.jpg,0,real,crop_80pct,0.003115,0,1
data\val\real\000000017714.jpg,0,real,crop_80pct,0.026769,0,1
data\val\real\000000017899.jpg,0,real,crop_80pct,0.008269,0,1
data\val\real\000000017905.jpg,0,real,crop_80pct,0.000473,0,1
data\val\real\000000017959.jpg,0,real,crop_80pct,0.028147,0,1
data\val\real\000000018150.jpg,0,real,crop_80pct,0.000489,0,1
data\val\real\000000018193.jpg,0,real,crop_80pct,0.019002,0,1
data\val\real\000000018380.jpg,0,real,crop_80pct,0.086976,0,1
data\val\real\000000018491.jpg,0,real,crop_80pct,0.010061,0,1
data\val\real\000000018519.jpg,0,real,crop_80pct,0.228584,0,1
data\val\real\000000018575.jpg,0,real,crop_80pct,0.035886,0,1
data\val\real\000000018737.jpg,0,real,crop_80pct,0.044476,0,1
data\val\real\000000018770.jpg,0,real,crop_80pct,0.079332,0,1
data\val\real\000000018833.jpg,0,real,crop_80pct,0.164577,0,1
data\val\real\000000018837.jpg,0,real,crop_80pct,0.012764,0,1
data\val\real\000000019042.jpg,0,real,crop_80pct,0.044246,0,1
data\val\real\000000019109.jpg,0,real,crop_80pct,0.125698,0,1
data\val\real\000000019221.jpg,0,real,crop_80pct,0.004188,0,1
data\val\real\000000019402.jpg,0,real,crop_80pct,0.000043,0,1
data\val\real\000000019432.jpg,0,real,crop_80pct,0.051117,0,1
data\val\real\000000019742.jpg,0,real,crop_80pct,0.139789,0,1
data\val\real\000000019786.jpg,0,real,crop_80pct,0.001733,0,1
data\val\real\000000019924.jpg,0,real,crop_80pct,0.487829,0,1
data\val\real\000000020059.jpg,0,real,crop_80pct,0.151577,0,1
data\val\real\000000020107.jpg,0,real,crop_80pct,0.029927,0,1
data\val\real\000000020247.jpg,0,real,crop_80pct,0.173477,0,1
data\val\real\000000020333.jpg,0,real,crop_80pct,0.087611,0,1
data\val\real\000000020553.jpg,0,real,crop_80pct,0.003727,0,1
data\val\real\000000020571.jpg,0,real,crop_80pct,0.191904,0,1
data\val\real\000000020992.jpg,0,real,crop_80pct,0.013088,0,1
data\val\real\000000021167.jpg,0,real,crop_80pct,0.000662,0,1
data\val\real\000000021465.jpg,0,real,crop_80pct,0.010190,0,1
data\val\real\000000021503.jpg,0,real,crop_80pct,0.010945,0,1
data\val\real\000000021604.jpg,0,real,crop_80pct,0.941172,1,0
data\val\real\000000021839.jpg,0,real,crop_80pct,0.000709,0,1
data\val\real\000000021879.jpg,0,real,crop_80pct,0.072672,0,1
data\val\real\000000021903.jpg,0,real,crop_80pct,0.107987,0,1
data\val\real\000000022192.jpg,0,real,crop_80pct,0.027372,0,1
data\val\real\000000022371.jpg,0,real,crop_80pct,0.819626,1,0
data\val\real\000000022396.jpg,0,real,crop_80pct,0.010904,0,1
data\val\real\000000022479.jpg,0,real,crop_80pct,0.019253,0,1
data\val\real\000000022589.jpg,0,real,crop_80pct,0.020508,0,1
data\val\real\000000022623.jpg,0,real,crop_80pct,0.218201,0,1
data\val\real\000000022705.jpg,0,real,crop_80pct,0.003392,0,1
data\val\real\000000022755.jpg,0,real,crop_80pct,0.708495,1,0
data\val\real\000000022892.jpg,0,real,crop_80pct,0.168278,0,1
data\val\real\000000022935.jpg,0,real,crop_80pct,0.168145,0,1
data\val\real\000000022969.jpg,0,real,crop_80pct,0.333857,0,1
data\val\real\000000023023.jpg,0,real,crop_80pct,0.280288,0,1
data\val\real\000000023034.jpg,0,real,crop_80pct,0.003219,0,1
data\val\real\000000023126.jpg,0,real,crop_80pct,0.148797,0,1
data\val\real\000000023230.jpg,0,real,crop_80pct,0.012081,0,1
data\val\real\000000023272.jpg,0,real,crop_80pct,0.013475,0,1
data\val\real\000000023359.jpg,0,real,crop_80pct,0.118128,0,1
data\val\real\000000023666.jpg,0,real,crop_80pct,0.301412,0,1
data\val\real\000000023751.jpg,0,real,crop_80pct,0.001738,0,1
data\val\real\000000023781.jpg,0,real,crop_80pct,0.179535,0,1
data\val\real\000000023899.jpg,0,real,crop_80pct,0.002925,0,1
data\val\real\000000023937.jpg,0,real,crop_80pct,0.021999,0,1
data\val\real\000000024021.jpg,0,real,crop_80pct,0.037274,0,1
data\val\real\000000024027.jpg,0,real,crop_80pct,0.002195,0,1
data\val\real\000000024144.jpg,0,real,crop_80pct,0.027706,0,1
data\val\real\000000024243.jpg,0,real,crop_80pct,0.006370,0,1
data\val\real\000000024567.jpg,0,real,crop_80pct,0.016240,0,1
data\val\real\000000024610.jpg,0,real,crop_80pct,0.047077,0,1
data\val\real\000000024919.jpg,0,real,crop_80pct,0.285817,0,1
data\val\real\000000025057.jpg,0,real,crop_80pct,0.011377,0,1
data\val\real\000000025096.jpg,0,real,crop_80pct,0.004264,0,1
data\val\real\000000025139.jpg,0,real,crop_80pct,0.148646,0,1
data\val\real\000000025181.jpg,0,real,crop_80pct,0.840654,1,0
data\val\real\000000025228.jpg,0,real,crop_80pct,0.054399,0,1
data\val\real\000000025386.jpg,0,real,crop_80pct,0.006484,0,1
data\val\real\000000025393.jpg,0,real,crop_80pct,0.000101,0,1
data\val\real\000000025394.jpg,0,real,crop_80pct,0.006507,0,1
data\val\real\000000025424.jpg,0,real,crop_80pct,0.078536,0,1
data\val\real\000000025560.jpg,0,real,crop_80pct,0.008658,0,1
data\val\real\000000025593.jpg,0,real,crop_80pct,0.109638,0,1
data\val\real\000000025603.jpg,0,real,crop_80pct,0.000547,0,1
data\val\real\000000025986.jpg,0,real,crop_80pct,0.007205,0,1
data\val\real\000000026204.jpg,0,real,crop_80pct,0.367651,0,1
data\val\real\000000026465.jpg,0,real,crop_80pct,0.150697,0,1
data\val\real\000000026564.jpg,0,real,crop_80pct,0.549020,1,0
data\val\real\000000026690.jpg,0,real,crop_80pct,0.004252,0,1
data\val\real\000000026926.jpg,0,real,crop_80pct,0.246188,0,1
data\val\real\000000026941.jpg,0,real,crop_80pct,0.633373,1,0
data\val\real\000000027186.jpg,0,real,crop_80pct,0.036150,0,1
data\val\real\000000027620.jpg,0,real,crop_80pct,0.188687,0,1
data\val\real\000000027696.jpg,0,real,crop_80pct,0.004864,0,1
data\val\real\000000027768.jpg,0,real,crop_80pct,0.061665,0,1
data\val\real\000000027932.jpg,0,real,crop_80pct,0.255787,0,1
data\val\real\000000027972.jpg,0,real,crop_80pct,0.093619,0,1
data\val\real\000000027982.jpg,0,real,crop_80pct,0.838496,1,0
data\val\real\000000028285.jpg,0,real,crop_80pct,0.029594,0,1
data\val\real\000000028449.jpg,0,real,crop_80pct,0.561145,1,0
data\val\real\000000028452.jpg,0,real,crop_80pct,0.774096,1,0
data\val\real\000000028809.jpg,0,real,crop_80pct,0.303946,0,1
data\val\real\000000028993.jpg,0,real,crop_80pct,0.515745,1,0
data\val\real\000000029187.jpg,0,real,crop_80pct,0.003879,0,1
data\val\real\000000029393.jpg,0,real,crop_80pct,0.003429,0,1
data\val\real\000000029397.jpg,0,real,crop_80pct,0.080280,0,1
data\val\real\000000029596.jpg,0,real,crop_80pct,0.755056,1,0
data\val\real\000000029640.jpg,0,real,crop_80pct,0.172521,0,1
data\val\real\000000029675.jpg,0,real,crop_80pct,0.183532,0,1
data\val\real\000000029984.jpg,0,real,crop_80pct,0.022170,0,1
data\val\real\000000030213.jpg,0,real,crop_80pct,0.667295,1,0
data\val\real\000000030494.jpg,0,real,crop_80pct,0.002070,0,1
data\val\real\000000030504.jpg,0,real,crop_80pct,0.230568,0,1
data\val\real\000000030675.jpg,0,real,crop_80pct,0.359500,0,1
data\val\real\000000030785.jpg,0,real,crop_80pct,0.139447,0,1
data\val\real\000000030828.jpg,0,real,crop_80pct,0.790597,1,0
data\val\real\000000031050.jpg,0,real,crop_80pct,0.155671,0,1
data\val\real\000000031093.jpg,0,real,crop_80pct,0.113669,0,1
data\val\real\000000031118.jpg,0,real,crop_80pct,0.131590,0,1
data\val\real\000000031217.jpg,0,real,crop_80pct,0.062468,0,1
data\val\real\000000031248.jpg,0,real,crop_80pct,0.346986,0,1
data\val\real\000000031269.jpg,0,real,crop_80pct,0.066678,0,1
data\val\real\000000031296.jpg,0,real,crop_80pct,0.010833,0,1
data\val\real\000000031322.jpg,0,real,crop_80pct,0.147956,0,1
data\val\real\000000031620.jpg,0,real,crop_80pct,0.000144,0,1
data\val\real\000000031735.jpg,0,real,crop_80pct,0.005652,0,1
data\val\real\000000031749.jpg,0,real,crop_80pct,0.116947,0,1
data\val\real\000000031817.jpg,0,real,crop_80pct,0.015410,0,1
data\val\real\000000032038.jpg,0,real,crop_80pct,0.043371,0,1
data\val\real\000000032081.jpg,0,real,crop_80pct,0.167016,0,1
data\val\real\000000032285.jpg,0,real,crop_80pct,0.888875,1,0
data\val\real\000000032334.jpg,0,real,crop_80pct,0.001154,0,1
data\val\real\000000032570.jpg,0,real,crop_80pct,0.848304,1,0
data\val\real\000000032610.jpg,0,real,crop_80pct,0.082297,0,1
data\val\real\000000032735.jpg,0,real,crop_80pct,0.357911,0,1
data\val\real\000000032811.jpg,0,real,crop_80pct,0.351502,0,1
data\val\real\000000032817.jpg,0,real,crop_80pct,0.002235,0,1
data\val\real\000000032861.jpg,0,real,crop_80pct,0.426483,0,1
data\val\real\000000032887.jpg,0,real,crop_80pct,0.002783,0,1
data\val\real\000000032901.jpg,0,real,crop_80pct,0.000147,0,1
data\val\real\000000032941.jpg,0,real,crop_80pct,0.194706,0,1
data\val\real\000000033005.jpg,0,real,crop_80pct,0.043682,0,1
data\val\real\000000033104.jpg,0,real,crop_80pct,0.012046,0,1
data\val\real\000000033109.jpg,0,real,crop_80pct,0.045504,0,1
data\val\real\000000033114.jpg,0,real,crop_80pct,0.383805,0,1
data\val\real\000000033221.jpg,0,real,crop_80pct,0.005182,0,1
data\val\real\000000033368.jpg,0,real,crop_80pct,0.138551,0,1
data\val\real\000000033638.jpg,0,real,crop_80pct,0.068754,0,1
data\val\real\000000033707.jpg,0,real,crop_80pct,0.091415,0,1
data\val\real\000000033759.jpg,0,real,crop_80pct,0.109821,0,1
data\val\real\000000033854.jpg,0,real,crop_80pct,0.007043,0,1
data\val\real\000000034071.jpg,0,real,crop_80pct,0.531579,1,0
data\val\real\000000034139.jpg,0,real,crop_80pct,0.281350,0,1
data\val\real\000000034205.jpg,0,real,crop_80pct,0.226825,0,1
data\val\real\000000034257.jpg,0,real,crop_80pct,0.551869,1,0
data\val\real\000000034417.jpg,0,real,crop_80pct,0.245492,0,1
data\val\real\000000034452.jpg,0,real,crop_80pct,0.009612,0,1
data\val\real\000000034760.jpg,0,real,crop_80pct,0.127301,0,1
data\val\real\000000034873.jpg,0,real,crop_80pct,0.357156,0,1
data\val\real\000000035062.jpg,0,real,crop_80pct,0.137728,0,1
data\val\real\000000035197.jpg,0,real,crop_80pct,0.401070,0,1
data\val\real\000000035279.jpg,0,real,crop_80pct,0.426067,0,1
data\val\real\000000035326.jpg,0,real,crop_80pct,0.406309,0,1
data\val\real\000000035682.jpg,0,real,crop_80pct,0.021737,0,1
data\val\real\000000035770.jpg,0,real,crop_80pct,0.014179,0,1
data\val\real\000000035963.jpg,0,real,crop_80pct,0.001674,0,1
data\val\real\000000036494.jpg,0,real,crop_80pct,0.372979,0,1
data\val\real\000000036539.jpg,0,real,crop_80pct,0.011961,0,1
data\val\real\000000036660.jpg,0,real,crop_80pct,0.158624,0,1
data\val\real\000000036678.jpg,0,real,crop_80pct,0.022485,0,1
data\val\real\000000036844.jpg,0,real,crop_80pct,0.213950,0,1
data\val\real\000000036861.jpg,0,real,crop_80pct,0.186785,0,1
data\val\real\000000036936.jpg,0,real,crop_80pct,0.006178,0,1
data\val\real\000000037670.jpg,0,real,crop_80pct,0.508323,1,0
data\val\real\000000037689.jpg,0,real,crop_80pct,0.127485,0,1
data\val\real\000000037740.jpg,0,real,crop_80pct,0.581139,1,0
data\val\real\000000037751.jpg,0,real,crop_80pct,0.087059,0,1
data\val\real\000000037777.jpg,0,real,crop_80pct,0.650352,1,0
data\val\real\000000037988.jpg,0,real,crop_80pct,0.018007,0,1
data\val\real\000000038048.jpg,0,real,crop_80pct,0.122742,0,1
data\val\real\000000038070.jpg,0,real,crop_80pct,0.408175,0,1
data\val\real\000000038118.jpg,0,real,crop_80pct,0.153682,0,1
data\val\real\000000038210.jpg,0,real,crop_80pct,0.077473,0,1
data\val\real\000000038576.jpg,0,real,crop_80pct,0.916302,1,0
data\val\real\000000038678.jpg,0,real,crop_80pct,0.000925,0,1
data\val\real\000000038825.jpg,0,real,crop_80pct,0.152083,0,1
data\val\real\000000038829.jpg,0,real,crop_80pct,0.037183,0,1
data\val\real\000000039405.jpg,0,real,crop_80pct,0.008585,0,1
data\val\real\000000039477.jpg,0,real,crop_80pct,0.569318,1,0
data\val\real\000000039480.jpg,0,real,crop_80pct,0.193823,0,1
data\val\real\000000039484.jpg,0,real,crop_80pct,0.175969,0,1
data\val\real\000000039551.jpg,0,real,crop_80pct,0.250248,0,1
data\val\real\000000039670.jpg,0,real,crop_80pct,0.303864,0,1
data\val\real\000000039769.jpg,0,real,crop_80pct,0.002223,0,1
data\val\real\000000039785.jpg,0,real,crop_80pct,0.139926,0,1
data\val\real\000000039914.jpg,0,real,crop_80pct,0.027285,0,1
data\val\real\000000039951.jpg,0,real,crop_80pct,0.319132,0,1
data\val\real\000000039956.jpg,0,real,crop_80pct,0.564788,1,0
data\val\real\000000040036.jpg,0,real,crop_80pct,0.082022,0,1
data\val\real\000000040083.jpg,0,real,crop_80pct,0.023421,0,1
data\val\real\000000040471.jpg,0,real,crop_80pct,0.168585,0,1
data\val\real\000000040757.jpg,0,real,crop_80pct,0.031381,0,1
data\val\real\000000041488.jpg,0,real,crop_80pct,0.308261,0,1
data\val\real\000000041633.jpg,0,real,crop_80pct,0.575010,1,0
data\val\real\000000041635.jpg,0,real,crop_80pct,0.073869,0,1
data\val\real\000000041872.jpg,0,real,crop_80pct,0.938113,1,0
data\val\real\000000041888.jpg,0,real,crop_80pct,0.036098,0,1
data\val\real\000000041990.jpg,0,real,crop_80pct,0.004716,0,1
data\val\real\000000042070.jpg,0,real,crop_80pct,0.137546,0,1
data\val\real\000000042102.jpg,0,real,crop_80pct,0.017198,0,1
data\val\real\000000042178.jpg,0,real,crop_80pct,0.667220,1,0
data\val\real\000000042276.jpg,0,real,crop_80pct,0.025016,0,1
data\val\real\000000042296.jpg,0,real,crop_80pct,0.020075,0,1
data\val\real\000000042528.jpg,0,real,crop_80pct,0.009586,0,1
data\val\real\000000042563.jpg,0,real,crop_80pct,0.259711,0,1
data\val\real\000000042628.jpg,0,real,crop_80pct,0.032677,0,1
data\val\real\000000042888.jpg,0,real,crop_80pct,0.009950,0,1
data\val\real\000000042889.jpg,0,real,crop_80pct,0.001539,0,1
data\val\real\000000043314.jpg,0,real,crop_80pct,0.699456,1,0
data\val\real\000000043435.jpg,0,real,crop_80pct,0.191469,0,1
data\val\real\000000043581.jpg,0,real,crop_80pct,0.257953,0,1
data\val\real\000000043737.jpg,0,real,crop_80pct,0.358571,0,1
data\val\real\000000043816.jpg,0,real,crop_80pct,0.095122,0,1
data\val\real\000000044068.jpg,0,real,crop_80pct,0.007959,0,1
data\val\real\000000044195.jpg,0,real,crop_80pct,0.125642,0,1
data\val\real\000000044260.jpg,0,real,crop_80pct,0.701882,1,0
data\val\real\000000044279.jpg,0,real,crop_80pct,0.200919,0,1
data\val\real\000000044590.jpg,0,real,crop_80pct,0.092835,0,1
data\val\real\000000044652.jpg,0,real,crop_80pct,0.124119,0,1
data\val\real\000000044699.jpg,0,real,crop_80pct,0.311083,0,1
data\val\real\000000044877.jpg,0,real,crop_80pct,0.134592,0,1
data\val\real\000000045070.jpg,0,real,crop_80pct,0.068343,0,1
data\val\real\000000045090.jpg,0,real,crop_80pct,0.375042,0,1
data\val\real\000000045229.jpg,0,real,crop_80pct,0.982480,1,0
data\val\real\000000045472.jpg,0,real,crop_80pct,0.147623,0,1
data\val\real\000000045550.jpg,0,real,crop_80pct,0.003063,0,1
data\val\real\000000045596.jpg,0,real,crop_80pct,0.363376,0,1
data\val\real\000000045728.jpg,0,real,crop_80pct,0.022063,0,1
data\val\real\000000046031.jpg,0,real,crop_80pct,0.536462,1,0
data\val\real\000000046048.jpg,0,real,crop_80pct,0.044800,0,1
data\val\real\000000046252.jpg,0,real,crop_80pct,0.278341,0,1
data\val\real\000000046378.jpg,0,real,crop_80pct,0.028077,0,1
data\val\real\000000046463.jpg,0,real,crop_80pct,0.009728,0,1
data\val\real\000000046497.jpg,0,real,crop_80pct,0.004102,0,1
data\val\real\000000046804.jpg,0,real,crop_80pct,0.033821,0,1
data\val\real\000000046872.jpg,0,real,crop_80pct,0.695625,1,0
data\val\real\000000047010.jpg,0,real,crop_80pct,0.279787,0,1
data\val\real\000000047112.jpg,0,real,crop_80pct,0.095442,0,1
data\val\real\000000047121.jpg,0,real,crop_80pct,0.012112,0,1
data\val\real\000000047571.jpg,0,real,crop_80pct,0.108698,0,1
data\val\real\000000047585.jpg,0,real,crop_80pct,0.003554,0,1
data\val\real\000000047740.jpg,0,real,crop_80pct,0.001493,0,1
data\val\real\000000047769.jpg,0,real,crop_80pct,0.403739,0,1
data\val\real\000000047801.jpg,0,real,crop_80pct,0.007618,0,1
data\val\real\000000047819.jpg,0,real,crop_80pct,0.008171,0,1
data\val\real\000000047828.jpg,0,real,crop_80pct,0.522326,1,0
data\val\real\000000048153.jpg,0,real,crop_80pct,0.043303,0,1
data\val\real\000000048396.jpg,0,real,crop_80pct,0.001851,0,1
data\val\real\000000048504.jpg,0,real,crop_80pct,0.654788,1,0
data\val\real\000000048555.jpg,0,real,crop_80pct,0.272875,0,1
data\val\real\000000048564.jpg,0,real,crop_80pct,0.020074,0,1
data\val\real\000000048924.jpg,0,real,crop_80pct,0.984607,1,0
data\val\real\000000049060.jpg,0,real,crop_80pct,0.002207,0,1
data\val\real\000000049091.jpg,0,real,crop_80pct,0.092654,0,1
data\val\real\000000049259.jpg,0,real,crop_80pct,0.009970,0,1
data\val\real\000000049269.jpg,0,real,crop_80pct,0.174544,0,1
data\val\real\000000049759.jpg,0,real,crop_80pct,0.296762,0,1
data\val\real\000000049761.jpg,0,real,crop_80pct,0.012898,0,1
data\val\real\000000049810.jpg,0,real,crop_80pct,0.180561,0,1
data\val\real\000000050006.jpg,0,real,crop_80pct,0.177017,0,1
data\val\real\000000050145.jpg,0,real,crop_80pct,0.002626,0,1
data\val\real\000000050149.jpg,0,real,crop_80pct,0.053715,0,1
data\val\real\000000050165.jpg,0,real,crop_80pct,0.411038,0,1
data\val\real\000000050326.jpg,0,real,crop_80pct,0.003498,0,1
data\val\real\000000050331.jpg,0,real,crop_80pct,0.020016,0,1
data\val\real\000000050380.jpg,0,real,crop_80pct,0.111310,0,1
data\val\real\000000050638.jpg,0,real,crop_80pct,0.698191,1,0
data\val\real\000000050679.jpg,0,real,crop_80pct,0.754924,1,0
data\val\real\000000050811.jpg,0,real,crop_80pct,0.000976,0,1
data\val\real\000000050828.jpg,0,real,crop_80pct,0.484435,0,1
data\val\real\000000050844.jpg,0,real,crop_80pct,0.017007,0,1
data\val\real\000000050896.jpg,0,real,crop_80pct,0.111318,0,1
data\val\real\000000050943.jpg,0,real,crop_80pct,0.073453,0,1
data\val\real\000000051008.jpg,0,real,crop_80pct,0.008654,0,1
data\val\real\000000051309.jpg,0,real,crop_80pct,0.063072,0,1
data\val\real\000000051314.jpg,0,real,crop_80pct,0.260922,0,1
data\val\real\000000051326.jpg,0,real,crop_80pct,0.038965,0,1
data\val\real\000000051598.jpg,0,real,crop_80pct,0.015268,0,1
data\val\real\000000051610.jpg,0,real,crop_80pct,0.161622,0,1
data\val\real\000000051712.jpg,0,real,crop_80pct,0.099788,0,1
data\val\real\000000051738.jpg,0,real,crop_80pct,0.527508,1,0
data\val\real\000000051938.jpg,0,real,crop_80pct,0.113138,0,1
data\val\real\000000051961.jpg,0,real,crop_80pct,0.352796,0,1
data\val\real\000000051976.jpg,0,real,crop_80pct,0.040684,0,1
data\val\real\000000052007.jpg,0,real,crop_80pct,0.370574,0,1
data\val\real\000000052017.jpg,0,real,crop_80pct,0.201304,0,1
data\val\real\000000052412.jpg,0,real,crop_80pct,0.432856,0,1
data\val\real\000000052413.jpg,0,real,crop_80pct,0.019821,0,1
data\val\real\000000052462.jpg,0,real,crop_80pct,0.146872,0,1
data\val\real\000000052507.jpg,0,real,crop_80pct,0.043939,0,1
data\val\real\000000052565.jpg,0,real,crop_80pct,0.285377,0,1
data\val\real\000000052591.jpg,0,real,crop_80pct,0.026044,0,1
data\val\real\000000052891.jpg,0,real,crop_80pct,0.085475,0,1
data\val\real\000000052996.jpg,0,real,crop_80pct,0.006389,0,1
data\val\real\000000053505.jpg,0,real,crop_80pct,0.510727,1,0
data\val\real\000000053529.jpg,0,real,crop_80pct,0.025938,0,1
data\val\real\000000053624.jpg,0,real,crop_80pct,0.034911,0,1
data\val\real\000000053626.jpg,0,real,crop_80pct,0.008036,0,1
data\val\real\000000053909.jpg,0,real,crop_80pct,0.042986,0,1
data\val\real\000000053994.jpg,0,real,crop_80pct,0.073104,0,1
data\val\real\000000054123.jpg,0,real,crop_80pct,0.217718,0,1
data\val\real\000000054164.jpg,0,real,crop_80pct,0.173315,0,1
data\val\real\000000054592.jpg,0,real,crop_80pct,0.102495,0,1
data\val\real\000000054593.jpg,0,real,crop_80pct,0.138223,0,1
data\val\real\000000054605.jpg,0,real,crop_80pct,0.026290,0,1
data\val\real\000000054628.jpg,0,real,crop_80pct,0.013490,0,1
data\val\real\000000054654.jpg,0,real,crop_80pct,0.006604,0,1
data\val\real\000000054931.jpg,0,real,crop_80pct,0.747756,1,0
data\val\real\000000054967.jpg,0,real,crop_80pct,0.230800,0,1
data\val\real\000000055002.jpg,0,real,crop_80pct,0.176605,0,1
data\val\real\000000055022.jpg,0,real,crop_80pct,0.442194,0,1
data\val\real\000000055072.jpg,0,real,crop_80pct,0.200647,0,1
data\val\real\000000055150.jpg,0,real,crop_80pct,0.037488,0,1
data\val\real\000000055167.jpg,0,real,crop_80pct,0.036122,0,1
data\val\real\000000055299.jpg,0,real,crop_80pct,0.180199,0,1
data\val\real\000000055528.jpg,0,real,crop_80pct,0.004923,0,1
data\val\real\000000055950.jpg,0,real,crop_80pct,0.029129,0,1
data\val\real\000000056127.jpg,0,real,crop_80pct,0.371444,0,1
data\val\real\000000056288.jpg,0,real,crop_80pct,0.101893,0,1
data\val\real\000000056344.jpg,0,real,crop_80pct,0.568933,1,0
data\val\real\000000056350.jpg,0,real,crop_80pct,0.208513,0,1
data\val\real\000000056545.jpg,0,real,crop_80pct,0.005802,0,1
data\val\ai\ai_000001.png,1,ai,crop_80pct,0.987874,1,1
data\val\ai\ai_000002.png,1,ai,crop_80pct,0.984634,1,1
data\val\ai\ai_000003.png,1,ai,crop_80pct,0.984199,1,1
data\val\ai\ai_000004.png,1,ai,crop_80pct,0.996307,1,1
data\val\ai\ai_000005.png,1,ai,crop_80pct,0.989735,1,1
data\val\ai\ai_000006.png,1,ai,crop_80pct,0.943197,1,1
data\val\ai\ai_000007.png,1,ai,crop_80pct,0.952887,1,1
data\val\ai\ai_000008.png,1,ai,crop_80pct,0.876085,1,1
data\val\ai\ai_000009.png,1,ai,crop_80pct,0.976223,1,1
data\val\ai\ai_000010.png,1,ai,crop_80pct,0.975936,1,1
data\val\ai\ai_000011.png,1,ai,crop_80pct,0.946967,1,1
data\val\ai\ai_000012.png,1,ai,crop_80pct,0.987799,1,1
data\val\ai\ai_000013.png,1,ai,crop_80pct,0.997824,1,1
data\val\ai\ai_000014.png,1,ai,crop_80pct,0.996494,1,1
data\val\ai\ai_000015.png,1,ai,crop_80pct,0.994099,1,1
data\val\ai\ai_000016.png,1,ai,crop_80pct,0.963533,1,1
data\val\ai\ai_000017.png,1,ai,crop_80pct,0.980554,1,1
data\val\ai\ai_000018.png,1,ai,crop_80pct,0.996001,1,1
data\val\ai\ai_000019.png,1,ai,crop_80pct,0.813473,1,1
data\val\ai\ai_000020.png,1,ai,crop_80pct,0.932745,1,1
data\val\ai\ai_000021.png,1,ai,crop_80pct,0.997466,1,1
data\val\ai\ai_000022.png,1,ai,crop_80pct,0.457429,0,0
data\val\ai\ai_000023.png,1,ai,crop_80pct,0.980903,1,1
data\val\ai\ai_000024.png,1,ai,crop_80pct,0.928244,1,1
data\val\ai\ai_000025.png,1,ai,crop_80pct,0.975505,1,1
data\val\ai\ai_000026.png,1,ai,crop_80pct,0.821698,1,1
data\val\ai\ai_000027.png,1,ai,crop_80pct,0.979633,1,1
data\val\ai\ai_000028.png,1,ai,crop_80pct,0.977563,1,1
data\val\ai\ai_000029.png,1,ai,crop_80pct,0.995610,1,1
data\val\ai\ai_000030.png,1,ai,crop_80pct,0.640988,1,1
data\val\ai\ai_000031.png,1,ai,crop_80pct,0.912787,1,1
data\val\ai\ai_000032.png,1,ai,crop_80pct,0.969526,1,1
data\val\ai\ai_000033.png,1,ai,crop_80pct,0.993785,1,1
data\val\ai\ai_000034.png,1,ai,crop_80pct,0.984470,1,1
data\val\ai\ai_000035.png,1,ai,crop_80pct,0.978461,1,1
data\val\ai\ai_000036.png,1,ai,crop_80pct,0.997134,1,1
data\val\ai\ai_000037.png,1,ai,crop_80pct,0.987180,1,1
data\val\ai\ai_000038.png,1,ai,crop_80pct,0.992023,1,1
data\val\ai\ai_000039.png,1,ai,crop_80pct,0.996200,1,1
data\val\ai\ai_000040.png,1,ai,crop_80pct,0.925139,1,1
data\val\ai\ai_000041.png,1,ai,crop_80pct,0.999787,1,1
data\val\ai\ai_000042.png,1,ai,crop_80pct,0.997351,1,1
data\val\ai\ai_000043.png,1,ai,crop_80pct,0.999325,1,1
data\val\ai\ai_000044.png,1,ai,crop_80pct,0.845203,1,1
data\val\ai\ai_000045.png,1,ai,crop_80pct,0.997655,1,1
data\val\ai\ai_000046.png,1,ai,crop_80pct,0.964824,1,1
data\val\ai\ai_000047.png,1,ai,crop_80pct,0.958215,1,1
data\val\ai\ai_000048.png,1,ai,crop_80pct,0.844332,1,1
data\val\ai\ai_000049.png,1,ai,crop_80pct,0.986504,1,1
data\val\ai\ai_000050.png,1,ai,crop_80pct,0.928730,1,1
data\val\ai\ai_000051.png,1,ai,crop_80pct,0.984012,1,1
data\val\ai\ai_000052.png,1,ai,crop_80pct,0.998089,1,1
data\val\ai\ai_000053.png,1,ai,crop_80pct,0.988411,1,1
data\val\ai\ai_000054.png,1,ai,crop_80pct,0.993183,1,1
data\val\ai\ai_000055.png,1,ai,crop_80pct,0.759606,1,1
data\val\ai\ai_000056.png,1,ai,crop_80pct,0.974633,1,1
data\val\ai\ai_000057.png,1,ai,crop_80pct,0.945052,1,1
data\val\ai\ai_000058.png,1,ai,crop_80pct,0.666949,1,1
data\val\ai\ai_000059.png,1,ai,crop_80pct,0.992820,1,1
data\val\ai\ai_000060.png,1,ai,crop_80pct,0.824769,1,1
data\val\ai\ai_000061.png,1,ai,crop_80pct,0.941116,1,1
data\val\ai\ai_000062.png,1,ai,crop_80pct,0.996455,1,1
data\val\ai\ai_000063.png,1,ai,crop_80pct,0.997682,1,1
data\val\ai\ai_000064.png,1,ai,crop_80pct,0.936706,1,1
data\val\ai\ai_000065.png,1,ai,crop_80pct,0.979789,1,1
data\val\ai\ai_000066.png,1,ai,crop_80pct,0.985595,1,1
data\val\ai\ai_000067.png,1,ai,crop_80pct,0.996785,1,1
data\val\ai\ai_000068.png,1,ai,crop_80pct,0.868009,1,1
data\val\ai\ai_000069.png,1,ai,crop_80pct,0.990463,1,1
data\val\ai\ai_000070.png,1,ai,crop_80pct,0.927365,1,1
data\val\ai\ai_000071.png,1,ai,crop_80pct,0.998363,1,1
data\val\ai\ai_000072.png,1,ai,crop_80pct,0.947121,1,1
data\val\ai\ai_000073.png,1,ai,crop_80pct,0.997723,1,1
data\val\ai\ai_000074.png,1,ai,crop_80pct,0.996224,1,1
data\val\ai\ai_000075.png,1,ai,crop_80pct,0.997422,1,1
data\val\ai\ai_000076.png,1,ai,crop_80pct,0.977564,1,1
data\val\ai\ai_000077.png,1,ai,crop_80pct,0.927000,1,1
data\val\ai\ai_000078.png,1,ai,crop_80pct,0.265501,0,0
data\val\ai\ai_000079.png,1,ai,crop_80pct,0.899338,1,1
data\val\ai\ai_000080.png,1,ai,crop_80pct,0.955028,1,1
data\val\ai\ai_000081.png,1,ai,crop_80pct,0.999606,1,1
data\val\ai\ai_000082.png,1,ai,crop_80pct,0.999274,1,1
data\val\ai\ai_000083.png,1,ai,crop_80pct,0.994020,1,1
data\val\ai\ai_000084.png,1,ai,crop_80pct,0.996010,1,1
data\val\ai\ai_000085.png,1,ai,crop_80pct,0.980231,1,1
data\val\ai\ai_000086.png,1,ai,crop_80pct,0.875417,1,1
data\val\ai\ai_000087.png,1,ai,crop_80pct,0.988020,1,1
data\val\ai\ai_000088.png,1,ai,crop_80pct,0.924784,1,1
data\val\ai\ai_000089.png,1,ai,crop_80pct,0.989587,1,1
data\val\ai\ai_000090.png,1,ai,crop_80pct,0.957443,1,1
data\val\ai\ai_000091.png,1,ai,crop_80pct,0.989262,1,1
data\val\ai\ai_000092.png,1,ai,crop_80pct,0.993889,1,1
data\val\ai\ai_000093.png,1,ai,crop_80pct,0.995969,1,1
data\val\ai\ai_000094.png,1,ai,crop_80pct,0.997519,1,1
data\val\ai\ai_000095.png,1,ai,crop_80pct,0.993850,1,1
data\val\ai\ai_000096.png,1,ai,crop_80pct,0.981279,1,1
data\val\ai\ai_000097.png,1,ai,crop_80pct,0.947264,1,1
data\val\ai\ai_000098.png,1,ai,crop_80pct,0.699426,1,1
data\val\ai\ai_000099.png,1,ai,crop_80pct,0.794999,1,1
data\val\ai\ai_000100.png,1,ai,crop_80pct,0.991984,1,1
data\val\ai\ai_000101.png,1,ai,crop_80pct,0.992199,1,1
data\val\ai\ai_000102.png,1,ai,crop_80pct,0.701994,1,1
data\val\ai\ai_000103.png,1,ai,crop_80pct,0.968440,1,1
data\val\ai\ai_000104.png,1,ai,crop_80pct,0.997158,1,1
data\val\ai\ai_000105.png,1,ai,crop_80pct,0.846405,1,1
data\val\ai\ai_000106.png,1,ai,crop_80pct,0.800545,1,1
data\val\ai\ai_000107.png,1,ai,crop_80pct,0.945444,1,1
data\val\ai\ai_000108.png,1,ai,crop_80pct,0.995256,1,1
data\val\ai\ai_000109.png,1,ai,crop_80pct,0.999735,1,1
data\val\ai\ai_000110.png,1,ai,crop_80pct,0.980764,1,1
data\val\ai\ai_000111.png,1,ai,crop_80pct,0.931293,1,1
data\val\ai\ai_000112.png,1,ai,crop_80pct,0.887328,1,1
data\val\ai\ai_000113.png,1,ai,crop_80pct,0.995796,1,1
data\val\ai\ai_000114.png,1,ai,crop_80pct,0.983013,1,1
data\val\ai\ai_000115.png,1,ai,crop_80pct,0.992860,1,1
data\val\ai\ai_000116.png,1,ai,crop_80pct,0.887765,1,1
data\val\ai\ai_000117.png,1,ai,crop_80pct,0.981455,1,1
data\val\ai\ai_000118.png,1,ai,crop_80pct,0.997148,1,1
data\val\ai\ai_000119.png,1,ai,crop_80pct,0.983928,1,1
data\val\ai\ai_000120.png,1,ai,crop_80pct,0.830833,1,1
data\val\ai\ai_000121.png,1,ai,crop_80pct,0.999857,1,1
data\val\ai\ai_000122.png,1,ai,crop_80pct,0.996436,1,1
data\val\ai\ai_000123.png,1,ai,crop_80pct,0.936185,1,1
data\val\ai\ai_000124.png,1,ai,crop_80pct,0.905893,1,1
data\val\ai\ai_000125.png,1,ai,crop_80pct,0.994765,1,1
data\val\ai\ai_000126.png,1,ai,crop_80pct,0.988446,1,1
data\val\ai\ai_000127.png,1,ai,crop_80pct,0.977438,1,1
data\val\ai\ai_000128.png,1,ai,crop_80pct,0.990914,1,1
data\val\ai\ai_000129.png,1,ai,crop_80pct,0.995710,1,1
data\val\ai\ai_000130.png,1,ai,crop_80pct,0.822698,1,1
data\val\ai\ai_000131.png,1,ai,crop_80pct,0.995055,1,1
data\val\ai\ai_000132.png,1,ai,crop_80pct,0.989968,1,1
data\val\ai\ai_000133.png,1,ai,crop_80pct,0.997598,1,1
data\val\ai\ai_000134.png,1,ai,crop_80pct,0.995130,1,1
data\val\ai\ai_000135.png,1,ai,crop_80pct,0.999526,1,1
data\val\ai\ai_000136.png,1,ai,crop_80pct,0.912371,1,1
data\val\ai\ai_000137.png,1,ai,crop_80pct,0.929196,1,1
data\val\ai\ai_000138.png,1,ai,crop_80pct,0.935633,1,1
data\val\ai\ai_000139.png,1,ai,crop_80pct,0.998184,1,1
data\val\ai\ai_000140.png,1,ai,crop_80pct,0.953003,1,1
data\val\ai\ai_000141.png,1,ai,crop_80pct,0.999515,1,1
data\val\ai\ai_000142.png,1,ai,crop_80pct,0.974964,1,1
data\val\ai\ai_000143.png,1,ai,crop_80pct,0.995626,1,1
data\val\ai\ai_000144.png,1,ai,crop_80pct,0.993808,1,1
data\val\ai\ai_000145.png,1,ai,crop_80pct,0.993515,1,1
data\val\ai\ai_000146.png,1,ai,crop_80pct,0.995982,1,1
data\val\ai\ai_000147.png,1,ai,crop_80pct,0.946079,1,1
data\val\ai\ai_000148.png,1,ai,crop_80pct,0.166050,0,0
data\val\ai\ai_000149.png,1,ai,crop_80pct,0.998408,1,1
data\val\ai\ai_000150.png,1,ai,crop_80pct,0.853303,1,1
data\val\ai\ai_000151.png,1,ai,crop_80pct,0.863594,1,1
data\val\ai\ai_000152.png,1,ai,crop_80pct,0.854511,1,1
data\val\ai\ai_000153.png,1,ai,crop_80pct,0.998681,1,1
data\val\ai\ai_000154.png,1,ai,crop_80pct,0.996960,1,1
data\val\ai\ai_000155.png,1,ai,crop_80pct,0.998262,1,1
data\val\ai\ai_000156.png,1,ai,crop_80pct,0.774076,1,1
data\val\ai\ai_000157.png,1,ai,crop_80pct,0.971806,1,1
data\val\ai\ai_000158.png,1,ai,crop_80pct,0.639659,1,1
data\val\ai\ai_000159.png,1,ai,crop_80pct,0.996908,1,1
data\val\ai\ai_000160.png,1,ai,crop_80pct,0.458632,0,0
data\val\ai\ai_000161.png,1,ai,crop_80pct,0.997965,1,1
data\val\ai\ai_000162.png,1,ai,crop_80pct,0.971660,1,1
data\val\ai\ai_000163.png,1,ai,crop_80pct,0.998118,1,1
data\val\ai\ai_000164.png,1,ai,crop_80pct,0.998261,1,1
data\val\ai\ai_000165.png,1,ai,crop_80pct,0.998853,1,1
data\val\ai\ai_000166.png,1,ai,crop_80pct,0.986649,1,1
data\val\ai\ai_000167.png,1,ai,crop_80pct,0.991462,1,1
data\val\ai\ai_000168.png,1,ai,crop_80pct,0.425750,0,0
data\val\ai\ai_000169.png,1,ai,crop_80pct,0.988491,1,1
data\val\ai\ai_000170.png,1,ai,crop_80pct,0.993131,1,1
data\val\ai\ai_000171.png,1,ai,crop_80pct,0.986177,1,1
data\val\ai\ai_000172.png,1,ai,crop_80pct,0.991433,1,1
data\val\ai\ai_000173.png,1,ai,crop_80pct,0.993848,1,1
data\val\ai\ai_000174.png,1,ai,crop_80pct,0.999718,1,1
data\val\ai\ai_000175.png,1,ai,crop_80pct,0.996916,1,1
data\val\ai\ai_000176.png,1,ai,crop_80pct,0.985827,1,1
data\val\ai\ai_000177.png,1,ai,crop_80pct,0.978475,1,1
data\val\ai\ai_000178.png,1,ai,crop_80pct,0.677344,1,1
data\val\ai\ai_000179.png,1,ai,crop_80pct,0.999748,1,1
data\val\ai\ai_000180.png,1,ai,crop_80pct,0.987754,1,1
data\val\ai\ai_000181.png,1,ai,crop_80pct,0.981339,1,1
data\val\ai\ai_000182.png,1,ai,crop_80pct,0.975606,1,1
data\val\ai\ai_000183.png,1,ai,crop_80pct,0.936843,1,1
data\val\ai\ai_000184.png,1,ai,crop_80pct,0.991495,1,1
data\val\ai\ai_000185.png,1,ai,crop_80pct,0.995336,1,1
data\val\ai\ai_000186.png,1,ai,crop_80pct,0.805456,1,1
data\val\ai\ai_000187.png,1,ai,crop_80pct,0.978193,1,1
data\val\ai\ai_000188.png,1,ai,crop_80pct,0.879893,1,1
data\val\ai\ai_000189.png,1,ai,crop_80pct,0.997799,1,1
data\val\ai\ai_000190.png,1,ai,crop_80pct,0.948374,1,1
data\val\ai\ai_000191.png,1,ai,crop_80pct,0.929584,1,1
data\val\ai\ai_000192.png,1,ai,crop_80pct,0.998802,1,1
data\val\ai\ai_000193.png,1,ai,crop_80pct,0.999804,1,1
data\val\ai\ai_000194.png,1,ai,crop_80pct,0.991529,1,1
data\val\ai\ai_000195.png,1,ai,crop_80pct,0.984495,1,1
data\val\ai\ai_000196.png,1,ai,crop_80pct,0.992564,1,1
data\val\ai\ai_000197.png,1,ai,crop_80pct,0.987524,1,1
data\val\ai\ai_000198.png,1,ai,crop_80pct,0.962092,1,1
data\val\ai\ai_000199.png,1,ai,crop_80pct,0.984550,1,1
data\val\ai\ai_000200.png,1,ai,crop_80pct,0.977522,1,1
data\val\ai\ai_000201.png,1,ai,crop_80pct,0.950545,1,1
data\val\ai\ai_000202.png,1,ai,crop_80pct,0.882055,1,1
data\val\ai\ai_000203.png,1,ai,crop_80pct,0.992445,1,1
data\val\ai\ai_000204.png,1,ai,crop_80pct,0.997862,1,1
data\val\ai\ai_000205.png,1,ai,crop_80pct,0.944730,1,1
data\val\ai\ai_000206.png,1,ai,crop_80pct,0.995713,1,1
data\val\ai\ai_000207.png,1,ai,crop_80pct,0.996553,1,1
data\val\ai\ai_000208.png,1,ai,crop_80pct,0.987045,1,1
data\val\ai\ai_000209.png,1,ai,crop_80pct,0.995353,1,1
data\val\ai\ai_000210.png,1,ai,crop_80pct,0.935467,1,1
data\val\ai\ai_000211.png,1,ai,crop_80pct,0.998326,1,1
data\val\ai\ai_000212.png,1,ai,crop_80pct,0.999314,1,1
data\val\ai\ai_000213.png,1,ai,crop_80pct,0.978270,1,1
data\val\ai\ai_000214.png,1,ai,crop_80pct,0.998987,1,1
data\val\ai\ai_000215.png,1,ai,crop_80pct,0.970666,1,1
data\val\ai\ai_000216.png,1,ai,crop_80pct,0.946522,1,1
data\val\ai\ai_000217.png,1,ai,crop_80pct,0.909193,1,1
data\val\ai\ai_000218.png,1,ai,crop_80pct,0.922074,1,1
data\val\ai\ai_000219.png,1,ai,crop_80pct,0.988371,1,1
data\val\ai\ai_000220.png,1,ai,crop_80pct,0.853856,1,1
data\val\ai\ai_000221.png,1,ai,crop_80pct,0.993479,1,1
data\val\ai\ai_000222.png,1,ai,crop_80pct,0.898219,1,1
data\val\ai\ai_000223.png,1,ai,crop_80pct,0.996710,1,1
data\val\ai\ai_000224.png,1,ai,crop_80pct,0.990660,1,1
data\val\ai\ai_000225.png,1,ai,crop_80pct,0.918289,1,1
data\val\ai\ai_000226.png,1,ai,crop_80pct,0.993896,1,1
data\val\ai\ai_000227.png,1,ai,crop_80pct,0.981850,1,1
data\val\ai\ai_000228.png,1,ai,crop_80pct,0.164583,0,0
data\val\ai\ai_000229.png,1,ai,crop_80pct,0.985020,1,1
data\val\ai\ai_000230.png,1,ai,crop_80pct,0.988918,1,1
data\val\ai\ai_000231.png,1,ai,crop_80pct,0.999633,1,1
data\val\ai\ai_000232.png,1,ai,crop_80pct,0.843844,1,1
data\val\ai\ai_000233.png,1,ai,crop_80pct,0.997130,1,1
data\val\ai\ai_000234.png,1,ai,crop_80pct,0.998478,1,1
data\val\ai\ai_000235.png,1,ai,crop_80pct,0.997189,1,1
data\val\ai\ai_000236.png,1,ai,crop_80pct,0.935123,1,1
data\val\ai\ai_000237.png,1,ai,crop_80pct,0.950088,1,1
data\val\ai\ai_000238.png,1,ai,crop_80pct,0.916616,1,1
data\val\ai\ai_000239.png,1,ai,crop_80pct,0.928421,1,1
data\val\ai\ai_000240.png,1,ai,crop_80pct,0.957740,1,1
data\val\ai\ai_000241.png,1,ai,crop_80pct,0.966525,1,1
data\val\ai\ai_000242.png,1,ai,crop_80pct,0.998677,1,1
data\val\ai\ai_000243.png,1,ai,crop_80pct,0.993240,1,1
data\val\ai\ai_000244.png,1,ai,crop_80pct,0.998815,1,1
data\val\ai\ai_000245.png,1,ai,crop_80pct,0.981041,1,1
data\val\ai\ai_000246.png,1,ai,crop_80pct,0.998875,1,1
data\val\ai\ai_000247.png,1,ai,crop_80pct,0.961663,1,1
data\val\ai\ai_000248.png,1,ai,crop_80pct,0.989443,1,1
data\val\ai\ai_000249.png,1,ai,crop_80pct,0.997737,1,1
data\val\ai\ai_000250.png,1,ai,crop_80pct,0.870610,1,1
data\val\ai\ai_000251.png,1,ai,crop_80pct,0.973650,1,1
data\val\ai\ai_000252.png,1,ai,crop_80pct,0.989228,1,1
data\val\ai\ai_000253.png,1,ai,crop_80pct,0.998814,1,1
data\val\ai\ai_000254.png,1,ai,crop_80pct,0.994991,1,1
data\val\ai\ai_000255.png,1,ai,crop_80pct,0.765856,1,1
data\val\ai\ai_000256.png,1,ai,crop_80pct,0.714116,1,1
data\val\ai\ai_000257.png,1,ai,crop_80pct,0.991456,1,1
data\val\ai\ai_000258.png,1,ai,crop_80pct,0.880822,1,1
data\val\ai\ai_000259.png,1,ai,crop_80pct,0.997543,1,1
data\val\ai\ai_000260.png,1,ai,crop_80pct,0.923942,1,1
data\val\ai\ai_000261.png,1,ai,crop_80pct,0.973431,1,1
data\val\ai\ai_000262.png,1,ai,crop_80pct,0.998187,1,1
data\val\ai\ai_000263.png,1,ai,crop_80pct,0.997341,1,1
data\val\ai\ai_000264.png,1,ai,crop_80pct,0.999154,1,1
data\val\ai\ai_000265.png,1,ai,crop_80pct,0.991373,1,1
data\val\ai\ai_000266.png,1,ai,crop_80pct,0.986682,1,1
data\val\ai\ai_000267.png,1,ai,crop_80pct,0.993749,1,1
data\val\ai\ai_000268.png,1,ai,crop_80pct,0.906799,1,1
data\val\ai\ai_000269.png,1,ai,crop_80pct,0.998763,1,1
data\val\ai\ai_000270.png,1,ai,crop_80pct,0.775803,1,1
data\val\ai\ai_000271.png,1,ai,crop_80pct,0.994016,1,1
data\val\ai\ai_000272.png,1,ai,crop_80pct,0.997072,1,1
data\val\ai\ai_000273.png,1,ai,crop_80pct,0.998405,1,1
data\val\ai\ai_000274.png,1,ai,crop_80pct,0.997532,1,1
data\val\ai\ai_000275.png,1,ai,crop_80pct,0.995028,1,1
data\val\ai\ai_000276.png,1,ai,crop_80pct,0.986410,1,1
data\val\ai\ai_000277.png,1,ai,crop_80pct,0.964293,1,1
data\val\ai\ai_000278.png,1,ai,crop_80pct,0.996031,1,1
data\val\ai\ai_000279.png,1,ai,crop_80pct,0.968911,1,1
data\val\ai\ai_000280.png,1,ai,crop_80pct,0.869839,1,1
data\val\ai\ai_000281.png,1,ai,crop_80pct,0.924241,1,1
data\val\ai\ai_000282.png,1,ai,crop_80pct,0.946667,1,1
data\val\ai\ai_000283.png,1,ai,crop_80pct,0.996333,1,1
data\val\ai\ai_000284.png,1,ai,crop_80pct,0.974257,1,1
data\val\ai\ai_000285.png,1,ai,crop_80pct,0.986897,1,1
data\val\ai\ai_000286.png,1,ai,crop_80pct,0.965274,1,1
data\val\ai\ai_000287.png,1,ai,crop_80pct,0.974875,1,1
data\val\ai\ai_000288.png,1,ai,crop_80pct,0.595812,1,1
data\val\ai\ai_000289.png,1,ai,crop_80pct,0.997550,1,1
data\val\ai\ai_000290.png,1,ai,crop_80pct,0.910405,1,1
data\val\ai\ai_000291.png,1,ai,crop_80pct,0.997156,1,1
data\val\ai\ai_000292.png,1,ai,crop_80pct,0.993372,1,1
data\val\ai\ai_000293.png,1,ai,crop_80pct,0.657809,1,1
data\val\ai\ai_000294.png,1,ai,crop_80pct,0.957018,1,1
data\val\ai\ai_000295.png,1,ai,crop_80pct,0.982698,1,1
data\val\ai\ai_000296.png,1,ai,crop_80pct,0.989493,1,1
data\val\ai\ai_000297.png,1,ai,crop_80pct,0.997644,1,1
data\val\ai\ai_000298.png,1,ai,crop_80pct,0.986325,1,1
data\val\ai\ai_000299.png,1,ai,crop_80pct,0.991594,1,1
data\val\ai\ai_000300.png,1,ai,crop_80pct,0.797173,1,1
data\val\ai\ai_000301.png,1,ai,crop_80pct,0.960329,1,1
data\val\ai\ai_000302.png,1,ai,crop_80pct,0.975781,1,1
data\val\ai\ai_000303.png,1,ai,crop_80pct,0.930861,1,1
data\val\ai\ai_000304.png,1,ai,crop_80pct,0.988506,1,1
data\val\ai\ai_000305.png,1,ai,crop_80pct,0.964362,1,1
data\val\ai\ai_000306.png,1,ai,crop_80pct,0.991980,1,1
data\val\ai\ai_000307.png,1,ai,crop_80pct,0.992261,1,1
data\val\ai\ai_000308.png,1,ai,crop_80pct,0.880969,1,1
data\val\ai\ai_000309.png,1,ai,crop_80pct,0.883556,1,1
data\val\ai\ai_000310.png,1,ai,crop_80pct,0.974193,1,1
data\val\ai\ai_000311.png,1,ai,crop_80pct,0.993699,1,1
data\val\ai\ai_000312.png,1,ai,crop_80pct,0.954556,1,1
data\val\ai\ai_000313.png,1,ai,crop_80pct,0.835321,1,1
data\val\ai\ai_000314.png,1,ai,crop_80pct,0.993947,1,1
data\val\ai\ai_000315.png,1,ai,crop_80pct,0.988387,1,1
data\val\ai\ai_000316.png,1,ai,crop_80pct,0.995142,1,1
data\val\ai\ai_000317.png,1,ai,crop_80pct,0.999447,1,1
data\val\ai\ai_000318.png,1,ai,crop_80pct,0.159346,0,0
data\val\ai\ai_000319.png,1,ai,crop_80pct,0.973137,1,1
data\val\ai\ai_000320.png,1,ai,crop_80pct,0.960723,1,1
data\val\ai\ai_000321.png,1,ai,crop_80pct,0.990527,1,1
data\val\ai\ai_000322.png,1,ai,crop_80pct,0.816393,1,1
data\val\ai\ai_000323.png,1,ai,crop_80pct,0.999163,1,1
data\val\ai\ai_000324.png,1,ai,crop_80pct,0.997724,1,1
data\val\ai\ai_000325.png,1,ai,crop_80pct,0.936744,1,1
data\val\ai\ai_000326.png,1,ai,crop_80pct,0.996892,1,1
data\val\ai\ai_000327.png,1,ai,crop_80pct,0.998620,1,1
data\val\ai\ai_000328.png,1,ai,crop_80pct,0.914079,1,1
data\val\ai\ai_000329.png,1,ai,crop_80pct,0.986934,1,1
data\val\ai\ai_000330.png,1,ai,crop_80pct,0.983129,1,1
data\val\ai\ai_000331.png,1,ai,crop_80pct,0.935439,1,1
data\val\ai\ai_000332.png,1,ai,crop_80pct,0.892622,1,1
data\val\ai\ai_000333.png,1,ai,crop_80pct,0.989763,1,1
data\val\ai\ai_000334.png,1,ai,crop_80pct,0.998350,1,1
data\val\ai\ai_000335.png,1,ai,crop_80pct,0.998356,1,1
data\val\ai\ai_000336.png,1,ai,crop_80pct,0.913058,1,1
data\val\ai\ai_000337.png,1,ai,crop_80pct,0.997211,1,1
data\val\ai\ai_000338.png,1,ai,crop_80pct,0.895251,1,1
data\val\ai\ai_000339.png,1,ai,crop_80pct,0.999391,1,1
data\val\ai\ai_000340.png,1,ai,crop_80pct,0.989632,1,1
data\val\ai\ai_000341.png,1,ai,crop_80pct,0.972157,1,1
data\val\ai\ai_000342.png,1,ai,crop_80pct,0.707249,1,1
data\val\ai\ai_000343.png,1,ai,crop_80pct,0.998501,1,1
data\val\ai\ai_000344.png,1,ai,crop_80pct,0.994522,1,1
data\val\ai\ai_000345.png,1,ai,crop_80pct,0.993992,1,1
data\val\ai\ai_000346.png,1,ai,crop_80pct,0.996207,1,1
data\val\ai\ai_000347.png,1,ai,crop_80pct,0.972579,1,1
data\val\ai\ai_000348.png,1,ai,crop_80pct,0.917947,1,1
data\val\ai\ai_000349.png,1,ai,crop_80pct,0.999560,1,1
data\val\ai\ai_000350.png,1,ai,crop_80pct,0.877735,1,1
data\val\ai\ai_000351.png,1,ai,crop_80pct,0.989446,1,1
data\val\ai\ai_000352.png,1,ai,crop_80pct,0.920252,1,1
data\val\ai\ai_000353.png,1,ai,crop_80pct,0.939251,1,1
data\val\ai\ai_000354.png,1,ai,crop_80pct,0.998230,1,1
data\val\ai\ai_000355.png,1,ai,crop_80pct,0.976928,1,1
data\val\ai\ai_000356.png,1,ai,crop_80pct,0.898061,1,1
data\val\ai\ai_000357.png,1,ai,crop_80pct,0.983966,1,1
data\val\ai\ai_000358.png,1,ai,crop_80pct,0.165813,0,0
data\val\ai\ai_000359.png,1,ai,crop_80pct,0.989935,1,1
data\val\ai\ai_000360.png,1,ai,crop_80pct,0.947224,1,1
data\val\ai\ai_000361.png,1,ai,crop_80pct,0.993610,1,1
data\val\ai\ai_000362.png,1,ai,crop_80pct,0.886010,1,1
data\val\ai\ai_000363.png,1,ai,crop_80pct,0.999579,1,1
data\val\ai\ai_000364.png,1,ai,crop_80pct,0.998934,1,1
data\val\ai\ai_000365.png,1,ai,crop_80pct,0.914118,1,1
data\val\ai\ai_000366.png,1,ai,crop_80pct,0.939511,1,1
data\val\ai\ai_000367.png,1,ai,crop_80pct,0.977420,1,1
data\val\ai\ai_000368.png,1,ai,crop_80pct,0.831695,1,1
data\val\ai\ai_000369.png,1,ai,crop_80pct,0.994448,1,1
data\val\ai\ai_000370.png,1,ai,crop_80pct,0.674522,1,1
data\val\ai\ai_000371.png,1,ai,crop_80pct,0.983419,1,1
data\val\ai\ai_000372.png,1,ai,crop_80pct,0.949755,1,1
data\val\ai\ai_000373.png,1,ai,crop_80pct,0.996336,1,1
data\val\ai\ai_000374.png,1,ai,crop_80pct,0.999439,1,1
data\val\ai\ai_000375.png,1,ai,crop_80pct,0.994663,1,1
data\val\ai\ai_000376.png,1,ai,crop_80pct,0.889665,1,1
data\val\ai\ai_000377.png,1,ai,crop_80pct,0.974472,1,1
data\val\ai\ai_000378.png,1,ai,crop_80pct,0.996665,1,1
data\val\ai\ai_000379.png,1,ai,crop_80pct,0.907044,1,1
data\val\ai\ai_000380.png,1,ai,crop_80pct,0.902455,1,1
data\val\ai\ai_000381.png,1,ai,crop_80pct,0.971322,1,1
data\val\ai\ai_000382.png,1,ai,crop_80pct,0.837741,1,1
data\val\ai\ai_000383.png,1,ai,crop_80pct,0.996261,1,1
data\val\ai\ai_000384.png,1,ai,crop_80pct,0.944377,1,1
data\val\ai\ai_000385.png,1,ai,crop_80pct,0.992908,1,1
data\val\ai\ai_000386.png,1,ai,crop_80pct,0.964421,1,1
data\val\ai\ai_000387.png,1,ai,crop_80pct,0.999400,1,1
data\val\ai\ai_000388.png,1,ai,crop_80pct,0.997027,1,1
data\val\ai\ai_000389.png,1,ai,crop_80pct,0.977905,1,1
data\val\ai\ai_000390.png,1,ai,crop_80pct,0.904963,1,1
data\val\ai\ai_000391.png,1,ai,crop_80pct,0.951421,1,1
data\val\ai\ai_000392.png,1,ai,crop_80pct,0.664350,1,1
data\val\ai\ai_000393.png,1,ai,crop_80pct,0.993703,1,1
data\val\ai\ai_000394.png,1,ai,crop_80pct,0.995318,1,1
data\val\ai\ai_000395.png,1,ai,crop_80pct,0.986798,1,1
data\val\ai\ai_000396.png,1,ai,crop_80pct,0.963055,1,1
data\val\ai\ai_000397.png,1,ai,crop_80pct,0.997707,1,1
data\val\ai\ai_000398.png,1,ai,crop_80pct,0.964976,1,1
data\val\ai\ai_000399.png,1,ai,crop_80pct,0.980538,1,1
data\val\ai\ai_000400.png,1,ai,crop_80pct,0.957549,1,1
data\val\ai\ai_000401.png,1,ai,crop_80pct,0.995047,1,1
data\val\ai\ai_000402.png,1,ai,crop_80pct,0.964988,1,1
data\val\ai\ai_000403.png,1,ai,crop_80pct,0.997375,1,1
data\val\ai\ai_000404.png,1,ai,crop_80pct,0.992914,1,1
data\val\ai\ai_000405.png,1,ai,crop_80pct,0.999603,1,1
data\val\ai\ai_000406.png,1,ai,crop_80pct,0.997838,1,1
data\val\ai\ai_000407.png,1,ai,crop_80pct,0.856526,1,1
data\val\ai\ai_000408.png,1,ai,crop_80pct,0.994465,1,1
data\val\ai\ai_000409.png,1,ai,crop_80pct,0.992763,1,1
data\val\ai\ai_000410.png,1,ai,crop_80pct,0.879964,1,1
data\val\ai\ai_000411.png,1,ai,crop_80pct,0.995150,1,1
data\val\ai\ai_000412.png,1,ai,crop_80pct,0.998528,1,1
data\val\ai\ai_000413.png,1,ai,crop_80pct,0.990140,1,1
data\val\ai\ai_000414.png,1,ai,crop_80pct,0.999322,1,1
data\val\ai\ai_000415.png,1,ai,crop_80pct,0.991716,1,1
data\val\ai\ai_000416.png,1,ai,crop_80pct,0.868237,1,1
data\val\ai\ai_000417.png,1,ai,crop_80pct,0.965823,1,1
data\val\ai\ai_000418.png,1,ai,crop_80pct,0.715065,1,1
data\val\ai\ai_000419.png,1,ai,crop_80pct,0.959128,1,1
data\val\ai\ai_000420.png,1,ai,crop_80pct,0.982853,1,1
data\val\ai\ai_000421.png,1,ai,crop_80pct,0.998749,1,1
data\val\ai\ai_000422.png,1,ai,crop_80pct,0.244681,0,0
data\val\ai\ai_000423.png,1,ai,crop_80pct,0.945885,1,1
data\val\ai\ai_000424.png,1,ai,crop_80pct,0.999840,1,1
data\val\ai\ai_000425.png,1,ai,crop_80pct,0.936099,1,1
data\val\ai\ai_000426.png,1,ai,crop_80pct,0.900477,1,1
data\val\ai\ai_000427.png,1,ai,crop_80pct,0.994385,1,1
data\val\ai\ai_000428.png,1,ai,crop_80pct,0.978516,1,1
data\val\ai\ai_000429.png,1,ai,crop_80pct,0.998155,1,1
data\val\ai\ai_000430.png,1,ai,crop_80pct,0.786137,1,1
data\val\ai\ai_000431.png,1,ai,crop_80pct,0.969384,1,1
data\val\ai\ai_000432.png,1,ai,crop_80pct,0.987234,1,1
data\val\ai\ai_000433.png,1,ai,crop_80pct,0.998632,1,1
data\val\ai\ai_000434.png,1,ai,crop_80pct,0.951519,1,1
data\val\ai\ai_000435.png,1,ai,crop_80pct,0.977952,1,1
data\val\ai\ai_000436.png,1,ai,crop_80pct,0.995576,1,1
data\val\ai\ai_000437.png,1,ai,crop_80pct,0.966426,1,1
data\val\ai\ai_000438.png,1,ai,crop_80pct,0.985607,1,1
data\val\ai\ai_000439.png,1,ai,crop_80pct,0.927637,1,1
data\val\ai\ai_000440.png,1,ai,crop_80pct,0.931738,1,1
data\val\ai\ai_000441.png,1,ai,crop_80pct,0.856649,1,1
data\val\ai\ai_000442.png,1,ai,crop_80pct,0.998118,1,1
data\val\ai\ai_000443.png,1,ai,crop_80pct,0.998503,1,1
data\val\ai\ai_000444.png,1,ai,crop_80pct,0.995990,1,1
data\val\ai\ai_000445.png,1,ai,crop_80pct,0.985078,1,1
data\val\ai\ai_000446.png,1,ai,crop_80pct,0.995440,1,1
data\val\ai\ai_000447.png,1,ai,crop_80pct,0.958529,1,1
data\val\ai\ai_000448.png,1,ai,crop_80pct,0.364853,0,0
data\val\ai\ai_000449.png,1,ai,crop_80pct,0.999904,1,1
data\val\ai\ai_000450.png,1,ai,crop_80pct,0.994753,1,1
data\val\ai\ai_000451.png,1,ai,crop_80pct,0.982588,1,1
data\val\ai\ai_000452.png,1,ai,crop_80pct,0.851882,1,1
data\val\ai\ai_000453.png,1,ai,crop_80pct,0.999012,1,1
data\val\ai\ai_000454.png,1,ai,crop_80pct,0.948944,1,1
data\val\ai\ai_000455.png,1,ai,crop_80pct,0.978721,1,1
data\val\ai\ai_000456.png,1,ai,crop_80pct,0.979434,1,1
data\val\ai\ai_000457.png,1,ai,crop_80pct,0.917717,1,1
data\val\ai\ai_000458.png,1,ai,crop_80pct,0.973531,1,1
data\val\ai\ai_000459.png,1,ai,crop_80pct,0.764765,1,1
data\val\ai\ai_000460.png,1,ai,crop_80pct,0.948140,1,1
data\val\ai\ai_000461.png,1,ai,crop_80pct,0.732784,1,1
data\val\ai\ai_000462.png,1,ai,crop_80pct,0.988446,1,1
data\val\ai\ai_000463.png,1,ai,crop_80pct,0.991297,1,1
data\val\ai\ai_000464.png,1,ai,crop_80pct,0.986387,1,1
data\val\ai\ai_000465.png,1,ai,crop_80pct,0.995920,1,1
data\val\ai\ai_000466.png,1,ai,crop_80pct,0.687615,1,1
data\val\ai\ai_000467.png,1,ai,crop_80pct,0.992504,1,1
data\val\ai\ai_000468.png,1,ai,crop_80pct,0.723660,1,1
data\val\ai\ai_000469.png,1,ai,crop_80pct,0.995604,1,1
data\val\ai\ai_000470.png,1,ai,crop_80pct,0.894546,1,1
data\val\ai\ai_000471.png,1,ai,crop_80pct,0.999903,1,1
data\val\ai\ai_000472.png,1,ai,crop_80pct,0.987601,1,1
data\val\ai\ai_000473.png,1,ai,crop_80pct,0.821009,1,1
data\val\ai\ai_000474.png,1,ai,crop_80pct,0.993993,1,1
data\val\ai\ai_000475.png,1,ai,crop_80pct,0.997999,1,1
data\val\ai\ai_000476.png,1,ai,crop_80pct,0.946457,1,1
data\val\ai\ai_000477.png,1,ai,crop_80pct,0.976889,1,1
data\val\ai\ai_000478.png,1,ai,crop_80pct,0.747744,1,1
data\val\ai\ai_000479.png,1,ai,crop_80pct,0.971556,1,1
data\val\ai\ai_000480.png,1,ai,crop_80pct,0.903085,1,1
data\val\ai\ai_000481.png,1,ai,crop_80pct,0.998101,1,1
data\val\ai\ai_000482.png,1,ai,crop_80pct,0.609288,1,1
data\val\ai\ai_000483.png,1,ai,crop_80pct,0.954350,1,1
data\val\ai\ai_000484.png,1,ai,crop_80pct,0.984973,1,1
data\val\ai\ai_000485.png,1,ai,crop_80pct,0.886495,1,1
data\val\ai\ai_000486.png,1,ai,crop_80pct,0.993020,1,1
data\val\ai\ai_000487.png,1,ai,crop_80pct,0.981632,1,1
data\val\ai\ai_000488.png,1,ai,crop_80pct,0.476347,0,0
data\val\ai\ai_000489.png,1,ai,crop_80pct,0.967250,1,1
data\val\ai\ai_000490.png,1,ai,crop_80pct,0.952433,1,1
data\val\ai\ai_000491.png,1,ai,crop_80pct,0.976180,1,1
data\val\ai\ai_000492.png,1,ai,crop_80pct,0.990479,1,1
data\val\ai\ai_000493.png,1,ai,crop_80pct,0.977775,1,1
data\val\ai\ai_000494.png,1,ai,crop_80pct,0.989446,1,1
data\val\ai\ai_000495.png,1,ai,crop_80pct,0.990742,1,1
data\val\ai\ai_000496.png,1,ai,crop_80pct,0.921741,1,1
data\val\ai\ai_000497.png,1,ai,crop_80pct,0.994269,1,1
data\val\ai\ai_000498.png,1,ai,crop_80pct,0.939156,1,1
data\val\ai\ai_000499.png,1,ai,crop_80pct,0.998606,1,1
data\val\ai\ai_000500.png,1,ai,crop_80pct,0.930324,1,1
