image_path,true_label,true_class,transform,prob_ai,pred,correct
data\val\real\000000000139.jpg,0,real,clean,0.842742,1,0
data\val\real\000000000285.jpg,0,real,clean,0.081402,0,1
data\val\real\000000000632.jpg,0,real,clean,0.901484,1,0
data\val\real\000000000724.jpg,0,real,clean,0.122326,0,1
data\val\real\000000000776.jpg,0,real,clean,0.059250,0,1
data\val\real\000000000785.jpg,0,real,clean,0.656002,1,0
data\val\real\000000000802.jpg,0,real,clean,0.418482,0,1
data\val\real\000000000872.jpg,0,real,clean,0.015794,0,1
data\val\real\000000000885.jpg,0,real,clean,0.194572,0,1
data\val\real\000000001000.jpg,0,real,clean,0.002965,0,1
data\val\real\000000001268.jpg,0,real,clean,0.058689,0,1
data\val\real\000000001296.jpg,0,real,clean,0.221182,0,1
data\val\real\000000001353.jpg,0,real,clean,0.004550,0,1
data\val\real\000000001425.jpg,0,real,clean,0.792273,1,0
data\val\real\000000001490.jpg,0,real,clean,0.178986,0,1
data\val\real\000000001503.jpg,0,real,clean,0.361544,0,1
data\val\real\000000001532.jpg,0,real,clean,0.104502,0,1
data\val\real\000000001584.jpg,0,real,clean,0.305041,0,1
data\val\real\000000001675.jpg,0,real,clean,0.109714,0,1
data\val\real\000000001761.jpg,0,real,clean,0.018702,0,1
data\val\real\000000001818.jpg,0,real,clean,0.370125,0,1
data\val\real\000000001993.jpg,0,real,clean,0.360009,0,1
data\val\real\000000002006.jpg,0,real,clean,0.060244,0,1
data\val\real\000000002149.jpg,0,real,clean,0.420472,0,1
data\val\real\000000002153.jpg,0,real,clean,0.010959,0,1
data\val\real\000000002157.jpg,0,real,clean,0.307807,0,1
data\val\real\000000002261.jpg,0,real,clean,0.033544,0,1
data\val\real\000000002299.jpg,0,real,clean,0.010610,0,1
data\val\real\000000002431.jpg,0,real,clean,0.059548,0,1
data\val\real\000000002473.jpg,0,real,clean,0.057509,0,1
data\val\real\000000002532.jpg,0,real,clean,0.021876,0,1
data\val\real\000000002587.jpg,0,real,clean,0.111602,0,1
data\val\real\000000002592.jpg,0,real,clean,0.050782,0,1
data\val\real\000000002685.jpg,0,real,clean,0.004430,0,1
data\val\real\000000002923.jpg,0,real,clean,0.034483,0,1
data\val\real\000000003156.jpg,0,real,clean,0.382428,0,1
data\val\real\000000003255.jpg,0,real,clean,0.677513,1,0
data\val\real\000000003501.jpg,0,real,clean,0.167134,0,1
data\val\real\000000003553.jpg,0,real,clean,0.123520,0,1
data\val\real\000000003661.jpg,0,real,clean,0.024978,0,1
data\val\real\000000003845.jpg,0,real,clean,0.234347,0,1
data\val\real\000000003934.jpg,0,real,clean,0.002725,0,1
data\val\real\000000004134.jpg,0,real,clean,0.004614,0,1
data\val\real\000000004395.jpg,0,real,clean,0.057466,0,1
data\val\real\000000004495.jpg,0,real,clean,0.309928,0,1
data\val\real\000000004765.jpg,0,real,clean,0.260806,0,1
data\val\real\000000004795.jpg,0,real,clean,0.001366,0,1
data\val\real\000000005001.jpg,0,real,clean,0.046602,0,1
data\val\real\000000005037.jpg,0,real,clean,0.113425,0,1
data\val\real\000000005060.jpg,0,real,clean,0.072557,0,1
data\val\real\000000005193.jpg,0,real,clean,0.004083,0,1
data\val\real\000000005477.jpg,0,real,clean,0.210659,0,1
data\val\real\000000005503.jpg,0,real,clean,0.022259,0,1
data\val\real\000000005529.jpg,0,real,clean,0.046794,0,1
data\val\real\000000005586.jpg,0,real,clean,0.003192,0,1
data\val\real\000000005600.jpg,0,real,clean,0.030418,0,1
data\val\real\000000005992.jpg,0,real,clean,0.033407,0,1
data\val\real\000000006012.jpg,0,real,clean,0.094298,0,1
data\val\real\000000006040.jpg,0,real,clean,0.583622,1,0
data\val\real\000000006213.jpg,0,real,clean,0.471496,0,1
data\val\real\000000006460.jpg,0,real,clean,0.107767,0,1
data\val\real\000000006471.jpg,0,real,clean,0.028030,0,1
data\val\real\000000006614.jpg,0,real,clean,0.223934,0,1
data\val\real\000000006723.jpg,0,real,clean,0.137338,0,1
data\val\real\000000006763.jpg,0,real,clean,0.000242,0,1
data\val\real\000000006771.jpg,0,real,clean,0.004937,0,1
data\val\real\000000006818.jpg,0,real,clean,0.091286,0,1
data\val\real\000000006894.jpg,0,real,clean,0.014176,0,1
data\val\real\000000006954.jpg,0,real,clean,0.077622,0,1
data\val\real\000000007088.jpg,0,real,clean,0.023679,0,1
data\val\real\000000007108.jpg,0,real,clean,0.091118,0,1
data\val\real\000000007278.jpg,0,real,clean,0.276239,0,1
data\val\real\000000007281.jpg,0,real,clean,0.004246,0,1
data\val\real\000000007386.jpg,0,real,clean,0.101704,0,1
data\val\real\000000007511.jpg,0,real,clean,0.063460,0,1
data\val\real\000000007574.jpg,0,real,clean,0.290385,0,1
data\val\real\000000007784.jpg,0,real,clean,0.509711,1,0
data\val\real\000000007795.jpg,0,real,clean,0.857532,1,0
data\val\real\000000007816.jpg,0,real,clean,0.007900,0,1
data\val\real\000000007818.jpg,0,real,clean,0.568549,1,0
data\val\real\000000007888.jpg,0,real,clean,0.847199,1,0
data\val\real\000000007977.jpg,0,real,clean,0.385422,0,1
data\val\real\000000007991.jpg,0,real,clean,0.067441,0,1
data\val\real\000000008021.jpg,0,real,clean,0.006410,0,1
data\val\real\000000008211.jpg,0,real,clean,0.405536,0,1
data\val\real\000000008277.jpg,0,real,clean,0.096586,0,1
data\val\real\000000008532.jpg,0,real,clean,0.008278,0,1
data\val\real\000000008629.jpg,0,real,clean,0.114521,0,1
data\val\real\000000008690.jpg,0,real,clean,0.002283,0,1
data\val\real\000000008762.jpg,0,real,clean,0.411902,0,1
data\val\real\000000008844.jpg,0,real,clean,0.101892,0,1
data\val\real\000000008899.jpg,0,real,clean,0.328595,0,1
data\val\real\000000009378.jpg,0,real,clean,0.031134,0,1
data\val\real\000000009400.jpg,0,real,clean,0.002293,0,1
data\val\real\000000009448.jpg,0,real,clean,0.014767,0,1
data\val\real\000000009483.jpg,0,real,clean,0.069740,0,1
data\val\real\000000009590.jpg,0,real,clean,0.319547,0,1
data\val\real\000000009769.jpg,0,real,clean,0.068655,0,1
data\val\real\000000009772.jpg,0,real,clean,0.038864,0,1
data\val\real\000000009891.jpg,0,real,clean,0.006858,0,1
data\val\real\000000009914.jpg,0,real,clean,0.076034,0,1
data\val\real\000000010092.jpg,0,real,clean,0.176404,0,1
data\val\real\000000010363.jpg,0,real,clean,0.003608,0,1
data\val\real\000000010583.jpg,0,real,clean,0.032998,0,1
data\val\real\000000010707.jpg,0,real,clean,0.000378,0,1
data\val\real\000000010764.jpg,0,real,clean,0.247025,0,1
data\val\real\000000010977.jpg,0,real,clean,0.347063,0,1
data\val\real\000000010995.jpg,0,real,clean,0.342856,0,1
data\val\real\000000011051.jpg,0,real,clean,0.027742,0,1
data\val\real\000000011122.jpg,0,real,clean,0.008398,0,1
data\val\real\000000011149.jpg,0,real,clean,0.024841,0,1
data\val\real\000000011197.jpg,0,real,clean,0.040692,0,1
data\val\real\000000011511.jpg,0,real,clean,0.182214,0,1
data\val\real\000000011615.jpg,0,real,clean,0.090207,0,1
data\val\real\000000011699.jpg,0,real,clean,0.031431,0,1
data\val\real\000000011760.jpg,0,real,clean,0.528147,1,0
data\val\real\000000011813.jpg,0,real,clean,0.397039,0,1
data\val\real\000000012062.jpg,0,real,clean,0.029750,0,1
data\val\real\000000012120.jpg,0,real,clean,0.034880,0,1
data\val\real\000000012280.jpg,0,real,clean,0.811565,1,0
data\val\real\000000012576.jpg,0,real,clean,0.298497,0,1
data\val\real\000000012639.jpg,0,real,clean,0.023447,0,1
data\val\real\000000012667.jpg,0,real,clean,0.308683,0,1
data\val\real\000000012670.jpg,0,real,clean,0.003783,0,1
data\val\real\000000012748.jpg,0,real,clean,0.066821,0,1
data\val\real\000000013004.jpg,0,real,clean,0.176127,0,1
data\val\real\000000013177.jpg,0,real,clean,0.056284,0,1
data\val\real\000000013201.jpg,0,real,clean,0.053033,0,1
data\val\real\000000013291.jpg,0,real,clean,0.176645,0,1
data\val\real\000000013348.jpg,0,real,clean,0.212024,0,1
data\val\real\000000013546.jpg,0,real,clean,0.007106,0,1
data\val\real\000000013597.jpg,0,real,clean,0.689032,1,0
data\val\real\000000013659.jpg,0,real,clean,0.001367,0,1
data\val\real\000000013729.jpg,0,real,clean,0.022850,0,1
data\val\real\000000013774.jpg,0,real,clean,0.470362,0,1
data\val\real\000000013923.jpg,0,real,clean,0.520865,1,0
data\val\real\000000014007.jpg,0,real,clean,0.116981,0,1
data\val\real\000000014038.jpg,0,real,clean,0.802535,1,0
data\val\real\000000014226.jpg,0,real,clean,0.239168,0,1
data\val\real\000000014380.jpg,0,real,clean,0.555749,1,0
data\val\real\000000014439.jpg,0,real,clean,0.028225,0,1
data\val\real\000000014473.jpg,0,real,clean,0.037115,0,1
data\val\real\000000014831.jpg,0,real,clean,0.012841,0,1
data\val\real\000000014888.jpg,0,real,clean,0.022314,0,1
data\val\real\000000015079.jpg,0,real,clean,0.280535,0,1
data\val\real\000000015254.jpg,0,real,clean,0.061153,0,1
data\val\real\000000015272.jpg,0,real,clean,0.589711,1,0
data\val\real\000000015278.jpg,0,real,clean,0.073366,0,1
data\val\real\000000015335.jpg,0,real,clean,0.001346,0,1
data\val\real\000000015338.jpg,0,real,clean,0.304099,0,1
data\val\real\000000015440.jpg,0,real,clean,0.859550,1,0
data\val\real\000000015497.jpg,0,real,clean,0.002799,0,1
data\val\real\000000015517.jpg,0,real,clean,0.140544,0,1
data\val\real\000000015597.jpg,0,real,clean,0.001495,0,1
data\val\real\000000015660.jpg,0,real,clean,0.179567,0,1
data\val\real\000000015746.jpg,0,real,clean,0.063575,0,1
data\val\real\000000015751.jpg,0,real,clean,0.103653,0,1
data\val\real\000000015956.jpg,0,real,clean,0.012769,0,1
data\val\real\000000016010.jpg,0,real,clean,0.035164,0,1
data\val\real\000000016228.jpg,0,real,clean,0.348916,0,1
data\val\real\000000016249.jpg,0,real,clean,0.142213,0,1
data\val\real\000000016439.jpg,0,real,clean,0.481135,0,1
data\val\real\000000016451.jpg,0,real,clean,0.338573,0,1
data\val\real\000000016502.jpg,0,real,clean,0.122043,0,1
data\val\real\000000016598.jpg,0,real,clean,0.006828,0,1
data\val\real\000000016958.jpg,0,real,clean,0.128980,0,1
data\val\real\000000017029.jpg,0,real,clean,0.050450,0,1
data\val\real\000000017031.jpg,0,real,clean,0.267494,0,1
data\val\real\000000017115.jpg,0,real,clean,0.347934,0,1
data\val\real\000000017178.jpg,0,real,clean,0.505712,1,0
data\val\real\000000017182.jpg,0,real,clean,0.516158,1,0
data\val\real\000000017207.jpg,0,real,clean,0.006129,0,1
data\val\real\000000017379.jpg,0,real,clean,0.700012,1,0
data\val\real\000000017436.jpg,0,real,clean,0.022321,0,1
data\val\real\000000017627.jpg,0,real,clean,0.003151,0,1
data\val\real\000000017714.jpg,0,real,clean,0.034540,0,1
data\val\real\000000017899.jpg,0,real,clean,0.001543,0,1
data\val\real\000000017905.jpg,0,real,clean,0.000722,0,1
data\val\real\000000017959.jpg,0,real,clean,0.026829,0,1
data\val\real\000000018150.jpg,0,real,clean,0.000672,0,1
data\val\real\000000018193.jpg,0,real,clean,0.004541,0,1
data\val\real\000000018380.jpg,0,real,clean,0.149786,0,1
data\val\real\000000018491.jpg,0,real,clean,0.013864,0,1
data\val\real\000000018519.jpg,0,real,clean,0.328540,0,1
data\val\real\000000018575.jpg,0,real,clean,0.041577,0,1
data\val\real\000000018737.jpg,0,real,clean,0.073031,0,1
data\val\real\000000018770.jpg,0,real,clean,0.041423,0,1
data\val\real\000000018833.jpg,0,real,clean,0.159211,0,1
data\val\real\000000018837.jpg,0,real,clean,0.049152,0,1
data\val\real\000000019042.jpg,0,real,clean,0.051010,0,1
data\val\real\000000019109.jpg,0,real,clean,0.249954,0,1
data\val\real\000000019221.jpg,0,real,clean,0.004500,0,1
data\val\real\000000019402.jpg,0,real,clean,0.000674,0,1
data\val\real\000000019432.jpg,0,real,clean,0.031805,0,1
data\val\real\000000019742.jpg,0,real,clean,0.264648,0,1
data\val\real\000000019786.jpg,0,real,clean,0.003339,0,1
data\val\real\000000019924.jpg,0,real,clean,0.670338,1,0
data\val\real\000000020059.jpg,0,real,clean,0.068965,0,1
data\val\real\000000020107.jpg,0,real,clean,0.158687,0,1
data\val\real\000000020247.jpg,0,real,clean,0.185417,0,1
data\val\real\000000020333.jpg,0,real,clean,0.133188,0,1
data\val\real\000000020553.jpg,0,real,clean,0.009634,0,1
data\val\real\000000020571.jpg,0,real,clean,0.182057,0,1
data\val\real\000000020992.jpg,0,real,clean,0.007163,0,1
data\val\real\000000021167.jpg,0,real,clean,0.001605,0,1
data\val\real\000000021465.jpg,0,real,clean,0.007059,0,1
data\val\real\000000021503.jpg,0,real,clean,0.003681,0,1
data\val\real\000000021604.jpg,0,real,clean,0.906055,1,0
data\val\real\000000021839.jpg,0,real,clean,0.001967,0,1
data\val\real\000000021879.jpg,0,real,clean,0.053434,0,1
data\val\real\000000021903.jpg,0,real,clean,0.157759,0,1
data\val\real\000000022192.jpg,0,real,clean,0.017461,0,1
data\val\real\000000022371.jpg,0,real,clean,0.885810,1,0
data\val\real\000000022396.jpg,0,real,clean,0.023413,0,1
data\val\real\000000022479.jpg,0,real,clean,0.032067,0,1
data\val\real\000000022589.jpg,0,real,clean,0.015546,0,1
data\val\real\000000022623.jpg,0,real,clean,0.221560,0,1
data\val\real\000000022705.jpg,0,real,clean,0.001818,0,1
data\val\real\000000022755.jpg,0,real,clean,0.374816,0,1
data\val\real\000000022892.jpg,0,real,clean,0.373537,0,1
data\val\real\000000022935.jpg,0,real,clean,0.159226,0,1
data\val\real\000000022969.jpg,0,real,clean,0.314206,0,1
data\val\real\000000023023.jpg,0,real,clean,0.439964,0,1
data\val\real\000000023034.jpg,0,real,clean,0.004244,0,1
data\val\real\000000023126.jpg,0,real,clean,0.239881,0,1
data\val\real\000000023230.jpg,0,real,clean,0.009736,0,1
data\val\real\000000023272.jpg,0,real,clean,0.010776,0,1
data\val\real\000000023359.jpg,0,real,clean,0.110684,0,1
data\val\real\000000023666.jpg,0,real,clean,0.097890,0,1
data\val\real\000000023751.jpg,0,real,clean,0.001591,0,1
data\val\real\000000023781.jpg,0,real,clean,0.324358,0,1
data\val\real\000000023899.jpg,0,real,clean,0.002252,0,1
data\val\real\000000023937.jpg,0,real,clean,0.070265,0,1
data\val\real\000000024021.jpg,0,real,clean,0.016270,0,1
data\val\real\000000024027.jpg,0,real,clean,0.004820,0,1
data\val\real\000000024144.jpg,0,real,clean,0.140827,0,1
data\val\real\000000024243.jpg,0,real,clean,0.020940,0,1
data\val\real\000000024567.jpg,0,real,clean,0.020952,0,1
data\val\real\000000024610.jpg,0,real,clean,0.116420,0,1
data\val\real\000000024919.jpg,0,real,clean,0.241725,0,1
data\val\real\000000025057.jpg,0,real,clean,0.009310,0,1
data\val\real\000000025096.jpg,0,real,clean,0.013172,0,1
data\val\real\000000025139.jpg,0,real,clean,0.368817,0,1
data\val\real\000000025181.jpg,0,real,clean,0.914438,1,0
data\val\real\000000025228.jpg,0,real,clean,0.019796,0,1
data\val\real\000000025386.jpg,0,real,clean,0.004700,0,1
data\val\real\000000025393.jpg,0,real,clean,0.000684,0,1
data\val\real\000000025394.jpg,0,real,clean,0.013438,0,1
data\val\real\000000025424.jpg,0,real,clean,0.146035,0,1
data\val\real\000000025560.jpg,0,real,clean,0.018729,0,1
data\val\real\000000025593.jpg,0,real,clean,0.101795,0,1
data\val\real\000000025603.jpg,0,real,clean,0.000430,0,1
data\val\real\000000025986.jpg,0,real,clean,0.017040,0,1
data\val\real\000000026204.jpg,0,real,clean,0.277739,0,1
data\val\real\000000026465.jpg,0,real,clean,0.089170,0,1
data\val\real\000000026564.jpg,0,real,clean,0.544114,1,0
data\val\real\000000026690.jpg,0,real,clean,0.013943,0,1
data\val\real\000000026926.jpg,0,real,clean,0.305269,0,1
data\val\real\000000026941.jpg,0,real,clean,0.743695,1,0
data\val\real\000000027186.jpg,0,real,clean,0.023149,0,1
data\val\real\000000027620.jpg,0,real,clean,0.305199,0,1
data\val\real\000000027696.jpg,0,real,clean,0.004570,0,1
data\val\real\000000027768.jpg,0,real,clean,0.239897,0,1
data\val\real\000000027932.jpg,0,real,clean,0.285123,0,1
data\val\real\000000027972.jpg,0,real,clean,0.084756,0,1
data\val\real\000000027982.jpg,0,real,clean,0.816629,1,0
data\val\real\000000028285.jpg,0,real,clean,0.019272,0,1
data\val\real\000000028449.jpg,0,real,clean,0.603781,1,0
data\val\real\000000028452.jpg,0,real,clean,0.844093,1,0
data\val\real\000000028809.jpg,0,real,clean,0.251770,0,1
data\val\real\000000028993.jpg,0,real,clean,0.629177,1,0
data\val\real\000000029187.jpg,0,real,clean,0.002955,0,1
data\val\real\000000029393.jpg,0,real,clean,0.004737,0,1
data\val\real\000000029397.jpg,0,real,clean,0.066176,0,1
data\val\real\000000029596.jpg,0,real,clean,0.743834,1,0
data\val\real\000000029640.jpg,0,real,clean,0.190939,0,1
data\val\real\000000029675.jpg,0,real,clean,0.207192,0,1
data\val\real\000000029984.jpg,0,real,clean,0.025037,0,1
data\val\real\000000030213.jpg,0,real,clean,0.414243,0,1
data\val\real\000000030494.jpg,0,real,clean,0.006449,0,1
data\val\real\000000030504.jpg,0,real,clean,0.171367,0,1
data\val\real\000000030675.jpg,0,real,clean,0.405386,0,1
data\val\real\000000030785.jpg,0,real,clean,0.229119,0,1
data\val\real\000000030828.jpg,0,real,clean,0.680276,1,0
data\val\real\000000031050.jpg,0,real,clean,0.202399,0,1
data\val\real\000000031093.jpg,0,real,clean,0.084379,0,1
data\val\real\000000031118.jpg,0,real,clean,0.261102,0,1
data\val\real\000000031217.jpg,0,real,clean,0.164381,0,1
data\val\real\000000031248.jpg,0,real,clean,0.347464,0,1
data\val\real\000000031269.jpg,0,real,clean,0.072673,0,1
data\val\real\000000031296.jpg,0,real,clean,0.002435,0,1
data\val\real\000000031322.jpg,0,real,clean,0.060662,0,1
data\val\real\000000031620.jpg,0,real,clean,0.000125,0,1
data\val\real\000000031735.jpg,0,real,clean,0.010722,0,1
data\val\real\000000031749.jpg,0,real,clean,0.343835,0,1
data\val\real\000000031817.jpg,0,real,clean,0.003955,0,1
data\val\real\000000032038.jpg,0,real,clean,0.053904,0,1
data\val\real\000000032081.jpg,0,real,clean,0.074075,0,1
data\val\real\000000032285.jpg,0,real,clean,0.855845,1,0
data\val\real\000000032334.jpg,0,real,clean,0.000936,0,1
data\val\real\000000032570.jpg,0,real,clean,0.796015,1,0
data\val\real\000000032610.jpg,0,real,clean,0.144877,0,1
data\val\real\000000032735.jpg,0,real,clean,0.214498,0,1
data\val\real\000000032811.jpg,0,real,clean,0.165827,0,1
data\val\real\000000032817.jpg,0,real,clean,0.003567,0,1
data\val\real\000000032861.jpg,0,real,clean,0.305021,0,1
data\val\real\000000032887.jpg,0,real,clean,0.003174,0,1
data\val\real\000000032901.jpg,0,real,clean,0.000200,0,1
data\val\real\000000032941.jpg,0,real,clean,0.055100,0,1
data\val\real\000000033005.jpg,0,real,clean,0.060966,0,1
data\val\real\000000033104.jpg,0,real,clean,0.029404,0,1
data\val\real\000000033109.jpg,0,real,clean,0.049018,0,1
data\val\real\000000033114.jpg,0,real,clean,0.163643,0,1
data\val\real\000000033221.jpg,0,real,clean,0.002701,0,1
data\val\real\000000033368.jpg,0,real,clean,0.142257,0,1
data\val\real\000000033638.jpg,0,real,clean,0.080403,0,1
data\val\real\000000033707.jpg,0,real,clean,0.105238,0,1
data\val\real\000000033759.jpg,0,real,clean,0.053831,0,1
data\val\real\000000033854.jpg,0,real,clean,0.038746,0,1
data\val\real\000000034071.jpg,0,real,clean,0.643615,1,0
data\val\real\000000034139.jpg,0,real,clean,0.135284,0,1
data\val\real\000000034205.jpg,0,real,clean,0.254304,0,1
data\val\real\000000034257.jpg,0,real,clean,0.547074,1,0
data\val\real\000000034417.jpg,0,real,clean,0.143101,0,1
data\val\real\000000034452.jpg,0,real,clean,0.005603,0,1
data\val\real\000000034760.jpg,0,real,clean,0.165004,0,1
data\val\real\000000034873.jpg,0,real,clean,0.292998,0,1
data\val\real\000000035062.jpg,0,real,clean,0.036767,0,1
data\val\real\000000035197.jpg,0,real,clean,0.337069,0,1
data\val\real\000000035279.jpg,0,real,clean,0.361428,0,1
data\val\real\000000035326.jpg,0,real,clean,0.153566,0,1
data\val\real\000000035682.jpg,0,real,clean,0.036944,0,1
data\val\real\000000035770.jpg,0,real,clean,0.156749,0,1
data\val\real\000000035963.jpg,0,real,clean,0.002279,0,1
data\val\real\000000036494.jpg,0,real,clean,0.513109,1,0
data\val\real\000000036539.jpg,0,real,clean,0.004040,0,1
data\val\real\000000036660.jpg,0,real,clean,0.142418,0,1
data\val\real\000000036678.jpg,0,real,clean,0.030871,0,1
data\val\real\000000036844.jpg,0,real,clean,0.153663,0,1
data\val\real\000000036861.jpg,0,real,clean,0.574928,1,0
data\val\real\000000036936.jpg,0,real,clean,0.005114,0,1
data\val\real\000000037670.jpg,0,real,clean,0.492054,0,1
data\val\real\000000037689.jpg,0,real,clean,0.134528,0,1
data\val\real\000000037740.jpg,0,real,clean,0.756835,1,0
data\val\real\000000037751.jpg,0,real,clean,0.072077,0,1
data\val\real\000000037777.jpg,0,real,clean,0.692793,1,0
data\val\real\000000037988.jpg,0,real,clean,0.017344,0,1
data\val\real\000000038048.jpg,0,real,clean,0.068029,0,1
data\val\real\000000038070.jpg,0,real,clean,0.481992,0,1
data\val\real\000000038118.jpg,0,real,clean,0.261199,0,1
data\val\real\000000038210.jpg,0,real,clean,0.217816,0,1
data\val\real\000000038576.jpg,0,real,clean,0.913025,1,0
data\val\real\000000038678.jpg,0,real,clean,0.001268,0,1
data\val\real\000000038825.jpg,0,real,clean,0.157360,0,1
data\val\real\000000038829.jpg,0,real,clean,0.032859,0,1
data\val\real\000000039405.jpg,0,real,clean,0.012484,0,1
data\val\real\000000039477.jpg,0,real,clean,0.727944,1,0
data\val\real\000000039480.jpg,0,real,clean,0.111784,0,1
data\val\real\000000039484.jpg,0,real,clean,0.211683,0,1
data\val\real\000000039551.jpg,0,real,clean,0.604058,1,0
data\val\real\000000039670.jpg,0,real,clean,0.322542,0,1
data\val\real\000000039769.jpg,0,real,clean,0.001879,0,1
data\val\real\000000039785.jpg,0,real,clean,0.104253,0,1
data\val\real\000000039914.jpg,0,real,clean,0.003798,0,1
data\val\real\000000039951.jpg,0,real,clean,0.059017,0,1
data\val\real\000000039956.jpg,0,real,clean,0.745246,1,0
data\val\real\000000040036.jpg,0,real,clean,0.042912,0,1
data\val\real\000000040083.jpg,0,real,clean,0.014709,0,1
data\val\real\000000040471.jpg,0,real,clean,0.155168,0,1
data\val\real\000000040757.jpg,0,real,clean,0.015100,0,1
data\val\real\000000041488.jpg,0,real,clean,0.398740,0,1
data\val\real\000000041633.jpg,0,real,clean,0.411994,0,1
data\val\real\000000041635.jpg,0,real,clean,0.074404,0,1
data\val\real\000000041872.jpg,0,real,clean,0.821808,1,0
data\val\real\000000041888.jpg,0,real,clean,0.018296,0,1
data\val\real\000000041990.jpg,0,real,clean,0.004239,0,1
data\val\real\000000042070.jpg,0,real,clean,0.385300,0,1
data\val\real\000000042102.jpg,0,real,clean,0.017881,0,1
data\val\real\000000042178.jpg,0,real,clean,0.858300,1,0
data\val\real\000000042276.jpg,0,real,clean,0.061297,0,1
data\val\real\000000042296.jpg,0,real,clean,0.029713,0,1
data\val\real\000000042528.jpg,0,real,clean,0.011402,0,1
data\val\real\000000042563.jpg,0,real,clean,0.169275,0,1
data\val\real\000000042628.jpg,0,real,clean,0.029148,0,1
data\val\real\000000042888.jpg,0,real,clean,0.014472,0,1
data\val\real\000000042889.jpg,0,real,clean,0.005431,0,1
data\val\real\000000043314.jpg,0,real,clean,0.046939,0,1
data\val\real\000000043435.jpg,0,real,clean,0.197290,0,1
data\val\real\000000043581.jpg,0,real,clean,0.156254,0,1
data\val\real\000000043737.jpg,0,real,clean,0.430724,0,1
data\val\real\000000043816.jpg,0,real,clean,0.030466,0,1
data\val\real\000000044068.jpg,0,real,clean,0.009344,0,1
data\val\real\000000044195.jpg,0,real,clean,0.112568,0,1
data\val\real\000000044260.jpg,0,real,clean,0.700498,1,0
data\val\real\000000044279.jpg,0,real,clean,0.220181,0,1
data\val\real\000000044590.jpg,0,real,clean,0.049650,0,1
data\val\real\000000044652.jpg,0,real,clean,0.072688,0,1
data\val\real\000000044699.jpg,0,real,clean,0.247873,0,1
data\val\real\000000044877.jpg,0,real,clean,0.060296,0,1
data\val\real\000000045070.jpg,0,real,clean,0.054169,0,1
data\val\real\000000045090.jpg,0,real,clean,0.106712,0,1
data\val\real\000000045229.jpg,0,real,clean,0.975917,1,0
data\val\real\000000045472.jpg,0,real,clean,0.042053,0,1
data\val\real\000000045550.jpg,0,real,clean,0.003808,0,1
data\val\real\000000045596.jpg,0,real,clean,0.213503,0,1
data\val\real\000000045728.jpg,0,real,clean,0.053422,0,1
data\val\real\000000046031.jpg,0,real,clean,0.294377,0,1
data\val\real\000000046048.jpg,0,real,clean,0.048790,0,1
data\val\real\000000046252.jpg,0,real,clean,0.432217,0,1
data\val\real\000000046378.jpg,0,real,clean,0.007739,0,1
data\val\real\000000046463.jpg,0,real,clean,0.009769,0,1
data\val\real\000000046497.jpg,0,real,clean,0.003158,0,1
data\val\real\000000046804.jpg,0,real,clean,0.027676,0,1
data\val\real\000000046872.jpg,0,real,clean,0.686341,1,0
data\val\real\000000047010.jpg,0,real,clean,0.213660,0,1
data\val\real\000000047112.jpg,0,real,clean,0.134757,0,1
data\val\real\000000047121.jpg,0,real,clean,0.006262,0,1
data\val\real\000000047571.jpg,0,real,clean,0.128788,0,1
data\val\real\000000047585.jpg,0,real,clean,0.004226,0,1
data\val\real\000000047740.jpg,0,real,clean,0.003691,0,1
data\val\real\000000047769.jpg,0,real,clean,0.421993,0,1
data\val\real\000000047801.jpg,0,real,clean,0.011163,0,1
data\val\real\000000047819.jpg,0,real,clean,0.006804,0,1
data\val\real\000000047828.jpg,0,real,clean,0.329075,0,1
data\val\real\000000048153.jpg,0,real,clean,0.071484,0,1
data\val\real\000000048396.jpg,0,real,clean,0.001406,0,1
data\val\real\000000048504.jpg,0,real,clean,0.581356,1,0
data\val\real\000000048555.jpg,0,real,clean,0.464845,0,1
data\val\real\000000048564.jpg,0,real,clean,0.011651,0,1
data\val\real\000000048924.jpg,0,real,clean,0.974810,1,0
data\val\real\000000049060.jpg,0,real,clean,0.003358,0,1
data\val\real\000000049091.jpg,0,real,clean,0.120012,0,1
data\val\real\000000049259.jpg,0,real,clean,0.031064,0,1
data\val\real\000000049269.jpg,0,real,clean,0.247081,0,1
data\val\real\000000049759.jpg,0,real,clean,0.345312,0,1
data\val\real\000000049761.jpg,0,real,clean,0.021419,0,1
data\val\real\000000049810.jpg,0,real,clean,0.122962,0,1
data\val\real\000000050006.jpg,0,real,clean,0.215278,0,1
data\val\real\000000050145.jpg,0,real,clean,0.006640,0,1
data\val\real\000000050149.jpg,0,real,clean,0.025268,0,1
data\val\real\000000050165.jpg,0,real,clean,0.519467,1,0
data\val\real\000000050326.jpg,0,real,clean,0.001832,0,1
data\val\real\000000050331.jpg,0,real,clean,0.052805,0,1
data\val\real\000000050380.jpg,0,real,clean,0.039438,0,1
data\val\real\000000050638.jpg,0,real,clean,0.627838,1,0
data\val\real\000000050679.jpg,0,real,clean,0.882737,1,0
data\val\real\000000050811.jpg,0,real,clean,0.002070,0,1
data\val\real\000000050828.jpg,0,real,clean,0.291090,0,1
data\val\real\000000050844.jpg,0,real,clean,0.041010,0,1
data\val\real\000000050896.jpg,0,real,clean,0.263175,0,1
data\val\real\000000050943.jpg,0,real,clean,0.087611,0,1
data\val\real\000000051008.jpg,0,real,clean,0.007468,0,1
data\val\real\000000051309.jpg,0,real,clean,0.104361,0,1
data\val\real\000000051314.jpg,0,real,clean,0.136713,0,1
data\val\real\000000051326.jpg,0,real,clean,0.042098,0,1
data\val\real\000000051598.jpg,0,real,clean,0.034284,0,1
data\val\real\000000051610.jpg,0,real,clean,0.246810,0,1
data\val\real\000000051712.jpg,0,real,clean,0.457282,0,1
data\val\real\000000051738.jpg,0,real,clean,0.366387,0,1
data\val\real\000000051938.jpg,0,real,clean,0.090043,0,1
data\val\real\000000051961.jpg,0,real,clean,0.135764,0,1
data\val\real\000000051976.jpg,0,real,clean,0.119310,0,1
data\val\real\000000052007.jpg,0,real,clean,0.187326,0,1
data\val\real\000000052017.jpg,0,real,clean,0.215245,0,1
data\val\real\000000052412.jpg,0,real,clean,0.297614,0,1
data\val\real\000000052413.jpg,0,real,clean,0.006343,0,1
data\val\real\000000052462.jpg,0,real,clean,0.360981,0,1
data\val\real\000000052507.jpg,0,real,clean,0.065272,0,1
data\val\real\000000052565.jpg,0,real,clean,0.234294,0,1
data\val\real\000000052591.jpg,0,real,clean,0.149158,0,1
data\val\real\000000052891.jpg,0,real,clean,0.101776,0,1
data\val\real\000000052996.jpg,0,real,clean,0.012877,0,1
data\val\real\000000053505.jpg,0,real,clean,0.232910,0,1
data\val\real\000000053529.jpg,0,real,clean,0.058926,0,1
data\val\real\000000053624.jpg,0,real,clean,0.037724,0,1
data\val\real\000000053626.jpg,0,real,clean,0.004352,0,1
data\val\real\000000053909.jpg,0,real,clean,0.068233,0,1
data\val\real\000000053994.jpg,0,real,clean,0.483148,0,1
data\val\real\000000054123.jpg,0,real,clean,0.214122,0,1
data\val\real\000000054164.jpg,0,real,clean,0.201829,0,1
data\val\real\000000054592.jpg,0,real,clean,0.185511,0,1
data\val\real\000000054593.jpg,0,real,clean,0.090415,0,1
data\val\real\000000054605.jpg,0,real,clean,0.052979,0,1
data\val\real\000000054628.jpg,0,real,clean,0.029863,0,1
data\val\real\000000054654.jpg,0,real,clean,0.008471,0,1
data\val\real\000000054931.jpg,0,real,clean,0.644563,1,0
data\val\real\000000054967.jpg,0,real,clean,0.760976,1,0
data\val\real\000000055002.jpg,0,real,clean,0.122942,0,1
data\val\real\000000055022.jpg,0,real,clean,0.129277,0,1
data\val\real\000000055072.jpg,0,real,clean,0.307959,0,1
data\val\real\000000055150.jpg,0,real,clean,0.051668,0,1
data\val\real\000000055167.jpg,0,real,clean,0.012621,0,1
data\val\real\000000055299.jpg,0,real,clean,0.135919,0,1
data\val\real\000000055528.jpg,0,real,clean,0.006761,0,1
data\val\real\000000055950.jpg,0,real,clean,0.037110,0,1
data\val\real\000000056127.jpg,0,real,clean,0.462172,0,1
data\val\real\000000056288.jpg,0,real,clean,0.105048,0,1
data\val\real\000000056344.jpg,0,real,clean,0.405639,0,1
data\val\real\000000056350.jpg,0,real,clean,0.280403,0,1
data\val\real\000000056545.jpg,0,real,clean,0.007259,0,1
data\val\ai\ai_000001.png,1,ai,clean,0.992594,1,1
data\val\ai\ai_000002.png,1,ai,clean,0.991888,1,1
data\val\ai\ai_000003.png,1,ai,clean,0.986765,1,1
data\val\ai\ai_000004.png,1,ai,clean,0.989482,1,1
data\val\ai\ai_000005.png,1,ai,clean,0.993893,1,1
data\val\ai\ai_000006.png,1,ai,clean,0.960974,1,1
data\val\ai\ai_000007.png,1,ai,clean,0.982298,1,1
data\val\ai\ai_000008.png,1,ai,clean,0.945877,1,1
data\val\ai\ai_000009.png,1,ai,clean,0.984964,1,1
data\val\ai\ai_000010.png,1,ai,clean,0.983631,1,1
data\val\ai\ai_000011.png,1,ai,clean,0.988747,1,1
data\val\ai\ai_000012.png,1,ai,clean,0.990768,1,1
data\val\ai\ai_000013.png,1,ai,clean,0.997008,1,1
data\val\ai\ai_000014.png,1,ai,clean,0.998076,1,1
data\val\ai\ai_000015.png,1,ai,clean,0.996227,1,1
data\val\ai\ai_000016.png,1,ai,clean,0.948343,1,1
data\val\ai\ai_000017.png,1,ai,clean,0.982838,1,1
data\val\ai\ai_000018.png,1,ai,clean,0.994425,1,1
data\val\ai\ai_000019.png,1,ai,clean,0.841944,1,1
data\val\ai\ai_000020.png,1,ai,clean,0.944180,1,1
data\val\ai\ai_000021.png,1,ai,clean,0.999201,1,1
data\val\ai\ai_000022.png,1,ai,clean,0.834291,1,1
data\val\ai\ai_000023.png,1,ai,clean,0.984829,1,1
data\val\ai\ai_000024.png,1,ai,clean,0.935728,1,1
data\val\ai\ai_000025.png,1,ai,clean,0.985647,1,1
data\val\ai\ai_000026.png,1,ai,clean,0.770516,1,1
data\val\ai\ai_000027.png,1,ai,clean,0.981938,1,1
data\val\ai\ai_000028.png,1,ai,clean,0.996325,1,1
data\val\ai\ai_000029.png,1,ai,clean,0.997345,1,1
data\val\ai\ai_000030.png,1,ai,clean,0.933514,1,1
data\val\ai\ai_000031.png,1,ai,clean,0.941933,1,1
data\val\ai\ai_000032.png,1,ai,clean,0.974324,1,1
data\val\ai\ai_000033.png,1,ai,clean,0.993103,1,1
data\val\ai\ai_000034.png,1,ai,clean,0.995064,1,1
data\val\ai\ai_000035.png,1,ai,clean,0.996136,1,1
data\val\ai\ai_000036.png,1,ai,clean,0.997852,1,1
data\val\ai\ai_000037.png,1,ai,clean,0.991538,1,1
data\val\ai\ai_000038.png,1,ai,clean,0.975331,1,1
data\val\ai\ai_000039.png,1,ai,clean,0.995974,1,1
data\val\ai\ai_000040.png,1,ai,clean,0.869557,1,1
data\val\ai\ai_000041.png,1,ai,clean,0.999854,1,1
data\val\ai\ai_000042.png,1,ai,clean,0.999292,1,1
data\val\ai\ai_000043.png,1,ai,clean,0.999768,1,1
data\val\ai\ai_000044.png,1,ai,clean,0.881741,1,1
data\val\ai\ai_000045.png,1,ai,clean,0.999129,1,1
data\val\ai\ai_000046.png,1,ai,clean,0.935945,1,1
data\val\ai\ai_000047.png,1,ai,clean,0.977925,1,1
data\val\ai\ai_000048.png,1,ai,clean,0.945563,1,1
data\val\ai\ai_000049.png,1,ai,clean,0.988999,1,1
data\val\ai\ai_000050.png,1,ai,clean,0.979808,1,1
data\val\ai\ai_000051.png,1,ai,clean,0.996895,1,1
data\val\ai\ai_000052.png,1,ai,clean,0.998734,1,1
data\val\ai\ai_000053.png,1,ai,clean,0.994937,1,1
data\val\ai\ai_000054.png,1,ai,clean,0.983274,1,1
data\val\ai\ai_000055.png,1,ai,clean,0.842399,1,1
data\val\ai\ai_000056.png,1,ai,clean,0.953285,1,1
data\val\ai\ai_000057.png,1,ai,clean,0.956550,1,1
data\val\ai\ai_000058.png,1,ai,clean,0.526676,1,1
data\val\ai\ai_000059.png,1,ai,clean,0.968317,1,1
data\val\ai\ai_000060.png,1,ai,clean,0.876086,1,1
data\val\ai\ai_000061.png,1,ai,clean,0.987229,1,1
data\val\ai\ai_000062.png,1,ai,clean,0.992367,1,1
data\val\ai\ai_000063.png,1,ai,clean,0.996968,1,1
data\val\ai\ai_000064.png,1,ai,clean,0.876964,1,1
data\val\ai\ai_000065.png,1,ai,clean,0.990894,1,1
data\val\ai\ai_000066.png,1,ai,clean,0.967418,1,1
data\val\ai\ai_000067.png,1,ai,clean,0.998522,1,1
data\val\ai\ai_000068.png,1,ai,clean,0.893218,1,1
data\val\ai\ai_000069.png,1,ai,clean,0.998008,1,1
data\val\ai\ai_000070.png,1,ai,clean,0.959439,1,1
data\val\ai\ai_000071.png,1,ai,clean,0.999490,1,1
data\val\ai\ai_000072.png,1,ai,clean,0.951247,1,1
data\val\ai\ai_000073.png,1,ai,clean,0.998497,1,1
data\val\ai\ai_000074.png,1,ai,clean,0.998389,1,1
data\val\ai\ai_000075.png,1,ai,clean,0.999056,1,1
data\val\ai\ai_000076.png,1,ai,clean,0.984413,1,1
data\val\ai\ai_000077.png,1,ai,clean,0.989701,1,1
data\val\ai\ai_000078.png,1,ai,clean,0.626053,1,1
data\val\ai\ai_000079.png,1,ai,clean,0.925044,1,1
data\val\ai\ai_000080.png,1,ai,clean,0.881140,1,1
data\val\ai\ai_000081.png,1,ai,clean,0.998526,1,1
data\val\ai\ai_000082.png,1,ai,clean,0.999346,1,1
data\val\ai\ai_000083.png,1,ai,clean,0.992673,1,1
data\val\ai\ai_000084.png,1,ai,clean,0.989531,1,1
data\val\ai\ai_000085.png,1,ai,clean,0.983750,1,1
data\val\ai\ai_000086.png,1,ai,clean,0.848026,1,1
data\val\ai\ai_000087.png,1,ai,clean,0.995750,1,1
data\val\ai\ai_000088.png,1,ai,clean,0.957136,1,1
data\val\ai\ai_000089.png,1,ai,clean,0.976913,1,1
data\val\ai\ai_000090.png,1,ai,clean,0.924798,1,1
data\val\ai\ai_000091.png,1,ai,clean,0.986627,1,1
data\val\ai\ai_000092.png,1,ai,clean,0.994720,1,1
data\val\ai\ai_000093.png,1,ai,clean,0.996340,1,1
data\val\ai\ai_000094.png,1,ai,clean,0.999287,1,1
data\val\ai\ai_000095.png,1,ai,clean,0.991544,1,1
data\val\ai\ai_000096.png,1,ai,clean,0.990598,1,1
data\val\ai\ai_000097.png,1,ai,clean,0.727109,1,1
data\val\ai\ai_000098.png,1,ai,clean,0.979422,1,1
data\val\ai\ai_000099.png,1,ai,clean,0.788885,1,1
data\val\ai\ai_000100.png,1,ai,clean,0.983725,1,1
data\val\ai\ai_000101.png,1,ai,clean,0.996094,1,1
data\val\ai\ai_000102.png,1,ai,clean,0.812168,1,1
data\val\ai\ai_000103.png,1,ai,clean,0.993195,1,1
data\val\ai\ai_000104.png,1,ai,clean,0.995580,1,1
data\val\ai\ai_000105.png,1,ai,clean,0.597844,1,1
data\val\ai\ai_000106.png,1,ai,clean,0.878974,1,1
data\val\ai\ai_000107.png,1,ai,clean,0.974719,1,1
data\val\ai\ai_000108.png,1,ai,clean,0.996250,1,1
data\val\ai\ai_000109.png,1,ai,clean,0.999804,1,1
data\val\ai\ai_000110.png,1,ai,clean,0.973810,1,1
data\val\ai\ai_000111.png,1,ai,clean,0.981358,1,1
data\val\ai\ai_000112.png,1,ai,clean,0.907610,1,1
data\val\ai\ai_000113.png,1,ai,clean,0.993949,1,1
data\val\ai\ai_000114.png,1,ai,clean,0.992231,1,1
data\val\ai\ai_000115.png,1,ai,clean,0.979970,1,1
data\val\ai\ai_000116.png,1,ai,clean,0.906519,1,1
data\val\ai\ai_000117.png,1,ai,clean,0.990193,1,1
data\val\ai\ai_000118.png,1,ai,clean,0.996907,1,1
data\val\ai\ai_000119.png,1,ai,clean,0.982888,1,1
data\val\ai\ai_000120.png,1,ai,clean,0.868167,1,1
data\val\ai\ai_000121.png,1,ai,clean,0.998782,1,1
data\val\ai\ai_000122.png,1,ai,clean,0.985041,1,1
data\val\ai\ai_000123.png,1,ai,clean,0.968256,1,1
data\val\ai\ai_000124.png,1,ai,clean,0.889353,1,1
data\val\ai\ai_000125.png,1,ai,clean,0.998412,1,1
data\val\ai\ai_000126.png,1,ai,clean,0.977677,1,1
data\val\ai\ai_000127.png,1,ai,clean,0.996382,1,1
data\val\ai\ai_000128.png,1,ai,clean,0.994121,1,1
data\val\ai\ai_000129.png,1,ai,clean,0.989456,1,1
data\val\ai\ai_000130.png,1,ai,clean,0.658561,1,1
data\val\ai\ai_000131.png,1,ai,clean,0.995777,1,1
data\val\ai\ai_000132.png,1,ai,clean,0.975084,1,1
data\val\ai\ai_000133.png,1,ai,clean,0.998625,1,1
data\val\ai\ai_000134.png,1,ai,clean,0.997245,1,1
data\val\ai\ai_000135.png,1,ai,clean,0.999512,1,1
data\val\ai\ai_000136.png,1,ai,clean,0.845524,1,1
data\val\ai\ai_000137.png,1,ai,clean,0.944281,1,1
data\val\ai\ai_000138.png,1,ai,clean,0.842228,1,1
data\val\ai\ai_000139.png,1,ai,clean,0.996893,1,1
data\val\ai\ai_000140.png,1,ai,clean,0.903147,1,1
data\val\ai\ai_000141.png,1,ai,clean,0.999539,1,1
data\val\ai\ai_000142.png,1,ai,clean,0.972295,1,1
data\val\ai\ai_000143.png,1,ai,clean,0.997978,1,1
data\val\ai\ai_000144.png,1,ai,clean,0.993938,1,1
data\val\ai\ai_000145.png,1,ai,clean,0.995762,1,1
data\val\ai\ai_000146.png,1,ai,clean,0.993617,1,1
data\val\ai\ai_000147.png,1,ai,clean,0.986582,1,1
data\val\ai\ai_000148.png,1,ai,clean,0.381499,0,0
data\val\ai\ai_000149.png,1,ai,clean,0.996882,1,1
data\val\ai\ai_000150.png,1,ai,clean,0.928964,1,1
data\val\ai\ai_000151.png,1,ai,clean,0.904891,1,1
data\val\ai\ai_000152.png,1,ai,clean,0.968894,1,1
data\val\ai\ai_000153.png,1,ai,clean,0.999158,1,1
data\val\ai\ai_000154.png,1,ai,clean,0.995098,1,1
data\val\ai\ai_000155.png,1,ai,clean,0.994375,1,1
data\val\ai\ai_000156.png,1,ai,clean,0.768089,1,1
data\val\ai\ai_000157.png,1,ai,clean,0.979968,1,1
data\val\ai\ai_000158.png,1,ai,clean,0.573500,1,1
data\val\ai\ai_000159.png,1,ai,clean,0.999548,1,1
data\val\ai\ai_000160.png,1,ai,clean,0.364462,0,0
data\val\ai\ai_000161.png,1,ai,clean,0.995586,1,1
data\val\ai\ai_000162.png,1,ai,clean,0.994830,1,1
data\val\ai\ai_000163.png,1,ai,clean,0.998967,1,1
data\val\ai\ai_000164.png,1,ai,clean,0.999185,1,1
data\val\ai\ai_000165.png,1,ai,clean,0.999762,1,1
data\val\ai\ai_000166.png,1,ai,clean,0.986995,1,1
data\val\ai\ai_000167.png,1,ai,clean,0.984940,1,1
data\val\ai\ai_000168.png,1,ai,clean,0.619904,1,1
data\val\ai\ai_000169.png,1,ai,clean,0.995226,1,1
data\val\ai\ai_000170.png,1,ai,clean,0.988079,1,1
data\val\ai\ai_000171.png,1,ai,clean,0.991261,1,1
data\val\ai\ai_000172.png,1,ai,clean,0.988254,1,1
data\val\ai\ai_000173.png,1,ai,clean,0.989745,1,1
data\val\ai\ai_000174.png,1,ai,clean,0.999885,1,1
data\val\ai\ai_000175.png,1,ai,clean,0.995684,1,1
data\val\ai\ai_000176.png,1,ai,clean,0.991404,1,1
data\val\ai\ai_000177.png,1,ai,clean,0.995038,1,1
data\val\ai\ai_000178.png,1,ai,clean,0.840685,1,1
data\val\ai\ai_000179.png,1,ai,clean,0.999275,1,1
data\val\ai\ai_000180.png,1,ai,clean,0.973475,1,1
data\val\ai\ai_000181.png,1,ai,clean,0.989794,1,1
data\val\ai\ai_000182.png,1,ai,clean,0.960493,1,1
data\val\ai\ai_000183.png,1,ai,clean,0.986554,1,1
data\val\ai\ai_000184.png,1,ai,clean,0.996738,1,1
data\val\ai\ai_000185.png,1,ai,clean,0.990478,1,1
data\val\ai\ai_000186.png,1,ai,clean,0.890062,1,1
data\val\ai\ai_000187.png,1,ai,clean,0.991194,1,1
data\val\ai\ai_000188.png,1,ai,clean,0.824599,1,1
data\val\ai\ai_000189.png,1,ai,clean,0.996790,1,1
data\val\ai\ai_000190.png,1,ai,clean,0.964693,1,1
data\val\ai\ai_000191.png,1,ai,clean,0.881057,1,1
data\val\ai\ai_000192.png,1,ai,clean,0.997832,1,1
data\val\ai\ai_000193.png,1,ai,clean,0.999758,1,1
data\val\ai\ai_000194.png,1,ai,clean,0.994405,1,1
data\val\ai\ai_000195.png,1,ai,clean,0.996352,1,1
data\val\ai\ai_000196.png,1,ai,clean,0.998349,1,1
data\val\ai\ai_000197.png,1,ai,clean,0.969767,1,1
data\val\ai\ai_000198.png,1,ai,clean,0.982670,1,1
data\val\ai\ai_000199.png,1,ai,clean,0.963902,1,1
data\val\ai\ai_000200.png,1,ai,clean,0.952321,1,1
data\val\ai\ai_000201.png,1,ai,clean,0.970737,1,1
data\val\ai\ai_000202.png,1,ai,clean,0.908405,1,1
data\val\ai\ai_000203.png,1,ai,clean,0.999291,1,1
data\val\ai\ai_000204.png,1,ai,clean,0.996915,1,1
data\val\ai\ai_000205.png,1,ai,clean,0.955180,1,1
data\val\ai\ai_000206.png,1,ai,clean,0.999187,1,1
data\val\ai\ai_000207.png,1,ai,clean,0.997929,1,1
data\val\ai\ai_000208.png,1,ai,clean,0.967229,1,1
data\val\ai\ai_000209.png,1,ai,clean,0.998280,1,1
data\val\ai\ai_000210.png,1,ai,clean,0.917701,1,1
data\val\ai\ai_000211.png,1,ai,clean,0.999370,1,1
data\val\ai\ai_000212.png,1,ai,clean,0.999018,1,1
data\val\ai\ai_000213.png,1,ai,clean,0.989680,1,1
data\val\ai\ai_000214.png,1,ai,clean,0.999665,1,1
data\val\ai\ai_000215.png,1,ai,clean,0.980882,1,1
data\val\ai\ai_000216.png,1,ai,clean,0.984225,1,1
data\val\ai\ai_000217.png,1,ai,clean,0.957869,1,1
data\val\ai\ai_000218.png,1,ai,clean,0.926751,1,1
data\val\ai\ai_000219.png,1,ai,clean,0.993919,1,1
data\val\ai\ai_000220.png,1,ai,clean,0.755534,1,1
data\val\ai\ai_000221.png,1,ai,clean,0.994112,1,1
data\val\ai\ai_000222.png,1,ai,clean,0.932190,1,1
data\val\ai\ai_000223.png,1,ai,clean,0.997747,1,1
data\val\ai\ai_000224.png,1,ai,clean,0.991009,1,1
data\val\ai\ai_000225.png,1,ai,clean,0.993766,1,1
data\val\ai\ai_000226.png,1,ai,clean,0.992788,1,1
data\val\ai\ai_000227.png,1,ai,clean,0.978971,1,1
data\val\ai\ai_000228.png,1,ai,clean,0.127628,0,0
data\val\ai\ai_000229.png,1,ai,clean,0.995519,1,1
data\val\ai\ai_000230.png,1,ai,clean,0.970904,1,1
data\val\ai\ai_000231.png,1,ai,clean,0.999610,1,1
data\val\ai\ai_000232.png,1,ai,clean,0.939763,1,1
data\val\ai\ai_000233.png,1,ai,clean,0.987380,1,1
data\val\ai\ai_000234.png,1,ai,clean,0.999721,1,1
data\val\ai\ai_000235.png,1,ai,clean,0.997915,1,1
data\val\ai\ai_000236.png,1,ai,clean,0.970856,1,1
data\val\ai\ai_000237.png,1,ai,clean,0.965361,1,1
data\val\ai\ai_000238.png,1,ai,clean,0.937064,1,1
data\val\ai\ai_000239.png,1,ai,clean,0.911692,1,1
data\val\ai\ai_000240.png,1,ai,clean,0.907757,1,1
data\val\ai\ai_000241.png,1,ai,clean,0.982677,1,1
data\val\ai\ai_000242.png,1,ai,clean,0.999128,1,1
data\val\ai\ai_000243.png,1,ai,clean,0.989123,1,1
data\val\ai\ai_000244.png,1,ai,clean,0.998256,1,1
data\val\ai\ai_000245.png,1,ai,clean,0.916225,1,1
data\val\ai\ai_000246.png,1,ai,clean,0.998031,1,1
data\val\ai\ai_000247.png,1,ai,clean,0.936336,1,1
data\val\ai\ai_000248.png,1,ai,clean,0.992537,1,1
data\val\ai\ai_000249.png,1,ai,clean,0.998713,1,1
data\val\ai\ai_000250.png,1,ai,clean,0.612027,1,1
data\val\ai\ai_000251.png,1,ai,clean,0.975922,1,1
data\val\ai\ai_000252.png,1,ai,clean,0.995885,1,1
data\val\ai\ai_000253.png,1,ai,clean,0.998496,1,1
data\val\ai\ai_000254.png,1,ai,clean,0.956991,1,1
data\val\ai\ai_000255.png,1,ai,clean,0.874706,1,1
data\val\ai\ai_000256.png,1,ai,clean,0.649907,1,1
data\val\ai\ai_000257.png,1,ai,clean,0.996042,1,1
data\val\ai\ai_000258.png,1,ai,clean,0.928827,1,1
data\val\ai\ai_000259.png,1,ai,clean,0.999196,1,1
data\val\ai\ai_000260.png,1,ai,clean,0.733528,1,1
data\val\ai\ai_000261.png,1,ai,clean,0.994505,1,1
data\val\ai\ai_000262.png,1,ai,clean,0.996349,1,1
data\val\ai\ai_000263.png,1,ai,clean,0.994690,1,1
data\val\ai\ai_000264.png,1,ai,clean,0.999757,1,1
data\val\ai\ai_000265.png,1,ai,clean,0.994627,1,1
data\val\ai\ai_000266.png,1,ai,clean,0.967290,1,1
data\val\ai\ai_000267.png,1,ai,clean,0.996835,1,1
data\val\ai\ai_000268.png,1,ai,clean,0.914301,1,1
data\val\ai\ai_000269.png,1,ai,clean,0.996861,1,1
data\val\ai\ai_000270.png,1,ai,clean,0.864980,1,1
data\val\ai\ai_000271.png,1,ai,clean,0.995984,1,1
data\val\ai\ai_000272.png,1,ai,clean,0.997606,1,1
data\val\ai\ai_000273.png,1,ai,clean,0.998592,1,1
data\val\ai\ai_000274.png,1,ai,clean,0.997371,1,1
data\val\ai\ai_000275.png,1,ai,clean,0.997811,1,1
data\val\ai\ai_000276.png,1,ai,clean,0.997218,1,1
data\val\ai\ai_000277.png,1,ai,clean,0.978160,1,1
data\val\ai\ai_000278.png,1,ai,clean,0.995102,1,1
data\val\ai\ai_000279.png,1,ai,clean,0.989897,1,1
data\val\ai\ai_000280.png,1,ai,clean,0.891158,1,1
data\val\ai\ai_000281.png,1,ai,clean,0.973773,1,1
data\val\ai\ai_000282.png,1,ai,clean,0.929139,1,1
data\val\ai\ai_000283.png,1,ai,clean,0.998097,1,1
data\val\ai\ai_000284.png,1,ai,clean,0.987634,1,1
data\val\ai\ai_000285.png,1,ai,clean,0.995475,1,1
data\val\ai\ai_000286.png,1,ai,clean,0.993163,1,1
data\val\ai\ai_000287.png,1,ai,clean,0.984696,1,1
data\val\ai\ai_000288.png,1,ai,clean,0.402101,0,0
data\val\ai\ai_000289.png,1,ai,clean,0.995206,1,1
data\val\ai\ai_000290.png,1,ai,clean,0.791330,1,1
data\val\ai\ai_000291.png,1,ai,clean,0.998036,1,1
data\val\ai\ai_000292.png,1,ai,clean,0.993591,1,1
data\val\ai\ai_000293.png,1,ai,clean,0.656403,1,1
data\val\ai\ai_000294.png,1,ai,clean,0.996031,1,1
data\val\ai\ai_000295.png,1,ai,clean,0.996212,1,1
data\val\ai\ai_000296.png,1,ai,clean,0.997566,1,1
data\val\ai\ai_000297.png,1,ai,clean,0.997732,1,1
data\val\ai\ai_000298.png,1,ai,clean,0.988898,1,1
data\val\ai\ai_000299.png,1,ai,clean,0.973771,1,1
data\val\ai\ai_000300.png,1,ai,clean,0.673748,1,1
data\val\ai\ai_000301.png,1,ai,clean,0.961964,1,1
data\val\ai\ai_000302.png,1,ai,clean,0.720791,1,1
data\val\ai\ai_000303.png,1,ai,clean,0.984834,1,1
data\val\ai\ai_000304.png,1,ai,clean,0.993663,1,1
data\val\ai\ai_000305.png,1,ai,clean,0.966765,1,1
data\val\ai\ai_000306.png,1,ai,clean,0.986759,1,1
data\val\ai\ai_000307.png,1,ai,clean,0.979738,1,1
data\val\ai\ai_000308.png,1,ai,clean,0.926819,1,1
data\val\ai\ai_000309.png,1,ai,clean,0.951095,1,1
data\val\ai\ai_000310.png,1,ai,clean,0.925563,1,1
data\val\ai\ai_000311.png,1,ai,clean,0.986920,1,1
data\val\ai\ai_000312.png,1,ai,clean,0.961242,1,1
data\val\ai\ai_000313.png,1,ai,clean,0.793858,1,1
data\val\ai\ai_000314.png,1,ai,clean,0.995421,1,1
data\val\ai\ai_000315.png,1,ai,clean,0.997058,1,1
data\val\ai\ai_000316.png,1,ai,clean,0.996882,1,1
data\val\ai\ai_000317.png,1,ai,clean,0.999399,1,1
data\val\ai\ai_000318.png,1,ai,clean,0.229132,0,0
data\val\ai\ai_000319.png,1,ai,clean,0.957158,1,1
data\val\ai\ai_000320.png,1,ai,clean,0.977262,1,1
data\val\ai\ai_000321.png,1,ai,clean,0.993514,1,1
data\val\ai\ai_000322.png,1,ai,clean,0.946426,1,1
data\val\ai\ai_000323.png,1,ai,clean,0.998248,1,1
data\val\ai\ai_000324.png,1,ai,clean,0.999478,1,1
data\val\ai\ai_000325.png,1,ai,clean,0.987516,1,1
data\val\ai\ai_000326.png,1,ai,clean,0.996342,1,1
data\val\ai\ai_000327.png,1,ai,clean,0.999489,1,1
data\val\ai\ai_000328.png,1,ai,clean,0.947361,1,1
data\val\ai\ai_000329.png,1,ai,clean,0.982570,1,1
data\val\ai\ai_000330.png,1,ai,clean,0.981818,1,1
data\val\ai\ai_000331.png,1,ai,clean,0.986027,1,1
data\val\ai\ai_000332.png,1,ai,clean,0.884829,1,1
data\val\ai\ai_000333.png,1,ai,clean,0.996827,1,1
data\val\ai\ai_000334.png,1,ai,clean,0.971582,1,1
data\val\ai\ai_000335.png,1,ai,clean,0.998995,1,1
data\val\ai\ai_000336.png,1,ai,clean,0.898640,1,1
data\val\ai\ai_000337.png,1,ai,clean,0.998765,1,1
data\val\ai\ai_000338.png,1,ai,clean,0.792000,1,1
data\val\ai\ai_000339.png,1,ai,clean,0.998586,1,1
data\val\ai\ai_000340.png,1,ai,clean,0.982532,1,1
data\val\ai\ai_000341.png,1,ai,clean,0.991478,1,1
data\val\ai\ai_000342.png,1,ai,clean,0.750898,1,1
data\val\ai\ai_000343.png,1,ai,clean,0.998702,1,1
data\val\ai\ai_000344.png,1,ai,clean,0.993439,1,1
data\val\ai\ai_000345.png,1,ai,clean,0.990860,1,1
data\val\ai\ai_000346.png,1,ai,clean,0.997667,1,1
data\val\ai\ai_000347.png,1,ai,clean,0.988477,1,1
data\val\ai\ai_000348.png,1,ai,clean,0.950659,1,1
data\val\ai\ai_000349.png,1,ai,clean,0.998712,1,1
data\val\ai\ai_000350.png,1,ai,clean,0.815569,1,1
data\val\ai\ai_000351.png,1,ai,clean,0.990036,1,1
data\val\ai\ai_000352.png,1,ai,clean,0.931822,1,1
data\val\ai\ai_000353.png,1,ai,clean,0.976368,1,1
data\val\ai\ai_000354.png,1,ai,clean,0.998348,1,1
data\val\ai\ai_000355.png,1,ai,clean,0.993192,1,1
data\val\ai\ai_000356.png,1,ai,clean,0.932150,1,1
data\val\ai\ai_000357.png,1,ai,clean,0.988380,1,1
data\val\ai\ai_000358.png,1,ai,clean,0.242793,0,0
data\val\ai\ai_000359.png,1,ai,clean,0.996957,1,1
data\val\ai\ai_000360.png,1,ai,clean,0.924610,1,1
data\val\ai\ai_000361.png,1,ai,clean,0.998083,1,1
data\val\ai\ai_000362.png,1,ai,clean,0.913655,1,1
data\val\ai\ai_000363.png,1,ai,clean,0.998653,1,1
data\val\ai\ai_000364.png,1,ai,clean,0.999472,1,1
data\val\ai\ai_000365.png,1,ai,clean,0.802068,1,1
data\val\ai\ai_000366.png,1,ai,clean,0.906003,1,1
data\val\ai\ai_000367.png,1,ai,clean,0.989519,1,1
data\val\ai\ai_000368.png,1,ai,clean,0.551596,1,1
data\val\ai\ai_000369.png,1,ai,clean,0.993639,1,1
data\val\ai\ai_000370.png,1,ai,clean,0.674006,1,1
data\val\ai\ai_000371.png,1,ai,clean,0.990748,1,1
data\val\ai\ai_000372.png,1,ai,clean,0.968274,1,1
data\val\ai\ai_000373.png,1,ai,clean,0.985666,1,1
data\val\ai\ai_000374.png,1,ai,clean,0.999055,1,1
data\val\ai\ai_000375.png,1,ai,clean,0.996613,1,1
data\val\ai\ai_000376.png,1,ai,clean,0.777483,1,1
data\val\ai\ai_000377.png,1,ai,clean,0.944603,1,1
data\val\ai\ai_000378.png,1,ai,clean,0.997003,1,1
data\val\ai\ai_000379.png,1,ai,clean,0.953077,1,1
data\val\ai\ai_000380.png,1,ai,clean,0.933134,1,1
data\val\ai\ai_000381.png,1,ai,clean,0.939050,1,1
data\val\ai\ai_000382.png,1,ai,clean,0.732399,1,1
data\val\ai\ai_000383.png,1,ai,clean,0.995211,1,1
data\val\ai\ai_000384.png,1,ai,clean,0.956964,1,1
data\val\ai\ai_000385.png,1,ai,clean,0.994928,1,1
data\val\ai\ai_000386.png,1,ai,clean,0.971019,1,1
data\val\ai\ai_000387.png,1,ai,clean,0.999000,1,1
data\val\ai\ai_000388.png,1,ai,clean,0.993370,1,1
data\val\ai\ai_000389.png,1,ai,clean,0.975746,1,1
data\val\ai\ai_000390.png,1,ai,clean,0.998495,1,1
data\val\ai\ai_000391.png,1,ai,clean,0.975169,1,1
data\val\ai\ai_000392.png,1,ai,clean,0.930137,1,1
data\val\ai\ai_000393.png,1,ai,clean,0.995874,1,1
data\val\ai\ai_000394.png,1,ai,clean,0.998089,1,1
data\val\ai\ai_000395.png,1,ai,clean,0.980796,1,1
data\val\ai\ai_000396.png,1,ai,clean,0.985232,1,1
data\val\ai\ai_000397.png,1,ai,clean,0.997655,1,1
data\val\ai\ai_000398.png,1,ai,clean,0.905212,1,1
data\val\ai\ai_000399.png,1,ai,clean,0.977455,1,1
data\val\ai\ai_000400.png,1,ai,clean,0.811499,1,1
data\val\ai\ai_000401.png,1,ai,clean,0.995542,1,1
data\val\ai\ai_000402.png,1,ai,clean,0.987984,1,1
data\val\ai\ai_000403.png,1,ai,clean,0.994759,1,1
data\val\ai\ai_000404.png,1,ai,clean,0.987654,1,1
data\val\ai\ai_000405.png,1,ai,clean,0.998870,1,1
data\val\ai\ai_000406.png,1,ai,clean,0.999421,1,1
data\val\ai\ai_000407.png,1,ai,clean,0.914462,1,1
data\val\ai\ai_000408.png,1,ai,clean,0.986060,1,1
data\val\ai\ai_000409.png,1,ai,clean,0.984977,1,1
data\val\ai\ai_000410.png,1,ai,clean,0.921072,1,1
data\val\ai\ai_000411.png,1,ai,clean,0.997692,1,1
data\val\ai\ai_000412.png,1,ai,clean,0.998452,1,1
data\val\ai\ai_000413.png,1,ai,clean,0.991251,1,1
data\val\ai\ai_000414.png,1,ai,clean,0.999760,1,1
data\val\ai\ai_000415.png,1,ai,clean,0.991871,1,1
data\val\ai\ai_000416.png,1,ai,clean,0.910938,1,1
data\val\ai\ai_000417.png,1,ai,clean,0.993059,1,1
data\val\ai\ai_000418.png,1,ai,clean,0.517360,1,1
data\val\ai\ai_000419.png,1,ai,clean,0.969110,1,1
data\val\ai\ai_000420.png,1,ai,clean,0.954793,1,1
data\val\ai\ai_000421.png,1,ai,clean,0.999182,1,1
data\val\ai\ai_000422.png,1,ai,clean,0.600784,1,1
data\val\ai\ai_000423.png,1,ai,clean,0.954501,1,1
data\val\ai\ai_000424.png,1,ai,clean,0.999777,1,1
data\val\ai\ai_000425.png,1,ai,clean,0.954746,1,1
data\val\ai\ai_000426.png,1,ai,clean,0.727320,1,1
data\val\ai\ai_000427.png,1,ai,clean,0.995109,1,1
data\val\ai\ai_000428.png,1,ai,clean,0.985343,1,1
data\val\ai\ai_000429.png,1,ai,clean,0.997508,1,1
data\val\ai\ai_000430.png,1,ai,clean,0.961630,1,1
data\val\ai\ai_000431.png,1,ai,clean,0.960417,1,1
data\val\ai\ai_000432.png,1,ai,clean,0.994960,1,1
data\val\ai\ai_000433.png,1,ai,clean,0.998844,1,1
data\val\ai\ai_000434.png,1,ai,clean,0.986946,1,1
data\val\ai\ai_000435.png,1,ai,clean,0.989798,1,1
data\val\ai\ai_000436.png,1,ai,clean,0.992281,1,1
data\val\ai\ai_000437.png,1,ai,clean,0.981336,1,1
data\val\ai\ai_000438.png,1,ai,clean,0.990317,1,1
data\val\ai\ai_000439.png,1,ai,clean,0.883970,1,1
data\val\ai\ai_000440.png,1,ai,clean,0.954239,1,1
data\val\ai\ai_000441.png,1,ai,clean,0.921293,1,1
data\val\ai\ai_000442.png,1,ai,clean,0.991576,1,1
data\val\ai\ai_000443.png,1,ai,clean,0.998394,1,1
data\val\ai\ai_000444.png,1,ai,clean,0.998616,1,1
data\val\ai\ai_000445.png,1,ai,clean,0.990216,1,1
data\val\ai\ai_000446.png,1,ai,clean,0.992402,1,1
data\val\ai\ai_000447.png,1,ai,clean,0.993239,1,1
data\val\ai\ai_000448.png,1,ai,clean,0.444635,0,0
data\val\ai\ai_000449.png,1,ai,clean,0.999448,1,1
data\val\ai\ai_000450.png,1,ai,clean,0.996030,1,1
data\val\ai\ai_000451.png,1,ai,clean,0.975197,1,1
data\val\ai\ai_000452.png,1,ai,clean,0.928262,1,1
data\val\ai\ai_000453.png,1,ai,clean,0.998650,1,1
data\val\ai\ai_000454.png,1,ai,clean,0.964738,1,1
data\val\ai\ai_000455.png,1,ai,clean,0.997689,1,1
data\val\ai\ai_000456.png,1,ai,clean,0.987893,1,1
data\val\ai\ai_000457.png,1,ai,clean,0.987594,1,1
data\val\ai\ai_000458.png,1,ai,clean,0.964796,1,1
data\val\ai\ai_000459.png,1,ai,clean,0.733218,1,1
data\val\ai\ai_000460.png,1,ai,clean,0.972901,1,1
data\val\ai\ai_000461.png,1,ai,clean,0.946842,1,1
data\val\ai\ai_000462.png,1,ai,clean,0.981633,1,1
data\val\ai\ai_000463.png,1,ai,clean,0.992991,1,1
data\val\ai\ai_000464.png,1,ai,clean,0.995265,1,1
data\val\ai\ai_000465.png,1,ai,clean,0.998234,1,1
data\val\ai\ai_000466.png,1,ai,clean,0.629192,1,1
data\val\ai\ai_000467.png,1,ai,clean,0.986166,1,1
data\val\ai\ai_000468.png,1,ai,clean,0.841038,1,1
data\val\ai\ai_000469.png,1,ai,clean,0.998580,1,1
data\val\ai\ai_000470.png,1,ai,clean,0.816318,1,1
data\val\ai\ai_000471.png,1,ai,clean,0.999536,1,1
data\val\ai\ai_000472.png,1,ai,clean,0.989607,1,1
data\val\ai\ai_000473.png,1,ai,clean,0.910846,1,1
data\val\ai\ai_000474.png,1,ai,clean,0.994663,1,1
data\val\ai\ai_000475.png,1,ai,clean,0.998276,1,1
data\val\ai\ai_000476.png,1,ai,clean,0.943890,1,1
data\val\ai\ai_000477.png,1,ai,clean,0.988713,1,1
data\val\ai\ai_000478.png,1,ai,clean,0.992391,1,1
data\val\ai\ai_000479.png,1,ai,clean,0.953438,1,1
data\val\ai\ai_000480.png,1,ai,clean,0.888981,1,1
data\val\ai\ai_000481.png,1,ai,clean,0.998238,1,1
data\val\ai\ai_000482.png,1,ai,clean,0.880627,1,1
data\val\ai\ai_000483.png,1,ai,clean,0.927644,1,1
data\val\ai\ai_000484.png,1,ai,clean,0.996661,1,1
data\val\ai\ai_000485.png,1,ai,clean,0.968066,1,1
data\val\ai\ai_000486.png,1,ai,clean,0.995692,1,1
data\val\ai\ai_000487.png,1,ai,clean,0.995486,1,1
data\val\ai\ai_000488.png,1,ai,clean,0.697071,1,1
data\val\ai\ai_000489.png,1,ai,clean,0.993447,1,1
data\val\ai\ai_000490.png,1,ai,clean,0.946335,1,1
data\val\ai\ai_000491.png,1,ai,clean,0.981348,1,1
data\val\ai\ai_000492.png,1,ai,clean,0.994397,1,1
data\val\ai\ai_000493.png,1,ai,clean,0.961700,1,1
data\val\ai\ai_000494.png,1,ai,clean,0.997881,1,1
data\val\ai\ai_000495.png,1,ai,clean,0.986044,1,1
data\val\ai\ai_000496.png,1,ai,clean,0.883954,1,1
data\val\ai\ai_000497.png,1,ai,clean,0.994582,1,1
data\val\ai\ai_000498.png,1,ai,clean,0.922417,1,1
data\val\ai\ai_000499.png,1,ai,clean,0.998675,1,1
data\val\ai\ai_000500.png,1,ai,clean,0.928519,1,1
data\val\real\000000000139.jpg,0,real,jpeg_q90,0.839259,1,0
data\val\real\000000000285.jpg,0,real,jpeg_q90,0.087104,0,1
data\val\real\000000000632.jpg,0,real,jpeg_q90,0.941009,1,0
data\val\real\000000000724.jpg,0,real,jpeg_q90,0.120001,0,1
data\val\real\000000000776.jpg,0,real,jpeg_q90,0.038950,0,1
data\val\real\000000000785.jpg,0,real,jpeg_q90,0.385511,0,1
data\val\real\000000000802.jpg,0,real,jpeg_q90,0.424784,0,1
data\val\real\000000000872.jpg,0,real,jpeg_q90,0.031815,0,1
data\val\real\000000000885.jpg,0,real,jpeg_q90,0.181618,0,1
data\val\real\000000001000.jpg,0,real,jpeg_q90,0.003140,0,1
data\val\real\000000001268.jpg,0,real,jpeg_q90,0.055135,0,1
data\val\real\000000001296.jpg,0,real,jpeg_q90,0.211820,0,1
data\val\real\000000001353.jpg,0,real,jpeg_q90,0.003274,0,1
data\val\real\000000001425.jpg,0,real,jpeg_q90,0.760987,1,0
data\val\real\000000001490.jpg,0,real,jpeg_q90,0.139914,0,1
data\val\real\000000001503.jpg,0,real,jpeg_q90,0.514090,1,0
data\val\real\000000001532.jpg,0,real,jpeg_q90,0.066295,0,1
data\val\real\000000001584.jpg,0,real,jpeg_q90,0.307682,0,1
data\val\real\000000001675.jpg,0,real,jpeg_q90,0.199796,0,1
data\val\real\000000001761.jpg,0,real,jpeg_q90,0.013344,0,1
data\val\real\000000001818.jpg,0,real,jpeg_q90,0.249045,0,1
data\val\real\000000001993.jpg,0,real,jpeg_q90,0.210250,0,1
data\val\real\000000002006.jpg,0,real,jpeg_q90,0.065024,0,1
data\val\real\000000002149.jpg,0,real,jpeg_q90,0.257858,0,1
data\val\real\000000002153.jpg,0,real,jpeg_q90,0.010339,0,1
data\val\real\000000002157.jpg,0,real,jpeg_q90,0.210095,0,1
data\val\real\000000002261.jpg,0,real,jpeg_q90,0.014440,0,1
data\val\real\000000002299.jpg,0,real,jpeg_q90,0.011045,0,1
data\val\real\000000002431.jpg,0,real,jpeg_q90,0.078683,0,1
data\val\real\000000002473.jpg,0,real,jpeg_q90,0.016579,0,1
data\val\real\000000002532.jpg,0,real,jpeg_q90,0.021550,0,1
data\val\real\000000002587.jpg,0,real,jpeg_q90,0.028628,0,1
data\val\real\000000002592.jpg,0,real,jpeg_q90,0.045596,0,1
data\val\real\000000002685.jpg,0,real,jpeg_q90,0.003077,0,1
data\val\real\000000002923.jpg,0,real,jpeg_q90,0.046952,0,1
data\val\real\000000003156.jpg,0,real,jpeg_q90,0.430444,0,1
data\val\real\000000003255.jpg,0,real,jpeg_q90,0.410665,0,1
data\val\real\000000003501.jpg,0,real,jpeg_q90,0.220559,0,1
data\val\real\000000003553.jpg,0,real,jpeg_q90,0.066780,0,1
data\val\real\000000003661.jpg,0,real,jpeg_q90,0.015657,0,1
data\val\real\000000003845.jpg,0,real,jpeg_q90,0.174306,0,1
data\val\real\000000003934.jpg,0,real,jpeg_q90,0.001424,0,1
data\val\real\000000004134.jpg,0,real,jpeg_q90,0.004691,0,1
data\val\real\000000004395.jpg,0,real,jpeg_q90,0.022812,0,1
data\val\real\000000004495.jpg,0,real,jpeg_q90,0.133299,0,1
data\val\real\000000004765.jpg,0,real,jpeg_q90,0.265183,0,1
data\val\real\000000004795.jpg,0,real,jpeg_q90,0.001210,0,1
data\val\real\000000005001.jpg,0,real,jpeg_q90,0.024283,0,1
data\val\real\000000005037.jpg,0,real,jpeg_q90,0.150960,0,1
data\val\real\000000005060.jpg,0,real,jpeg_q90,0.095692,0,1
data\val\real\000000005193.jpg,0,real,jpeg_q90,0.004419,0,1
data\val\real\000000005477.jpg,0,real,jpeg_q90,0.143429,0,1
data\val\real\000000005503.jpg,0,real,jpeg_q90,0.019261,0,1
data\val\real\000000005529.jpg,0,real,jpeg_q90,0.047423,0,1
data\val\real\000000005586.jpg,0,real,jpeg_q90,0.017113,0,1
data\val\real\000000005600.jpg,0,real,jpeg_q90,0.018213,0,1
data\val\real\000000005992.jpg,0,real,jpeg_q90,0.049240,0,1
data\val\real\000000006012.jpg,0,real,jpeg_q90,0.089107,0,1
data\val\real\000000006040.jpg,0,real,jpeg_q90,0.587422,1,0
data\val\real\000000006213.jpg,0,real,jpeg_q90,0.399607,0,1
data\val\real\000000006460.jpg,0,real,jpeg_q90,0.109029,0,1
data\val\real\000000006471.jpg,0,real,jpeg_q90,0.040870,0,1
data\val\real\000000006614.jpg,0,real,jpeg_q90,0.184986,0,1
data\val\real\000000006723.jpg,0,real,jpeg_q90,0.242783,0,1
data\val\real\000000006763.jpg,0,real,jpeg_q90,0.000312,0,1
data\val\real\000000006771.jpg,0,real,jpeg_q90,0.002881,0,1
data\val\real\000000006818.jpg,0,real,jpeg_q90,0.053873,0,1
data\val\real\000000006894.jpg,0,real,jpeg_q90,0.017116,0,1
data\val\real\000000006954.jpg,0,real,jpeg_q90,0.117623,0,1
data\val\real\000000007088.jpg,0,real,jpeg_q90,0.020369,0,1
data\val\real\000000007108.jpg,0,real,jpeg_q90,0.042359,0,1
data\val\real\000000007278.jpg,0,real,jpeg_q90,0.303880,0,1
data\val\real\000000007281.jpg,0,real,jpeg_q90,0.004798,0,1
data\val\real\000000007386.jpg,0,real,jpeg_q90,0.120906,0,1
data\val\real\000000007511.jpg,0,real,jpeg_q90,0.052220,0,1
data\val\real\000000007574.jpg,0,real,jpeg_q90,0.192111,0,1
data\val\real\000000007784.jpg,0,real,jpeg_q90,0.380388,0,1
data\val\real\000000007795.jpg,0,real,jpeg_q90,0.769871,1,0
data\val\real\000000007816.jpg,0,real,jpeg_q90,0.013456,0,1
data\val\real\000000007818.jpg,0,real,jpeg_q90,0.527777,1,0
data\val\real\000000007888.jpg,0,real,jpeg_q90,0.798984,1,0
data\val\real\000000007977.jpg,0,real,jpeg_q90,0.257448,0,1
data\val\real\000000007991.jpg,0,real,jpeg_q90,0.065979,0,1
data\val\real\000000008021.jpg,0,real,jpeg_q90,0.007912,0,1
data\val\real\000000008211.jpg,0,real,jpeg_q90,0.290147,0,1
data\val\real\000000008277.jpg,0,real,jpeg_q90,0.108355,0,1
data\val\real\000000008532.jpg,0,real,jpeg_q90,0.010241,0,1
data\val\real\000000008629.jpg,0,real,jpeg_q90,0.116290,0,1
data\val\real\000000008690.jpg,0,real,jpeg_q90,0.003692,0,1
data\val\real\000000008762.jpg,0,real,jpeg_q90,0.302255,0,1
data\val\real\000000008844.jpg,0,real,jpeg_q90,0.114068,0,1
data\val\real\000000008899.jpg,0,real,jpeg_q90,0.493433,0,1
data\val\real\000000009378.jpg,0,real,jpeg_q90,0.034360,0,1
data\val\real\000000009400.jpg,0,real,jpeg_q90,0.002231,0,1
data\val\real\000000009448.jpg,0,real,jpeg_q90,0.020056,0,1
data\val\real\000000009483.jpg,0,real,jpeg_q90,0.065462,0,1
data\val\real\000000009590.jpg,0,real,jpeg_q90,0.215542,0,1
data\val\real\000000009769.jpg,0,real,jpeg_q90,0.187628,0,1
data\val\real\000000009772.jpg,0,real,jpeg_q90,0.078603,0,1
data\val\real\000000009891.jpg,0,real,jpeg_q90,0.004021,0,1
data\val\real\000000009914.jpg,0,real,jpeg_q90,0.134543,0,1
data\val\real\000000010092.jpg,0,real,jpeg_q90,0.184692,0,1
data\val\real\000000010363.jpg,0,real,jpeg_q90,0.008607,0,1
data\val\real\000000010583.jpg,0,real,jpeg_q90,0.034214,0,1
data\val\real\000000010707.jpg,0,real,jpeg_q90,0.000463,0,1
data\val\real\000000010764.jpg,0,real,jpeg_q90,0.194101,0,1
data\val\real\000000010977.jpg,0,real,jpeg_q90,0.372862,0,1
data\val\real\000000010995.jpg,0,real,jpeg_q90,0.246810,0,1
data\val\real\000000011051.jpg,0,real,jpeg_q90,0.031600,0,1
data\val\real\000000011122.jpg,0,real,jpeg_q90,0.010763,0,1
data\val\real\000000011149.jpg,0,real,jpeg_q90,0.010104,0,1
data\val\real\000000011197.jpg,0,real,jpeg_q90,0.035184,0,1
data\val\real\000000011511.jpg,0,real,jpeg_q90,0.098774,0,1
data\val\real\000000011615.jpg,0,real,jpeg_q90,0.123099,0,1
data\val\real\000000011699.jpg,0,real,jpeg_q90,0.020811,0,1
data\val\real\000000011760.jpg,0,real,jpeg_q90,0.509683,1,0
data\val\real\000000011813.jpg,0,real,jpeg_q90,0.485653,0,1
data\val\real\000000012062.jpg,0,real,jpeg_q90,0.034295,0,1
data\val\real\000000012120.jpg,0,real,jpeg_q90,0.055267,0,1
data\val\real\000000012280.jpg,0,real,jpeg_q90,0.791115,1,0
data\val\real\000000012576.jpg,0,real,jpeg_q90,0.239013,0,1
data\val\real\000000012639.jpg,0,real,jpeg_q90,0.025893,0,1
data\val\real\000000012667.jpg,0,real,jpeg_q90,0.314024,0,1
data\val\real\000000012670.jpg,0,real,jpeg_q90,0.004050,0,1
data\val\real\000000012748.jpg,0,real,jpeg_q90,0.052925,0,1
data\val\real\000000013004.jpg,0,real,jpeg_q90,0.275096,0,1
data\val\real\000000013177.jpg,0,real,jpeg_q90,0.038681,0,1
data\val\real\000000013201.jpg,0,real,jpeg_q90,0.061143,0,1
data\val\real\000000013291.jpg,0,real,jpeg_q90,0.103745,0,1
data\val\real\000000013348.jpg,0,real,jpeg_q90,0.113661,0,1
data\val\real\000000013546.jpg,0,real,jpeg_q90,0.006797,0,1
data\val\real\000000013597.jpg,0,real,jpeg_q90,0.702374,1,0
data\val\real\000000013659.jpg,0,real,jpeg_q90,0.001226,0,1
data\val\real\000000013729.jpg,0,real,jpeg_q90,0.020718,0,1
data\val\real\000000013774.jpg,0,real,jpeg_q90,0.390406,0,1
data\val\real\000000013923.jpg,0,real,jpeg_q90,0.549538,1,0
data\val\real\000000014007.jpg,0,real,jpeg_q90,0.057352,0,1
data\val\real\000000014038.jpg,0,real,jpeg_q90,0.838681,1,0
data\val\real\000000014226.jpg,0,real,jpeg_q90,0.182713,0,1
data\val\real\000000014380.jpg,0,real,jpeg_q90,0.507164,1,0
data\val\real\000000014439.jpg,0,real,jpeg_q90,0.036940,0,1
data\val\real\000000014473.jpg,0,real,jpeg_q90,0.025099,0,1
data\val\real\000000014831.jpg,0,real,jpeg_q90,0.008221,0,1
data\val\real\000000014888.jpg,0,real,jpeg_q90,0.064068,0,1
data\val\real\000000015079.jpg,0,real,jpeg_q90,0.407591,0,1
data\val\real\000000015254.jpg,0,real,jpeg_q90,0.024704,0,1
data\val\real\000000015272.jpg,0,real,jpeg_q90,0.501347,1,0
data\val\real\000000015278.jpg,0,real,jpeg_q90,0.091840,0,1
data\val\real\000000015335.jpg,0,real,jpeg_q90,0.001063,0,1
data\val\real\000000015338.jpg,0,real,jpeg_q90,0.390579,0,1
data\val\real\000000015440.jpg,0,real,jpeg_q90,0.892792,1,0
data\val\real\000000015497.jpg,0,real,jpeg_q90,0.005872,0,1
data\val\real\000000015517.jpg,0,real,jpeg_q90,0.119145,0,1
data\val\real\000000015597.jpg,0,real,jpeg_q90,0.000999,0,1
data\val\real\000000015660.jpg,0,real,jpeg_q90,0.201091,0,1
data\val\real\000000015746.jpg,0,real,jpeg_q90,0.095153,0,1
data\val\real\000000015751.jpg,0,real,jpeg_q90,0.023103,0,1
data\val\real\000000015956.jpg,0,real,jpeg_q90,0.020308,0,1
data\val\real\000000016010.jpg,0,real,jpeg_q90,0.032372,0,1
data\val\real\000000016228.jpg,0,real,jpeg_q90,0.406172,0,1
data\val\real\000000016249.jpg,0,real,jpeg_q90,0.165679,0,1
data\val\real\000000016439.jpg,0,real,jpeg_q90,0.609794,1,0
data\val\real\000000016451.jpg,0,real,jpeg_q90,0.221294,0,1
data\val\real\000000016502.jpg,0,real,jpeg_q90,0.131799,0,1
data\val\real\000000016598.jpg,0,real,jpeg_q90,0.005492,0,1
data\val\real\000000016958.jpg,0,real,jpeg_q90,0.105579,0,1
data\val\real\000000017029.jpg,0,real,jpeg_q90,0.051340,0,1
data\val\real\000000017031.jpg,0,real,jpeg_q90,0.118213,0,1
data\val\real\000000017115.jpg,0,real,jpeg_q90,0.296252,0,1
data\val\real\000000017178.jpg,0,real,jpeg_q90,0.515060,1,0
data\val\real\000000017182.jpg,0,real,jpeg_q90,0.551809,1,0
data\val\real\000000017207.jpg,0,real,jpeg_q90,0.015702,0,1
data\val\real\000000017379.jpg,0,real,jpeg_q90,0.706342,1,0
data\val\real\000000017436.jpg,0,real,jpeg_q90,0.013225,0,1
data\val\real\000000017627.jpg,0,real,jpeg_q90,0.001487,0,1
data\val\real\000000017714.jpg,0,real,jpeg_q90,0.075595,0,1
data\val\real\000000017899.jpg,0,real,jpeg_q90,0.002616,0,1
data\val\real\000000017905.jpg,0,real,jpeg_q90,0.000993,0,1
data\val\real\000000017959.jpg,0,real,jpeg_q90,0.029536,0,1
data\val\real\000000018150.jpg,0,real,jpeg_q90,0.000504,0,1
data\val\real\000000018193.jpg,0,real,jpeg_q90,0.002972,0,1
data\val\real\000000018380.jpg,0,real,jpeg_q90,0.153583,0,1
data\val\real\000000018491.jpg,0,real,jpeg_q90,0.015190,0,1
data\val\real\000000018519.jpg,0,real,jpeg_q90,0.475715,0,1
data\val\real\000000018575.jpg,0,real,jpeg_q90,0.101715,0,1
data\val\real\000000018737.jpg,0,real,jpeg_q90,0.074272,0,1
data\val\real\000000018770.jpg,0,real,jpeg_q90,0.117031,0,1
data\val\real\000000018833.jpg,0,real,jpeg_q90,0.128162,0,1
data\val\real\000000018837.jpg,0,real,jpeg_q90,0.021921,0,1
data\val\real\000000019042.jpg,0,real,jpeg_q90,0.097202,0,1
data\val\real\000000019109.jpg,0,real,jpeg_q90,0.254842,0,1
data\val\real\000000019221.jpg,0,real,jpeg_q90,0.007539,0,1
data\val\real\000000019402.jpg,0,real,jpeg_q90,0.000963,0,1
data\val\real\000000019432.jpg,0,real,jpeg_q90,0.051881,0,1
data\val\real\000000019742.jpg,0,real,jpeg_q90,0.121768,0,1
data\val\real\000000019786.jpg,0,real,jpeg_q90,0.006096,0,1
data\val\real\000000019924.jpg,0,real,jpeg_q90,0.582408,1,0
data\val\real\000000020059.jpg,0,real,jpeg_q90,0.149468,0,1
data\val\real\000000020107.jpg,0,real,jpeg_q90,0.119154,0,1
data\val\real\000000020247.jpg,0,real,jpeg_q90,0.143874,0,1
data\val\real\000000020333.jpg,0,real,jpeg_q90,0.152891,0,1
data\val\real\000000020553.jpg,0,real,jpeg_q90,0.011024,0,1
data\val\real\000000020571.jpg,0,real,jpeg_q90,0.286541,0,1
data\val\real\000000020992.jpg,0,real,jpeg_q90,0.004378,0,1
data\val\real\000000021167.jpg,0,real,jpeg_q90,0.002127,0,1
data\val\real\000000021465.jpg,0,real,jpeg_q90,0.014981,0,1
data\val\real\000000021503.jpg,0,real,jpeg_q90,0.008728,0,1
data\val\real\000000021604.jpg,0,real,jpeg_q90,0.891070,1,0
data\val\real\000000021839.jpg,0,real,jpeg_q90,0.003306,0,1
data\val\real\000000021879.jpg,0,real,jpeg_q90,0.041361,0,1
data\val\real\000000021903.jpg,0,real,jpeg_q90,0.203436,0,1
data\val\real\000000022192.jpg,0,real,jpeg_q90,0.016443,0,1
data\val\real\000000022371.jpg,0,real,jpeg_q90,0.966081,1,0
data\val\real\000000022396.jpg,0,real,jpeg_q90,0.014345,0,1
data\val\real\000000022479.jpg,0,real,jpeg_q90,0.038363,0,1
data\val\real\000000022589.jpg,0,real,jpeg_q90,0.021043,0,1
data\val\real\000000022623.jpg,0,real,jpeg_q90,0.261088,0,1
data\val\real\000000022705.jpg,0,real,jpeg_q90,0.001188,0,1
data\val\real\000000022755.jpg,0,real,jpeg_q90,0.411738,0,1
data\val\real\000000022892.jpg,0,real,jpeg_q90,0.255647,0,1
data\val\real\000000022935.jpg,0,real,jpeg_q90,0.108054,0,1
data\val\real\000000022969.jpg,0,real,jpeg_q90,0.095210,0,1
data\val\real\000000023023.jpg,0,real,jpeg_q90,0.426288,0,1
data\val\real\000000023034.jpg,0,real,jpeg_q90,0.007644,0,1
data\val\real\000000023126.jpg,0,real,jpeg_q90,0.218054,0,1
data\val\real\000000023230.jpg,0,real,jpeg_q90,0.012332,0,1
data\val\real\000000023272.jpg,0,real,jpeg_q90,0.012132,0,1
data\val\real\000000023359.jpg,0,real,jpeg_q90,0.052245,0,1
data\val\real\000000023666.jpg,0,real,jpeg_q90,0.058809,0,1
data\val\real\000000023751.jpg,0,real,jpeg_q90,0.001221,0,1
data\val\real\000000023781.jpg,0,real,jpeg_q90,0.322331,0,1
data\val\real\000000023899.jpg,0,real,jpeg_q90,0.003342,0,1
data\val\real\000000023937.jpg,0,real,jpeg_q90,0.081517,0,1
data\val\real\000000024021.jpg,0,real,jpeg_q90,0.015585,0,1
data\val\real\000000024027.jpg,0,real,jpeg_q90,0.002907,0,1
data\val\real\000000024144.jpg,0,real,jpeg_q90,0.190682,0,1
data\val\real\000000024243.jpg,0,real,jpeg_q90,0.117374,0,1
data\val\real\000000024567.jpg,0,real,jpeg_q90,0.013539,0,1
data\val\real\000000024610.jpg,0,real,jpeg_q90,0.143004,0,1
data\val\real\000000024919.jpg,0,real,jpeg_q90,0.250117,0,1
data\val\real\000000025057.jpg,0,real,jpeg_q90,0.010481,0,1
data\val\real\000000025096.jpg,0,real,jpeg_q90,0.019600,0,1
data\val\real\000000025139.jpg,0,real,jpeg_q90,0.262044,0,1
data\val\real\000000025181.jpg,0,real,jpeg_q90,0.910715,1,0
data\val\real\000000025228.jpg,0,real,jpeg_q90,0.023214,0,1
data\val\real\000000025386.jpg,0,real,jpeg_q90,0.007383,0,1
data\val\real\000000025393.jpg,0,real,jpeg_q90,0.000834,0,1
data\val\real\000000025394.jpg,0,real,jpeg_q90,0.012732,0,1
data\val\real\000000025424.jpg,0,real,jpeg_q90,0.062694,0,1
data\val\real\000000025560.jpg,0,real,jpeg_q90,0.020268,0,1
data\val\real\000000025593.jpg,0,real,jpeg_q90,0.102369,0,1
data\val\real\000000025603.jpg,0,real,jpeg_q90,0.000516,0,1
data\val\real\000000025986.jpg,0,real,jpeg_q90,0.033159,0,1
data\val\real\000000026204.jpg,0,real,jpeg_q90,0.256275,0,1
data\val\real\000000026465.jpg,0,real,jpeg_q90,0.089934,0,1
data\val\real\000000026564.jpg,0,real,jpeg_q90,0.499935,0,1
data\val\real\000000026690.jpg,0,real,jpeg_q90,0.024311,0,1
data\val\real\000000026926.jpg,0,real,jpeg_q90,0.319988,0,1
data\val\real\000000026941.jpg,0,real,jpeg_q90,0.648054,1,0
data\val\real\000000027186.jpg,0,real,jpeg_q90,0.019793,0,1
data\val\real\000000027620.jpg,0,real,jpeg_q90,0.641202,1,0
data\val\real\000000027696.jpg,0,real,jpeg_q90,0.011346,0,1
data\val\real\000000027768.jpg,0,real,jpeg_q90,0.218179,0,1
data\val\real\000000027932.jpg,0,real,jpeg_q90,0.138980,0,1
data\val\real\000000027972.jpg,0,real,jpeg_q90,0.080630,0,1
data\val\real\000000027982.jpg,0,real,jpeg_q90,0.755379,1,0
data\val\real\000000028285.jpg,0,real,jpeg_q90,0.019473,0,1
data\val\real\000000028449.jpg,0,real,jpeg_q90,0.465030,0,1
data\val\real\000000028452.jpg,0,real,jpeg_q90,0.788820,1,0
data\val\real\000000028809.jpg,0,real,jpeg_q90,0.176612,0,1
data\val\real\000000028993.jpg,0,real,jpeg_q90,0.692062,1,0
data\val\real\000000029187.jpg,0,real,jpeg_q90,0.001793,0,1
data\val\real\000000029393.jpg,0,real,jpeg_q90,0.004727,0,1
data\val\real\000000029397.jpg,0,real,jpeg_q90,0.036322,0,1
data\val\real\000000029596.jpg,0,real,jpeg_q90,0.715390,1,0
data\val\real\000000029640.jpg,0,real,jpeg_q90,0.206970,0,1
data\val\real\000000029675.jpg,0,real,jpeg_q90,0.122891,0,1
data\val\real\000000029984.jpg,0,real,jpeg_q90,0.079783,0,1
data\val\real\000000030213.jpg,0,real,jpeg_q90,0.436292,0,1
data\val\real\000000030494.jpg,0,real,jpeg_q90,0.018716,0,1
data\val\real\000000030504.jpg,0,real,jpeg_q90,0.086181,0,1
data\val\real\000000030675.jpg,0,real,jpeg_q90,0.402212,0,1
data\val\real\000000030785.jpg,0,real,jpeg_q90,0.283141,0,1
data\val\real\000000030828.jpg,0,real,jpeg_q90,0.519068,1,0
data\val\real\000000031050.jpg,0,real,jpeg_q90,0.184398,0,1
data\val\real\000000031093.jpg,0,real,jpeg_q90,0.038650,0,1
data\val\real\000000031118.jpg,0,real,jpeg_q90,0.169066,0,1
data\val\real\000000031217.jpg,0,real,jpeg_q90,0.095660,0,1
data\val\real\000000031248.jpg,0,real,jpeg_q90,0.543648,1,0
data\val\real\000000031269.jpg,0,real,jpeg_q90,0.116418,0,1
data\val\real\000000031296.jpg,0,real,jpeg_q90,0.003201,0,1
data\val\real\000000031322.jpg,0,real,jpeg_q90,0.122476,0,1
data\val\real\000000031620.jpg,0,real,jpeg_q90,0.000235,0,1
data\val\real\000000031735.jpg,0,real,jpeg_q90,0.012051,0,1
data\val\real\000000031749.jpg,0,real,jpeg_q90,0.206541,0,1
data\val\real\000000031817.jpg,0,real,jpeg_q90,0.002735,0,1
data\val\real\000000032038.jpg,0,real,jpeg_q90,0.030338,0,1
data\val\real\000000032081.jpg,0,real,jpeg_q90,0.073901,0,1
data\val\real\000000032285.jpg,0,real,jpeg_q90,0.687879,1,0
data\val\real\000000032334.jpg,0,real,jpeg_q90,0.000890,0,1
data\val\real\000000032570.jpg,0,real,jpeg_q90,0.723617,1,0
data\val\real\000000032610.jpg,0,real,jpeg_q90,0.124445,0,1
data\val\real\000000032735.jpg,0,real,jpeg_q90,0.155564,0,1
data\val\real\000000032811.jpg,0,real,jpeg_q90,0.314055,0,1
data\val\real\000000032817.jpg,0,real,jpeg_q90,0.004088,0,1
data\val\real\000000032861.jpg,0,real,jpeg_q90,0.625255,1,0
data\val\real\000000032887.jpg,0,real,jpeg_q90,0.001446,0,1
data\val\real\000000032901.jpg,0,real,jpeg_q90,0.000239,0,1
data\val\real\000000032941.jpg,0,real,jpeg_q90,0.040709,0,1
data\val\real\000000033005.jpg,0,real,jpeg_q90,0.053271,0,1
data\val\real\000000033104.jpg,0,real,jpeg_q90,0.012785,0,1
data\val\real\000000033109.jpg,0,real,jpeg_q90,0.076418,0,1
data\val\real\000000033114.jpg,0,real,jpeg_q90,0.157221,0,1
data\val\real\000000033221.jpg,0,real,jpeg_q90,0.004585,0,1
data\val\real\000000033368.jpg,0,real,jpeg_q90,0.152008,0,1
data\val\real\000000033638.jpg,0,real,jpeg_q90,0.049504,0,1
data\val\real\000000033707.jpg,0,real,jpeg_q90,0.106484,0,1
data\val\real\000000033759.jpg,0,real,jpeg_q90,0.170329,0,1
data\val\real\000000033854.jpg,0,real,jpeg_q90,0.024966,0,1
data\val\real\000000034071.jpg,0,real,jpeg_q90,0.847610,1,0
data\val\real\000000034139.jpg,0,real,jpeg_q90,0.044513,0,1
data\val\real\000000034205.jpg,0,real,jpeg_q90,0.291941,0,1
data\val\real\000000034257.jpg,0,real,jpeg_q90,0.579093,1,0
data\val\real\000000034417.jpg,0,real,jpeg_q90,0.085452,0,1
data\val\real\000000034452.jpg,0,real,jpeg_q90,0.006135,0,1
data\val\real\000000034760.jpg,0,real,jpeg_q90,0.071622,0,1
data\val\real\000000034873.jpg,0,real,jpeg_q90,0.325080,0,1
data\val\real\000000035062.jpg,0,real,jpeg_q90,0.021959,0,1
data\val\real\000000035197.jpg,0,real,jpeg_q90,0.383202,0,1
data\val\real\000000035279.jpg,0,real,jpeg_q90,0.485969,0,1
data\val\real\000000035326.jpg,0,real,jpeg_q90,0.234267,0,1
data\val\real\000000035682.jpg,0,real,jpeg_q90,0.021711,0,1
data\val\real\000000035770.jpg,0,real,jpeg_q90,0.093141,0,1
data\val\real\000000035963.jpg,0,real,jpeg_q90,0.002231,0,1
data\val\real\000000036494.jpg,0,real,jpeg_q90,0.453225,0,1
data\val\real\000000036539.jpg,0,real,jpeg_q90,0.003935,0,1
data\val\real\000000036660.jpg,0,real,jpeg_q90,0.077954,0,1
data\val\real\000000036678.jpg,0,real,jpeg_q90,0.028987,0,1
data\val\real\000000036844.jpg,0,real,jpeg_q90,0.133569,0,1
data\val\real\000000036861.jpg,0,real,jpeg_q90,0.408566,0,1
data\val\real\000000036936.jpg,0,real,jpeg_q90,0.007625,0,1
data\val\real\000000037670.jpg,0,real,jpeg_q90,0.592059,1,0
data\val\real\000000037689.jpg,0,real,jpeg_q90,0.070654,0,1
data\val\real\000000037740.jpg,0,real,jpeg_q90,0.836285,1,0
data\val\real\000000037751.jpg,0,real,jpeg_q90,0.107060,0,1
data\val\real\000000037777.jpg,0,real,jpeg_q90,0.626895,1,0
data\val\real\000000037988.jpg,0,real,jpeg_q90,0.036089,0,1
data\val\real\000000038048.jpg,0,real,jpeg_q90,0.097356,0,1
data\val\real\000000038070.jpg,0,real,jpeg_q90,0.228577,0,1
data\val\real\000000038118.jpg,0,real,jpeg_q90,0.102808,0,1
data\val\real\000000038210.jpg,0,real,jpeg_q90,0.216536,0,1
data\val\real\000000038576.jpg,0,real,jpeg_q90,0.923998,1,0
data\val\real\000000038678.jpg,0,real,jpeg_q90,0.001657,0,1
data\val\real\000000038825.jpg,0,real,jpeg_q90,0.135007,0,1
data\val\real\000000038829.jpg,0,real,jpeg_q90,0.019537,0,1
data\val\real\000000039405.jpg,0,real,jpeg_q90,0.048371,0,1
data\val\real\000000039477.jpg,0,real,jpeg_q90,0.692982,1,0
data\val\real\000000039480.jpg,0,real,jpeg_q90,0.083486,0,1
data\val\real\000000039484.jpg,0,real,jpeg_q90,0.273290,0,1
data\val\real\000000039551.jpg,0,real,jpeg_q90,0.430258,0,1
data\val\real\000000039670.jpg,0,real,jpeg_q90,0.312805,0,1
data\val\real\000000039769.jpg,0,real,jpeg_q90,0.001195,0,1
data\val\real\000000039785.jpg,0,real,jpeg_q90,0.114528,0,1
data\val\real\000000039914.jpg,0,real,jpeg_q90,0.003400,0,1
data\val\real\000000039951.jpg,0,real,jpeg_q90,0.036258,0,1
data\val\real\000000039956.jpg,0,real,jpeg_q90,0.828612,1,0
data\val\real\000000040036.jpg,0,real,jpeg_q90,0.127985,0,1
data\val\real\000000040083.jpg,0,real,jpeg_q90,0.016258,0,1
data\val\real\000000040471.jpg,0,real,jpeg_q90,0.153888,0,1
data\val\real\000000040757.jpg,0,real,jpeg_q90,0.012016,0,1
data\val\real\000000041488.jpg,0,real,jpeg_q90,0.380328,0,1
data\val\real\000000041633.jpg,0,real,jpeg_q90,0.426274,0,1
data\val\real\000000041635.jpg,0,real,jpeg_q90,0.089611,0,1
data\val\real\000000041872.jpg,0,real,jpeg_q90,0.692003,1,0
data\val\real\000000041888.jpg,0,real,jpeg_q90,0.083256,0,1
data\val\real\000000041990.jpg,0,real,jpeg_q90,0.005307,0,1
data\val\real\000000042070.jpg,0,real,jpeg_q90,0.532244,1,0
data\val\real\000000042102.jpg,0,real,jpeg_q90,0.005183,0,1
data\val\real\000000042178.jpg,0,real,jpeg_q90,0.888768,1,0
data\val\real\000000042276.jpg,0,real,jpeg_q90,0.025823,0,1
data\val\real\000000042296.jpg,0,real,jpeg_q90,0.017928,0,1
data\val\real\000000042528.jpg,0,real,jpeg_q90,0.030510,0,1
data\val\real\000000042563.jpg,0,real,jpeg_q90,0.131336,0,1
data\val\real\000000042628.jpg,0,real,jpeg_q90,0.017183,0,1
data\val\real\000000042888.jpg,0,real,jpeg_q90,0.009321,0,1
data\val\real\000000042889.jpg,0,real,jpeg_q90,0.005302,0,1
data\val\real\000000043314.jpg,0,real,jpeg_q90,0.042653,0,1
data\val\real\000000043435.jpg,0,real,jpeg_q90,0.160610,0,1
data\val\real\000000043581.jpg,0,real,jpeg_q90,0.126149,0,1
data\val\real\000000043737.jpg,0,real,jpeg_q90,0.357444,0,1
data\val\real\000000043816.jpg,0,real,jpeg_q90,0.097561,0,1
data\val\real\000000044068.jpg,0,real,jpeg_q90,0.018152,0,1
data\val\real\000000044195.jpg,0,real,jpeg_q90,0.097527,0,1
data\val\real\000000044260.jpg,0,real,jpeg_q90,0.572929,1,0
data\val\real\000000044279.jpg,0,real,jpeg_q90,0.087806,0,1
data\val\real\000000044590.jpg,0,real,jpeg_q90,0.051495,0,1
data\val\real\000000044652.jpg,0,real,jpeg_q90,0.048835,0,1
data\val\real\000000044699.jpg,0,real,jpeg_q90,0.132196,0,1
data\val\real\000000044877.jpg,0,real,jpeg_q90,0.082621,0,1
data\val\real\000000045070.jpg,0,real,jpeg_q90,0.045676,0,1
data\val\real\000000045090.jpg,0,real,jpeg_q90,0.046718,0,1
data\val\real\000000045229.jpg,0,real,jpeg_q90,0.969985,1,0
data\val\real\000000045472.jpg,0,real,jpeg_q90,0.052517,0,1
data\val\real\000000045550.jpg,0,real,jpeg_q90,0.003475,0,1
data\val\real\000000045596.jpg,0,real,jpeg_q90,0.153181,0,1
data\val\real\000000045728.jpg,0,real,jpeg_q90,0.067505,0,1
data\val\real\000000046031.jpg,0,real,jpeg_q90,0.333549,0,1
data\val\real\000000046048.jpg,0,real,jpeg_q90,0.026507,0,1
data\val\real\000000046252.jpg,0,real,jpeg_q90,0.427997,0,1
data\val\real\000000046378.jpg,0,real,jpeg_q90,0.009480,0,1
data\val\real\000000046463.jpg,0,real,jpeg_q90,0.009291,0,1
data\val\real\000000046497.jpg,0,real,jpeg_q90,0.002849,0,1
data\val\real\000000046804.jpg,0,real,jpeg_q90,0.064354,0,1
data\val\real\000000046872.jpg,0,real,jpeg_q90,0.732646,1,0
data\val\real\000000047010.jpg,0,real,jpeg_q90,0.372328,0,1
data\val\real\000000047112.jpg,0,real,jpeg_q90,0.105075,0,1
data\val\real\000000047121.jpg,0,real,jpeg_q90,0.011286,0,1
data\val\real\000000047571.jpg,0,real,jpeg_q90,0.179834,0,1
data\val\real\000000047585.jpg,0,real,jpeg_q90,0.005270,0,1
data\val\real\000000047740.jpg,0,real,jpeg_q90,0.002865,0,1
data\val\real\000000047769.jpg,0,real,jpeg_q90,0.411832,0,1
data\val\real\000000047801.jpg,0,real,jpeg_q90,0.010450,0,1
data\val\real\000000047819.jpg,0,real,jpeg_q90,0.007693,0,1
data\val\real\000000047828.jpg,0,real,jpeg_q90,0.221546,0,1
data\val\real\000000048153.jpg,0,real,jpeg_q90,0.065036,0,1
data\val\real\000000048396.jpg,0,real,jpeg_q90,0.003267,0,1
data\val\real\000000048504.jpg,0,real,jpeg_q90,0.344550,0,1
data\val\real\000000048555.jpg,0,real,jpeg_q90,0.544208,1,0
data\val\real\000000048564.jpg,0,real,jpeg_q90,0.012932,0,1
data\val\real\000000048924.jpg,0,real,jpeg_q90,0.959144,1,0
data\val\real\000000049060.jpg,0,real,jpeg_q90,0.004258,0,1
data\val\real\000000049091.jpg,0,real,jpeg_q90,0.092555,0,1
data\val\real\000000049259.jpg,0,real,jpeg_q90,0.091845,0,1
data\val\real\000000049269.jpg,0,real,jpeg_q90,0.212773,0,1
data\val\real\000000049759.jpg,0,real,jpeg_q90,0.554298,1,0
data\val\real\000000049761.jpg,0,real,jpeg_q90,0.040633,0,1
data\val\real\000000049810.jpg,0,real,jpeg_q90,0.156017,0,1
data\val\real\000000050006.jpg,0,real,jpeg_q90,0.226186,0,1
data\val\real\000000050145.jpg,0,real,jpeg_q90,0.005877,0,1
data\val\real\000000050149.jpg,0,real,jpeg_q90,0.080071,0,1
data\val\real\000000050165.jpg,0,real,jpeg_q90,0.398408,0,1
data\val\real\000000050326.jpg,0,real,jpeg_q90,0.001770,0,1
data\val\real\000000050331.jpg,0,real,jpeg_q90,0.046977,0,1
data\val\real\000000050380.jpg,0,real,jpeg_q90,0.027614,0,1
data\val\real\000000050638.jpg,0,real,jpeg_q90,0.530138,1,0
data\val\real\000000050679.jpg,0,real,jpeg_q90,0.802814,1,0
data\val\real\000000050811.jpg,0,real,jpeg_q90,0.002192,0,1
data\val\real\000000050828.jpg,0,real,jpeg_q90,0.343316,0,1
data\val\real\000000050844.jpg,0,real,jpeg_q90,0.023483,0,1
data\val\real\000000050896.jpg,0,real,jpeg_q90,0.349839,0,1
data\val\real\000000050943.jpg,0,real,jpeg_q90,0.044063,0,1
data\val\real\000000051008.jpg,0,real,jpeg_q90,0.007022,0,1
data\val\real\000000051309.jpg,0,real,jpeg_q90,0.153067,0,1
data\val\real\000000051314.jpg,0,real,jpeg_q90,0.137304,0,1
data\val\real\000000051326.jpg,0,real,jpeg_q90,0.019501,0,1
data\val\real\000000051598.jpg,0,real,jpeg_q90,0.075260,0,1
data\val\real\000000051610.jpg,0,real,jpeg_q90,0.320700,0,1
data\val\real\000000051712.jpg,0,real,jpeg_q90,0.332463,0,1
data\val\real\000000051738.jpg,0,real,jpeg_q90,0.321985,0,1
data\val\real\000000051938.jpg,0,real,jpeg_q90,0.038932,0,1
data\val\real\000000051961.jpg,0,real,jpeg_q90,0.154641,0,1
data\val\real\000000051976.jpg,0,real,jpeg_q90,0.141317,0,1
data\val\real\000000052007.jpg,0,real,jpeg_q90,0.215311,0,1
data\val\real\000000052017.jpg,0,real,jpeg_q90,0.168360,0,1
data\val\real\000000052412.jpg,0,real,jpeg_q90,0.155366,0,1
data\val\real\000000052413.jpg,0,real,jpeg_q90,0.004190,0,1
data\val\real\000000052462.jpg,0,real,jpeg_q90,0.312307,0,1
data\val\real\000000052507.jpg,0,real,jpeg_q90,0.053971,0,1
data\val\real\000000052565.jpg,0,real,jpeg_q90,0.228623,0,1
data\val\real\000000052591.jpg,0,real,jpeg_q90,0.147213,0,1
data\val\real\000000052891.jpg,0,real,jpeg_q90,0.022104,0,1
data\val\real\000000052996.jpg,0,real,jpeg_q90,0.013557,0,1
data\val\real\000000053505.jpg,0,real,jpeg_q90,0.201937,0,1
data\val\real\000000053529.jpg,0,real,jpeg_q90,0.050969,0,1
data\val\real\000000053624.jpg,0,real,jpeg_q90,0.047778,0,1
data\val\real\000000053626.jpg,0,real,jpeg_q90,0.004777,0,1
data\val\real\000000053909.jpg,0,real,jpeg_q90,0.052944,0,1
data\val\real\000000053994.jpg,0,real,jpeg_q90,0.514027,1,0
data\val\real\000000054123.jpg,0,real,jpeg_q90,0.282583,0,1
data\val\real\000000054164.jpg,0,real,jpeg_q90,0.354055,0,1
data\val\real\000000054592.jpg,0,real,jpeg_q90,0.129904,0,1
data\val\real\000000054593.jpg,0,real,jpeg_q90,0.105246,0,1
data\val\real\000000054605.jpg,0,real,jpeg_q90,0.046386,0,1
data\val\real\000000054628.jpg,0,real,jpeg_q90,0.010400,0,1
data\val\real\000000054654.jpg,0,real,jpeg_q90,0.007471,0,1
data\val\real\000000054931.jpg,0,real,jpeg_q90,0.487243,0,1
data\val\real\000000054967.jpg,0,real,jpeg_q90,0.660396,1,0
data\val\real\000000055002.jpg,0,real,jpeg_q90,0.053895,0,1
data\val\real\000000055022.jpg,0,real,jpeg_q90,0.110342,0,1
data\val\real\000000055072.jpg,0,real,jpeg_q90,0.150516,0,1
data\val\real\000000055150.jpg,0,real,jpeg_q90,0.043061,0,1
data\val\real\000000055167.jpg,0,real,jpeg_q90,0.017161,0,1
data\val\real\000000055299.jpg,0,real,jpeg_q90,0.103367,0,1
data\val\real\000000055528.jpg,0,real,jpeg_q90,0.008043,0,1
data\val\real\000000055950.jpg,0,real,jpeg_q90,0.042245,0,1
data\val\real\000000056127.jpg,0,real,jpeg_q90,0.395671,0,1
data\val\real\000000056288.jpg,0,real,jpeg_q90,0.122915,0,1
data\val\real\000000056344.jpg,0,real,jpeg_q90,0.413993,0,1
data\val\real\000000056350.jpg,0,real,jpeg_q90,0.353604,0,1
data\val\real\000000056545.jpg,0,real,jpeg_q90,0.009059,0,1
data\val\ai\ai_000001.png,1,ai,jpeg_q90,0.995171,1,1
data\val\ai\ai_000002.png,1,ai,jpeg_q90,0.994649,1,1
data\val\ai\ai_000003.png,1,ai,jpeg_q90,0.984640,1,1
data\val\ai\ai_000004.png,1,ai,jpeg_q90,0.972190,1,1
data\val\ai\ai_000005.png,1,ai,jpeg_q90,0.983861,1,1
data\val\ai\ai_000006.png,1,ai,jpeg_q90,0.977517,1,1
data\val\ai\ai_000007.png,1,ai,jpeg_q90,0.981132,1,1
data\val\ai\ai_000008.png,1,ai,jpeg_q90,0.947893,1,1
data\val\ai\ai_000009.png,1,ai,jpeg_q90,0.980247,1,1
data\val\ai\ai_000010.png,1,ai,jpeg_q90,0.986608,1,1
data\val\ai\ai_000011.png,1,ai,jpeg_q90,0.989419,1,1
data\val\ai\ai_000012.png,1,ai,jpeg_q90,0.983295,1,1
data\val\ai\ai_000013.png,1,ai,jpeg_q90,0.996204,1,1
data\val\ai\ai_000014.png,1,ai,jpeg_q90,0.996993,1,1
data\val\ai\ai_000015.png,1,ai,jpeg_q90,0.997158,1,1
data\val\ai\ai_000016.png,1,ai,jpeg_q90,0.903820,1,1
data\val\ai\ai_000017.png,1,ai,jpeg_q90,0.963229,1,1
data\val\ai\ai_000018.png,1,ai,jpeg_q90,0.986800,1,1
data\val\ai\ai_000019.png,1,ai,jpeg_q90,0.895496,1,1
data\val\ai\ai_000020.png,1,ai,jpeg_q90,0.940005,1,1
data\val\ai\ai_000021.png,1,ai,jpeg_q90,0.998505,1,1
data\val\ai\ai_000022.png,1,ai,jpeg_q90,0.797270,1,1
data\val\ai\ai_000023.png,1,ai,jpeg_q90,0.979379,1,1
data\val\ai\ai_000024.png,1,ai,jpeg_q90,0.971406,1,1
data\val\ai\ai_000025.png,1,ai,jpeg_q90,0.986583,1,1
data\val\ai\ai_000026.png,1,ai,jpeg_q90,0.637105,1,1
data\val\ai\ai_000027.png,1,ai,jpeg_q90,0.963142,1,1
data\val\ai\ai_000028.png,1,ai,jpeg_q90,0.997889,1,1
data\val\ai\ai_000029.png,1,ai,jpeg_q90,0.998106,1,1
data\val\ai\ai_000030.png,1,ai,jpeg_q90,0.921373,1,1
data\val\ai\ai_000031.png,1,ai,jpeg_q90,0.943876,1,1
data\val\ai\ai_000032.png,1,ai,jpeg_q90,0.984156,1,1
data\val\ai\ai_000033.png,1,ai,jpeg_q90,0.995754,1,1
data\val\ai\ai_000034.png,1,ai,jpeg_q90,0.979227,1,1
data\val\ai\ai_000035.png,1,ai,jpeg_q90,0.994880,1,1
data\val\ai\ai_000036.png,1,ai,jpeg_q90,0.994772,1,1
data\val\ai\ai_000037.png,1,ai,jpeg_q90,0.990988,1,1
data\val\ai\ai_000038.png,1,ai,jpeg_q90,0.969771,1,1
data\val\ai\ai_000039.png,1,ai,jpeg_q90,0.994467,1,1
data\val\ai\ai_000040.png,1,ai,jpeg_q90,0.720543,1,1
data\val\ai\ai_000041.png,1,ai,jpeg_q90,0.999811,1,1
data\val\ai\ai_000042.png,1,ai,jpeg_q90,0.999498,1,1
data\val\ai\ai_000043.png,1,ai,jpeg_q90,0.999703,1,1
data\val\ai\ai_000044.png,1,ai,jpeg_q90,0.845430,1,1
data\val\ai\ai_000045.png,1,ai,jpeg_q90,0.998588,1,1
data\val\ai\ai_000046.png,1,ai,jpeg_q90,0.658483,1,1
data\val\ai\ai_000047.png,1,ai,jpeg_q90,0.970460,1,1
data\val\ai\ai_000048.png,1,ai,jpeg_q90,0.915129,1,1
data\val\ai\ai_000049.png,1,ai,jpeg_q90,0.996817,1,1
data\val\ai\ai_000050.png,1,ai,jpeg_q90,0.985902,1,1
data\val\ai\ai_000051.png,1,ai,jpeg_q90,0.991109,1,1
data\val\ai\ai_000052.png,1,ai,jpeg_q90,0.998570,1,1
data\val\ai\ai_000053.png,1,ai,jpeg_q90,0.993207,1,1
data\val\ai\ai_000054.png,1,ai,jpeg_q90,0.996354,1,1
data\val\ai\ai_000055.png,1,ai,jpeg_q90,0.779965,1,1
data\val\ai\ai_000056.png,1,ai,jpeg_q90,0.941699,1,1
data\val\ai\ai_000057.png,1,ai,jpeg_q90,0.978930,1,1
data\val\ai\ai_000058.png,1,ai,jpeg_q90,0.603736,1,1
data\val\ai\ai_000059.png,1,ai,jpeg_q90,0.987729,1,1
data\val\ai\ai_000060.png,1,ai,jpeg_q90,0.911718,1,1
data\val\ai\ai_000061.png,1,ai,jpeg_q90,0.989802,1,1
data\val\ai\ai_000062.png,1,ai,jpeg_q90,0.992543,1,1
data\val\ai\ai_000063.png,1,ai,jpeg_q90,0.997333,1,1
data\val\ai\ai_000064.png,1,ai,jpeg_q90,0.936938,1,1
data\val\ai\ai_000065.png,1,ai,jpeg_q90,0.989156,1,1
data\val\ai\ai_000066.png,1,ai,jpeg_q90,0.975256,1,1
data\val\ai\ai_000067.png,1,ai,jpeg_q90,0.999399,1,1
data\val\ai\ai_000068.png,1,ai,jpeg_q90,0.852113,1,1
data\val\ai\ai_000069.png,1,ai,jpeg_q90,0.998592,1,1
data\val\ai\ai_000070.png,1,ai,jpeg_q90,0.950109,1,1
data\val\ai\ai_000071.png,1,ai,jpeg_q90,0.999194,1,1
data\val\ai\ai_000072.png,1,ai,jpeg_q90,0.919877,1,1
data\val\ai\ai_000073.png,1,ai,jpeg_q90,0.998847,1,1
data\val\ai\ai_000074.png,1,ai,jpeg_q90,0.994057,1,1
data\val\ai\ai_000075.png,1,ai,jpeg_q90,0.998624,1,1
data\val\ai\ai_000076.png,1,ai,jpeg_q90,0.977429,1,1
data\val\ai\ai_000077.png,1,ai,jpeg_q90,0.985434,1,1
data\val\ai\ai_000078.png,1,ai,jpeg_q90,0.669340,1,1
data\val\ai\ai_000079.png,1,ai,jpeg_q90,0.964464,1,1
data\val\ai\ai_000080.png,1,ai,jpeg_q90,0.944436,1,1
data\val\ai\ai_000081.png,1,ai,jpeg_q90,0.999140,1,1
data\val\ai\ai_000082.png,1,ai,jpeg_q90,0.999054,1,1
data\val\ai\ai_000083.png,1,ai,jpeg_q90,0.986547,1,1
data\val\ai\ai_000084.png,1,ai,jpeg_q90,0.993303,1,1
data\val\ai\ai_000085.png,1,ai,jpeg_q90,0.991080,1,1
data\val\ai\ai_000086.png,1,ai,jpeg_q90,0.650622,1,1
data\val\ai\ai_000087.png,1,ai,jpeg_q90,0.993353,1,1
data\val\ai\ai_000088.png,1,ai,jpeg_q90,0.979084,1,1
data\val\ai\ai_000089.png,1,ai,jpeg_q90,0.979495,1,1
data\val\ai\ai_000090.png,1,ai,jpeg_q90,0.935471,1,1
data\val\ai\ai_000091.png,1,ai,jpeg_q90,0.992492,1,1
data\val\ai\ai_000092.png,1,ai,jpeg_q90,0.992521,1,1
data\val\ai\ai_000093.png,1,ai,jpeg_q90,0.992074,1,1
data\val\ai\ai_000094.png,1,ai,jpeg_q90,0.999192,1,1
data\val\ai\ai_000095.png,1,ai,jpeg_q90,0.992627,1,1
data\val\ai\ai_000096.png,1,ai,jpeg_q90,0.980842,1,1
data\val\ai\ai_000097.png,1,ai,jpeg_q90,0.807355,1,1
data\val\ai\ai_000098.png,1,ai,jpeg_q90,0.958978,1,1
data\val\ai\ai_000099.png,1,ai,jpeg_q90,0.707897,1,1
data\val\ai\ai_000100.png,1,ai,jpeg_q90,0.982839,1,1
data\val\ai\ai_000101.png,1,ai,jpeg_q90,0.995384,1,1
data\val\ai\ai_000102.png,1,ai,jpeg_q90,0.663167,1,1
data\val\ai\ai_000103.png,1,ai,jpeg_q90,0.992082,1,1
data\val\ai\ai_000104.png,1,ai,jpeg_q90,0.996944,1,1
data\val\ai\ai_000105.png,1,ai,jpeg_q90,0.608851,1,1
data\val\ai\ai_000106.png,1,ai,jpeg_q90,0.841928,1,1
data\val\ai\ai_000107.png,1,ai,jpeg_q90,0.975046,1,1
data\val\ai\ai_000108.png,1,ai,jpeg_q90,0.996164,1,1
data\val\ai\ai_000109.png,1,ai,jpeg_q90,0.999683,1,1
data\val\ai\ai_000110.png,1,ai,jpeg_q90,0.970474,1,1
data\val\ai\ai_000111.png,1,ai,jpeg_q90,0.959277,1,1
data\val\ai\ai_000112.png,1,ai,jpeg_q90,0.914561,1,1
data\val\ai\ai_000113.png,1,ai,jpeg_q90,0.993019,1,1
data\val\ai\ai_000114.png,1,ai,jpeg_q90,0.985996,1,1
data\val\ai\ai_000115.png,1,ai,jpeg_q90,0.992690,1,1
data\val\ai\ai_000116.png,1,ai,jpeg_q90,0.920123,1,1
data\val\ai\ai_000117.png,1,ai,jpeg_q90,0.973613,1,1
data\val\ai\ai_000118.png,1,ai,jpeg_q90,0.997414,1,1
data\val\ai\ai_000119.png,1,ai,jpeg_q90,0.958976,1,1
data\val\ai\ai_000120.png,1,ai,jpeg_q90,0.934629,1,1
data\val\ai\ai_000121.png,1,ai,jpeg_q90,0.999113,1,1
data\val\ai\ai_000122.png,1,ai,jpeg_q90,0.974753,1,1
data\val\ai\ai_000123.png,1,ai,jpeg_q90,0.975968,1,1
data\val\ai\ai_000124.png,1,ai,jpeg_q90,0.907099,1,1
data\val\ai\ai_000125.png,1,ai,jpeg_q90,0.998996,1,1
data\val\ai\ai_000126.png,1,ai,jpeg_q90,0.977603,1,1
data\val\ai\ai_000127.png,1,ai,jpeg_q90,0.995009,1,1
data\val\ai\ai_000128.png,1,ai,jpeg_q90,0.986350,1,1
data\val\ai\ai_000129.png,1,ai,jpeg_q90,0.989492,1,1
data\val\ai\ai_000130.png,1,ai,jpeg_q90,0.573766,1,1
data\val\ai\ai_000131.png,1,ai,jpeg_q90,0.996588,1,1
data\val\ai\ai_000132.png,1,ai,jpeg_q90,0.970674,1,1
data\val\ai\ai_000133.png,1,ai,jpeg_q90,0.994972,1,1
data\val\ai\ai_000134.png,1,ai,jpeg_q90,0.995752,1,1
data\val\ai\ai_000135.png,1,ai,jpeg_q90,0.999718,1,1
data\val\ai\ai_000136.png,1,ai,jpeg_q90,0.819843,1,1
data\val\ai\ai_000137.png,1,ai,jpeg_q90,0.924815,1,1
data\val\ai\ai_000138.png,1,ai,jpeg_q90,0.939231,1,1
data\val\ai\ai_000139.png,1,ai,jpeg_q90,0.996619,1,1
data\val\ai\ai_000140.png,1,ai,jpeg_q90,0.868080,1,1
data\val\ai\ai_000141.png,1,ai,jpeg_q90,0.999539,1,1
data\val\ai\ai_000142.png,1,ai,jpeg_q90,0.976866,1,1
data\val\ai\ai_000143.png,1,ai,jpeg_q90,0.999121,1,1
data\val\ai\ai_000144.png,1,ai,jpeg_q90,0.993425,1,1
data\val\ai\ai_000145.png,1,ai,jpeg_q90,0.997555,1,1
data\val\ai\ai_000146.png,1,ai,jpeg_q90,0.990059,1,1
data\val\ai\ai_000147.png,1,ai,jpeg_q90,0.989578,1,1
data\val\ai\ai_000148.png,1,ai,jpeg_q90,0.476377,0,0
data\val\ai\ai_000149.png,1,ai,jpeg_q90,0.998196,1,1
data\val\ai\ai_000150.png,1,ai,jpeg_q90,0.899066,1,1
data\val\ai\ai_000151.png,1,ai,jpeg_q90,0.877225,1,1
data\val\ai\ai_000152.png,1,ai,jpeg_q90,0.973184,1,1
data\val\ai\ai_000153.png,1,ai,jpeg_q90,0.999074,1,1
data\val\ai\ai_000154.png,1,ai,jpeg_q90,0.997123,1,1
data\val\ai\ai_000155.png,1,ai,jpeg_q90,0.985965,1,1
data\val\ai\ai_000156.png,1,ai,jpeg_q90,0.677052,1,1
data\val\ai\ai_000157.png,1,ai,jpeg_q90,0.993890,1,1
data\val\ai\ai_000158.png,1,ai,jpeg_q90,0.488502,0,0
data\val\ai\ai_000159.png,1,ai,jpeg_q90,0.999307,1,1
data\val\ai\ai_000160.png,1,ai,jpeg_q90,0.256207,0,0
data\val\ai\ai_000161.png,1,ai,jpeg_q90,0.995075,1,1
data\val\ai\ai_000162.png,1,ai,jpeg_q90,0.992375,1,1
data\val\ai\ai_000163.png,1,ai,jpeg_q90,0.999013,1,1
data\val\ai\ai_000164.png,1,ai,jpeg_q90,0.999260,1,1
data\val\ai\ai_000165.png,1,ai,jpeg_q90,0.999499,1,1
data\val\ai\ai_000166.png,1,ai,jpeg_q90,0.988906,1,1
data\val\ai\ai_000167.png,1,ai,jpeg_q90,0.985744,1,1
data\val\ai\ai_000168.png,1,ai,jpeg_q90,0.691769,1,1
data\val\ai\ai_000169.png,1,ai,jpeg_q90,0.991947,1,1
data\val\ai\ai_000170.png,1,ai,jpeg_q90,0.980841,1,1
data\val\ai\ai_000171.png,1,ai,jpeg_q90,0.993483,1,1
data\val\ai\ai_000172.png,1,ai,jpeg_q90,0.989658,1,1
data\val\ai\ai_000173.png,1,ai,jpeg_q90,0.994150,1,1
data\val\ai\ai_000174.png,1,ai,jpeg_q90,0.999786,1,1
data\val\ai\ai_000175.png,1,ai,jpeg_q90,0.993709,1,1
data\val\ai\ai_000176.png,1,ai,jpeg_q90,0.987288,1,1
data\val\ai\ai_000177.png,1,ai,jpeg_q90,0.981593,1,1
data\val\ai\ai_000178.png,1,ai,jpeg_q90,0.831776,1,1
data\val\ai\ai_000179.png,1,ai,jpeg_q90,0.999210,1,1
data\val\ai\ai_000180.png,1,ai,jpeg_q90,0.974454,1,1
data\val\ai\ai_000181.png,1,ai,jpeg_q90,0.979401,1,1
data\val\ai\ai_000182.png,1,ai,jpeg_q90,0.979822,1,1
data\val\ai\ai_000183.png,1,ai,jpeg_q90,0.984369,1,1
data\val\ai\ai_000184.png,1,ai,jpeg_q90,0.990286,1,1
data\val\ai\ai_000185.png,1,ai,jpeg_q90,0.975423,1,1
data\val\ai\ai_000186.png,1,ai,jpeg_q90,0.751542,1,1
data\val\ai\ai_000187.png,1,ai,jpeg_q90,0.981972,1,1
data\val\ai\ai_000188.png,1,ai,jpeg_q90,0.791300,1,1
data\val\ai\ai_000189.png,1,ai,jpeg_q90,0.997353,1,1
data\val\ai\ai_000190.png,1,ai,jpeg_q90,0.975955,1,1
data\val\ai\ai_000191.png,1,ai,jpeg_q90,0.871214,1,1
data\val\ai\ai_000192.png,1,ai,jpeg_q90,0.997208,1,1
data\val\ai\ai_000193.png,1,ai,jpeg_q90,0.999727,1,1
data\val\ai\ai_000194.png,1,ai,jpeg_q90,0.996386,1,1
data\val\ai\ai_000195.png,1,ai,jpeg_q90,0.994861,1,1
data\val\ai\ai_000196.png,1,ai,jpeg_q90,0.997000,1,1
data\val\ai\ai_000197.png,1,ai,jpeg_q90,0.968577,1,1
data\val\ai\ai_000198.png,1,ai,jpeg_q90,0.989313,1,1
data\val\ai\ai_000199.png,1,ai,jpeg_q90,0.971195,1,1
data\val\ai\ai_000200.png,1,ai,jpeg_q90,0.962451,1,1
data\val\ai\ai_000201.png,1,ai,jpeg_q90,0.986113,1,1
data\val\ai\ai_000202.png,1,ai,jpeg_q90,0.929397,1,1
data\val\ai\ai_000203.png,1,ai,jpeg_q90,0.999097,1,1
data\val\ai\ai_000204.png,1,ai,jpeg_q90,0.995380,1,1
data\val\ai\ai_000205.png,1,ai,jpeg_q90,0.975524,1,1
data\val\ai\ai_000206.png,1,ai,jpeg_q90,0.998083,1,1
data\val\ai\ai_000207.png,1,ai,jpeg_q90,0.984562,1,1
data\val\ai\ai_000208.png,1,ai,jpeg_q90,0.964547,1,1
data\val\ai\ai_000209.png,1,ai,jpeg_q90,0.997935,1,1
data\val\ai\ai_000210.png,1,ai,jpeg_q90,0.935453,1,1
data\val\ai\ai_000211.png,1,ai,jpeg_q90,0.998049,1,1
data\val\ai\ai_000212.png,1,ai,jpeg_q90,0.998712,1,1
data\val\ai\ai_000213.png,1,ai,jpeg_q90,0.989233,1,1
data\val\ai\ai_000214.png,1,ai,jpeg_q90,0.999758,1,1
data\val\ai\ai_000215.png,1,ai,jpeg_q90,0.990520,1,1
data\val\ai\ai_000216.png,1,ai,jpeg_q90,0.984864,1,1
data\val\ai\ai_000217.png,1,ai,jpeg_q90,0.965604,1,1
data\val\ai\ai_000218.png,1,ai,jpeg_q90,0.933241,1,1
data\val\ai\ai_000219.png,1,ai,jpeg_q90,0.996032,1,1
data\val\ai\ai_000220.png,1,ai,jpeg_q90,0.683299,1,1
data\val\ai\ai_000221.png,1,ai,jpeg_q90,0.994703,1,1
data\val\ai\ai_000222.png,1,ai,jpeg_q90,0.924879,1,1
data\val\ai\ai_000223.png,1,ai,jpeg_q90,0.997339,1,1
data\val\ai\ai_000224.png,1,ai,jpeg_q90,0.991134,1,1
data\val\ai\ai_000225.png,1,ai,jpeg_q90,0.985928,1,1
data\val\ai\ai_000226.png,1,ai,jpeg_q90,0.982691,1,1
data\val\ai\ai_000227.png,1,ai,jpeg_q90,0.930083,1,1
data\val\ai\ai_000228.png,1,ai,jpeg_q90,0.136367,0,0
data\val\ai\ai_000229.png,1,ai,jpeg_q90,0.995694,1,1
data\val\ai\ai_000230.png,1,ai,jpeg_q90,0.975750,1,1
data\val\ai\ai_000231.png,1,ai,jpeg_q90,0.999613,1,1
data\val\ai\ai_000232.png,1,ai,jpeg_q90,0.917547,1,1
data\val\ai\ai_000233.png,1,ai,jpeg_q90,0.991140,1,1
data\val\ai\ai_000234.png,1,ai,jpeg_q90,0.999890,1,1
data\val\ai\ai_000235.png,1,ai,jpeg_q90,0.998432,1,1
data\val\ai\ai_000236.png,1,ai,jpeg_q90,0.947424,1,1
data\val\ai\ai_000237.png,1,ai,jpeg_q90,0.945764,1,1
data\val\ai\ai_000238.png,1,ai,jpeg_q90,0.856115,1,1
data\val\ai\ai_000239.png,1,ai,jpeg_q90,0.934460,1,1
data\val\ai\ai_000240.png,1,ai,jpeg_q90,0.893439,1,1
data\val\ai\ai_000241.png,1,ai,jpeg_q90,0.991590,1,1
data\val\ai\ai_000242.png,1,ai,jpeg_q90,0.998702,1,1
data\val\ai\ai_000243.png,1,ai,jpeg_q90,0.988489,1,1
data\val\ai\ai_000244.png,1,ai,jpeg_q90,0.997894,1,1
data\val\ai\ai_000245.png,1,ai,jpeg_q90,0.916483,1,1
data\val\ai\ai_000246.png,1,ai,jpeg_q90,0.998389,1,1
data\val\ai\ai_000247.png,1,ai,jpeg_q90,0.953028,1,1
data\val\ai\ai_000248.png,1,ai,jpeg_q90,0.995971,1,1
data\val\ai\ai_000249.png,1,ai,jpeg_q90,0.996971,1,1
data\val\ai\ai_000250.png,1,ai,jpeg_q90,0.531209,1,1
data\val\ai\ai_000251.png,1,ai,jpeg_q90,0.977950,1,1
data\val\ai\ai_000252.png,1,ai,jpeg_q90,0.993853,1,1
data\val\ai\ai_000253.png,1,ai,jpeg_q90,0.996879,1,1
data\val\ai\ai_000254.png,1,ai,jpeg_q90,0.979583,1,1
data\val\ai\ai_000255.png,1,ai,jpeg_q90,0.879643,1,1
data\val\ai\ai_000256.png,1,ai,jpeg_q90,0.751632,1,1
data\val\ai\ai_000257.png,1,ai,jpeg_q90,0.995346,1,1
data\val\ai\ai_000258.png,1,ai,jpeg_q90,0.912898,1,1
data\val\ai\ai_000259.png,1,ai,jpeg_q90,0.998461,1,1
data\val\ai\ai_000260.png,1,ai,jpeg_q90,0.708392,1,1
data\val\ai\ai_000261.png,1,ai,jpeg_q90,0.995220,1,1
data\val\ai\ai_000262.png,1,ai,jpeg_q90,0.998657,1,1
data\val\ai\ai_000263.png,1,ai,jpeg_q90,0.993495,1,1
data\val\ai\ai_000264.png,1,ai,jpeg_q90,0.999655,1,1
data\val\ai\ai_000265.png,1,ai,jpeg_q90,0.994152,1,1
data\val\ai\ai_000266.png,1,ai,jpeg_q90,0.941988,1,1
data\val\ai\ai_000267.png,1,ai,jpeg_q90,0.997915,1,1
data\val\ai\ai_000268.png,1,ai,jpeg_q90,0.895830,1,1
data\val\ai\ai_000269.png,1,ai,jpeg_q90,0.993827,1,1
data\val\ai\ai_000270.png,1,ai,jpeg_q90,0.835052,1,1
data\val\ai\ai_000271.png,1,ai,jpeg_q90,0.994367,1,1
data\val\ai\ai_000272.png,1,ai,jpeg_q90,0.996443,1,1
data\val\ai\ai_000273.png,1,ai,jpeg_q90,0.998451,1,1
data\val\ai\ai_000274.png,1,ai,jpeg_q90,0.993502,1,1
data\val\ai\ai_000275.png,1,ai,jpeg_q90,0.995782,1,1
data\val\ai\ai_000276.png,1,ai,jpeg_q90,0.996948,1,1
data\val\ai\ai_000277.png,1,ai,jpeg_q90,0.960066,1,1
data\val\ai\ai_000278.png,1,ai,jpeg_q90,0.995683,1,1
data\val\ai\ai_000279.png,1,ai,jpeg_q90,0.973943,1,1
data\val\ai\ai_000280.png,1,ai,jpeg_q90,0.915661,1,1
data\val\ai\ai_000281.png,1,ai,jpeg_q90,0.979023,1,1
data\val\ai\ai_000282.png,1,ai,jpeg_q90,0.988806,1,1
data\val\ai\ai_000283.png,1,ai,jpeg_q90,0.997152,1,1
data\val\ai\ai_000284.png,1,ai,jpeg_q90,0.987015,1,1
data\val\ai\ai_000285.png,1,ai,jpeg_q90,0.995103,1,1
data\val\ai\ai_000286.png,1,ai,jpeg_q90,0.984139,1,1
data\val\ai\ai_000287.png,1,ai,jpeg_q90,0.983236,1,1
data\val\ai\ai_000288.png,1,ai,jpeg_q90,0.431326,0,0
data\val\ai\ai_000289.png,1,ai,jpeg_q90,0.993438,1,1
data\val\ai\ai_000290.png,1,ai,jpeg_q90,0.871213,1,1
data\val\ai\ai_000291.png,1,ai,jpeg_q90,0.999045,1,1
data\val\ai\ai_000292.png,1,ai,jpeg_q90,0.991768,1,1
data\val\ai\ai_000293.png,1,ai,jpeg_q90,0.741390,1,1
data\val\ai\ai_000294.png,1,ai,jpeg_q90,0.996903,1,1
data\val\ai\ai_000295.png,1,ai,jpeg_q90,0.995019,1,1
data\val\ai\ai_000296.png,1,ai,jpeg_q90,0.996454,1,1
data\val\ai\ai_000297.png,1,ai,jpeg_q90,0.997128,1,1
data\val\ai\ai_000298.png,1,ai,jpeg_q90,0.992870,1,1
data\val\ai\ai_000299.png,1,ai,jpeg_q90,0.983385,1,1
data\val\ai\ai_000300.png,1,ai,jpeg_q90,0.703458,1,1
data\val\ai\ai_000301.png,1,ai,jpeg_q90,0.966912,1,1
data\val\ai\ai_000302.png,1,ai,jpeg_q90,0.840792,1,1
data\val\ai\ai_000303.png,1,ai,jpeg_q90,0.989015,1,1
data\val\ai\ai_000304.png,1,ai,jpeg_q90,0.993084,1,1
data\val\ai\ai_000305.png,1,ai,jpeg_q90,0.925202,1,1
data\val\ai\ai_000306.png,1,ai,jpeg_q90,0.993143,1,1
data\val\ai\ai_000307.png,1,ai,jpeg_q90,0.949070,1,1
data\val\ai\ai_000308.png,1,ai,jpeg_q90,0.928591,1,1
data\val\ai\ai_000309.png,1,ai,jpeg_q90,0.940673,1,1
data\val\ai\ai_000310.png,1,ai,jpeg_q90,0.949293,1,1
data\val\ai\ai_000311.png,1,ai,jpeg_q90,0.982125,1,1
data\val\ai\ai_000312.png,1,ai,jpeg_q90,0.989979,1,1
data\val\ai\ai_000313.png,1,ai,jpeg_q90,0.788950,1,1
data\val\ai\ai_000314.png,1,ai,jpeg_q90,0.996776,1,1
data\val\ai\ai_000315.png,1,ai,jpeg_q90,0.993973,1,1
data\val\ai\ai_000316.png,1,ai,jpeg_q90,0.995120,1,1
data\val\ai\ai_000317.png,1,ai,jpeg_q90,0.999369,1,1
data\val\ai\ai_000318.png,1,ai,jpeg_q90,0.253431,0,0
data\val\ai\ai_000319.png,1,ai,jpeg_q90,0.970688,1,1
data\val\ai\ai_000320.png,1,ai,jpeg_q90,0.986909,1,1
data\val\ai\ai_000321.png,1,ai,jpeg_q90,0.990684,1,1
data\val\ai\ai_000322.png,1,ai,jpeg_q90,0.951101,1,1
data\val\ai\ai_000323.png,1,ai,jpeg_q90,0.998655,1,1
data\val\ai\ai_000324.png,1,ai,jpeg_q90,0.999308,1,1
data\val\ai\ai_000325.png,1,ai,jpeg_q90,0.977575,1,1
data\val\ai\ai_000326.png,1,ai,jpeg_q90,0.997752,1,1
data\val\ai\ai_000327.png,1,ai,jpeg_q90,0.998999,1,1
data\val\ai\ai_000328.png,1,ai,jpeg_q90,0.964566,1,1
data\val\ai\ai_000329.png,1,ai,jpeg_q90,0.985358,1,1
data\val\ai\ai_000330.png,1,ai,jpeg_q90,0.982946,1,1
data\val\ai\ai_000331.png,1,ai,jpeg_q90,0.993621,1,1
data\val\ai\ai_000332.png,1,ai,jpeg_q90,0.877882,1,1
data\val\ai\ai_000333.png,1,ai,jpeg_q90,0.996724,1,1
data\val\ai\ai_000334.png,1,ai,jpeg_q90,0.974059,1,1
data\val\ai\ai_000335.png,1,ai,jpeg_q90,0.997939,1,1
data\val\ai\ai_000336.png,1,ai,jpeg_q90,0.820158,1,1
data\val\ai\ai_000337.png,1,ai,jpeg_q90,0.998646,1,1
data\val\ai\ai_000338.png,1,ai,jpeg_q90,0.754510,1,1
data\val\ai\ai_000339.png,1,ai,jpeg_q90,0.998306,1,1
data\val\ai\ai_000340.png,1,ai,jpeg_q90,0.986131,1,1
data\val\ai\ai_000341.png,1,ai,jpeg_q90,0.980089,1,1
data\val\ai\ai_000342.png,1,ai,jpeg_q90,0.795031,1,1
data\val\ai\ai_000343.png,1,ai,jpeg_q90,0.998894,1,1
data\val\ai\ai_000344.png,1,ai,jpeg_q90,0.996517,1,1
data\val\ai\ai_000345.png,1,ai,jpeg_q90,0.991575,1,1
data\val\ai\ai_000346.png,1,ai,jpeg_q90,0.997495,1,1
data\val\ai\ai_000347.png,1,ai,jpeg_q90,0.986461,1,1
data\val\ai\ai_000348.png,1,ai,jpeg_q90,0.985948,1,1
data\val\ai\ai_000349.png,1,ai,jpeg_q90,0.997341,1,1
data\val\ai\ai_000350.png,1,ai,jpeg_q90,0.811701,1,1
data\val\ai\ai_000351.png,1,ai,jpeg_q90,0.989523,1,1
data\val\ai\ai_000352.png,1,ai,jpeg_q90,0.921209,1,1
data\val\ai\ai_000353.png,1,ai,jpeg_q90,0.982376,1,1
data\val\ai\ai_000354.png,1,ai,jpeg_q90,0.998863,1,1
data\val\ai\ai_000355.png,1,ai,jpeg_q90,0.984687,1,1
data\val\ai\ai_000356.png,1,ai,jpeg_q90,0.922045,1,1
data\val\ai\ai_000357.png,1,ai,jpeg_q90,0.988589,1,1
data\val\ai\ai_000358.png,1,ai,jpeg_q90,0.308443,0,0
data\val\ai\ai_000359.png,1,ai,jpeg_q90,0.994546,1,1
data\val\ai\ai_000360.png,1,ai,jpeg_q90,0.911717,1,1
data\val\ai\ai_000361.png,1,ai,jpeg_q90,0.997815,1,1
data\val\ai\ai_000362.png,1,ai,jpeg_q90,0.936800,1,1
data\val\ai\ai_000363.png,1,ai,jpeg_q90,0.997840,1,1
data\val\ai\ai_000364.png,1,ai,jpeg_q90,0.999035,1,1
data\val\ai\ai_000365.png,1,ai,jpeg_q90,0.755750,1,1
data\val\ai\ai_000366.png,1,ai,jpeg_q90,0.932319,1,1
data\val\ai\ai_000367.png,1,ai,jpeg_q90,0.991233,1,1
data\val\ai\ai_000368.png,1,ai,jpeg_q90,0.760778,1,1
data\val\ai\ai_000369.png,1,ai,jpeg_q90,0.996189,1,1
data\val\ai\ai_000370.png,1,ai,jpeg_q90,0.618284,1,1
data\val\ai\ai_000371.png,1,ai,jpeg_q90,0.985354,1,1
data\val\ai\ai_000372.png,1,ai,jpeg_q90,0.982225,1,1
data\val\ai\ai_000373.png,1,ai,jpeg_q90,0.949548,1,1
data\val\ai\ai_000374.png,1,ai,jpeg_q90,0.998209,1,1
data\val\ai\ai_000375.png,1,ai,jpeg_q90,0.995529,1,1
data\val\ai\ai_000376.png,1,ai,jpeg_q90,0.785425,1,1
data\val\ai\ai_000377.png,1,ai,jpeg_q90,0.957234,1,1
data\val\ai\ai_000378.png,1,ai,jpeg_q90,0.996392,1,1
data\val\ai\ai_000379.png,1,ai,jpeg_q90,0.976819,1,1
data\val\ai\ai_000380.png,1,ai,jpeg_q90,0.595130,1,1
data\val\ai\ai_000381.png,1,ai,jpeg_q90,0.935478,1,1
data\val\ai\ai_000382.png,1,ai,jpeg_q90,0.807559,1,1
data\val\ai\ai_000383.png,1,ai,jpeg_q90,0.995004,1,1
data\val\ai\ai_000384.png,1,ai,jpeg_q90,0.950588,1,1
data\val\ai\ai_000385.png,1,ai,jpeg_q90,0.993464,1,1
data\val\ai\ai_000386.png,1,ai,jpeg_q90,0.952148,1,1
data\val\ai\ai_000387.png,1,ai,jpeg_q90,0.998335,1,1
data\val\ai\ai_000388.png,1,ai,jpeg_q90,0.994006,1,1
data\val\ai\ai_000389.png,1,ai,jpeg_q90,0.985984,1,1
data\val\ai\ai_000390.png,1,ai,jpeg_q90,0.998828,1,1
data\val\ai\ai_000391.png,1,ai,jpeg_q90,0.986248,1,1
data\val\ai\ai_000392.png,1,ai,jpeg_q90,0.945281,1,1
data\val\ai\ai_000393.png,1,ai,jpeg_q90,0.997402,1,1
data\val\ai\ai_000394.png,1,ai,jpeg_q90,0.998970,1,1
data\val\ai\ai_000395.png,1,ai,jpeg_q90,0.976204,1,1
data\val\ai\ai_000396.png,1,ai,jpeg_q90,0.971491,1,1
data\val\ai\ai_000397.png,1,ai,jpeg_q90,0.996553,1,1
data\val\ai\ai_000398.png,1,ai,jpeg_q90,0.876451,1,1
data\val\ai\ai_000399.png,1,ai,jpeg_q90,0.976475,1,1
data\val\ai\ai_000400.png,1,ai,jpeg_q90,0.814067,1,1
data\val\ai\ai_000401.png,1,ai,jpeg_q90,0.994780,1,1
data\val\ai\ai_000402.png,1,ai,jpeg_q90,0.992325,1,1
data\val\ai\ai_000403.png,1,ai,jpeg_q90,0.992707,1,1
data\val\ai\ai_000404.png,1,ai,jpeg_q90,0.989559,1,1
data\val\ai\ai_000405.png,1,ai,jpeg_q90,0.997884,1,1
data\val\ai\ai_000406.png,1,ai,jpeg_q90,0.999036,1,1
data\val\ai\ai_000407.png,1,ai,jpeg_q90,0.944670,1,1
data\val\ai\ai_000408.png,1,ai,jpeg_q90,0.979625,1,1
data\val\ai\ai_000409.png,1,ai,jpeg_q90,0.977750,1,1
data\val\ai\ai_000410.png,1,ai,jpeg_q90,0.918206,1,1
data\val\ai\ai_000411.png,1,ai,jpeg_q90,0.994671,1,1
data\val\ai\ai_000412.png,1,ai,jpeg_q90,0.999053,1,1
data\val\ai\ai_000413.png,1,ai,jpeg_q90,0.991242,1,1
data\val\ai\ai_000414.png,1,ai,jpeg_q90,0.999726,1,1
data\val\ai\ai_000415.png,1,ai,jpeg_q90,0.989423,1,1
data\val\ai\ai_000416.png,1,ai,jpeg_q90,0.915653,1,1
data\val\ai\ai_000417.png,1,ai,jpeg_q90,0.990236,1,1
data\val\ai\ai_000418.png,1,ai,jpeg_q90,0.478688,0,0
data\val\ai\ai_000419.png,1,ai,jpeg_q90,0.978367,1,1
data\val\ai\ai_000420.png,1,ai,jpeg_q90,0.957895,1,1
data\val\ai\ai_000421.png,1,ai,jpeg_q90,0.998907,1,1
data\val\ai\ai_000422.png,1,ai,jpeg_q90,0.378109,0,0
data\val\ai\ai_000423.png,1,ai,jpeg_q90,0.965858,1,1
data\val\ai\ai_000424.png,1,ai,jpeg_q90,0.999521,1,1
data\val\ai\ai_000425.png,1,ai,jpeg_q90,0.954859,1,1
data\val\ai\ai_000426.png,1,ai,jpeg_q90,0.517019,1,1
data\val\ai\ai_000427.png,1,ai,jpeg_q90,0.987548,1,1
data\val\ai\ai_000428.png,1,ai,jpeg_q90,0.987648,1,1
data\val\ai\ai_000429.png,1,ai,jpeg_q90,0.997230,1,1
data\val\ai\ai_000430.png,1,ai,jpeg_q90,0.921031,1,1
data\val\ai\ai_000431.png,1,ai,jpeg_q90,0.986271,1,1
data\val\ai\ai_000432.png,1,ai,jpeg_q90,0.997026,1,1
data\val\ai\ai_000433.png,1,ai,jpeg_q90,0.998903,1,1
data\val\ai\ai_000434.png,1,ai,jpeg_q90,0.985899,1,1
data\val\ai\ai_000435.png,1,ai,jpeg_q90,0.981833,1,1
data\val\ai\ai_000436.png,1,ai,jpeg_q90,0.994861,1,1
data\val\ai\ai_000437.png,1,ai,jpeg_q90,0.848354,1,1
data\val\ai\ai_000438.png,1,ai,jpeg_q90,0.988235,1,1
data\val\ai\ai_000439.png,1,ai,jpeg_q90,0.913055,1,1
data\val\ai\ai_000440.png,1,ai,jpeg_q90,0.965806,1,1
data\val\ai\ai_000441.png,1,ai,jpeg_q90,0.945490,1,1
data\val\ai\ai_000442.png,1,ai,jpeg_q90,0.986860,1,1
data\val\ai\ai_000443.png,1,ai,jpeg_q90,0.997733,1,1
data\val\ai\ai_000444.png,1,ai,jpeg_q90,0.997225,1,1
data\val\ai\ai_000445.png,1,ai,jpeg_q90,0.989032,1,1
data\val\ai\ai_000446.png,1,ai,jpeg_q90,0.984233,1,1
data\val\ai\ai_000447.png,1,ai,jpeg_q90,0.993970,1,1
data\val\ai\ai_000448.png,1,ai,jpeg_q90,0.436926,0,0
data\val\ai\ai_000449.png,1,ai,jpeg_q90,0.999576,1,1
data\val\ai\ai_000450.png,1,ai,jpeg_q90,0.991741,1,1
data\val\ai\ai_000451.png,1,ai,jpeg_q90,0.980954,1,1
data\val\ai\ai_000452.png,1,ai,jpeg_q90,0.941619,1,1
data\val\ai\ai_000453.png,1,ai,jpeg_q90,0.999495,1,1
data\val\ai\ai_000454.png,1,ai,jpeg_q90,0.929330,1,1
data\val\ai\ai_000455.png,1,ai,jpeg_q90,0.997617,1,1
data\val\ai\ai_000456.png,1,ai,jpeg_q90,0.969754,1,1
data\val\ai\ai_000457.png,1,ai,jpeg_q90,0.977274,1,1
data\val\ai\ai_000458.png,1,ai,jpeg_q90,0.959307,1,1
data\val\ai\ai_000459.png,1,ai,jpeg_q90,0.712975,1,1
data\val\ai\ai_000460.png,1,ai,jpeg_q90,0.974179,1,1
data\val\ai\ai_000461.png,1,ai,jpeg_q90,0.922877,1,1
data\val\ai\ai_000462.png,1,ai,jpeg_q90,0.980911,1,1
data\val\ai\ai_000463.png,1,ai,jpeg_q90,0.991531,1,1
data\val\ai\ai_000464.png,1,ai,jpeg_q90,0.997522,1,1
data\val\ai\ai_000465.png,1,ai,jpeg_q90,0.998164,1,1
data\val\ai\ai_000466.png,1,ai,jpeg_q90,0.618110,1,1
data\val\ai\ai_000467.png,1,ai,jpeg_q90,0.990719,1,1
data\val\ai\ai_000468.png,1,ai,jpeg_q90,0.895238,1,1
data\val\ai\ai_000469.png,1,ai,jpeg_q90,0.999042,1,1
data\val\ai\ai_000470.png,1,ai,jpeg_q90,0.795068,1,1
data\val\ai\ai_000471.png,1,ai,jpeg_q90,0.999673,1,1
data\val\ai\ai_000472.png,1,ai,jpeg_q90,0.969966,1,1
data\val\ai\ai_000473.png,1,ai,jpeg_q90,0.883192,1,1
data\val\ai\ai_000474.png,1,ai,jpeg_q90,0.998039,1,1
data\val\ai\ai_000475.png,1,ai,jpeg_q90,0.995946,1,1
data\val\ai\ai_000476.png,1,ai,jpeg_q90,0.915363,1,1
data\val\ai\ai_000477.png,1,ai,jpeg_q90,0.983668,1,1
data\val\ai\ai_000478.png,1,ai,jpeg_q90,0.993595,1,1
data\val\ai\ai_000479.png,1,ai,jpeg_q90,0.960311,1,1
data\val\ai\ai_000480.png,1,ai,jpeg_q90,0.937779,1,1
data\val\ai\ai_000481.png,1,ai,jpeg_q90,0.995011,1,1
data\val\ai\ai_000482.png,1,ai,jpeg_q90,0.832978,1,1
data\val\ai\ai_000483.png,1,ai,jpeg_q90,0.828959,1,1
data\val\ai\ai_000484.png,1,ai,jpeg_q90,0.997316,1,1
data\val\ai\ai_000485.png,1,ai,jpeg_q90,0.949488,1,1
data\val\ai\ai_000486.png,1,ai,jpeg_q90,0.997379,1,1
data\val\ai\ai_000487.png,1,ai,jpeg_q90,0.993090,1,1
data\val\ai\ai_000488.png,1,ai,jpeg_q90,0.930839,1,1
data\val\ai\ai_000489.png,1,ai,jpeg_q90,0.997762,1,1
data\val\ai\ai_000490.png,1,ai,jpeg_q90,0.932121,1,1
data\val\ai\ai_000491.png,1,ai,jpeg_q90,0.972954,1,1
data\val\ai\ai_000492.png,1,ai,jpeg_q90,0.993193,1,1
data\val\ai\ai_000493.png,1,ai,jpeg_q90,0.983159,1,1
data\val\ai\ai_000494.png,1,ai,jpeg_q90,0.997303,1,1
data\val\ai\ai_000495.png,1,ai,jpeg_q90,0.962378,1,1
data\val\ai\ai_000496.png,1,ai,jpeg_q90,0.861404,1,1
data\val\ai\ai_000497.png,1,ai,jpeg_q90,0.990766,1,1
data\val\ai\ai_000498.png,1,ai,jpeg_q90,0.857196,1,1
data\val\ai\ai_000499.png,1,ai,jpeg_q90,0.998575,1,1
data\val\ai\ai_000500.png,1,ai,jpeg_q90,0.942395,1,1
data\val\real\000000000139.jpg,0,real,jpeg_q70,0.865127,1,0
data\val\real\000000000285.jpg,0,real,jpeg_q70,0.100284,0,1
data\val\real\000000000632.jpg,0,real,jpeg_q70,0.649012,1,0
data\val\real\000000000724.jpg,0,real,jpeg_q70,0.073602,0,1
data\val\real\000000000776.jpg,0,real,jpeg_q70,0.027977,0,1
data\val\real\000000000785.jpg,0,real,jpeg_q70,0.202026,0,1
data\val\real\000000000802.jpg,0,real,jpeg_q70,0.261110,0,1
data\val\real\000000000872.jpg,0,real,jpeg_q70,0.012714,0,1
data\val\real\000000000885.jpg,0,real,jpeg_q70,0.130550,0,1
data\val\real\000000001000.jpg,0,real,jpeg_q70,0.002317,0,1
data\val\real\000000001268.jpg,0,real,jpeg_q70,0.065101,0,1
data\val\real\000000001296.jpg,0,real,jpeg_q70,0.120792,0,1
data\val\real\000000001353.jpg,0,real,jpeg_q70,0.000747,0,1
data\val\real\000000001425.jpg,0,real,jpeg_q70,0.779106,1,0
data\val\real\000000001490.jpg,0,real,jpeg_q70,0.216617,0,1
data\val\real\000000001503.jpg,0,real,jpeg_q70,0.378871,0,1
data\val\real\000000001532.jpg,0,real,jpeg_q70,0.068374,0,1
data\val\real\000000001584.jpg,0,real,jpeg_q70,0.565999,1,0
data\val\real\000000001675.jpg,0,real,jpeg_q70,0.128987,0,1
data\val\real\000000001761.jpg,0,real,jpeg_q70,0.016822,0,1
data\val\real\000000001818.jpg,0,real,jpeg_q70,0.141802,0,1
data\val\real\000000001993.jpg,0,real,jpeg_q70,0.323235,0,1
data\val\real\000000002006.jpg,0,real,jpeg_q70,0.078342,0,1
data\val\real\000000002149.jpg,0,real,jpeg_q70,0.359994,0,1
data\val\real\000000002153.jpg,0,real,jpeg_q70,0.022177,0,1
data\val\real\000000002157.jpg,0,real,jpeg_q70,0.130486,0,1
data\val\real\000000002261.jpg,0,real,jpeg_q70,0.007055,0,1
data\val\real\000000002299.jpg,0,real,jpeg_q70,0.011021,0,1
data\val\real\000000002431.jpg,0,real,jpeg_q70,0.216656,0,1
data\val\real\000000002473.jpg,0,real,jpeg_q70,0.025618,0,1
data\val\real\000000002532.jpg,0,real,jpeg_q70,0.007926,0,1
data\val\real\000000002587.jpg,0,real,jpeg_q70,0.021506,0,1
data\val\real\000000002592.jpg,0,real,jpeg_q70,0.062260,0,1
data\val\real\000000002685.jpg,0,real,jpeg_q70,0.001940,0,1
data\val\real\000000002923.jpg,0,real,jpeg_q70,0.013853,0,1
data\val\real\000000003156.jpg,0,real,jpeg_q70,0.341010,0,1
data\val\real\000000003255.jpg,0,real,jpeg_q70,0.677963,1,0
data\val\real\000000003501.jpg,0,real,jpeg_q70,0.462934,0,1
data\val\real\000000003553.jpg,0,real,jpeg_q70,0.084616,0,1
data\val\real\000000003661.jpg,0,real,jpeg_q70,0.012891,0,1
data\val\real\000000003845.jpg,0,real,jpeg_q70,0.250300,0,1
data\val\real\000000003934.jpg,0,real,jpeg_q70,0.001900,0,1
data\val\real\000000004134.jpg,0,real,jpeg_q70,0.003391,0,1
data\val\real\000000004395.jpg,0,real,jpeg_q70,0.029456,0,1
data\val\real\000000004495.jpg,0,real,jpeg_q70,0.184307,0,1
data\val\real\000000004765.jpg,0,real,jpeg_q70,0.172530,0,1
data\val\real\000000004795.jpg,0,real,jpeg_q70,0.001466,0,1
data\val\real\000000005001.jpg,0,real,jpeg_q70,0.023538,0,1
data\val\real\000000005037.jpg,0,real,jpeg_q70,0.271824,0,1
data\val\real\000000005060.jpg,0,real,jpeg_q70,0.171001,0,1
data\val\real\000000005193.jpg,0,real,jpeg_q70,0.009843,0,1
data\val\real\000000005477.jpg,0,real,jpeg_q70,0.288974,0,1
data\val\real\000000005503.jpg,0,real,jpeg_q70,0.016109,0,1
data\val\real\000000005529.jpg,0,real,jpeg_q70,0.050887,0,1
data\val\real\000000005586.jpg,0,real,jpeg_q70,0.027666,0,1
data\val\real\000000005600.jpg,0,real,jpeg_q70,0.032496,0,1
data\val\real\000000005992.jpg,0,real,jpeg_q70,0.068146,0,1
data\val\real\000000006012.jpg,0,real,jpeg_q70,0.106155,0,1
data\val\real\000000006040.jpg,0,real,jpeg_q70,0.628703,1,0
data\val\real\000000006213.jpg,0,real,jpeg_q70,0.308053,0,1
data\val\real\000000006460.jpg,0,real,jpeg_q70,0.056539,0,1
data\val\real\000000006471.jpg,0,real,jpeg_q70,0.033010,0,1
data\val\real\000000006614.jpg,0,real,jpeg_q70,0.278323,0,1
data\val\real\000000006723.jpg,0,real,jpeg_q70,0.252756,0,1
data\val\real\000000006763.jpg,0,real,jpeg_q70,0.000189,0,1
data\val\real\000000006771.jpg,0,real,jpeg_q70,0.003819,0,1
data\val\real\000000006818.jpg,0,real,jpeg_q70,0.065152,0,1
data\val\real\000000006894.jpg,0,real,jpeg_q70,0.019910,0,1
data\val\real\000000006954.jpg,0,real,jpeg_q70,0.103022,0,1
data\val\real\000000007088.jpg,0,real,jpeg_q70,0.036946,0,1
data\val\real\000000007108.jpg,0,real,jpeg_q70,0.110117,0,1
data\val\real\000000007278.jpg,0,real,jpeg_q70,0.141560,0,1
data\val\real\000000007281.jpg,0,real,jpeg_q70,0.002478,0,1
data\val\real\000000007386.jpg,0,real,jpeg_q70,0.034420,0,1
data\val\real\000000007511.jpg,0,real,jpeg_q70,0.060558,0,1
data\val\real\000000007574.jpg,0,real,jpeg_q70,0.206469,0,1
data\val\real\000000007784.jpg,0,real,jpeg_q70,0.412978,0,1
data\val\real\000000007795.jpg,0,real,jpeg_q70,0.604765,1,0
data\val\real\000000007816.jpg,0,real,jpeg_q70,0.006003,0,1
data\val\real\000000007818.jpg,0,real,jpeg_q70,0.605311,1,0
data\val\real\000000007888.jpg,0,real,jpeg_q70,0.869263,1,0
data\val\real\000000007977.jpg,0,real,jpeg_q70,0.345191,0,1
data\val\real\000000007991.jpg,0,real,jpeg_q70,0.129976,0,1
data\val\real\000000008021.jpg,0,real,jpeg_q70,0.008206,0,1
data\val\real\000000008211.jpg,0,real,jpeg_q70,0.126331,0,1
data\val\real\000000008277.jpg,0,real,jpeg_q70,0.193304,0,1
data\val\real\000000008532.jpg,0,real,jpeg_q70,0.010714,0,1
data\val\real\000000008629.jpg,0,real,jpeg_q70,0.096609,0,1
data\val\real\000000008690.jpg,0,real,jpeg_q70,0.003261,0,1
data\val\real\000000008762.jpg,0,real,jpeg_q70,0.453793,0,1
data\val\real\000000008844.jpg,0,real,jpeg_q70,0.058463,0,1
data\val\real\000000008899.jpg,0,real,jpeg_q70,0.339290,0,1
data\val\real\000000009378.jpg,0,real,jpeg_q70,0.024080,0,1
data\val\real\000000009400.jpg,0,real,jpeg_q70,0.000957,0,1
data\val\real\000000009448.jpg,0,real,jpeg_q70,0.009560,0,1
data\val\real\000000009483.jpg,0,real,jpeg_q70,0.087071,0,1
data\val\real\000000009590.jpg,0,real,jpeg_q70,0.157926,0,1
data\val\real\000000009769.jpg,0,real,jpeg_q70,0.093037,0,1
data\val\real\000000009772.jpg,0,real,jpeg_q70,0.033163,0,1
data\val\real\000000009891.jpg,0,real,jpeg_q70,0.002422,0,1
data\val\real\000000009914.jpg,0,real,jpeg_q70,0.192471,0,1
data\val\real\000000010092.jpg,0,real,jpeg_q70,0.113861,0,1
data\val\real\000000010363.jpg,0,real,jpeg_q70,0.007019,0,1
data\val\real\000000010583.jpg,0,real,jpeg_q70,0.085205,0,1
data\val\real\000000010707.jpg,0,real,jpeg_q70,0.000326,0,1
data\val\real\000000010764.jpg,0,real,jpeg_q70,0.105110,0,1
data\val\real\000000010977.jpg,0,real,jpeg_q70,0.098652,0,1
data\val\real\000000010995.jpg,0,real,jpeg_q70,0.199947,0,1
data\val\real\000000011051.jpg,0,real,jpeg_q70,0.009395,0,1
data\val\real\000000011122.jpg,0,real,jpeg_q70,0.006580,0,1
data\val\real\000000011149.jpg,0,real,jpeg_q70,0.016681,0,1
data\val\real\000000011197.jpg,0,real,jpeg_q70,0.024350,0,1
data\val\real\000000011511.jpg,0,real,jpeg_q70,0.052224,0,1
data\val\real\000000011615.jpg,0,real,jpeg_q70,0.107909,0,1
data\val\real\000000011699.jpg,0,real,jpeg_q70,0.013753,0,1
data\val\real\000000011760.jpg,0,real,jpeg_q70,0.497070,0,1
data\val\real\000000011813.jpg,0,real,jpeg_q70,0.667393,1,0
data\val\real\000000012062.jpg,0,real,jpeg_q70,0.085478,0,1
data\val\real\000000012120.jpg,0,real,jpeg_q70,0.040849,0,1
data\val\real\000000012280.jpg,0,real,jpeg_q70,0.812655,1,0
data\val\real\000000012576.jpg,0,real,jpeg_q70,0.219839,0,1
data\val\real\000000012639.jpg,0,real,jpeg_q70,0.011144,0,1
data\val\real\000000012667.jpg,0,real,jpeg_q70,0.272710,0,1
data\val\real\000000012670.jpg,0,real,jpeg_q70,0.003427,0,1
data\val\real\000000012748.jpg,0,real,jpeg_q70,0.076264,0,1
data\val\real\000000013004.jpg,0,real,jpeg_q70,0.249717,0,1
data\val\real\000000013177.jpg,0,real,jpeg_q70,0.022264,0,1
data\val\real\000000013201.jpg,0,real,jpeg_q70,0.066201,0,1
data\val\real\000000013291.jpg,0,real,jpeg_q70,0.134124,0,1
data\val\real\000000013348.jpg,0,real,jpeg_q70,0.174244,0,1
data\val\real\000000013546.jpg,0,real,jpeg_q70,0.011655,0,1
data\val\real\000000013597.jpg,0,real,jpeg_q70,0.800982,1,0
data\val\real\000000013659.jpg,0,real,jpeg_q70,0.001269,0,1
data\val\real\000000013729.jpg,0,real,jpeg_q70,0.020963,0,1
data\val\real\000000013774.jpg,0,real,jpeg_q70,0.142583,0,1
data\val\real\000000013923.jpg,0,real,jpeg_q70,0.368951,0,1
data\val\real\000000014007.jpg,0,real,jpeg_q70,0.132217,0,1
data\val\real\000000014038.jpg,0,real,jpeg_q70,0.854996,1,0
data\val\real\000000014226.jpg,0,real,jpeg_q70,0.108388,0,1
data\val\real\000000014380.jpg,0,real,jpeg_q70,0.585637,1,0
data\val\real\000000014439.jpg,0,real,jpeg_q70,0.016717,0,1
data\val\real\000000014473.jpg,0,real,jpeg_q70,0.112647,0,1
data\val\real\000000014831.jpg,0,real,jpeg_q70,0.017992,0,1
data\val\real\000000014888.jpg,0,real,jpeg_q70,0.064385,0,1
data\val\real\000000015079.jpg,0,real,jpeg_q70,0.252816,0,1
data\val\real\000000015254.jpg,0,real,jpeg_q70,0.017402,0,1
data\val\real\000000015272.jpg,0,real,jpeg_q70,0.596792,1,0
data\val\real\000000015278.jpg,0,real,jpeg_q70,0.087108,0,1
data\val\real\000000015335.jpg,0,real,jpeg_q70,0.001082,0,1
data\val\real\000000015338.jpg,0,real,jpeg_q70,0.417989,0,1
data\val\real\000000015440.jpg,0,real,jpeg_q70,0.835556,1,0
data\val\real\000000015497.jpg,0,real,jpeg_q70,0.003953,0,1
data\val\real\000000015517.jpg,0,real,jpeg_q70,0.091053,0,1
data\val\real\000000015597.jpg,0,real,jpeg_q70,0.000979,0,1
data\val\real\000000015660.jpg,0,real,jpeg_q70,0.083711,0,1
data\val\real\000000015746.jpg,0,real,jpeg_q70,0.144209,0,1
data\val\real\000000015751.jpg,0,real,jpeg_q70,0.041398,0,1
data\val\real\000000015956.jpg,0,real,jpeg_q70,0.008375,0,1
data\val\real\000000016010.jpg,0,real,jpeg_q70,0.028892,0,1
data\val\real\000000016228.jpg,0,real,jpeg_q70,0.184804,0,1
data\val\real\000000016249.jpg,0,real,jpeg_q70,0.062908,0,1
data\val\real\000000016439.jpg,0,real,jpeg_q70,0.539035,1,0
data\val\real\000000016451.jpg,0,real,jpeg_q70,0.310160,0,1
data\val\real\000000016502.jpg,0,real,jpeg_q70,0.060450,0,1
data\val\real\000000016598.jpg,0,real,jpeg_q70,0.005946,0,1
data\val\real\000000016958.jpg,0,real,jpeg_q70,0.117370,0,1
data\val\real\000000017029.jpg,0,real,jpeg_q70,0.024706,0,1
data\val\real\000000017031.jpg,0,real,jpeg_q70,0.037299,0,1
data\val\real\000000017115.jpg,0,real,jpeg_q70,0.433300,0,1
data\val\real\000000017178.jpg,0,real,jpeg_q70,0.414623,0,1
data\val\real\000000017182.jpg,0,real,jpeg_q70,0.469502,0,1
data\val\real\000000017207.jpg,0,real,jpeg_q70,0.005066,0,1
data\val\real\000000017379.jpg,0,real,jpeg_q70,0.790062,1,0
data\val\real\000000017436.jpg,0,real,jpeg_q70,0.012144,0,1
data\val\real\000000017627.jpg,0,real,jpeg_q70,0.006096,0,1
data\val\real\000000017714.jpg,0,real,jpeg_q70,0.048410,0,1
data\val\real\000000017899.jpg,0,real,jpeg_q70,0.001164,0,1
data\val\real\000000017905.jpg,0,real,jpeg_q70,0.000789,0,1
data\val\real\000000017959.jpg,0,real,jpeg_q70,0.018629,0,1
data\val\real\000000018150.jpg,0,real,jpeg_q70,0.001013,0,1
data\val\real\000000018193.jpg,0,real,jpeg_q70,0.001400,0,1
data\val\real\000000018380.jpg,0,real,jpeg_q70,0.119807,0,1
data\val\real\000000018491.jpg,0,real,jpeg_q70,0.010514,0,1
data\val\real\000000018519.jpg,0,real,jpeg_q70,0.269180,0,1
data\val\real\000000018575.jpg,0,real,jpeg_q70,0.080764,0,1
data\val\real\000000018737.jpg,0,real,jpeg_q70,0.040929,0,1
data\val\real\000000018770.jpg,0,real,jpeg_q70,0.323917,0,1
data\val\real\000000018833.jpg,0,real,jpeg_q70,0.073174,0,1
data\val\real\000000018837.jpg,0,real,jpeg_q70,0.012357,0,1
data\val\real\000000019042.jpg,0,real,jpeg_q70,0.161964,0,1
data\val\real\000000019109.jpg,0,real,jpeg_q70,0.274757,0,1
data\val\real\000000019221.jpg,0,real,jpeg_q70,0.009217,0,1
data\val\real\000000019402.jpg,0,real,jpeg_q70,0.000651,0,1
data\val\real\000000019432.jpg,0,real,jpeg_q70,0.025520,0,1
data\val\real\000000019742.jpg,0,real,jpeg_q70,0.112849,0,1
data\val\real\000000019786.jpg,0,real,jpeg_q70,0.010374,0,1
data\val\real\000000019924.jpg,0,real,jpeg_q70,0.646328,1,0
data\val\real\000000020059.jpg,0,real,jpeg_q70,0.167186,0,1
data\val\real\000000020107.jpg,0,real,jpeg_q70,0.148704,0,1
data\val\real\000000020247.jpg,0,real,jpeg_q70,0.276449,0,1
data\val\real\000000020333.jpg,0,real,jpeg_q70,0.087782,0,1
data\val\real\000000020553.jpg,0,real,jpeg_q70,0.006808,0,1
data\val\real\000000020571.jpg,0,real,jpeg_q70,0.144294,0,1
data\val\real\000000020992.jpg,0,real,jpeg_q70,0.006402,0,1
data\val\real\000000021167.jpg,0,real,jpeg_q70,0.000587,0,1
data\val\real\000000021465.jpg,0,real,jpeg_q70,0.070302,0,1
data\val\real\000000021503.jpg,0,real,jpeg_q70,0.004806,0,1
data\val\real\000000021604.jpg,0,real,jpeg_q70,0.550578,1,0
data\val\real\000000021839.jpg,0,real,jpeg_q70,0.001952,0,1
data\val\real\000000021879.jpg,0,real,jpeg_q70,0.042404,0,1
data\val\real\000000021903.jpg,0,real,jpeg_q70,0.109321,0,1
data\val\real\000000022192.jpg,0,real,jpeg_q70,0.010265,0,1
data\val\real\000000022371.jpg,0,real,jpeg_q70,0.977962,1,0
data\val\real\000000022396.jpg,0,real,jpeg_q70,0.023650,0,1
data\val\real\000000022479.jpg,0,real,jpeg_q70,0.017064,0,1
data\val\real\000000022589.jpg,0,real,jpeg_q70,0.014863,0,1
data\val\real\000000022623.jpg,0,real,jpeg_q70,0.154105,0,1
data\val\real\000000022705.jpg,0,real,jpeg_q70,0.000640,0,1
data\val\real\000000022755.jpg,0,real,jpeg_q70,0.503322,1,0
data\val\real\000000022892.jpg,0,real,jpeg_q70,0.349228,0,1
data\val\real\000000022935.jpg,0,real,jpeg_q70,0.111600,0,1
data\val\real\000000022969.jpg,0,real,jpeg_q70,0.073121,0,1
data\val\real\000000023023.jpg,0,real,jpeg_q70,0.236618,0,1
data\val\real\000000023034.jpg,0,real,jpeg_q70,0.006945,0,1
data\val\real\000000023126.jpg,0,real,jpeg_q70,0.265919,0,1
data\val\real\000000023230.jpg,0,real,jpeg_q70,0.023318,0,1
data\val\real\000000023272.jpg,0,real,jpeg_q70,0.008293,0,1
data\val\real\000000023359.jpg,0,real,jpeg_q70,0.062957,0,1
data\val\real\000000023666.jpg,0,real,jpeg_q70,0.166975,0,1
data\val\real\000000023751.jpg,0,real,jpeg_q70,0.001941,0,1
data\val\real\000000023781.jpg,0,real,jpeg_q70,0.364797,0,1
data\val\real\000000023899.jpg,0,real,jpeg_q70,0.013498,0,1
data\val\real\000000023937.jpg,0,real,jpeg_q70,0.054604,0,1
data\val\real\000000024021.jpg,0,real,jpeg_q70,0.013932,0,1
data\val\real\000000024027.jpg,0,real,jpeg_q70,0.003662,0,1
data\val\real\000000024144.jpg,0,real,jpeg_q70,0.469935,0,1
data\val\real\000000024243.jpg,0,real,jpeg_q70,0.117392,0,1
data\val\real\000000024567.jpg,0,real,jpeg_q70,0.012711,0,1
data\val\real\000000024610.jpg,0,real,jpeg_q70,0.091007,0,1
data\val\real\000000024919.jpg,0,real,jpeg_q70,0.267874,0,1
data\val\real\000000025057.jpg,0,real,jpeg_q70,0.010582,0,1
data\val\real\000000025096.jpg,0,real,jpeg_q70,0.004013,0,1
data\val\real\000000025139.jpg,0,real,jpeg_q70,0.206280,0,1
data\val\real\000000025181.jpg,0,real,jpeg_q70,0.851660,1,0
data\val\real\000000025228.jpg,0,real,jpeg_q70,0.021434,0,1
data\val\real\000000025386.jpg,0,real,jpeg_q70,0.007531,0,1
data\val\real\000000025393.jpg,0,real,jpeg_q70,0.000587,0,1
data\val\real\000000025394.jpg,0,real,jpeg_q70,0.006889,0,1
data\val\real\000000025424.jpg,0,real,jpeg_q70,0.047054,0,1
data\val\real\000000025560.jpg,0,real,jpeg_q70,0.010901,0,1
data\val\real\000000025593.jpg,0,real,jpeg_q70,0.199898,0,1
data\val\real\000000025603.jpg,0,real,jpeg_q70,0.000221,0,1
data\val\real\000000025986.jpg,0,real,jpeg_q70,0.029187,0,1
data\val\real\000000026204.jpg,0,real,jpeg_q70,0.115854,0,1
data\val\real\000000026465.jpg,0,real,jpeg_q70,0.132798,0,1
data\val\real\000000026564.jpg,0,real,jpeg_q70,0.323520,0,1
data\val\real\000000026690.jpg,0,real,jpeg_q70,0.014336,0,1
data\val\real\000000026926.jpg,0,real,jpeg_q70,0.272581,0,1
data\val\real\000000026941.jpg,0,real,jpeg_q70,0.637499,1,0
data\val\real\000000027186.jpg,0,real,jpeg_q70,0.030872,0,1
data\val\real\000000027620.jpg,0,real,jpeg_q70,0.274088,0,1
data\val\real\000000027696.jpg,0,real,jpeg_q70,0.007518,0,1
data\val\real\000000027768.jpg,0,real,jpeg_q70,0.225701,0,1
data\val\real\000000027932.jpg,0,real,jpeg_q70,0.396731,0,1
data\val\real\000000027972.jpg,0,real,jpeg_q70,0.103055,0,1
data\val\real\000000027982.jpg,0,real,jpeg_q70,0.653779,1,0
data\val\real\000000028285.jpg,0,real,jpeg_q70,0.023709,0,1
data\val\real\000000028449.jpg,0,real,jpeg_q70,0.354729,0,1
data\val\real\000000028452.jpg,0,real,jpeg_q70,0.593849,1,0
data\val\real\000000028809.jpg,0,real,jpeg_q70,0.195015,0,1
data\val\real\000000028993.jpg,0,real,jpeg_q70,0.748091,1,0
data\val\real\000000029187.jpg,0,real,jpeg_q70,0.001229,0,1
data\val\real\000000029393.jpg,0,real,jpeg_q70,0.010942,0,1
data\val\real\000000029397.jpg,0,real,jpeg_q70,0.040110,0,1
data\val\real\000000029596.jpg,0,real,jpeg_q70,0.652586,1,0
data\val\real\000000029640.jpg,0,real,jpeg_q70,0.261790,0,1
data\val\real\000000029675.jpg,0,real,jpeg_q70,0.195124,0,1
data\val\real\000000029984.jpg,0,real,jpeg_q70,0.030909,0,1
data\val\real\000000030213.jpg,0,real,jpeg_q70,0.389257,0,1
data\val\real\000000030494.jpg,0,real,jpeg_q70,0.009869,0,1
data\val\real\000000030504.jpg,0,real,jpeg_q70,0.034491,0,1
data\val\real\000000030675.jpg,0,real,jpeg_q70,0.448204,0,1
data\val\real\000000030785.jpg,0,real,jpeg_q70,0.285172,0,1
data\val\real\000000030828.jpg,0,real,jpeg_q70,0.495778,0,1
data\val\real\000000031050.jpg,0,real,jpeg_q70,0.102796,0,1
data\val\real\000000031093.jpg,0,real,jpeg_q70,0.034401,0,1
data\val\real\000000031118.jpg,0,real,jpeg_q70,0.285248,0,1
data\val\real\000000031217.jpg,0,real,jpeg_q70,0.157912,0,1
data\val\real\000000031248.jpg,0,real,jpeg_q70,0.644648,1,0
data\val\real\000000031269.jpg,0,real,jpeg_q70,0.080251,0,1
data\val\real\000000031296.jpg,0,real,jpeg_q70,0.002955,0,1
data\val\real\000000031322.jpg,0,real,jpeg_q70,0.146551,0,1
data\val\real\000000031620.jpg,0,real,jpeg_q70,0.000187,0,1
data\val\real\000000031735.jpg,0,real,jpeg_q70,0.017455,0,1
data\val\real\000000031749.jpg,0,real,jpeg_q70,0.101921,0,1
data\val\real\000000031817.jpg,0,real,jpeg_q70,0.002247,0,1
data\val\real\000000032038.jpg,0,real,jpeg_q70,0.080857,0,1
data\val\real\000000032081.jpg,0,real,jpeg_q70,0.113773,0,1
data\val\real\000000032285.jpg,0,real,jpeg_q70,0.574471,1,0
data\val\real\000000032334.jpg,0,real,jpeg_q70,0.000911,0,1
data\val\real\000000032570.jpg,0,real,jpeg_q70,0.654648,1,0
data\val\real\000000032610.jpg,0,real,jpeg_q70,0.078352,0,1
data\val\real\000000032735.jpg,0,real,jpeg_q70,0.093366,0,1
data\val\real\000000032811.jpg,0,real,jpeg_q70,0.221431,0,1
data\val\real\000000032817.jpg,0,real,jpeg_q70,0.006136,0,1
data\val\real\000000032861.jpg,0,real,jpeg_q70,0.419074,0,1
data\val\real\000000032887.jpg,0,real,jpeg_q70,0.001357,0,1
data\val\real\000000032901.jpg,0,real,jpeg_q70,0.000118,0,1
data\val\real\000000032941.jpg,0,real,jpeg_q70,0.076217,0,1
data\val\real\000000033005.jpg,0,real,jpeg_q70,0.031232,0,1
data\val\real\000000033104.jpg,0,real,jpeg_q70,0.008855,0,1
data\val\real\000000033109.jpg,0,real,jpeg_q70,0.066468,0,1
data\val\real\000000033114.jpg,0,real,jpeg_q70,0.245638,0,1
data\val\real\000000033221.jpg,0,real,jpeg_q70,0.001780,0,1
data\val\real\000000033368.jpg,0,real,jpeg_q70,0.167706,0,1
data\val\real\000000033638.jpg,0,real,jpeg_q70,0.069201,0,1
data\val\real\000000033707.jpg,0,real,jpeg_q70,0.119022,0,1
data\val\real\000000033759.jpg,0,real,jpeg_q70,0.062309,0,1
data\val\real\000000033854.jpg,0,real,jpeg_q70,0.016529,0,1
data\val\real\000000034071.jpg,0,real,jpeg_q70,0.927040,1,0
data\val\real\000000034139.jpg,0,real,jpeg_q70,0.017252,0,1
data\val\real\000000034205.jpg,0,real,jpeg_q70,0.402153,0,1
data\val\real\000000034257.jpg,0,real,jpeg_q70,0.477552,0,1
data\val\real\000000034417.jpg,0,real,jpeg_q70,0.091456,0,1
data\val\real\000000034452.jpg,0,real,jpeg_q70,0.009869,0,1
data\val\real\000000034760.jpg,0,real,jpeg_q70,0.071451,0,1
data\val\real\000000034873.jpg,0,real,jpeg_q70,0.187486,0,1
data\val\real\000000035062.jpg,0,real,jpeg_q70,0.044336,0,1
data\val\real\000000035197.jpg,0,real,jpeg_q70,0.224701,0,1
data\val\real\000000035279.jpg,0,real,jpeg_q70,0.517840,1,0
data\val\real\000000035326.jpg,0,real,jpeg_q70,0.136113,0,1
data\val\real\000000035682.jpg,0,real,jpeg_q70,0.020684,0,1
data\val\real\000000035770.jpg,0,real,jpeg_q70,0.144447,0,1
data\val\real\000000035963.jpg,0,real,jpeg_q70,0.001204,0,1
data\val\real\000000036494.jpg,0,real,jpeg_q70,0.630440,1,0
data\val\real\000000036539.jpg,0,real,jpeg_q70,0.002761,0,1
data\val\real\000000036660.jpg,0,real,jpeg_q70,0.288953,0,1
data\val\real\000000036678.jpg,0,real,jpeg_q70,0.031760,0,1
data\val\real\000000036844.jpg,0,real,jpeg_q70,0.083736,0,1
data\val\real\000000036861.jpg,0,real,jpeg_q70,0.199877,0,1
data\val\real\000000036936.jpg,0,real,jpeg_q70,0.004500,0,1
data\val\real\000000037670.jpg,0,real,jpeg_q70,0.610595,1,0
data\val\real\000000037689.jpg,0,real,jpeg_q70,0.057411,0,1
data\val\real\000000037740.jpg,0,real,jpeg_q70,0.725091,1,0
data\val\real\000000037751.jpg,0,real,jpeg_q70,0.138533,0,1
data\val\real\000000037777.jpg,0,real,jpeg_q70,0.648526,1,0
data\val\real\000000037988.jpg,0,real,jpeg_q70,0.053689,0,1
data\val\real\000000038048.jpg,0,real,jpeg_q70,0.083774,0,1
data\val\real\000000038070.jpg,0,real,jpeg_q70,0.434210,0,1
data\val\real\000000038118.jpg,0,real,jpeg_q70,0.121270,0,1
data\val\real\000000038210.jpg,0,real,jpeg_q70,0.225419,0,1
data\val\real\000000038576.jpg,0,real,jpeg_q70,0.967262,1,0
data\val\real\000000038678.jpg,0,real,jpeg_q70,0.001019,0,1
data\val\real\000000038825.jpg,0,real,jpeg_q70,0.114643,0,1
data\val\real\000000038829.jpg,0,real,jpeg_q70,0.012830,0,1
data\val\real\000000039405.jpg,0,real,jpeg_q70,0.026841,0,1
data\val\real\000000039477.jpg,0,real,jpeg_q70,0.599164,1,0
data\val\real\000000039480.jpg,0,real,jpeg_q70,0.129378,0,1
data\val\real\000000039484.jpg,0,real,jpeg_q70,0.267772,0,1
data\val\real\000000039551.jpg,0,real,jpeg_q70,0.502089,1,0
data\val\real\000000039670.jpg,0,real,jpeg_q70,0.226406,0,1
data\val\real\000000039769.jpg,0,real,jpeg_q70,0.002648,0,1
data\val\real\000000039785.jpg,0,real,jpeg_q70,0.135350,0,1
data\val\real\000000039914.jpg,0,real,jpeg_q70,0.004060,0,1
data\val\real\000000039951.jpg,0,real,jpeg_q70,0.010324,0,1
data\val\real\000000039956.jpg,0,real,jpeg_q70,0.749681,1,0
data\val\real\000000040036.jpg,0,real,jpeg_q70,0.042675,0,1
data\val\real\000000040083.jpg,0,real,jpeg_q70,0.021116,0,1
data\val\real\000000040471.jpg,0,real,jpeg_q70,0.131511,0,1
data\val\real\000000040757.jpg,0,real,jpeg_q70,0.019088,0,1
data\val\real\000000041488.jpg,0,real,jpeg_q70,0.333430,0,1
data\val\real\000000041633.jpg,0,real,jpeg_q70,0.470988,0,1
data\val\real\000000041635.jpg,0,real,jpeg_q70,0.088854,0,1
data\val\real\000000041872.jpg,0,real,jpeg_q70,0.744227,1,0
data\val\real\000000041888.jpg,0,real,jpeg_q70,0.115081,0,1
data\val\real\000000041990.jpg,0,real,jpeg_q70,0.003894,0,1
data\val\real\000000042070.jpg,0,real,jpeg_q70,0.697997,1,0
data\val\real\000000042102.jpg,0,real,jpeg_q70,0.007296,0,1
data\val\real\000000042178.jpg,0,real,jpeg_q70,0.845812,1,0
data\val\real\000000042276.jpg,0,real,jpeg_q70,0.033818,0,1
data\val\real\000000042296.jpg,0,real,jpeg_q70,0.025630,0,1
data\val\real\000000042528.jpg,0,real,jpeg_q70,0.034839,0,1
data\val\real\000000042563.jpg,0,real,jpeg_q70,0.094570,0,1
data\val\real\000000042628.jpg,0,real,jpeg_q70,0.012014,0,1
data\val\real\000000042888.jpg,0,real,jpeg_q70,0.008312,0,1
data\val\real\000000042889.jpg,0,real,jpeg_q70,0.003757,0,1
data\val\real\000000043314.jpg,0,real,jpeg_q70,0.029054,0,1
data\val\real\000000043435.jpg,0,real,jpeg_q70,0.235740,0,1
data\val\real\000000043581.jpg,0,real,jpeg_q70,0.048943,0,1
data\val\real\000000043737.jpg,0,real,jpeg_q70,0.484600,0,1
data\val\real\000000043816.jpg,0,real,jpeg_q70,0.046397,0,1
data\val\real\000000044068.jpg,0,real,jpeg_q70,0.015315,0,1
data\val\real\000000044195.jpg,0,real,jpeg_q70,0.106713,0,1
data\val\real\000000044260.jpg,0,real,jpeg_q70,0.547020,1,0
data\val\real\000000044279.jpg,0,real,jpeg_q70,0.040934,0,1
data\val\real\000000044590.jpg,0,real,jpeg_q70,0.076192,0,1
data\val\real\000000044652.jpg,0,real,jpeg_q70,0.022003,0,1
data\val\real\000000044699.jpg,0,real,jpeg_q70,0.333134,0,1
data\val\real\000000044877.jpg,0,real,jpeg_q70,0.092871,0,1
data\val\real\000000045070.jpg,0,real,jpeg_q70,0.045410,0,1
data\val\real\000000045090.jpg,0,real,jpeg_q70,0.095236,0,1
data\val\real\000000045229.jpg,0,real,jpeg_q70,0.962295,1,0
data\val\real\000000045472.jpg,0,real,jpeg_q70,0.021736,0,1
data\val\real\000000045550.jpg,0,real,jpeg_q70,0.002398,0,1
data\val\real\000000045596.jpg,0,real,jpeg_q70,0.164367,0,1
data\val\real\000000045728.jpg,0,real,jpeg_q70,0.035599,0,1
data\val\real\000000046031.jpg,0,real,jpeg_q70,0.215908,0,1
data\val\real\000000046048.jpg,0,real,jpeg_q70,0.025264,0,1
data\val\real\000000046252.jpg,0,real,jpeg_q70,0.336778,0,1
data\val\real\000000046378.jpg,0,real,jpeg_q70,0.006392,0,1
data\val\real\000000046463.jpg,0,real,jpeg_q70,0.013113,0,1
data\val\real\000000046497.jpg,0,real,jpeg_q70,0.001214,0,1
data\val\real\000000046804.jpg,0,real,jpeg_q70,0.030603,0,1
data\val\real\000000046872.jpg,0,real,jpeg_q70,0.555101,1,0
data\val\real\000000047010.jpg,0,real,jpeg_q70,0.484371,0,1
data\val\real\000000047112.jpg,0,real,jpeg_q70,0.058490,0,1
data\val\real\000000047121.jpg,0,real,jpeg_q70,0.012604,0,1
data\val\real\000000047571.jpg,0,real,jpeg_q70,0.069646,0,1
data\val\real\000000047585.jpg,0,real,jpeg_q70,0.001880,0,1
data\val\real\000000047740.jpg,0,real,jpeg_q70,0.001924,0,1
data\val\real\000000047769.jpg,0,real,jpeg_q70,0.451011,0,1
data\val\real\000000047801.jpg,0,real,jpeg_q70,0.003983,0,1
data\val\real\000000047819.jpg,0,real,jpeg_q70,0.006439,0,1
data\val\real\000000047828.jpg,0,real,jpeg_q70,0.419719,0,1
data\val\real\000000048153.jpg,0,real,jpeg_q70,0.024853,0,1
data\val\real\000000048396.jpg,0,real,jpeg_q70,0.004310,0,1
data\val\real\000000048504.jpg,0,real,jpeg_q70,0.273705,0,1
data\val\real\000000048555.jpg,0,real,jpeg_q70,0.322956,0,1
data\val\real\000000048564.jpg,0,real,jpeg_q70,0.004687,0,1
data\val\real\000000048924.jpg,0,real,jpeg_q70,0.967307,1,0
data\val\real\000000049060.jpg,0,real,jpeg_q70,0.004080,0,1
data\val\real\000000049091.jpg,0,real,jpeg_q70,0.100712,0,1
data\val\real\000000049259.jpg,0,real,jpeg_q70,0.056545,0,1
data\val\real\000000049269.jpg,0,real,jpeg_q70,0.250908,0,1
data\val\real\000000049759.jpg,0,real,jpeg_q70,0.257462,0,1
data\val\real\000000049761.jpg,0,real,jpeg_q70,0.028982,0,1
data\val\real\000000049810.jpg,0,real,jpeg_q70,0.212877,0,1
data\val\real\000000050006.jpg,0,real,jpeg_q70,0.185314,0,1
data\val\real\000000050145.jpg,0,real,jpeg_q70,0.003823,0,1
data\val\real\000000050149.jpg,0,real,jpeg_q70,0.094674,0,1
data\val\real\000000050165.jpg,0,real,jpeg_q70,0.483268,0,1
data\val\real\000000050326.jpg,0,real,jpeg_q70,0.004060,0,1
data\val\real\000000050331.jpg,0,real,jpeg_q70,0.056087,0,1
data\val\real\000000050380.jpg,0,real,jpeg_q70,0.051800,0,1
data\val\real\000000050638.jpg,0,real,jpeg_q70,0.320569,0,1
data\val\real\000000050679.jpg,0,real,jpeg_q70,0.699622,1,0
data\val\real\000000050811.jpg,0,real,jpeg_q70,0.002163,0,1
data\val\real\000000050828.jpg,0,real,jpeg_q70,0.126135,0,1
data\val\real\000000050844.jpg,0,real,jpeg_q70,0.045761,0,1
data\val\real\000000050896.jpg,0,real,jpeg_q70,0.188012,0,1
data\val\real\000000050943.jpg,0,real,jpeg_q70,0.092355,0,1
data\val\real\000000051008.jpg,0,real,jpeg_q70,0.004416,0,1
data\val\real\000000051309.jpg,0,real,jpeg_q70,0.235992,0,1
data\val\real\000000051314.jpg,0,real,jpeg_q70,0.143194,0,1
data\val\real\000000051326.jpg,0,real,jpeg_q70,0.015764,0,1
data\val\real\000000051598.jpg,0,real,jpeg_q70,0.065044,0,1
data\val\real\000000051610.jpg,0,real,jpeg_q70,0.262321,0,1
data\val\real\000000051712.jpg,0,real,jpeg_q70,0.439204,0,1
data\val\real\000000051738.jpg,0,real,jpeg_q70,0.193292,0,1
data\val\real\000000051938.jpg,0,real,jpeg_q70,0.045893,0,1
data\val\real\000000051961.jpg,0,real,jpeg_q70,0.096001,0,1
data\val\real\000000051976.jpg,0,real,jpeg_q70,0.157142,0,1
data\val\real\000000052007.jpg,0,real,jpeg_q70,0.262330,0,1
data\val\real\000000052017.jpg,0,real,jpeg_q70,0.105631,0,1
data\val\real\000000052412.jpg,0,real,jpeg_q70,0.399233,0,1
data\val\real\000000052413.jpg,0,real,jpeg_q70,0.004919,0,1
data\val\real\000000052462.jpg,0,real,jpeg_q70,0.405297,0,1
data\val\real\000000052507.jpg,0,real,jpeg_q70,0.108483,0,1
data\val\real\000000052565.jpg,0,real,jpeg_q70,0.164124,0,1
data\val\real\000000052591.jpg,0,real,jpeg_q70,0.150156,0,1
data\val\real\000000052891.jpg,0,real,jpeg_q70,0.037835,0,1
data\val\real\000000052996.jpg,0,real,jpeg_q70,0.010767,0,1
data\val\real\000000053505.jpg,0,real,jpeg_q70,0.205477,0,1
data\val\real\000000053529.jpg,0,real,jpeg_q70,0.036251,0,1
data\val\real\000000053624.jpg,0,real,jpeg_q70,0.067858,0,1
data\val\real\000000053626.jpg,0,real,jpeg_q70,0.001880,0,1
data\val\real\000000053909.jpg,0,real,jpeg_q70,0.046534,0,1
data\val\real\000000053994.jpg,0,real,jpeg_q70,0.356346,0,1
data\val\real\000000054123.jpg,0,real,jpeg_q70,0.329784,0,1
data\val\real\000000054164.jpg,0,real,jpeg_q70,0.219916,0,1
data\val\real\000000054592.jpg,0,real,jpeg_q70,0.238375,0,1
data\val\real\000000054593.jpg,0,real,jpeg_q70,0.034965,0,1
data\val\real\000000054605.jpg,0,real,jpeg_q70,0.077522,0,1
data\val\real\000000054628.jpg,0,real,jpeg_q70,0.014590,0,1
data\val\real\000000054654.jpg,0,real,jpeg_q70,0.004168,0,1
data\val\real\000000054931.jpg,0,real,jpeg_q70,0.258149,0,1
data\val\real\000000054967.jpg,0,real,jpeg_q70,0.461132,0,1
data\val\real\000000055002.jpg,0,real,jpeg_q70,0.125417,0,1
data\val\real\000000055022.jpg,0,real,jpeg_q70,0.116532,0,1
data\val\real\000000055072.jpg,0,real,jpeg_q70,0.228499,0,1
data\val\real\000000055150.jpg,0,real,jpeg_q70,0.033827,0,1
data\val\real\000000055167.jpg,0,real,jpeg_q70,0.022879,0,1
data\val\real\000000055299.jpg,0,real,jpeg_q70,0.199117,0,1
data\val\real\000000055528.jpg,0,real,jpeg_q70,0.003112,0,1
data\val\real\000000055950.jpg,0,real,jpeg_q70,0.027135,0,1
data\val\real\000000056127.jpg,0,real,jpeg_q70,0.382752,0,1
data\val\real\000000056288.jpg,0,real,jpeg_q70,0.106634,0,1
data\val\real\000000056344.jpg,0,real,jpeg_q70,0.377081,0,1
data\val\real\000000056350.jpg,0,real,jpeg_q70,0.342450,0,1
data\val\real\000000056545.jpg,0,real,jpeg_q70,0.006277,0,1
data\val\ai\ai_000001.png,1,ai,jpeg_q70,0.965655,1,1
data\val\ai\ai_000002.png,1,ai,jpeg_q70,0.987700,1,1
data\val\ai\ai_000003.png,1,ai,jpeg_q70,0.979761,1,1
data\val\ai\ai_000004.png,1,ai,jpeg_q70,0.972077,1,1
data\val\ai\ai_000005.png,1,ai,jpeg_q70,0.940110,1,1
data\val\ai\ai_000006.png,1,ai,jpeg_q70,0.921320,1,1
data\val\ai\ai_000007.png,1,ai,jpeg_q70,0.989473,1,1
data\val\ai\ai_000008.png,1,ai,jpeg_q70,0.886325,1,1
data\val\ai\ai_000009.png,1,ai,jpeg_q70,0.968509,1,1
data\val\ai\ai_000010.png,1,ai,jpeg_q70,0.983393,1,1
data\val\ai\ai_000011.png,1,ai,jpeg_q70,0.984659,1,1
data\val\ai\ai_000012.png,1,ai,jpeg_q70,0.975055,1,1
data\val\ai\ai_000013.png,1,ai,jpeg_q70,0.996757,1,1
data\val\ai\ai_000014.png,1,ai,jpeg_q70,0.998468,1,1
data\val\ai\ai_000015.png,1,ai,jpeg_q70,0.994427,1,1
data\val\ai\ai_000016.png,1,ai,jpeg_q70,0.734140,1,1
data\val\ai\ai_000017.png,1,ai,jpeg_q70,0.953958,1,1
data\val\ai\ai_000018.png,1,ai,jpeg_q70,0.983411,1,1
data\val\ai\ai_000019.png,1,ai,jpeg_q70,0.864399,1,1
data\val\ai\ai_000020.png,1,ai,jpeg_q70,0.841883,1,1
data\val\ai\ai_000021.png,1,ai,jpeg_q70,0.998114,1,1
data\val\ai\ai_000022.png,1,ai,jpeg_q70,0.566713,1,1
data\val\ai\ai_000023.png,1,ai,jpeg_q70,0.977638,1,1
data\val\ai\ai_000024.png,1,ai,jpeg_q70,0.971840,1,1
data\val\ai\ai_000025.png,1,ai,jpeg_q70,0.983441,1,1
data\val\ai\ai_000026.png,1,ai,jpeg_q70,0.752631,1,1
data\val\ai\ai_000027.png,1,ai,jpeg_q70,0.936442,1,1
data\val\ai\ai_000028.png,1,ai,jpeg_q70,0.996540,1,1
data\val\ai\ai_000029.png,1,ai,jpeg_q70,0.997321,1,1
data\val\ai\ai_000030.png,1,ai,jpeg_q70,0.896503,1,1
data\val\ai\ai_000031.png,1,ai,jpeg_q70,0.809305,1,1
data\val\ai\ai_000032.png,1,ai,jpeg_q70,0.926709,1,1
data\val\ai\ai_000033.png,1,ai,jpeg_q70,0.992564,1,1
data\val\ai\ai_000034.png,1,ai,jpeg_q70,0.996405,1,1
data\val\ai\ai_000035.png,1,ai,jpeg_q70,0.979462,1,1
data\val\ai\ai_000036.png,1,ai,jpeg_q70,0.977944,1,1
data\val\ai\ai_000037.png,1,ai,jpeg_q70,0.970757,1,1
data\val\ai\ai_000038.png,1,ai,jpeg_q70,0.969232,1,1
data\val\ai\ai_000039.png,1,ai,jpeg_q70,0.988283,1,1
data\val\ai\ai_000040.png,1,ai,jpeg_q70,0.402817,0,0
data\val\ai\ai_000041.png,1,ai,jpeg_q70,0.999759,1,1
data\val\ai\ai_000042.png,1,ai,jpeg_q70,0.997583,1,1
data\val\ai\ai_000043.png,1,ai,jpeg_q70,0.999327,1,1
data\val\ai\ai_000044.png,1,ai,jpeg_q70,0.909992,1,1
data\val\ai\ai_000045.png,1,ai,jpeg_q70,0.997794,1,1
data\val\ai\ai_000046.png,1,ai,jpeg_q70,0.511891,1,1
data\val\ai\ai_000047.png,1,ai,jpeg_q70,0.959684,1,1
data\val\ai\ai_000048.png,1,ai,jpeg_q70,0.820131,1,1
data\val\ai\ai_000049.png,1,ai,jpeg_q70,0.990060,1,1
data\val\ai\ai_000050.png,1,ai,jpeg_q70,0.963689,1,1
data\val\ai\ai_000051.png,1,ai,jpeg_q70,0.989950,1,1
data\val\ai\ai_000052.png,1,ai,jpeg_q70,0.998082,1,1
data\val\ai\ai_000053.png,1,ai,jpeg_q70,0.991054,1,1
data\val\ai\ai_000054.png,1,ai,jpeg_q70,0.989938,1,1
data\val\ai\ai_000055.png,1,ai,jpeg_q70,0.784331,1,1
data\val\ai\ai_000056.png,1,ai,jpeg_q70,0.931733,1,1
data\val\ai\ai_000057.png,1,ai,jpeg_q70,0.972506,1,1
data\val\ai\ai_000058.png,1,ai,jpeg_q70,0.627718,1,1
data\val\ai\ai_000059.png,1,ai,jpeg_q70,0.947524,1,1
data\val\ai\ai_000060.png,1,ai,jpeg_q70,0.881306,1,1
data\val\ai\ai_000061.png,1,ai,jpeg_q70,0.978129,1,1
data\val\ai\ai_000062.png,1,ai,jpeg_q70,0.983589,1,1
data\val\ai\ai_000063.png,1,ai,jpeg_q70,0.993794,1,1
data\val\ai\ai_000064.png,1,ai,jpeg_q70,0.790709,1,1
data\val\ai\ai_000065.png,1,ai,jpeg_q70,0.989488,1,1
data\val\ai\ai_000066.png,1,ai,jpeg_q70,0.967135,1,1
data\val\ai\ai_000067.png,1,ai,jpeg_q70,0.998885,1,1
data\val\ai\ai_000068.png,1,ai,jpeg_q70,0.474869,0,0
data\val\ai\ai_000069.png,1,ai,jpeg_q70,0.994066,1,1
data\val\ai\ai_000070.png,1,ai,jpeg_q70,0.853668,1,1
data\val\ai\ai_000071.png,1,ai,jpeg_q70,0.999038,1,1
data\val\ai\ai_000072.png,1,ai,jpeg_q70,0.889998,1,1
data\val\ai\ai_000073.png,1,ai,jpeg_q70,0.998908,1,1
data\val\ai\ai_000074.png,1,ai,jpeg_q70,0.998194,1,1
data\val\ai\ai_000075.png,1,ai,jpeg_q70,0.996460,1,1
data\val\ai\ai_000076.png,1,ai,jpeg_q70,0.938643,1,1
data\val\ai\ai_000077.png,1,ai,jpeg_q70,0.868475,1,1
data\val\ai\ai_000078.png,1,ai,jpeg_q70,0.344367,0,0
data\val\ai\ai_000079.png,1,ai,jpeg_q70,0.953065,1,1
data\val\ai\ai_000080.png,1,ai,jpeg_q70,0.899173,1,1
data\val\ai\ai_000081.png,1,ai,jpeg_q70,0.996947,1,1
data\val\ai\ai_000082.png,1,ai,jpeg_q70,0.997686,1,1
data\val\ai\ai_000083.png,1,ai,jpeg_q70,0.984932,1,1
data\val\ai\ai_000084.png,1,ai,jpeg_q70,0.990012,1,1
data\val\ai\ai_000085.png,1,ai,jpeg_q70,0.987542,1,1
data\val\ai\ai_000086.png,1,ai,jpeg_q70,0.531750,1,1
data\val\ai\ai_000087.png,1,ai,jpeg_q70,0.976586,1,1
data\val\ai\ai_000088.png,1,ai,jpeg_q70,0.950915,1,1
data\val\ai\ai_000089.png,1,ai,jpeg_q70,0.945962,1,1
data\val\ai\ai_000090.png,1,ai,jpeg_q70,0.850683,1,1
data\val\ai\ai_000091.png,1,ai,jpeg_q70,0.985766,1,1
data\val\ai\ai_000092.png,1,ai,jpeg_q70,0.995376,1,1
data\val\ai\ai_000093.png,1,ai,jpeg_q70,0.993638,1,1
data\val\ai\ai_000094.png,1,ai,jpeg_q70,0.998666,1,1
data\val\ai\ai_000095.png,1,ai,jpeg_q70,0.984095,1,1
data\val\ai\ai_000096.png,1,ai,jpeg_q70,0.957478,1,1
data\val\ai\ai_000097.png,1,ai,jpeg_q70,0.791462,1,1
data\val\ai\ai_000098.png,1,ai,jpeg_q70,0.910087,1,1
data\val\ai\ai_000099.png,1,ai,jpeg_q70,0.631400,1,1
data\val\ai\ai_000100.png,1,ai,jpeg_q70,0.978054,1,1
data\val\ai\ai_000101.png,1,ai,jpeg_q70,0.993461,1,1
data\val\ai\ai_000102.png,1,ai,jpeg_q70,0.717059,1,1
data\val\ai\ai_000103.png,1,ai,jpeg_q70,0.979677,1,1
data\val\ai\ai_000104.png,1,ai,jpeg_q70,0.995937,1,1
data\val\ai\ai_000105.png,1,ai,jpeg_q70,0.667763,1,1
data\val\ai\ai_000106.png,1,ai,jpeg_q70,0.465889,0,0
data\val\ai\ai_000107.png,1,ai,jpeg_q70,0.890440,1,1
data\val\ai\ai_000108.png,1,ai,jpeg_q70,0.990612,1,1
data\val\ai\ai_000109.png,1,ai,jpeg_q70,0.999141,1,1
data\val\ai\ai_000110.png,1,ai,jpeg_q70,0.912838,1,1
data\val\ai\ai_000111.png,1,ai,jpeg_q70,0.921419,1,1
data\val\ai\ai_000112.png,1,ai,jpeg_q70,0.857360,1,1
data\val\ai\ai_000113.png,1,ai,jpeg_q70,0.986100,1,1
data\val\ai\ai_000114.png,1,ai,jpeg_q70,0.991476,1,1
data\val\ai\ai_000115.png,1,ai,jpeg_q70,0.983068,1,1
data\val\ai\ai_000116.png,1,ai,jpeg_q70,0.868148,1,1
data\val\ai\ai_000117.png,1,ai,jpeg_q70,0.980790,1,1
data\val\ai\ai_000118.png,1,ai,jpeg_q70,0.994108,1,1
data\val\ai\ai_000119.png,1,ai,jpeg_q70,0.930569,1,1
data\val\ai\ai_000120.png,1,ai,jpeg_q70,0.907391,1,1
data\val\ai\ai_000121.png,1,ai,jpeg_q70,0.998304,1,1
data\val\ai\ai_000122.png,1,ai,jpeg_q70,0.966808,1,1
data\val\ai\ai_000123.png,1,ai,jpeg_q70,0.949857,1,1
data\val\ai\ai_000124.png,1,ai,jpeg_q70,0.841646,1,1
data\val\ai\ai_000125.png,1,ai,jpeg_q70,0.996639,1,1
data\val\ai\ai_000126.png,1,ai,jpeg_q70,0.973882,1,1
data\val\ai\ai_000127.png,1,ai,jpeg_q70,0.995567,1,1
data\val\ai\ai_000128.png,1,ai,jpeg_q70,0.972423,1,1
data\val\ai\ai_000129.png,1,ai,jpeg_q70,0.958471,1,1
data\val\ai\ai_000130.png,1,ai,jpeg_q70,0.298990,0,0
data\val\ai\ai_000131.png,1,ai,jpeg_q70,0.996386,1,1
data\val\ai\ai_000132.png,1,ai,jpeg_q70,0.978977,1,1
data\val\ai\ai_000133.png,1,ai,jpeg_q70,0.995883,1,1
data\val\ai\ai_000134.png,1,ai,jpeg_q70,0.995825,1,1
data\val\ai\ai_000135.png,1,ai,jpeg_q70,0.999352,1,1
data\val\ai\ai_000136.png,1,ai,jpeg_q70,0.640441,1,1
data\val\ai\ai_000137.png,1,ai,jpeg_q70,0.898934,1,1
data\val\ai\ai_000138.png,1,ai,jpeg_q70,0.804137,1,1
data\val\ai\ai_000139.png,1,ai,jpeg_q70,0.994603,1,1
data\val\ai\ai_000140.png,1,ai,jpeg_q70,0.836180,1,1
data\val\ai\ai_000141.png,1,ai,jpeg_q70,0.999584,1,1
data\val\ai\ai_000142.png,1,ai,jpeg_q70,0.958454,1,1
data\val\ai\ai_000143.png,1,ai,jpeg_q70,0.999249,1,1
data\val\ai\ai_000144.png,1,ai,jpeg_q70,0.985390,1,1
data\val\ai\ai_000145.png,1,ai,jpeg_q70,0.989231,1,1
data\val\ai\ai_000146.png,1,ai,jpeg_q70,0.988486,1,1
data\val\ai\ai_000147.png,1,ai,jpeg_q70,0.982009,1,1
data\val\ai\ai_000148.png,1,ai,jpeg_q70,0.519482,1,1
data\val\ai\ai_000149.png,1,ai,jpeg_q70,0.994947,1,1
data\val\ai\ai_000150.png,1,ai,jpeg_q70,0.790109,1,1
data\val\ai\ai_000151.png,1,ai,jpeg_q70,0.859816,1,1
data\val\ai\ai_000152.png,1,ai,jpeg_q70,0.943882,1,1
data\val\ai\ai_000153.png,1,ai,jpeg_q70,0.999099,1,1
data\val\ai\ai_000154.png,1,ai,jpeg_q70,0.992413,1,1
data\val\ai\ai_000155.png,1,ai,jpeg_q70,0.956467,1,1
data\val\ai\ai_000156.png,1,ai,jpeg_q70,0.798547,1,1
data\val\ai\ai_000157.png,1,ai,jpeg_q70,0.987940,1,1
data\val\ai\ai_000158.png,1,ai,jpeg_q70,0.432934,0,0
data\val\ai\ai_000159.png,1,ai,jpeg_q70,0.998922,1,1
data\val\ai\ai_000160.png,1,ai,jpeg_q70,0.129739,0,0
data\val\ai\ai_000161.png,1,ai,jpeg_q70,0.991463,1,1
data\val\ai\ai_000162.png,1,ai,jpeg_q70,0.978633,1,1
data\val\ai\ai_000163.png,1,ai,jpeg_q70,0.997754,1,1
data\val\ai\ai_000164.png,1,ai,jpeg_q70,0.998708,1,1
data\val\ai\ai_000165.png,1,ai,jpeg_q70,0.998810,1,1
data\val\ai\ai_000166.png,1,ai,jpeg_q70,0.922411,1,1
data\val\ai\ai_000167.png,1,ai,jpeg_q70,0.976249,1,1
data\val\ai\ai_000168.png,1,ai,jpeg_q70,0.339569,0,0
data\val\ai\ai_000169.png,1,ai,jpeg_q70,0.996100,1,1
data\val\ai\ai_000170.png,1,ai,jpeg_q70,0.965030,1,1
data\val\ai\ai_000171.png,1,ai,jpeg_q70,0.996190,1,1
data\val\ai\ai_000172.png,1,ai,jpeg_q70,0.980820,1,1
data\val\ai\ai_000173.png,1,ai,jpeg_q70,0.990120,1,1
data\val\ai\ai_000174.png,1,ai,jpeg_q70,0.999575,1,1
data\val\ai\ai_000175.png,1,ai,jpeg_q70,0.988104,1,1
data\val\ai\ai_000176.png,1,ai,jpeg_q70,0.978959,1,1
data\val\ai\ai_000177.png,1,ai,jpeg_q70,0.978867,1,1
data\val\ai\ai_000178.png,1,ai,jpeg_q70,0.803378,1,1
data\val\ai\ai_000179.png,1,ai,jpeg_q70,0.998837,1,1
data\val\ai\ai_000180.png,1,ai,jpeg_q70,0.866539,1,1
data\val\ai\ai_000181.png,1,ai,jpeg_q70,0.961870,1,1
data\val\ai\ai_000182.png,1,ai,jpeg_q70,0.925902,1,1
data\val\ai\ai_000183.png,1,ai,jpeg_q70,0.980306,1,1
data\val\ai\ai_000184.png,1,ai,jpeg_q70,0.997134,1,1
data\val\ai\ai_000185.png,1,ai,jpeg_q70,0.947682,1,1
data\val\ai\ai_000186.png,1,ai,jpeg_q70,0.629229,1,1
data\val\ai\ai_000187.png,1,ai,jpeg_q70,0.961811,1,1
data\val\ai\ai_000188.png,1,ai,jpeg_q70,0.624967,1,1
data\val\ai\ai_000189.png,1,ai,jpeg_q70,0.993542,1,1
data\val\ai\ai_000190.png,1,ai,jpeg_q70,0.949391,1,1
data\val\ai\ai_000191.png,1,ai,jpeg_q70,0.703925,1,1
data\val\ai\ai_000192.png,1,ai,jpeg_q70,0.992095,1,1
data\val\ai\ai_000193.png,1,ai,jpeg_q70,0.999552,1,1
data\val\ai\ai_000194.png,1,ai,jpeg_q70,0.992738,1,1
data\val\ai\ai_000195.png,1,ai,jpeg_q70,0.993344,1,1
data\val\ai\ai_000196.png,1,ai,jpeg_q70,0.987527,1,1
data\val\ai\ai_000197.png,1,ai,jpeg_q70,0.925818,1,1
data\val\ai\ai_000198.png,1,ai,jpeg_q70,0.961278,1,1
data\val\ai\ai_000199.png,1,ai,jpeg_q70,0.968367,1,1
data\val\ai\ai_000200.png,1,ai,jpeg_q70,0.925672,1,1
data\val\ai\ai_000201.png,1,ai,jpeg_q70,0.981141,1,1
data\val\ai\ai_000202.png,1,ai,jpeg_q70,0.898932,1,1
data\val\ai\ai_000203.png,1,ai,jpeg_q70,0.997627,1,1
data\val\ai\ai_000204.png,1,ai,jpeg_q70,0.995517,1,1
data\val\ai\ai_000205.png,1,ai,jpeg_q70,0.964211,1,1
data\val\ai\ai_000206.png,1,ai,jpeg_q70,0.993720,1,1
data\val\ai\ai_000207.png,1,ai,jpeg_q70,0.960245,1,1
data\val\ai\ai_000208.png,1,ai,jpeg_q70,0.968230,1,1
data\val\ai\ai_000209.png,1,ai,jpeg_q70,0.993614,1,1
data\val\ai\ai_000210.png,1,ai,jpeg_q70,0.926950,1,1
data\val\ai\ai_000211.png,1,ai,jpeg_q70,0.997961,1,1
data\val\ai\ai_000212.png,1,ai,jpeg_q70,0.996001,1,1
data\val\ai\ai_000213.png,1,ai,jpeg_q70,0.977128,1,1
data\val\ai\ai_000214.png,1,ai,jpeg_q70,0.999769,1,1
data\val\ai\ai_000215.png,1,ai,jpeg_q70,0.971967,1,1
data\val\ai\ai_000216.png,1,ai,jpeg_q70,0.921863,1,1
data\val\ai\ai_000217.png,1,ai,jpeg_q70,0.934606,1,1
data\val\ai\ai_000218.png,1,ai,jpeg_q70,0.769875,1,1
data\val\ai\ai_000219.png,1,ai,jpeg_q70,0.991942,1,1
data\val\ai\ai_000220.png,1,ai,jpeg_q70,0.340745,0,0
data\val\ai\ai_000221.png,1,ai,jpeg_q70,0.990573,1,1
data\val\ai\ai_000222.png,1,ai,jpeg_q70,0.883901,1,1
data\val\ai\ai_000223.png,1,ai,jpeg_q70,0.996448,1,1
data\val\ai\ai_000224.png,1,ai,jpeg_q70,0.993132,1,1
data\val\ai\ai_000225.png,1,ai,jpeg_q70,0.969754,1,1
data\val\ai\ai_000226.png,1,ai,jpeg_q70,0.970397,1,1
data\val\ai\ai_000227.png,1,ai,jpeg_q70,0.929281,1,1
data\val\ai\ai_000228.png,1,ai,jpeg_q70,0.121294,0,0
data\val\ai\ai_000229.png,1,ai,jpeg_q70,0.996117,1,1
data\val\ai\ai_000230.png,1,ai,jpeg_q70,0.898121,1,1
data\val\ai\ai_000231.png,1,ai,jpeg_q70,0.999708,1,1
data\val\ai\ai_000232.png,1,ai,jpeg_q70,0.854399,1,1
data\val\ai\ai_000233.png,1,ai,jpeg_q70,0.977890,1,1
data\val\ai\ai_000234.png,1,ai,jpeg_q70,0.999585,1,1
data\val\ai\ai_000235.png,1,ai,jpeg_q70,0.995654,1,1
data\val\ai\ai_000236.png,1,ai,jpeg_q70,0.780927,1,1
data\val\ai\ai_000237.png,1,ai,jpeg_q70,0.957918,1,1
data\val\ai\ai_000238.png,1,ai,jpeg_q70,0.664893,1,1
data\val\ai\ai_000239.png,1,ai,jpeg_q70,0.939578,1,1
data\val\ai\ai_000240.png,1,ai,jpeg_q70,0.857428,1,1
data\val\ai\ai_000241.png,1,ai,jpeg_q70,0.987292,1,1
data\val\ai\ai_000242.png,1,ai,jpeg_q70,0.989806,1,1
data\val\ai\ai_000243.png,1,ai,jpeg_q70,0.985762,1,1
data\val\ai\ai_000244.png,1,ai,jpeg_q70,0.997532,1,1
data\val\ai\ai_000245.png,1,ai,jpeg_q70,0.866392,1,1
data\val\ai\ai_000246.png,1,ai,jpeg_q70,0.990884,1,1
data\val\ai\ai_000247.png,1,ai,jpeg_q70,0.975467,1,1
data\val\ai\ai_000248.png,1,ai,jpeg_q70,0.986016,1,1
data\val\ai\ai_000249.png,1,ai,jpeg_q70,0.997673,1,1
data\val\ai\ai_000250.png,1,ai,jpeg_q70,0.308498,0,0
data\val\ai\ai_000251.png,1,ai,jpeg_q70,0.969852,1,1
data\val\ai\ai_000252.png,1,ai,jpeg_q70,0.992415,1,1
data\val\ai\ai_000253.png,1,ai,jpeg_q70,0.993169,1,1
data\val\ai\ai_000254.png,1,ai,jpeg_q70,0.983230,1,1
data\val\ai\ai_000255.png,1,ai,jpeg_q70,0.733907,1,1
data\val\ai\ai_000256.png,1,ai,jpeg_q70,0.700422,1,1
data\val\ai\ai_000257.png,1,ai,jpeg_q70,0.983813,1,1
data\val\ai\ai_000258.png,1,ai,jpeg_q70,0.607189,1,1
data\val\ai\ai_000259.png,1,ai,jpeg_q70,0.995478,1,1
data\val\ai\ai_000260.png,1,ai,jpeg_q70,0.469639,0,0
data\val\ai\ai_000261.png,1,ai,jpeg_q70,0.992823,1,1
data\val\ai\ai_000262.png,1,ai,jpeg_q70,0.994795,1,1
data\val\ai\ai_000263.png,1,ai,jpeg_q70,0.993759,1,1
data\val\ai\ai_000264.png,1,ai,jpeg_q70,0.999765,1,1
data\val\ai\ai_000265.png,1,ai,jpeg_q70,0.995387,1,1
data\val\ai\ai_000266.png,1,ai,jpeg_q70,0.886116,1,1
data\val\ai\ai_000267.png,1,ai,jpeg_q70,0.994452,1,1
data\val\ai\ai_000268.png,1,ai,jpeg_q70,0.916394,1,1
data\val\ai\ai_000269.png,1,ai,jpeg_q70,0.997525,1,1
data\val\ai\ai_000270.png,1,ai,jpeg_q70,0.773429,1,1
data\val\ai\ai_000271.png,1,ai,jpeg_q70,0.992610,1,1
data\val\ai\ai_000272.png,1,ai,jpeg_q70,0.992480,1,1
data\val\ai\ai_000273.png,1,ai,jpeg_q70,0.998637,1,1
data\val\ai\ai_000274.png,1,ai,jpeg_q70,0.988082,1,1
data\val\ai\ai_000275.png,1,ai,jpeg_q70,0.992807,1,1
data\val\ai\ai_000276.png,1,ai,jpeg_q70,0.990607,1,1
data\val\ai\ai_000277.png,1,ai,jpeg_q70,0.924695,1,1
data\val\ai\ai_000278.png,1,ai,jpeg_q70,0.996649,1,1
data\val\ai\ai_000279.png,1,ai,jpeg_q70,0.981052,1,1
data\val\ai\ai_000280.png,1,ai,jpeg_q70,0.854176,1,1
data\val\ai\ai_000281.png,1,ai,jpeg_q70,0.927576,1,1
data\val\ai\ai_000282.png,1,ai,jpeg_q70,0.953955,1,1
data\val\ai\ai_000283.png,1,ai,jpeg_q70,0.988769,1,1
data\val\ai\ai_000284.png,1,ai,jpeg_q70,0.991266,1,1
data\val\ai\ai_000285.png,1,ai,jpeg_q70,0.996677,1,1
data\val\ai\ai_000286.png,1,ai,jpeg_q70,0.990220,1,1
data\val\ai\ai_000287.png,1,ai,jpeg_q70,0.980874,1,1
data\val\ai\ai_000288.png,1,ai,jpeg_q70,0.287177,0,0
data\val\ai\ai_000289.png,1,ai,jpeg_q70,0.991512,1,1
data\val\ai\ai_000290.png,1,ai,jpeg_q70,0.811259,1,1
data\val\ai\ai_000291.png,1,ai,jpeg_q70,0.998496,1,1
data\val\ai\ai_000292.png,1,ai,jpeg_q70,0.990201,1,1
data\val\ai\ai_000293.png,1,ai,jpeg_q70,0.684813,1,1
data\val\ai\ai_000294.png,1,ai,jpeg_q70,0.988822,1,1
data\val\ai\ai_000295.png,1,ai,jpeg_q70,0.990307,1,1
data\val\ai\ai_000296.png,1,ai,jpeg_q70,0.996373,1,1
data\val\ai\ai_000297.png,1,ai,jpeg_q70,0.994439,1,1
data\val\ai\ai_000298.png,1,ai,jpeg_q70,0.986984,1,1
data\val\ai\ai_000299.png,1,ai,jpeg_q70,0.970069,1,1
data\val\ai\ai_000300.png,1,ai,jpeg_q70,0.660111,1,1
data\val\ai\ai_000301.png,1,ai,jpeg_q70,0.948816,1,1
data\val\ai\ai_000302.png,1,ai,jpeg_q70,0.655339,1,1
data\val\ai\ai_000303.png,1,ai,jpeg_q70,0.966342,1,1
data\val\ai\ai_000304.png,1,ai,jpeg_q70,0.989409,1,1
data\val\ai\ai_000305.png,1,ai,jpeg_q70,0.913327,1,1
data\val\ai\ai_000306.png,1,ai,jpeg_q70,0.993180,1,1
data\val\ai\ai_000307.png,1,ai,jpeg_q70,0.919818,1,1
data\val\ai\ai_000308.png,1,ai,jpeg_q70,0.786421,1,1
data\val\ai\ai_000309.png,1,ai,jpeg_q70,0.928732,1,1
data\val\ai\ai_000310.png,1,ai,jpeg_q70,0.869289,1,1
data\val\ai\ai_000311.png,1,ai,jpeg_q70,0.976446,1,1
data\val\ai\ai_000312.png,1,ai,jpeg_q70,0.984583,1,1
data\val\ai\ai_000313.png,1,ai,jpeg_q70,0.837287,1,1
data\val\ai\ai_000314.png,1,ai,jpeg_q70,0.985226,1,1
data\val\ai\ai_000315.png,1,ai,jpeg_q70,0.986208,1,1
data\val\ai\ai_000316.png,1,ai,jpeg_q70,0.989272,1,1
data\val\ai\ai_000317.png,1,ai,jpeg_q70,0.998324,1,1
data\val\ai\ai_000318.png,1,ai,jpeg_q70,0.148491,0,0
data\val\ai\ai_000319.png,1,ai,jpeg_q70,0.965019,1,1
data\val\ai\ai_000320.png,1,ai,jpeg_q70,0.974954,1,1
data\val\ai\ai_000321.png,1,ai,jpeg_q70,0.988090,1,1
data\val\ai\ai_000322.png,1,ai,jpeg_q70,0.948048,1,1
data\val\ai\ai_000323.png,1,ai,jpeg_q70,0.997979,1,1
data\val\ai\ai_000324.png,1,ai,jpeg_q70,0.999653,1,1
data\val\ai\ai_000325.png,1,ai,jpeg_q70,0.973066,1,1
data\val\ai\ai_000326.png,1,ai,jpeg_q70,0.997583,1,1
data\val\ai\ai_000327.png,1,ai,jpeg_q70,0.997664,1,1
data\val\ai\ai_000328.png,1,ai,jpeg_q70,0.833317,1,1
data\val\ai\ai_000329.png,1,ai,jpeg_q70,0.980702,1,1
data\val\ai\ai_000330.png,1,ai,jpeg_q70,0.963965,1,1
data\val\ai\ai_000331.png,1,ai,jpeg_q70,0.990790,1,1
data\val\ai\ai_000332.png,1,ai,jpeg_q70,0.514485,1,1
data\val\ai\ai_000333.png,1,ai,jpeg_q70,0.995526,1,1
data\val\ai\ai_000334.png,1,ai,jpeg_q70,0.975870,1,1
data\val\ai\ai_000335.png,1,ai,jpeg_q70,0.997952,1,1
data\val\ai\ai_000336.png,1,ai,jpeg_q70,0.674713,1,1
data\val\ai\ai_000337.png,1,ai,jpeg_q70,0.997651,1,1
data\val\ai\ai_000338.png,1,ai,jpeg_q70,0.799920,1,1
data\val\ai\ai_000339.png,1,ai,jpeg_q70,0.996846,1,1
data\val\ai\ai_000340.png,1,ai,jpeg_q70,0.990541,1,1
data\val\ai\ai_000341.png,1,ai,jpeg_q70,0.964779,1,1
data\val\ai\ai_000342.png,1,ai,jpeg_q70,0.656930,1,1
data\val\ai\ai_000343.png,1,ai,jpeg_q70,0.994326,1,1
data\val\ai\ai_000344.png,1,ai,jpeg_q70,0.993183,1,1
data\val\ai\ai_000345.png,1,ai,jpeg_q70,0.991410,1,1
data\val\ai\ai_000346.png,1,ai,jpeg_q70,0.995350,1,1
data\val\ai\ai_000347.png,1,ai,jpeg_q70,0.975620,1,1
data\val\ai\ai_000348.png,1,ai,jpeg_q70,0.938975,1,1
data\val\ai\ai_000349.png,1,ai,jpeg_q70,0.994277,1,1
data\val\ai\ai_000350.png,1,ai,jpeg_q70,0.772595,1,1
data\val\ai\ai_000351.png,1,ai,jpeg_q70,0.954509,1,1
data\val\ai\ai_000352.png,1,ai,jpeg_q70,0.875923,1,1
data\val\ai\ai_000353.png,1,ai,jpeg_q70,0.978038,1,1
data\val\ai\ai_000354.png,1,ai,jpeg_q70,0.997629,1,1
data\val\ai\ai_000355.png,1,ai,jpeg_q70,0.981668,1,1
data\val\ai\ai_000356.png,1,ai,jpeg_q70,0.898214,1,1
data\val\ai\ai_000357.png,1,ai,jpeg_q70,0.972088,1,1
data\val\ai\ai_000358.png,1,ai,jpeg_q70,0.222114,0,0
data\val\ai\ai_000359.png,1,ai,jpeg_q70,0.992353,1,1
data\val\ai\ai_000360.png,1,ai,jpeg_q70,0.872692,1,1
data\val\ai\ai_000361.png,1,ai,jpeg_q70,0.996652,1,1
data\val\ai\ai_000362.png,1,ai,jpeg_q70,0.837415,1,1
data\val\ai\ai_000363.png,1,ai,jpeg_q70,0.991130,1,1
data\val\ai\ai_000364.png,1,ai,jpeg_q70,0.999122,1,1
data\val\ai\ai_000365.png,1,ai,jpeg_q70,0.681350,1,1
data\val\ai\ai_000366.png,1,ai,jpeg_q70,0.952867,1,1
data\val\ai\ai_000367.png,1,ai,jpeg_q70,0.983025,1,1
data\val\ai\ai_000368.png,1,ai,jpeg_q70,0.367790,0,0
data\val\ai\ai_000369.png,1,ai,jpeg_q70,0.993867,1,1
data\val\ai\ai_000370.png,1,ai,jpeg_q70,0.252541,0,0
data\val\ai\ai_000371.png,1,ai,jpeg_q70,0.967792,1,1
data\val\ai\ai_000372.png,1,ai,jpeg_q70,0.876539,1,1
data\val\ai\ai_000373.png,1,ai,jpeg_q70,0.927613,1,1
data\val\ai\ai_000374.png,1,ai,jpeg_q70,0.997163,1,1
data\val\ai\ai_000375.png,1,ai,jpeg_q70,0.992895,1,1
data\val\ai\ai_000376.png,1,ai,jpeg_q70,0.727785,1,1
data\val\ai\ai_000377.png,1,ai,jpeg_q70,0.952132,1,1
data\val\ai\ai_000378.png,1,ai,jpeg_q70,0.989863,1,1
data\val\ai\ai_000379.png,1,ai,jpeg_q70,0.962734,1,1
data\val\ai\ai_000380.png,1,ai,jpeg_q70,0.763594,1,1
data\val\ai\ai_000381.png,1,ai,jpeg_q70,0.848700,1,1
data\val\ai\ai_000382.png,1,ai,jpeg_q70,0.333129,0,0
data\val\ai\ai_000383.png,1,ai,jpeg_q70,0.992592,1,1
data\val\ai\ai_000384.png,1,ai,jpeg_q70,0.972657,1,1
data\val\ai\ai_000385.png,1,ai,jpeg_q70,0.996196,1,1
data\val\ai\ai_000386.png,1,ai,jpeg_q70,0.873538,1,1
data\val\ai\ai_000387.png,1,ai,jpeg_q70,0.993025,1,1
data\val\ai\ai_000388.png,1,ai,jpeg_q70,0.991969,1,1
data\val\ai\ai_000389.png,1,ai,jpeg_q70,0.969526,1,1
data\val\ai\ai_000390.png,1,ai,jpeg_q70,0.994939,1,1
data\val\ai\ai_000391.png,1,ai,jpeg_q70,0.969237,1,1
data\val\ai\ai_000392.png,1,ai,jpeg_q70,0.907560,1,1
data\val\ai\ai_000393.png,1,ai,jpeg_q70,0.997335,1,1
data\val\ai\ai_000394.png,1,ai,jpeg_q70,0.997829,1,1
data\val\ai\ai_000395.png,1,ai,jpeg_q70,0.967365,1,1
data\val\ai\ai_000396.png,1,ai,jpeg_q70,0.952436,1,1
data\val\ai\ai_000397.png,1,ai,jpeg_q70,0.987382,1,1
data\val\ai\ai_000398.png,1,ai,jpeg_q70,0.650911,1,1
data\val\ai\ai_000399.png,1,ai,jpeg_q70,0.951485,1,1
data\val\ai\ai_000400.png,1,ai,jpeg_q70,0.476769,0,0
data\val\ai\ai_000401.png,1,ai,jpeg_q70,0.974880,1,1
data\val\ai\ai_000402.png,1,ai,jpeg_q70,0.995733,1,1
data\val\ai\ai_000403.png,1,ai,jpeg_q70,0.986828,1,1
data\val\ai\ai_000404.png,1,ai,jpeg_q70,0.989876,1,1
data\val\ai\ai_000405.png,1,ai,jpeg_q70,0.996395,1,1
data\val\ai\ai_000406.png,1,ai,jpeg_q70,0.997610,1,1
data\val\ai\ai_000407.png,1,ai,jpeg_q70,0.826704,1,1
data\val\ai\ai_000408.png,1,ai,jpeg_q70,0.911439,1,1
data\val\ai\ai_000409.png,1,ai,jpeg_q70,0.976783,1,1
data\val\ai\ai_000410.png,1,ai,jpeg_q70,0.738232,1,1
data\val\ai\ai_000411.png,1,ai,jpeg_q70,0.992972,1,1
data\val\ai\ai_000412.png,1,ai,jpeg_q70,0.995061,1,1
data\val\ai\ai_000413.png,1,ai,jpeg_q70,0.982949,1,1
data\val\ai\ai_000414.png,1,ai,jpeg_q70,0.999794,1,1
data\val\ai\ai_000415.png,1,ai,jpeg_q70,0.987879,1,1
data\val\ai\ai_000416.png,1,ai,jpeg_q70,0.853452,1,1
data\val\ai\ai_000417.png,1,ai,jpeg_q70,0.948127,1,1
data\val\ai\ai_000418.png,1,ai,jpeg_q70,0.359834,0,0
data\val\ai\ai_000419.png,1,ai,jpeg_q70,0.969287,1,1
data\val\ai\ai_000420.png,1,ai,jpeg_q70,0.927649,1,1
data\val\ai\ai_000421.png,1,ai,jpeg_q70,0.997077,1,1
data\val\ai\ai_000422.png,1,ai,jpeg_q70,0.245824,0,0
data\val\ai\ai_000423.png,1,ai,jpeg_q70,0.955430,1,1
data\val\ai\ai_000424.png,1,ai,jpeg_q70,0.999138,1,1
data\val\ai\ai_000425.png,1,ai,jpeg_q70,0.923551,1,1
data\val\ai\ai_000426.png,1,ai,jpeg_q70,0.386971,0,0
data\val\ai\ai_000427.png,1,ai,jpeg_q70,0.962063,1,1
data\val\ai\ai_000428.png,1,ai,jpeg_q70,0.970114,1,1
data\val\ai\ai_000429.png,1,ai,jpeg_q70,0.993618,1,1
data\val\ai\ai_000430.png,1,ai,jpeg_q70,0.818903,1,1
data\val\ai\ai_000431.png,1,ai,jpeg_q70,0.968361,1,1
data\val\ai\ai_000432.png,1,ai,jpeg_q70,0.991799,1,1
data\val\ai\ai_000433.png,1,ai,jpeg_q70,0.998284,1,1
data\val\ai\ai_000434.png,1,ai,jpeg_q70,0.990139,1,1
data\val\ai\ai_000435.png,1,ai,jpeg_q70,0.958470,1,1
data\val\ai\ai_000436.png,1,ai,jpeg_q70,0.991384,1,1
data\val\ai\ai_000437.png,1,ai,jpeg_q70,0.853300,1,1
data\val\ai\ai_000438.png,1,ai,jpeg_q70,0.973259,1,1
data\val\ai\ai_000439.png,1,ai,jpeg_q70,0.856821,1,1
data\val\ai\ai_000440.png,1,ai,jpeg_q70,0.930322,1,1
data\val\ai\ai_000441.png,1,ai,jpeg_q70,0.883450,1,1
data\val\ai\ai_000442.png,1,ai,jpeg_q70,0.978659,1,1
data\val\ai\ai_000443.png,1,ai,jpeg_q70,0.995891,1,1
data\val\ai\ai_000444.png,1,ai,jpeg_q70,0.999464,1,1
data\val\ai\ai_000445.png,1,ai,jpeg_q70,0.978679,1,1
data\val\ai\ai_000446.png,1,ai,jpeg_q70,0.944023,1,1
data\val\ai\ai_000447.png,1,ai,jpeg_q70,0.991338,1,1
data\val\ai\ai_000448.png,1,ai,jpeg_q70,0.322071,0,0
data\val\ai\ai_000449.png,1,ai,jpeg_q70,0.998172,1,1
data\val\ai\ai_000450.png,1,ai,jpeg_q70,0.990121,1,1
data\val\ai\ai_000451.png,1,ai,jpeg_q70,0.980083,1,1
data\val\ai\ai_000452.png,1,ai,jpeg_q70,0.914327,1,1
data\val\ai\ai_000453.png,1,ai,jpeg_q70,0.999120,1,1
data\val\ai\ai_000454.png,1,ai,jpeg_q70,0.863787,1,1
data\val\ai\ai_000455.png,1,ai,jpeg_q70,0.991172,1,1
data\val\ai\ai_000456.png,1,ai,jpeg_q70,0.972268,1,1
data\val\ai\ai_000457.png,1,ai,jpeg_q70,0.954502,1,1
data\val\ai\ai_000458.png,1,ai,jpeg_q70,0.960135,1,1
data\val\ai\ai_000459.png,1,ai,jpeg_q70,0.624620,1,1
data\val\ai\ai_000460.png,1,ai,jpeg_q70,0.950764,1,1
data\val\ai\ai_000461.png,1,ai,jpeg_q70,0.864650,1,1
data\val\ai\ai_000462.png,1,ai,jpeg_q70,0.948983,1,1
data\val\ai\ai_000463.png,1,ai,jpeg_q70,0.989887,1,1
data\val\ai\ai_000464.png,1,ai,jpeg_q70,0.997192,1,1
data\val\ai\ai_000465.png,1,ai,jpeg_q70,0.996397,1,1
data\val\ai\ai_000466.png,1,ai,jpeg_q70,0.355064,0,0
data\val\ai\ai_000467.png,1,ai,jpeg_q70,0.993267,1,1
data\val\ai\ai_000468.png,1,ai,jpeg_q70,0.851690,1,1
data\val\ai\ai_000469.png,1,ai,jpeg_q70,0.996300,1,1
data\val\ai\ai_000470.png,1,ai,jpeg_q70,0.616208,1,1
data\val\ai\ai_000471.png,1,ai,jpeg_q70,0.999615,1,1
data\val\ai\ai_000472.png,1,ai,jpeg_q70,0.889316,1,1
data\val\ai\ai_000473.png,1,ai,jpeg_q70,0.841612,1,1
data\val\ai\ai_000474.png,1,ai,jpeg_q70,0.992470,1,1
data\val\ai\ai_000475.png,1,ai,jpeg_q70,0.992500,1,1
data\val\ai\ai_000476.png,1,ai,jpeg_q70,0.916601,1,1
data\val\ai\ai_000477.png,1,ai,jpeg_q70,0.992570,1,1
data\val\ai\ai_000478.png,1,ai,jpeg_q70,0.980493,1,1
data\val\ai\ai_000479.png,1,ai,jpeg_q70,0.948646,1,1
data\val\ai\ai_000480.png,1,ai,jpeg_q70,0.900043,1,1
data\val\ai\ai_000481.png,1,ai,jpeg_q70,0.993802,1,1
data\val\ai\ai_000482.png,1,ai,jpeg_q70,0.738570,1,1
data\val\ai\ai_000483.png,1,ai,jpeg_q70,0.839740,1,1
data\val\ai\ai_000484.png,1,ai,jpeg_q70,0.996594,1,1
data\val\ai\ai_000485.png,1,ai,jpeg_q70,0.900288,1,1
data\val\ai\ai_000486.png,1,ai,jpeg_q70,0.994210,1,1
data\val\ai\ai_000487.png,1,ai,jpeg_q70,0.993518,1,1
data\val\ai\ai_000488.png,1,ai,jpeg_q70,0.929970,1,1
data\val\ai\ai_000489.png,1,ai,jpeg_q70,0.997325,1,1
data\val\ai\ai_000490.png,1,ai,jpeg_q70,0.864707,1,1
data\val\ai\ai_000491.png,1,ai,jpeg_q70,0.948486,1,1
data\val\ai\ai_000492.png,1,ai,jpeg_q70,0.981475,1,1
data\val\ai\ai_000493.png,1,ai,jpeg_q70,0.975092,1,1
data\val\ai\ai_000494.png,1,ai,jpeg_q70,0.995495,1,1
data\val\ai\ai_000495.png,1,ai,jpeg_q70,0.980835,1,1
data\val\ai\ai_000496.png,1,ai,jpeg_q70,0.784088,1,1
data\val\ai\ai_000497.png,1,ai,jpeg_q70,0.982827,1,1
data\val\ai\ai_000498.png,1,ai,jpeg_q70,0.806260,1,1
data\val\ai\ai_000499.png,1,ai,jpeg_q70,0.994589,1,1
data\val\ai\ai_000500.png,1,ai,jpeg_q70,0.917295,1,1
data\val\real\000000000139.jpg,0,real,jpeg_q50,0.883154,1,0
data\val\real\000000000285.jpg,0,real,jpeg_q50,0.099339,0,1
data\val\real\000000000632.jpg,0,real,jpeg_q50,0.948281,1,0
data\val\real\000000000724.jpg,0,real,jpeg_q50,0.090613,0,1
data\val\real\000000000776.jpg,0,real,jpeg_q50,0.117071,0,1
data\val\real\000000000785.jpg,0,real,jpeg_q50,0.061517,0,1
data\val\real\000000000802.jpg,0,real,jpeg_q50,0.329698,0,1
data\val\real\000000000872.jpg,0,real,jpeg_q50,0.017401,0,1
data\val\real\000000000885.jpg,0,real,jpeg_q50,0.078121,0,1
data\val\real\000000001000.jpg,0,real,jpeg_q50,0.002310,0,1
data\val\real\000000001268.jpg,0,real,jpeg_q50,0.087795,0,1
data\val\real\000000001296.jpg,0,real,jpeg_q50,0.273424,0,1
data\val\real\000000001353.jpg,0,real,jpeg_q50,0.003034,0,1
data\val\real\000000001425.jpg,0,real,jpeg_q50,0.743390,1,0
data\val\real\000000001490.jpg,0,real,jpeg_q50,0.348831,0,1
data\val\real\000000001503.jpg,0,real,jpeg_q50,0.456589,0,1
data\val\real\000000001532.jpg,0,real,jpeg_q50,0.071478,0,1
data\val\real\000000001584.jpg,0,real,jpeg_q50,0.670122,1,0
data\val\real\000000001675.jpg,0,real,jpeg_q50,0.257829,0,1
data\val\real\000000001761.jpg,0,real,jpeg_q50,0.025911,0,1
data\val\real\000000001818.jpg,0,real,jpeg_q50,0.157870,0,1
data\val\real\000000001993.jpg,0,real,jpeg_q50,0.232562,0,1
data\val\real\000000002006.jpg,0,real,jpeg_q50,0.054334,0,1
data\val\real\000000002149.jpg,0,real,jpeg_q50,0.396381,0,1
data\val\real\000000002153.jpg,0,real,jpeg_q50,0.042920,0,1
data\val\real\000000002157.jpg,0,real,jpeg_q50,0.238087,0,1
data\val\real\000000002261.jpg,0,real,jpeg_q50,0.008702,0,1
data\val\real\000000002299.jpg,0,real,jpeg_q50,0.012481,0,1
data\val\real\000000002431.jpg,0,real,jpeg_q50,0.241159,0,1
data\val\real\000000002473.jpg,0,real,jpeg_q50,0.042591,0,1
data\val\real\000000002532.jpg,0,real,jpeg_q50,0.022497,0,1
data\val\real\000000002587.jpg,0,real,jpeg_q50,0.018525,0,1
data\val\real\000000002592.jpg,0,real,jpeg_q50,0.115702,0,1
data\val\real\000000002685.jpg,0,real,jpeg_q50,0.004041,0,1
data\val\real\000000002923.jpg,0,real,jpeg_q50,0.012106,0,1
data\val\real\000000003156.jpg,0,real,jpeg_q50,0.208468,0,1
data\val\real\000000003255.jpg,0,real,jpeg_q50,0.618154,1,0
data\val\real\000000003501.jpg,0,real,jpeg_q50,0.637422,1,0
data\val\real\000000003553.jpg,0,real,jpeg_q50,0.191331,0,1
data\val\real\000000003661.jpg,0,real,jpeg_q50,0.031540,0,1
data\val\real\000000003845.jpg,0,real,jpeg_q50,0.211303,0,1
data\val\real\000000003934.jpg,0,real,jpeg_q50,0.003914,0,1
data\val\real\000000004134.jpg,0,real,jpeg_q50,0.003908,0,1
data\val\real\000000004395.jpg,0,real,jpeg_q50,0.042822,0,1
data\val\real\000000004495.jpg,0,real,jpeg_q50,0.269674,0,1
data\val\real\000000004765.jpg,0,real,jpeg_q50,0.270748,0,1
data\val\real\000000004795.jpg,0,real,jpeg_q50,0.002409,0,1
data\val\real\000000005001.jpg,0,real,jpeg_q50,0.015048,0,1
data\val\real\000000005037.jpg,0,real,jpeg_q50,0.230848,0,1
data\val\real\000000005060.jpg,0,real,jpeg_q50,0.138386,0,1
data\val\real\000000005193.jpg,0,real,jpeg_q50,0.005828,0,1
data\val\real\000000005477.jpg,0,real,jpeg_q50,0.168382,0,1
data\val\real\000000005503.jpg,0,real,jpeg_q50,0.013170,0,1
data\val\real\000000005529.jpg,0,real,jpeg_q50,0.124454,0,1
data\val\real\000000005586.jpg,0,real,jpeg_q50,0.027040,0,1
data\val\real\000000005600.jpg,0,real,jpeg_q50,0.051464,0,1
data\val\real\000000005992.jpg,0,real,jpeg_q50,0.077429,0,1
data\val\real\000000006012.jpg,0,real,jpeg_q50,0.071576,0,1
data\val\real\000000006040.jpg,0,real,jpeg_q50,0.677705,1,0
data\val\real\000000006213.jpg,0,real,jpeg_q50,0.288075,0,1
data\val\real\000000006460.jpg,0,real,jpeg_q50,0.051014,0,1
data\val\real\000000006471.jpg,0,real,jpeg_q50,0.040201,0,1
data\val\real\000000006614.jpg,0,real,jpeg_q50,0.256871,0,1
data\val\real\000000006723.jpg,0,real,jpeg_q50,0.174831,0,1
data\val\real\000000006763.jpg,0,real,jpeg_q50,0.000263,0,1
data\val\real\000000006771.jpg,0,real,jpeg_q50,0.005999,0,1
data\val\real\000000006818.jpg,0,real,jpeg_q50,0.062065,0,1
data\val\real\000000006894.jpg,0,real,jpeg_q50,0.011049,0,1
data\val\real\000000006954.jpg,0,real,jpeg_q50,0.099046,0,1
data\val\real\000000007088.jpg,0,real,jpeg_q50,0.046923,0,1
data\val\real\000000007108.jpg,0,real,jpeg_q50,0.079015,0,1
data\val\real\000000007278.jpg,0,real,jpeg_q50,0.204268,0,1
data\val\real\000000007281.jpg,0,real,jpeg_q50,0.005114,0,1
data\val\real\000000007386.jpg,0,real,jpeg_q50,0.018447,0,1
data\val\real\000000007511.jpg,0,real,jpeg_q50,0.069830,0,1
data\val\real\000000007574.jpg,0,real,jpeg_q50,0.230496,0,1
data\val\real\000000007784.jpg,0,real,jpeg_q50,0.395637,0,1
data\val\real\000000007795.jpg,0,real,jpeg_q50,0.659071,1,0
data\val\real\000000007816.jpg,0,real,jpeg_q50,0.006695,0,1
data\val\real\000000007818.jpg,0,real,jpeg_q50,0.735453,1,0
data\val\real\000000007888.jpg,0,real,jpeg_q50,0.882360,1,0
data\val\real\000000007977.jpg,0,real,jpeg_q50,0.396417,0,1
data\val\real\000000007991.jpg,0,real,jpeg_q50,0.142453,0,1
data\val\real\000000008021.jpg,0,real,jpeg_q50,0.007007,0,1
data\val\real\000000008211.jpg,0,real,jpeg_q50,0.261950,0,1
data\val\real\000000008277.jpg,0,real,jpeg_q50,0.454167,0,1
data\val\real\000000008532.jpg,0,real,jpeg_q50,0.020253,0,1
data\val\real\000000008629.jpg,0,real,jpeg_q50,0.048781,0,1
data\val\real\000000008690.jpg,0,real,jpeg_q50,0.004393,0,1
data\val\real\000000008762.jpg,0,real,jpeg_q50,0.429027,0,1
data\val\real\000000008844.jpg,0,real,jpeg_q50,0.122666,0,1
data\val\real\000000008899.jpg,0,real,jpeg_q50,0.548594,1,0
data\val\real\000000009378.jpg,0,real,jpeg_q50,0.050541,0,1
data\val\real\000000009400.jpg,0,real,jpeg_q50,0.001012,0,1
data\val\real\000000009448.jpg,0,real,jpeg_q50,0.025400,0,1
data\val\real\000000009483.jpg,0,real,jpeg_q50,0.249123,0,1
data\val\real\000000009590.jpg,0,real,jpeg_q50,0.345079,0,1
data\val\real\000000009769.jpg,0,real,jpeg_q50,0.095006,0,1
data\val\real\000000009772.jpg,0,real,jpeg_q50,0.095019,0,1
data\val\real\000000009891.jpg,0,real,jpeg_q50,0.006579,0,1
data\val\real\000000009914.jpg,0,real,jpeg_q50,0.111384,0,1
data\val\real\000000010092.jpg,0,real,jpeg_q50,0.137963,0,1
data\val\real\000000010363.jpg,0,real,jpeg_q50,0.005868,0,1
data\val\real\000000010583.jpg,0,real,jpeg_q50,0.203605,0,1
data\val\real\000000010707.jpg,0,real,jpeg_q50,0.000417,0,1
data\val\real\000000010764.jpg,0,real,jpeg_q50,0.107489,0,1
data\val\real\000000010977.jpg,0,real,jpeg_q50,0.055143,0,1
data\val\real\000000010995.jpg,0,real,jpeg_q50,0.353509,0,1
data\val\real\000000011051.jpg,0,real,jpeg_q50,0.012200,0,1
data\val\real\000000011122.jpg,0,real,jpeg_q50,0.014201,0,1
data\val\real\000000011149.jpg,0,real,jpeg_q50,0.011715,0,1
data\val\real\000000011197.jpg,0,real,jpeg_q50,0.032471,0,1
data\val\real\000000011511.jpg,0,real,jpeg_q50,0.066189,0,1
data\val\real\000000011615.jpg,0,real,jpeg_q50,0.185641,0,1
data\val\real\000000011699.jpg,0,real,jpeg_q50,0.018998,0,1
data\val\real\000000011760.jpg,0,real,jpeg_q50,0.701078,1,0
data\val\real\000000011813.jpg,0,real,jpeg_q50,0.688682,1,0
data\val\real\000000012062.jpg,0,real,jpeg_q50,0.052579,0,1
data\val\real\000000012120.jpg,0,real,jpeg_q50,0.081382,0,1
data\val\real\000000012280.jpg,0,real,jpeg_q50,0.774679,1,0
data\val\real\000000012576.jpg,0,real,jpeg_q50,0.434298,0,1
data\val\real\000000012639.jpg,0,real,jpeg_q50,0.061657,0,1
data\val\real\000000012667.jpg,0,real,jpeg_q50,0.239848,0,1
data\val\real\000000012670.jpg,0,real,jpeg_q50,0.002016,0,1
data\val\real\000000012748.jpg,0,real,jpeg_q50,0.087894,0,1
data\val\real\000000013004.jpg,0,real,jpeg_q50,0.431099,0,1
data\val\real\000000013177.jpg,0,real,jpeg_q50,0.038528,0,1
data\val\real\000000013201.jpg,0,real,jpeg_q50,0.058772,0,1
data\val\real\000000013291.jpg,0,real,jpeg_q50,0.078181,0,1
data\val\real\000000013348.jpg,0,real,jpeg_q50,0.162684,0,1
data\val\real\000000013546.jpg,0,real,jpeg_q50,0.013960,0,1
data\val\real\000000013597.jpg,0,real,jpeg_q50,0.712513,1,0
data\val\real\000000013659.jpg,0,real,jpeg_q50,0.003552,0,1
data\val\real\000000013729.jpg,0,real,jpeg_q50,0.072651,0,1
data\val\real\000000013774.jpg,0,real,jpeg_q50,0.448298,0,1
data\val\real\000000013923.jpg,0,real,jpeg_q50,0.492071,0,1
data\val\real\000000014007.jpg,0,real,jpeg_q50,0.090467,0,1
data\val\real\000000014038.jpg,0,real,jpeg_q50,0.840950,1,0
data\val\real\000000014226.jpg,0,real,jpeg_q50,0.301031,0,1
data\val\real\000000014380.jpg,0,real,jpeg_q50,0.593373,1,0
data\val\real\000000014439.jpg,0,real,jpeg_q50,0.032161,0,1
data\val\real\000000014473.jpg,0,real,jpeg_q50,0.178624,0,1
data\val\real\000000014831.jpg,0,real,jpeg_q50,0.014982,0,1
data\val\real\000000014888.jpg,0,real,jpeg_q50,0.038471,0,1
data\val\real\000000015079.jpg,0,real,jpeg_q50,0.381354,0,1
data\val\real\000000015254.jpg,0,real,jpeg_q50,0.036286,0,1
data\val\real\000000015272.jpg,0,real,jpeg_q50,0.847575,1,0
data\val\real\000000015278.jpg,0,real,jpeg_q50,0.097711,0,1
data\val\real\000000015335.jpg,0,real,jpeg_q50,0.003230,0,1
data\val\real\000000015338.jpg,0,real,jpeg_q50,0.492839,0,1
data\val\real\000000015440.jpg,0,real,jpeg_q50,0.811641,1,0
data\val\real\000000015497.jpg,0,real,jpeg_q50,0.003843,0,1
data\val\real\000000015517.jpg,0,real,jpeg_q50,0.094990,0,1
data\val\real\000000015597.jpg,0,real,jpeg_q50,0.001161,0,1
data\val\real\000000015660.jpg,0,real,jpeg_q50,0.118953,0,1
data\val\real\000000015746.jpg,0,real,jpeg_q50,0.195480,0,1
data\val\real\000000015751.jpg,0,real,jpeg_q50,0.078451,0,1
data\val\real\000000015956.jpg,0,real,jpeg_q50,0.021167,0,1
data\val\real\000000016010.jpg,0,real,jpeg_q50,0.053584,0,1
data\val\real\000000016228.jpg,0,real,jpeg_q50,0.204701,0,1
data\val\real\000000016249.jpg,0,real,jpeg_q50,0.048539,0,1
data\val\real\000000016439.jpg,0,real,jpeg_q50,0.593066,1,0
data\val\real\000000016451.jpg,0,real,jpeg_q50,0.424103,0,1
data\val\real\000000016502.jpg,0,real,jpeg_q50,0.086225,0,1
data\val\real\000000016598.jpg,0,real,jpeg_q50,0.004933,0,1
data\val\real\000000016958.jpg,0,real,jpeg_q50,0.156356,0,1
data\val\real\000000017029.jpg,0,real,jpeg_q50,0.044295,0,1
data\val\real\000000017031.jpg,0,real,jpeg_q50,0.127789,0,1
data\val\real\000000017115.jpg,0,real,jpeg_q50,0.500421,1,0
data\val\real\000000017178.jpg,0,real,jpeg_q50,0.534223,1,0
data\val\real\000000017182.jpg,0,real,jpeg_q50,0.729274,1,0
data\val\real\000000017207.jpg,0,real,jpeg_q50,0.008930,0,1
data\val\real\000000017379.jpg,0,real,jpeg_q50,0.701126,1,0
data\val\real\000000017436.jpg,0,real,jpeg_q50,0.022205,0,1
data\val\real\000000017627.jpg,0,real,jpeg_q50,0.002481,0,1
data\val\real\000000017714.jpg,0,real,jpeg_q50,0.095691,0,1
data\val\real\000000017899.jpg,0,real,jpeg_q50,0.002994,0,1
data\val\real\000000017905.jpg,0,real,jpeg_q50,0.001634,0,1
data\val\real\000000017959.jpg,0,real,jpeg_q50,0.017312,0,1
data\val\real\000000018150.jpg,0,real,jpeg_q50,0.002005,0,1
data\val\real\000000018193.jpg,0,real,jpeg_q50,0.007274,0,1
data\val\real\000000018380.jpg,0,real,jpeg_q50,0.077796,0,1
data\val\real\000000018491.jpg,0,real,jpeg_q50,0.013132,0,1
data\val\real\000000018519.jpg,0,real,jpeg_q50,0.524468,1,0
data\val\real\000000018575.jpg,0,real,jpeg_q50,0.155174,0,1
data\val\real\000000018737.jpg,0,real,jpeg_q50,0.048560,0,1
data\val\real\000000018770.jpg,0,real,jpeg_q50,0.628356,1,0
data\val\real\000000018833.jpg,0,real,jpeg_q50,0.202060,0,1
data\val\real\000000018837.jpg,0,real,jpeg_q50,0.014387,0,1
data\val\real\000000019042.jpg,0,real,jpeg_q50,0.218854,0,1
data\val\real\000000019109.jpg,0,real,jpeg_q50,0.356691,0,1
data\val\real\000000019221.jpg,0,real,jpeg_q50,0.031133,0,1
data\val\real\000000019402.jpg,0,real,jpeg_q50,0.001772,0,1
data\val\real\000000019432.jpg,0,real,jpeg_q50,0.063968,0,1
data\val\real\000000019742.jpg,0,real,jpeg_q50,0.089618,0,1
data\val\real\000000019786.jpg,0,real,jpeg_q50,0.005954,0,1
data\val\real\000000019924.jpg,0,real,jpeg_q50,0.596277,1,0
data\val\real\000000020059.jpg,0,real,jpeg_q50,0.298658,0,1
data\val\real\000000020107.jpg,0,real,jpeg_q50,0.149810,0,1
data\val\real\000000020247.jpg,0,real,jpeg_q50,0.216060,0,1
data\val\real\000000020333.jpg,0,real,jpeg_q50,0.126471,0,1
data\val\real\000000020553.jpg,0,real,jpeg_q50,0.001580,0,1
data\val\real\000000020571.jpg,0,real,jpeg_q50,0.256056,0,1
data\val\real\000000020992.jpg,0,real,jpeg_q50,0.003741,0,1
data\val\real\000000021167.jpg,0,real,jpeg_q50,0.000971,0,1
data\val\real\000000021465.jpg,0,real,jpeg_q50,0.012702,0,1
data\val\real\000000021503.jpg,0,real,jpeg_q50,0.012302,0,1
data\val\real\000000021604.jpg,0,real,jpeg_q50,0.661576,1,0
data\val\real\000000021839.jpg,0,real,jpeg_q50,0.003277,0,1
data\val\real\000000021879.jpg,0,real,jpeg_q50,0.049228,0,1
data\val\real\000000021903.jpg,0,real,jpeg_q50,0.113798,0,1
data\val\real\000000022192.jpg,0,real,jpeg_q50,0.021642,0,1
data\val\real\000000022371.jpg,0,real,jpeg_q50,0.897129,1,0
data\val\real\000000022396.jpg,0,real,jpeg_q50,0.126544,0,1
data\val\real\000000022479.jpg,0,real,jpeg_q50,0.034920,0,1
data\val\real\000000022589.jpg,0,real,jpeg_q50,0.021075,0,1
data\val\real\000000022623.jpg,0,real,jpeg_q50,0.383828,0,1
data\val\real\000000022705.jpg,0,real,jpeg_q50,0.001800,0,1
data\val\real\000000022755.jpg,0,real,jpeg_q50,0.578284,1,0
data\val\real\000000022892.jpg,0,real,jpeg_q50,0.173470,0,1
data\val\real\000000022935.jpg,0,real,jpeg_q50,0.140483,0,1
data\val\real\000000022969.jpg,0,real,jpeg_q50,0.042834,0,1
data\val\real\000000023023.jpg,0,real,jpeg_q50,0.265397,0,1
data\val\real\000000023034.jpg,0,real,jpeg_q50,0.013987,0,1
data\val\real\000000023126.jpg,0,real,jpeg_q50,0.338342,0,1
data\val\real\000000023230.jpg,0,real,jpeg_q50,0.061523,0,1
data\val\real\000000023272.jpg,0,real,jpeg_q50,0.011969,0,1
data\val\real\000000023359.jpg,0,real,jpeg_q50,0.081304,0,1
data\val\real\000000023666.jpg,0,real,jpeg_q50,0.249882,0,1
data\val\real\000000023751.jpg,0,real,jpeg_q50,0.001331,0,1
data\val\real\000000023781.jpg,0,real,jpeg_q50,0.348769,0,1
data\val\real\000000023899.jpg,0,real,jpeg_q50,0.011567,0,1
data\val\real\000000023937.jpg,0,real,jpeg_q50,0.138111,0,1
data\val\real\000000024021.jpg,0,real,jpeg_q50,0.010107,0,1
data\val\real\000000024027.jpg,0,real,jpeg_q50,0.008114,0,1
data\val\real\000000024144.jpg,0,real,jpeg_q50,0.404133,0,1
data\val\real\000000024243.jpg,0,real,jpeg_q50,0.182719,0,1
data\val\real\000000024567.jpg,0,real,jpeg_q50,0.022674,0,1
data\val\real\000000024610.jpg,0,real,jpeg_q50,0.065906,0,1
data\val\real\000000024919.jpg,0,real,jpeg_q50,0.309954,0,1
data\val\real\000000025057.jpg,0,real,jpeg_q50,0.023537,0,1
data\val\real\000000025096.jpg,0,real,jpeg_q50,0.010894,0,1
data\val\real\000000025139.jpg,0,real,jpeg_q50,0.161260,0,1
data\val\real\000000025181.jpg,0,real,jpeg_q50,0.852578,1,0
data\val\real\000000025228.jpg,0,real,jpeg_q50,0.053527,0,1
data\val\real\000000025386.jpg,0,real,jpeg_q50,0.009972,0,1
data\val\real\000000025393.jpg,0,real,jpeg_q50,0.000640,0,1
data\val\real\000000025394.jpg,0,real,jpeg_q50,0.017060,0,1
data\val\real\000000025424.jpg,0,real,jpeg_q50,0.061584,0,1
data\val\real\000000025560.jpg,0,real,jpeg_q50,0.031077,0,1
data\val\real\000000025593.jpg,0,real,jpeg_q50,0.141771,0,1
data\val\real\000000025603.jpg,0,real,jpeg_q50,0.000763,0,1
data\val\real\000000025986.jpg,0,real,jpeg_q50,0.042550,0,1
data\val\real\000000026204.jpg,0,real,jpeg_q50,0.118082,0,1
data\val\real\000000026465.jpg,0,real,jpeg_q50,0.167942,0,1
data\val\real\000000026564.jpg,0,real,jpeg_q50,0.299014,0,1
data\val\real\000000026690.jpg,0,real,jpeg_q50,0.033976,0,1
data\val\real\000000026926.jpg,0,real,jpeg_q50,0.278244,0,1
data\val\real\000000026941.jpg,0,real,jpeg_q50,0.709785,1,0
data\val\real\000000027186.jpg,0,real,jpeg_q50,0.010995,0,1
data\val\real\000000027620.jpg,0,real,jpeg_q50,0.442155,0,1
data\val\real\000000027696.jpg,0,real,jpeg_q50,0.021098,0,1
data\val\real\000000027768.jpg,0,real,jpeg_q50,0.233142,0,1
data\val\real\000000027932.jpg,0,real,jpeg_q50,0.640391,1,0
data\val\real\000000027972.jpg,0,real,jpeg_q50,0.213398,0,1
data\val\real\000000027982.jpg,0,real,jpeg_q50,0.719879,1,0
data\val\real\000000028285.jpg,0,real,jpeg_q50,0.040086,0,1
data\val\real\000000028449.jpg,0,real,jpeg_q50,0.541784,1,0
data\val\real\000000028452.jpg,0,real,jpeg_q50,0.565193,1,0
data\val\real\000000028809.jpg,0,real,jpeg_q50,0.443877,0,1
data\val\real\000000028993.jpg,0,real,jpeg_q50,0.852778,1,0
data\val\real\000000029187.jpg,0,real,jpeg_q50,0.003742,0,1
data\val\real\000000029393.jpg,0,real,jpeg_q50,0.008553,0,1
data\val\real\000000029397.jpg,0,real,jpeg_q50,0.117667,0,1
data\val\real\000000029596.jpg,0,real,jpeg_q50,0.670693,1,0
data\val\real\000000029640.jpg,0,real,jpeg_q50,0.224091,0,1
data\val\real\000000029675.jpg,0,real,jpeg_q50,0.237551,0,1
data\val\real\000000029984.jpg,0,real,jpeg_q50,0.031124,0,1
data\val\real\000000030213.jpg,0,real,jpeg_q50,0.652851,1,0
data\val\real\000000030494.jpg,0,real,jpeg_q50,0.024705,0,1
data\val\real\000000030504.jpg,0,real,jpeg_q50,0.068075,0,1
data\val\real\000000030675.jpg,0,real,jpeg_q50,0.422137,0,1
data\val\real\000000030785.jpg,0,real,jpeg_q50,0.504471,1,0
data\val\real\000000030828.jpg,0,real,jpeg_q50,0.642319,1,0
data\val\real\000000031050.jpg,0,real,jpeg_q50,0.185309,0,1
data\val\real\000000031093.jpg,0,real,jpeg_q50,0.058184,0,1
data\val\real\000000031118.jpg,0,real,jpeg_q50,0.277253,0,1
data\val\real\000000031217.jpg,0,real,jpeg_q50,0.113781,0,1
data\val\real\000000031248.jpg,0,real,jpeg_q50,0.635946,1,0
data\val\real\000000031269.jpg,0,real,jpeg_q50,0.061721,0,1
data\val\real\000000031296.jpg,0,real,jpeg_q50,0.004700,0,1
data\val\real\000000031322.jpg,0,real,jpeg_q50,0.264121,0,1
data\val\real\000000031620.jpg,0,real,jpeg_q50,0.000280,0,1
data\val\real\000000031735.jpg,0,real,jpeg_q50,0.017830,0,1
data\val\real\000000031749.jpg,0,real,jpeg_q50,0.116344,0,1
data\val\real\000000031817.jpg,0,real,jpeg_q50,0.005921,0,1
data\val\real\000000032038.jpg,0,real,jpeg_q50,0.089341,0,1
data\val\real\000000032081.jpg,0,real,jpeg_q50,0.082290,0,1
data\val\real\000000032285.jpg,0,real,jpeg_q50,0.728415,1,0
data\val\real\000000032334.jpg,0,real,jpeg_q50,0.001074,0,1
data\val\real\000000032570.jpg,0,real,jpeg_q50,0.828286,1,0
data\val\real\000000032610.jpg,0,real,jpeg_q50,0.166141,0,1
data\val\real\000000032735.jpg,0,real,jpeg_q50,0.151240,0,1
data\val\real\000000032811.jpg,0,real,jpeg_q50,0.430482,0,1
data\val\real\000000032817.jpg,0,real,jpeg_q50,0.003825,0,1
data\val\real\000000032861.jpg,0,real,jpeg_q50,0.671363,1,0
data\val\real\000000032887.jpg,0,real,jpeg_q50,0.002033,0,1
data\val\real\000000032901.jpg,0,real,jpeg_q50,0.000427,0,1
data\val\real\000000032941.jpg,0,real,jpeg_q50,0.084730,0,1
data\val\real\000000033005.jpg,0,real,jpeg_q50,0.026705,0,1
data\val\real\000000033104.jpg,0,real,jpeg_q50,0.017881,0,1
data\val\real\000000033109.jpg,0,real,jpeg_q50,0.073984,0,1
data\val\real\000000033114.jpg,0,real,jpeg_q50,0.383831,0,1
data\val\real\000000033221.jpg,0,real,jpeg_q50,0.002246,0,1
data\val\real\000000033368.jpg,0,real,jpeg_q50,0.434764,0,1
data\val\real\000000033638.jpg,0,real,jpeg_q50,0.037259,0,1
data\val\real\000000033707.jpg,0,real,jpeg_q50,0.206217,0,1
data\val\real\000000033759.jpg,0,real,jpeg_q50,0.104173,0,1
data\val\real\000000033854.jpg,0,real,jpeg_q50,0.019488,0,1
data\val\real\000000034071.jpg,0,real,jpeg_q50,0.925407,1,0
data\val\real\000000034139.jpg,0,real,jpeg_q50,0.163805,0,1
data\val\real\000000034205.jpg,0,real,jpeg_q50,0.572434,1,0
data\val\real\000000034257.jpg,0,real,jpeg_q50,0.569303,1,0
data\val\real\000000034417.jpg,0,real,jpeg_q50,0.099123,0,1
data\val\real\000000034452.jpg,0,real,jpeg_q50,0.008667,0,1
data\val\real\000000034760.jpg,0,real,jpeg_q50,0.064870,0,1
data\val\real\000000034873.jpg,0,real,jpeg_q50,0.243085,0,1
data\val\real\000000035062.jpg,0,real,jpeg_q50,0.109134,0,1
data\val\real\000000035197.jpg,0,real,jpeg_q50,0.228223,0,1
data\val\real\000000035279.jpg,0,real,jpeg_q50,0.327313,0,1
data\val\real\000000035326.jpg,0,real,jpeg_q50,0.144649,0,1
data\val\real\000000035682.jpg,0,real,jpeg_q50,0.062980,0,1
data\val\real\000000035770.jpg,0,real,jpeg_q50,0.159873,0,1
data\val\real\000000035963.jpg,0,real,jpeg_q50,0.001054,0,1
data\val\real\000000036494.jpg,0,real,jpeg_q50,0.707681,1,0
data\val\real\000000036539.jpg,0,real,jpeg_q50,0.004976,0,1
data\val\real\000000036660.jpg,0,real,jpeg_q50,0.299591,0,1
data\val\real\000000036678.jpg,0,real,jpeg_q50,0.038471,0,1
data\val\real\000000036844.jpg,0,real,jpeg_q50,0.095437,0,1
data\val\real\000000036861.jpg,0,real,jpeg_q50,0.404783,0,1
data\val\real\000000036936.jpg,0,real,jpeg_q50,0.004333,0,1
data\val\real\000000037670.jpg,0,real,jpeg_q50,0.602781,1,0
data\val\real\000000037689.jpg,0,real,jpeg_q50,0.036370,0,1
data\val\real\000000037740.jpg,0,real,jpeg_q50,0.776052,1,0
data\val\real\000000037751.jpg,0,real,jpeg_q50,0.173669,0,1
data\val\real\000000037777.jpg,0,real,jpeg_q50,0.731610,1,0
data\val\real\000000037988.jpg,0,real,jpeg_q50,0.105334,0,1
data\val\real\000000038048.jpg,0,real,jpeg_q50,0.148139,0,1
data\val\real\000000038070.jpg,0,real,jpeg_q50,0.324502,0,1
data\val\real\000000038118.jpg,0,real,jpeg_q50,0.155128,0,1
data\val\real\000000038210.jpg,0,real,jpeg_q50,0.221202,0,1
data\val\real\000000038576.jpg,0,real,jpeg_q50,0.967154,1,0
data\val\real\000000038678.jpg,0,real,jpeg_q50,0.001828,0,1
data\val\real\000000038825.jpg,0,real,jpeg_q50,0.231520,0,1
data\val\real\000000038829.jpg,0,real,jpeg_q50,0.024350,0,1
data\val\real\000000039405.jpg,0,real,jpeg_q50,0.020040,0,1
data\val\real\000000039477.jpg,0,real,jpeg_q50,0.553835,1,0
data\val\real\000000039480.jpg,0,real,jpeg_q50,0.251193,0,1
data\val\real\000000039484.jpg,0,real,jpeg_q50,0.356447,0,1
data\val\real\000000039551.jpg,0,real,jpeg_q50,0.788390,1,0
data\val\real\000000039670.jpg,0,real,jpeg_q50,0.284403,0,1
data\val\real\000000039769.jpg,0,real,jpeg_q50,0.004304,0,1
data\val\real\000000039785.jpg,0,real,jpeg_q50,0.212691,0,1
data\val\real\000000039914.jpg,0,real,jpeg_q50,0.002432,0,1
data\val\real\000000039951.jpg,0,real,jpeg_q50,0.022595,0,1
data\val\real\000000039956.jpg,0,real,jpeg_q50,0.818749,1,0
data\val\real\000000040036.jpg,0,real,jpeg_q50,0.040317,0,1
data\val\real\000000040083.jpg,0,real,jpeg_q50,0.015760,0,1
data\val\real\000000040471.jpg,0,real,jpeg_q50,0.078581,0,1
data\val\real\000000040757.jpg,0,real,jpeg_q50,0.023017,0,1
data\val\real\000000041488.jpg,0,real,jpeg_q50,0.300286,0,1
data\val\real\000000041633.jpg,0,real,jpeg_q50,0.663081,1,0
data\val\real\000000041635.jpg,0,real,jpeg_q50,0.053590,0,1
data\val\real\000000041872.jpg,0,real,jpeg_q50,0.662423,1,0
data\val\real\000000041888.jpg,0,real,jpeg_q50,0.082974,0,1
data\val\real\000000041990.jpg,0,real,jpeg_q50,0.010347,0,1
data\val\real\000000042070.jpg,0,real,jpeg_q50,0.840821,1,0
data\val\real\000000042102.jpg,0,real,jpeg_q50,0.015002,0,1
data\val\real\000000042178.jpg,0,real,jpeg_q50,0.937525,1,0
data\val\real\000000042276.jpg,0,real,jpeg_q50,0.030413,0,1
data\val\real\000000042296.jpg,0,real,jpeg_q50,0.022468,0,1
data\val\real\000000042528.jpg,0,real,jpeg_q50,0.072385,0,1
data\val\real\000000042563.jpg,0,real,jpeg_q50,0.280774,0,1
data\val\real\000000042628.jpg,0,real,jpeg_q50,0.012879,0,1
data\val\real\000000042888.jpg,0,real,jpeg_q50,0.035445,0,1
data\val\real\000000042889.jpg,0,real,jpeg_q50,0.008229,0,1
data\val\real\000000043314.jpg,0,real,jpeg_q50,0.008477,0,1
data\val\real\000000043435.jpg,0,real,jpeg_q50,0.135795,0,1
data\val\real\000000043581.jpg,0,real,jpeg_q50,0.108810,0,1
data\val\real\000000043737.jpg,0,real,jpeg_q50,0.531576,1,0
data\val\real\000000043816.jpg,0,real,jpeg_q50,0.067493,0,1
data\val\real\000000044068.jpg,0,real,jpeg_q50,0.038604,0,1
data\val\real\000000044195.jpg,0,real,jpeg_q50,0.055708,0,1
data\val\real\000000044260.jpg,0,real,jpeg_q50,0.788693,1,0
data\val\real\000000044279.jpg,0,real,jpeg_q50,0.041684,0,1
data\val\real\000000044590.jpg,0,real,jpeg_q50,0.152583,0,1
data\val\real\000000044652.jpg,0,real,jpeg_q50,0.058024,0,1
data\val\real\000000044699.jpg,0,real,jpeg_q50,0.426308,0,1
data\val\real\000000044877.jpg,0,real,jpeg_q50,0.162082,0,1
data\val\real\000000045070.jpg,0,real,jpeg_q50,0.081516,0,1
data\val\real\000000045090.jpg,0,real,jpeg_q50,0.076425,0,1
data\val\real\000000045229.jpg,0,real,jpeg_q50,0.973377,1,0
data\val\real\000000045472.jpg,0,real,jpeg_q50,0.095742,0,1
data\val\real\000000045550.jpg,0,real,jpeg_q50,0.003283,0,1
data\val\real\000000045596.jpg,0,real,jpeg_q50,0.207988,0,1
data\val\real\000000045728.jpg,0,real,jpeg_q50,0.045876,0,1
data\val\real\000000046031.jpg,0,real,jpeg_q50,0.337076,0,1
data\val\real\000000046048.jpg,0,real,jpeg_q50,0.031001,0,1
data\val\real\000000046252.jpg,0,real,jpeg_q50,0.493927,0,1
data\val\real\000000046378.jpg,0,real,jpeg_q50,0.010839,0,1
data\val\real\000000046463.jpg,0,real,jpeg_q50,0.018352,0,1
data\val\real\000000046497.jpg,0,real,jpeg_q50,0.004186,0,1
data\val\real\000000046804.jpg,0,real,jpeg_q50,0.047572,0,1
data\val\real\000000046872.jpg,0,real,jpeg_q50,0.427560,0,1
data\val\real\000000047010.jpg,0,real,jpeg_q50,0.566837,1,0
data\val\real\000000047112.jpg,0,real,jpeg_q50,0.122570,0,1
data\val\real\000000047121.jpg,0,real,jpeg_q50,0.021259,0,1
data\val\real\000000047571.jpg,0,real,jpeg_q50,0.185863,0,1
data\val\real\000000047585.jpg,0,real,jpeg_q50,0.002279,0,1
data\val\real\000000047740.jpg,0,real,jpeg_q50,0.001688,0,1
data\val\real\000000047769.jpg,0,real,jpeg_q50,0.289085,0,1
data\val\real\000000047801.jpg,0,real,jpeg_q50,0.016936,0,1
data\val\real\000000047819.jpg,0,real,jpeg_q50,0.007360,0,1
data\val\real\000000047828.jpg,0,real,jpeg_q50,0.540612,1,0
data\val\real\000000048153.jpg,0,real,jpeg_q50,0.049339,0,1
data\val\real\000000048396.jpg,0,real,jpeg_q50,0.002691,0,1
data\val\real\000000048504.jpg,0,real,jpeg_q50,0.529583,1,0
data\val\real\000000048555.jpg,0,real,jpeg_q50,0.395794,0,1
data\val\real\000000048564.jpg,0,real,jpeg_q50,0.011835,0,1
data\val\real\000000048924.jpg,0,real,jpeg_q50,0.989800,1,0
data\val\real\000000049060.jpg,0,real,jpeg_q50,0.010388,0,1
data\val\real\000000049091.jpg,0,real,jpeg_q50,0.186768,0,1
data\val\real\000000049259.jpg,0,real,jpeg_q50,0.123340,0,1
data\val\real\000000049269.jpg,0,real,jpeg_q50,0.238778,0,1
data\val\real\000000049759.jpg,0,real,jpeg_q50,0.276966,0,1
data\val\real\000000049761.jpg,0,real,jpeg_q50,0.039745,0,1
data\val\real\000000049810.jpg,0,real,jpeg_q50,0.535249,1,0
data\val\real\000000050006.jpg,0,real,jpeg_q50,0.381565,0,1
data\val\real\000000050145.jpg,0,real,jpeg_q50,0.002433,0,1
data\val\real\000000050149.jpg,0,real,jpeg_q50,0.070851,0,1
data\val\real\000000050165.jpg,0,real,jpeg_q50,0.480348,0,1
data\val\real\000000050326.jpg,0,real,jpeg_q50,0.030823,0,1
data\val\real\000000050331.jpg,0,real,jpeg_q50,0.065685,0,1
data\val\real\000000050380.jpg,0,real,jpeg_q50,0.023483,0,1
data\val\real\000000050638.jpg,0,real,jpeg_q50,0.512012,1,0
data\val\real\000000050679.jpg,0,real,jpeg_q50,0.812473,1,0
data\val\real\000000050811.jpg,0,real,jpeg_q50,0.003659,0,1
data\val\real\000000050828.jpg,0,real,jpeg_q50,0.165654,0,1
data\val\real\000000050844.jpg,0,real,jpeg_q50,0.036639,0,1
data\val\real\000000050896.jpg,0,real,jpeg_q50,0.372504,0,1
data\val\real\000000050943.jpg,0,real,jpeg_q50,0.049205,0,1
data\val\real\000000051008.jpg,0,real,jpeg_q50,0.006700,0,1
data\val\real\000000051309.jpg,0,real,jpeg_q50,0.168900,0,1
data\val\real\000000051314.jpg,0,real,jpeg_q50,0.193887,0,1
data\val\real\000000051326.jpg,0,real,jpeg_q50,0.019027,0,1
data\val\real\000000051598.jpg,0,real,jpeg_q50,0.035253,0,1
data\val\real\000000051610.jpg,0,real,jpeg_q50,0.289785,0,1
data\val\real\000000051712.jpg,0,real,jpeg_q50,0.588391,1,0
data\val\real\000000051738.jpg,0,real,jpeg_q50,0.323782,0,1
data\val\real\000000051938.jpg,0,real,jpeg_q50,0.029150,0,1
data\val\real\000000051961.jpg,0,real,jpeg_q50,0.171485,0,1
data\val\real\000000051976.jpg,0,real,jpeg_q50,0.188090,0,1
data\val\real\000000052007.jpg,0,real,jpeg_q50,0.463275,0,1
data\val\real\000000052017.jpg,0,real,jpeg_q50,0.069140,0,1
data\val\real\000000052412.jpg,0,real,jpeg_q50,0.292444,0,1
data\val\real\000000052413.jpg,0,real,jpeg_q50,0.003748,0,1
data\val\real\000000052462.jpg,0,real,jpeg_q50,0.379234,0,1
data\val\real\000000052507.jpg,0,real,jpeg_q50,0.094611,0,1
data\val\real\000000052565.jpg,0,real,jpeg_q50,0.159130,0,1
data\val\real\000000052591.jpg,0,real,jpeg_q50,0.171253,0,1
data\val\real\000000052891.jpg,0,real,jpeg_q50,0.022014,0,1
data\val\real\000000052996.jpg,0,real,jpeg_q50,0.025206,0,1
data\val\real\000000053505.jpg,0,real,jpeg_q50,0.213868,0,1
data\val\real\000000053529.jpg,0,real,jpeg_q50,0.021773,0,1
data\val\real\000000053624.jpg,0,real,jpeg_q50,0.094719,0,1
data\val\real\000000053626.jpg,0,real,jpeg_q50,0.002847,0,1
data\val\real\000000053909.jpg,0,real,jpeg_q50,0.048867,0,1
data\val\real\000000053994.jpg,0,real,jpeg_q50,0.542222,1,0
data\val\real\000000054123.jpg,0,real,jpeg_q50,0.587780,1,0
data\val\real\000000054164.jpg,0,real,jpeg_q50,0.162278,0,1
data\val\real\000000054592.jpg,0,real,jpeg_q50,0.285613,0,1
data\val\real\000000054593.jpg,0,real,jpeg_q50,0.206642,0,1
data\val\real\000000054605.jpg,0,real,jpeg_q50,0.048145,0,1
data\val\real\000000054628.jpg,0,real,jpeg_q50,0.027395,0,1
data\val\real\000000054654.jpg,0,real,jpeg_q50,0.004553,0,1
data\val\real\000000054931.jpg,0,real,jpeg_q50,0.708318,1,0
data\val\real\000000054967.jpg,0,real,jpeg_q50,0.436023,0,1
data\val\real\000000055002.jpg,0,real,jpeg_q50,0.083121,0,1
data\val\real\000000055022.jpg,0,real,jpeg_q50,0.137082,0,1
data\val\real\000000055072.jpg,0,real,jpeg_q50,0.226978,0,1
data\val\real\000000055150.jpg,0,real,jpeg_q50,0.044492,0,1
data\val\real\000000055167.jpg,0,real,jpeg_q50,0.108046,0,1
data\val\real\000000055299.jpg,0,real,jpeg_q50,0.346093,0,1
data\val\real\000000055528.jpg,0,real,jpeg_q50,0.009015,0,1
data\val\real\000000055950.jpg,0,real,jpeg_q50,0.107973,0,1
data\val\real\000000056127.jpg,0,real,jpeg_q50,0.400591,0,1
data\val\real\000000056288.jpg,0,real,jpeg_q50,0.124240,0,1
data\val\real\000000056344.jpg,0,real,jpeg_q50,0.410213,0,1
data\val\real\000000056350.jpg,0,real,jpeg_q50,0.629581,1,0
data\val\real\000000056545.jpg,0,real,jpeg_q50,0.012481,0,1
data\val\ai\ai_000001.png,1,ai,jpeg_q50,0.982783,1,1
data\val\ai\ai_000002.png,1,ai,jpeg_q50,0.990645,1,1
data\val\ai\ai_000003.png,1,ai,jpeg_q50,0.982975,1,1
data\val\ai\ai_000004.png,1,ai,jpeg_q50,0.974703,1,1
data\val\ai\ai_000005.png,1,ai,jpeg_q50,0.927253,1,1
data\val\ai\ai_000006.png,1,ai,jpeg_q50,0.946590,1,1
data\val\ai\ai_000007.png,1,ai,jpeg_q50,0.980016,1,1
data\val\ai\ai_000008.png,1,ai,jpeg_q50,0.939915,1,1
data\val\ai\ai_000009.png,1,ai,jpeg_q50,0.974708,1,1
data\val\ai\ai_000010.png,1,ai,jpeg_q50,0.979229,1,1
data\val\ai\ai_000011.png,1,ai,jpeg_q50,0.984376,1,1
data\val\ai\ai_000012.png,1,ai,jpeg_q50,0.982393,1,1
data\val\ai\ai_000013.png,1,ai,jpeg_q50,0.998336,1,1
data\val\ai\ai_000014.png,1,ai,jpeg_q50,0.997918,1,1
data\val\ai\ai_000015.png,1,ai,jpeg_q50,0.993767,1,1
data\val\ai\ai_000016.png,1,ai,jpeg_q50,0.845672,1,1
data\val\ai\ai_000017.png,1,ai,jpeg_q50,0.944567,1,1
data\val\ai\ai_000018.png,1,ai,jpeg_q50,0.978566,1,1
data\val\ai\ai_000019.png,1,ai,jpeg_q50,0.681005,1,1
data\val\ai\ai_000020.png,1,ai,jpeg_q50,0.862135,1,1
data\val\ai\ai_000021.png,1,ai,jpeg_q50,0.997313,1,1
data\val\ai\ai_000022.png,1,ai,jpeg_q50,0.551408,1,1
data\val\ai\ai_000023.png,1,ai,jpeg_q50,0.979741,1,1
data\val\ai\ai_000024.png,1,ai,jpeg_q50,0.987171,1,1
data\val\ai\ai_000025.png,1,ai,jpeg_q50,0.988160,1,1
data\val\ai\ai_000026.png,1,ai,jpeg_q50,0.577086,1,1
data\val\ai\ai_000027.png,1,ai,jpeg_q50,0.935969,1,1
data\val\ai\ai_000028.png,1,ai,jpeg_q50,0.995352,1,1
data\val\ai\ai_000029.png,1,ai,jpeg_q50,0.997145,1,1
data\val\ai\ai_000030.png,1,ai,jpeg_q50,0.928628,1,1
data\val\ai\ai_000031.png,1,ai,jpeg_q50,0.945484,1,1
data\val\ai\ai_000032.png,1,ai,jpeg_q50,0.930932,1,1
data\val\ai\ai_000033.png,1,ai,jpeg_q50,0.993000,1,1
data\val\ai\ai_000034.png,1,ai,jpeg_q50,0.997218,1,1
data\val\ai\ai_000035.png,1,ai,jpeg_q50,0.971666,1,1
data\val\ai\ai_000036.png,1,ai,jpeg_q50,0.993318,1,1
data\val\ai\ai_000037.png,1,ai,jpeg_q50,0.980560,1,1
data\val\ai\ai_000038.png,1,ai,jpeg_q50,0.930778,1,1
data\val\ai\ai_000039.png,1,ai,jpeg_q50,0.996007,1,1
data\val\ai\ai_000040.png,1,ai,jpeg_q50,0.583792,1,1
data\val\ai\ai_000041.png,1,ai,jpeg_q50,0.999775,1,1
data\val\ai\ai_000042.png,1,ai,jpeg_q50,0.998478,1,1
data\val\ai\ai_000043.png,1,ai,jpeg_q50,0.999135,1,1
data\val\ai\ai_000044.png,1,ai,jpeg_q50,0.903655,1,1
data\val\ai\ai_000045.png,1,ai,jpeg_q50,0.998069,1,1
data\val\ai\ai_000046.png,1,ai,jpeg_q50,0.424531,0,0
data\val\ai\ai_000047.png,1,ai,jpeg_q50,0.994524,1,1
data\val\ai\ai_000048.png,1,ai,jpeg_q50,0.910512,1,1
data\val\ai\ai_000049.png,1,ai,jpeg_q50,0.993651,1,1
data\val\ai\ai_000050.png,1,ai,jpeg_q50,0.946270,1,1
data\val\ai\ai_000051.png,1,ai,jpeg_q50,0.990071,1,1
data\val\ai\ai_000052.png,1,ai,jpeg_q50,0.998373,1,1
data\val\ai\ai_000053.png,1,ai,jpeg_q50,0.981069,1,1
data\val\ai\ai_000054.png,1,ai,jpeg_q50,0.997628,1,1
data\val\ai\ai_000055.png,1,ai,jpeg_q50,0.743274,1,1
data\val\ai\ai_000056.png,1,ai,jpeg_q50,0.952247,1,1
data\val\ai\ai_000057.png,1,ai,jpeg_q50,0.961800,1,1
data\val\ai\ai_000058.png,1,ai,jpeg_q50,0.626842,1,1
data\val\ai\ai_000059.png,1,ai,jpeg_q50,0.950504,1,1
data\val\ai\ai_000060.png,1,ai,jpeg_q50,0.889091,1,1
data\val\ai\ai_000061.png,1,ai,jpeg_q50,0.958837,1,1
data\val\ai\ai_000062.png,1,ai,jpeg_q50,0.985480,1,1
data\val\ai\ai_000063.png,1,ai,jpeg_q50,0.989185,1,1
data\val\ai\ai_000064.png,1,ai,jpeg_q50,0.819542,1,1
data\val\ai\ai_000065.png,1,ai,jpeg_q50,0.974387,1,1
data\val\ai\ai_000066.png,1,ai,jpeg_q50,0.968466,1,1
data\val\ai\ai_000067.png,1,ai,jpeg_q50,0.998512,1,1
data\val\ai\ai_000068.png,1,ai,jpeg_q50,0.699654,1,1
data\val\ai\ai_000069.png,1,ai,jpeg_q50,0.994257,1,1
data\val\ai\ai_000070.png,1,ai,jpeg_q50,0.896540,1,1
data\val\ai\ai_000071.png,1,ai,jpeg_q50,0.998717,1,1
data\val\ai\ai_000072.png,1,ai,jpeg_q50,0.910426,1,1
data\val\ai\ai_000073.png,1,ai,jpeg_q50,0.998437,1,1
data\val\ai\ai_000074.png,1,ai,jpeg_q50,0.998865,1,1
data\val\ai\ai_000075.png,1,ai,jpeg_q50,0.996760,1,1
data\val\ai\ai_000076.png,1,ai,jpeg_q50,0.951348,1,1
data\val\ai\ai_000077.png,1,ai,jpeg_q50,0.949543,1,1
data\val\ai\ai_000078.png,1,ai,jpeg_q50,0.589466,1,1
data\val\ai\ai_000079.png,1,ai,jpeg_q50,0.959318,1,1
data\val\ai\ai_000080.png,1,ai,jpeg_q50,0.834217,1,1
data\val\ai\ai_000081.png,1,ai,jpeg_q50,0.997695,1,1
data\val\ai\ai_000082.png,1,ai,jpeg_q50,0.998562,1,1
data\val\ai\ai_000083.png,1,ai,jpeg_q50,0.982950,1,1
data\val\ai\ai_000084.png,1,ai,jpeg_q50,0.982724,1,1
data\val\ai\ai_000085.png,1,ai,jpeg_q50,0.981259,1,1
data\val\ai\ai_000086.png,1,ai,jpeg_q50,0.660833,1,1
data\val\ai\ai_000087.png,1,ai,jpeg_q50,0.993322,1,1
data\val\ai\ai_000088.png,1,ai,jpeg_q50,0.930329,1,1
data\val\ai\ai_000089.png,1,ai,jpeg_q50,0.962386,1,1
data\val\ai\ai_000090.png,1,ai,jpeg_q50,0.862603,1,1
data\val\ai\ai_000091.png,1,ai,jpeg_q50,0.994759,1,1
data\val\ai\ai_000092.png,1,ai,jpeg_q50,0.994816,1,1
data\val\ai\ai_000093.png,1,ai,jpeg_q50,0.989839,1,1
data\val\ai\ai_000094.png,1,ai,jpeg_q50,0.998816,1,1
data\val\ai\ai_000095.png,1,ai,jpeg_q50,0.993963,1,1
data\val\ai\ai_000096.png,1,ai,jpeg_q50,0.991362,1,1
data\val\ai\ai_000097.png,1,ai,jpeg_q50,0.772014,1,1
data\val\ai\ai_000098.png,1,ai,jpeg_q50,0.896585,1,1
data\val\ai\ai_000099.png,1,ai,jpeg_q50,0.807899,1,1
data\val\ai\ai_000100.png,1,ai,jpeg_q50,0.986532,1,1
data\val\ai\ai_000101.png,1,ai,jpeg_q50,0.996796,1,1
data\val\ai\ai_000102.png,1,ai,jpeg_q50,0.623137,1,1
data\val\ai\ai_000103.png,1,ai,jpeg_q50,0.991668,1,1
data\val\ai\ai_000104.png,1,ai,jpeg_q50,0.996394,1,1
data\val\ai\ai_000105.png,1,ai,jpeg_q50,0.803420,1,1
data\val\ai\ai_000106.png,1,ai,jpeg_q50,0.944616,1,1
data\val\ai\ai_000107.png,1,ai,jpeg_q50,0.914807,1,1
data\val\ai\ai_000108.png,1,ai,jpeg_q50,0.982263,1,1
data\val\ai\ai_000109.png,1,ai,jpeg_q50,0.999260,1,1
data\val\ai\ai_000110.png,1,ai,jpeg_q50,0.901097,1,1
data\val\ai\ai_000111.png,1,ai,jpeg_q50,0.951074,1,1
data\val\ai\ai_000112.png,1,ai,jpeg_q50,0.919916,1,1
data\val\ai\ai_000113.png,1,ai,jpeg_q50,0.981552,1,1
data\val\ai\ai_000114.png,1,ai,jpeg_q50,0.986372,1,1
data\val\ai\ai_000115.png,1,ai,jpeg_q50,0.983371,1,1
data\val\ai\ai_000116.png,1,ai,jpeg_q50,0.832594,1,1
data\val\ai\ai_000117.png,1,ai,jpeg_q50,0.988962,1,1
data\val\ai\ai_000118.png,1,ai,jpeg_q50,0.993882,1,1
data\val\ai\ai_000119.png,1,ai,jpeg_q50,0.986711,1,1
data\val\ai\ai_000120.png,1,ai,jpeg_q50,0.857096,1,1
data\val\ai\ai_000121.png,1,ai,jpeg_q50,0.999122,1,1
data\val\ai\ai_000122.png,1,ai,jpeg_q50,0.984911,1,1
data\val\ai\ai_000123.png,1,ai,jpeg_q50,0.969995,1,1
data\val\ai\ai_000124.png,1,ai,jpeg_q50,0.758011,1,1
data\val\ai\ai_000125.png,1,ai,jpeg_q50,0.997217,1,1
data\val\ai\ai_000126.png,1,ai,jpeg_q50,0.976124,1,1
data\val\ai\ai_000127.png,1,ai,jpeg_q50,0.992752,1,1
data\val\ai\ai_000128.png,1,ai,jpeg_q50,0.976016,1,1
data\val\ai\ai_000129.png,1,ai,jpeg_q50,0.973935,1,1
data\val\ai\ai_000130.png,1,ai,jpeg_q50,0.417657,0,0
data\val\ai\ai_000131.png,1,ai,jpeg_q50,0.995565,1,1
data\val\ai\ai_000132.png,1,ai,jpeg_q50,0.967285,1,1
data\val\ai\ai_000133.png,1,ai,jpeg_q50,0.996419,1,1
data\val\ai\ai_000134.png,1,ai,jpeg_q50,0.997139,1,1
data\val\ai\ai_000135.png,1,ai,jpeg_q50,0.999552,1,1
data\val\ai\ai_000136.png,1,ai,jpeg_q50,0.785862,1,1
data\val\ai\ai_000137.png,1,ai,jpeg_q50,0.961443,1,1
data\val\ai\ai_000138.png,1,ai,jpeg_q50,0.723743,1,1
data\val\ai\ai_000139.png,1,ai,jpeg_q50,0.994056,1,1
data\val\ai\ai_000140.png,1,ai,jpeg_q50,0.800064,1,1
data\val\ai\ai_000141.png,1,ai,jpeg_q50,0.998120,1,1
data\val\ai\ai_000142.png,1,ai,jpeg_q50,0.977626,1,1
data\val\ai\ai_000143.png,1,ai,jpeg_q50,0.999326,1,1
data\val\ai\ai_000144.png,1,ai,jpeg_q50,0.996955,1,1
data\val\ai\ai_000145.png,1,ai,jpeg_q50,0.996114,1,1
data\val\ai\ai_000146.png,1,ai,jpeg_q50,0.990086,1,1
data\val\ai\ai_000147.png,1,ai,jpeg_q50,0.987325,1,1
data\val\ai\ai_000148.png,1,ai,jpeg_q50,0.376478,0,0
data\val\ai\ai_000149.png,1,ai,jpeg_q50,0.997052,1,1
data\val\ai\ai_000150.png,1,ai,jpeg_q50,0.721414,1,1
data\val\ai\ai_000151.png,1,ai,jpeg_q50,0.950436,1,1
data\val\ai\ai_000152.png,1,ai,jpeg_q50,0.946467,1,1
data\val\ai\ai_000153.png,1,ai,jpeg_q50,0.998267,1,1
data\val\ai\ai_000154.png,1,ai,jpeg_q50,0.995124,1,1
data\val\ai\ai_000155.png,1,ai,jpeg_q50,0.960687,1,1
data\val\ai\ai_000156.png,1,ai,jpeg_q50,0.678006,1,1
data\val\ai\ai_000157.png,1,ai,jpeg_q50,0.976501,1,1
data\val\ai\ai_000158.png,1,ai,jpeg_q50,0.572557,1,1
data\val\ai\ai_000159.png,1,ai,jpeg_q50,0.996460,1,1
data\val\ai\ai_000160.png,1,ai,jpeg_q50,0.169363,0,0
data\val\ai\ai_000161.png,1,ai,jpeg_q50,0.993438,1,1
data\val\ai\ai_000162.png,1,ai,jpeg_q50,0.979800,1,1
data\val\ai\ai_000163.png,1,ai,jpeg_q50,0.997500,1,1
data\val\ai\ai_000164.png,1,ai,jpeg_q50,0.999366,1,1
data\val\ai\ai_000165.png,1,ai,jpeg_q50,0.997016,1,1
data\val\ai\ai_000166.png,1,ai,jpeg_q50,0.906735,1,1
data\val\ai\ai_000167.png,1,ai,jpeg_q50,0.976671,1,1
data\val\ai\ai_000168.png,1,ai,jpeg_q50,0.583238,1,1
data\val\ai\ai_000169.png,1,ai,jpeg_q50,0.983230,1,1
data\val\ai\ai_000170.png,1,ai,jpeg_q50,0.978619,1,1
data\val\ai\ai_000171.png,1,ai,jpeg_q50,0.991714,1,1
data\val\ai\ai_000172.png,1,ai,jpeg_q50,0.984973,1,1
data\val\ai\ai_000173.png,1,ai,jpeg_q50,0.989811,1,1
data\val\ai\ai_000174.png,1,ai,jpeg_q50,0.999855,1,1
data\val\ai\ai_000175.png,1,ai,jpeg_q50,0.993608,1,1
data\val\ai\ai_000176.png,1,ai,jpeg_q50,0.990850,1,1
data\val\ai\ai_000177.png,1,ai,jpeg_q50,0.972689,1,1
data\val\ai\ai_000178.png,1,ai,jpeg_q50,0.773772,1,1
data\val\ai\ai_000179.png,1,ai,jpeg_q50,0.998374,1,1
data\val\ai\ai_000180.png,1,ai,jpeg_q50,0.861297,1,1
data\val\ai\ai_000181.png,1,ai,jpeg_q50,0.985792,1,1
data\val\ai\ai_000182.png,1,ai,jpeg_q50,0.960745,1,1
data\val\ai\ai_000183.png,1,ai,jpeg_q50,0.986042,1,1
data\val\ai\ai_000184.png,1,ai,jpeg_q50,0.998631,1,1
data\val\ai\ai_000185.png,1,ai,jpeg_q50,0.919533,1,1
data\val\ai\ai_000186.png,1,ai,jpeg_q50,0.800987,1,1
data\val\ai\ai_000187.png,1,ai,jpeg_q50,0.967865,1,1
data\val\ai\ai_000188.png,1,ai,jpeg_q50,0.795415,1,1
data\val\ai\ai_000189.png,1,ai,jpeg_q50,0.994526,1,1
data\val\ai\ai_000190.png,1,ai,jpeg_q50,0.952652,1,1
data\val\ai\ai_000191.png,1,ai,jpeg_q50,0.913562,1,1
data\val\ai\ai_000192.png,1,ai,jpeg_q50,0.997155,1,1
data\val\ai\ai_000193.png,1,ai,jpeg_q50,0.999830,1,1
data\val\ai\ai_000194.png,1,ai,jpeg_q50,0.990240,1,1
data\val\ai\ai_000195.png,1,ai,jpeg_q50,0.991374,1,1
data\val\ai\ai_000196.png,1,ai,jpeg_q50,0.996765,1,1
data\val\ai\ai_000197.png,1,ai,jpeg_q50,0.942908,1,1
data\val\ai\ai_000198.png,1,ai,jpeg_q50,0.970016,1,1
data\val\ai\ai_000199.png,1,ai,jpeg_q50,0.935542,1,1
data\val\ai\ai_000200.png,1,ai,jpeg_q50,0.943390,1,1
data\val\ai\ai_000201.png,1,ai,jpeg_q50,0.977951,1,1
data\val\ai\ai_000202.png,1,ai,jpeg_q50,0.893008,1,1
data\val\ai\ai_000203.png,1,ai,jpeg_q50,0.988044,1,1
data\val\ai\ai_000204.png,1,ai,jpeg_q50,0.998771,1,1
data\val\ai\ai_000205.png,1,ai,jpeg_q50,0.955702,1,1
data\val\ai\ai_000206.png,1,ai,jpeg_q50,0.997224,1,1
data\val\ai\ai_000207.png,1,ai,jpeg_q50,0.973730,1,1
data\val\ai\ai_000208.png,1,ai,jpeg_q50,0.950605,1,1
data\val\ai\ai_000209.png,1,ai,jpeg_q50,0.993371,1,1
data\val\ai\ai_000210.png,1,ai,jpeg_q50,0.944188,1,1
data\val\ai\ai_000211.png,1,ai,jpeg_q50,0.998048,1,1
data\val\ai\ai_000212.png,1,ai,jpeg_q50,0.997095,1,1
data\val\ai\ai_000213.png,1,ai,jpeg_q50,0.984456,1,1
data\val\ai\ai_000214.png,1,ai,jpeg_q50,0.999706,1,1
data\val\ai\ai_000215.png,1,ai,jpeg_q50,0.964769,1,1
data\val\ai\ai_000216.png,1,ai,jpeg_q50,0.925729,1,1
data\val\ai\ai_000217.png,1,ai,jpeg_q50,0.965411,1,1
data\val\ai\ai_000218.png,1,ai,jpeg_q50,0.719837,1,1
data\val\ai\ai_000219.png,1,ai,jpeg_q50,0.990924,1,1
data\val\ai\ai_000220.png,1,ai,jpeg_q50,0.356796,0,0
data\val\ai\ai_000221.png,1,ai,jpeg_q50,0.991952,1,1
data\val\ai\ai_000222.png,1,ai,jpeg_q50,0.932019,1,1
data\val\ai\ai_000223.png,1,ai,jpeg_q50,0.998560,1,1
data\val\ai\ai_000224.png,1,ai,jpeg_q50,0.994401,1,1
data\val\ai\ai_000225.png,1,ai,jpeg_q50,0.959124,1,1
data\val\ai\ai_000226.png,1,ai,jpeg_q50,0.971451,1,1
data\val\ai\ai_000227.png,1,ai,jpeg_q50,0.970671,1,1
data\val\ai\ai_000228.png,1,ai,jpeg_q50,0.077163,0,0
data\val\ai\ai_000229.png,1,ai,jpeg_q50,0.994142,1,1
data\val\ai\ai_000230.png,1,ai,jpeg_q50,0.967234,1,1
data\val\ai\ai_000231.png,1,ai,jpeg_q50,0.999509,1,1
data\val\ai\ai_000232.png,1,ai,jpeg_q50,0.853921,1,1
data\val\ai\ai_000233.png,1,ai,jpeg_q50,0.979737,1,1
data\val\ai\ai_000234.png,1,ai,jpeg_q50,0.999430,1,1
data\val\ai\ai_000235.png,1,ai,jpeg_q50,0.997338,1,1
data\val\ai\ai_000236.png,1,ai,jpeg_q50,0.787403,1,1
data\val\ai\ai_000237.png,1,ai,jpeg_q50,0.978288,1,1
data\val\ai\ai_000238.png,1,ai,jpeg_q50,0.656298,1,1
data\val\ai\ai_000239.png,1,ai,jpeg_q50,0.903018,1,1
data\val\ai\ai_000240.png,1,ai,jpeg_q50,0.815335,1,1
data\val\ai\ai_000241.png,1,ai,jpeg_q50,0.983790,1,1
data\val\ai\ai_000242.png,1,ai,jpeg_q50,0.992822,1,1
data\val\ai\ai_000243.png,1,ai,jpeg_q50,0.984005,1,1
data\val\ai\ai_000244.png,1,ai,jpeg_q50,0.999428,1,1
data\val\ai\ai_000245.png,1,ai,jpeg_q50,0.892349,1,1
data\val\ai\ai_000246.png,1,ai,jpeg_q50,0.983511,1,1
data\val\ai\ai_000247.png,1,ai,jpeg_q50,0.983279,1,1
data\val\ai\ai_000248.png,1,ai,jpeg_q50,0.982722,1,1
data\val\ai\ai_000249.png,1,ai,jpeg_q50,0.998080,1,1
data\val\ai\ai_000250.png,1,ai,jpeg_q50,0.509698,1,1
data\val\ai\ai_000251.png,1,ai,jpeg_q50,0.985948,1,1
data\val\ai\ai_000252.png,1,ai,jpeg_q50,0.991130,1,1
data\val\ai\ai_000253.png,1,ai,jpeg_q50,0.994506,1,1
data\val\ai\ai_000254.png,1,ai,jpeg_q50,0.985604,1,1
data\val\ai\ai_000255.png,1,ai,jpeg_q50,0.903465,1,1
data\val\ai\ai_000256.png,1,ai,jpeg_q50,0.559494,1,1
data\val\ai\ai_000257.png,1,ai,jpeg_q50,0.997546,1,1
data\val\ai\ai_000258.png,1,ai,jpeg_q50,0.729068,1,1
data\val\ai\ai_000259.png,1,ai,jpeg_q50,0.995671,1,1
data\val\ai\ai_000260.png,1,ai,jpeg_q50,0.652653,1,1
data\val\ai\ai_000261.png,1,ai,jpeg_q50,0.994560,1,1
data\val\ai\ai_000262.png,1,ai,jpeg_q50,0.992732,1,1
data\val\ai\ai_000263.png,1,ai,jpeg_q50,0.989360,1,1
data\val\ai\ai_000264.png,1,ai,jpeg_q50,0.999385,1,1
data\val\ai\ai_000265.png,1,ai,jpeg_q50,0.994494,1,1
data\val\ai\ai_000266.png,1,ai,jpeg_q50,0.968161,1,1
data\val\ai\ai_000267.png,1,ai,jpeg_q50,0.993017,1,1
data\val\ai\ai_000268.png,1,ai,jpeg_q50,0.910548,1,1
data\val\ai\ai_000269.png,1,ai,jpeg_q50,0.998093,1,1
data\val\ai\ai_000270.png,1,ai,jpeg_q50,0.811194,1,1
data\val\ai\ai_000271.png,1,ai,jpeg_q50,0.988204,1,1
data\val\ai\ai_000272.png,1,ai,jpeg_q50,0.993403,1,1
data\val\ai\ai_000273.png,1,ai,jpeg_q50,0.998259,1,1
data\val\ai\ai_000274.png,1,ai,jpeg_q50,0.995900,1,1
data\val\ai\ai_000275.png,1,ai,jpeg_q50,0.995816,1,1
data\val\ai\ai_000276.png,1,ai,jpeg_q50,0.995994,1,1
data\val\ai\ai_000277.png,1,ai,jpeg_q50,0.969952,1,1
data\val\ai\ai_000278.png,1,ai,jpeg_q50,0.997142,1,1
data\val\ai\ai_000279.png,1,ai,jpeg_q50,0.989541,1,1
data\val\ai\ai_000280.png,1,ai,jpeg_q50,0.886222,1,1
data\val\ai\ai_000281.png,1,ai,jpeg_q50,0.948550,1,1
data\val\ai\ai_000282.png,1,ai,jpeg_q50,0.987623,1,1
data\val\ai\ai_000283.png,1,ai,jpeg_q50,0.993044,1,1
data\val\ai\ai_000284.png,1,ai,jpeg_q50,0.993994,1,1
data\val\ai\ai_000285.png,1,ai,jpeg_q50,0.995434,1,1
data\val\ai\ai_000286.png,1,ai,jpeg_q50,0.989317,1,1
data\val\ai\ai_000287.png,1,ai,jpeg_q50,0.985231,1,1
data\val\ai\ai_000288.png,1,ai,jpeg_q50,0.258062,0,0
data\val\ai\ai_000289.png,1,ai,jpeg_q50,0.993070,1,1
data\val\ai\ai_000290.png,1,ai,jpeg_q50,0.845838,1,1
data\val\ai\ai_000291.png,1,ai,jpeg_q50,0.998533,1,1
data\val\ai\ai_000292.png,1,ai,jpeg_q50,0.984087,1,1
data\val\ai\ai_000293.png,1,ai,jpeg_q50,0.803408,1,1
data\val\ai\ai_000294.png,1,ai,jpeg_q50,0.991490,1,1
data\val\ai\ai_000295.png,1,ai,jpeg_q50,0.986474,1,1
data\val\ai\ai_000296.png,1,ai,jpeg_q50,0.998368,1,1
data\val\ai\ai_000297.png,1,ai,jpeg_q50,0.993387,1,1
data\val\ai\ai_000298.png,1,ai,jpeg_q50,0.987018,1,1
data\val\ai\ai_000299.png,1,ai,jpeg_q50,0.964506,1,1
data\val\ai\ai_000300.png,1,ai,jpeg_q50,0.671667,1,1
data\val\ai\ai_000301.png,1,ai,jpeg_q50,0.929087,1,1
data\val\ai\ai_000302.png,1,ai,jpeg_q50,0.761785,1,1
data\val\ai\ai_000303.png,1,ai,jpeg_q50,0.970803,1,1
data\val\ai\ai_000304.png,1,ai,jpeg_q50,0.993973,1,1
data\val\ai\ai_000305.png,1,ai,jpeg_q50,0.888849,1,1
data\val\ai\ai_000306.png,1,ai,jpeg_q50,0.991362,1,1
data\val\ai\ai_000307.png,1,ai,jpeg_q50,0.972136,1,1
data\val\ai\ai_000308.png,1,ai,jpeg_q50,0.751442,1,1
data\val\ai\ai_000309.png,1,ai,jpeg_q50,0.956322,1,1
data\val\ai\ai_000310.png,1,ai,jpeg_q50,0.834641,1,1
data\val\ai\ai_000311.png,1,ai,jpeg_q50,0.979151,1,1
data\val\ai\ai_000312.png,1,ai,jpeg_q50,0.987295,1,1
data\val\ai\ai_000313.png,1,ai,jpeg_q50,0.806623,1,1
data\val\ai\ai_000314.png,1,ai,jpeg_q50,0.995886,1,1
data\val\ai\ai_000315.png,1,ai,jpeg_q50,0.974425,1,1
data\val\ai\ai_000316.png,1,ai,jpeg_q50,0.987221,1,1
data\val\ai\ai_000317.png,1,ai,jpeg_q50,0.998034,1,1
data\val\ai\ai_000318.png,1,ai,jpeg_q50,0.156527,0,0
data\val\ai\ai_000319.png,1,ai,jpeg_q50,0.978619,1,1
data\val\ai\ai_000320.png,1,ai,jpeg_q50,0.966327,1,1
data\val\ai\ai_000321.png,1,ai,jpeg_q50,0.986681,1,1
data\val\ai\ai_000322.png,1,ai,jpeg_q50,0.923698,1,1
data\val\ai\ai_000323.png,1,ai,jpeg_q50,0.997164,1,1
data\val\ai\ai_000324.png,1,ai,jpeg_q50,0.999662,1,1
data\val\ai\ai_000325.png,1,ai,jpeg_q50,0.981051,1,1
data\val\ai\ai_000326.png,1,ai,jpeg_q50,0.998135,1,1
data\val\ai\ai_000327.png,1,ai,jpeg_q50,0.998822,1,1
data\val\ai\ai_000328.png,1,ai,jpeg_q50,0.822970,1,1
data\val\ai\ai_000329.png,1,ai,jpeg_q50,0.979203,1,1
data\val\ai\ai_000330.png,1,ai,jpeg_q50,0.980960,1,1
data\val\ai\ai_000331.png,1,ai,jpeg_q50,0.992463,1,1
data\val\ai\ai_000332.png,1,ai,jpeg_q50,0.747935,1,1
data\val\ai\ai_000333.png,1,ai,jpeg_q50,0.995059,1,1
data\val\ai\ai_000334.png,1,ai,jpeg_q50,0.958962,1,1
data\val\ai\ai_000335.png,1,ai,jpeg_q50,0.996238,1,1
data\val\ai\ai_000336.png,1,ai,jpeg_q50,0.657977,1,1
data\val\ai\ai_000337.png,1,ai,jpeg_q50,0.998013,1,1
data\val\ai\ai_000338.png,1,ai,jpeg_q50,0.707783,1,1
data\val\ai\ai_000339.png,1,ai,jpeg_q50,0.996596,1,1
data\val\ai\ai_000340.png,1,ai,jpeg_q50,0.995395,1,1
data\val\ai\ai_000341.png,1,ai,jpeg_q50,0.968984,1,1
data\val\ai\ai_000342.png,1,ai,jpeg_q50,0.693964,1,1
data\val\ai\ai_000343.png,1,ai,jpeg_q50,0.991958,1,1
data\val\ai\ai_000344.png,1,ai,jpeg_q50,0.994428,1,1
data\val\ai\ai_000345.png,1,ai,jpeg_q50,0.988799,1,1
data\val\ai\ai_000346.png,1,ai,jpeg_q50,0.997638,1,1
data\val\ai\ai_000347.png,1,ai,jpeg_q50,0.993475,1,1
data\val\ai\ai_000348.png,1,ai,jpeg_q50,0.972598,1,1
data\val\ai\ai_000349.png,1,ai,jpeg_q50,0.998091,1,1
data\val\ai\ai_000350.png,1,ai,jpeg_q50,0.749502,1,1
data\val\ai\ai_000351.png,1,ai,jpeg_q50,0.969147,1,1
data\val\ai\ai_000352.png,1,ai,jpeg_q50,0.890132,1,1
data\val\ai\ai_000353.png,1,ai,jpeg_q50,0.988761,1,1
data\val\ai\ai_000354.png,1,ai,jpeg_q50,0.998360,1,1
data\val\ai\ai_000355.png,1,ai,jpeg_q50,0.967936,1,1
data\val\ai\ai_000356.png,1,ai,jpeg_q50,0.884791,1,1
data\val\ai\ai_000357.png,1,ai,jpeg_q50,0.974700,1,1
data\val\ai\ai_000358.png,1,ai,jpeg_q50,0.144781,0,0
data\val\ai\ai_000359.png,1,ai,jpeg_q50,0.999312,1,1
data\val\ai\ai_000360.png,1,ai,jpeg_q50,0.737930,1,1
data\val\ai\ai_000361.png,1,ai,jpeg_q50,0.998760,1,1
data\val\ai\ai_000362.png,1,ai,jpeg_q50,0.920791,1,1
data\val\ai\ai_000363.png,1,ai,jpeg_q50,0.994582,1,1
data\val\ai\ai_000364.png,1,ai,jpeg_q50,0.997032,1,1
data\val\ai\ai_000365.png,1,ai,jpeg_q50,0.791808,1,1
data\val\ai\ai_000366.png,1,ai,jpeg_q50,0.956499,1,1
data\val\ai\ai_000367.png,1,ai,jpeg_q50,0.987047,1,1
data\val\ai\ai_000368.png,1,ai,jpeg_q50,0.658903,1,1
data\val\ai\ai_000369.png,1,ai,jpeg_q50,0.995217,1,1
data\val\ai\ai_000370.png,1,ai,jpeg_q50,0.276881,0,0
data\val\ai\ai_000371.png,1,ai,jpeg_q50,0.965225,1,1
data\val\ai\ai_000372.png,1,ai,jpeg_q50,0.878497,1,1
data\val\ai\ai_000373.png,1,ai,jpeg_q50,0.963238,1,1
data\val\ai\ai_000374.png,1,ai,jpeg_q50,0.999030,1,1
data\val\ai\ai_000375.png,1,ai,jpeg_q50,0.992323,1,1
data\val\ai\ai_000376.png,1,ai,jpeg_q50,0.643817,1,1
data\val\ai\ai_000377.png,1,ai,jpeg_q50,0.979585,1,1
data\val\ai\ai_000378.png,1,ai,jpeg_q50,0.989862,1,1
data\val\ai\ai_000379.png,1,ai,jpeg_q50,0.982320,1,1
data\val\ai\ai_000380.png,1,ai,jpeg_q50,0.569219,1,1
data\val\ai\ai_000381.png,1,ai,jpeg_q50,0.963359,1,1
data\val\ai\ai_000382.png,1,ai,jpeg_q50,0.355639,0,0
data\val\ai\ai_000383.png,1,ai,jpeg_q50,0.995038,1,1
data\val\ai\ai_000384.png,1,ai,jpeg_q50,0.979570,1,1
data\val\ai\ai_000385.png,1,ai,jpeg_q50,0.994625,1,1
data\val\ai\ai_000386.png,1,ai,jpeg_q50,0.921406,1,1
data\val\ai\ai_000387.png,1,ai,jpeg_q50,0.990666,1,1
data\val\ai\ai_000388.png,1,ai,jpeg_q50,0.993493,1,1
data\val\ai\ai_000389.png,1,ai,jpeg_q50,0.977500,1,1
data\val\ai\ai_000390.png,1,ai,jpeg_q50,0.995893,1,1
data\val\ai\ai_000391.png,1,ai,jpeg_q50,0.983368,1,1
data\val\ai\ai_000392.png,1,ai,jpeg_q50,0.866344,1,1
data\val\ai\ai_000393.png,1,ai,jpeg_q50,0.992079,1,1
data\val\ai\ai_000394.png,1,ai,jpeg_q50,0.998104,1,1
data\val\ai\ai_000395.png,1,ai,jpeg_q50,0.953072,1,1
data\val\ai\ai_000396.png,1,ai,jpeg_q50,0.983641,1,1
data\val\ai\ai_000397.png,1,ai,jpeg_q50,0.993427,1,1
data\val\ai\ai_000398.png,1,ai,jpeg_q50,0.851678,1,1
data\val\ai\ai_000399.png,1,ai,jpeg_q50,0.944696,1,1
data\val\ai\ai_000400.png,1,ai,jpeg_q50,0.440384,0,0
data\val\ai\ai_000401.png,1,ai,jpeg_q50,0.987883,1,1
data\val\ai\ai_000402.png,1,ai,jpeg_q50,0.993222,1,1
data\val\ai\ai_000403.png,1,ai,jpeg_q50,0.996288,1,1
data\val\ai\ai_000404.png,1,ai,jpeg_q50,0.995879,1,1
data\val\ai\ai_000405.png,1,ai,jpeg_q50,0.995775,1,1
data\val\ai\ai_000406.png,1,ai,jpeg_q50,0.996337,1,1
data\val\ai\ai_000407.png,1,ai,jpeg_q50,0.810013,1,1
data\val\ai\ai_000408.png,1,ai,jpeg_q50,0.949956,1,1
data\val\ai\ai_000409.png,1,ai,jpeg_q50,0.948200,1,1
data\val\ai\ai_000410.png,1,ai,jpeg_q50,0.808658,1,1
data\val\ai\ai_000411.png,1,ai,jpeg_q50,0.993818,1,1
data\val\ai\ai_000412.png,1,ai,jpeg_q50,0.996210,1,1
data\val\ai\ai_000413.png,1,ai,jpeg_q50,0.984820,1,1
data\val\ai\ai_000414.png,1,ai,jpeg_q50,0.999604,1,1
data\val\ai\ai_000415.png,1,ai,jpeg_q50,0.996491,1,1
data\val\ai\ai_000416.png,1,ai,jpeg_q50,0.929982,1,1
data\val\ai\ai_000417.png,1,ai,jpeg_q50,0.945223,1,1
data\val\ai\ai_000418.png,1,ai,jpeg_q50,0.422716,0,0
data\val\ai\ai_000419.png,1,ai,jpeg_q50,0.943796,1,1
data\val\ai\ai_000420.png,1,ai,jpeg_q50,0.750089,1,1
data\val\ai\ai_000421.png,1,ai,jpeg_q50,0.998890,1,1
data\val\ai\ai_000422.png,1,ai,jpeg_q50,0.307366,0,0
data\val\ai\ai_000423.png,1,ai,jpeg_q50,0.930076,1,1
data\val\ai\ai_000424.png,1,ai,jpeg_q50,0.999182,1,1
data\val\ai\ai_000425.png,1,ai,jpeg_q50,0.931542,1,1
data\val\ai\ai_000426.png,1,ai,jpeg_q50,0.382324,0,0
data\val\ai\ai_000427.png,1,ai,jpeg_q50,0.988352,1,1
data\val\ai\ai_000428.png,1,ai,jpeg_q50,0.980619,1,1
data\val\ai\ai_000429.png,1,ai,jpeg_q50,0.986852,1,1
data\val\ai\ai_000430.png,1,ai,jpeg_q50,0.899511,1,1
data\val\ai\ai_000431.png,1,ai,jpeg_q50,0.977342,1,1
data\val\ai\ai_000432.png,1,ai,jpeg_q50,0.996045,1,1
data\val\ai\ai_000433.png,1,ai,jpeg_q50,0.998184,1,1
data\val\ai\ai_000434.png,1,ai,jpeg_q50,0.995571,1,1
data\val\ai\ai_000435.png,1,ai,jpeg_q50,0.920147,1,1
data\val\ai\ai_000436.png,1,ai,jpeg_q50,0.997411,1,1
data\val\ai\ai_000437.png,1,ai,jpeg_q50,0.877128,1,1
data\val\ai\ai_000438.png,1,ai,jpeg_q50,0.982398,1,1
data\val\ai\ai_000439.png,1,ai,jpeg_q50,0.879194,1,1
data\val\ai\ai_000440.png,1,ai,jpeg_q50,0.933842,1,1
data\val\ai\ai_000441.png,1,ai,jpeg_q50,0.880704,1,1
data\val\ai\ai_000442.png,1,ai,jpeg_q50,0.988763,1,1
data\val\ai\ai_000443.png,1,ai,jpeg_q50,0.994836,1,1
data\val\ai\ai_000444.png,1,ai,jpeg_q50,0.999276,1,1
data\val\ai\ai_000445.png,1,ai,jpeg_q50,0.968314,1,1
data\val\ai\ai_000446.png,1,ai,jpeg_q50,0.950684,1,1
data\val\ai\ai_000447.png,1,ai,jpeg_q50,0.986122,1,1
data\val\ai\ai_000448.png,1,ai,jpeg_q50,0.258436,0,0
data\val\ai\ai_000449.png,1,ai,jpeg_q50,0.998862,1,1
data\val\ai\ai_000450.png,1,ai,jpeg_q50,0.998051,1,1
data\val\ai\ai_000451.png,1,ai,jpeg_q50,0.988008,1,1
data\val\ai\ai_000452.png,1,ai,jpeg_q50,0.953272,1,1
data\val\ai\ai_000453.png,1,ai,jpeg_q50,0.998832,1,1
data\val\ai\ai_000454.png,1,ai,jpeg_q50,0.965527,1,1
data\val\ai\ai_000455.png,1,ai,jpeg_q50,0.995396,1,1
data\val\ai\ai_000456.png,1,ai,jpeg_q50,0.972690,1,1
data\val\ai\ai_000457.png,1,ai,jpeg_q50,0.958456,1,1
data\val\ai\ai_000458.png,1,ai,jpeg_q50,0.980955,1,1
data\val\ai\ai_000459.png,1,ai,jpeg_q50,0.651465,1,1
data\val\ai\ai_000460.png,1,ai,jpeg_q50,0.929340,1,1
data\val\ai\ai_000461.png,1,ai,jpeg_q50,0.935092,1,1
data\val\ai\ai_000462.png,1,ai,jpeg_q50,0.971672,1,1
data\val\ai\ai_000463.png,1,ai,jpeg_q50,0.984977,1,1
data\val\ai\ai_000464.png,1,ai,jpeg_q50,0.994715,1,1
data\val\ai\ai_000465.png,1,ai,jpeg_q50,0.994135,1,1
data\val\ai\ai_000466.png,1,ai,jpeg_q50,0.581496,1,1
data\val\ai\ai_000467.png,1,ai,jpeg_q50,0.995085,1,1
data\val\ai\ai_000468.png,1,ai,jpeg_q50,0.717877,1,1
data\val\ai\ai_000469.png,1,ai,jpeg_q50,0.994705,1,1
data\val\ai\ai_000470.png,1,ai,jpeg_q50,0.675104,1,1
data\val\ai\ai_000471.png,1,ai,jpeg_q50,0.999806,1,1
data\val\ai\ai_000472.png,1,ai,jpeg_q50,0.970982,1,1
data\val\ai\ai_000473.png,1,ai,jpeg_q50,0.850953,1,1
data\val\ai\ai_000474.png,1,ai,jpeg_q50,0.999179,1,1
data\val\ai\ai_000475.png,1,ai,jpeg_q50,0.992748,1,1
data\val\ai\ai_000476.png,1,ai,jpeg_q50,0.952373,1,1
data\val\ai\ai_000477.png,1,ai,jpeg_q50,0.982638,1,1
data\val\ai\ai_000478.png,1,ai,jpeg_q50,0.976705,1,1
data\val\ai\ai_000479.png,1,ai,jpeg_q50,0.912216,1,1
data\val\ai\ai_000480.png,1,ai,jpeg_q50,0.891345,1,1
data\val\ai\ai_000481.png,1,ai,jpeg_q50,0.995885,1,1
data\val\ai\ai_000482.png,1,ai,jpeg_q50,0.722334,1,1
data\val\ai\ai_000483.png,1,ai,jpeg_q50,0.891524,1,1
data\val\ai\ai_000484.png,1,ai,jpeg_q50,0.990984,1,1
data\val\ai\ai_000485.png,1,ai,jpeg_q50,0.861175,1,1
data\val\ai\ai_000486.png,1,ai,jpeg_q50,0.997292,1,1
data\val\ai\ai_000487.png,1,ai,jpeg_q50,0.988460,1,1
data\val\ai\ai_000488.png,1,ai,jpeg_q50,0.882782,1,1
data\val\ai\ai_000489.png,1,ai,jpeg_q50,0.990886,1,1
data\val\ai\ai_000490.png,1,ai,jpeg_q50,0.874622,1,1
data\val\ai\ai_000491.png,1,ai,jpeg_q50,0.962875,1,1
data\val\ai\ai_000492.png,1,ai,jpeg_q50,0.987912,1,1
data\val\ai\ai_000493.png,1,ai,jpeg_q50,0.978177,1,1
data\val\ai\ai_000494.png,1,ai,jpeg_q50,0.991124,1,1
data\val\ai\ai_000495.png,1,ai,jpeg_q50,0.989436,1,1
data\val\ai\ai_000496.png,1,ai,jpeg_q50,0.767705,1,1
data\val\ai\ai_000497.png,1,ai,jpeg_q50,0.980408,1,1
data\val\ai\ai_000498.png,1,ai,jpeg_q50,0.857694,1,1
data\val\ai\ai_000499.png,1,ai,jpeg_q50,0.994062,1,1
data\val\ai\ai_000500.png,1,ai,jpeg_q50,0.916698,1,1
data\val\real\000000000139.jpg,0,real,jpeg_q30,0.869608,1,0
data\val\real\000000000285.jpg,0,real,jpeg_q30,0.060489,0,1
data\val\real\000000000632.jpg,0,real,jpeg_q30,0.845842,1,0
data\val\real\000000000724.jpg,0,real,jpeg_q30,0.089956,0,1
data\val\real\000000000776.jpg,0,real,jpeg_q30,0.037055,0,1
data\val\real\000000000785.jpg,0,real,jpeg_q30,0.256354,0,1
data\val\real\000000000802.jpg,0,real,jpeg_q30,0.175867,0,1
data\val\real\000000000872.jpg,0,real,jpeg_q30,0.032510,0,1
data\val\real\000000000885.jpg,0,real,jpeg_q30,0.051724,0,1
data\val\real\000000001000.jpg,0,real,jpeg_q30,0.001997,0,1
data\val\real\000000001268.jpg,0,real,jpeg_q30,0.045809,0,1
data\val\real\000000001296.jpg,0,real,jpeg_q30,0.222467,0,1
data\val\real\000000001353.jpg,0,real,jpeg_q30,0.001086,0,1
data\val\real\000000001425.jpg,0,real,jpeg_q30,0.730883,1,0
data\val\real\000000001490.jpg,0,real,jpeg_q30,0.196434,0,1
data\val\real\000000001503.jpg,0,real,jpeg_q30,0.361909,0,1
data\val\real\000000001532.jpg,0,real,jpeg_q30,0.058126,0,1
data\val\real\000000001584.jpg,0,real,jpeg_q30,0.650816,1,0
data\val\real\000000001675.jpg,0,real,jpeg_q30,0.092136,0,1
data\val\real\000000001761.jpg,0,real,jpeg_q30,0.024426,0,1
data\val\real\000000001818.jpg,0,real,jpeg_q30,0.130943,0,1
data\val\real\000000001993.jpg,0,real,jpeg_q30,0.274099,0,1
data\val\real\000000002006.jpg,0,real,jpeg_q30,0.032098,0,1
data\val\real\000000002149.jpg,0,real,jpeg_q30,0.255934,0,1
data\val\real\000000002153.jpg,0,real,jpeg_q30,0.011297,0,1
data\val\real\000000002157.jpg,0,real,jpeg_q30,0.177016,0,1
data\val\real\000000002261.jpg,0,real,jpeg_q30,0.003093,0,1
data\val\real\000000002299.jpg,0,real,jpeg_q30,0.011772,0,1
data\val\real\000000002431.jpg,0,real,jpeg_q30,0.045172,0,1
data\val\real\000000002473.jpg,0,real,jpeg_q30,0.045936,0,1
data\val\real\000000002532.jpg,0,real,jpeg_q30,0.011186,0,1
data\val\real\000000002587.jpg,0,real,jpeg_q30,0.037037,0,1
data\val\real\000000002592.jpg,0,real,jpeg_q30,0.027800,0,1
data\val\real\000000002685.jpg,0,real,jpeg_q30,0.002947,0,1
data\val\real\000000002923.jpg,0,real,jpeg_q30,0.017624,0,1
data\val\real\000000003156.jpg,0,real,jpeg_q30,0.348205,0,1
data\val\real\000000003255.jpg,0,real,jpeg_q30,0.285060,0,1
data\val\real\000000003501.jpg,0,real,jpeg_q30,0.254036,0,1
data\val\real\000000003553.jpg,0,real,jpeg_q30,0.056817,0,1
data\val\real\000000003661.jpg,0,real,jpeg_q30,0.009368,0,1
data\val\real\000000003845.jpg,0,real,jpeg_q30,0.138611,0,1
data\val\real\000000003934.jpg,0,real,jpeg_q30,0.000399,0,1
data\val\real\000000004134.jpg,0,real,jpeg_q30,0.001714,0,1
data\val\real\000000004395.jpg,0,real,jpeg_q30,0.011585,0,1
data\val\real\000000004495.jpg,0,real,jpeg_q30,0.209066,0,1
data\val\real\000000004765.jpg,0,real,jpeg_q30,0.128946,0,1
data\val\real\000000004795.jpg,0,real,jpeg_q30,0.002151,0,1
data\val\real\000000005001.jpg,0,real,jpeg_q30,0.018592,0,1
data\val\real\000000005037.jpg,0,real,jpeg_q30,0.120221,0,1
data\val\real\000000005060.jpg,0,real,jpeg_q30,0.183652,0,1
data\val\real\000000005193.jpg,0,real,jpeg_q30,0.003212,0,1
data\val\real\000000005477.jpg,0,real,jpeg_q30,0.032278,0,1
data\val\real\000000005503.jpg,0,real,jpeg_q30,0.033253,0,1
data\val\real\000000005529.jpg,0,real,jpeg_q30,0.108951,0,1
data\val\real\000000005586.jpg,0,real,jpeg_q30,0.006387,0,1
data\val\real\000000005600.jpg,0,real,jpeg_q30,0.012725,0,1
data\val\real\000000005992.jpg,0,real,jpeg_q30,0.062943,0,1
data\val\real\000000006012.jpg,0,real,jpeg_q30,0.097919,0,1
data\val\real\000000006040.jpg,0,real,jpeg_q30,0.337949,0,1
data\val\real\000000006213.jpg,0,real,jpeg_q30,0.230244,0,1
data\val\real\000000006460.jpg,0,real,jpeg_q30,0.095181,0,1
data\val\real\000000006471.jpg,0,real,jpeg_q30,0.021798,0,1
data\val\real\000000006614.jpg,0,real,jpeg_q30,0.259739,0,1
data\val\real\000000006723.jpg,0,real,jpeg_q30,0.181320,0,1
data\val\real\000000006763.jpg,0,real,jpeg_q30,0.000069,0,1
data\val\real\000000006771.jpg,0,real,jpeg_q30,0.002966,0,1
data\val\real\000000006818.jpg,0,real,jpeg_q30,0.041012,0,1
data\val\real\000000006894.jpg,0,real,jpeg_q30,0.008568,0,1
data\val\real\000000006954.jpg,0,real,jpeg_q30,0.110342,0,1
data\val\real\000000007088.jpg,0,real,jpeg_q30,0.022505,0,1
data\val\real\000000007108.jpg,0,real,jpeg_q30,0.038352,0,1
data\val\real\000000007278.jpg,0,real,jpeg_q30,0.173100,0,1
data\val\real\000000007281.jpg,0,real,jpeg_q30,0.004372,0,1
data\val\real\000000007386.jpg,0,real,jpeg_q30,0.043364,0,1
data\val\real\000000007511.jpg,0,real,jpeg_q30,0.031398,0,1
data\val\real\000000007574.jpg,0,real,jpeg_q30,0.174540,0,1
data\val\real\000000007784.jpg,0,real,jpeg_q30,0.256828,0,1
data\val\real\000000007795.jpg,0,real,jpeg_q30,0.698057,1,0
data\val\real\000000007816.jpg,0,real,jpeg_q30,0.001956,0,1
data\val\real\000000007818.jpg,0,real,jpeg_q30,0.578934,1,0
data\val\real\000000007888.jpg,0,real,jpeg_q30,0.890507,1,0
data\val\real\000000007977.jpg,0,real,jpeg_q30,0.389275,0,1
data\val\real\000000007991.jpg,0,real,jpeg_q30,0.058493,0,1
data\val\real\000000008021.jpg,0,real,jpeg_q30,0.002436,0,1
data\val\real\000000008211.jpg,0,real,jpeg_q30,0.081819,0,1
data\val\real\000000008277.jpg,0,real,jpeg_q30,0.279648,0,1
data\val\real\000000008532.jpg,0,real,jpeg_q30,0.026895,0,1
data\val\real\000000008629.jpg,0,real,jpeg_q30,0.080732,0,1
data\val\real\000000008690.jpg,0,real,jpeg_q30,0.002468,0,1
data\val\real\000000008762.jpg,0,real,jpeg_q30,0.088507,0,1
data\val\real\000000008844.jpg,0,real,jpeg_q30,0.062677,0,1
data\val\real\000000008899.jpg,0,real,jpeg_q30,0.333548,0,1
data\val\real\000000009378.jpg,0,real,jpeg_q30,0.036257,0,1
data\val\real\000000009400.jpg,0,real,jpeg_q30,0.001138,0,1
data\val\real\000000009448.jpg,0,real,jpeg_q30,0.028196,0,1
data\val\real\000000009483.jpg,0,real,jpeg_q30,0.141363,0,1
data\val\real\000000009590.jpg,0,real,jpeg_q30,0.181437,0,1
data\val\real\000000009769.jpg,0,real,jpeg_q30,0.116516,0,1
data\val\real\000000009772.jpg,0,real,jpeg_q30,0.045732,0,1
data\val\real\000000009891.jpg,0,real,jpeg_q30,0.003766,0,1
data\val\real\000000009914.jpg,0,real,jpeg_q30,0.123359,0,1
data\val\real\000000010092.jpg,0,real,jpeg_q30,0.098101,0,1
data\val\real\000000010363.jpg,0,real,jpeg_q30,0.003717,0,1
data\val\real\000000010583.jpg,0,real,jpeg_q30,0.103286,0,1
data\val\real\000000010707.jpg,0,real,jpeg_q30,0.000148,0,1
data\val\real\000000010764.jpg,0,real,jpeg_q30,0.081173,0,1
data\val\real\000000010977.jpg,0,real,jpeg_q30,0.049550,0,1
data\val\real\000000010995.jpg,0,real,jpeg_q30,0.186736,0,1
data\val\real\000000011051.jpg,0,real,jpeg_q30,0.007992,0,1
data\val\real\000000011122.jpg,0,real,jpeg_q30,0.020394,0,1
data\val\real\000000011149.jpg,0,real,jpeg_q30,0.006408,0,1
data\val\real\000000011197.jpg,0,real,jpeg_q30,0.021521,0,1
data\val\real\000000011511.jpg,0,real,jpeg_q30,0.069695,0,1
data\val\real\000000011615.jpg,0,real,jpeg_q30,0.097324,0,1
data\val\real\000000011699.jpg,0,real,jpeg_q30,0.029917,0,1
data\val\real\000000011760.jpg,0,real,jpeg_q30,0.394338,0,1
data\val\real\000000011813.jpg,0,real,jpeg_q30,0.461291,0,1
data\val\real\000000012062.jpg,0,real,jpeg_q30,0.013656,0,1
data\val\real\000000012120.jpg,0,real,jpeg_q30,0.057732,0,1
data\val\real\000000012280.jpg,0,real,jpeg_q30,0.803298,1,0
data\val\real\000000012576.jpg,0,real,jpeg_q30,0.303568,0,1
data\val\real\000000012639.jpg,0,real,jpeg_q30,0.059911,0,1
data\val\real\000000012667.jpg,0,real,jpeg_q30,0.142584,0,1
data\val\real\000000012670.jpg,0,real,jpeg_q30,0.021649,0,1
data\val\real\000000012748.jpg,0,real,jpeg_q30,0.043693,0,1
data\val\real\000000013004.jpg,0,real,jpeg_q30,0.132542,0,1
data\val\real\000000013177.jpg,0,real,jpeg_q30,0.029328,0,1
data\val\real\000000013201.jpg,0,real,jpeg_q30,0.051993,0,1
data\val\real\000000013291.jpg,0,real,jpeg_q30,0.114037,0,1
data\val\real\000000013348.jpg,0,real,jpeg_q30,0.185024,0,1
data\val\real\000000013546.jpg,0,real,jpeg_q30,0.007182,0,1
data\val\real\000000013597.jpg,0,real,jpeg_q30,0.471431,0,1
data\val\real\000000013659.jpg,0,real,jpeg_q30,0.003200,0,1
data\val\real\000000013729.jpg,0,real,jpeg_q30,0.030600,0,1
data\val\real\000000013774.jpg,0,real,jpeg_q30,0.430665,0,1
data\val\real\000000013923.jpg,0,real,jpeg_q30,0.343419,0,1
data\val\real\000000014007.jpg,0,real,jpeg_q30,0.080371,0,1
data\val\real\000000014038.jpg,0,real,jpeg_q30,0.772527,1,0
data\val\real\000000014226.jpg,0,real,jpeg_q30,0.193585,0,1
data\val\real\000000014380.jpg,0,real,jpeg_q30,0.312194,0,1
data\val\real\000000014439.jpg,0,real,jpeg_q30,0.013180,0,1
data\val\real\000000014473.jpg,0,real,jpeg_q30,0.171022,0,1
data\val\real\000000014831.jpg,0,real,jpeg_q30,0.003261,0,1
data\val\real\000000014888.jpg,0,real,jpeg_q30,0.008333,0,1
data\val\real\000000015079.jpg,0,real,jpeg_q30,0.110746,0,1
data\val\real\000000015254.jpg,0,real,jpeg_q30,0.028251,0,1
data\val\real\000000015272.jpg,0,real,jpeg_q30,0.604297,1,0
data\val\real\000000015278.jpg,0,real,jpeg_q30,0.165500,0,1
data\val\real\000000015335.jpg,0,real,jpeg_q30,0.001117,0,1
data\val\real\000000015338.jpg,0,real,jpeg_q30,0.210232,0,1
data\val\real\000000015440.jpg,0,real,jpeg_q30,0.713722,1,0
data\val\real\000000015497.jpg,0,real,jpeg_q30,0.001375,0,1
data\val\real\000000015517.jpg,0,real,jpeg_q30,0.060205,0,1
data\val\real\000000015597.jpg,0,real,jpeg_q30,0.000568,0,1
data\val\real\000000015660.jpg,0,real,jpeg_q30,0.039619,0,1
data\val\real\000000015746.jpg,0,real,jpeg_q30,0.133036,0,1
data\val\real\000000015751.jpg,0,real,jpeg_q30,0.015401,0,1
data\val\real\000000015956.jpg,0,real,jpeg_q30,0.005322,0,1
data\val\real\000000016010.jpg,0,real,jpeg_q30,0.008228,0,1
data\val\real\000000016228.jpg,0,real,jpeg_q30,0.105380,0,1
data\val\real\000000016249.jpg,0,real,jpeg_q30,0.017834,0,1
data\val\real\000000016439.jpg,0,real,jpeg_q30,0.332631,0,1
data\val\real\000000016451.jpg,0,real,jpeg_q30,0.314873,0,1
data\val\real\000000016502.jpg,0,real,jpeg_q30,0.057145,0,1
data\val\real\000000016598.jpg,0,real,jpeg_q30,0.002026,0,1
data\val\real\000000016958.jpg,0,real,jpeg_q30,0.077159,0,1
data\val\real\000000017029.jpg,0,real,jpeg_q30,0.027739,0,1
data\val\real\000000017031.jpg,0,real,jpeg_q30,0.051862,0,1
data\val\real\000000017115.jpg,0,real,jpeg_q30,0.375997,0,1
data\val\real\000000017178.jpg,0,real,jpeg_q30,0.388831,0,1
data\val\real\000000017182.jpg,0,real,jpeg_q30,0.535101,1,0
data\val\real\000000017207.jpg,0,real,jpeg_q30,0.008891,0,1
data\val\real\000000017379.jpg,0,real,jpeg_q30,0.480855,0,1
data\val\real\000000017436.jpg,0,real,jpeg_q30,0.026832,0,1
data\val\real\000000017627.jpg,0,real,jpeg_q30,0.000992,0,1
data\val\real\000000017714.jpg,0,real,jpeg_q30,0.034069,0,1
data\val\real\000000017899.jpg,0,real,jpeg_q30,0.002994,0,1
data\val\real\000000017905.jpg,0,real,jpeg_q30,0.000553,0,1
data\val\real\000000017959.jpg,0,real,jpeg_q30,0.038467,0,1
data\val\real\000000018150.jpg,0,real,jpeg_q30,0.001992,0,1
data\val\real\000000018193.jpg,0,real,jpeg_q30,0.001757,0,1
data\val\real\000000018380.jpg,0,real,jpeg_q30,0.059673,0,1
data\val\real\000000018491.jpg,0,real,jpeg_q30,0.008536,0,1
data\val\real\000000018519.jpg,0,real,jpeg_q30,0.673218,1,0
data\val\real\000000018575.jpg,0,real,jpeg_q30,0.048904,0,1
data\val\real\000000018737.jpg,0,real,jpeg_q30,0.037816,0,1
data\val\real\000000018770.jpg,0,real,jpeg_q30,0.280583,0,1
data\val\real\000000018833.jpg,0,real,jpeg_q30,0.064176,0,1
data\val\real\000000018837.jpg,0,real,jpeg_q30,0.016742,0,1
data\val\real\000000019042.jpg,0,real,jpeg_q30,0.192448,0,1
data\val\real\000000019109.jpg,0,real,jpeg_q30,0.263946,0,1
data\val\real\000000019221.jpg,0,real,jpeg_q30,0.021215,0,1
data\val\real\000000019402.jpg,0,real,jpeg_q30,0.001227,0,1
data\val\real\000000019432.jpg,0,real,jpeg_q30,0.055202,0,1
data\val\real\000000019742.jpg,0,real,jpeg_q30,0.021566,0,1
data\val\real\000000019786.jpg,0,real,jpeg_q30,0.001764,0,1
data\val\real\000000019924.jpg,0,real,jpeg_q30,0.498038,0,1
data\val\real\000000020059.jpg,0,real,jpeg_q30,0.175481,0,1
data\val\real\000000020107.jpg,0,real,jpeg_q30,0.043432,0,1
data\val\real\000000020247.jpg,0,real,jpeg_q30,0.091249,0,1
data\val\real\000000020333.jpg,0,real,jpeg_q30,0.088554,0,1
data\val\real\000000020553.jpg,0,real,jpeg_q30,0.001719,0,1
data\val\real\000000020571.jpg,0,real,jpeg_q30,0.311585,0,1
data\val\real\000000020992.jpg,0,real,jpeg_q30,0.006890,0,1
data\val\real\000000021167.jpg,0,real,jpeg_q30,0.000113,0,1
data\val\real\000000021465.jpg,0,real,jpeg_q30,0.019200,0,1
data\val\real\000000021503.jpg,0,real,jpeg_q30,0.018057,0,1
data\val\real\000000021604.jpg,0,real,jpeg_q30,0.736999,1,0
data\val\real\000000021839.jpg,0,real,jpeg_q30,0.001519,0,1
data\val\real\000000021879.jpg,0,real,jpeg_q30,0.028249,0,1
data\val\real\000000021903.jpg,0,real,jpeg_q30,0.114243,0,1
data\val\real\000000022192.jpg,0,real,jpeg_q30,0.007336,0,1
data\val\real\000000022371.jpg,0,real,jpeg_q30,0.644857,1,0
data\val\real\000000022396.jpg,0,real,jpeg_q30,0.058960,0,1
data\val\real\000000022479.jpg,0,real,jpeg_q30,0.015764,0,1
data\val\real\000000022589.jpg,0,real,jpeg_q30,0.013734,0,1
data\val\real\000000022623.jpg,0,real,jpeg_q30,0.316280,0,1
data\val\real\000000022705.jpg,0,real,jpeg_q30,0.001406,0,1
data\val\real\000000022755.jpg,0,real,jpeg_q30,0.126102,0,1
data\val\real\000000022892.jpg,0,real,jpeg_q30,0.065817,0,1
data\val\real\000000022935.jpg,0,real,jpeg_q30,0.200042,0,1
data\val\real\000000022969.jpg,0,real,jpeg_q30,0.021160,0,1
data\val\real\000000023023.jpg,0,real,jpeg_q30,0.283404,0,1
data\val\real\000000023034.jpg,0,real,jpeg_q30,0.005266,0,1
data\val\real\000000023126.jpg,0,real,jpeg_q30,0.291307,0,1
data\val\real\000000023230.jpg,0,real,jpeg_q30,0.019833,0,1
data\val\real\000000023272.jpg,0,real,jpeg_q30,0.006563,0,1
data\val\real\000000023359.jpg,0,real,jpeg_q30,0.054257,0,1
data\val\real\000000023666.jpg,0,real,jpeg_q30,0.122522,0,1
data\val\real\000000023751.jpg,0,real,jpeg_q30,0.001808,0,1
data\val\real\000000023781.jpg,0,real,jpeg_q30,0.324723,0,1
data\val\real\000000023899.jpg,0,real,jpeg_q30,0.003693,0,1
data\val\real\000000023937.jpg,0,real,jpeg_q30,0.153158,0,1
data\val\real\000000024021.jpg,0,real,jpeg_q30,0.013924,0,1
data\val\real\000000024027.jpg,0,real,jpeg_q30,0.002950,0,1
data\val\real\000000024144.jpg,0,real,jpeg_q30,0.176580,0,1
data\val\real\000000024243.jpg,0,real,jpeg_q30,0.078396,0,1
data\val\real\000000024567.jpg,0,real,jpeg_q30,0.018495,0,1
data\val\real\000000024610.jpg,0,real,jpeg_q30,0.153828,0,1
data\val\real\000000024919.jpg,0,real,jpeg_q30,0.091222,0,1
data\val\real\000000025057.jpg,0,real,jpeg_q30,0.011639,0,1
data\val\real\000000025096.jpg,0,real,jpeg_q30,0.005635,0,1
data\val\real\000000025139.jpg,0,real,jpeg_q30,0.034346,0,1
data\val\real\000000025181.jpg,0,real,jpeg_q30,0.832767,1,0
data\val\real\000000025228.jpg,0,real,jpeg_q30,0.039831,0,1
data\val\real\000000025386.jpg,0,real,jpeg_q30,0.003949,0,1
data\val\real\000000025393.jpg,0,real,jpeg_q30,0.000707,0,1
data\val\real\000000025394.jpg,0,real,jpeg_q30,0.008738,0,1
data\val\real\000000025424.jpg,0,real,jpeg_q30,0.038394,0,1
data\val\real\000000025560.jpg,0,real,jpeg_q30,0.015875,0,1
data\val\real\000000025593.jpg,0,real,jpeg_q30,0.089539,0,1
data\val\real\000000025603.jpg,0,real,jpeg_q30,0.000504,0,1
data\val\real\000000025986.jpg,0,real,jpeg_q30,0.025971,0,1
data\val\real\000000026204.jpg,0,real,jpeg_q30,0.125533,0,1
data\val\real\000000026465.jpg,0,real,jpeg_q30,0.038581,0,1
data\val\real\000000026564.jpg,0,real,jpeg_q30,0.116462,0,1
data\val\real\000000026690.jpg,0,real,jpeg_q30,0.021528,0,1
data\val\real\000000026926.jpg,0,real,jpeg_q30,0.262654,0,1
data\val\real\000000026941.jpg,0,real,jpeg_q30,0.566352,1,0
data\val\real\000000027186.jpg,0,real,jpeg_q30,0.009968,0,1
data\val\real\000000027620.jpg,0,real,jpeg_q30,0.231288,0,1
data\val\real\000000027696.jpg,0,real,jpeg_q30,0.013633,0,1
data\val\real\000000027768.jpg,0,real,jpeg_q30,0.197896,0,1
data\val\real\000000027932.jpg,0,real,jpeg_q30,0.245808,0,1
data\val\real\000000027972.jpg,0,real,jpeg_q30,0.077551,0,1
data\val\real\000000027982.jpg,0,real,jpeg_q30,0.827110,1,0
data\val\real\000000028285.jpg,0,real,jpeg_q30,0.020586,0,1
data\val\real\000000028449.jpg,0,real,jpeg_q30,0.315703,0,1
data\val\real\000000028452.jpg,0,real,jpeg_q30,0.532074,1,0
data\val\real\000000028809.jpg,0,real,jpeg_q30,0.168131,0,1
data\val\real\000000028993.jpg,0,real,jpeg_q30,0.631833,1,0
data\val\real\000000029187.jpg,0,real,jpeg_q30,0.002361,0,1
data\val\real\000000029393.jpg,0,real,jpeg_q30,0.002571,0,1
data\val\real\000000029397.jpg,0,real,jpeg_q30,0.052247,0,1
data\val\real\000000029596.jpg,0,real,jpeg_q30,0.435439,0,1
data\val\real\000000029640.jpg,0,real,jpeg_q30,0.231840,0,1
data\val\real\000000029675.jpg,0,real,jpeg_q30,0.164482,0,1
data\val\real\000000029984.jpg,0,real,jpeg_q30,0.012925,0,1
data\val\real\000000030213.jpg,0,real,jpeg_q30,0.631895,1,0
data\val\real\000000030494.jpg,0,real,jpeg_q30,0.008060,0,1
data\val\real\000000030504.jpg,0,real,jpeg_q30,0.033765,0,1
data\val\real\000000030675.jpg,0,real,jpeg_q30,0.290122,0,1
data\val\real\000000030785.jpg,0,real,jpeg_q30,0.215022,0,1
data\val\real\000000030828.jpg,0,real,jpeg_q30,0.569265,1,0
data\val\real\000000031050.jpg,0,real,jpeg_q30,0.039536,0,1
data\val\real\000000031093.jpg,0,real,jpeg_q30,0.050317,0,1
data\val\real\000000031118.jpg,0,real,jpeg_q30,0.146188,0,1
data\val\real\000000031217.jpg,0,real,jpeg_q30,0.069778,0,1
data\val\real\000000031248.jpg,0,real,jpeg_q30,0.196059,0,1
data\val\real\000000031269.jpg,0,real,jpeg_q30,0.037292,0,1
data\val\real\000000031296.jpg,0,real,jpeg_q30,0.002492,0,1
data\val\real\000000031322.jpg,0,real,jpeg_q30,0.073917,0,1
data\val\real\000000031620.jpg,0,real,jpeg_q30,0.000110,0,1
data\val\real\000000031735.jpg,0,real,jpeg_q30,0.008384,0,1
data\val\real\000000031749.jpg,0,real,jpeg_q30,0.116248,0,1
data\val\real\000000031817.jpg,0,real,jpeg_q30,0.002146,0,1
data\val\real\000000032038.jpg,0,real,jpeg_q30,0.015859,0,1
data\val\real\000000032081.jpg,0,real,jpeg_q30,0.016275,0,1
data\val\real\000000032285.jpg,0,real,jpeg_q30,0.758806,1,0
data\val\real\000000032334.jpg,0,real,jpeg_q30,0.000952,0,1
data\val\real\000000032570.jpg,0,real,jpeg_q30,0.813421,1,0
data\val\real\000000032610.jpg,0,real,jpeg_q30,0.093202,0,1
data\val\real\000000032735.jpg,0,real,jpeg_q30,0.045519,0,1
data\val\real\000000032811.jpg,0,real,jpeg_q30,0.201405,0,1
data\val\real\000000032817.jpg,0,real,jpeg_q30,0.001379,0,1
data\val\real\000000032861.jpg,0,real,jpeg_q30,0.478075,0,1
data\val\real\000000032887.jpg,0,real,jpeg_q30,0.002959,0,1
data\val\real\000000032901.jpg,0,real,jpeg_q30,0.000253,0,1
data\val\real\000000032941.jpg,0,real,jpeg_q30,0.086867,0,1
data\val\real\000000033005.jpg,0,real,jpeg_q30,0.031097,0,1
data\val\real\000000033104.jpg,0,real,jpeg_q30,0.013668,0,1
data\val\real\000000033109.jpg,0,real,jpeg_q30,0.080283,0,1
data\val\real\000000033114.jpg,0,real,jpeg_q30,0.076971,0,1
data\val\real\000000033221.jpg,0,real,jpeg_q30,0.001777,0,1
data\val\real\000000033368.jpg,0,real,jpeg_q30,0.217224,0,1
data\val\real\000000033638.jpg,0,real,jpeg_q30,0.051136,0,1
data\val\real\000000033707.jpg,0,real,jpeg_q30,0.148233,0,1
data\val\real\000000033759.jpg,0,real,jpeg_q30,0.085684,0,1
data\val\real\000000033854.jpg,0,real,jpeg_q30,0.013351,0,1
data\val\real\000000034071.jpg,0,real,jpeg_q30,0.635682,1,0
data\val\real\000000034139.jpg,0,real,jpeg_q30,0.258356,0,1
data\val\real\000000034205.jpg,0,real,jpeg_q30,0.285610,0,1
data\val\real\000000034257.jpg,0,real,jpeg_q30,0.370600,0,1
data\val\real\000000034417.jpg,0,real,jpeg_q30,0.088131,0,1
data\val\real\000000034452.jpg,0,real,jpeg_q30,0.005226,0,1
data\val\real\000000034760.jpg,0,real,jpeg_q30,0.055741,0,1
data\val\real\000000034873.jpg,0,real,jpeg_q30,0.144176,0,1
data\val\real\000000035062.jpg,0,real,jpeg_q30,0.051436,0,1
data\val\real\000000035197.jpg,0,real,jpeg_q30,0.288733,0,1
data\val\real\000000035279.jpg,0,real,jpeg_q30,0.344078,0,1
data\val\real\000000035326.jpg,0,real,jpeg_q30,0.078463,0,1
data\val\real\000000035682.jpg,0,real,jpeg_q30,0.072048,0,1
data\val\real\000000035770.jpg,0,real,jpeg_q30,0.062231,0,1
data\val\real\000000035963.jpg,0,real,jpeg_q30,0.000744,0,1
data\val\real\000000036494.jpg,0,real,jpeg_q30,0.530123,1,0
data\val\real\000000036539.jpg,0,real,jpeg_q30,0.002591,0,1
data\val\real\000000036660.jpg,0,real,jpeg_q30,0.046456,0,1
data\val\real\000000036678.jpg,0,real,jpeg_q30,0.025234,0,1
data\val\real\000000036844.jpg,0,real,jpeg_q30,0.092932,0,1
data\val\real\000000036861.jpg,0,real,jpeg_q30,0.335883,0,1
data\val\real\000000036936.jpg,0,real,jpeg_q30,0.002336,0,1
data\val\real\000000037670.jpg,0,real,jpeg_q30,0.332836,0,1
data\val\real\000000037689.jpg,0,real,jpeg_q30,0.079221,0,1
data\val\real\000000037740.jpg,0,real,jpeg_q30,0.552664,1,0
data\val\real\000000037751.jpg,0,real,jpeg_q30,0.026401,0,1
data\val\real\000000037777.jpg,0,real,jpeg_q30,0.594991,1,0
data\val\real\000000037988.jpg,0,real,jpeg_q30,0.030759,0,1
data\val\real\000000038048.jpg,0,real,jpeg_q30,0.020514,0,1
data\val\real\000000038070.jpg,0,real,jpeg_q30,0.100166,0,1
data\val\real\000000038118.jpg,0,real,jpeg_q30,0.131953,0,1
data\val\real\000000038210.jpg,0,real,jpeg_q30,0.154260,0,1
data\val\real\000000038576.jpg,0,real,jpeg_q30,0.909174,1,0
data\val\real\000000038678.jpg,0,real,jpeg_q30,0.002817,0,1
data\val\real\000000038825.jpg,0,real,jpeg_q30,0.107162,0,1
data\val\real\000000038829.jpg,0,real,jpeg_q30,0.006353,0,1
data\val\real\000000039405.jpg,0,real,jpeg_q30,0.018154,0,1
data\val\real\000000039477.jpg,0,real,jpeg_q30,0.633861,1,0
data\val\real\000000039480.jpg,0,real,jpeg_q30,0.236855,0,1
data\val\real\000000039484.jpg,0,real,jpeg_q30,0.449383,0,1
data\val\real\000000039551.jpg,0,real,jpeg_q30,0.620346,1,0
data\val\real\000000039670.jpg,0,real,jpeg_q30,0.338993,0,1
data\val\real\000000039769.jpg,0,real,jpeg_q30,0.003850,0,1
data\val\real\000000039785.jpg,0,real,jpeg_q30,0.074420,0,1
data\val\real\000000039914.jpg,0,real,jpeg_q30,0.000603,0,1
data\val\real\000000039951.jpg,0,real,jpeg_q30,0.037677,0,1
data\val\real\000000039956.jpg,0,real,jpeg_q30,0.502261,1,0
data\val\real\000000040036.jpg,0,real,jpeg_q30,0.006469,0,1
data\val\real\000000040083.jpg,0,real,jpeg_q30,0.022581,0,1
data\val\real\000000040471.jpg,0,real,jpeg_q30,0.030741,0,1
data\val\real\000000040757.jpg,0,real,jpeg_q30,0.020840,0,1
data\val\real\000000041488.jpg,0,real,jpeg_q30,0.147332,0,1
data\val\real\000000041633.jpg,0,real,jpeg_q30,0.222730,0,1
data\val\real\000000041635.jpg,0,real,jpeg_q30,0.089756,0,1
data\val\real\000000041872.jpg,0,real,jpeg_q30,0.471811,0,1
data\val\real\000000041888.jpg,0,real,jpeg_q30,0.009694,0,1
data\val\real\000000041990.jpg,0,real,jpeg_q30,0.004278,0,1
data\val\real\000000042070.jpg,0,real,jpeg_q30,0.601150,1,0
data\val\real\000000042102.jpg,0,real,jpeg_q30,0.009350,0,1
data\val\real\000000042178.jpg,0,real,jpeg_q30,0.753889,1,0
data\val\real\000000042276.jpg,0,real,jpeg_q30,0.008843,0,1
data\val\real\000000042296.jpg,0,real,jpeg_q30,0.002916,0,1
data\val\real\000000042528.jpg,0,real,jpeg_q30,0.017838,0,1
data\val\real\000000042563.jpg,0,real,jpeg_q30,0.196192,0,1
data\val\real\000000042628.jpg,0,real,jpeg_q30,0.013063,0,1
data\val\real\000000042888.jpg,0,real,jpeg_q30,0.009111,0,1
data\val\real\000000042889.jpg,0,real,jpeg_q30,0.005581,0,1
data\val\real\000000043314.jpg,0,real,jpeg_q30,0.005914,0,1
data\val\real\000000043435.jpg,0,real,jpeg_q30,0.100846,0,1
data\val\real\000000043581.jpg,0,real,jpeg_q30,0.055440,0,1
data\val\real\000000043737.jpg,0,real,jpeg_q30,0.384250,0,1
data\val\real\000000043816.jpg,0,real,jpeg_q30,0.029094,0,1
data\val\real\000000044068.jpg,0,real,jpeg_q30,0.021673,0,1
data\val\real\000000044195.jpg,0,real,jpeg_q30,0.040052,0,1
data\val\real\000000044260.jpg,0,real,jpeg_q30,0.621197,1,0
data\val\real\000000044279.jpg,0,real,jpeg_q30,0.039991,0,1
data\val\real\000000044590.jpg,0,real,jpeg_q30,0.037319,0,1
data\val\real\000000044652.jpg,0,real,jpeg_q30,0.016303,0,1
data\val\real\000000044699.jpg,0,real,jpeg_q30,0.071109,0,1
data\val\real\000000044877.jpg,0,real,jpeg_q30,0.082839,0,1
data\val\real\000000045070.jpg,0,real,jpeg_q30,0.023968,0,1
data\val\real\000000045090.jpg,0,real,jpeg_q30,0.082823,0,1
data\val\real\000000045229.jpg,0,real,jpeg_q30,0.957595,1,0
data\val\real\000000045472.jpg,0,real,jpeg_q30,0.076367,0,1
data\val\real\000000045550.jpg,0,real,jpeg_q30,0.002601,0,1
data\val\real\000000045596.jpg,0,real,jpeg_q30,0.092403,0,1
data\val\real\000000045728.jpg,0,real,jpeg_q30,0.022127,0,1
data\val\real\000000046031.jpg,0,real,jpeg_q30,0.156005,0,1
data\val\real\000000046048.jpg,0,real,jpeg_q30,0.041378,0,1
data\val\real\000000046252.jpg,0,real,jpeg_q30,0.247326,0,1
data\val\real\000000046378.jpg,0,real,jpeg_q30,0.003713,0,1
data\val\real\000000046463.jpg,0,real,jpeg_q30,0.009303,0,1
data\val\real\000000046497.jpg,0,real,jpeg_q30,0.000724,0,1
data\val\real\000000046804.jpg,0,real,jpeg_q30,0.022782,0,1
data\val\real\000000046872.jpg,0,real,jpeg_q30,0.373770,0,1
data\val\real\000000047010.jpg,0,real,jpeg_q30,0.381559,0,1
data\val\real\000000047112.jpg,0,real,jpeg_q30,0.065006,0,1
data\val\real\000000047121.jpg,0,real,jpeg_q30,0.005426,0,1
data\val\real\000000047571.jpg,0,real,jpeg_q30,0.145058,0,1
data\val\real\000000047585.jpg,0,real,jpeg_q30,0.001054,0,1
data\val\real\000000047740.jpg,0,real,jpeg_q30,0.000978,0,1
data\val\real\000000047769.jpg,0,real,jpeg_q30,0.125239,0,1
data\val\real\000000047801.jpg,0,real,jpeg_q30,0.016848,0,1
data\val\real\000000047819.jpg,0,real,jpeg_q30,0.006394,0,1
data\val\real\000000047828.jpg,0,real,jpeg_q30,0.444855,0,1
data\val\real\000000048153.jpg,0,real,jpeg_q30,0.014382,0,1
data\val\real\000000048396.jpg,0,real,jpeg_q30,0.003874,0,1
data\val\real\000000048504.jpg,0,real,jpeg_q30,0.417840,0,1
data\val\real\000000048555.jpg,0,real,jpeg_q30,0.444992,0,1
data\val\real\000000048564.jpg,0,real,jpeg_q30,0.005617,0,1
data\val\real\000000048924.jpg,0,real,jpeg_q30,0.977443,1,0
data\val\real\000000049060.jpg,0,real,jpeg_q30,0.008859,0,1
data\val\real\000000049091.jpg,0,real,jpeg_q30,0.199885,0,1
data\val\real\000000049259.jpg,0,real,jpeg_q30,0.047884,0,1
data\val\real\000000049269.jpg,0,real,jpeg_q30,0.038639,0,1
data\val\real\000000049759.jpg,0,real,jpeg_q30,0.067261,0,1
data\val\real\000000049761.jpg,0,real,jpeg_q30,0.014874,0,1
data\val\real\000000049810.jpg,0,real,jpeg_q30,0.128683,0,1
data\val\real\000000050006.jpg,0,real,jpeg_q30,0.246923,0,1
data\val\real\000000050145.jpg,0,real,jpeg_q30,0.001579,0,1
data\val\real\000000050149.jpg,0,real,jpeg_q30,0.125409,0,1
data\val\real\000000050165.jpg,0,real,jpeg_q30,0.340094,0,1
data\val\real\000000050326.jpg,0,real,jpeg_q30,0.000345,0,1
data\val\real\000000050331.jpg,0,real,jpeg_q30,0.045142,0,1
data\val\real\000000050380.jpg,0,real,jpeg_q30,0.022460,0,1
data\val\real\000000050638.jpg,0,real,jpeg_q30,0.195461,0,1
data\val\real\000000050679.jpg,0,real,jpeg_q30,0.732305,1,0
data\val\real\000000050811.jpg,0,real,jpeg_q30,0.000827,0,1
data\val\real\000000050828.jpg,0,real,jpeg_q30,0.137936,0,1
data\val\real\000000050844.jpg,0,real,jpeg_q30,0.061106,0,1
data\val\real\000000050896.jpg,0,real,jpeg_q30,0.207817,0,1
data\val\real\000000050943.jpg,0,real,jpeg_q30,0.100024,0,1
data\val\real\000000051008.jpg,0,real,jpeg_q30,0.004657,0,1
data\val\real\000000051309.jpg,0,real,jpeg_q30,0.059011,0,1
data\val\real\000000051314.jpg,0,real,jpeg_q30,0.100352,0,1
data\val\real\000000051326.jpg,0,real,jpeg_q30,0.014707,0,1
data\val\real\000000051598.jpg,0,real,jpeg_q30,0.021579,0,1
data\val\real\000000051610.jpg,0,real,jpeg_q30,0.442743,0,1
data\val\real\000000051712.jpg,0,real,jpeg_q30,0.263528,0,1
data\val\real\000000051738.jpg,0,real,jpeg_q30,0.228495,0,1
data\val\real\000000051938.jpg,0,real,jpeg_q30,0.014060,0,1
data\val\real\000000051961.jpg,0,real,jpeg_q30,0.100116,0,1
data\val\real\000000051976.jpg,0,real,jpeg_q30,0.131045,0,1
data\val\real\000000052007.jpg,0,real,jpeg_q30,0.088132,0,1
data\val\real\000000052017.jpg,0,real,jpeg_q30,0.021053,0,1
data\val\real\000000052412.jpg,0,real,jpeg_q30,0.127498,0,1
data\val\real\000000052413.jpg,0,real,jpeg_q30,0.002817,0,1
data\val\real\000000052462.jpg,0,real,jpeg_q30,0.225121,0,1
data\val\real\000000052507.jpg,0,real,jpeg_q30,0.040793,0,1
data\val\real\000000052565.jpg,0,real,jpeg_q30,0.290427,0,1
data\val\real\000000052591.jpg,0,real,jpeg_q30,0.130058,0,1
data\val\real\000000052891.jpg,0,real,jpeg_q30,0.003863,0,1
data\val\real\000000052996.jpg,0,real,jpeg_q30,0.012185,0,1
data\val\real\000000053505.jpg,0,real,jpeg_q30,0.160784,0,1
data\val\real\000000053529.jpg,0,real,jpeg_q30,0.003964,0,1
data\val\real\000000053624.jpg,0,real,jpeg_q30,0.014969,0,1
data\val\real\000000053626.jpg,0,real,jpeg_q30,0.001870,0,1
data\val\real\000000053909.jpg,0,real,jpeg_q30,0.094491,0,1
data\val\real\000000053994.jpg,0,real,jpeg_q30,0.672028,1,0
data\val\real\000000054123.jpg,0,real,jpeg_q30,0.598374,1,0
data\val\real\000000054164.jpg,0,real,jpeg_q30,0.078264,0,1
data\val\real\000000054592.jpg,0,real,jpeg_q30,0.154029,0,1
data\val\real\000000054593.jpg,0,real,jpeg_q30,0.125365,0,1
data\val\real\000000054605.jpg,0,real,jpeg_q30,0.058761,0,1
data\val\real\000000054628.jpg,0,real,jpeg_q30,0.016439,0,1
data\val\real\000000054654.jpg,0,real,jpeg_q30,0.005663,0,1
data\val\real\000000054931.jpg,0,real,jpeg_q30,0.432537,0,1
data\val\real\000000054967.jpg,0,real,jpeg_q30,0.567055,1,0
data\val\real\000000055002.jpg,0,real,jpeg_q30,0.019722,0,1
data\val\real\000000055022.jpg,0,real,jpeg_q30,0.121684,0,1
data\val\real\000000055072.jpg,0,real,jpeg_q30,0.124878,0,1
data\val\real\000000055150.jpg,0,real,jpeg_q30,0.059327,0,1
data\val\real\000000055167.jpg,0,real,jpeg_q30,0.018442,0,1
data\val\real\000000055299.jpg,0,real,jpeg_q30,0.148341,0,1
data\val\real\000000055528.jpg,0,real,jpeg_q30,0.003654,0,1
data\val\real\000000055950.jpg,0,real,jpeg_q30,0.088213,0,1
data\val\real\000000056127.jpg,0,real,jpeg_q30,0.383392,0,1
data\val\real\000000056288.jpg,0,real,jpeg_q30,0.026375,0,1
data\val\real\000000056344.jpg,0,real,jpeg_q30,0.485429,0,1
data\val\real\000000056350.jpg,0,real,jpeg_q30,0.255749,0,1
data\val\real\000000056545.jpg,0,real,jpeg_q30,0.010089,0,1
data\val\ai\ai_000001.png,1,ai,jpeg_q30,0.980599,1,1
data\val\ai\ai_000002.png,1,ai,jpeg_q30,0.984303,1,1
data\val\ai\ai_000003.png,1,ai,jpeg_q30,0.987288,1,1
data\val\ai\ai_000004.png,1,ai,jpeg_q30,0.985690,1,1
data\val\ai\ai_000005.png,1,ai,jpeg_q30,0.837287,1,1
data\val\ai\ai_000006.png,1,ai,jpeg_q30,0.874739,1,1
data\val\ai\ai_000007.png,1,ai,jpeg_q30,0.977846,1,1
data\val\ai\ai_000008.png,1,ai,jpeg_q30,0.928199,1,1
data\val\ai\ai_000009.png,1,ai,jpeg_q30,0.964100,1,1
data\val\ai\ai_000010.png,1,ai,jpeg_q30,0.988801,1,1
data\val\ai\ai_000011.png,1,ai,jpeg_q30,0.978567,1,1
data\val\ai\ai_000012.png,1,ai,jpeg_q30,0.987519,1,1
data\val\ai\ai_000013.png,1,ai,jpeg_q30,0.994749,1,1
data\val\ai\ai_000014.png,1,ai,jpeg_q30,0.996927,1,1
data\val\ai\ai_000015.png,1,ai,jpeg_q30,0.995887,1,1
data\val\ai\ai_000016.png,1,ai,jpeg_q30,0.909751,1,1
data\val\ai\ai_000017.png,1,ai,jpeg_q30,0.970732,1,1
data\val\ai\ai_000018.png,1,ai,jpeg_q30,0.991312,1,1
data\val\ai\ai_000019.png,1,ai,jpeg_q30,0.774222,1,1
data\val\ai\ai_000020.png,1,ai,jpeg_q30,0.881659,1,1
data\val\ai\ai_000021.png,1,ai,jpeg_q30,0.996790,1,1
data\val\ai\ai_000022.png,1,ai,jpeg_q30,0.770484,1,1
data\val\ai\ai_000023.png,1,ai,jpeg_q30,0.974071,1,1
data\val\ai\ai_000024.png,1,ai,jpeg_q30,0.954723,1,1
data\val\ai\ai_000025.png,1,ai,jpeg_q30,0.981851,1,1
data\val\ai\ai_000026.png,1,ai,jpeg_q30,0.347194,0,0
data\val\ai\ai_000027.png,1,ai,jpeg_q30,0.961393,1,1
data\val\ai\ai_000028.png,1,ai,jpeg_q30,0.986382,1,1
data\val\ai\ai_000029.png,1,ai,jpeg_q30,0.990449,1,1
data\val\ai\ai_000030.png,1,ai,jpeg_q30,0.849835,1,1
data\val\ai\ai_000031.png,1,ai,jpeg_q30,0.915899,1,1
data\val\ai\ai_000032.png,1,ai,jpeg_q30,0.975994,1,1
data\val\ai\ai_000033.png,1,ai,jpeg_q30,0.991100,1,1
data\val\ai\ai_000034.png,1,ai,jpeg_q30,0.992290,1,1
data\val\ai\ai_000035.png,1,ai,jpeg_q30,0.985791,1,1
data\val\ai\ai_000036.png,1,ai,jpeg_q30,0.994110,1,1
data\val\ai\ai_000037.png,1,ai,jpeg_q30,0.963162,1,1
data\val\ai\ai_000038.png,1,ai,jpeg_q30,0.944494,1,1
data\val\ai\ai_000039.png,1,ai,jpeg_q30,0.992494,1,1
data\val\ai\ai_000040.png,1,ai,jpeg_q30,0.335796,0,0
data\val\ai\ai_000041.png,1,ai,jpeg_q30,0.999653,1,1
data\val\ai\ai_000042.png,1,ai,jpeg_q30,0.999022,1,1
data\val\ai\ai_000043.png,1,ai,jpeg_q30,0.999612,1,1
data\val\ai\ai_000044.png,1,ai,jpeg_q30,0.802727,1,1
data\val\ai\ai_000045.png,1,ai,jpeg_q30,0.998786,1,1
data\val\ai\ai_000046.png,1,ai,jpeg_q30,0.268589,0,0
data\val\ai\ai_000047.png,1,ai,jpeg_q30,0.980628,1,1
data\val\ai\ai_000048.png,1,ai,jpeg_q30,0.930568,1,1
data\val\ai\ai_000049.png,1,ai,jpeg_q30,0.973953,1,1
data\val\ai\ai_000050.png,1,ai,jpeg_q30,0.981730,1,1
data\val\ai\ai_000051.png,1,ai,jpeg_q30,0.985973,1,1
data\val\ai\ai_000052.png,1,ai,jpeg_q30,0.997713,1,1
data\val\ai\ai_000053.png,1,ai,jpeg_q30,0.971361,1,1
data\val\ai\ai_000054.png,1,ai,jpeg_q30,0.996825,1,1
data\val\ai\ai_000055.png,1,ai,jpeg_q30,0.691479,1,1
data\val\ai\ai_000056.png,1,ai,jpeg_q30,0.948797,1,1
data\val\ai\ai_000057.png,1,ai,jpeg_q30,0.990638,1,1
data\val\ai\ai_000058.png,1,ai,jpeg_q30,0.610901,1,1
data\val\ai\ai_000059.png,1,ai,jpeg_q30,0.949005,1,1
data\val\ai\ai_000060.png,1,ai,jpeg_q30,0.816191,1,1
data\val\ai\ai_000061.png,1,ai,jpeg_q30,0.980213,1,1
data\val\ai\ai_000062.png,1,ai,jpeg_q30,0.910180,1,1
data\val\ai\ai_000063.png,1,ai,jpeg_q30,0.996619,1,1
data\val\ai\ai_000064.png,1,ai,jpeg_q30,0.815839,1,1
data\val\ai\ai_000065.png,1,ai,jpeg_q30,0.967039,1,1
data\val\ai\ai_000066.png,1,ai,jpeg_q30,0.914402,1,1
data\val\ai\ai_000067.png,1,ai,jpeg_q30,0.999302,1,1
data\val\ai\ai_000068.png,1,ai,jpeg_q30,0.902876,1,1
data\val\ai\ai_000069.png,1,ai,jpeg_q30,0.993855,1,1
data\val\ai\ai_000070.png,1,ai,jpeg_q30,0.966362,1,1
data\val\ai\ai_000071.png,1,ai,jpeg_q30,0.998173,1,1
data\val\ai\ai_000072.png,1,ai,jpeg_q30,0.797355,1,1
data\val\ai\ai_000073.png,1,ai,jpeg_q30,0.998440,1,1
data\val\ai\ai_000074.png,1,ai,jpeg_q30,0.995747,1,1
data\val\ai\ai_000075.png,1,ai,jpeg_q30,0.996315,1,1
data\val\ai\ai_000076.png,1,ai,jpeg_q30,0.987322,1,1
data\val\ai\ai_000077.png,1,ai,jpeg_q30,0.977542,1,1
data\val\ai\ai_000078.png,1,ai,jpeg_q30,0.407686,0,0
data\val\ai\ai_000079.png,1,ai,jpeg_q30,0.932710,1,1
data\val\ai\ai_000080.png,1,ai,jpeg_q30,0.897689,1,1
data\val\ai\ai_000081.png,1,ai,jpeg_q30,0.997490,1,1
data\val\ai\ai_000082.png,1,ai,jpeg_q30,0.998521,1,1
data\val\ai\ai_000083.png,1,ai,jpeg_q30,0.995304,1,1
data\val\ai\ai_000084.png,1,ai,jpeg_q30,0.989929,1,1
data\val\ai\ai_000085.png,1,ai,jpeg_q30,0.973238,1,1
data\val\ai\ai_000086.png,1,ai,jpeg_q30,0.698347,1,1
data\val\ai\ai_000087.png,1,ai,jpeg_q30,0.982569,1,1
data\val\ai\ai_000088.png,1,ai,jpeg_q30,0.927617,1,1
data\val\ai\ai_000089.png,1,ai,jpeg_q30,0.972319,1,1
data\val\ai\ai_000090.png,1,ai,jpeg_q30,0.949014,1,1
data\val\ai\ai_000091.png,1,ai,jpeg_q30,0.984125,1,1
data\val\ai\ai_000092.png,1,ai,jpeg_q30,0.996260,1,1
data\val\ai\ai_000093.png,1,ai,jpeg_q30,0.995383,1,1
data\val\ai\ai_000094.png,1,ai,jpeg_q30,0.999406,1,1
data\val\ai\ai_000095.png,1,ai,jpeg_q30,0.991764,1,1
data\val\ai\ai_000096.png,1,ai,jpeg_q30,0.990838,1,1
data\val\ai\ai_000097.png,1,ai,jpeg_q30,0.872360,1,1
data\val\ai\ai_000098.png,1,ai,jpeg_q30,0.894108,1,1
data\val\ai\ai_000099.png,1,ai,jpeg_q30,0.876120,1,1
data\val\ai\ai_000100.png,1,ai,jpeg_q30,0.959561,1,1
data\val\ai\ai_000101.png,1,ai,jpeg_q30,0.992488,1,1
data\val\ai\ai_000102.png,1,ai,jpeg_q30,0.406540,0,0
data\val\ai\ai_000103.png,1,ai,jpeg_q30,0.995170,1,1
data\val\ai\ai_000104.png,1,ai,jpeg_q30,0.982817,1,1
data\val\ai\ai_000105.png,1,ai,jpeg_q30,0.738040,1,1
data\val\ai\ai_000106.png,1,ai,jpeg_q30,0.760651,1,1
data\val\ai\ai_000107.png,1,ai,jpeg_q30,0.946933,1,1
data\val\ai\ai_000108.png,1,ai,jpeg_q30,0.981509,1,1
data\val\ai\ai_000109.png,1,ai,jpeg_q30,0.999047,1,1
data\val\ai\ai_000110.png,1,ai,jpeg_q30,0.933450,1,1
data\val\ai\ai_000111.png,1,ai,jpeg_q30,0.905655,1,1
data\val\ai\ai_000112.png,1,ai,jpeg_q30,0.733612,1,1
data\val\ai\ai_000113.png,1,ai,jpeg_q30,0.965067,1,1
data\val\ai\ai_000114.png,1,ai,jpeg_q30,0.980268,1,1
data\val\ai\ai_000115.png,1,ai,jpeg_q30,0.983414,1,1
data\val\ai\ai_000116.png,1,ai,jpeg_q30,0.830598,1,1
data\val\ai\ai_000117.png,1,ai,jpeg_q30,0.977498,1,1
data\val\ai\ai_000118.png,1,ai,jpeg_q30,0.982720,1,1
data\val\ai\ai_000119.png,1,ai,jpeg_q30,0.924105,1,1
data\val\ai\ai_000120.png,1,ai,jpeg_q30,0.876950,1,1
data\val\ai\ai_000121.png,1,ai,jpeg_q30,0.998811,1,1
data\val\ai\ai_000122.png,1,ai,jpeg_q30,0.973140,1,1
data\val\ai\ai_000123.png,1,ai,jpeg_q30,0.976647,1,1
data\val\ai\ai_000124.png,1,ai,jpeg_q30,0.694865,1,1
data\val\ai\ai_000125.png,1,ai,jpeg_q30,0.997974,1,1
data\val\ai\ai_000126.png,1,ai,jpeg_q30,0.965942,1,1
data\val\ai\ai_000127.png,1,ai,jpeg_q30,0.987108,1,1
data\val\ai\ai_000128.png,1,ai,jpeg_q30,0.934428,1,1
data\val\ai\ai_000129.png,1,ai,jpeg_q30,0.969804,1,1
data\val\ai\ai_000130.png,1,ai,jpeg_q30,0.400021,0,0
data\val\ai\ai_000131.png,1,ai,jpeg_q30,0.996248,1,1
data\val\ai\ai_000132.png,1,ai,jpeg_q30,0.956534,1,1
data\val\ai\ai_000133.png,1,ai,jpeg_q30,0.996376,1,1
data\val\ai\ai_000134.png,1,ai,jpeg_q30,0.982678,1,1
data\val\ai\ai_000135.png,1,ai,jpeg_q30,0.999512,1,1
data\val\ai\ai_000136.png,1,ai,jpeg_q30,0.742378,1,1
data\val\ai\ai_000137.png,1,ai,jpeg_q30,0.942103,1,1
data\val\ai\ai_000138.png,1,ai,jpeg_q30,0.888272,1,1
data\val\ai\ai_000139.png,1,ai,jpeg_q30,0.993734,1,1
data\val\ai\ai_000140.png,1,ai,jpeg_q30,0.862150,1,1
data\val\ai\ai_000141.png,1,ai,jpeg_q30,0.997562,1,1
data\val\ai\ai_000142.png,1,ai,jpeg_q30,0.972327,1,1
data\val\ai\ai_000143.png,1,ai,jpeg_q30,0.999211,1,1
data\val\ai\ai_000144.png,1,ai,jpeg_q30,0.987227,1,1
data\val\ai\ai_000145.png,1,ai,jpeg_q30,0.994201,1,1
data\val\ai\ai_000146.png,1,ai,jpeg_q30,0.990772,1,1
data\val\ai\ai_000147.png,1,ai,jpeg_q30,0.992004,1,1
data\val\ai\ai_000148.png,1,ai,jpeg_q30,0.234415,0,0
data\val\ai\ai_000149.png,1,ai,jpeg_q30,0.995992,1,1
data\val\ai\ai_000150.png,1,ai,jpeg_q30,0.608397,1,1
data\val\ai\ai_000151.png,1,ai,jpeg_q30,0.855157,1,1
data\val\ai\ai_000152.png,1,ai,jpeg_q30,0.957063,1,1
data\val\ai\ai_000153.png,1,ai,jpeg_q30,0.999019,1,1
data\val\ai\ai_000154.png,1,ai,jpeg_q30,0.996678,1,1
data\val\ai\ai_000155.png,1,ai,jpeg_q30,0.956841,1,1
data\val\ai\ai_000156.png,1,ai,jpeg_q30,0.648773,1,1
data\val\ai\ai_000157.png,1,ai,jpeg_q30,0.986201,1,1
data\val\ai\ai_000158.png,1,ai,jpeg_q30,0.581667,1,1
data\val\ai\ai_000159.png,1,ai,jpeg_q30,0.994134,1,1
data\val\ai\ai_000160.png,1,ai,jpeg_q30,0.257162,0,0
data\val\ai\ai_000161.png,1,ai,jpeg_q30,0.995311,1,1
data\val\ai\ai_000162.png,1,ai,jpeg_q30,0.972024,1,1
data\val\ai\ai_000163.png,1,ai,jpeg_q30,0.997386,1,1
data\val\ai\ai_000164.png,1,ai,jpeg_q30,0.997700,1,1
data\val\ai\ai_000165.png,1,ai,jpeg_q30,0.998431,1,1
data\val\ai\ai_000166.png,1,ai,jpeg_q30,0.963939,1,1
data\val\ai\ai_000167.png,1,ai,jpeg_q30,0.967501,1,1
data\val\ai\ai_000168.png,1,ai,jpeg_q30,0.694401,1,1
data\val\ai\ai_000169.png,1,ai,jpeg_q30,0.991841,1,1
data\val\ai\ai_000170.png,1,ai,jpeg_q30,0.983049,1,1
data\val\ai\ai_000171.png,1,ai,jpeg_q30,0.987528,1,1
data\val\ai\ai_000172.png,1,ai,jpeg_q30,0.967177,1,1
data\val\ai\ai_000173.png,1,ai,jpeg_q30,0.989016,1,1
data\val\ai\ai_000174.png,1,ai,jpeg_q30,0.999824,1,1
data\val\ai\ai_000175.png,1,ai,jpeg_q30,0.995247,1,1
data\val\ai\ai_000176.png,1,ai,jpeg_q30,0.980758,1,1
data\val\ai\ai_000177.png,1,ai,jpeg_q30,0.904376,1,1
data\val\ai\ai_000178.png,1,ai,jpeg_q30,0.817217,1,1
data\val\ai\ai_000179.png,1,ai,jpeg_q30,0.998568,1,1
data\val\ai\ai_000180.png,1,ai,jpeg_q30,0.945906,1,1
data\val\ai\ai_000181.png,1,ai,jpeg_q30,0.984134,1,1
data\val\ai\ai_000182.png,1,ai,jpeg_q30,0.916200,1,1
data\val\ai\ai_000183.png,1,ai,jpeg_q30,0.978388,1,1
data\val\ai\ai_000184.png,1,ai,jpeg_q30,0.993023,1,1
data\val\ai\ai_000185.png,1,ai,jpeg_q30,0.927037,1,1
data\val\ai\ai_000186.png,1,ai,jpeg_q30,0.824626,1,1
data\val\ai\ai_000187.png,1,ai,jpeg_q30,0.984566,1,1
data\val\ai\ai_000188.png,1,ai,jpeg_q30,0.668258,1,1
data\val\ai\ai_000189.png,1,ai,jpeg_q30,0.989244,1,1
data\val\ai\ai_000190.png,1,ai,jpeg_q30,0.965209,1,1
data\val\ai\ai_000191.png,1,ai,jpeg_q30,0.942457,1,1
data\val\ai\ai_000192.png,1,ai,jpeg_q30,0.995747,1,1
data\val\ai\ai_000193.png,1,ai,jpeg_q30,0.996463,1,1
data\val\ai\ai_000194.png,1,ai,jpeg_q30,0.957797,1,1
data\val\ai\ai_000195.png,1,ai,jpeg_q30,0.984842,1,1
data\val\ai\ai_000196.png,1,ai,jpeg_q30,0.977362,1,1
data\val\ai\ai_000197.png,1,ai,jpeg_q30,0.893146,1,1
data\val\ai\ai_000198.png,1,ai,jpeg_q30,0.973575,1,1
data\val\ai\ai_000199.png,1,ai,jpeg_q30,0.938162,1,1
data\val\ai\ai_000200.png,1,ai,jpeg_q30,0.975228,1,1
data\val\ai\ai_000201.png,1,ai,jpeg_q30,0.977298,1,1
data\val\ai\ai_000202.png,1,ai,jpeg_q30,0.777729,1,1
data\val\ai\ai_000203.png,1,ai,jpeg_q30,0.995024,1,1
data\val\ai\ai_000204.png,1,ai,jpeg_q30,0.995760,1,1
data\val\ai\ai_000205.png,1,ai,jpeg_q30,0.793107,1,1
data\val\ai\ai_000206.png,1,ai,jpeg_q30,0.998325,1,1
data\val\ai\ai_000207.png,1,ai,jpeg_q30,0.918071,1,1
data\val\ai\ai_000208.png,1,ai,jpeg_q30,0.962728,1,1
data\val\ai\ai_000209.png,1,ai,jpeg_q30,0.998733,1,1
data\val\ai\ai_000210.png,1,ai,jpeg_q30,0.921851,1,1
data\val\ai\ai_000211.png,1,ai,jpeg_q30,0.993835,1,1
data\val\ai\ai_000212.png,1,ai,jpeg_q30,0.998711,1,1
data\val\ai\ai_000213.png,1,ai,jpeg_q30,0.988857,1,1
data\val\ai\ai_000214.png,1,ai,jpeg_q30,0.999578,1,1
data\val\ai\ai_000215.png,1,ai,jpeg_q30,0.972916,1,1
data\val\ai\ai_000216.png,1,ai,jpeg_q30,0.931035,1,1
data\val\ai\ai_000217.png,1,ai,jpeg_q30,0.947394,1,1
data\val\ai\ai_000218.png,1,ai,jpeg_q30,0.773447,1,1
data\val\ai\ai_000219.png,1,ai,jpeg_q30,0.986771,1,1
data\val\ai\ai_000220.png,1,ai,jpeg_q30,0.422502,0,0
data\val\ai\ai_000221.png,1,ai,jpeg_q30,0.984273,1,1
data\val\ai\ai_000222.png,1,ai,jpeg_q30,0.958456,1,1
data\val\ai\ai_000223.png,1,ai,jpeg_q30,0.994154,1,1
data\val\ai\ai_000224.png,1,ai,jpeg_q30,0.976698,1,1
data\val\ai\ai_000225.png,1,ai,jpeg_q30,0.953496,1,1
data\val\ai\ai_000226.png,1,ai,jpeg_q30,0.981561,1,1
data\val\ai\ai_000227.png,1,ai,jpeg_q30,0.977145,1,1
data\val\ai\ai_000228.png,1,ai,jpeg_q30,0.145237,0,0
data\val\ai\ai_000229.png,1,ai,jpeg_q30,0.997708,1,1
data\val\ai\ai_000230.png,1,ai,jpeg_q30,0.929250,1,1
data\val\ai\ai_000231.png,1,ai,jpeg_q30,0.999640,1,1
data\val\ai\ai_000232.png,1,ai,jpeg_q30,0.824322,1,1
data\val\ai\ai_000233.png,1,ai,jpeg_q30,0.971771,1,1
data\val\ai\ai_000234.png,1,ai,jpeg_q30,0.999712,1,1
data\val\ai\ai_000235.png,1,ai,jpeg_q30,0.997791,1,1
data\val\ai\ai_000236.png,1,ai,jpeg_q30,0.738961,1,1
data\val\ai\ai_000237.png,1,ai,jpeg_q30,0.948064,1,1
data\val\ai\ai_000238.png,1,ai,jpeg_q30,0.702174,1,1
data\val\ai\ai_000239.png,1,ai,jpeg_q30,0.866420,1,1
data\val\ai\ai_000240.png,1,ai,jpeg_q30,0.761447,1,1
data\val\ai\ai_000241.png,1,ai,jpeg_q30,0.981477,1,1
data\val\ai\ai_000242.png,1,ai,jpeg_q30,0.994595,1,1
data\val\ai\ai_000243.png,1,ai,jpeg_q30,0.969649,1,1
data\val\ai\ai_000244.png,1,ai,jpeg_q30,0.997389,1,1
data\val\ai\ai_000245.png,1,ai,jpeg_q30,0.863834,1,1
data\val\ai\ai_000246.png,1,ai,jpeg_q30,0.992509,1,1
data\val\ai\ai_000247.png,1,ai,jpeg_q30,0.979570,1,1
data\val\ai\ai_000248.png,1,ai,jpeg_q30,0.979876,1,1
data\val\ai\ai_000249.png,1,ai,jpeg_q30,0.996394,1,1
data\val\ai\ai_000250.png,1,ai,jpeg_q30,0.345247,0,0
data\val\ai\ai_000251.png,1,ai,jpeg_q30,0.974163,1,1
data\val\ai\ai_000252.png,1,ai,jpeg_q30,0.987374,1,1
data\val\ai\ai_000253.png,1,ai,jpeg_q30,0.994909,1,1
data\val\ai\ai_000254.png,1,ai,jpeg_q30,0.952801,1,1
data\val\ai\ai_000255.png,1,ai,jpeg_q30,0.860721,1,1
data\val\ai\ai_000256.png,1,ai,jpeg_q30,0.553944,1,1
data\val\ai\ai_000257.png,1,ai,jpeg_q30,0.992270,1,1
data\val\ai\ai_000258.png,1,ai,jpeg_q30,0.721140,1,1
data\val\ai\ai_000259.png,1,ai,jpeg_q30,0.995402,1,1
data\val\ai\ai_000260.png,1,ai,jpeg_q30,0.778982,1,1
data\val\ai\ai_000261.png,1,ai,jpeg_q30,0.986291,1,1
data\val\ai\ai_000262.png,1,ai,jpeg_q30,0.997439,1,1
data\val\ai\ai_000263.png,1,ai,jpeg_q30,0.991987,1,1
data\val\ai\ai_000264.png,1,ai,jpeg_q30,0.998325,1,1
data\val\ai\ai_000265.png,1,ai,jpeg_q30,0.990994,1,1
data\val\ai\ai_000266.png,1,ai,jpeg_q30,0.958921,1,1
data\val\ai\ai_000267.png,1,ai,jpeg_q30,0.997831,1,1
data\val\ai\ai_000268.png,1,ai,jpeg_q30,0.970224,1,1
data\val\ai\ai_000269.png,1,ai,jpeg_q30,0.978851,1,1
data\val\ai\ai_000270.png,1,ai,jpeg_q30,0.830853,1,1
data\val\ai\ai_000271.png,1,ai,jpeg_q30,0.987349,1,1
data\val\ai\ai_000272.png,1,ai,jpeg_q30,0.992031,1,1
data\val\ai\ai_000273.png,1,ai,jpeg_q30,0.997960,1,1
data\val\ai\ai_000274.png,1,ai,jpeg_q30,0.979876,1,1
data\val\ai\ai_000275.png,1,ai,jpeg_q30,0.988762,1,1
data\val\ai\ai_000276.png,1,ai,jpeg_q30,0.982812,1,1
data\val\ai\ai_000277.png,1,ai,jpeg_q30,0.912394,1,1
data\val\ai\ai_000278.png,1,ai,jpeg_q30,0.996735,1,1
data\val\ai\ai_000279.png,1,ai,jpeg_q30,0.994683,1,1
data\val\ai\ai_000280.png,1,ai,jpeg_q30,0.853587,1,1
data\val\ai\ai_000281.png,1,ai,jpeg_q30,0.955161,1,1
data\val\ai\ai_000282.png,1,ai,jpeg_q30,0.984453,1,1
data\val\ai\ai_000283.png,1,ai,jpeg_q30,0.996042,1,1
data\val\ai\ai_000284.png,1,ai,jpeg_q30,0.989468,1,1
data\val\ai\ai_000285.png,1,ai,jpeg_q30,0.996165,1,1
data\val\ai\ai_000286.png,1,ai,jpeg_q30,0.990133,1,1
data\val\ai\ai_000287.png,1,ai,jpeg_q30,0.981438,1,1
data\val\ai\ai_000288.png,1,ai,jpeg_q30,0.127507,0,0
data\val\ai\ai_000289.png,1,ai,jpeg_q30,0.994914,1,1
data\val\ai\ai_000290.png,1,ai,jpeg_q30,0.706979,1,1
data\val\ai\ai_000291.png,1,ai,jpeg_q30,0.996893,1,1
data\val\ai\ai_000292.png,1,ai,jpeg_q30,0.990471,1,1
data\val\ai\ai_000293.png,1,ai,jpeg_q30,0.307542,0,0
data\val\ai\ai_000294.png,1,ai,jpeg_q30,0.988147,1,1
data\val\ai\ai_000295.png,1,ai,jpeg_q30,0.971142,1,1
data\val\ai\ai_000296.png,1,ai,jpeg_q30,0.998203,1,1
data\val\ai\ai_000297.png,1,ai,jpeg_q30,0.984359,1,1
data\val\ai\ai_000298.png,1,ai,jpeg_q30,0.984678,1,1
data\val\ai\ai_000299.png,1,ai,jpeg_q30,0.952801,1,1
data\val\ai\ai_000300.png,1,ai,jpeg_q30,0.736587,1,1
data\val\ai\ai_000301.png,1,ai,jpeg_q30,0.831321,1,1
data\val\ai\ai_000302.png,1,ai,jpeg_q30,0.598464,1,1
data\val\ai\ai_000303.png,1,ai,jpeg_q30,0.976551,1,1
data\val\ai\ai_000304.png,1,ai,jpeg_q30,0.983980,1,1
data\val\ai\ai_000305.png,1,ai,jpeg_q30,0.847354,1,1
data\val\ai\ai_000306.png,1,ai,jpeg_q30,0.994874,1,1
data\val\ai\ai_000307.png,1,ai,jpeg_q30,0.958701,1,1
data\val\ai\ai_000308.png,1,ai,jpeg_q30,0.668453,1,1
data\val\ai\ai_000309.png,1,ai,jpeg_q30,0.912414,1,1
data\val\ai\ai_000310.png,1,ai,jpeg_q30,0.908524,1,1
data\val\ai\ai_000311.png,1,ai,jpeg_q30,0.976090,1,1
data\val\ai\ai_000312.png,1,ai,jpeg_q30,0.986790,1,1
data\val\ai\ai_000313.png,1,ai,jpeg_q30,0.737258,1,1
data\val\ai\ai_000314.png,1,ai,jpeg_q30,0.948976,1,1
data\val\ai\ai_000315.png,1,ai,jpeg_q30,0.982603,1,1
data\val\ai\ai_000316.png,1,ai,jpeg_q30,0.986218,1,1
data\val\ai\ai_000317.png,1,ai,jpeg_q30,0.998233,1,1
data\val\ai\ai_000318.png,1,ai,jpeg_q30,0.212018,0,0
data\val\ai\ai_000319.png,1,ai,jpeg_q30,0.984817,1,1
data\val\ai\ai_000320.png,1,ai,jpeg_q30,0.973010,1,1
data\val\ai\ai_000321.png,1,ai,jpeg_q30,0.990396,1,1
data\val\ai\ai_000322.png,1,ai,jpeg_q30,0.782140,1,1
data\val\ai\ai_000323.png,1,ai,jpeg_q30,0.996717,1,1
data\val\ai\ai_000324.png,1,ai,jpeg_q30,0.999691,1,1
data\val\ai\ai_000325.png,1,ai,jpeg_q30,0.961470,1,1
data\val\ai\ai_000326.png,1,ai,jpeg_q30,0.989424,1,1
data\val\ai\ai_000327.png,1,ai,jpeg_q30,0.998419,1,1
data\val\ai\ai_000328.png,1,ai,jpeg_q30,0.868122,1,1
data\val\ai\ai_000329.png,1,ai,jpeg_q30,0.980303,1,1
data\val\ai\ai_000330.png,1,ai,jpeg_q30,0.969162,1,1
data\val\ai\ai_000331.png,1,ai,jpeg_q30,0.995754,1,1
data\val\ai\ai_000332.png,1,ai,jpeg_q30,0.412666,0,0
data\val\ai\ai_000333.png,1,ai,jpeg_q30,0.991233,1,1
data\val\ai\ai_000334.png,1,ai,jpeg_q30,0.932712,1,1
data\val\ai\ai_000335.png,1,ai,jpeg_q30,0.984672,1,1
data\val\ai\ai_000336.png,1,ai,jpeg_q30,0.546188,1,1
data\val\ai\ai_000337.png,1,ai,jpeg_q30,0.996101,1,1
data\val\ai\ai_000338.png,1,ai,jpeg_q30,0.409938,0,0
data\val\ai\ai_000339.png,1,ai,jpeg_q30,0.992818,1,1
data\val\ai\ai_000340.png,1,ai,jpeg_q30,0.982157,1,1
data\val\ai\ai_000341.png,1,ai,jpeg_q30,0.972228,1,1
data\val\ai\ai_000342.png,1,ai,jpeg_q30,0.604138,1,1
data\val\ai\ai_000343.png,1,ai,jpeg_q30,0.987679,1,1
data\val\ai\ai_000344.png,1,ai,jpeg_q30,0.988749,1,1
data\val\ai\ai_000345.png,1,ai,jpeg_q30,0.989686,1,1
data\val\ai\ai_000346.png,1,ai,jpeg_q30,0.999262,1,1
data\val\ai\ai_000347.png,1,ai,jpeg_q30,0.984716,1,1
data\val\ai\ai_000348.png,1,ai,jpeg_q30,0.977906,1,1
data\val\ai\ai_000349.png,1,ai,jpeg_q30,0.999137,1,1
data\val\ai\ai_000350.png,1,ai,jpeg_q30,0.731546,1,1
data\val\ai\ai_000351.png,1,ai,jpeg_q30,0.979427,1,1
data\val\ai\ai_000352.png,1,ai,jpeg_q30,0.713753,1,1
data\val\ai\ai_000353.png,1,ai,jpeg_q30,0.994608,1,1
data\val\ai\ai_000354.png,1,ai,jpeg_q30,0.997148,1,1
data\val\ai\ai_000355.png,1,ai,jpeg_q30,0.975391,1,1
data\val\ai\ai_000356.png,1,ai,jpeg_q30,0.695716,1,1
data\val\ai\ai_000357.png,1,ai,jpeg_q30,0.954555,1,1
data\val\ai\ai_000358.png,1,ai,jpeg_q30,0.393551,0,0
data\val\ai\ai_000359.png,1,ai,jpeg_q30,0.994919,1,1
data\val\ai\ai_000360.png,1,ai,jpeg_q30,0.657423,1,1
data\val\ai\ai_000361.png,1,ai,jpeg_q30,0.998314,1,1
data\val\ai\ai_000362.png,1,ai,jpeg_q30,0.941527,1,1
data\val\ai\ai_000363.png,1,ai,jpeg_q30,0.995766,1,1
data\val\ai\ai_000364.png,1,ai,jpeg_q30,0.992424,1,1
data\val\ai\ai_000365.png,1,ai,jpeg_q30,0.670658,1,1
data\val\ai\ai_000366.png,1,ai,jpeg_q30,0.902100,1,1
data\val\ai\ai_000367.png,1,ai,jpeg_q30,0.988348,1,1
data\val\ai\ai_000368.png,1,ai,jpeg_q30,0.708609,1,1
data\val\ai\ai_000369.png,1,ai,jpeg_q30,0.995237,1,1
data\val\ai\ai_000370.png,1,ai,jpeg_q30,0.436940,0,0
data\val\ai\ai_000371.png,1,ai,jpeg_q30,0.977132,1,1
data\val\ai\ai_000372.png,1,ai,jpeg_q30,0.851581,1,1
data\val\ai\ai_000373.png,1,ai,jpeg_q30,0.976344,1,1
data\val\ai\ai_000374.png,1,ai,jpeg_q30,0.996067,1,1
data\val\ai\ai_000375.png,1,ai,jpeg_q30,0.993836,1,1
data\val\ai\ai_000376.png,1,ai,jpeg_q30,0.508316,1,1
data\val\ai\ai_000377.png,1,ai,jpeg_q30,0.971041,1,1
data\val\ai\ai_000378.png,1,ai,jpeg_q30,0.987666,1,1
data\val\ai\ai_000379.png,1,ai,jpeg_q30,0.975866,1,1
data\val\ai\ai_000380.png,1,ai,jpeg_q30,0.816411,1,1
data\val\ai\ai_000381.png,1,ai,jpeg_q30,0.918518,1,1
data\val\ai\ai_000382.png,1,ai,jpeg_q30,0.324998,0,0
data\val\ai\ai_000383.png,1,ai,jpeg_q30,0.985900,1,1
data\val\ai\ai_000384.png,1,ai,jpeg_q30,0.918611,1,1
data\val\ai\ai_000385.png,1,ai,jpeg_q30,0.994847,1,1
data\val\ai\ai_000386.png,1,ai,jpeg_q30,0.962214,1,1
data\val\ai\ai_000387.png,1,ai,jpeg_q30,0.992917,1,1
data\val\ai\ai_000388.png,1,ai,jpeg_q30,0.994818,1,1
data\val\ai\ai_000389.png,1,ai,jpeg_q30,0.970047,1,1
data\val\ai\ai_000390.png,1,ai,jpeg_q30,0.981008,1,1
data\val\ai\ai_000391.png,1,ai,jpeg_q30,0.972260,1,1
data\val\ai\ai_000392.png,1,ai,jpeg_q30,0.909021,1,1
data\val\ai\ai_000393.png,1,ai,jpeg_q30,0.992713,1,1
data\val\ai\ai_000394.png,1,ai,jpeg_q30,0.994807,1,1
data\val\ai\ai_000395.png,1,ai,jpeg_q30,0.959458,1,1
data\val\ai\ai_000396.png,1,ai,jpeg_q30,0.948727,1,1
data\val\ai\ai_000397.png,1,ai,jpeg_q30,0.992743,1,1
data\val\ai\ai_000398.png,1,ai,jpeg_q30,0.909367,1,1
data\val\ai\ai_000399.png,1,ai,jpeg_q30,0.970132,1,1
data\val\ai\ai_000400.png,1,ai,jpeg_q30,0.542119,1,1
data\val\ai\ai_000401.png,1,ai,jpeg_q30,0.986992,1,1
data\val\ai\ai_000402.png,1,ai,jpeg_q30,0.989720,1,1
data\val\ai\ai_000403.png,1,ai,jpeg_q30,0.996810,1,1
data\val\ai\ai_000404.png,1,ai,jpeg_q30,0.987736,1,1
data\val\ai\ai_000405.png,1,ai,jpeg_q30,0.994596,1,1
data\val\ai\ai_000406.png,1,ai,jpeg_q30,0.984194,1,1
data\val\ai\ai_000407.png,1,ai,jpeg_q30,0.780405,1,1
data\val\ai\ai_000408.png,1,ai,jpeg_q30,0.970001,1,1
data\val\ai\ai_000409.png,1,ai,jpeg_q30,0.961832,1,1
data\val\ai\ai_000410.png,1,ai,jpeg_q30,0.869758,1,1
data\val\ai\ai_000411.png,1,ai,jpeg_q30,0.993465,1,1
data\val\ai\ai_000412.png,1,ai,jpeg_q30,0.994885,1,1
data\val\ai\ai_000413.png,1,ai,jpeg_q30,0.983957,1,1
data\val\ai\ai_000414.png,1,ai,jpeg_q30,0.999433,1,1
data\val\ai\ai_000415.png,1,ai,jpeg_q30,0.997291,1,1
data\val\ai\ai_000416.png,1,ai,jpeg_q30,0.877348,1,1
data\val\ai\ai_000417.png,1,ai,jpeg_q30,0.958861,1,1
data\val\ai\ai_000418.png,1,ai,jpeg_q30,0.495264,0,0
data\val\ai\ai_000419.png,1,ai,jpeg_q30,0.963400,1,1
data\val\ai\ai_000420.png,1,ai,jpeg_q30,0.856334,1,1
data\val\ai\ai_000421.png,1,ai,jpeg_q30,0.997869,1,1
data\val\ai\ai_000422.png,1,ai,jpeg_q30,0.308082,0,0
data\val\ai\ai_000423.png,1,ai,jpeg_q30,0.828217,1,1
data\val\ai\ai_000424.png,1,ai,jpeg_q30,0.998836,1,1
data\val\ai\ai_000425.png,1,ai,jpeg_q30,0.941839,1,1
data\val\ai\ai_000426.png,1,ai,jpeg_q30,0.333968,0,0
data\val\ai\ai_000427.png,1,ai,jpeg_q30,0.993289,1,1
data\val\ai\ai_000428.png,1,ai,jpeg_q30,0.977001,1,1
data\val\ai\ai_000429.png,1,ai,jpeg_q30,0.995413,1,1
data\val\ai\ai_000430.png,1,ai,jpeg_q30,0.894306,1,1
data\val\ai\ai_000431.png,1,ai,jpeg_q30,0.956402,1,1
data\val\ai\ai_000432.png,1,ai,jpeg_q30,0.998138,1,1
data\val\ai\ai_000433.png,1,ai,jpeg_q30,0.998772,1,1
data\val\ai\ai_000434.png,1,ai,jpeg_q30,0.966822,1,1
data\val\ai\ai_000435.png,1,ai,jpeg_q30,0.991844,1,1
data\val\ai\ai_000436.png,1,ai,jpeg_q30,0.986907,1,1
data\val\ai\ai_000437.png,1,ai,jpeg_q30,0.962063,1,1
data\val\ai\ai_000438.png,1,ai,jpeg_q30,0.984545,1,1
data\val\ai\ai_000439.png,1,ai,jpeg_q30,0.911377,1,1
data\val\ai\ai_000440.png,1,ai,jpeg_q30,0.963861,1,1
data\val\ai\ai_000441.png,1,ai,jpeg_q30,0.778053,1,1
data\val\ai\ai_000442.png,1,ai,jpeg_q30,0.995028,1,1
data\val\ai\ai_000443.png,1,ai,jpeg_q30,0.995441,1,1
data\val\ai\ai_000444.png,1,ai,jpeg_q30,0.998168,1,1
data\val\ai\ai_000445.png,1,ai,jpeg_q30,0.934877,1,1
data\val\ai\ai_000446.png,1,ai,jpeg_q30,0.960557,1,1
data\val\ai\ai_000447.png,1,ai,jpeg_q30,0.987354,1,1
data\val\ai\ai_000448.png,1,ai,jpeg_q30,0.218566,0,0
data\val\ai\ai_000449.png,1,ai,jpeg_q30,0.998598,1,1
data\val\ai\ai_000450.png,1,ai,jpeg_q30,0.984826,1,1
data\val\ai\ai_000451.png,1,ai,jpeg_q30,0.985271,1,1
data\val\ai\ai_000452.png,1,ai,jpeg_q30,0.960910,1,1
data\val\ai\ai_000453.png,1,ai,jpeg_q30,0.998219,1,1
data\val\ai\ai_000454.png,1,ai,jpeg_q30,0.950872,1,1
data\val\ai\ai_000455.png,1,ai,jpeg_q30,0.994361,1,1
data\val\ai\ai_000456.png,1,ai,jpeg_q30,0.964743,1,1
data\val\ai\ai_000457.png,1,ai,jpeg_q30,0.982901,1,1
data\val\ai\ai_000458.png,1,ai,jpeg_q30,0.963278,1,1
data\val\ai\ai_000459.png,1,ai,jpeg_q30,0.438013,0,0
data\val\ai\ai_000460.png,1,ai,jpeg_q30,0.955392,1,1
data\val\ai\ai_000461.png,1,ai,jpeg_q30,0.917108,1,1
data\val\ai\ai_000462.png,1,ai,jpeg_q30,0.968115,1,1
data\val\ai\ai_000463.png,1,ai,jpeg_q30,0.977683,1,1
data\val\ai\ai_000464.png,1,ai,jpeg_q30,0.988632,1,1
data\val\ai\ai_000465.png,1,ai,jpeg_q30,0.994156,1,1
data\val\ai\ai_000466.png,1,ai,jpeg_q30,0.576397,1,1
data\val\ai\ai_000467.png,1,ai,jpeg_q30,0.986459,1,1
data\val\ai\ai_000468.png,1,ai,jpeg_q30,0.885165,1,1
data\val\ai\ai_000469.png,1,ai,jpeg_q30,0.992897,1,1
data\val\ai\ai_000470.png,1,ai,jpeg_q30,0.654301,1,1
data\val\ai\ai_000471.png,1,ai,jpeg_q30,0.999846,1,1
data\val\ai\ai_000472.png,1,ai,jpeg_q30,0.958748,1,1
data\val\ai\ai_000473.png,1,ai,jpeg_q30,0.919800,1,1
data\val\ai\ai_000474.png,1,ai,jpeg_q30,0.997139,1,1
data\val\ai\ai_000475.png,1,ai,jpeg_q30,0.971011,1,1
data\val\ai\ai_000476.png,1,ai,jpeg_q30,0.895502,1,1
data\val\ai\ai_000477.png,1,ai,jpeg_q30,0.972461,1,1
data\val\ai\ai_000478.png,1,ai,jpeg_q30,0.938790,1,1
data\val\ai\ai_000479.png,1,ai,jpeg_q30,0.412592,0,0
data\val\ai\ai_000480.png,1,ai,jpeg_q30,0.786881,1,1
data\val\ai\ai_000481.png,1,ai,jpeg_q30,0.991119,1,1
data\val\ai\ai_000482.png,1,ai,jpeg_q30,0.816319,1,1
data\val\ai\ai_000483.png,1,ai,jpeg_q30,0.870041,1,1
data\val\ai\ai_000484.png,1,ai,jpeg_q30,0.978990,1,1
data\val\ai\ai_000485.png,1,ai,jpeg_q30,0.707829,1,1
data\val\ai\ai_000486.png,1,ai,jpeg_q30,0.997278,1,1
data\val\ai\ai_000487.png,1,ai,jpeg_q30,0.996152,1,1
data\val\ai\ai_000488.png,1,ai,jpeg_q30,0.895232,1,1
data\val\ai\ai_000489.png,1,ai,jpeg_q30,0.969120,1,1
data\val\ai\ai_000490.png,1,ai,jpeg_q30,0.917255,1,1
data\val\ai\ai_000491.png,1,ai,jpeg_q30,0.914840,1,1
data\val\ai\ai_000492.png,1,ai,jpeg_q30,0.982441,1,1
data\val\ai\ai_000493.png,1,ai,jpeg_q30,0.976787,1,1
data\val\ai\ai_000494.png,1,ai,jpeg_q30,0.996999,1,1
data\val\ai\ai_000495.png,1,ai,jpeg_q30,0.890041,1,1
data\val\ai\ai_000496.png,1,ai,jpeg_q30,0.694537,1,1
data\val\ai\ai_000497.png,1,ai,jpeg_q30,0.971299,1,1
data\val\ai\ai_000498.png,1,ai,jpeg_q30,0.930263,1,1
data\val\ai\ai_000499.png,1,ai,jpeg_q30,0.991191,1,1
data\val\ai\ai_000500.png,1,ai,jpeg_q30,0.877410,1,1
data\val\real\000000000139.jpg,0,real,blur_s0.5,0.800333,1,0
data\val\real\000000000285.jpg,0,real,blur_s0.5,0.076171,0,1
data\val\real\000000000632.jpg,0,real,blur_s0.5,0.868813,1,0
data\val\real\000000000724.jpg,0,real,blur_s0.5,0.090871,0,1
data\val\real\000000000776.jpg,0,real,blur_s0.5,0.037097,0,1
data\val\real\000000000785.jpg,0,real,blur_s0.5,0.471510,0,1
data\val\real\000000000802.jpg,0,real,blur_s0.5,0.278868,0,1
data\val\real\000000000872.jpg,0,real,blur_s0.5,0.014966,0,1
data\val\real\000000000885.jpg,0,real,blur_s0.5,0.122374,0,1
data\val\real\000000001000.jpg,0,real,blur_s0.5,0.002619,0,1
data\val\real\000000001268.jpg,0,real,blur_s0.5,0.041256,0,1
data\val\real\000000001296.jpg,0,real,blur_s0.5,0.203398,0,1
data\val\real\000000001353.jpg,0,real,blur_s0.5,0.002777,0,1
data\val\real\000000001425.jpg,0,real,blur_s0.5,0.778298,1,0
data\val\real\000000001490.jpg,0,real,blur_s0.5,0.075559,0,1
data\val\real\000000001503.jpg,0,real,blur_s0.5,0.273136,0,1
data\val\real\000000001532.jpg,0,real,blur_s0.5,0.086728,0,1
data\val\real\000000001584.jpg,0,real,blur_s0.5,0.267603,0,1
data\val\real\000000001675.jpg,0,real,blur_s0.5,0.072732,0,1
data\val\real\000000001761.jpg,0,real,blur_s0.5,0.012777,0,1
data\val\real\000000001818.jpg,0,real,blur_s0.5,0.285649,0,1
data\val\real\000000001993.jpg,0,real,blur_s0.5,0.232856,0,1
data\val\real\000000002006.jpg,0,real,blur_s0.5,0.054026,0,1
data\val\real\000000002149.jpg,0,real,blur_s0.5,0.349962,0,1
data\val\real\000000002153.jpg,0,real,blur_s0.5,0.011038,0,1
data\val\real\000000002157.jpg,0,real,blur_s0.5,0.201999,0,1
data\val\real\000000002261.jpg,0,real,blur_s0.5,0.017182,0,1
data\val\real\000000002299.jpg,0,real,blur_s0.5,0.006887,0,1
data\val\real\000000002431.jpg,0,real,blur_s0.5,0.051491,0,1
data\val\real\000000002473.jpg,0,real,blur_s0.5,0.048124,0,1
data\val\real\000000002532.jpg,0,real,blur_s0.5,0.018608,0,1
data\val\real\000000002587.jpg,0,real,blur_s0.5,0.114226,0,1
data\val\real\000000002592.jpg,0,real,blur_s0.5,0.025850,0,1
data\val\real\000000002685.jpg,0,real,blur_s0.5,0.003407,0,1
data\val\real\000000002923.jpg,0,real,blur_s0.5,0.022554,0,1
data\val\real\000000003156.jpg,0,real,blur_s0.5,0.273791,0,1
data\val\real\000000003255.jpg,0,real,blur_s0.5,0.551761,1,0
data\val\real\000000003501.jpg,0,real,blur_s0.5,0.154453,0,1
data\val\real\000000003553.jpg,0,real,blur_s0.5,0.080195,0,1
data\val\real\000000003661.jpg,0,real,blur_s0.5,0.019330,0,1
data\val\real\000000003845.jpg,0,real,blur_s0.5,0.165634,0,1
data\val\real\000000003934.jpg,0,real,blur_s0.5,0.001444,0,1
data\val\real\000000004134.jpg,0,real,blur_s0.5,0.002805,0,1
data\val\real\000000004395.jpg,0,real,blur_s0.5,0.028985,0,1
data\val\real\000000004495.jpg,0,real,blur_s0.5,0.202756,0,1
data\val\real\000000004765.jpg,0,real,blur_s0.5,0.191562,0,1
data\val\real\000000004795.jpg,0,real,blur_s0.5,0.001208,0,1
data\val\real\000000005001.jpg,0,real,blur_s0.5,0.038535,0,1
data\val\real\000000005037.jpg,0,real,blur_s0.5,0.077910,0,1
data\val\real\000000005060.jpg,0,real,blur_s0.5,0.056863,0,1
data\val\real\000000005193.jpg,0,real,blur_s0.5,0.002366,0,1
data\val\real\000000005477.jpg,0,real,blur_s0.5,0.133645,0,1
data\val\real\000000005503.jpg,0,real,blur_s0.5,0.014446,0,1
data\val\real\000000005529.jpg,0,real,blur_s0.5,0.045652,0,1
data\val\real\000000005586.jpg,0,real,blur_s0.5,0.001458,0,1
data\val\real\000000005600.jpg,0,real,blur_s0.5,0.014204,0,1
data\val\real\000000005992.jpg,0,real,blur_s0.5,0.023550,0,1
data\val\real\000000006012.jpg,0,real,blur_s0.5,0.070160,0,1
data\val\real\000000006040.jpg,0,real,blur_s0.5,0.405046,0,1
data\val\real\000000006213.jpg,0,real,blur_s0.5,0.352085,0,1
data\val\real\000000006460.jpg,0,real,blur_s0.5,0.056538,0,1
data\val\real\000000006471.jpg,0,real,blur_s0.5,0.016700,0,1
data\val\real\000000006614.jpg,0,real,blur_s0.5,0.104614,0,1
data\val\real\000000006723.jpg,0,real,blur_s0.5,0.098104,0,1
data\val\real\000000006763.jpg,0,real,blur_s0.5,0.000318,0,1
data\val\real\000000006771.jpg,0,real,blur_s0.5,0.003482,0,1
data\val\real\000000006818.jpg,0,real,blur_s0.5,0.035517,0,1
data\val\real\000000006894.jpg,0,real,blur_s0.5,0.010107,0,1
data\val\real\000000006954.jpg,0,real,blur_s0.5,0.053871,0,1
data\val\real\000000007088.jpg,0,real,blur_s0.5,0.019432,0,1
data\val\real\000000007108.jpg,0,real,blur_s0.5,0.048013,0,1
data\val\real\000000007278.jpg,0,real,blur_s0.5,0.225385,0,1
data\val\real\000000007281.jpg,0,real,blur_s0.5,0.002238,0,1
data\val\real\000000007386.jpg,0,real,blur_s0.5,0.048708,0,1
data\val\real\000000007511.jpg,0,real,blur_s0.5,0.024347,0,1
data\val\real\000000007574.jpg,0,real,blur_s0.5,0.202563,0,1
data\val\real\000000007784.jpg,0,real,blur_s0.5,0.359149,0,1
data\val\real\000000007795.jpg,0,real,blur_s0.5,0.827659,1,0
data\val\real\000000007816.jpg,0,real,blur_s0.5,0.006188,0,1
data\val\real\000000007818.jpg,0,real,blur_s0.5,0.432111,0,1
data\val\real\000000007888.jpg,0,real,blur_s0.5,0.797073,1,0
data\val\real\000000007977.jpg,0,real,blur_s0.5,0.218215,0,1
data\val\real\000000007991.jpg,0,real,blur_s0.5,0.040463,0,1
data\val\real\000000008021.jpg,0,real,blur_s0.5,0.006387,0,1
data\val\real\000000008211.jpg,0,real,blur_s0.5,0.308201,0,1
data\val\real\000000008277.jpg,0,real,blur_s0.5,0.108688,0,1
data\val\real\000000008532.jpg,0,real,blur_s0.5,0.004746,0,1
data\val\real\000000008629.jpg,0,real,blur_s0.5,0.104924,0,1
data\val\real\000000008690.jpg,0,real,blur_s0.5,0.001617,0,1
data\val\real\000000008762.jpg,0,real,blur_s0.5,0.309219,0,1
data\val\real\000000008844.jpg,0,real,blur_s0.5,0.091729,0,1
data\val\real\000000008899.jpg,0,real,blur_s0.5,0.323305,0,1
data\val\real\000000009378.jpg,0,real,blur_s0.5,0.016012,0,1
data\val\real\000000009400.jpg,0,real,blur_s0.5,0.001714,0,1
data\val\real\000000009448.jpg,0,real,blur_s0.5,0.015106,0,1
data\val\real\000000009483.jpg,0,real,blur_s0.5,0.054717,0,1
data\val\real\000000009590.jpg,0,real,blur_s0.5,0.156865,0,1
data\val\real\000000009769.jpg,0,real,blur_s0.5,0.066195,0,1
data\val\real\000000009772.jpg,0,real,blur_s0.5,0.029562,0,1
data\val\real\000000009891.jpg,0,real,blur_s0.5,0.005224,0,1
data\val\real\000000009914.jpg,0,real,blur_s0.5,0.059740,0,1
data\val\real\000000010092.jpg,0,real,blur_s0.5,0.138102,0,1
data\val\real\000000010363.jpg,0,real,blur_s0.5,0.002961,0,1
data\val\real\000000010583.jpg,0,real,blur_s0.5,0.029389,0,1
data\val\real\000000010707.jpg,0,real,blur_s0.5,0.000275,0,1
data\val\real\000000010764.jpg,0,real,blur_s0.5,0.153315,0,1
data\val\real\000000010977.jpg,0,real,blur_s0.5,0.315079,0,1
data\val\real\000000010995.jpg,0,real,blur_s0.5,0.292017,0,1
data\val\real\000000011051.jpg,0,real,blur_s0.5,0.018699,0,1
data\val\real\000000011122.jpg,0,real,blur_s0.5,0.010149,0,1
data\val\real\000000011149.jpg,0,real,blur_s0.5,0.009667,0,1
data\val\real\000000011197.jpg,0,real,blur_s0.5,0.024499,0,1
data\val\real\000000011511.jpg,0,real,blur_s0.5,0.146117,0,1
data\val\real\000000011615.jpg,0,real,blur_s0.5,0.064870,0,1
data\val\real\000000011699.jpg,0,real,blur_s0.5,0.024644,0,1
data\val\real\000000011760.jpg,0,real,blur_s0.5,0.454343,0,1
data\val\real\000000011813.jpg,0,real,blur_s0.5,0.215848,0,1
data\val\real\000000012062.jpg,0,real,blur_s0.5,0.019524,0,1
data\val\real\000000012120.jpg,0,real,blur_s0.5,0.022784,0,1
data\val\real\000000012280.jpg,0,real,blur_s0.5,0.762822,1,0
data\val\real\000000012576.jpg,0,real,blur_s0.5,0.301980,0,1
data\val\real\000000012639.jpg,0,real,blur_s0.5,0.018750,0,1
data\val\real\000000012667.jpg,0,real,blur_s0.5,0.240976,0,1
data\val\real\000000012670.jpg,0,real,blur_s0.5,0.003118,0,1
data\val\real\000000012748.jpg,0,real,blur_s0.5,0.049698,0,1
data\val\real\000000013004.jpg,0,real,blur_s0.5,0.171985,0,1
data\val\real\000000013177.jpg,0,real,blur_s0.5,0.029357,0,1
data\val\real\000000013201.jpg,0,real,blur_s0.5,0.043653,0,1
data\val\real\000000013291.jpg,0,real,blur_s0.5,0.075458,0,1
data\val\real\000000013348.jpg,0,real,blur_s0.5,0.110429,0,1
data\val\real\000000013546.jpg,0,real,blur_s0.5,0.006019,0,1
data\val\real\000000013597.jpg,0,real,blur_s0.5,0.668092,1,0
data\val\real\000000013659.jpg,0,real,blur_s0.5,0.001220,0,1
data\val\real\000000013729.jpg,0,real,blur_s0.5,0.017102,0,1
data\val\real\000000013774.jpg,0,real,blur_s0.5,0.393965,0,1
data\val\real\000000013923.jpg,0,real,blur_s0.5,0.362855,0,1
data\val\real\000000014007.jpg,0,real,blur_s0.5,0.097468,0,1
data\val\real\000000014038.jpg,0,real,blur_s0.5,0.706532,1,0
data\val\real\000000014226.jpg,0,real,blur_s0.5,0.171249,0,1
data\val\real\000000014380.jpg,0,real,blur_s0.5,0.480569,0,1
data\val\real\000000014439.jpg,0,real,blur_s0.5,0.016452,0,1
data\val\real\000000014473.jpg,0,real,blur_s0.5,0.024682,0,1
data\val\real\000000014831.jpg,0,real,blur_s0.5,0.007887,0,1
data\val\real\000000014888.jpg,0,real,blur_s0.5,0.014883,0,1
data\val\real\000000015079.jpg,0,real,blur_s0.5,0.283532,0,1
data\val\real\000000015254.jpg,0,real,blur_s0.5,0.038792,0,1
data\val\real\000000015272.jpg,0,real,blur_s0.5,0.479632,0,1
data\val\real\000000015278.jpg,0,real,blur_s0.5,0.062998,0,1
data\val\real\000000015335.jpg,0,real,blur_s0.5,0.000898,0,1
data\val\real\000000015338.jpg,0,real,blur_s0.5,0.284310,0,1
data\val\real\000000015440.jpg,0,real,blur_s0.5,0.760101,1,0
data\val\real\000000015497.jpg,0,real,blur_s0.5,0.002211,0,1
data\val\real\000000015517.jpg,0,real,blur_s0.5,0.120952,0,1
data\val\real\000000015597.jpg,0,real,blur_s0.5,0.001361,0,1
data\val\real\000000015660.jpg,0,real,blur_s0.5,0.071970,0,1
data\val\real\000000015746.jpg,0,real,blur_s0.5,0.057587,0,1
data\val\real\000000015751.jpg,0,real,blur_s0.5,0.074463,0,1
data\val\real\000000015956.jpg,0,real,blur_s0.5,0.010292,0,1
data\val\real\000000016010.jpg,0,real,blur_s0.5,0.021422,0,1
data\val\real\000000016228.jpg,0,real,blur_s0.5,0.235383,0,1
data\val\real\000000016249.jpg,0,real,blur_s0.5,0.061264,0,1
data\val\real\000000016439.jpg,0,real,blur_s0.5,0.358800,0,1
data\val\real\000000016451.jpg,0,real,blur_s0.5,0.190533,0,1
data\val\real\000000016502.jpg,0,real,blur_s0.5,0.032617,0,1
data\val\real\000000016598.jpg,0,real,blur_s0.5,0.006476,0,1
data\val\real\000000016958.jpg,0,real,blur_s0.5,0.084416,0,1
data\val\real\000000017029.jpg,0,real,blur_s0.5,0.050088,0,1
data\val\real\000000017031.jpg,0,real,blur_s0.5,0.193509,0,1
data\val\real\000000017115.jpg,0,real,blur_s0.5,0.324386,0,1
data\val\real\000000017178.jpg,0,real,blur_s0.5,0.515907,1,0
data\val\real\000000017182.jpg,0,real,blur_s0.5,0.434055,0,1
data\val\real\000000017207.jpg,0,real,blur_s0.5,0.005580,0,1
data\val\real\000000017379.jpg,0,real,blur_s0.5,0.706198,1,0
data\val\real\000000017436.jpg,0,real,blur_s0.5,0.019127,0,1
data\val\real\000000017627.jpg,0,real,blur_s0.5,0.002611,0,1
data\val\real\000000017714.jpg,0,real,blur_s0.5,0.030424,0,1
data\val\real\000000017899.jpg,0,real,blur_s0.5,0.001269,0,1
data\val\real\000000017905.jpg,0,real,blur_s0.5,0.000496,0,1
data\val\real\000000017959.jpg,0,real,blur_s0.5,0.015983,0,1
data\val\real\000000018150.jpg,0,real,blur_s0.5,0.000620,0,1
data\val\real\000000018193.jpg,0,real,blur_s0.5,0.003071,0,1
data\val\real\000000018380.jpg,0,real,blur_s0.5,0.100440,0,1
data\val\real\000000018491.jpg,0,real,blur_s0.5,0.011963,0,1
data\val\real\000000018519.jpg,0,real,blur_s0.5,0.212965,0,1
data\val\real\000000018575.jpg,0,real,blur_s0.5,0.035018,0,1
data\val\real\000000018737.jpg,0,real,blur_s0.5,0.036409,0,1
data\val\real\000000018770.jpg,0,real,blur_s0.5,0.022679,0,1
data\val\real\000000018833.jpg,0,real,blur_s0.5,0.132649,0,1
data\val\real\000000018837.jpg,0,real,blur_s0.5,0.032802,0,1
data\val\real\000000019042.jpg,0,real,blur_s0.5,0.021116,0,1
data\val\real\000000019109.jpg,0,real,blur_s0.5,0.188670,0,1
data\val\real\000000019221.jpg,0,real,blur_s0.5,0.004485,0,1
data\val\real\000000019402.jpg,0,real,blur_s0.5,0.000739,0,1
data\val\real\000000019432.jpg,0,real,blur_s0.5,0.030471,0,1
data\val\real\000000019742.jpg,0,real,blur_s0.5,0.113924,0,1
data\val\real\000000019786.jpg,0,real,blur_s0.5,0.001589,0,1
data\val\real\000000019924.jpg,0,real,blur_s0.5,0.511423,1,0
data\val\real\000000020059.jpg,0,real,blur_s0.5,0.047384,0,1
data\val\real\000000020107.jpg,0,real,blur_s0.5,0.101134,0,1
data\val\real\000000020247.jpg,0,real,blur_s0.5,0.122134,0,1
data\val\real\000000020333.jpg,0,real,blur_s0.5,0.090979,0,1
data\val\real\000000020553.jpg,0,real,blur_s0.5,0.004162,0,1
data\val\real\000000020571.jpg,0,real,blur_s0.5,0.168956,0,1
data\val\real\000000020992.jpg,0,real,blur_s0.5,0.002436,0,1
data\val\real\000000021167.jpg,0,real,blur_s0.5,0.000801,0,1
data\val\real\000000021465.jpg,0,real,blur_s0.5,0.003551,0,1
data\val\real\000000021503.jpg,0,real,blur_s0.5,0.003359,0,1
data\val\real\000000021604.jpg,0,real,blur_s0.5,0.858977,1,0
data\val\real\000000021839.jpg,0,real,blur_s0.5,0.001996,0,1
data\val\real\000000021879.jpg,0,real,blur_s0.5,0.036222,0,1
data\val\real\000000021903.jpg,0,real,blur_s0.5,0.097660,0,1
data\val\real\000000022192.jpg,0,real,blur_s0.5,0.007461,0,1
data\val\real\000000022371.jpg,0,real,blur_s0.5,0.743170,1,0
data\val\real\000000022396.jpg,0,real,blur_s0.5,0.020999,0,1
data\val\real\000000022479.jpg,0,real,blur_s0.5,0.030655,0,1
data\val\real\000000022589.jpg,0,real,blur_s0.5,0.012392,0,1
data\val\real\000000022623.jpg,0,real,blur_s0.5,0.205393,0,1
data\val\real\000000022705.jpg,0,real,blur_s0.5,0.000992,0,1
data\val\real\000000022755.jpg,0,real,blur_s0.5,0.328358,0,1
data\val\real\000000022892.jpg,0,real,blur_s0.5,0.137333,0,1
data\val\real\000000022935.jpg,0,real,blur_s0.5,0.144607,0,1
data\val\real\000000022969.jpg,0,real,blur_s0.5,0.129568,0,1
data\val\real\000000023023.jpg,0,real,blur_s0.5,0.418011,0,1
data\val\real\000000023034.jpg,0,real,blur_s0.5,0.003094,0,1
data\val\real\000000023126.jpg,0,real,blur_s0.5,0.142601,0,1
data\val\real\000000023230.jpg,0,real,blur_s0.5,0.008226,0,1
data\val\real\000000023272.jpg,0,real,blur_s0.5,0.005186,0,1
data\val\real\000000023359.jpg,0,real,blur_s0.5,0.058342,0,1
data\val\real\000000023666.jpg,0,real,blur_s0.5,0.064273,0,1
data\val\real\000000023751.jpg,0,real,blur_s0.5,0.001511,0,1
data\val\real\000000023781.jpg,0,real,blur_s0.5,0.252241,0,1
data\val\real\000000023899.jpg,0,real,blur_s0.5,0.002074,0,1
data\val\real\000000023937.jpg,0,real,blur_s0.5,0.082317,0,1
data\val\real\000000024021.jpg,0,real,blur_s0.5,0.011429,0,1
data\val\real\000000024027.jpg,0,real,blur_s0.5,0.004611,0,1
data\val\real\000000024144.jpg,0,real,blur_s0.5,0.132086,0,1
data\val\real\000000024243.jpg,0,real,blur_s0.5,0.027016,0,1
data\val\real\000000024567.jpg,0,real,blur_s0.5,0.014380,0,1
data\val\real\000000024610.jpg,0,real,blur_s0.5,0.077782,0,1
data\val\real\000000024919.jpg,0,real,blur_s0.5,0.205750,0,1
data\val\real\000000025057.jpg,0,real,blur_s0.5,0.007144,0,1
data\val\real\000000025096.jpg,0,real,blur_s0.5,0.005036,0,1
data\val\real\000000025139.jpg,0,real,blur_s0.5,0.170231,0,1
data\val\real\000000025181.jpg,0,real,blur_s0.5,0.858677,1,0
data\val\real\000000025228.jpg,0,real,blur_s0.5,0.015586,0,1
data\val\real\000000025386.jpg,0,real,blur_s0.5,0.003223,0,1
data\val\real\000000025393.jpg,0,real,blur_s0.5,0.000497,0,1
data\val\real\000000025394.jpg,0,real,blur_s0.5,0.011541,0,1
data\val\real\000000025424.jpg,0,real,blur_s0.5,0.079393,0,1
data\val\real\000000025560.jpg,0,real,blur_s0.5,0.014243,0,1
data\val\real\000000025593.jpg,0,real,blur_s0.5,0.081310,0,1
data\val\real\000000025603.jpg,0,real,blur_s0.5,0.000449,0,1
data\val\real\000000025986.jpg,0,real,blur_s0.5,0.012716,0,1
data\val\real\000000026204.jpg,0,real,blur_s0.5,0.196424,0,1
data\val\real\000000026465.jpg,0,real,blur_s0.5,0.076402,0,1
data\val\real\000000026564.jpg,0,real,blur_s0.5,0.420467,0,1
data\val\real\000000026690.jpg,0,real,blur_s0.5,0.013134,0,1
data\val\real\000000026926.jpg,0,real,blur_s0.5,0.244641,0,1
data\val\real\000000026941.jpg,0,real,blur_s0.5,0.650905,1,0
data\val\real\000000027186.jpg,0,real,blur_s0.5,0.010989,0,1
data\val\real\000000027620.jpg,0,real,blur_s0.5,0.216472,0,1
data\val\real\000000027696.jpg,0,real,blur_s0.5,0.004047,0,1
data\val\real\000000027768.jpg,0,real,blur_s0.5,0.178303,0,1
data\val\real\000000027932.jpg,0,real,blur_s0.5,0.157322,0,1
data\val\real\000000027972.jpg,0,real,blur_s0.5,0.068829,0,1
data\val\real\000000027982.jpg,0,real,blur_s0.5,0.572137,1,0
data\val\real\000000028285.jpg,0,real,blur_s0.5,0.012083,0,1
data\val\real\000000028449.jpg,0,real,blur_s0.5,0.508469,1,0
data\val\real\000000028452.jpg,0,real,blur_s0.5,0.811667,1,0
data\val\real\000000028809.jpg,0,real,blur_s0.5,0.222308,0,1
data\val\real\000000028993.jpg,0,real,blur_s0.5,0.566623,1,0
data\val\real\000000029187.jpg,0,real,blur_s0.5,0.002045,0,1
data\val\real\000000029393.jpg,0,real,blur_s0.5,0.002890,0,1
data\val\real\000000029397.jpg,0,real,blur_s0.5,0.040370,0,1
data\val\real\000000029596.jpg,0,real,blur_s0.5,0.676079,1,0
data\val\real\000000029640.jpg,0,real,blur_s0.5,0.161454,0,1
data\val\real\000000029675.jpg,0,real,blur_s0.5,0.213754,0,1
data\val\real\000000029984.jpg,0,real,blur_s0.5,0.023429,0,1
data\val\real\000000030213.jpg,0,real,blur_s0.5,0.382889,0,1
data\val\real\000000030494.jpg,0,real,blur_s0.5,0.005227,0,1
data\val\real\000000030504.jpg,0,real,blur_s0.5,0.146769,0,1
data\val\real\000000030675.jpg,0,real,blur_s0.5,0.260284,0,1
data\val\real\000000030785.jpg,0,real,blur_s0.5,0.173195,0,1
data\val\real\000000030828.jpg,0,real,blur_s0.5,0.467764,0,1
data\val\real\000000031050.jpg,0,real,blur_s0.5,0.156848,0,1
data\val\real\000000031093.jpg,0,real,blur_s0.5,0.049042,0,1
data\val\real\000000031118.jpg,0,real,blur_s0.5,0.220466,0,1
data\val\real\000000031217.jpg,0,real,blur_s0.5,0.092602,0,1
data\val\real\000000031248.jpg,0,real,blur_s0.5,0.216668,0,1
data\val\real\000000031269.jpg,0,real,blur_s0.5,0.044141,0,1
data\val\real\000000031296.jpg,0,real,blur_s0.5,0.001438,0,1
data\val\real\000000031322.jpg,0,real,blur_s0.5,0.047905,0,1
data\val\real\000000031620.jpg,0,real,blur_s0.5,0.000105,0,1
data\val\real\000000031735.jpg,0,real,blur_s0.5,0.007888,0,1
data\val\real\000000031749.jpg,0,real,blur_s0.5,0.306533,0,1
data\val\real\000000031817.jpg,0,real,blur_s0.5,0.001672,0,1
data\val\real\000000032038.jpg,0,real,blur_s0.5,0.041800,0,1
data\val\real\000000032081.jpg,0,real,blur_s0.5,0.045996,0,1
data\val\real\000000032285.jpg,0,real,blur_s0.5,0.764271,1,0
data\val\real\000000032334.jpg,0,real,blur_s0.5,0.000782,0,1
data\val\real\000000032570.jpg,0,real,blur_s0.5,0.673659,1,0
data\val\real\000000032610.jpg,0,real,blur_s0.5,0.080382,0,1
data\val\real\000000032735.jpg,0,real,blur_s0.5,0.123170,0,1
data\val\real\000000032811.jpg,0,real,blur_s0.5,0.099731,0,1
data\val\real\000000032817.jpg,0,real,blur_s0.5,0.003804,0,1
data\val\real\000000032861.jpg,0,real,blur_s0.5,0.220620,0,1
data\val\real\000000032887.jpg,0,real,blur_s0.5,0.002426,0,1
data\val\real\000000032901.jpg,0,real,blur_s0.5,0.000175,0,1
data\val\real\000000032941.jpg,0,real,blur_s0.5,0.045590,0,1
data\val\real\000000033005.jpg,0,real,blur_s0.5,0.043120,0,1
data\val\real\000000033104.jpg,0,real,blur_s0.5,0.018618,0,1
data\val\real\000000033109.jpg,0,real,blur_s0.5,0.042674,0,1
data\val\real\000000033114.jpg,0,real,blur_s0.5,0.134950,0,1
data\val\real\000000033221.jpg,0,real,blur_s0.5,0.000982,0,1
data\val\real\000000033368.jpg,0,real,blur_s0.5,0.107560,0,1
data\val\real\000000033638.jpg,0,real,blur_s0.5,0.037717,0,1
data\val\real\000000033707.jpg,0,real,blur_s0.5,0.088599,0,1
data\val\real\000000033759.jpg,0,real,blur_s0.5,0.040392,0,1
data\val\real\000000033854.jpg,0,real,blur_s0.5,0.029631,0,1
data\val\real\000000034071.jpg,0,real,blur_s0.5,0.533146,1,0
data\val\real\000000034139.jpg,0,real,blur_s0.5,0.109730,0,1
data\val\real\000000034205.jpg,0,real,blur_s0.5,0.156880,0,1
data\val\real\000000034257.jpg,0,real,blur_s0.5,0.363444,0,1
data\val\real\000000034417.jpg,0,real,blur_s0.5,0.119402,0,1
data\val\real\000000034452.jpg,0,real,blur_s0.5,0.004590,0,1
data\val\real\000000034760.jpg,0,real,blur_s0.5,0.080280,0,1
data\val\real\000000034873.jpg,0,real,blur_s0.5,0.238902,0,1
data\val\real\000000035062.jpg,0,real,blur_s0.5,0.029342,0,1
data\val\real\000000035197.jpg,0,real,blur_s0.5,0.178408,0,1
data\val\real\000000035279.jpg,0,real,blur_s0.5,0.349529,0,1
data\val\real\000000035326.jpg,0,real,blur_s0.5,0.119334,0,1
data\val\real\000000035682.jpg,0,real,blur_s0.5,0.034721,0,1
data\val\real\000000035770.jpg,0,real,blur_s0.5,0.133369,0,1
data\val\real\000000035963.jpg,0,real,blur_s0.5,0.001774,0,1
data\val\real\000000036494.jpg,0,real,blur_s0.5,0.420866,0,1
data\val\real\000000036539.jpg,0,real,blur_s0.5,0.003634,0,1
data\val\real\000000036660.jpg,0,real,blur_s0.5,0.059254,0,1
data\val\real\000000036678.jpg,0,real,blur_s0.5,0.016244,0,1
data\val\real\000000036844.jpg,0,real,blur_s0.5,0.095467,0,1
data\val\real\000000036861.jpg,0,real,blur_s0.5,0.416300,0,1
data\val\real\000000036936.jpg,0,real,blur_s0.5,0.002578,0,1
data\val\real\000000037670.jpg,0,real,blur_s0.5,0.364684,0,1
data\val\real\000000037689.jpg,0,real,blur_s0.5,0.052286,0,1
data\val\real\000000037740.jpg,0,real,blur_s0.5,0.650674,1,0
data\val\real\000000037751.jpg,0,real,blur_s0.5,0.051143,0,1
data\val\real\000000037777.jpg,0,real,blur_s0.5,0.558565,1,0
data\val\real\000000037988.jpg,0,real,blur_s0.5,0.014276,0,1
data\val\real\000000038048.jpg,0,real,blur_s0.5,0.024933,0,1
data\val\real\000000038070.jpg,0,real,blur_s0.5,0.256309,0,1
data\val\real\000000038118.jpg,0,real,blur_s0.5,0.210255,0,1
data\val\real\000000038210.jpg,0,real,blur_s0.5,0.151303,0,1
data\val\real\000000038576.jpg,0,real,blur_s0.5,0.871611,1,0
data\val\real\000000038678.jpg,0,real,blur_s0.5,0.001317,0,1
data\val\real\000000038825.jpg,0,real,blur_s0.5,0.121322,0,1
data\val\real\000000038829.jpg,0,real,blur_s0.5,0.024035,0,1
data\val\real\000000039405.jpg,0,real,blur_s0.5,0.009775,0,1
data\val\real\000000039477.jpg,0,real,blur_s0.5,0.548733,1,0
data\val\real\000000039480.jpg,0,real,blur_s0.5,0.061842,0,1
data\val\real\000000039484.jpg,0,real,blur_s0.5,0.134789,0,1
data\val\real\000000039551.jpg,0,real,blur_s0.5,0.463973,0,1
data\val\real\000000039670.jpg,0,real,blur_s0.5,0.260747,0,1
data\val\real\000000039769.jpg,0,real,blur_s0.5,0.001991,0,1
data\val\real\000000039785.jpg,0,real,blur_s0.5,0.039621,0,1
data\val\real\000000039914.jpg,0,real,blur_s0.5,0.003324,0,1
data\val\real\000000039951.jpg,0,real,blur_s0.5,0.036923,0,1
data\val\real\000000039956.jpg,0,real,blur_s0.5,0.709479,1,0
data\val\real\000000040036.jpg,0,real,blur_s0.5,0.044515,0,1
data\val\real\000000040083.jpg,0,real,blur_s0.5,0.009789,0,1
data\val\real\000000040471.jpg,0,real,blur_s0.5,0.120418,0,1
data\val\real\000000040757.jpg,0,real,blur_s0.5,0.009543,0,1
data\val\real\000000041488.jpg,0,real,blur_s0.5,0.303293,0,1
data\val\real\000000041633.jpg,0,real,blur_s0.5,0.331119,0,1
data\val\real\000000041635.jpg,0,real,blur_s0.5,0.063313,0,1
data\val\real\000000041872.jpg,0,real,blur_s0.5,0.707055,1,0
data\val\real\000000041888.jpg,0,real,blur_s0.5,0.013106,0,1
data\val\real\000000041990.jpg,0,real,blur_s0.5,0.002435,0,1
data\val\real\000000042070.jpg,0,real,blur_s0.5,0.321701,0,1
data\val\real\000000042102.jpg,0,real,blur_s0.5,0.007404,0,1
data\val\real\000000042178.jpg,0,real,blur_s0.5,0.817465,1,0
data\val\real\000000042276.jpg,0,real,blur_s0.5,0.041295,0,1
data\val\real\000000042296.jpg,0,real,blur_s0.5,0.015423,0,1
data\val\real\000000042528.jpg,0,real,blur_s0.5,0.010104,0,1
data\val\real\000000042563.jpg,0,real,blur_s0.5,0.132321,0,1
data\val\real\000000042628.jpg,0,real,blur_s0.5,0.016731,0,1
data\val\real\000000042888.jpg,0,real,blur_s0.5,0.009658,0,1
data\val\real\000000042889.jpg,0,real,blur_s0.5,0.003186,0,1
data\val\real\000000043314.jpg,0,real,blur_s0.5,0.041442,0,1
data\val\real\000000043435.jpg,0,real,blur_s0.5,0.155335,0,1
data\val\real\000000043581.jpg,0,real,blur_s0.5,0.132355,0,1
data\val\real\000000043737.jpg,0,real,blur_s0.5,0.302148,0,1
data\val\real\000000043816.jpg,0,real,blur_s0.5,0.019824,0,1
data\val\real\000000044068.jpg,0,real,blur_s0.5,0.010556,0,1
data\val\real\000000044195.jpg,0,real,blur_s0.5,0.048367,0,1
data\val\real\000000044260.jpg,0,real,blur_s0.5,0.560451,1,0
data\val\real\000000044279.jpg,0,real,blur_s0.5,0.155034,0,1
data\val\real\000000044590.jpg,0,real,blur_s0.5,0.022694,0,1
data\val\real\000000044652.jpg,0,real,blur_s0.5,0.055129,0,1
data\val\real\000000044699.jpg,0,real,blur_s0.5,0.195319,0,1
data\val\real\000000044877.jpg,0,real,blur_s0.5,0.036137,0,1
data\val\real\000000045070.jpg,0,real,blur_s0.5,0.051081,0,1
data\val\real\000000045090.jpg,0,real,blur_s0.5,0.050410,0,1
data\val\real\000000045229.jpg,0,real,blur_s0.5,0.965774,1,0
data\val\real\000000045472.jpg,0,real,blur_s0.5,0.021511,0,1
data\val\real\000000045550.jpg,0,real,blur_s0.5,0.002441,0,1
data\val\real\000000045596.jpg,0,real,blur_s0.5,0.185755,0,1
data\val\real\000000045728.jpg,0,real,blur_s0.5,0.044690,0,1
data\val\real\000000046031.jpg,0,real,blur_s0.5,0.220615,0,1
data\val\real\000000046048.jpg,0,real,blur_s0.5,0.031423,0,1
data\val\real\000000046252.jpg,0,real,blur_s0.5,0.444183,0,1
data\val\real\000000046378.jpg,0,real,blur_s0.5,0.003076,0,1
data\val\real\000000046463.jpg,0,real,blur_s0.5,0.009001,0,1
data\val\real\000000046497.jpg,0,real,blur_s0.5,0.001457,0,1
data\val\real\000000046804.jpg,0,real,blur_s0.5,0.023746,0,1
data\val\real\000000046872.jpg,0,real,blur_s0.5,0.586151,1,0
data\val\real\000000047010.jpg,0,real,blur_s0.5,0.199025,0,1
data\val\real\000000047112.jpg,0,real,blur_s0.5,0.110713,0,1
data\val\real\000000047121.jpg,0,real,blur_s0.5,0.004414,0,1
data\val\real\000000047571.jpg,0,real,blur_s0.5,0.122778,0,1
data\val\real\000000047585.jpg,0,real,blur_s0.5,0.002705,0,1
data\val\real\000000047740.jpg,0,real,blur_s0.5,0.002483,0,1
data\val\real\000000047769.jpg,0,real,blur_s0.5,0.253535,0,1
data\val\real\000000047801.jpg,0,real,blur_s0.5,0.010362,0,1
data\val\real\000000047819.jpg,0,real,blur_s0.5,0.002233,0,1
data\val\real\000000047828.jpg,0,real,blur_s0.5,0.267077,0,1
data\val\real\000000048153.jpg,0,real,blur_s0.5,0.038363,0,1
data\val\real\000000048396.jpg,0,real,blur_s0.5,0.000657,0,1
data\val\real\000000048504.jpg,0,real,blur_s0.5,0.316149,0,1
data\val\real\000000048555.jpg,0,real,blur_s0.5,0.435354,0,1
data\val\real\000000048564.jpg,0,real,blur_s0.5,0.009118,0,1
data\val\real\000000048924.jpg,0,real,blur_s0.5,0.966047,1,0
data\val\real\000000049060.jpg,0,real,blur_s0.5,0.001832,0,1
data\val\real\000000049091.jpg,0,real,blur_s0.5,0.078744,0,1
data\val\real\000000049259.jpg,0,real,blur_s0.5,0.028587,0,1
data\val\real\000000049269.jpg,0,real,blur_s0.5,0.165952,0,1
data\val\real\000000049759.jpg,0,real,blur_s0.5,0.229715,0,1
data\val\real\000000049761.jpg,0,real,blur_s0.5,0.017283,0,1
data\val\real\000000049810.jpg,0,real,blur_s0.5,0.090668,0,1
data\val\real\000000050006.jpg,0,real,blur_s0.5,0.179927,0,1
data\val\real\000000050145.jpg,0,real,blur_s0.5,0.003797,0,1
data\val\real\000000050149.jpg,0,real,blur_s0.5,0.020017,0,1
data\val\real\000000050165.jpg,0,real,blur_s0.5,0.360793,0,1
data\val\real\000000050326.jpg,0,real,blur_s0.5,0.001014,0,1
data\val\real\000000050331.jpg,0,real,blur_s0.5,0.048607,0,1
data\val\real\000000050380.jpg,0,real,blur_s0.5,0.018412,0,1
data\val\real\000000050638.jpg,0,real,blur_s0.5,0.442216,0,1
data\val\real\000000050679.jpg,0,real,blur_s0.5,0.785110,1,0
data\val\real\000000050811.jpg,0,real,blur_s0.5,0.002000,0,1
data\val\real\000000050828.jpg,0,real,blur_s0.5,0.203696,0,1
data\val\real\000000050844.jpg,0,real,blur_s0.5,0.019615,0,1
data\val\real\000000050896.jpg,0,real,blur_s0.5,0.227688,0,1
data\val\real\000000050943.jpg,0,real,blur_s0.5,0.046732,0,1
data\val\real\000000051008.jpg,0,real,blur_s0.5,0.004761,0,1
data\val\real\000000051309.jpg,0,real,blur_s0.5,0.063259,0,1
data\val\real\000000051314.jpg,0,real,blur_s0.5,0.132946,0,1
data\val\real\000000051326.jpg,0,real,blur_s0.5,0.020147,0,1
data\val\real\000000051598.jpg,0,real,blur_s0.5,0.023956,0,1
data\val\real\000000051610.jpg,0,real,blur_s0.5,0.205414,0,1
data\val\real\000000051712.jpg,0,real,blur_s0.5,0.256671,0,1
data\val\real\000000051738.jpg,0,real,blur_s0.5,0.200149,0,1
data\val\real\000000051938.jpg,0,real,blur_s0.5,0.051182,0,1
data\val\real\000000051961.jpg,0,real,blur_s0.5,0.122459,0,1
data\val\real\000000051976.jpg,0,real,blur_s0.5,0.119920,0,1
data\val\real\000000052007.jpg,0,real,blur_s0.5,0.122965,0,1
data\val\real\000000052017.jpg,0,real,blur_s0.5,0.116547,0,1
data\val\real\000000052412.jpg,0,real,blur_s0.5,0.266527,0,1
data\val\real\000000052413.jpg,0,real,blur_s0.5,0.002718,0,1
data\val\real\000000052462.jpg,0,real,blur_s0.5,0.279852,0,1
data\val\real\000000052507.jpg,0,real,blur_s0.5,0.049257,0,1
data\val\real\000000052565.jpg,0,real,blur_s0.5,0.159104,0,1
data\val\real\000000052591.jpg,0,real,blur_s0.5,0.126476,0,1
data\val\real\000000052891.jpg,0,real,blur_s0.5,0.067897,0,1
data\val\real\000000052996.jpg,0,real,blur_s0.5,0.009028,0,1
data\val\real\000000053505.jpg,0,real,blur_s0.5,0.186106,0,1
data\val\real\000000053529.jpg,0,real,blur_s0.5,0.015856,0,1
data\val\real\000000053624.jpg,0,real,blur_s0.5,0.019073,0,1
data\val\real\000000053626.jpg,0,real,blur_s0.5,0.002952,0,1
data\val\real\000000053909.jpg,0,real,blur_s0.5,0.060158,0,1
data\val\real\000000053994.jpg,0,real,blur_s0.5,0.351838,0,1
data\val\real\000000054123.jpg,0,real,blur_s0.5,0.176992,0,1
data\val\real\000000054164.jpg,0,real,blur_s0.5,0.155919,0,1
data\val\real\000000054592.jpg,0,real,blur_s0.5,0.086756,0,1
data\val\real\000000054593.jpg,0,real,blur_s0.5,0.070044,0,1
data\val\real\000000054605.jpg,0,real,blur_s0.5,0.041119,0,1
data\val\real\000000054628.jpg,0,real,blur_s0.5,0.019834,0,1
data\val\real\000000054654.jpg,0,real,blur_s0.5,0.005953,0,1
data\val\real\000000054931.jpg,0,real,blur_s0.5,0.499833,0,1
data\val\real\000000054967.jpg,0,real,blur_s0.5,0.539151,1,0
data\val\real\000000055002.jpg,0,real,blur_s0.5,0.074325,0,1
data\val\real\000000055022.jpg,0,real,blur_s0.5,0.057289,0,1
data\val\real\000000055072.jpg,0,real,blur_s0.5,0.213900,0,1
data\val\real\000000055150.jpg,0,real,blur_s0.5,0.033239,0,1
data\val\real\000000055167.jpg,0,real,blur_s0.5,0.004656,0,1
data\val\real\000000055299.jpg,0,real,blur_s0.5,0.091293,0,1
data\val\real\000000055528.jpg,0,real,blur_s0.5,0.004956,0,1
data\val\real\000000055950.jpg,0,real,blur_s0.5,0.024783,0,1
data\val\real\000000056127.jpg,0,real,blur_s0.5,0.411141,0,1
data\val\real\000000056288.jpg,0,real,blur_s0.5,0.078999,0,1
data\val\real\000000056344.jpg,0,real,blur_s0.5,0.338043,0,1
data\val\real\000000056350.jpg,0,real,blur_s0.5,0.258743,0,1
data\val\real\000000056545.jpg,0,real,blur_s0.5,0.005481,0,1
data\val\ai\ai_000001.png,1,ai,blur_s0.5,0.988930,1,1
data\val\ai\ai_000002.png,1,ai,blur_s0.5,0.988254,1,1
data\val\ai\ai_000003.png,1,ai,blur_s0.5,0.975304,1,1
data\val\ai\ai_000004.png,1,ai,blur_s0.5,0.985750,1,1
data\val\ai\ai_000005.png,1,ai,blur_s0.5,0.993074,1,1
data\val\ai\ai_000006.png,1,ai,blur_s0.5,0.951063,1,1
data\val\ai\ai_000007.png,1,ai,blur_s0.5,0.973362,1,1
data\val\ai\ai_000008.png,1,ai,blur_s0.5,0.927906,1,1
data\val\ai\ai_000009.png,1,ai,blur_s0.5,0.966641,1,1
data\val\ai\ai_000010.png,1,ai,blur_s0.5,0.976204,1,1
data\val\ai\ai_000011.png,1,ai,blur_s0.5,0.986324,1,1
data\val\ai\ai_000012.png,1,ai,blur_s0.5,0.987252,1,1
data\val\ai\ai_000013.png,1,ai,blur_s0.5,0.995933,1,1
data\val\ai\ai_000014.png,1,ai,blur_s0.5,0.997346,1,1
data\val\ai\ai_000015.png,1,ai,blur_s0.5,0.994744,1,1
data\val\ai\ai_000016.png,1,ai,blur_s0.5,0.921521,1,1
data\val\ai\ai_000017.png,1,ai,blur_s0.5,0.976800,1,1
data\val\ai\ai_000018.png,1,ai,blur_s0.5,0.991683,1,1
data\val\ai\ai_000019.png,1,ai,blur_s0.5,0.780979,1,1
data\val\ai\ai_000020.png,1,ai,blur_s0.5,0.939446,1,1
data\val\ai\ai_000021.png,1,ai,blur_s0.5,0.998734,1,1
data\val\ai\ai_000022.png,1,ai,blur_s0.5,0.794880,1,1
data\val\ai\ai_000023.png,1,ai,blur_s0.5,0.980067,1,1
data\val\ai\ai_000024.png,1,ai,blur_s0.5,0.927008,1,1
data\val\ai\ai_000025.png,1,ai,blur_s0.5,0.980880,1,1
data\val\ai\ai_000026.png,1,ai,blur_s0.5,0.710320,1,1
data\val\ai\ai_000027.png,1,ai,blur_s0.5,0.962923,1,1
data\val\ai\ai_000028.png,1,ai,blur_s0.5,0.995709,1,1
data\val\ai\ai_000029.png,1,ai,blur_s0.5,0.996530,1,1
data\val\ai\ai_000030.png,1,ai,blur_s0.5,0.877402,1,1
data\val\ai\ai_000031.png,1,ai,blur_s0.5,0.892935,1,1
data\val\ai\ai_000032.png,1,ai,blur_s0.5,0.960847,1,1
data\val\ai\ai_000033.png,1,ai,blur_s0.5,0.990466,1,1
data\val\ai\ai_000034.png,1,ai,blur_s0.5,0.993413,1,1
data\val\ai\ai_000035.png,1,ai,blur_s0.5,0.995585,1,1
data\val\ai\ai_000036.png,1,ai,blur_s0.5,0.997114,1,1
data\val\ai\ai_000037.png,1,ai,blur_s0.5,0.989224,1,1
data\val\ai\ai_000038.png,1,ai,blur_s0.5,0.968668,1,1
data\val\ai\ai_000039.png,1,ai,blur_s0.5,0.994478,1,1
data\val\ai\ai_000040.png,1,ai,blur_s0.5,0.788177,1,1
data\val\ai\ai_000041.png,1,ai,blur_s0.5,0.999805,1,1
data\val\ai\ai_000042.png,1,ai,blur_s0.5,0.999171,1,1
data\val\ai\ai_000043.png,1,ai,blur_s0.5,0.999739,1,1
data\val\ai\ai_000044.png,1,ai,blur_s0.5,0.851288,1,1
data\val\ai\ai_000045.png,1,ai,blur_s0.5,0.998603,1,1
data\val\ai\ai_000046.png,1,ai,blur_s0.5,0.897266,1,1
data\val\ai\ai_000047.png,1,ai,blur_s0.5,0.969484,1,1
data\val\ai\ai_000048.png,1,ai,blur_s0.5,0.930662,1,1
data\val\ai\ai_000049.png,1,ai,blur_s0.5,0.984982,1,1
data\val\ai\ai_000050.png,1,ai,blur_s0.5,0.974979,1,1
data\val\ai\ai_000051.png,1,ai,blur_s0.5,0.994488,1,1
data\val\ai\ai_000052.png,1,ai,blur_s0.5,0.998280,1,1
data\val\ai\ai_000053.png,1,ai,blur_s0.5,0.994218,1,1
data\val\ai\ai_000054.png,1,ai,blur_s0.5,0.979643,1,1
data\val\ai\ai_000055.png,1,ai,blur_s0.5,0.790200,1,1
data\val\ai\ai_000056.png,1,ai,blur_s0.5,0.921777,1,1
data\val\ai\ai_000057.png,1,ai,blur_s0.5,0.944009,1,1
data\val\ai\ai_000058.png,1,ai,blur_s0.5,0.415280,0,0
data\val\ai\ai_000059.png,1,ai,blur_s0.5,0.962101,1,1
data\val\ai\ai_000060.png,1,ai,blur_s0.5,0.840100,1,1
data\val\ai\ai_000061.png,1,ai,blur_s0.5,0.983738,1,1
data\val\ai\ai_000062.png,1,ai,blur_s0.5,0.992533,1,1
data\val\ai\ai_000063.png,1,ai,blur_s0.5,0.996010,1,1
data\val\ai\ai_000064.png,1,ai,blur_s0.5,0.837098,1,1
data\val\ai\ai_000065.png,1,ai,blur_s0.5,0.984963,1,1
data\val\ai\ai_000066.png,1,ai,blur_s0.5,0.954386,1,1
data\val\ai\ai_000067.png,1,ai,blur_s0.5,0.997321,1,1
data\val\ai\ai_000068.png,1,ai,blur_s0.5,0.865932,1,1
data\val\ai\ai_000069.png,1,ai,blur_s0.5,0.997763,1,1
data\val\ai\ai_000070.png,1,ai,blur_s0.5,0.951025,1,1
data\val\ai\ai_000071.png,1,ai,blur_s0.5,0.999271,1,1
data\val\ai\ai_000072.png,1,ai,blur_s0.5,0.939930,1,1
data\val\ai\ai_000073.png,1,ai,blur_s0.5,0.998149,1,1
data\val\ai\ai_000074.png,1,ai,blur_s0.5,0.997668,1,1
data\val\ai\ai_000075.png,1,ai,blur_s0.5,0.998138,1,1
data\val\ai\ai_000076.png,1,ai,blur_s0.5,0.976152,1,1
data\val\ai\ai_000077.png,1,ai,blur_s0.5,0.987047,1,1
data\val\ai\ai_000078.png,1,ai,blur_s0.5,0.586270,1,1
data\val\ai\ai_000079.png,1,ai,blur_s0.5,0.886941,1,1
data\val\ai\ai_000080.png,1,ai,blur_s0.5,0.856624,1,1
data\val\ai\ai_000081.png,1,ai,blur_s0.5,0.997080,1,1
data\val\ai\ai_000082.png,1,ai,blur_s0.5,0.998673,1,1
data\val\ai\ai_000083.png,1,ai,blur_s0.5,0.987538,1,1
data\val\ai\ai_000084.png,1,ai,blur_s0.5,0.983331,1,1
data\val\ai\ai_000085.png,1,ai,blur_s0.5,0.981103,1,1
data\val\ai\ai_000086.png,1,ai,blur_s0.5,0.776983,1,1
data\val\ai\ai_000087.png,1,ai,blur_s0.5,0.994779,1,1
data\val\ai\ai_000088.png,1,ai,blur_s0.5,0.939214,1,1
data\val\ai\ai_000089.png,1,ai,blur_s0.5,0.957581,1,1
data\val\ai\ai_000090.png,1,ai,blur_s0.5,0.884358,1,1
data\val\ai\ai_000091.png,1,ai,blur_s0.5,0.979034,1,1
data\val\ai\ai_000092.png,1,ai,blur_s0.5,0.994937,1,1
data\val\ai\ai_000093.png,1,ai,blur_s0.5,0.992918,1,1
data\val\ai\ai_000094.png,1,ai,blur_s0.5,0.998932,1,1
data\val\ai\ai_000095.png,1,ai,blur_s0.5,0.989105,1,1
data\val\ai\ai_000096.png,1,ai,blur_s0.5,0.986780,1,1
data\val\ai\ai_000097.png,1,ai,blur_s0.5,0.670066,1,1
data\val\ai\ai_000098.png,1,ai,blur_s0.5,0.967402,1,1
data\val\ai\ai_000099.png,1,ai,blur_s0.5,0.729765,1,1
data\val\ai\ai_000100.png,1,ai,blur_s0.5,0.976138,1,1
data\val\ai\ai_000101.png,1,ai,blur_s0.5,0.994404,1,1
data\val\ai\ai_000102.png,1,ai,blur_s0.5,0.799693,1,1
data\val\ai\ai_000103.png,1,ai,blur_s0.5,0.989731,1,1
data\val\ai\ai_000104.png,1,ai,blur_s0.5,0.992953,1,1
data\val\ai\ai_000105.png,1,ai,blur_s0.5,0.527457,1,1
data\val\ai\ai_000106.png,1,ai,blur_s0.5,0.881711,1,1
data\val\ai\ai_000107.png,1,ai,blur_s0.5,0.967423,1,1
data\val\ai\ai_000108.png,1,ai,blur_s0.5,0.994359,1,1
data\val\ai\ai_000109.png,1,ai,blur_s0.5,0.999769,1,1
data\val\ai\ai_000110.png,1,ai,blur_s0.5,0.965624,1,1
data\val\ai\ai_000111.png,1,ai,blur_s0.5,0.966757,1,1
data\val\ai\ai_000112.png,1,ai,blur_s0.5,0.890033,1,1
data\val\ai\ai_000113.png,1,ai,blur_s0.5,0.987276,1,1
data\val\ai\ai_000114.png,1,ai,blur_s0.5,0.991009,1,1
data\val\ai\ai_000115.png,1,ai,blur_s0.5,0.980455,1,1
data\val\ai\ai_000116.png,1,ai,blur_s0.5,0.866704,1,1
data\val\ai\ai_000117.png,1,ai,blur_s0.5,0.986689,1,1
data\val\ai\ai_000118.png,1,ai,blur_s0.5,0.995223,1,1
data\val\ai\ai_000119.png,1,ai,blur_s0.5,0.974228,1,1
data\val\ai\ai_000120.png,1,ai,blur_s0.5,0.841135,1,1
data\val\ai\ai_000121.png,1,ai,blur_s0.5,0.998537,1,1
data\val\ai\ai_000122.png,1,ai,blur_s0.5,0.985296,1,1
data\val\ai\ai_000123.png,1,ai,blur_s0.5,0.928338,1,1
data\val\ai\ai_000124.png,1,ai,blur_s0.5,0.853083,1,1
data\val\ai\ai_000125.png,1,ai,blur_s0.5,0.997298,1,1
data\val\ai\ai_000126.png,1,ai,blur_s0.5,0.968601,1,1
data\val\ai\ai_000127.png,1,ai,blur_s0.5,0.993663,1,1
data\val\ai\ai_000128.png,1,ai,blur_s0.5,0.991912,1,1
data\val\ai\ai_000129.png,1,ai,blur_s0.5,0.989691,1,1
data\val\ai\ai_000130.png,1,ai,blur_s0.5,0.603612,1,1
data\val\ai\ai_000131.png,1,ai,blur_s0.5,0.994826,1,1
data\val\ai\ai_000132.png,1,ai,blur_s0.5,0.969155,1,1
data\val\ai\ai_000133.png,1,ai,blur_s0.5,0.998066,1,1
data\val\ai\ai_000134.png,1,ai,blur_s0.5,0.996044,1,1
data\val\ai\ai_000135.png,1,ai,blur_s0.5,0.999051,1,1
data\val\ai\ai_000136.png,1,ai,blur_s0.5,0.756408,1,1
data\val\ai\ai_000137.png,1,ai,blur_s0.5,0.923934,1,1
data\val\ai\ai_000138.png,1,ai,blur_s0.5,0.817262,1,1
data\val\ai\ai_000139.png,1,ai,blur_s0.5,0.994845,1,1
data\val\ai\ai_000140.png,1,ai,blur_s0.5,0.876006,1,1
data\val\ai\ai_000141.png,1,ai,blur_s0.5,0.999089,1,1
data\val\ai\ai_000142.png,1,ai,blur_s0.5,0.969962,1,1
data\val\ai\ai_000143.png,1,ai,blur_s0.5,0.997632,1,1
data\val\ai\ai_000144.png,1,ai,blur_s0.5,0.990745,1,1
data\val\ai\ai_000145.png,1,ai,blur_s0.5,0.992665,1,1
data\val\ai\ai_000146.png,1,ai,blur_s0.5,0.990331,1,1
data\val\ai\ai_000147.png,1,ai,blur_s0.5,0.979801,1,1
data\val\ai\ai_000148.png,1,ai,blur_s0.5,0.252594,0,0
data\val\ai\ai_000149.png,1,ai,blur_s0.5,0.995784,1,1
data\val\ai\ai_000150.png,1,ai,blur_s0.5,0.923747,1,1
data\val\ai\ai_000151.png,1,ai,blur_s0.5,0.874535,1,1
data\val\ai\ai_000152.png,1,ai,blur_s0.5,0.961931,1,1
data\val\ai\ai_000153.png,1,ai,blur_s0.5,0.998892,1,1
data\val\ai\ai_000154.png,1,ai,blur_s0.5,0.992776,1,1
data\val\ai\ai_000155.png,1,ai,blur_s0.5,0.992854,1,1
data\val\ai\ai_000156.png,1,ai,blur_s0.5,0.652669,1,1
data\val\ai\ai_000157.png,1,ai,blur_s0.5,0.972187,1,1
data\val\ai\ai_000158.png,1,ai,blur_s0.5,0.448733,0,0
data\val\ai\ai_000159.png,1,ai,blur_s0.5,0.999319,1,1
data\val\ai\ai_000160.png,1,ai,blur_s0.5,0.222228,0,0
data\val\ai\ai_000161.png,1,ai,blur_s0.5,0.993096,1,1
data\val\ai\ai_000162.png,1,ai,blur_s0.5,0.988921,1,1
data\val\ai\ai_000163.png,1,ai,blur_s0.5,0.998363,1,1
data\val\ai\ai_000164.png,1,ai,blur_s0.5,0.998871,1,1
data\val\ai\ai_000165.png,1,ai,blur_s0.5,0.999675,1,1
data\val\ai\ai_000166.png,1,ai,blur_s0.5,0.977861,1,1
data\val\ai\ai_000167.png,1,ai,blur_s0.5,0.980411,1,1
data\val\ai\ai_000168.png,1,ai,blur_s0.5,0.620447,1,1
data\val\ai\ai_000169.png,1,ai,blur_s0.5,0.993274,1,1
data\val\ai\ai_000170.png,1,ai,blur_s0.5,0.982375,1,1
data\val\ai\ai_000171.png,1,ai,blur_s0.5,0.985609,1,1
data\val\ai\ai_000172.png,1,ai,blur_s0.5,0.984675,1,1
data\val\ai\ai_000173.png,1,ai,blur_s0.5,0.981914,1,1
data\val\ai\ai_000174.png,1,ai,blur_s0.5,0.999829,1,1
data\val\ai\ai_000175.png,1,ai,blur_s0.5,0.994222,1,1
data\val\ai\ai_000176.png,1,ai,blur_s0.5,0.988727,1,1
data\val\ai\ai_000177.png,1,ai,blur_s0.5,0.991765,1,1
data\val\ai\ai_000178.png,1,ai,blur_s0.5,0.789472,1,1
data\val\ai\ai_000179.png,1,ai,blur_s0.5,0.998981,1,1
data\val\ai\ai_000180.png,1,ai,blur_s0.5,0.958996,1,1
data\val\ai\ai_000181.png,1,ai,blur_s0.5,0.988153,1,1
data\val\ai\ai_000182.png,1,ai,blur_s0.5,0.917961,1,1
data\val\ai\ai_000183.png,1,ai,blur_s0.5,0.980595,1,1
data\val\ai\ai_000184.png,1,ai,blur_s0.5,0.995697,1,1
data\val\ai\ai_000185.png,1,ai,blur_s0.5,0.986468,1,1
data\val\ai\ai_000186.png,1,ai,blur_s0.5,0.824372,1,1
data\val\ai\ai_000187.png,1,ai,blur_s0.5,0.989567,1,1
data\val\ai\ai_000188.png,1,ai,blur_s0.5,0.727345,1,1
data\val\ai\ai_000189.png,1,ai,blur_s0.5,0.994850,1,1
data\val\ai\ai_000190.png,1,ai,blur_s0.5,0.953825,1,1
data\val\ai\ai_000191.png,1,ai,blur_s0.5,0.849386,1,1
data\val\ai\ai_000192.png,1,ai,blur_s0.5,0.996573,1,1
data\val\ai\ai_000193.png,1,ai,blur_s0.5,0.999631,1,1
data\val\ai\ai_000194.png,1,ai,blur_s0.5,0.987896,1,1
data\val\ai\ai_000195.png,1,ai,blur_s0.5,0.994374,1,1
data\val\ai\ai_000196.png,1,ai,blur_s0.5,0.998100,1,1
data\val\ai\ai_000197.png,1,ai,blur_s0.5,0.948160,1,1
data\val\ai\ai_000198.png,1,ai,blur_s0.5,0.981556,1,1
data\val\ai\ai_000199.png,1,ai,blur_s0.5,0.952555,1,1
data\val\ai\ai_000200.png,1,ai,blur_s0.5,0.929308,1,1
data\val\ai\ai_000201.png,1,ai,blur_s0.5,0.962257,1,1
data\val\ai\ai_000202.png,1,ai,blur_s0.5,0.883181,1,1
data\val\ai\ai_000203.png,1,ai,blur_s0.5,0.998808,1,1
data\val\ai\ai_000204.png,1,ai,blur_s0.5,0.993970,1,1
data\val\ai\ai_000205.png,1,ai,blur_s0.5,0.935174,1,1
data\val\ai\ai_000206.png,1,ai,blur_s0.5,0.998838,1,1
data\val\ai\ai_000207.png,1,ai,blur_s0.5,0.996667,1,1
data\val\ai\ai_000208.png,1,ai,blur_s0.5,0.948495,1,1
data\val\ai\ai_000209.png,1,ai,blur_s0.5,0.997577,1,1
data\val\ai\ai_000210.png,1,ai,blur_s0.5,0.910994,1,1
data\val\ai\ai_000211.png,1,ai,blur_s0.5,0.999201,1,1
data\val\ai\ai_000212.png,1,ai,blur_s0.5,0.998979,1,1
data\val\ai\ai_000213.png,1,ai,blur_s0.5,0.986490,1,1
data\val\ai\ai_000214.png,1,ai,blur_s0.5,0.999473,1,1
data\val\ai\ai_000215.png,1,ai,blur_s0.5,0.970973,1,1
data\val\ai\ai_000216.png,1,ai,blur_s0.5,0.972930,1,1
data\val\ai\ai_000217.png,1,ai,blur_s0.5,0.934669,1,1
data\val\ai\ai_000218.png,1,ai,blur_s0.5,0.902240,1,1
data\val\ai\ai_000219.png,1,ai,blur_s0.5,0.991447,1,1
data\val\ai\ai_000220.png,1,ai,blur_s0.5,0.678732,1,1
data\val\ai\ai_000221.png,1,ai,blur_s0.5,0.990414,1,1
data\val\ai\ai_000222.png,1,ai,blur_s0.5,0.918555,1,1
data\val\ai\ai_000223.png,1,ai,blur_s0.5,0.997409,1,1
data\val\ai\ai_000224.png,1,ai,blur_s0.5,0.984251,1,1
data\val\ai\ai_000225.png,1,ai,blur_s0.5,0.992044,1,1
data\val\ai\ai_000226.png,1,ai,blur_s0.5,0.986455,1,1
data\val\ai\ai_000227.png,1,ai,blur_s0.5,0.971505,1,1
data\val\ai\ai_000228.png,1,ai,blur_s0.5,0.143095,0,0
data\val\ai\ai_000229.png,1,ai,blur_s0.5,0.992613,1,1
data\val\ai\ai_000230.png,1,ai,blur_s0.5,0.961405,1,1
data\val\ai\ai_000231.png,1,ai,blur_s0.5,0.999503,1,1
data\val\ai\ai_000232.png,1,ai,blur_s0.5,0.930636,1,1
data\val\ai\ai_000233.png,1,ai,blur_s0.5,0.980716,1,1
data\val\ai\ai_000234.png,1,ai,blur_s0.5,0.999514,1,1
data\val\ai\ai_000235.png,1,ai,blur_s0.5,0.996535,1,1
data\val\ai\ai_000236.png,1,ai,blur_s0.5,0.955308,1,1
data\val\ai\ai_000237.png,1,ai,blur_s0.5,0.947070,1,1
data\val\ai\ai_000238.png,1,ai,blur_s0.5,0.898787,1,1
data\val\ai\ai_000239.png,1,ai,blur_s0.5,0.868334,1,1
data\val\ai\ai_000240.png,1,ai,blur_s0.5,0.873344,1,1
data\val\ai\ai_000241.png,1,ai,blur_s0.5,0.977301,1,1
data\val\ai\ai_000242.png,1,ai,blur_s0.5,0.999017,1,1
data\val\ai\ai_000243.png,1,ai,blur_s0.5,0.987436,1,1
data\val\ai\ai_000244.png,1,ai,blur_s0.5,0.996494,1,1
data\val\ai\ai_000245.png,1,ai,blur_s0.5,0.924012,1,1
data\val\ai\ai_000246.png,1,ai,blur_s0.5,0.997705,1,1
data\val\ai\ai_000247.png,1,ai,blur_s0.5,0.912142,1,1
data\val\ai\ai_000248.png,1,ai,blur_s0.5,0.991361,1,1
data\val\ai\ai_000249.png,1,ai,blur_s0.5,0.998393,1,1
data\val\ai\ai_000250.png,1,ai,blur_s0.5,0.552141,1,1
data\val\ai\ai_000251.png,1,ai,blur_s0.5,0.959738,1,1
data\val\ai\ai_000252.png,1,ai,blur_s0.5,0.994353,1,1
data\val\ai\ai_000253.png,1,ai,blur_s0.5,0.997750,1,1
data\val\ai\ai_000254.png,1,ai,blur_s0.5,0.946749,1,1
data\val\ai\ai_000255.png,1,ai,blur_s0.5,0.833016,1,1
data\val\ai\ai_000256.png,1,ai,blur_s0.5,0.479161,0,0
data\val\ai\ai_000257.png,1,ai,blur_s0.5,0.991466,1,1
data\val\ai\ai_000258.png,1,ai,blur_s0.5,0.893243,1,1
data\val\ai\ai_000259.png,1,ai,blur_s0.5,0.998663,1,1
data\val\ai\ai_000260.png,1,ai,blur_s0.5,0.651381,1,1
data\val\ai\ai_000261.png,1,ai,blur_s0.5,0.991782,1,1
data\val\ai\ai_000262.png,1,ai,blur_s0.5,0.996490,1,1
data\val\ai\ai_000263.png,1,ai,blur_s0.5,0.991313,1,1
data\val\ai\ai_000264.png,1,ai,blur_s0.5,0.999415,1,1
data\val\ai\ai_000265.png,1,ai,blur_s0.5,0.991484,1,1
data\val\ai\ai_000266.png,1,ai,blur_s0.5,0.944100,1,1
data\val\ai\ai_000267.png,1,ai,blur_s0.5,0.996028,1,1
data\val\ai\ai_000268.png,1,ai,blur_s0.5,0.901676,1,1
data\val\ai\ai_000269.png,1,ai,blur_s0.5,0.995072,1,1
data\val\ai\ai_000270.png,1,ai,blur_s0.5,0.804364,1,1
data\val\ai\ai_000271.png,1,ai,blur_s0.5,0.990916,1,1
data\val\ai\ai_000272.png,1,ai,blur_s0.5,0.996726,1,1
data\val\ai\ai_000273.png,1,ai,blur_s0.5,0.997681,1,1
data\val\ai\ai_000274.png,1,ai,blur_s0.5,0.994331,1,1
data\val\ai\ai_000275.png,1,ai,blur_s0.5,0.996705,1,1
data\val\ai\ai_000276.png,1,ai,blur_s0.5,0.995582,1,1
data\val\ai\ai_000277.png,1,ai,blur_s0.5,0.977659,1,1
data\val\ai\ai_000278.png,1,ai,blur_s0.5,0.993340,1,1
data\val\ai\ai_000279.png,1,ai,blur_s0.5,0.982261,1,1
data\val\ai\ai_000280.png,1,ai,blur_s0.5,0.860043,1,1
data\val\ai\ai_000281.png,1,ai,blur_s0.5,0.957151,1,1
data\val\ai\ai_000282.png,1,ai,blur_s0.5,0.892648,1,1
data\val\ai\ai_000283.png,1,ai,blur_s0.5,0.997593,1,1
data\val\ai\ai_000284.png,1,ai,blur_s0.5,0.982030,1,1
data\val\ai\ai_000285.png,1,ai,blur_s0.5,0.994812,1,1
data\val\ai\ai_000286.png,1,ai,blur_s0.5,0.992074,1,1
data\val\ai\ai_000287.png,1,ai,blur_s0.5,0.980362,1,1
data\val\ai\ai_000288.png,1,ai,blur_s0.5,0.323077,0,0
data\val\ai\ai_000289.png,1,ai,blur_s0.5,0.993503,1,1
data\val\ai\ai_000290.png,1,ai,blur_s0.5,0.729287,1,1
data\val\ai\ai_000291.png,1,ai,blur_s0.5,0.998095,1,1
data\val\ai\ai_000292.png,1,ai,blur_s0.5,0.993230,1,1
data\val\ai\ai_000293.png,1,ai,blur_s0.5,0.560783,1,1
data\val\ai\ai_000294.png,1,ai,blur_s0.5,0.990890,1,1
data\val\ai\ai_000295.png,1,ai,blur_s0.5,0.993280,1,1
data\val\ai\ai_000296.png,1,ai,blur_s0.5,0.998028,1,1
data\val\ai\ai_000297.png,1,ai,blur_s0.5,0.996859,1,1
data\val\ai\ai_000298.png,1,ai,blur_s0.5,0.986408,1,1
data\val\ai\ai_000299.png,1,ai,blur_s0.5,0.962700,1,1
data\val\ai\ai_000300.png,1,ai,blur_s0.5,0.600173,1,1
data\val\ai\ai_000301.png,1,ai,blur_s0.5,0.947830,1,1
data\val\ai\ai_000302.png,1,ai,blur_s0.5,0.673755,1,1
data\val\ai\ai_000303.png,1,ai,blur_s0.5,0.975770,1,1
data\val\ai\ai_000304.png,1,ai,blur_s0.5,0.992874,1,1
data\val\ai\ai_000305.png,1,ai,blur_s0.5,0.952265,1,1
data\val\ai\ai_000306.png,1,ai,blur_s0.5,0.984959,1,1
data\val\ai\ai_000307.png,1,ai,blur_s0.5,0.960047,1,1
data\val\ai\ai_000308.png,1,ai,blur_s0.5,0.909407,1,1
data\val\ai\ai_000309.png,1,ai,blur_s0.5,0.941791,1,1
data\val\ai\ai_000310.png,1,ai,blur_s0.5,0.902735,1,1
data\val\ai\ai_000311.png,1,ai,blur_s0.5,0.981216,1,1
data\val\ai\ai_000312.png,1,ai,blur_s0.5,0.955582,1,1
data\val\ai\ai_000313.png,1,ai,blur_s0.5,0.759242,1,1
data\val\ai\ai_000314.png,1,ai,blur_s0.5,0.995953,1,1
data\val\ai\ai_000315.png,1,ai,blur_s0.5,0.995839,1,1
data\val\ai\ai_000316.png,1,ai,blur_s0.5,0.996029,1,1
data\val\ai\ai_000317.png,1,ai,blur_s0.5,0.998915,1,1
data\val\ai\ai_000318.png,1,ai,blur_s0.5,0.162169,0,0
data\val\ai\ai_000319.png,1,ai,blur_s0.5,0.940979,1,1
data\val\ai\ai_000320.png,1,ai,blur_s0.5,0.971858,1,1
data\val\ai\ai_000321.png,1,ai,blur_s0.5,0.991491,1,1
data\val\ai\ai_000322.png,1,ai,blur_s0.5,0.916985,1,1
data\val\ai\ai_000323.png,1,ai,blur_s0.5,0.997960,1,1
data\val\ai\ai_000324.png,1,ai,blur_s0.5,0.999168,1,1
data\val\ai\ai_000325.png,1,ai,blur_s0.5,0.985047,1,1
data\val\ai\ai_000326.png,1,ai,blur_s0.5,0.993470,1,1
data\val\ai\ai_000327.png,1,ai,blur_s0.5,0.999157,1,1
data\val\ai\ai_000328.png,1,ai,blur_s0.5,0.923296,1,1
data\val\ai\ai_000329.png,1,ai,blur_s0.5,0.974368,1,1
data\val\ai\ai_000330.png,1,ai,blur_s0.5,0.962952,1,1
data\val\ai\ai_000331.png,1,ai,blur_s0.5,0.984437,1,1
data\val\ai\ai_000332.png,1,ai,blur_s0.5,0.839673,1,1
data\val\ai\ai_000333.png,1,ai,blur_s0.5,0.995782,1,1
data\val\ai\ai_000334.png,1,ai,blur_s0.5,0.961261,1,1
data\val\ai\ai_000335.png,1,ai,blur_s0.5,0.998538,1,1
data\val\ai\ai_000336.png,1,ai,blur_s0.5,0.861445,1,1
data\val\ai\ai_000337.png,1,ai,blur_s0.5,0.997952,1,1
data\val\ai\ai_000338.png,1,ai,blur_s0.5,0.622093,1,1
data\val\ai\ai_000339.png,1,ai,blur_s0.5,0.998052,1,1
data\val\ai\ai_000340.png,1,ai,blur_s0.5,0.972495,1,1
data\val\ai\ai_000341.png,1,ai,blur_s0.5,0.987127,1,1
data\val\ai\ai_000342.png,1,ai,blur_s0.5,0.675738,1,1
data\val\ai\ai_000343.png,1,ai,blur_s0.5,0.998309,1,1
data\val\ai\ai_000344.png,1,ai,blur_s0.5,0.991287,1,1
data\val\ai\ai_000345.png,1,ai,blur_s0.5,0.987020,1,1
data\val\ai\ai_000346.png,1,ai,blur_s0.5,0.996795,1,1
data\val\ai\ai_000347.png,1,ai,blur_s0.5,0.981369,1,1
data\val\ai\ai_000348.png,1,ai,blur_s0.5,0.947271,1,1
data\val\ai\ai_000349.png,1,ai,blur_s0.5,0.997996,1,1
data\val\ai\ai_000350.png,1,ai,blur_s0.5,0.792533,1,1
data\val\ai\ai_000351.png,1,ai,blur_s0.5,0.983062,1,1
data\val\ai\ai_000352.png,1,ai,blur_s0.5,0.922923,1,1
data\val\ai\ai_000353.png,1,ai,blur_s0.5,0.968019,1,1
data\val\ai\ai_000354.png,1,ai,blur_s0.5,0.998204,1,1
data\val\ai\ai_000355.png,1,ai,blur_s0.5,0.991178,1,1
data\val\ai\ai_000356.png,1,ai,blur_s0.5,0.922661,1,1
data\val\ai\ai_000357.png,1,ai,blur_s0.5,0.975157,1,1
data\val\ai\ai_000358.png,1,ai,blur_s0.5,0.200010,0,0
data\val\ai\ai_000359.png,1,ai,blur_s0.5,0.995391,1,1
data\val\ai\ai_000360.png,1,ai,blur_s0.5,0.910260,1,1
data\val\ai\ai_000361.png,1,ai,blur_s0.5,0.996217,1,1
data\val\ai\ai_000362.png,1,ai,blur_s0.5,0.860140,1,1
data\val\ai\ai_000363.png,1,ai,blur_s0.5,0.997440,1,1
data\val\ai\ai_000364.png,1,ai,blur_s0.5,0.998852,1,1
data\val\ai\ai_000365.png,1,ai,blur_s0.5,0.729838,1,1
data\val\ai\ai_000366.png,1,ai,blur_s0.5,0.892627,1,1
data\val\ai\ai_000367.png,1,ai,blur_s0.5,0.986327,1,1
data\val\ai\ai_000368.png,1,ai,blur_s0.5,0.475046,0,0
data\val\ai\ai_000369.png,1,ai,blur_s0.5,0.993282,1,1
data\val\ai\ai_000370.png,1,ai,blur_s0.5,0.556179,1,1
data\val\ai\ai_000371.png,1,ai,blur_s0.5,0.977973,1,1
data\val\ai\ai_000372.png,1,ai,blur_s0.5,0.950344,1,1
data\val\ai\ai_000373.png,1,ai,blur_s0.5,0.973521,1,1
data\val\ai\ai_000374.png,1,ai,blur_s0.5,0.998748,1,1
data\val\ai\ai_000375.png,1,ai,blur_s0.5,0.994825,1,1
data\val\ai\ai_000376.png,1,ai,blur_s0.5,0.683473,1,1
data\val\ai\ai_000377.png,1,ai,blur_s0.5,0.916001,1,1
data\val\ai\ai_000378.png,1,ai,blur_s0.5,0.995054,1,1
data\val\ai\ai_000379.png,1,ai,blur_s0.5,0.906472,1,1
data\val\ai\ai_000380.png,1,ai,blur_s0.5,0.894649,1,1
data\val\ai\ai_000381.png,1,ai,blur_s0.5,0.923095,1,1
data\val\ai\ai_000382.png,1,ai,blur_s0.5,0.722717,1,1
data\val\ai\ai_000383.png,1,ai,blur_s0.5,0.990728,1,1
data\val\ai\ai_000384.png,1,ai,blur_s0.5,0.943683,1,1
data\val\ai\ai_000385.png,1,ai,blur_s0.5,0.992012,1,1
data\val\ai\ai_000386.png,1,ai,blur_s0.5,0.955726,1,1
data\val\ai\ai_000387.png,1,ai,blur_s0.5,0.997955,1,1
data\val\ai\ai_000388.png,1,ai,blur_s0.5,0.993671,1,1
data\val\ai\ai_000389.png,1,ai,blur_s0.5,0.970805,1,1
data\val\ai\ai_000390.png,1,ai,blur_s0.5,0.997210,1,1
data\val\ai\ai_000391.png,1,ai,blur_s0.5,0.959156,1,1
data\val\ai\ai_000392.png,1,ai,blur_s0.5,0.903535,1,1
data\val\ai\ai_000393.png,1,ai,blur_s0.5,0.994216,1,1
data\val\ai\ai_000394.png,1,ai,blur_s0.5,0.997545,1,1
data\val\ai\ai_000395.png,1,ai,blur_s0.5,0.976904,1,1
data\val\ai\ai_000396.png,1,ai,blur_s0.5,0.979587,1,1
data\val\ai\ai_000397.png,1,ai,blur_s0.5,0.995683,1,1
data\val\ai\ai_000398.png,1,ai,blur_s0.5,0.847169,1,1
data\val\ai\ai_000399.png,1,ai,blur_s0.5,0.971604,1,1
data\val\ai\ai_000400.png,1,ai,blur_s0.5,0.690533,1,1
data\val\ai\ai_000401.png,1,ai,blur_s0.5,0.994175,1,1
data\val\ai\ai_000402.png,1,ai,blur_s0.5,0.983454,1,1
data\val\ai\ai_000403.png,1,ai,blur_s0.5,0.992817,1,1
data\val\ai\ai_000404.png,1,ai,blur_s0.5,0.982171,1,1
data\val\ai\ai_000405.png,1,ai,blur_s0.5,0.998508,1,1
data\val\ai\ai_000406.png,1,ai,blur_s0.5,0.999373,1,1
data\val\ai\ai_000407.png,1,ai,blur_s0.5,0.902903,1,1
data\val\ai\ai_000408.png,1,ai,blur_s0.5,0.984037,1,1
data\val\ai\ai_000409.png,1,ai,blur_s0.5,0.978997,1,1
data\val\ai\ai_000410.png,1,ai,blur_s0.5,0.872985,1,1
data\val\ai\ai_000411.png,1,ai,blur_s0.5,0.997004,1,1
data\val\ai\ai_000412.png,1,ai,blur_s0.5,0.997864,1,1
data\val\ai\ai_000413.png,1,ai,blur_s0.5,0.984841,1,1
data\val\ai\ai_000414.png,1,ai,blur_s0.5,0.999630,1,1
data\val\ai\ai_000415.png,1,ai,blur_s0.5,0.991364,1,1
data\val\ai\ai_000416.png,1,ai,blur_s0.5,0.897319,1,1
data\val\ai\ai_000417.png,1,ai,blur_s0.5,0.991672,1,1
data\val\ai\ai_000418.png,1,ai,blur_s0.5,0.354646,0,0
data\val\ai\ai_000419.png,1,ai,blur_s0.5,0.954687,1,1
data\val\ai\ai_000420.png,1,ai,blur_s0.5,0.919662,1,1
data\val\ai\ai_000421.png,1,ai,blur_s0.5,0.998735,1,1
data\val\ai\ai_000422.png,1,ai,blur_s0.5,0.521897,1,1
data\val\ai\ai_000423.png,1,ai,blur_s0.5,0.958182,1,1
data\val\ai\ai_000424.png,1,ai,blur_s0.5,0.999625,1,1
data\val\ai\ai_000425.png,1,ai,blur_s0.5,0.938763,1,1
data\val\ai\ai_000426.png,1,ai,blur_s0.5,0.647086,1,1
data\val\ai\ai_000427.png,1,ai,blur_s0.5,0.994231,1,1
data\val\ai\ai_000428.png,1,ai,blur_s0.5,0.981470,1,1
data\val\ai\ai_000429.png,1,ai,blur_s0.5,0.995808,1,1
data\val\ai\ai_000430.png,1,ai,blur_s0.5,0.951021,1,1
data\val\ai\ai_000431.png,1,ai,blur_s0.5,0.941362,1,1
data\val\ai\ai_000432.png,1,ai,blur_s0.5,0.993111,1,1
data\val\ai\ai_000433.png,1,ai,blur_s0.5,0.998553,1,1
data\val\ai\ai_000434.png,1,ai,blur_s0.5,0.976915,1,1
data\val\ai\ai_000435.png,1,ai,blur_s0.5,0.987305,1,1
data\val\ai\ai_000436.png,1,ai,blur_s0.5,0.990693,1,1
data\val\ai\ai_000437.png,1,ai,blur_s0.5,0.975674,1,1
data\val\ai\ai_000438.png,1,ai,blur_s0.5,0.989570,1,1
data\val\ai\ai_000439.png,1,ai,blur_s0.5,0.836582,1,1
data\val\ai\ai_000440.png,1,ai,blur_s0.5,0.949778,1,1
data\val\ai\ai_000441.png,1,ai,blur_s0.5,0.901131,1,1
data\val\ai\ai_000442.png,1,ai,blur_s0.5,0.988028,1,1
data\val\ai\ai_000443.png,1,ai,blur_s0.5,0.997856,1,1
data\val\ai\ai_000444.png,1,ai,blur_s0.5,0.998324,1,1
data\val\ai\ai_000445.png,1,ai,blur_s0.5,0.987012,1,1
data\val\ai\ai_000446.png,1,ai,blur_s0.5,0.987056,1,1
data\val\ai\ai_000447.png,1,ai,blur_s0.5,0.990501,1,1
data\val\ai\ai_000448.png,1,ai,blur_s0.5,0.311000,0,0
data\val\ai\ai_000449.png,1,ai,blur_s0.5,0.999401,1,1
data\val\ai\ai_000450.png,1,ai,blur_s0.5,0.994370,1,1
data\val\ai\ai_000451.png,1,ai,blur_s0.5,0.960475,1,1
data\val\ai\ai_000452.png,1,ai,blur_s0.5,0.896871,1,1
data\val\ai\ai_000453.png,1,ai,blur_s0.5,0.998130,1,1
data\val\ai\ai_000454.png,1,ai,blur_s0.5,0.953482,1,1
data\val\ai\ai_000455.png,1,ai,blur_s0.5,0.996496,1,1
data\val\ai\ai_000456.png,1,ai,blur_s0.5,0.981562,1,1
data\val\ai\ai_000457.png,1,ai,blur_s0.5,0.983033,1,1
data\val\ai\ai_000458.png,1,ai,blur_s0.5,0.954811,1,1
data\val\ai\ai_000459.png,1,ai,blur_s0.5,0.730322,1,1
data\val\ai\ai_000460.png,1,ai,blur_s0.5,0.946355,1,1
data\val\ai\ai_000461.png,1,ai,blur_s0.5,0.928043,1,1
data\val\ai\ai_000462.png,1,ai,blur_s0.5,0.972021,1,1
data\val\ai\ai_000463.png,1,ai,blur_s0.5,0.992101,1,1
data\val\ai\ai_000464.png,1,ai,blur_s0.5,0.992015,1,1
data\val\ai\ai_000465.png,1,ai,blur_s0.5,0.996938,1,1
data\val\ai\ai_000466.png,1,ai,blur_s0.5,0.580140,1,1
data\val\ai\ai_000467.png,1,ai,blur_s0.5,0.979936,1,1
data\val\ai\ai_000468.png,1,ai,blur_s0.5,0.826998,1,1
data\val\ai\ai_000469.png,1,ai,blur_s0.5,0.997650,1,1
data\val\ai\ai_000470.png,1,ai,blur_s0.5,0.789299,1,1
data\val\ai\ai_000471.png,1,ai,blur_s0.5,0.999257,1,1
data\val\ai\ai_000472.png,1,ai,blur_s0.5,0.983929,1,1
data\val\ai\ai_000473.png,1,ai,blur_s0.5,0.854355,1,1
data\val\ai\ai_000474.png,1,ai,blur_s0.5,0.994314,1,1
data\val\ai\ai_000475.png,1,ai,blur_s0.5,0.997983,1,1
data\val\ai\ai_000476.png,1,ai,blur_s0.5,0.911568,1,1
data\val\ai\ai_000477.png,1,ai,blur_s0.5,0.986079,1,1
data\val\ai\ai_000478.png,1,ai,blur_s0.5,0.987665,1,1
data\val\ai\ai_000479.png,1,ai,blur_s0.5,0.927166,1,1
data\val\ai\ai_000480.png,1,ai,blur_s0.5,0.870706,1,1
data\val\ai\ai_000481.png,1,ai,blur_s0.5,0.997748,1,1
data\val\ai\ai_000482.png,1,ai,blur_s0.5,0.860328,1,1
data\val\ai\ai_000483.png,1,ai,blur_s0.5,0.860267,1,1
data\val\ai\ai_000484.png,1,ai,blur_s0.5,0.993390,1,1
data\val\ai\ai_000485.png,1,ai,blur_s0.5,0.961855,1,1
data\val\ai\ai_000486.png,1,ai,blur_s0.5,0.993784,1,1
data\val\ai\ai_000487.png,1,ai,blur_s0.5,0.992260,1,1
data\val\ai\ai_000488.png,1,ai,blur_s0.5,0.670600,1,1
data\val\ai\ai_000489.png,1,ai,blur_s0.5,0.993652,1,1
data\val\ai\ai_000490.png,1,ai,blur_s0.5,0.944525,1,1
data\val\ai\ai_000491.png,1,ai,blur_s0.5,0.973255,1,1
data\val\ai\ai_000492.png,1,ai,blur_s0.5,0.991648,1,1
data\val\ai\ai_000493.png,1,ai,blur_s0.5,0.945980,1,1
data\val\ai\ai_000494.png,1,ai,blur_s0.5,0.996789,1,1
data\val\ai\ai_000495.png,1,ai,blur_s0.5,0.983688,1,1
data\val\ai\ai_000496.png,1,ai,blur_s0.5,0.873773,1,1
data\val\ai\ai_000497.png,1,ai,blur_s0.5,0.990827,1,1
data\val\ai\ai_000498.png,1,ai,blur_s0.5,0.872604,1,1
data\val\ai\ai_000499.png,1,ai,blur_s0.5,0.997961,1,1
data\val\ai\ai_000500.png,1,ai,blur_s0.5,0.893132,1,1
data\val\real\000000000139.jpg,0,real,blur_s1.0,0.798559,1,0
data\val\real\000000000285.jpg,0,real,blur_s1.0,0.069665,0,1
data\val\real\000000000632.jpg,0,real,blur_s1.0,0.827407,1,0
data\val\real\000000000724.jpg,0,real,blur_s1.0,0.045968,0,1
data\val\real\000000000776.jpg,0,real,blur_s1.0,0.015724,0,1
data\val\real\000000000785.jpg,0,real,blur_s1.0,0.274385,0,1
data\val\real\000000000802.jpg,0,real,blur_s1.0,0.138526,0,1
data\val\real\000000000872.jpg,0,real,blur_s1.0,0.013539,0,1
data\val\real\000000000885.jpg,0,real,blur_s1.0,0.080180,0,1
data\val\real\000000001000.jpg,0,real,blur_s1.0,0.002698,0,1
data\val\real\000000001268.jpg,0,real,blur_s1.0,0.056768,0,1
data\val\real\000000001296.jpg,0,real,blur_s1.0,0.168072,0,1
data\val\real\000000001353.jpg,0,real,blur_s1.0,0.001999,0,1
data\val\real\000000001425.jpg,0,real,blur_s1.0,0.741526,1,0
data\val\real\000000001490.jpg,0,real,blur_s1.0,0.035873,0,1
data\val\real\000000001503.jpg,0,real,blur_s1.0,0.238777,0,1
data\val\real\000000001532.jpg,0,real,blur_s1.0,0.056521,0,1
data\val\real\000000001584.jpg,0,real,blur_s1.0,0.180254,0,1
data\val\real\000000001675.jpg,0,real,blur_s1.0,0.044165,0,1
data\val\real\000000001761.jpg,0,real,blur_s1.0,0.010532,0,1
data\val\real\000000001818.jpg,0,real,blur_s1.0,0.192578,0,1
data\val\real\000000001993.jpg,0,real,blur_s1.0,0.301716,0,1
data\val\real\000000002006.jpg,0,real,blur_s1.0,0.055583,0,1
data\val\real\000000002149.jpg,0,real,blur_s1.0,0.244868,0,1
data\val\real\000000002153.jpg,0,real,blur_s1.0,0.014873,0,1
data\val\real\000000002157.jpg,0,real,blur_s1.0,0.168300,0,1
data\val\real\000000002261.jpg,0,real,blur_s1.0,0.015213,0,1
data\val\real\000000002299.jpg,0,real,blur_s1.0,0.003002,0,1
data\val\real\000000002431.jpg,0,real,blur_s1.0,0.082496,0,1
data\val\real\000000002473.jpg,0,real,blur_s1.0,0.026758,0,1
data\val\real\000000002532.jpg,0,real,blur_s1.0,0.017347,0,1
data\val\real\000000002587.jpg,0,real,blur_s1.0,0.041466,0,1
data\val\real\000000002592.jpg,0,real,blur_s1.0,0.018318,0,1
data\val\real\000000002685.jpg,0,real,blur_s1.0,0.002949,0,1
data\val\real\000000002923.jpg,0,real,blur_s1.0,0.010534,0,1
data\val\real\000000003156.jpg,0,real,blur_s1.0,0.249726,0,1
data\val\real\000000003255.jpg,0,real,blur_s1.0,0.496373,0,1
data\val\real\000000003501.jpg,0,real,blur_s1.0,0.132859,0,1
data\val\real\000000003553.jpg,0,real,blur_s1.0,0.080678,0,1
data\val\real\000000003661.jpg,0,real,blur_s1.0,0.017526,0,1
data\val\real\000000003845.jpg,0,real,blur_s1.0,0.090275,0,1
data\val\real\000000003934.jpg,0,real,blur_s1.0,0.000879,0,1
data\val\real\000000004134.jpg,0,real,blur_s1.0,0.002581,0,1
data\val\real\000000004395.jpg,0,real,blur_s1.0,0.019191,0,1
data\val\real\000000004495.jpg,0,real,blur_s1.0,0.111144,0,1
data\val\real\000000004765.jpg,0,real,blur_s1.0,0.120854,0,1
data\val\real\000000004795.jpg,0,real,blur_s1.0,0.001078,0,1
data\val\real\000000005001.jpg,0,real,blur_s1.0,0.026184,0,1
data\val\real\000000005037.jpg,0,real,blur_s1.0,0.075813,0,1
data\val\real\000000005060.jpg,0,real,blur_s1.0,0.059800,0,1
data\val\real\000000005193.jpg,0,real,blur_s1.0,0.000971,0,1
data\val\real\000000005477.jpg,0,real,blur_s1.0,0.103166,0,1
data\val\real\000000005503.jpg,0,real,blur_s1.0,0.006394,0,1
data\val\real\000000005529.jpg,0,real,blur_s1.0,0.043060,0,1
data\val\real\000000005586.jpg,0,real,blur_s1.0,0.006927,0,1
data\val\real\000000005600.jpg,0,real,blur_s1.0,0.013471,0,1
data\val\real\000000005992.jpg,0,real,blur_s1.0,0.023140,0,1
data\val\real\000000006012.jpg,0,real,blur_s1.0,0.051532,0,1
data\val\real\000000006040.jpg,0,real,blur_s1.0,0.286670,0,1
data\val\real\000000006213.jpg,0,real,blur_s1.0,0.137693,0,1
data\val\real\000000006460.jpg,0,real,blur_s1.0,0.036799,0,1
data\val\real\000000006471.jpg,0,real,blur_s1.0,0.012818,0,1
data\val\real\000000006614.jpg,0,real,blur_s1.0,0.050498,0,1
data\val\real\000000006723.jpg,0,real,blur_s1.0,0.074548,0,1
data\val\real\000000006763.jpg,0,real,blur_s1.0,0.000542,0,1
data\val\real\000000006771.jpg,0,real,blur_s1.0,0.001927,0,1
data\val\real\000000006818.jpg,0,real,blur_s1.0,0.007897,0,1
data\val\real\000000006894.jpg,0,real,blur_s1.0,0.006305,0,1
data\val\real\000000006954.jpg,0,real,blur_s1.0,0.042513,0,1
data\val\real\000000007088.jpg,0,real,blur_s1.0,0.013484,0,1
data\val\real\000000007108.jpg,0,real,blur_s1.0,0.032396,0,1
data\val\real\000000007278.jpg,0,real,blur_s1.0,0.128045,0,1
data\val\real\000000007281.jpg,0,real,blur_s1.0,0.000830,0,1
data\val\real\000000007386.jpg,0,real,blur_s1.0,0.024747,0,1
data\val\real\000000007511.jpg,0,real,blur_s1.0,0.008936,0,1
data\val\real\000000007574.jpg,0,real,blur_s1.0,0.172363,0,1
data\val\real\000000007784.jpg,0,real,blur_s1.0,0.183238,0,1
data\val\real\000000007795.jpg,0,real,blur_s1.0,0.880965,1,0
data\val\real\000000007816.jpg,0,real,blur_s1.0,0.007643,0,1
data\val\real\000000007818.jpg,0,real,blur_s1.0,0.380495,0,1
data\val\real\000000007888.jpg,0,real,blur_s1.0,0.666372,1,0
data\val\real\000000007977.jpg,0,real,blur_s1.0,0.121305,0,1
data\val\real\000000007991.jpg,0,real,blur_s1.0,0.021182,0,1
data\val\real\000000008021.jpg,0,real,blur_s1.0,0.004293,0,1
data\val\real\000000008211.jpg,0,real,blur_s1.0,0.233804,0,1
data\val\real\000000008277.jpg,0,real,blur_s1.0,0.086004,0,1
data\val\real\000000008532.jpg,0,real,blur_s1.0,0.003942,0,1
data\val\real\000000008629.jpg,0,real,blur_s1.0,0.086675,0,1
data\val\real\000000008690.jpg,0,real,blur_s1.0,0.001654,0,1
data\val\real\000000008762.jpg,0,real,blur_s1.0,0.163943,0,1
data\val\real\000000008844.jpg,0,real,blur_s1.0,0.078343,0,1
data\val\real\000000008899.jpg,0,real,blur_s1.0,0.302548,0,1
data\val\real\000000009378.jpg,0,real,blur_s1.0,0.007205,0,1
data\val\real\000000009400.jpg,0,real,blur_s1.0,0.001602,0,1
data\val\real\000000009448.jpg,0,real,blur_s1.0,0.005707,0,1
data\val\real\000000009483.jpg,0,real,blur_s1.0,0.044034,0,1
data\val\real\000000009590.jpg,0,real,blur_s1.0,0.143287,0,1
data\val\real\000000009769.jpg,0,real,blur_s1.0,0.050801,0,1
data\val\real\000000009772.jpg,0,real,blur_s1.0,0.023355,0,1
data\val\real\000000009891.jpg,0,real,blur_s1.0,0.004318,0,1
data\val\real\000000009914.jpg,0,real,blur_s1.0,0.049031,0,1
data\val\real\000000010092.jpg,0,real,blur_s1.0,0.076228,0,1
data\val\real\000000010363.jpg,0,real,blur_s1.0,0.000767,0,1
data\val\real\000000010583.jpg,0,real,blur_s1.0,0.033636,0,1
data\val\real\000000010707.jpg,0,real,blur_s1.0,0.000199,0,1
data\val\real\000000010764.jpg,0,real,blur_s1.0,0.104921,0,1
data\val\real\000000010977.jpg,0,real,blur_s1.0,0.277523,0,1
data\val\real\000000010995.jpg,0,real,blur_s1.0,0.224642,0,1
data\val\real\000000011051.jpg,0,real,blur_s1.0,0.010143,0,1
data\val\real\000000011122.jpg,0,real,blur_s1.0,0.010723,0,1
data\val\real\000000011149.jpg,0,real,blur_s1.0,0.007003,0,1
data\val\real\000000011197.jpg,0,real,blur_s1.0,0.015467,0,1
data\val\real\000000011511.jpg,0,real,blur_s1.0,0.129019,0,1
data\val\real\000000011615.jpg,0,real,blur_s1.0,0.046764,0,1
data\val\real\000000011699.jpg,0,real,blur_s1.0,0.020489,0,1
data\val\real\000000011760.jpg,0,real,blur_s1.0,0.403787,0,1
data\val\real\000000011813.jpg,0,real,blur_s1.0,0.409329,0,1
data\val\real\000000012062.jpg,0,real,blur_s1.0,0.024482,0,1
data\val\real\000000012120.jpg,0,real,blur_s1.0,0.028396,0,1
data\val\real\000000012280.jpg,0,real,blur_s1.0,0.799953,1,0
data\val\real\000000012576.jpg,0,real,blur_s1.0,0.224389,0,1
data\val\real\000000012639.jpg,0,real,blur_s1.0,0.023897,0,1
data\val\real\000000012667.jpg,0,real,blur_s1.0,0.115429,0,1
data\val\real\000000012670.jpg,0,real,blur_s1.0,0.006625,0,1
data\val\real\000000012748.jpg,0,real,blur_s1.0,0.052780,0,1
data\val\real\000000013004.jpg,0,real,blur_s1.0,0.131875,0,1
data\val\real\000000013177.jpg,0,real,blur_s1.0,0.028950,0,1
data\val\real\000000013201.jpg,0,real,blur_s1.0,0.132835,0,1
data\val\real\000000013291.jpg,0,real,blur_s1.0,0.041012,0,1
data\val\real\000000013348.jpg,0,real,blur_s1.0,0.092476,0,1
data\val\real\000000013546.jpg,0,real,blur_s1.0,0.008043,0,1
data\val\real\000000013597.jpg,0,real,blur_s1.0,0.702121,1,0
data\val\real\000000013659.jpg,0,real,blur_s1.0,0.001211,0,1
data\val\real\000000013729.jpg,0,real,blur_s1.0,0.007771,0,1
data\val\real\000000013774.jpg,0,real,blur_s1.0,0.440197,0,1
data\val\real\000000013923.jpg,0,real,blur_s1.0,0.330084,0,1
data\val\real\000000014007.jpg,0,real,blur_s1.0,0.196149,0,1
data\val\real\000000014038.jpg,0,real,blur_s1.0,0.618997,1,0
data\val\real\000000014226.jpg,0,real,blur_s1.0,0.103660,0,1
data\val\real\000000014380.jpg,0,real,blur_s1.0,0.613169,1,0
data\val\real\000000014439.jpg,0,real,blur_s1.0,0.015682,0,1
data\val\real\000000014473.jpg,0,real,blur_s1.0,0.029267,0,1
data\val\real\000000014831.jpg,0,real,blur_s1.0,0.009628,0,1
data\val\real\000000014888.jpg,0,real,blur_s1.0,0.015047,0,1
data\val\real\000000015079.jpg,0,real,blur_s1.0,0.401270,0,1
data\val\real\000000015254.jpg,0,real,blur_s1.0,0.020690,0,1
data\val\real\000000015272.jpg,0,real,blur_s1.0,0.449360,0,1
data\val\real\000000015278.jpg,0,real,blur_s1.0,0.056281,0,1
data\val\real\000000015335.jpg,0,real,blur_s1.0,0.000791,0,1
data\val\real\000000015338.jpg,0,real,blur_s1.0,0.221315,0,1
data\val\real\000000015440.jpg,0,real,blur_s1.0,0.590418,1,0
data\val\real\000000015497.jpg,0,real,blur_s1.0,0.001646,0,1
data\val\real\000000015517.jpg,0,real,blur_s1.0,0.089518,0,1
data\val\real\000000015597.jpg,0,real,blur_s1.0,0.001039,0,1
data\val\real\000000015660.jpg,0,real,blur_s1.0,0.018815,0,1
data\val\real\000000015746.jpg,0,real,blur_s1.0,0.060475,0,1
data\val\real\000000015751.jpg,0,real,blur_s1.0,0.077327,0,1
data\val\real\000000015956.jpg,0,real,blur_s1.0,0.009939,0,1
data\val\real\000000016010.jpg,0,real,blur_s1.0,0.008158,0,1
data\val\real\000000016228.jpg,0,real,blur_s1.0,0.113015,0,1
data\val\real\000000016249.jpg,0,real,blur_s1.0,0.040920,0,1
data\val\real\000000016439.jpg,0,real,blur_s1.0,0.284273,0,1
data\val\real\000000016451.jpg,0,real,blur_s1.0,0.141500,0,1
data\val\real\000000016502.jpg,0,real,blur_s1.0,0.012260,0,1
data\val\real\000000016598.jpg,0,real,blur_s1.0,0.005829,0,1
data\val\real\000000016958.jpg,0,real,blur_s1.0,0.095685,0,1
data\val\real\000000017029.jpg,0,real,blur_s1.0,0.035474,0,1
data\val\real\000000017031.jpg,0,real,blur_s1.0,0.306656,0,1
data\val\real\000000017115.jpg,0,real,blur_s1.0,0.368321,0,1
data\val\real\000000017178.jpg,0,real,blur_s1.0,0.595278,1,0
data\val\real\000000017182.jpg,0,real,blur_s1.0,0.304064,0,1
data\val\real\000000017207.jpg,0,real,blur_s1.0,0.004839,0,1
data\val\real\000000017379.jpg,0,real,blur_s1.0,0.653571,1,0
data\val\real\000000017436.jpg,0,real,blur_s1.0,0.015468,0,1
data\val\real\000000017627.jpg,0,real,blur_s1.0,0.002217,0,1
data\val\real\000000017714.jpg,0,real,blur_s1.0,0.019941,0,1
data\val\real\000000017899.jpg,0,real,blur_s1.0,0.001543,0,1
data\val\real\000000017905.jpg,0,real,blur_s1.0,0.000488,0,1
data\val\real\000000017959.jpg,0,real,blur_s1.0,0.006562,0,1
data\val\real\000000018150.jpg,0,real,blur_s1.0,0.000686,0,1
data\val\real\000000018193.jpg,0,real,blur_s1.0,0.001452,0,1
data\val\real\000000018380.jpg,0,real,blur_s1.0,0.053917,0,1
data\val\real\000000018491.jpg,0,real,blur_s1.0,0.014400,0,1
data\val\real\000000018519.jpg,0,real,blur_s1.0,0.253856,0,1
data\val\real\000000018575.jpg,0,real,blur_s1.0,0.038330,0,1
data\val\real\000000018737.jpg,0,real,blur_s1.0,0.007544,0,1
data\val\real\000000018770.jpg,0,real,blur_s1.0,0.009073,0,1
data\val\real\000000018833.jpg,0,real,blur_s1.0,0.123310,0,1
data\val\real\000000018837.jpg,0,real,blur_s1.0,0.023937,0,1
data\val\real\000000019042.jpg,0,real,blur_s1.0,0.014553,0,1
data\val\real\000000019109.jpg,0,real,blur_s1.0,0.241419,0,1
data\val\real\000000019221.jpg,0,real,blur_s1.0,0.005138,0,1
data\val\real\000000019402.jpg,0,real,blur_s1.0,0.000699,0,1
data\val\real\000000019432.jpg,0,real,blur_s1.0,0.049128,0,1
data\val\real\000000019742.jpg,0,real,blur_s1.0,0.047010,0,1
data\val\real\000000019786.jpg,0,real,blur_s1.0,0.001058,0,1
data\val\real\000000019924.jpg,0,real,blur_s1.0,0.191213,0,1
data\val\real\000000020059.jpg,0,real,blur_s1.0,0.098858,0,1
data\val\real\000000020107.jpg,0,real,blur_s1.0,0.160986,0,1
data\val\real\000000020247.jpg,0,real,blur_s1.0,0.077280,0,1
data\val\real\000000020333.jpg,0,real,blur_s1.0,0.149149,0,1
data\val\real\000000020553.jpg,0,real,blur_s1.0,0.001587,0,1
data\val\real\000000020571.jpg,0,real,blur_s1.0,0.192273,0,1
data\val\real\000000020992.jpg,0,real,blur_s1.0,0.002111,0,1
data\val\real\000000021167.jpg,0,real,blur_s1.0,0.000478,0,1
data\val\real\000000021465.jpg,0,real,blur_s1.0,0.003078,0,1
data\val\real\000000021503.jpg,0,real,blur_s1.0,0.004564,0,1
data\val\real\000000021604.jpg,0,real,blur_s1.0,0.795092,1,0
data\val\real\000000021839.jpg,0,real,blur_s1.0,0.000958,0,1
data\val\real\000000021879.jpg,0,real,blur_s1.0,0.039538,0,1
data\val\real\000000021903.jpg,0,real,blur_s1.0,0.045561,0,1
data\val\real\000000022192.jpg,0,real,blur_s1.0,0.002316,0,1
data\val\real\000000022371.jpg,0,real,blur_s1.0,0.638905,1,0
data\val\real\000000022396.jpg,0,real,blur_s1.0,0.014062,0,1
data\val\real\000000022479.jpg,0,real,blur_s1.0,0.019640,0,1
data\val\real\000000022589.jpg,0,real,blur_s1.0,0.007403,0,1
data\val\real\000000022623.jpg,0,real,blur_s1.0,0.292636,0,1
data\val\real\000000022705.jpg,0,real,blur_s1.0,0.000634,0,1
data\val\real\000000022755.jpg,0,real,blur_s1.0,0.331625,0,1
data\val\real\000000022892.jpg,0,real,blur_s1.0,0.094067,0,1
data\val\real\000000022935.jpg,0,real,blur_s1.0,0.129418,0,1
data\val\real\000000022969.jpg,0,real,blur_s1.0,0.048788,0,1
data\val\real\000000023023.jpg,0,real,blur_s1.0,0.391021,0,1
data\val\real\000000023034.jpg,0,real,blur_s1.0,0.003021,0,1
data\val\real\000000023126.jpg,0,real,blur_s1.0,0.081554,0,1
data\val\real\000000023230.jpg,0,real,blur_s1.0,0.006870,0,1
data\val\real\000000023272.jpg,0,real,blur_s1.0,0.005390,0,1
data\val\real\000000023359.jpg,0,real,blur_s1.0,0.080527,0,1
data\val\real\000000023666.jpg,0,real,blur_s1.0,0.026792,0,1
data\val\real\000000023751.jpg,0,real,blur_s1.0,0.001248,0,1
data\val\real\000000023781.jpg,0,real,blur_s1.0,0.167160,0,1
data\val\real\000000023899.jpg,0,real,blur_s1.0,0.002677,0,1
data\val\real\000000023937.jpg,0,real,blur_s1.0,0.173646,0,1
data\val\real\000000024021.jpg,0,real,blur_s1.0,0.004482,0,1
data\val\real\000000024027.jpg,0,real,blur_s1.0,0.002549,0,1
data\val\real\000000024144.jpg,0,real,blur_s1.0,0.143518,0,1
data\val\real\000000024243.jpg,0,real,blur_s1.0,0.016586,0,1
data\val\real\000000024567.jpg,0,real,blur_s1.0,0.007821,0,1
data\val\real\000000024610.jpg,0,real,blur_s1.0,0.025688,0,1
data\val\real\000000024919.jpg,0,real,blur_s1.0,0.149468,0,1
data\val\real\000000025057.jpg,0,real,blur_s1.0,0.004115,0,1
data\val\real\000000025096.jpg,0,real,blur_s1.0,0.003148,0,1
data\val\real\000000025139.jpg,0,real,blur_s1.0,0.096300,0,1
data\val\real\000000025181.jpg,0,real,blur_s1.0,0.546102,1,0
data\val\real\000000025228.jpg,0,real,blur_s1.0,0.015893,0,1
data\val\real\000000025386.jpg,0,real,blur_s1.0,0.002546,0,1
data\val\real\000000025393.jpg,0,real,blur_s1.0,0.000230,0,1
data\val\real\000000025394.jpg,0,real,blur_s1.0,0.010421,0,1
data\val\real\000000025424.jpg,0,real,blur_s1.0,0.029284,0,1
data\val\real\000000025560.jpg,0,real,blur_s1.0,0.006324,0,1
data\val\real\000000025593.jpg,0,real,blur_s1.0,0.043150,0,1
data\val\real\000000025603.jpg,0,real,blur_s1.0,0.000568,0,1
data\val\real\000000025986.jpg,0,real,blur_s1.0,0.008642,0,1
data\val\real\000000026204.jpg,0,real,blur_s1.0,0.104794,0,1
data\val\real\000000026465.jpg,0,real,blur_s1.0,0.043080,0,1
data\val\real\000000026564.jpg,0,real,blur_s1.0,0.246347,0,1
data\val\real\000000026690.jpg,0,real,blur_s1.0,0.015787,0,1
data\val\real\000000026926.jpg,0,real,blur_s1.0,0.143105,0,1
data\val\real\000000026941.jpg,0,real,blur_s1.0,0.644322,1,0
data\val\real\000000027186.jpg,0,real,blur_s1.0,0.007060,0,1
data\val\real\000000027620.jpg,0,real,blur_s1.0,0.096156,0,1
data\val\real\000000027696.jpg,0,real,blur_s1.0,0.004118,0,1
data\val\real\000000027768.jpg,0,real,blur_s1.0,0.118771,0,1
data\val\real\000000027932.jpg,0,real,blur_s1.0,0.076181,0,1
data\val\real\000000027972.jpg,0,real,blur_s1.0,0.083483,0,1
data\val\real\000000027982.jpg,0,real,blur_s1.0,0.230497,0,1
data\val\real\000000028285.jpg,0,real,blur_s1.0,0.010273,0,1
data\val\real\000000028449.jpg,0,real,blur_s1.0,0.482320,0,1
data\val\real\000000028452.jpg,0,real,blur_s1.0,0.671003,1,0
data\val\real\000000028809.jpg,0,real,blur_s1.0,0.224295,0,1
data\val\real\000000028993.jpg,0,real,blur_s1.0,0.532535,1,0
data\val\real\000000029187.jpg,0,real,blur_s1.0,0.002138,0,1
data\val\real\000000029393.jpg,0,real,blur_s1.0,0.002261,0,1
data\val\real\000000029397.jpg,0,real,blur_s1.0,0.053779,0,1
data\val\real\000000029596.jpg,0,real,blur_s1.0,0.670041,1,0
data\val\real\000000029640.jpg,0,real,blur_s1.0,0.136058,0,1
data\val\real\000000029675.jpg,0,real,blur_s1.0,0.129667,0,1
data\val\real\000000029984.jpg,0,real,blur_s1.0,0.024103,0,1
data\val\real\000000030213.jpg,0,real,blur_s1.0,0.303321,0,1
data\val\real\000000030494.jpg,0,real,blur_s1.0,0.005425,0,1
data\val\real\000000030504.jpg,0,real,blur_s1.0,0.118785,0,1
data\val\real\000000030675.jpg,0,real,blur_s1.0,0.185760,0,1
data\val\real\000000030785.jpg,0,real,blur_s1.0,0.113355,0,1
data\val\real\000000030828.jpg,0,real,blur_s1.0,0.391266,0,1
data\val\real\000000031050.jpg,0,real,blur_s1.0,0.093313,0,1
data\val\real\000000031093.jpg,0,real,blur_s1.0,0.037919,0,1
data\val\real\000000031118.jpg,0,real,blur_s1.0,0.236898,0,1
data\val\real\000000031217.jpg,0,real,blur_s1.0,0.063382,0,1
data\val\real\000000031248.jpg,0,real,blur_s1.0,0.118735,0,1
data\val\real\000000031269.jpg,0,real,blur_s1.0,0.028716,0,1
data\val\real\000000031296.jpg,0,real,blur_s1.0,0.001097,0,1
data\val\real\000000031322.jpg,0,real,blur_s1.0,0.066263,0,1
data\val\real\000000031620.jpg,0,real,blur_s1.0,0.000181,0,1
data\val\real\000000031735.jpg,0,real,blur_s1.0,0.007086,0,1
data\val\real\000000031749.jpg,0,real,blur_s1.0,0.201941,0,1
data\val\real\000000031817.jpg,0,real,blur_s1.0,0.001044,0,1
data\val\real\000000032038.jpg,0,real,blur_s1.0,0.034931,0,1
data\val\real\000000032081.jpg,0,real,blur_s1.0,0.045091,0,1
data\val\real\000000032285.jpg,0,real,blur_s1.0,0.627972,1,0
data\val\real\000000032334.jpg,0,real,blur_s1.0,0.000847,0,1
data\val\real\000000032570.jpg,0,real,blur_s1.0,0.676071,1,0
data\val\real\000000032610.jpg,0,real,blur_s1.0,0.069868,0,1
data\val\real\000000032735.jpg,0,real,blur_s1.0,0.078160,0,1
data\val\real\000000032811.jpg,0,real,blur_s1.0,0.094736,0,1
data\val\real\000000032817.jpg,0,real,blur_s1.0,0.007301,0,1
data\val\real\000000032861.jpg,0,real,blur_s1.0,0.198960,0,1
data\val\real\000000032887.jpg,0,real,blur_s1.0,0.004574,0,1
data\val\real\000000032901.jpg,0,real,blur_s1.0,0.000153,0,1
data\val\real\000000032941.jpg,0,real,blur_s1.0,0.034032,0,1
data\val\real\000000033005.jpg,0,real,blur_s1.0,0.043553,0,1
data\val\real\000000033104.jpg,0,real,blur_s1.0,0.012060,0,1
data\val\real\000000033109.jpg,0,real,blur_s1.0,0.037310,0,1
data\val\real\000000033114.jpg,0,real,blur_s1.0,0.083463,0,1
data\val\real\000000033221.jpg,0,real,blur_s1.0,0.000222,0,1
data\val\real\000000033368.jpg,0,real,blur_s1.0,0.070303,0,1
data\val\real\000000033638.jpg,0,real,blur_s1.0,0.015186,0,1
data\val\real\000000033707.jpg,0,real,blur_s1.0,0.083495,0,1
data\val\real\000000033759.jpg,0,real,blur_s1.0,0.036995,0,1
data\val\real\000000033854.jpg,0,real,blur_s1.0,0.027554,0,1
data\val\real\000000034071.jpg,0,real,blur_s1.0,0.530100,1,0
data\val\real\000000034139.jpg,0,real,blur_s1.0,0.044099,0,1
data\val\real\000000034205.jpg,0,real,blur_s1.0,0.100945,0,1
data\val\real\000000034257.jpg,0,real,blur_s1.0,0.428112,0,1
data\val\real\000000034417.jpg,0,real,blur_s1.0,0.079455,0,1
data\val\real\000000034452.jpg,0,real,blur_s1.0,0.002803,0,1
data\val\real\000000034760.jpg,0,real,blur_s1.0,0.035833,0,1
data\val\real\000000034873.jpg,0,real,blur_s1.0,0.208421,0,1
data\val\real\000000035062.jpg,0,real,blur_s1.0,0.015585,0,1
data\val\real\000000035197.jpg,0,real,blur_s1.0,0.112655,0,1
data\val\real\000000035279.jpg,0,real,blur_s1.0,0.310959,0,1
data\val\real\000000035326.jpg,0,real,blur_s1.0,0.100460,0,1
data\val\real\000000035682.jpg,0,real,blur_s1.0,0.032115,0,1
data\val\real\000000035770.jpg,0,real,blur_s1.0,0.142093,0,1
data\val\real\000000035963.jpg,0,real,blur_s1.0,0.001313,0,1
data\val\real\000000036494.jpg,0,real,blur_s1.0,0.370155,0,1
data\val\real\000000036539.jpg,0,real,blur_s1.0,0.002280,0,1
data\val\real\000000036660.jpg,0,real,blur_s1.0,0.053037,0,1
data\val\real\000000036678.jpg,0,real,blur_s1.0,0.014301,0,1
data\val\real\000000036844.jpg,0,real,blur_s1.0,0.094021,0,1
data\val\real\000000036861.jpg,0,real,blur_s1.0,0.182084,0,1
data\val\real\000000036936.jpg,0,real,blur_s1.0,0.001088,0,1
data\val\real\000000037670.jpg,0,real,blur_s1.0,0.308839,0,1
data\val\real\000000037689.jpg,0,real,blur_s1.0,0.027186,0,1
data\val\real\000000037740.jpg,0,real,blur_s1.0,0.446256,0,1
data\val\real\000000037751.jpg,0,real,blur_s1.0,0.033742,0,1
data\val\real\000000037777.jpg,0,real,blur_s1.0,0.558114,1,0
data\val\real\000000037988.jpg,0,real,blur_s1.0,0.013432,0,1
data\val\real\000000038048.jpg,0,real,blur_s1.0,0.014021,0,1
data\val\real\000000038070.jpg,0,real,blur_s1.0,0.120953,0,1
data\val\real\000000038118.jpg,0,real,blur_s1.0,0.251839,0,1
data\val\real\000000038210.jpg,0,real,blur_s1.0,0.056318,0,1
data\val\real\000000038576.jpg,0,real,blur_s1.0,0.834952,1,0
data\val\real\000000038678.jpg,0,real,blur_s1.0,0.001225,0,1
data\val\real\000000038825.jpg,0,real,blur_s1.0,0.105550,0,1
data\val\real\000000038829.jpg,0,real,blur_s1.0,0.020227,0,1
data\val\real\000000039405.jpg,0,real,blur_s1.0,0.016984,0,1
data\val\real\000000039477.jpg,0,real,blur_s1.0,0.396628,0,1
data\val\real\000000039480.jpg,0,real,blur_s1.0,0.047480,0,1
data\val\real\000000039484.jpg,0,real,blur_s1.0,0.109250,0,1
data\val\real\000000039551.jpg,0,real,blur_s1.0,0.501305,1,0
data\val\real\000000039670.jpg,0,real,blur_s1.0,0.192384,0,1
data\val\real\000000039769.jpg,0,real,blur_s1.0,0.004424,0,1
data\val\real\000000039785.jpg,0,real,blur_s1.0,0.036334,0,1
data\val\real\000000039914.jpg,0,real,blur_s1.0,0.002012,0,1
data\val\real\000000039951.jpg,0,real,blur_s1.0,0.051922,0,1
data\val\real\000000039956.jpg,0,real,blur_s1.0,0.699374,1,0
data\val\real\000000040036.jpg,0,real,blur_s1.0,0.077675,0,1
data\val\real\000000040083.jpg,0,real,blur_s1.0,0.006156,0,1
data\val\real\000000040471.jpg,0,real,blur_s1.0,0.058804,0,1
data\val\real\000000040757.jpg,0,real,blur_s1.0,0.005405,0,1
data\val\real\000000041488.jpg,0,real,blur_s1.0,0.216006,0,1
data\val\real\000000041633.jpg,0,real,blur_s1.0,0.328108,0,1
data\val\real\000000041635.jpg,0,real,blur_s1.0,0.050243,0,1
data\val\real\000000041872.jpg,0,real,blur_s1.0,0.359204,0,1
data\val\real\000000041888.jpg,0,real,blur_s1.0,0.010164,0,1
data\val\real\000000041990.jpg,0,real,blur_s1.0,0.000979,0,1
data\val\real\000000042070.jpg,0,real,blur_s1.0,0.217823,0,1
data\val\real\000000042102.jpg,0,real,blur_s1.0,0.003742,0,1
data\val\real\000000042178.jpg,0,real,blur_s1.0,0.586275,1,0
data\val\real\000000042276.jpg,0,real,blur_s1.0,0.015117,0,1
data\val\real\000000042296.jpg,0,real,blur_s1.0,0.011957,0,1
data\val\real\000000042528.jpg,0,real,blur_s1.0,0.005386,0,1
data\val\real\000000042563.jpg,0,real,blur_s1.0,0.097184,0,1
data\val\real\000000042628.jpg,0,real,blur_s1.0,0.025971,0,1
data\val\real\000000042888.jpg,0,real,blur_s1.0,0.005178,0,1
data\val\real\000000042889.jpg,0,real,blur_s1.0,0.002337,0,1
data\val\real\000000043314.jpg,0,real,blur_s1.0,0.084880,0,1
data\val\real\000000043435.jpg,0,real,blur_s1.0,0.156672,0,1
data\val\real\000000043581.jpg,0,real,blur_s1.0,0.098679,0,1
data\val\real\000000043737.jpg,0,real,blur_s1.0,0.139319,0,1
data\val\real\000000043816.jpg,0,real,blur_s1.0,0.019269,0,1
data\val\real\000000044068.jpg,0,real,blur_s1.0,0.006558,0,1
data\val\real\000000044195.jpg,0,real,blur_s1.0,0.024218,0,1
data\val\real\000000044260.jpg,0,real,blur_s1.0,0.474361,0,1
data\val\real\000000044279.jpg,0,real,blur_s1.0,0.125388,0,1
data\val\real\000000044590.jpg,0,real,blur_s1.0,0.030511,0,1
data\val\real\000000044652.jpg,0,real,blur_s1.0,0.033294,0,1
data\val\real\000000044699.jpg,0,real,blur_s1.0,0.089740,0,1
data\val\real\000000044877.jpg,0,real,blur_s1.0,0.053567,0,1
data\val\real\000000045070.jpg,0,real,blur_s1.0,0.072061,0,1
data\val\real\000000045090.jpg,0,real,blur_s1.0,0.064986,0,1
data\val\real\000000045229.jpg,0,real,blur_s1.0,0.960138,1,0
data\val\real\000000045472.jpg,0,real,blur_s1.0,0.019099,0,1
data\val\real\000000045550.jpg,0,real,blur_s1.0,0.002027,0,1
data\val\real\000000045596.jpg,0,real,blur_s1.0,0.205486,0,1
data\val\real\000000045728.jpg,0,real,blur_s1.0,0.054099,0,1
data\val\real\000000046031.jpg,0,real,blur_s1.0,0.182440,0,1
data\val\real\000000046048.jpg,0,real,blur_s1.0,0.013947,0,1
data\val\real\000000046252.jpg,0,real,blur_s1.0,0.451308,0,1
data\val\real\000000046378.jpg,0,real,blur_s1.0,0.004095,0,1
data\val\real\000000046463.jpg,0,real,blur_s1.0,0.012761,0,1
data\val\real\000000046497.jpg,0,real,blur_s1.0,0.001217,0,1
data\val\real\000000046804.jpg,0,real,blur_s1.0,0.024093,0,1
data\val\real\000000046872.jpg,0,real,blur_s1.0,0.573426,1,0
data\val\real\000000047010.jpg,0,real,blur_s1.0,0.153143,0,1
data\val\real\000000047112.jpg,0,real,blur_s1.0,0.092637,0,1
data\val\real\000000047121.jpg,0,real,blur_s1.0,0.003654,0,1
data\val\real\000000047571.jpg,0,real,blur_s1.0,0.146649,0,1
data\val\real\000000047585.jpg,0,real,blur_s1.0,0.001342,0,1
data\val\real\000000047740.jpg,0,real,blur_s1.0,0.000651,0,1
data\val\real\000000047769.jpg,0,real,blur_s1.0,0.099743,0,1
data\val\real\000000047801.jpg,0,real,blur_s1.0,0.012311,0,1
data\val\real\000000047819.jpg,0,real,blur_s1.0,0.001357,0,1
data\val\real\000000047828.jpg,0,real,blur_s1.0,0.274491,0,1
data\val\real\000000048153.jpg,0,real,blur_s1.0,0.020739,0,1
data\val\real\000000048396.jpg,0,real,blur_s1.0,0.000340,0,1
data\val\real\000000048504.jpg,0,real,blur_s1.0,0.118417,0,1
data\val\real\000000048555.jpg,0,real,blur_s1.0,0.367988,0,1
data\val\real\000000048564.jpg,0,real,blur_s1.0,0.007087,0,1
data\val\real\000000048924.jpg,0,real,blur_s1.0,0.966227,1,0
data\val\real\000000049060.jpg,0,real,blur_s1.0,0.001367,0,1
data\val\real\000000049091.jpg,0,real,blur_s1.0,0.055061,0,1
data\val\real\000000049259.jpg,0,real,blur_s1.0,0.032090,0,1
data\val\real\000000049269.jpg,0,real,blur_s1.0,0.116626,0,1
data\val\real\000000049759.jpg,0,real,blur_s1.0,0.159755,0,1
data\val\real\000000049761.jpg,0,real,blur_s1.0,0.012351,0,1
data\val\real\000000049810.jpg,0,real,blur_s1.0,0.108685,0,1
data\val\real\000000050006.jpg,0,real,blur_s1.0,0.178968,0,1
data\val\real\000000050145.jpg,0,real,blur_s1.0,0.001997,0,1
data\val\real\000000050149.jpg,0,real,blur_s1.0,0.017681,0,1
data\val\real\000000050165.jpg,0,real,blur_s1.0,0.255285,0,1
data\val\real\000000050326.jpg,0,real,blur_s1.0,0.000619,0,1
data\val\real\000000050331.jpg,0,real,blur_s1.0,0.037457,0,1
data\val\real\000000050380.jpg,0,real,blur_s1.0,0.008296,0,1
data\val\real\000000050638.jpg,0,real,blur_s1.0,0.432926,0,1
data\val\real\000000050679.jpg,0,real,blur_s1.0,0.557651,1,0
data\val\real\000000050811.jpg,0,real,blur_s1.0,0.001425,0,1
data\val\real\000000050828.jpg,0,real,blur_s1.0,0.163455,0,1
data\val\real\000000050844.jpg,0,real,blur_s1.0,0.016606,0,1
data\val\real\000000050896.jpg,0,real,blur_s1.0,0.162579,0,1
data\val\real\000000050943.jpg,0,real,blur_s1.0,0.043112,0,1
data\val\real\000000051008.jpg,0,real,blur_s1.0,0.002683,0,1
data\val\real\000000051309.jpg,0,real,blur_s1.0,0.066203,0,1
data\val\real\000000051314.jpg,0,real,blur_s1.0,0.045393,0,1
data\val\real\000000051326.jpg,0,real,blur_s1.0,0.013406,0,1
data\val\real\000000051598.jpg,0,real,blur_s1.0,0.012481,0,1
data\val\real\000000051610.jpg,0,real,blur_s1.0,0.185907,0,1
data\val\real\000000051712.jpg,0,real,blur_s1.0,0.172028,0,1
data\val\real\000000051738.jpg,0,real,blur_s1.0,0.090133,0,1
data\val\real\000000051938.jpg,0,real,blur_s1.0,0.024302,0,1
data\val\real\000000051961.jpg,0,real,blur_s1.0,0.080613,0,1
data\val\real\000000051976.jpg,0,real,blur_s1.0,0.175238,0,1
data\val\real\000000052007.jpg,0,real,blur_s1.0,0.094845,0,1
data\val\real\000000052017.jpg,0,real,blur_s1.0,0.081160,0,1
data\val\real\000000052412.jpg,0,real,blur_s1.0,0.440582,0,1
data\val\real\000000052413.jpg,0,real,blur_s1.0,0.001304,0,1
data\val\real\000000052462.jpg,0,real,blur_s1.0,0.228767,0,1
data\val\real\000000052507.jpg,0,real,blur_s1.0,0.038257,0,1
data\val\real\000000052565.jpg,0,real,blur_s1.0,0.082211,0,1
data\val\real\000000052591.jpg,0,real,blur_s1.0,0.049279,0,1
data\val\real\000000052891.jpg,0,real,blur_s1.0,0.031375,0,1
data\val\real\000000052996.jpg,0,real,blur_s1.0,0.012600,0,1
data\val\real\000000053505.jpg,0,real,blur_s1.0,0.092669,0,1
data\val\real\000000053529.jpg,0,real,blur_s1.0,0.008500,0,1
data\val\real\000000053624.jpg,0,real,blur_s1.0,0.017315,0,1
data\val\real\000000053626.jpg,0,real,blur_s1.0,0.002158,0,1
data\val\real\000000053909.jpg,0,real,blur_s1.0,0.080382,0,1
data\val\real\000000053994.jpg,0,real,blur_s1.0,0.201067,0,1
data\val\real\000000054123.jpg,0,real,blur_s1.0,0.197912,0,1
data\val\real\000000054164.jpg,0,real,blur_s1.0,0.109911,0,1
data\val\real\000000054592.jpg,0,real,blur_s1.0,0.029648,0,1
data\val\real\000000054593.jpg,0,real,blur_s1.0,0.071067,0,1
data\val\real\000000054605.jpg,0,real,blur_s1.0,0.022287,0,1
data\val\real\000000054628.jpg,0,real,blur_s1.0,0.007201,0,1
data\val\real\000000054654.jpg,0,real,blur_s1.0,0.002933,0,1
data\val\real\000000054931.jpg,0,real,blur_s1.0,0.487544,0,1
data\val\real\000000054967.jpg,0,real,blur_s1.0,0.251566,0,1
data\val\real\000000055002.jpg,0,real,blur_s1.0,0.047978,0,1
data\val\real\000000055022.jpg,0,real,blur_s1.0,0.031848,0,1
data\val\real\000000055072.jpg,0,real,blur_s1.0,0.147027,0,1
data\val\real\000000055150.jpg,0,real,blur_s1.0,0.020246,0,1
data\val\real\000000055167.jpg,0,real,blur_s1.0,0.004515,0,1
data\val\real\000000055299.jpg,0,real,blur_s1.0,0.104396,0,1
data\val\real\000000055528.jpg,0,real,blur_s1.0,0.003314,0,1
data\val\real\000000055950.jpg,0,real,blur_s1.0,0.024053,0,1
data\val\real\000000056127.jpg,0,real,blur_s1.0,0.333444,0,1
data\val\real\000000056288.jpg,0,real,blur_s1.0,0.078444,0,1
data\val\real\000000056344.jpg,0,real,blur_s1.0,0.312343,0,1
data\val\real\000000056350.jpg,0,real,blur_s1.0,0.192148,0,1
data\val\real\000000056545.jpg,0,real,blur_s1.0,0.005510,0,1
data\val\ai\ai_000001.png,1,ai,blur_s1.0,0.981754,1,1
data\val\ai\ai_000002.png,1,ai,blur_s1.0,0.984746,1,1
data\val\ai\ai_000003.png,1,ai,blur_s1.0,0.962394,1,1
data\val\ai\ai_000004.png,1,ai,blur_s1.0,0.959601,1,1
data\val\ai\ai_000005.png,1,ai,blur_s1.0,0.992959,1,1
data\val\ai\ai_000006.png,1,ai,blur_s1.0,0.948334,1,1
data\val\ai\ai_000007.png,1,ai,blur_s1.0,0.960341,1,1
data\val\ai\ai_000008.png,1,ai,blur_s1.0,0.899407,1,1
data\val\ai\ai_000009.png,1,ai,blur_s1.0,0.885043,1,1
data\val\ai\ai_000010.png,1,ai,blur_s1.0,0.963327,1,1
data\val\ai\ai_000011.png,1,ai,blur_s1.0,0.986402,1,1
data\val\ai\ai_000012.png,1,ai,blur_s1.0,0.965820,1,1
data\val\ai\ai_000013.png,1,ai,blur_s1.0,0.994547,1,1
data\val\ai\ai_000014.png,1,ai,blur_s1.0,0.994290,1,1
data\val\ai\ai_000015.png,1,ai,blur_s1.0,0.991923,1,1
data\val\ai\ai_000016.png,1,ai,blur_s1.0,0.865955,1,1
data\val\ai\ai_000017.png,1,ai,blur_s1.0,0.950006,1,1
data\val\ai\ai_000018.png,1,ai,blur_s1.0,0.990736,1,1
data\val\ai\ai_000019.png,1,ai,blur_s1.0,0.676985,1,1
data\val\ai\ai_000020.png,1,ai,blur_s1.0,0.933688,1,1
data\val\ai\ai_000021.png,1,ai,blur_s1.0,0.997944,1,1
data\val\ai\ai_000022.png,1,ai,blur_s1.0,0.643765,1,1
data\val\ai\ai_000023.png,1,ai,blur_s1.0,0.972697,1,1
data\val\ai\ai_000024.png,1,ai,blur_s1.0,0.919021,1,1
data\val\ai\ai_000025.png,1,ai,blur_s1.0,0.965442,1,1
data\val\ai\ai_000026.png,1,ai,blur_s1.0,0.703484,1,1
data\val\ai\ai_000027.png,1,ai,blur_s1.0,0.947338,1,1
data\val\ai\ai_000028.png,1,ai,blur_s1.0,0.991335,1,1
data\val\ai\ai_000029.png,1,ai,blur_s1.0,0.993277,1,1
data\val\ai\ai_000030.png,1,ai,blur_s1.0,0.648058,1,1
data\val\ai\ai_000031.png,1,ai,blur_s1.0,0.810293,1,1
data\val\ai\ai_000032.png,1,ai,blur_s1.0,0.923133,1,1
data\val\ai\ai_000033.png,1,ai,blur_s1.0,0.986324,1,1
data\val\ai\ai_000034.png,1,ai,blur_s1.0,0.992289,1,1
data\val\ai\ai_000035.png,1,ai,blur_s1.0,0.997026,1,1
data\val\ai\ai_000036.png,1,ai,blur_s1.0,0.995725,1,1
data\val\ai\ai_000037.png,1,ai,blur_s1.0,0.984263,1,1
data\val\ai\ai_000038.png,1,ai,blur_s1.0,0.954427,1,1
data\val\ai\ai_000039.png,1,ai,blur_s1.0,0.992841,1,1
data\val\ai\ai_000040.png,1,ai,blur_s1.0,0.556437,1,1
data\val\ai\ai_000041.png,1,ai,blur_s1.0,0.999700,1,1
data\val\ai\ai_000042.png,1,ai,blur_s1.0,0.998795,1,1
data\val\ai\ai_000043.png,1,ai,blur_s1.0,0.999545,1,1
data\val\ai\ai_000044.png,1,ai,blur_s1.0,0.828159,1,1
data\val\ai\ai_000045.png,1,ai,blur_s1.0,0.998035,1,1
data\val\ai\ai_000046.png,1,ai,blur_s1.0,0.816452,1,1
data\val\ai\ai_000047.png,1,ai,blur_s1.0,0.966971,1,1
data\val\ai\ai_000048.png,1,ai,blur_s1.0,0.944157,1,1
data\val\ai\ai_000049.png,1,ai,blur_s1.0,0.979269,1,1
data\val\ai\ai_000050.png,1,ai,blur_s1.0,0.951118,1,1
data\val\ai\ai_000051.png,1,ai,blur_s1.0,0.987575,1,1
data\val\ai\ai_000052.png,1,ai,blur_s1.0,0.996995,1,1
data\val\ai\ai_000053.png,1,ai,blur_s1.0,0.992401,1,1
data\val\ai\ai_000054.png,1,ai,blur_s1.0,0.990483,1,1
data\val\ai\ai_000055.png,1,ai,blur_s1.0,0.720137,1,1
data\val\ai\ai_000056.png,1,ai,blur_s1.0,0.809143,1,1
data\val\ai\ai_000057.png,1,ai,blur_s1.0,0.939176,1,1
data\val\ai\ai_000058.png,1,ai,blur_s1.0,0.163685,0,0
data\val\ai\ai_000059.png,1,ai,blur_s1.0,0.956982,1,1
data\val\ai\ai_000060.png,1,ai,blur_s1.0,0.816060,1,1
data\val\ai\ai_000061.png,1,ai,blur_s1.0,0.981214,1,1
data\val\ai\ai_000062.png,1,ai,blur_s1.0,0.993450,1,1
data\val\ai\ai_000063.png,1,ai,blur_s1.0,0.994314,1,1
data\val\ai\ai_000064.png,1,ai,blur_s1.0,0.713570,1,1
data\val\ai\ai_000065.png,1,ai,blur_s1.0,0.968730,1,1
data\val\ai\ai_000066.png,1,ai,blur_s1.0,0.902408,1,1
data\val\ai\ai_000067.png,1,ai,blur_s1.0,0.991910,1,1
data\val\ai\ai_000068.png,1,ai,blur_s1.0,0.862503,1,1
data\val\ai\ai_000069.png,1,ai,blur_s1.0,0.996921,1,1
data\val\ai\ai_000070.png,1,ai,blur_s1.0,0.903610,1,1
data\val\ai\ai_000071.png,1,ai,blur_s1.0,0.998034,1,1
data\val\ai\ai_000072.png,1,ai,blur_s1.0,0.922547,1,1
data\val\ai\ai_000073.png,1,ai,blur_s1.0,0.996189,1,1
data\val\ai\ai_000074.png,1,ai,blur_s1.0,0.997049,1,1
data\val\ai\ai_000075.png,1,ai,blur_s1.0,0.994529,1,1
data\val\ai\ai_000076.png,1,ai,blur_s1.0,0.947112,1,1
data\val\ai\ai_000077.png,1,ai,blur_s1.0,0.985585,1,1
data\val\ai\ai_000078.png,1,ai,blur_s1.0,0.559855,1,1
data\val\ai\ai_000079.png,1,ai,blur_s1.0,0.849645,1,1
data\val\ai\ai_000080.png,1,ai,blur_s1.0,0.863051,1,1
data\val\ai\ai_000081.png,1,ai,blur_s1.0,0.997128,1,1
data\val\ai\ai_000082.png,1,ai,blur_s1.0,0.998388,1,1
data\val\ai\ai_000083.png,1,ai,blur_s1.0,0.969096,1,1
data\val\ai\ai_000084.png,1,ai,blur_s1.0,0.982050,1,1
data\val\ai\ai_000085.png,1,ai,blur_s1.0,0.977109,1,1
data\val\ai\ai_000086.png,1,ai,blur_s1.0,0.705739,1,1
data\val\ai\ai_000087.png,1,ai,blur_s1.0,0.993482,1,1
data\val\ai\ai_000088.png,1,ai,blur_s1.0,0.889376,1,1
data\val\ai\ai_000089.png,1,ai,blur_s1.0,0.892087,1,1
data\val\ai\ai_000090.png,1,ai,blur_s1.0,0.788004,1,1
data\val\ai\ai_000091.png,1,ai,blur_s1.0,0.975392,1,1
data\val\ai\ai_000092.png,1,ai,blur_s1.0,0.997114,1,1
data\val\ai\ai_000093.png,1,ai,blur_s1.0,0.980920,1,1
data\val\ai\ai_000094.png,1,ai,blur_s1.0,0.998072,1,1
data\val\ai\ai_000095.png,1,ai,blur_s1.0,0.984482,1,1
data\val\ai\ai_000096.png,1,ai,blur_s1.0,0.984400,1,1
data\val\ai\ai_000097.png,1,ai,blur_s1.0,0.686111,1,1
data\val\ai\ai_000098.png,1,ai,blur_s1.0,0.931882,1,1
data\val\ai\ai_000099.png,1,ai,blur_s1.0,0.727734,1,1
data\val\ai\ai_000100.png,1,ai,blur_s1.0,0.966269,1,1
data\val\ai\ai_000101.png,1,ai,blur_s1.0,0.993972,1,1
data\val\ai\ai_000102.png,1,ai,blur_s1.0,0.753079,1,1
data\val\ai\ai_000103.png,1,ai,blur_s1.0,0.963084,1,1
data\val\ai\ai_000104.png,1,ai,blur_s1.0,0.981054,1,1
data\val\ai\ai_000105.png,1,ai,blur_s1.0,0.506773,1,1
data\val\ai\ai_000106.png,1,ai,blur_s1.0,0.700384,1,1
data\val\ai\ai_000107.png,1,ai,blur_s1.0,0.958743,1,1
data\val\ai\ai_000108.png,1,ai,blur_s1.0,0.994818,1,1
data\val\ai\ai_000109.png,1,ai,blur_s1.0,0.999614,1,1
data\val\ai\ai_000110.png,1,ai,blur_s1.0,0.942321,1,1
data\val\ai\ai_000111.png,1,ai,blur_s1.0,0.952526,1,1
data\val\ai\ai_000112.png,1,ai,blur_s1.0,0.826475,1,1
data\val\ai\ai_000113.png,1,ai,blur_s1.0,0.960964,1,1
data\val\ai\ai_000114.png,1,ai,blur_s1.0,0.983843,1,1
data\val\ai\ai_000115.png,1,ai,blur_s1.0,0.980880,1,1
data\val\ai\ai_000116.png,1,ai,blur_s1.0,0.856524,1,1
data\val\ai\ai_000117.png,1,ai,blur_s1.0,0.985302,1,1
data\val\ai\ai_000118.png,1,ai,blur_s1.0,0.990423,1,1
data\val\ai\ai_000119.png,1,ai,blur_s1.0,0.942948,1,1
data\val\ai\ai_000120.png,1,ai,blur_s1.0,0.834595,1,1
data\val\ai\ai_000121.png,1,ai,blur_s1.0,0.998422,1,1
data\val\ai\ai_000122.png,1,ai,blur_s1.0,0.986667,1,1
data\val\ai\ai_000123.png,1,ai,blur_s1.0,0.863538,1,1
data\val\ai\ai_000124.png,1,ai,blur_s1.0,0.846288,1,1
data\val\ai\ai_000125.png,1,ai,blur_s1.0,0.996250,1,1
data\val\ai\ai_000126.png,1,ai,blur_s1.0,0.948142,1,1
data\val\ai\ai_000127.png,1,ai,blur_s1.0,0.972479,1,1
data\val\ai\ai_000128.png,1,ai,blur_s1.0,0.985900,1,1
data\val\ai\ai_000129.png,1,ai,blur_s1.0,0.988397,1,1
data\val\ai\ai_000130.png,1,ai,blur_s1.0,0.684303,1,1
data\val\ai\ai_000131.png,1,ai,blur_s1.0,0.995040,1,1
data\val\ai\ai_000132.png,1,ai,blur_s1.0,0.968214,1,1
data\val\ai\ai_000133.png,1,ai,blur_s1.0,0.995724,1,1
data\val\ai\ai_000134.png,1,ai,blur_s1.0,0.993924,1,1
data\val\ai\ai_000135.png,1,ai,blur_s1.0,0.998127,1,1
data\val\ai\ai_000136.png,1,ai,blur_s1.0,0.674322,1,1
data\val\ai\ai_000137.png,1,ai,blur_s1.0,0.882183,1,1
data\val\ai\ai_000138.png,1,ai,blur_s1.0,0.836746,1,1
data\val\ai\ai_000139.png,1,ai,blur_s1.0,0.992199,1,1
data\val\ai\ai_000140.png,1,ai,blur_s1.0,0.837751,1,1
data\val\ai\ai_000141.png,1,ai,blur_s1.0,0.999182,1,1
data\val\ai\ai_000142.png,1,ai,blur_s1.0,0.971306,1,1
data\val\ai\ai_000143.png,1,ai,blur_s1.0,0.996845,1,1
data\val\ai\ai_000144.png,1,ai,blur_s1.0,0.989630,1,1
data\val\ai\ai_000145.png,1,ai,blur_s1.0,0.985496,1,1
data\val\ai\ai_000146.png,1,ai,blur_s1.0,0.982223,1,1
data\val\ai\ai_000147.png,1,ai,blur_s1.0,0.969877,1,1
data\val\ai\ai_000148.png,1,ai,blur_s1.0,0.126768,0,0
data\val\ai\ai_000149.png,1,ai,blur_s1.0,0.994572,1,1
data\val\ai\ai_000150.png,1,ai,blur_s1.0,0.924077,1,1
data\val\ai\ai_000151.png,1,ai,blur_s1.0,0.856233,1,1
data\val\ai\ai_000152.png,1,ai,blur_s1.0,0.931130,1,1
data\val\ai\ai_000153.png,1,ai,blur_s1.0,0.998470,1,1
data\val\ai\ai_000154.png,1,ai,blur_s1.0,0.989860,1,1
data\val\ai\ai_000155.png,1,ai,blur_s1.0,0.985348,1,1
data\val\ai\ai_000156.png,1,ai,blur_s1.0,0.376373,0,0
data\val\ai\ai_000157.png,1,ai,blur_s1.0,0.947691,1,1
data\val\ai\ai_000158.png,1,ai,blur_s1.0,0.243534,0,0
data\val\ai\ai_000159.png,1,ai,blur_s1.0,0.998792,1,1
data\val\ai\ai_000160.png,1,ai,blur_s1.0,0.077618,0,0
data\val\ai\ai_000161.png,1,ai,blur_s1.0,0.983346,1,1
data\val\ai\ai_000162.png,1,ai,blur_s1.0,0.976186,1,1
data\val\ai\ai_000163.png,1,ai,blur_s1.0,0.995406,1,1
data\val\ai\ai_000164.png,1,ai,blur_s1.0,0.997750,1,1
data\val\ai\ai_000165.png,1,ai,blur_s1.0,0.999414,1,1
data\val\ai\ai_000166.png,1,ai,blur_s1.0,0.950633,1,1
data\val\ai\ai_000167.png,1,ai,blur_s1.0,0.946499,1,1
data\val\ai\ai_000168.png,1,ai,blur_s1.0,0.515703,1,1
data\val\ai\ai_000169.png,1,ai,blur_s1.0,0.987530,1,1
data\val\ai\ai_000170.png,1,ai,blur_s1.0,0.976088,1,1
data\val\ai\ai_000171.png,1,ai,blur_s1.0,0.963613,1,1
data\val\ai\ai_000172.png,1,ai,blur_s1.0,0.986823,1,1
data\val\ai\ai_000173.png,1,ai,blur_s1.0,0.961055,1,1
data\val\ai\ai_000174.png,1,ai,blur_s1.0,0.999605,1,1
data\val\ai\ai_000175.png,1,ai,blur_s1.0,0.992229,1,1
data\val\ai\ai_000176.png,1,ai,blur_s1.0,0.983246,1,1
data\val\ai\ai_000177.png,1,ai,blur_s1.0,0.978923,1,1
data\val\ai\ai_000178.png,1,ai,blur_s1.0,0.712781,1,1
data\val\ai\ai_000179.png,1,ai,blur_s1.0,0.998551,1,1
data\val\ai\ai_000180.png,1,ai,blur_s1.0,0.944583,1,1
data\val\ai\ai_000181.png,1,ai,blur_s1.0,0.989658,1,1
data\val\ai\ai_000182.png,1,ai,blur_s1.0,0.859849,1,1
data\val\ai\ai_000183.png,1,ai,blur_s1.0,0.956293,1,1
data\val\ai\ai_000184.png,1,ai,blur_s1.0,0.987250,1,1
data\val\ai\ai_000185.png,1,ai,blur_s1.0,0.982053,1,1
data\val\ai\ai_000186.png,1,ai,blur_s1.0,0.809997,1,1
data\val\ai\ai_000187.png,1,ai,blur_s1.0,0.990293,1,1
data\val\ai\ai_000188.png,1,ai,blur_s1.0,0.491429,0,0
data\val\ai\ai_000189.png,1,ai,blur_s1.0,0.991257,1,1
data\val\ai\ai_000190.png,1,ai,blur_s1.0,0.925779,1,1
data\val\ai\ai_000191.png,1,ai,blur_s1.0,0.827870,1,1
data\val\ai\ai_000192.png,1,ai,blur_s1.0,0.995503,1,1
data\val\ai\ai_000193.png,1,ai,blur_s1.0,0.999464,1,1
data\val\ai\ai_000194.png,1,ai,blur_s1.0,0.946004,1,1
data\val\ai\ai_000195.png,1,ai,blur_s1.0,0.992942,1,1
data\val\ai\ai_000196.png,1,ai,blur_s1.0,0.993950,1,1
data\val\ai\ai_000197.png,1,ai,blur_s1.0,0.904347,1,1
data\val\ai\ai_000198.png,1,ai,blur_s1.0,0.974055,1,1
data\val\ai\ai_000199.png,1,ai,blur_s1.0,0.942803,1,1
data\val\ai\ai_000200.png,1,ai,blur_s1.0,0.895074,1,1
data\val\ai\ai_000201.png,1,ai,blur_s1.0,0.952653,1,1
data\val\ai\ai_000202.png,1,ai,blur_s1.0,0.851487,1,1
data\val\ai\ai_000203.png,1,ai,blur_s1.0,0.996553,1,1
data\val\ai\ai_000204.png,1,ai,blur_s1.0,0.990346,1,1
data\val\ai\ai_000205.png,1,ai,blur_s1.0,0.920324,1,1
data\val\ai\ai_000206.png,1,ai,blur_s1.0,0.997306,1,1
data\val\ai\ai_000207.png,1,ai,blur_s1.0,0.991084,1,1
data\val\ai\ai_000208.png,1,ai,blur_s1.0,0.919266,1,1
data\val\ai\ai_000209.png,1,ai,blur_s1.0,0.995094,1,1
data\val\ai\ai_000210.png,1,ai,blur_s1.0,0.905295,1,1
data\val\ai\ai_000211.png,1,ai,blur_s1.0,0.997664,1,1
data\val\ai\ai_000212.png,1,ai,blur_s1.0,0.998824,1,1
data\val\ai\ai_000213.png,1,ai,blur_s1.0,0.979211,1,1
data\val\ai\ai_000214.png,1,ai,blur_s1.0,0.998773,1,1
data\val\ai\ai_000215.png,1,ai,blur_s1.0,0.967373,1,1
data\val\ai\ai_000216.png,1,ai,blur_s1.0,0.923117,1,1
data\val\ai\ai_000217.png,1,ai,blur_s1.0,0.814995,1,1
data\val\ai\ai_000218.png,1,ai,blur_s1.0,0.871369,1,1
data\val\ai\ai_000219.png,1,ai,blur_s1.0,0.989618,1,1
data\val\ai\ai_000220.png,1,ai,blur_s1.0,0.591851,1,1
data\val\ai\ai_000221.png,1,ai,blur_s1.0,0.986189,1,1
data\val\ai\ai_000222.png,1,ai,blur_s1.0,0.903041,1,1
data\val\ai\ai_000223.png,1,ai,blur_s1.0,0.996936,1,1
data\val\ai\ai_000224.png,1,ai,blur_s1.0,0.970267,1,1
data\val\ai\ai_000225.png,1,ai,blur_s1.0,0.984744,1,1
data\val\ai\ai_000226.png,1,ai,blur_s1.0,0.961234,1,1
data\val\ai\ai_000227.png,1,ai,blur_s1.0,0.960097,1,1
data\val\ai\ai_000228.png,1,ai,blur_s1.0,0.104655,0,0
data\val\ai\ai_000229.png,1,ai,blur_s1.0,0.980677,1,1
data\val\ai\ai_000230.png,1,ai,blur_s1.0,0.951601,1,1
data\val\ai\ai_000231.png,1,ai,blur_s1.0,0.999465,1,1
data\val\ai\ai_000232.png,1,ai,blur_s1.0,0.935613,1,1
data\val\ai\ai_000233.png,1,ai,blur_s1.0,0.977174,1,1
data\val\ai\ai_000234.png,1,ai,blur_s1.0,0.999019,1,1
data\val\ai\ai_000235.png,1,ai,blur_s1.0,0.992054,1,1
data\val\ai\ai_000236.png,1,ai,blur_s1.0,0.939495,1,1
data\val\ai\ai_000237.png,1,ai,blur_s1.0,0.879814,1,1
data\val\ai\ai_000238.png,1,ai,blur_s1.0,0.839782,1,1
data\val\ai\ai_000239.png,1,ai,blur_s1.0,0.797541,1,1
data\val\ai\ai_000240.png,1,ai,blur_s1.0,0.776949,1,1
data\val\ai\ai_000241.png,1,ai,blur_s1.0,0.973137,1,1
data\val\ai\ai_000242.png,1,ai,blur_s1.0,0.998227,1,1
data\val\ai\ai_000243.png,1,ai,blur_s1.0,0.981052,1,1
data\val\ai\ai_000244.png,1,ai,blur_s1.0,0.994174,1,1
data\val\ai\ai_000245.png,1,ai,blur_s1.0,0.896338,1,1
data\val\ai\ai_000246.png,1,ai,blur_s1.0,0.997746,1,1
data\val\ai\ai_000247.png,1,ai,blur_s1.0,0.910563,1,1
data\val\ai\ai_000248.png,1,ai,blur_s1.0,0.992555,1,1
data\val\ai\ai_000249.png,1,ai,blur_s1.0,0.997574,1,1
data\val\ai\ai_000250.png,1,ai,blur_s1.0,0.553252,1,1
data\val\ai\ai_000251.png,1,ai,blur_s1.0,0.957918,1,1
data\val\ai\ai_000252.png,1,ai,blur_s1.0,0.990280,1,1
data\val\ai\ai_000253.png,1,ai,blur_s1.0,0.995463,1,1
data\val\ai\ai_000254.png,1,ai,blur_s1.0,0.954043,1,1
data\val\ai\ai_000255.png,1,ai,blur_s1.0,0.747411,1,1
data\val\ai\ai_000256.png,1,ai,blur_s1.0,0.432089,0,0
data\val\ai\ai_000257.png,1,ai,blur_s1.0,0.980064,1,1
data\val\ai\ai_000258.png,1,ai,blur_s1.0,0.774315,1,1
data\val\ai\ai_000259.png,1,ai,blur_s1.0,0.996453,1,1
data\val\ai\ai_000260.png,1,ai,blur_s1.0,0.568551,1,1
data\val\ai\ai_000261.png,1,ai,blur_s1.0,0.985042,1,1
data\val\ai\ai_000262.png,1,ai,blur_s1.0,0.996909,1,1
data\val\ai\ai_000263.png,1,ai,blur_s1.0,0.966308,1,1
data\val\ai\ai_000264.png,1,ai,blur_s1.0,0.997693,1,1
data\val\ai\ai_000265.png,1,ai,blur_s1.0,0.970522,1,1
data\val\ai\ai_000266.png,1,ai,blur_s1.0,0.896320,1,1
data\val\ai\ai_000267.png,1,ai,blur_s1.0,0.996294,1,1
data\val\ai\ai_000268.png,1,ai,blur_s1.0,0.951471,1,1
data\val\ai\ai_000269.png,1,ai,blur_s1.0,0.990862,1,1
data\val\ai\ai_000270.png,1,ai,blur_s1.0,0.797467,1,1
data\val\ai\ai_000271.png,1,ai,blur_s1.0,0.961937,1,1
data\val\ai\ai_000272.png,1,ai,blur_s1.0,0.994850,1,1
data\val\ai\ai_000273.png,1,ai,blur_s1.0,0.993573,1,1
data\val\ai\ai_000274.png,1,ai,blur_s1.0,0.977114,1,1
data\val\ai\ai_000275.png,1,ai,blur_s1.0,0.995316,1,1
data\val\ai\ai_000276.png,1,ai,blur_s1.0,0.988723,1,1
data\val\ai\ai_000277.png,1,ai,blur_s1.0,0.962933,1,1
data\val\ai\ai_000278.png,1,ai,blur_s1.0,0.986844,1,1
data\val\ai\ai_000279.png,1,ai,blur_s1.0,0.979668,1,1
data\val\ai\ai_000280.png,1,ai,blur_s1.0,0.825464,1,1
data\val\ai\ai_000281.png,1,ai,blur_s1.0,0.955544,1,1
data\val\ai\ai_000282.png,1,ai,blur_s1.0,0.723659,1,1
data\val\ai\ai_000283.png,1,ai,blur_s1.0,0.997274,1,1
data\val\ai\ai_000284.png,1,ai,blur_s1.0,0.972847,1,1
data\val\ai\ai_000285.png,1,ai,blur_s1.0,0.995056,1,1
data\val\ai\ai_000286.png,1,ai,blur_s1.0,0.987471,1,1
data\val\ai\ai_000287.png,1,ai,blur_s1.0,0.963955,1,1
data\val\ai\ai_000288.png,1,ai,blur_s1.0,0.143192,0,0
data\val\ai\ai_000289.png,1,ai,blur_s1.0,0.993289,1,1
data\val\ai\ai_000290.png,1,ai,blur_s1.0,0.505715,1,1
data\val\ai\ai_000291.png,1,ai,blur_s1.0,0.997679,1,1
data\val\ai\ai_000292.png,1,ai,blur_s1.0,0.993799,1,1
data\val\ai\ai_000293.png,1,ai,blur_s1.0,0.377787,0,0
data\val\ai\ai_000294.png,1,ai,blur_s1.0,0.978039,1,1
data\val\ai\ai_000295.png,1,ai,blur_s1.0,0.984946,1,1
data\val\ai\ai_000296.png,1,ai,blur_s1.0,0.995703,1,1
data\val\ai\ai_000297.png,1,ai,blur_s1.0,0.993656,1,1
data\val\ai\ai_000298.png,1,ai,blur_s1.0,0.977949,1,1
data\val\ai\ai_000299.png,1,ai,blur_s1.0,0.952643,1,1
data\val\ai\ai_000300.png,1,ai,blur_s1.0,0.567104,1,1
data\val\ai\ai_000301.png,1,ai,blur_s1.0,0.938887,1,1
data\val\ai\ai_000302.png,1,ai,blur_s1.0,0.566286,1,1
data\val\ai\ai_000303.png,1,ai,blur_s1.0,0.961109,1,1
data\val\ai\ai_000304.png,1,ai,blur_s1.0,0.993623,1,1
data\val\ai\ai_000305.png,1,ai,blur_s1.0,0.940108,1,1
data\val\ai\ai_000306.png,1,ai,blur_s1.0,0.986663,1,1
data\val\ai\ai_000307.png,1,ai,blur_s1.0,0.905717,1,1
data\val\ai\ai_000308.png,1,ai,blur_s1.0,0.796631,1,1
data\val\ai\ai_000309.png,1,ai,blur_s1.0,0.934912,1,1
data\val\ai\ai_000310.png,1,ai,blur_s1.0,0.885205,1,1
data\val\ai\ai_000311.png,1,ai,blur_s1.0,0.942835,1,1
data\val\ai\ai_000312.png,1,ai,blur_s1.0,0.952814,1,1
data\val\ai\ai_000313.png,1,ai,blur_s1.0,0.707767,1,1
data\val\ai\ai_000314.png,1,ai,blur_s1.0,0.995883,1,1
data\val\ai\ai_000315.png,1,ai,blur_s1.0,0.992276,1,1
data\val\ai\ai_000316.png,1,ai,blur_s1.0,0.992792,1,1
data\val\ai\ai_000317.png,1,ai,blur_s1.0,0.997355,1,1
data\val\ai\ai_000318.png,1,ai,blur_s1.0,0.079940,0,0
data\val\ai\ai_000319.png,1,ai,blur_s1.0,0.907213,1,1
data\val\ai\ai_000320.png,1,ai,blur_s1.0,0.968199,1,1
data\val\ai\ai_000321.png,1,ai,blur_s1.0,0.994334,1,1
data\val\ai\ai_000322.png,1,ai,blur_s1.0,0.906375,1,1
data\val\ai\ai_000323.png,1,ai,blur_s1.0,0.997847,1,1
data\val\ai\ai_000324.png,1,ai,blur_s1.0,0.998245,1,1
data\val\ai\ai_000325.png,1,ai,blur_s1.0,0.986036,1,1
data\val\ai\ai_000326.png,1,ai,blur_s1.0,0.994385,1,1
data\val\ai\ai_000327.png,1,ai,blur_s1.0,0.998570,1,1
data\val\ai\ai_000328.png,1,ai,blur_s1.0,0.870815,1,1
data\val\ai\ai_000329.png,1,ai,blur_s1.0,0.951020,1,1
data\val\ai\ai_000330.png,1,ai,blur_s1.0,0.909086,1,1
data\val\ai\ai_000331.png,1,ai,blur_s1.0,0.987599,1,1
data\val\ai\ai_000332.png,1,ai,blur_s1.0,0.754583,1,1
data\val\ai\ai_000333.png,1,ai,blur_s1.0,0.992882,1,1
data\val\ai\ai_000334.png,1,ai,blur_s1.0,0.954875,1,1
data\val\ai\ai_000335.png,1,ai,blur_s1.0,0.997142,1,1
data\val\ai\ai_000336.png,1,ai,blur_s1.0,0.788099,1,1
data\val\ai\ai_000337.png,1,ai,blur_s1.0,0.997418,1,1
data\val\ai\ai_000338.png,1,ai,blur_s1.0,0.339595,0,0
data\val\ai\ai_000339.png,1,ai,blur_s1.0,0.998206,1,1
data\val\ai\ai_000340.png,1,ai,blur_s1.0,0.938887,1,1
data\val\ai\ai_000341.png,1,ai,blur_s1.0,0.972847,1,1
data\val\ai\ai_000342.png,1,ai,blur_s1.0,0.099030,0,0
data\val\ai\ai_000343.png,1,ai,blur_s1.0,0.997244,1,1
data\val\ai\ai_000344.png,1,ai,blur_s1.0,0.983198,1,1
data\val\ai\ai_000345.png,1,ai,blur_s1.0,0.972748,1,1
data\val\ai\ai_000346.png,1,ai,blur_s1.0,0.995649,1,1
data\val\ai\ai_000347.png,1,ai,blur_s1.0,0.965857,1,1
data\val\ai\ai_000348.png,1,ai,blur_s1.0,0.936544,1,1
data\val\ai\ai_000349.png,1,ai,blur_s1.0,0.997809,1,1
data\val\ai\ai_000350.png,1,ai,blur_s1.0,0.777352,1,1
data\val\ai\ai_000351.png,1,ai,blur_s1.0,0.972640,1,1
data\val\ai\ai_000352.png,1,ai,blur_s1.0,0.918544,1,1
data\val\ai\ai_000353.png,1,ai,blur_s1.0,0.937755,1,1
data\val\ai\ai_000354.png,1,ai,blur_s1.0,0.998113,1,1
data\val\ai\ai_000355.png,1,ai,blur_s1.0,0.984355,1,1
data\val\ai\ai_000356.png,1,ai,blur_s1.0,0.911939,1,1
data\val\ai\ai_000357.png,1,ai,blur_s1.0,0.951603,1,1
data\val\ai\ai_000358.png,1,ai,blur_s1.0,0.141044,0,0
data\val\ai\ai_000359.png,1,ai,blur_s1.0,0.991638,1,1
data\val\ai\ai_000360.png,1,ai,blur_s1.0,0.898775,1,1
data\val\ai\ai_000361.png,1,ai,blur_s1.0,0.991387,1,1
data\val\ai\ai_000362.png,1,ai,blur_s1.0,0.643919,1,1
data\val\ai\ai_000363.png,1,ai,blur_s1.0,0.997014,1,1
data\val\ai\ai_000364.png,1,ai,blur_s1.0,0.998100,1,1
data\val\ai\ai_000365.png,1,ai,blur_s1.0,0.810731,1,1
data\val\ai\ai_000366.png,1,ai,blur_s1.0,0.893130,1,1
data\val\ai\ai_000367.png,1,ai,blur_s1.0,0.978843,1,1
data\val\ai\ai_000368.png,1,ai,blur_s1.0,0.290025,0,0
data\val\ai\ai_000369.png,1,ai,blur_s1.0,0.991807,1,1
data\val\ai\ai_000370.png,1,ai,blur_s1.0,0.378684,0,0
data\val\ai\ai_000371.png,1,ai,blur_s1.0,0.933314,1,1
data\val\ai\ai_000372.png,1,ai,blur_s1.0,0.915739,1,1
data\val\ai\ai_000373.png,1,ai,blur_s1.0,0.940200,1,1
data\val\ai\ai_000374.png,1,ai,blur_s1.0,0.997517,1,1
data\val\ai\ai_000375.png,1,ai,blur_s1.0,0.993755,1,1
data\val\ai\ai_000376.png,1,ai,blur_s1.0,0.482689,0,0
data\val\ai\ai_000377.png,1,ai,blur_s1.0,0.920101,1,1
data\val\ai\ai_000378.png,1,ai,blur_s1.0,0.991326,1,1
data\val\ai\ai_000379.png,1,ai,blur_s1.0,0.860313,1,1
data\val\ai\ai_000380.png,1,ai,blur_s1.0,0.734414,1,1
data\val\ai\ai_000381.png,1,ai,blur_s1.0,0.846215,1,1
data\val\ai\ai_000382.png,1,ai,blur_s1.0,0.718774,1,1
data\val\ai\ai_000383.png,1,ai,blur_s1.0,0.961422,1,1
data\val\ai\ai_000384.png,1,ai,blur_s1.0,0.902540,1,1
data\val\ai\ai_000385.png,1,ai,blur_s1.0,0.993343,1,1
data\val\ai\ai_000386.png,1,ai,blur_s1.0,0.946266,1,1
data\val\ai\ai_000387.png,1,ai,blur_s1.0,0.996937,1,1
data\val\ai\ai_000388.png,1,ai,blur_s1.0,0.993903,1,1
data\val\ai\ai_000389.png,1,ai,blur_s1.0,0.964616,1,1
data\val\ai\ai_000390.png,1,ai,blur_s1.0,0.992942,1,1
data\val\ai\ai_000391.png,1,ai,blur_s1.0,0.945344,1,1
data\val\ai\ai_000392.png,1,ai,blur_s1.0,0.864086,1,1
data\val\ai\ai_000393.png,1,ai,blur_s1.0,0.992025,1,1
data\val\ai\ai_000394.png,1,ai,blur_s1.0,0.995968,1,1
data\val\ai\ai_000395.png,1,ai,blur_s1.0,0.971203,1,1
data\val\ai\ai_000396.png,1,ai,blur_s1.0,0.968289,1,1
data\val\ai\ai_000397.png,1,ai,blur_s1.0,0.991181,1,1
data\val\ai\ai_000398.png,1,ai,blur_s1.0,0.646501,1,1
data\val\ai\ai_000399.png,1,ai,blur_s1.0,0.970283,1,1
data\val\ai\ai_000400.png,1,ai,blur_s1.0,0.534895,1,1
data\val\ai\ai_000401.png,1,ai,blur_s1.0,0.994815,1,1
data\val\ai\ai_000402.png,1,ai,blur_s1.0,0.979205,1,1
data\val\ai\ai_000403.png,1,ai,blur_s1.0,0.987549,1,1
data\val\ai\ai_000404.png,1,ai,blur_s1.0,0.972317,1,1
data\val\ai\ai_000405.png,1,ai,blur_s1.0,0.997852,1,1
data\val\ai\ai_000406.png,1,ai,blur_s1.0,0.998432,1,1
data\val\ai\ai_000407.png,1,ai,blur_s1.0,0.875754,1,1
data\val\ai\ai_000408.png,1,ai,blur_s1.0,0.981675,1,1
data\val\ai\ai_000409.png,1,ai,blur_s1.0,0.966181,1,1
data\val\ai\ai_000410.png,1,ai,blur_s1.0,0.829149,1,1
data\val\ai\ai_000411.png,1,ai,blur_s1.0,0.992019,1,1
data\val\ai\ai_000412.png,1,ai,blur_s1.0,0.996575,1,1
data\val\ai\ai_000413.png,1,ai,blur_s1.0,0.976771,1,1
data\val\ai\ai_000414.png,1,ai,blur_s1.0,0.999642,1,1
data\val\ai\ai_000415.png,1,ai,blur_s1.0,0.996023,1,1
data\val\ai\ai_000416.png,1,ai,blur_s1.0,0.895016,1,1
data\val\ai\ai_000417.png,1,ai,blur_s1.0,0.987438,1,1
data\val\ai\ai_000418.png,1,ai,blur_s1.0,0.148408,0,0
data\val\ai\ai_000419.png,1,ai,blur_s1.0,0.936519,1,1
data\val\ai\ai_000420.png,1,ai,blur_s1.0,0.859278,1,1
data\val\ai\ai_000421.png,1,ai,blur_s1.0,0.997177,1,1
data\val\ai\ai_000422.png,1,ai,blur_s1.0,0.385341,0,0
data\val\ai\ai_000423.png,1,ai,blur_s1.0,0.967100,1,1
data\val\ai\ai_000424.png,1,ai,blur_s1.0,0.999201,1,1
data\val\ai\ai_000425.png,1,ai,blur_s1.0,0.915331,1,1
data\val\ai\ai_000426.png,1,ai,blur_s1.0,0.571785,1,1
data\val\ai\ai_000427.png,1,ai,blur_s1.0,0.991759,1,1
data\val\ai\ai_000428.png,1,ai,blur_s1.0,0.968422,1,1
data\val\ai\ai_000429.png,1,ai,blur_s1.0,0.989189,1,1
data\val\ai\ai_000430.png,1,ai,blur_s1.0,0.916995,1,1
data\val\ai\ai_000431.png,1,ai,blur_s1.0,0.929823,1,1
data\val\ai\ai_000432.png,1,ai,blur_s1.0,0.991804,1,1
data\val\ai\ai_000433.png,1,ai,blur_s1.0,0.997885,1,1
data\val\ai\ai_000434.png,1,ai,blur_s1.0,0.954410,1,1
data\val\ai\ai_000435.png,1,ai,blur_s1.0,0.967331,1,1
data\val\ai\ai_000436.png,1,ai,blur_s1.0,0.988966,1,1
data\val\ai\ai_000437.png,1,ai,blur_s1.0,0.973285,1,1
data\val\ai\ai_000438.png,1,ai,blur_s1.0,0.980918,1,1
data\val\ai\ai_000439.png,1,ai,blur_s1.0,0.789919,1,1
data\val\ai\ai_000440.png,1,ai,blur_s1.0,0.956669,1,1
data\val\ai\ai_000441.png,1,ai,blur_s1.0,0.904472,1,1
data\val\ai\ai_000442.png,1,ai,blur_s1.0,0.981425,1,1
data\val\ai\ai_000443.png,1,ai,blur_s1.0,0.996401,1,1
data\val\ai\ai_000444.png,1,ai,blur_s1.0,0.997115,1,1
data\val\ai\ai_000445.png,1,ai,blur_s1.0,0.961999,1,1
data\val\ai\ai_000446.png,1,ai,blur_s1.0,0.976271,1,1
data\val\ai\ai_000447.png,1,ai,blur_s1.0,0.992433,1,1
data\val\ai\ai_000448.png,1,ai,blur_s1.0,0.168003,0,0
data\val\ai\ai_000449.png,1,ai,blur_s1.0,0.999019,1,1
data\val\ai\ai_000450.png,1,ai,blur_s1.0,0.991154,1,1
data\val\ai\ai_000451.png,1,ai,blur_s1.0,0.948733,1,1
data\val\ai\ai_000452.png,1,ai,blur_s1.0,0.883964,1,1
data\val\ai\ai_000453.png,1,ai,blur_s1.0,0.998228,1,1
data\val\ai\ai_000454.png,1,ai,blur_s1.0,0.920172,1,1
data\val\ai\ai_000455.png,1,ai,blur_s1.0,0.994892,1,1
data\val\ai\ai_000456.png,1,ai,blur_s1.0,0.955122,1,1
data\val\ai\ai_000457.png,1,ai,blur_s1.0,0.972604,1,1
data\val\ai\ai_000458.png,1,ai,blur_s1.0,0.941991,1,1
data\val\ai\ai_000459.png,1,ai,blur_s1.0,0.771486,1,1
data\val\ai\ai_000460.png,1,ai,blur_s1.0,0.846811,1,1
data\val\ai\ai_000461.png,1,ai,blur_s1.0,0.908964,1,1
data\val\ai\ai_000462.png,1,ai,blur_s1.0,0.962372,1,1
data\val\ai\ai_000463.png,1,ai,blur_s1.0,0.988106,1,1
data\val\ai\ai_000464.png,1,ai,blur_s1.0,0.979381,1,1
data\val\ai\ai_000465.png,1,ai,blur_s1.0,0.991984,1,1
data\val\ai\ai_000466.png,1,ai,blur_s1.0,0.530316,1,1
data\val\ai\ai_000467.png,1,ai,blur_s1.0,0.939076,1,1
data\val\ai\ai_000468.png,1,ai,blur_s1.0,0.756034,1,1
data\val\ai\ai_000469.png,1,ai,blur_s1.0,0.991217,1,1
data\val\ai\ai_000470.png,1,ai,blur_s1.0,0.799819,1,1
data\val\ai\ai_000471.png,1,ai,blur_s1.0,0.999108,1,1
data\val\ai\ai_000472.png,1,ai,blur_s1.0,0.973872,1,1
data\val\ai\ai_000473.png,1,ai,blur_s1.0,0.764872,1,1
data\val\ai\ai_000474.png,1,ai,blur_s1.0,0.996342,1,1
data\val\ai\ai_000475.png,1,ai,blur_s1.0,0.996673,1,1
data\val\ai\ai_000476.png,1,ai,blur_s1.0,0.891321,1,1
data\val\ai\ai_000477.png,1,ai,blur_s1.0,0.988571,1,1
data\val\ai\ai_000478.png,1,ai,blur_s1.0,0.971390,1,1
data\val\ai\ai_000479.png,1,ai,blur_s1.0,0.902207,1,1
data\val\ai\ai_000480.png,1,ai,blur_s1.0,0.829549,1,1
data\val\ai\ai_000481.png,1,ai,blur_s1.0,0.995453,1,1
data\val\ai\ai_000482.png,1,ai,blur_s1.0,0.770724,1,1
data\val\ai\ai_000483.png,1,ai,blur_s1.0,0.830751,1,1
data\val\ai\ai_000484.png,1,ai,blur_s1.0,0.985313,1,1
data\val\ai\ai_000485.png,1,ai,blur_s1.0,0.934597,1,1
data\val\ai\ai_000486.png,1,ai,blur_s1.0,0.993351,1,1
data\val\ai\ai_000487.png,1,ai,blur_s1.0,0.981478,1,1
data\val\ai\ai_000488.png,1,ai,blur_s1.0,0.685226,1,1
data\val\ai\ai_000489.png,1,ai,blur_s1.0,0.983208,1,1
data\val\ai\ai_000490.png,1,ai,blur_s1.0,0.948071,1,1
data\val\ai\ai_000491.png,1,ai,blur_s1.0,0.958905,1,1
data\val\ai\ai_000492.png,1,ai,blur_s1.0,0.982862,1,1
data\val\ai\ai_000493.png,1,ai,blur_s1.0,0.944904,1,1
data\val\ai\ai_000494.png,1,ai,blur_s1.0,0.993908,1,1
data\val\ai\ai_000495.png,1,ai,blur_s1.0,0.974546,1,1
data\val\ai\ai_000496.png,1,ai,blur_s1.0,0.820208,1,1
data\val\ai\ai_000497.png,1,ai,blur_s1.0,0.986441,1,1
data\val\ai\ai_000498.png,1,ai,blur_s1.0,0.760229,1,1
data\val\ai\ai_000499.png,1,ai,blur_s1.0,0.996707,1,1
data\val\ai\ai_000500.png,1,ai,blur_s1.0,0.817960,1,1
data\val\real\000000000139.jpg,0,real,blur_s2.0,0.757228,1,0
data\val\real\000000000285.jpg,0,real,blur_s2.0,0.041987,0,1
data\val\real\000000000632.jpg,0,real,blur_s2.0,0.952043,1,0
data\val\real\000000000724.jpg,0,real,blur_s2.0,0.116248,0,1
data\val\real\000000000776.jpg,0,real,blur_s2.0,0.027603,0,1
data\val\real\000000000785.jpg,0,real,blur_s2.0,0.374018,0,1
data\val\real\000000000802.jpg,0,real,blur_s2.0,0.263575,0,1
data\val\real\000000000872.jpg,0,real,blur_s2.0,0.018530,0,1
data\val\real\000000000885.jpg,0,real,blur_s2.0,0.225284,0,1
data\val\real\000000001000.jpg,0,real,blur_s2.0,0.007502,0,1
data\val\real\000000001268.jpg,0,real,blur_s2.0,0.278934,0,1
data\val\real\000000001296.jpg,0,real,blur_s2.0,0.075427,0,1
data\val\real\000000001353.jpg,0,real,blur_s2.0,0.002675,0,1
data\val\real\000000001425.jpg,0,real,blur_s2.0,0.478820,0,1
data\val\real\000000001490.jpg,0,real,blur_s2.0,0.044719,0,1
data\val\real\000000001503.jpg,0,real,blur_s2.0,0.345518,0,1
data\val\real\000000001532.jpg,0,real,blur_s2.0,0.038531,0,1
data\val\real\000000001584.jpg,0,real,blur_s2.0,0.134671,0,1
data\val\real\000000001675.jpg,0,real,blur_s2.0,0.012042,0,1
data\val\real\000000001761.jpg,0,real,blur_s2.0,0.042713,0,1
data\val\real\000000001818.jpg,0,real,blur_s2.0,0.097928,0,1
data\val\real\000000001993.jpg,0,real,blur_s2.0,0.860754,1,0
data\val\real\000000002006.jpg,0,real,blur_s2.0,0.035385,0,1
data\val\real\000000002149.jpg,0,real,blur_s2.0,0.296751,0,1
data\val\real\000000002153.jpg,0,real,blur_s2.0,0.056570,0,1
data\val\real\000000002157.jpg,0,real,blur_s2.0,0.534778,1,0
data\val\real\000000002261.jpg,0,real,blur_s2.0,0.028849,0,1
data\val\real\000000002299.jpg,0,real,blur_s2.0,0.003982,0,1
data\val\real\000000002431.jpg,0,real,blur_s2.0,0.161043,0,1
data\val\real\000000002473.jpg,0,real,blur_s2.0,0.024339,0,1
data\val\real\000000002532.jpg,0,real,blur_s2.0,0.037609,0,1
data\val\real\000000002587.jpg,0,real,blur_s2.0,0.035794,0,1
data\val\real\000000002592.jpg,0,real,blur_s2.0,0.016379,0,1
data\val\real\000000002685.jpg,0,real,blur_s2.0,0.003249,0,1
data\val\real\000000002923.jpg,0,real,blur_s2.0,0.037138,0,1
data\val\real\000000003156.jpg,0,real,blur_s2.0,0.119778,0,1
data\val\real\000000003255.jpg,0,real,blur_s2.0,0.479989,0,1
data\val\real\000000003501.jpg,0,real,blur_s2.0,0.077219,0,1
data\val\real\000000003553.jpg,0,real,blur_s2.0,0.251266,0,1
data\val\real\000000003661.jpg,0,real,blur_s2.0,0.029272,0,1
data\val\real\000000003845.jpg,0,real,blur_s2.0,0.019200,0,1
data\val\real\000000003934.jpg,0,real,blur_s2.0,0.010454,0,1
data\val\real\000000004134.jpg,0,real,blur_s2.0,0.006462,0,1
data\val\real\000000004395.jpg,0,real,blur_s2.0,0.018104,0,1
data\val\real\000000004495.jpg,0,real,blur_s2.0,0.295966,0,1
data\val\real\000000004765.jpg,0,real,blur_s2.0,0.089123,0,1
data\val\real\000000004795.jpg,0,real,blur_s2.0,0.000644,0,1
data\val\real\000000005001.jpg,0,real,blur_s2.0,0.095621,0,1
data\val\real\000000005037.jpg,0,real,blur_s2.0,0.098766,0,1
data\val\real\000000005060.jpg,0,real,blur_s2.0,0.076208,0,1
data\val\real\000000005193.jpg,0,real,blur_s2.0,0.000351,0,1
data\val\real\000000005477.jpg,0,real,blur_s2.0,0.109204,0,1
data\val\real\000000005503.jpg,0,real,blur_s2.0,0.115050,0,1
data\val\real\000000005529.jpg,0,real,blur_s2.0,0.021409,0,1
data\val\real\000000005586.jpg,0,real,blur_s2.0,0.094968,0,1
data\val\real\000000005600.jpg,0,real,blur_s2.0,0.048079,0,1
data\val\real\000000005992.jpg,0,real,blur_s2.0,0.032470,0,1
data\val\real\000000006012.jpg,0,real,blur_s2.0,0.068699,0,1
data\val\real\000000006040.jpg,0,real,blur_s2.0,0.569214,1,0
data\val\real\000000006213.jpg,0,real,blur_s2.0,0.139093,0,1
data\val\real\000000006460.jpg,0,real,blur_s2.0,0.011431,0,1
data\val\real\000000006471.jpg,0,real,blur_s2.0,0.061203,0,1
data\val\real\000000006614.jpg,0,real,blur_s2.0,0.097560,0,1
data\val\real\000000006723.jpg,0,real,blur_s2.0,0.431962,0,1
data\val\real\000000006763.jpg,0,real,blur_s2.0,0.000234,0,1
data\val\real\000000006771.jpg,0,real,blur_s2.0,0.001806,0,1
data\val\real\000000006818.jpg,0,real,blur_s2.0,0.015865,0,1
data\val\real\000000006894.jpg,0,real,blur_s2.0,0.007235,0,1
data\val\real\000000006954.jpg,0,real,blur_s2.0,0.031803,0,1
data\val\real\000000007088.jpg,0,real,blur_s2.0,0.013632,0,1
data\val\real\000000007108.jpg,0,real,blur_s2.0,0.031031,0,1
data\val\real\000000007278.jpg,0,real,blur_s2.0,0.056696,0,1
data\val\real\000000007281.jpg,0,real,blur_s2.0,0.008217,0,1
data\val\real\000000007386.jpg,0,real,blur_s2.0,0.156621,0,1
data\val\real\000000007511.jpg,0,real,blur_s2.0,0.020491,0,1
data\val\real\000000007574.jpg,0,real,blur_s2.0,0.287537,0,1
data\val\real\000000007784.jpg,0,real,blur_s2.0,0.139487,0,1
data\val\real\000000007795.jpg,0,real,blur_s2.0,0.950503,1,0
data\val\real\000000007816.jpg,0,real,blur_s2.0,0.038314,0,1
data\val\real\000000007818.jpg,0,real,blur_s2.0,0.643280,1,0
data\val\real\000000007888.jpg,0,real,blur_s2.0,0.598003,1,0
data\val\real\000000007977.jpg,0,real,blur_s2.0,0.156075,0,1
data\val\real\000000007991.jpg,0,real,blur_s2.0,0.013497,0,1
data\val\real\000000008021.jpg,0,real,blur_s2.0,0.005876,0,1
data\val\real\000000008211.jpg,0,real,blur_s2.0,0.087099,0,1
data\val\real\000000008277.jpg,0,real,blur_s2.0,0.089481,0,1
data\val\real\000000008532.jpg,0,real,blur_s2.0,0.005243,0,1
data\val\real\000000008629.jpg,0,real,blur_s2.0,0.052703,0,1
data\val\real\000000008690.jpg,0,real,blur_s2.0,0.001232,0,1
data\val\real\000000008762.jpg,0,real,blur_s2.0,0.271898,0,1
data\val\real\000000008844.jpg,0,real,blur_s2.0,0.026499,0,1
data\val\real\000000008899.jpg,0,real,blur_s2.0,0.291627,0,1
data\val\real\000000009378.jpg,0,real,blur_s2.0,0.012722,0,1
data\val\real\000000009400.jpg,0,real,blur_s2.0,0.003904,0,1
data\val\real\000000009448.jpg,0,real,blur_s2.0,0.001597,0,1
data\val\real\000000009483.jpg,0,real,blur_s2.0,0.124345,0,1
data\val\real\000000009590.jpg,0,real,blur_s2.0,0.422434,0,1
data\val\real\000000009769.jpg,0,real,blur_s2.0,0.064610,0,1
data\val\real\000000009772.jpg,0,real,blur_s2.0,0.062717,0,1
data\val\real\000000009891.jpg,0,real,blur_s2.0,0.004374,0,1
data\val\real\000000009914.jpg,0,real,blur_s2.0,0.037693,0,1
data\val\real\000000010092.jpg,0,real,blur_s2.0,0.113886,0,1
data\val\real\000000010363.jpg,0,real,blur_s2.0,0.001097,0,1
data\val\real\000000010583.jpg,0,real,blur_s2.0,0.034954,0,1
data\val\real\000000010707.jpg,0,real,blur_s2.0,0.000642,0,1
data\val\real\000000010764.jpg,0,real,blur_s2.0,0.071310,0,1
data\val\real\000000010977.jpg,0,real,blur_s2.0,0.528756,1,0
data\val\real\000000010995.jpg,0,real,blur_s2.0,0.679752,1,0
data\val\real\000000011051.jpg,0,real,blur_s2.0,0.009038,0,1
data\val\real\000000011122.jpg,0,real,blur_s2.0,0.003726,0,1
data\val\real\000000011149.jpg,0,real,blur_s2.0,0.033005,0,1
data\val\real\000000011197.jpg,0,real,blur_s2.0,0.031153,0,1
data\val\real\000000011511.jpg,0,real,blur_s2.0,0.151245,0,1
data\val\real\000000011615.jpg,0,real,blur_s2.0,0.038178,0,1
data\val\real\000000011699.jpg,0,real,blur_s2.0,0.132801,0,1
data\val\real\000000011760.jpg,0,real,blur_s2.0,0.450097,0,1
data\val\real\000000011813.jpg,0,real,blur_s2.0,0.829612,1,0
data\val\real\000000012062.jpg,0,real,blur_s2.0,0.026334,0,1
data\val\real\000000012120.jpg,0,real,blur_s2.0,0.110170,0,1
data\val\real\000000012280.jpg,0,real,blur_s2.0,0.936818,1,0
data\val\real\000000012576.jpg,0,real,blur_s2.0,0.027108,0,1
data\val\real\000000012639.jpg,0,real,blur_s2.0,0.029483,0,1
data\val\real\000000012667.jpg,0,real,blur_s2.0,0.090775,0,1
data\val\real\000000012670.jpg,0,real,blur_s2.0,0.010282,0,1
data\val\real\000000012748.jpg,0,real,blur_s2.0,0.034301,0,1
data\val\real\000000013004.jpg,0,real,blur_s2.0,0.139105,0,1
data\val\real\000000013177.jpg,0,real,blur_s2.0,0.125639,0,1
data\val\real\000000013201.jpg,0,real,blur_s2.0,0.240135,0,1
data\val\real\000000013291.jpg,0,real,blur_s2.0,0.070497,0,1
data\val\real\000000013348.jpg,0,real,blur_s2.0,0.145767,0,1
data\val\real\000000013546.jpg,0,real,blur_s2.0,0.129679,0,1
data\val\real\000000013597.jpg,0,real,blur_s2.0,0.681031,1,0
data\val\real\000000013659.jpg,0,real,blur_s2.0,0.001519,0,1
data\val\real\000000013729.jpg,0,real,blur_s2.0,0.006375,0,1
data\val\real\000000013774.jpg,0,real,blur_s2.0,0.670413,1,0
data\val\real\000000013923.jpg,0,real,blur_s2.0,0.746343,1,0
data\val\real\000000014007.jpg,0,real,blur_s2.0,0.203292,0,1
data\val\real\000000014038.jpg,0,real,blur_s2.0,0.714612,1,0
data\val\real\000000014226.jpg,0,real,blur_s2.0,0.289666,0,1
data\val\real\000000014380.jpg,0,real,blur_s2.0,0.461080,0,1
data\val\real\000000014439.jpg,0,real,blur_s2.0,0.077149,0,1
data\val\real\000000014473.jpg,0,real,blur_s2.0,0.108494,0,1
data\val\real\000000014831.jpg,0,real,blur_s2.0,0.006355,0,1
data\val\real\000000014888.jpg,0,real,blur_s2.0,0.043374,0,1
data\val\real\000000015079.jpg,0,real,blur_s2.0,0.493741,0,1
data\val\real\000000015254.jpg,0,real,blur_s2.0,0.034843,0,1
data\val\real\000000015272.jpg,0,real,blur_s2.0,0.353292,0,1
data\val\real\000000015278.jpg,0,real,blur_s2.0,0.016959,0,1
data\val\real\000000015335.jpg,0,real,blur_s2.0,0.001437,0,1
data\val\real\000000015338.jpg,0,real,blur_s2.0,0.148121,0,1
data\val\real\000000015440.jpg,0,real,blur_s2.0,0.717429,1,0
data\val\real\000000015497.jpg,0,real,blur_s2.0,0.002114,0,1
data\val\real\000000015517.jpg,0,real,blur_s2.0,0.120717,0,1
data\val\real\000000015597.jpg,0,real,blur_s2.0,0.029701,0,1
data\val\real\000000015660.jpg,0,real,blur_s2.0,0.090261,0,1
data\val\real\000000015746.jpg,0,real,blur_s2.0,0.072251,0,1
data\val\real\000000015751.jpg,0,real,blur_s2.0,0.131161,0,1
data\val\real\000000015956.jpg,0,real,blur_s2.0,0.013443,0,1
data\val\real\000000016010.jpg,0,real,blur_s2.0,0.003313,0,1
data\val\real\000000016228.jpg,0,real,blur_s2.0,0.430928,0,1
data\val\real\000000016249.jpg,0,real,blur_s2.0,0.152580,0,1
data\val\real\000000016439.jpg,0,real,blur_s2.0,0.363246,0,1
data\val\real\000000016451.jpg,0,real,blur_s2.0,0.161135,0,1
data\val\real\000000016502.jpg,0,real,blur_s2.0,0.128367,0,1
data\val\real\000000016598.jpg,0,real,blur_s2.0,0.006512,0,1
data\val\real\000000016958.jpg,0,real,blur_s2.0,0.281147,0,1
data\val\real\000000017029.jpg,0,real,blur_s2.0,0.020593,0,1
data\val\real\000000017031.jpg,0,real,blur_s2.0,0.629976,1,0
data\val\real\000000017115.jpg,0,real,blur_s2.0,0.477221,0,1
data\val\real\000000017178.jpg,0,real,blur_s2.0,0.437697,0,1
data\val\real\000000017182.jpg,0,real,blur_s2.0,0.246409,0,1
data\val\real\000000017207.jpg,0,real,blur_s2.0,0.011596,0,1
data\val\real\000000017379.jpg,0,real,blur_s2.0,0.461106,0,1
data\val\real\000000017436.jpg,0,real,blur_s2.0,0.016075,0,1
data\val\real\000000017627.jpg,0,real,blur_s2.0,0.003685,0,1
data\val\real\000000017714.jpg,0,real,blur_s2.0,0.039501,0,1
data\val\real\000000017899.jpg,0,real,blur_s2.0,0.006380,0,1
data\val\real\000000017905.jpg,0,real,blur_s2.0,0.000624,0,1
data\val\real\000000017959.jpg,0,real,blur_s2.0,0.027239,0,1
data\val\real\000000018150.jpg,0,real,blur_s2.0,0.002968,0,1
data\val\real\000000018193.jpg,0,real,blur_s2.0,0.000539,0,1
data\val\real\000000018380.jpg,0,real,blur_s2.0,0.212127,0,1
data\val\real\000000018491.jpg,0,real,blur_s2.0,0.134294,0,1
data\val\real\000000018519.jpg,0,real,blur_s2.0,0.143392,0,1
data\val\real\000000018575.jpg,0,real,blur_s2.0,0.017003,0,1
data\val\real\000000018737.jpg,0,real,blur_s2.0,0.017495,0,1
data\val\real\000000018770.jpg,0,real,blur_s2.0,0.034587,0,1
data\val\real\000000018833.jpg,0,real,blur_s2.0,0.023771,0,1
data\val\real\000000018837.jpg,0,real,blur_s2.0,0.043303,0,1
data\val\real\000000019042.jpg,0,real,blur_s2.0,0.126196,0,1
data\val\real\000000019109.jpg,0,real,blur_s2.0,0.276214,0,1
data\val\real\000000019221.jpg,0,real,blur_s2.0,0.011215,0,1
data\val\real\000000019402.jpg,0,real,blur_s2.0,0.000423,0,1
data\val\real\000000019432.jpg,0,real,blur_s2.0,0.159152,0,1
data\val\real\000000019742.jpg,0,real,blur_s2.0,0.133803,0,1
data\val\real\000000019786.jpg,0,real,blur_s2.0,0.011031,0,1
data\val\real\000000019924.jpg,0,real,blur_s2.0,0.105267,0,1
data\val\real\000000020059.jpg,0,real,blur_s2.0,0.094511,0,1
data\val\real\000000020107.jpg,0,real,blur_s2.0,0.189672,0,1
data\val\real\000000020247.jpg,0,real,blur_s2.0,0.221402,0,1
data\val\real\000000020333.jpg,0,real,blur_s2.0,0.068653,0,1
data\val\real\000000020553.jpg,0,real,blur_s2.0,0.008053,0,1
data\val\real\000000020571.jpg,0,real,blur_s2.0,0.385597,0,1
data\val\real\000000020992.jpg,0,real,blur_s2.0,0.048451,0,1
data\val\real\000000021167.jpg,0,real,blur_s2.0,0.002862,0,1
data\val\real\000000021465.jpg,0,real,blur_s2.0,0.021326,0,1
data\val\real\000000021503.jpg,0,real,blur_s2.0,0.015586,0,1
data\val\real\000000021604.jpg,0,real,blur_s2.0,0.858260,1,0
data\val\real\000000021839.jpg,0,real,blur_s2.0,0.001844,0,1
data\val\real\000000021879.jpg,0,real,blur_s2.0,0.022477,0,1
data\val\real\000000021903.jpg,0,real,blur_s2.0,0.033919,0,1
data\val\real\000000022192.jpg,0,real,blur_s2.0,0.003654,0,1
data\val\real\000000022371.jpg,0,real,blur_s2.0,0.584652,1,0
data\val\real\000000022396.jpg,0,real,blur_s2.0,0.017853,0,1
data\val\real\000000022479.jpg,0,real,blur_s2.0,0.011724,0,1
data\val\real\000000022589.jpg,0,real,blur_s2.0,0.014792,0,1
data\val\real\000000022623.jpg,0,real,blur_s2.0,0.251997,0,1
data\val\real\000000022705.jpg,0,real,blur_s2.0,0.001323,0,1
data\val\real\000000022755.jpg,0,real,blur_s2.0,0.499359,0,1
data\val\real\000000022892.jpg,0,real,blur_s2.0,0.301347,0,1
data\val\real\000000022935.jpg,0,real,blur_s2.0,0.191667,0,1
data\val\real\000000022969.jpg,0,real,blur_s2.0,0.044502,0,1
data\val\real\000000023023.jpg,0,real,blur_s2.0,0.450230,0,1
data\val\real\000000023034.jpg,0,real,blur_s2.0,0.007670,0,1
data\val\real\000000023126.jpg,0,real,blur_s2.0,0.205746,0,1
data\val\real\000000023230.jpg,0,real,blur_s2.0,0.034236,0,1
data\val\real\000000023272.jpg,0,real,blur_s2.0,0.019484,0,1
data\val\real\000000023359.jpg,0,real,blur_s2.0,0.125668,0,1
data\val\real\000000023666.jpg,0,real,blur_s2.0,0.037966,0,1
data\val\real\000000023751.jpg,0,real,blur_s2.0,0.003863,0,1
data\val\real\000000023781.jpg,0,real,blur_s2.0,0.099700,0,1
data\val\real\000000023899.jpg,0,real,blur_s2.0,0.031144,0,1
data\val\real\000000023937.jpg,0,real,blur_s2.0,0.329120,0,1
data\val\real\000000024021.jpg,0,real,blur_s2.0,0.006223,0,1
data\val\real\000000024027.jpg,0,real,blur_s2.0,0.002285,0,1
data\val\real\000000024144.jpg,0,real,blur_s2.0,0.138099,0,1
data\val\real\000000024243.jpg,0,real,blur_s2.0,0.009914,0,1
data\val\real\000000024567.jpg,0,real,blur_s2.0,0.003862,0,1
data\val\real\000000024610.jpg,0,real,blur_s2.0,0.084048,0,1
data\val\real\000000024919.jpg,0,real,blur_s2.0,0.124142,0,1
data\val\real\000000025057.jpg,0,real,blur_s2.0,0.015436,0,1
data\val\real\000000025096.jpg,0,real,blur_s2.0,0.011067,0,1
data\val\real\000000025139.jpg,0,real,blur_s2.0,0.096433,0,1
data\val\real\000000025181.jpg,0,real,blur_s2.0,0.723853,1,0
data\val\real\000000025228.jpg,0,real,blur_s2.0,0.034796,0,1
data\val\real\000000025386.jpg,0,real,blur_s2.0,0.008612,0,1
data\val\real\000000025393.jpg,0,real,blur_s2.0,0.000282,0,1
data\val\real\000000025394.jpg,0,real,blur_s2.0,0.008466,0,1
data\val\real\000000025424.jpg,0,real,blur_s2.0,0.110265,0,1
data\val\real\000000025560.jpg,0,real,blur_s2.0,0.004884,0,1
data\val\real\000000025593.jpg,0,real,blur_s2.0,0.037393,0,1
data\val\real\000000025603.jpg,0,real,blur_s2.0,0.005276,0,1
data\val\real\000000025986.jpg,0,real,blur_s2.0,0.007111,0,1
data\val\real\000000026204.jpg,0,real,blur_s2.0,0.095486,0,1
data\val\real\000000026465.jpg,0,real,blur_s2.0,0.090646,0,1
data\val\real\000000026564.jpg,0,real,blur_s2.0,0.181609,0,1
data\val\real\000000026690.jpg,0,real,blur_s2.0,0.023758,0,1
data\val\real\000000026926.jpg,0,real,blur_s2.0,0.153744,0,1
data\val\real\000000026941.jpg,0,real,blur_s2.0,0.675801,1,0
data\val\real\000000027186.jpg,0,real,blur_s2.0,0.018136,0,1
data\val\real\000000027620.jpg,0,real,blur_s2.0,0.020771,0,1
data\val\real\000000027696.jpg,0,real,blur_s2.0,0.004628,0,1
data\val\real\000000027768.jpg,0,real,blur_s2.0,0.075655,0,1
data\val\real\000000027932.jpg,0,real,blur_s2.0,0.075847,0,1
data\val\real\000000027972.jpg,0,real,blur_s2.0,0.093643,0,1
data\val\real\000000027982.jpg,0,real,blur_s2.0,0.185994,0,1
data\val\real\000000028285.jpg,0,real,blur_s2.0,0.066910,0,1
data\val\real\000000028449.jpg,0,real,blur_s2.0,0.465011,0,1
data\val\real\000000028452.jpg,0,real,blur_s2.0,0.607676,1,0
data\val\real\000000028809.jpg,0,real,blur_s2.0,0.221126,0,1
data\val\real\000000028993.jpg,0,real,blur_s2.0,0.388603,0,1
data\val\real\000000029187.jpg,0,real,blur_s2.0,0.003516,0,1
data\val\real\000000029393.jpg,0,real,blur_s2.0,0.017991,0,1
data\val\real\000000029397.jpg,0,real,blur_s2.0,0.040687,0,1
data\val\real\000000029596.jpg,0,real,blur_s2.0,0.903222,1,0
data\val\real\000000029640.jpg,0,real,blur_s2.0,0.100376,0,1
data\val\real\000000029675.jpg,0,real,blur_s2.0,0.116299,0,1
data\val\real\000000029984.jpg,0,real,blur_s2.0,0.014107,0,1
data\val\real\000000030213.jpg,0,real,blur_s2.0,0.584051,1,0
data\val\real\000000030494.jpg,0,real,blur_s2.0,0.006225,0,1
data\val\real\000000030504.jpg,0,real,blur_s2.0,0.155240,0,1
data\val\real\000000030675.jpg,0,real,blur_s2.0,0.339718,0,1
data\val\real\000000030785.jpg,0,real,blur_s2.0,0.153794,0,1
data\val\real\000000030828.jpg,0,real,blur_s2.0,0.157270,0,1
data\val\real\000000031050.jpg,0,real,blur_s2.0,0.176553,0,1
data\val\real\000000031093.jpg,0,real,blur_s2.0,0.109138,0,1
data\val\real\000000031118.jpg,0,real,blur_s2.0,0.239792,0,1
data\val\real\000000031217.jpg,0,real,blur_s2.0,0.087326,0,1
data\val\real\000000031248.jpg,0,real,blur_s2.0,0.311218,0,1
data\val\real\000000031269.jpg,0,real,blur_s2.0,0.020810,0,1
data\val\real\000000031296.jpg,0,real,blur_s2.0,0.016202,0,1
data\val\real\000000031322.jpg,0,real,blur_s2.0,0.060223,0,1
data\val\real\000000031620.jpg,0,real,blur_s2.0,0.001132,0,1
data\val\real\000000031735.jpg,0,real,blur_s2.0,0.012448,0,1
data\val\real\000000031749.jpg,0,real,blur_s2.0,0.146663,0,1
data\val\real\000000031817.jpg,0,real,blur_s2.0,0.007565,0,1
data\val\real\000000032038.jpg,0,real,blur_s2.0,0.188236,0,1
data\val\real\000000032081.jpg,0,real,blur_s2.0,0.128101,0,1
data\val\real\000000032285.jpg,0,real,blur_s2.0,0.713033,1,0
data\val\real\000000032334.jpg,0,real,blur_s2.0,0.001224,0,1
data\val\real\000000032570.jpg,0,real,blur_s2.0,0.703335,1,0
data\val\real\000000032610.jpg,0,real,blur_s2.0,0.175251,0,1
data\val\real\000000032735.jpg,0,real,blur_s2.0,0.212896,0,1
data\val\real\000000032811.jpg,0,real,blur_s2.0,0.202206,0,1
data\val\real\000000032817.jpg,0,real,blur_s2.0,0.014969,0,1
data\val\real\000000032861.jpg,0,real,blur_s2.0,0.091669,0,1
data\val\real\000000032887.jpg,0,real,blur_s2.0,0.024691,0,1
data\val\real\000000032901.jpg,0,real,blur_s2.0,0.000143,0,1
data\val\real\000000032941.jpg,0,real,blur_s2.0,0.043311,0,1
data\val\real\000000033005.jpg,0,real,blur_s2.0,0.275902,0,1
data\val\real\000000033104.jpg,0,real,blur_s2.0,0.016163,0,1
data\val\real\000000033109.jpg,0,real,blur_s2.0,0.039664,0,1
data\val\real\000000033114.jpg,0,real,blur_s2.0,0.155220,0,1
data\val\real\000000033221.jpg,0,real,blur_s2.0,0.001944,0,1
data\val\real\000000033368.jpg,0,real,blur_s2.0,0.523931,1,0
data\val\real\000000033638.jpg,0,real,blur_s2.0,0.091565,0,1
data\val\real\000000033707.jpg,0,real,blur_s2.0,0.106058,0,1
data\val\real\000000033759.jpg,0,real,blur_s2.0,0.042952,0,1
data\val\real\000000033854.jpg,0,real,blur_s2.0,0.116899,0,1
data\val\real\000000034071.jpg,0,real,blur_s2.0,0.572182,1,0
data\val\real\000000034139.jpg,0,real,blur_s2.0,0.088205,0,1
data\val\real\000000034205.jpg,0,real,blur_s2.0,0.118235,0,1
data\val\real\000000034257.jpg,0,real,blur_s2.0,0.441771,0,1
data\val\real\000000034417.jpg,0,real,blur_s2.0,0.324799,0,1
data\val\real\000000034452.jpg,0,real,blur_s2.0,0.000694,0,1
data\val\real\000000034760.jpg,0,real,blur_s2.0,0.075238,0,1
data\val\real\000000034873.jpg,0,real,blur_s2.0,0.210369,0,1
data\val\real\000000035062.jpg,0,real,blur_s2.0,0.097131,0,1
data\val\real\000000035197.jpg,0,real,blur_s2.0,0.148597,0,1
data\val\real\000000035279.jpg,0,real,blur_s2.0,0.378785,0,1
data\val\real\000000035326.jpg,0,real,blur_s2.0,0.081449,0,1
data\val\real\000000035682.jpg,0,real,blur_s2.0,0.041055,0,1
data\val\real\000000035770.jpg,0,real,blur_s2.0,0.112256,0,1
data\val\real\000000035963.jpg,0,real,blur_s2.0,0.000531,0,1
data\val\real\000000036494.jpg,0,real,blur_s2.0,0.562553,1,0
data\val\real\000000036539.jpg,0,real,blur_s2.0,0.048594,0,1
data\val\real\000000036660.jpg,0,real,blur_s2.0,0.214094,0,1
data\val\real\000000036678.jpg,0,real,blur_s2.0,0.027045,0,1
data\val\real\000000036844.jpg,0,real,blur_s2.0,0.512645,1,0
data\val\real\000000036861.jpg,0,real,blur_s2.0,0.174448,0,1
data\val\real\000000036936.jpg,0,real,blur_s2.0,0.011982,0,1
data\val\real\000000037670.jpg,0,real,blur_s2.0,0.658991,1,0
data\val\real\000000037689.jpg,0,real,blur_s2.0,0.067987,0,1
data\val\real\000000037740.jpg,0,real,blur_s2.0,0.502878,1,0
data\val\real\000000037751.jpg,0,real,blur_s2.0,0.033595,0,1
data\val\real\000000037777.jpg,0,real,blur_s2.0,0.878219,1,0
data\val\real\000000037988.jpg,0,real,blur_s2.0,0.029699,0,1
data\val\real\000000038048.jpg,0,real,blur_s2.0,0.055857,0,1
data\val\real\000000038070.jpg,0,real,blur_s2.0,0.331792,0,1
data\val\real\000000038118.jpg,0,real,blur_s2.0,0.573246,1,0
data\val\real\000000038210.jpg,0,real,blur_s2.0,0.136889,0,1
data\val\real\000000038576.jpg,0,real,blur_s2.0,0.485359,0,1
data\val\real\000000038678.jpg,0,real,blur_s2.0,0.006021,0,1
data\val\real\000000038825.jpg,0,real,blur_s2.0,0.122063,0,1
data\val\real\000000038829.jpg,0,real,blur_s2.0,0.076459,0,1
data\val\real\000000039405.jpg,0,real,blur_s2.0,0.100117,0,1
data\val\real\000000039477.jpg,0,real,blur_s2.0,0.724783,1,0
data\val\real\000000039480.jpg,0,real,blur_s2.0,0.082357,0,1
data\val\real\000000039484.jpg,0,real,blur_s2.0,0.310981,0,1
data\val\real\000000039551.jpg,0,real,blur_s2.0,0.689206,1,0
data\val\real\000000039670.jpg,0,real,blur_s2.0,0.191796,0,1
data\val\real\000000039769.jpg,0,real,blur_s2.0,0.002058,0,1
data\val\real\000000039785.jpg,0,real,blur_s2.0,0.086395,0,1
data\val\real\000000039914.jpg,0,real,blur_s2.0,0.004940,0,1
data\val\real\000000039951.jpg,0,real,blur_s2.0,0.025043,0,1
data\val\real\000000039956.jpg,0,real,blur_s2.0,0.739254,1,0
data\val\real\000000040036.jpg,0,real,blur_s2.0,0.123436,0,1
data\val\real\000000040083.jpg,0,real,blur_s2.0,0.014352,0,1
data\val\real\000000040471.jpg,0,real,blur_s2.0,0.151516,0,1
data\val\real\000000040757.jpg,0,real,blur_s2.0,0.018691,0,1
data\val\real\000000041488.jpg,0,real,blur_s2.0,0.153077,0,1
data\val\real\000000041633.jpg,0,real,blur_s2.0,0.482174,0,1
data\val\real\000000041635.jpg,0,real,blur_s2.0,0.028085,0,1
data\val\real\000000041872.jpg,0,real,blur_s2.0,0.270178,0,1
data\val\real\000000041888.jpg,0,real,blur_s2.0,0.028686,0,1
data\val\real\000000041990.jpg,0,real,blur_s2.0,0.002990,0,1
data\val\real\000000042070.jpg,0,real,blur_s2.0,0.157370,0,1
data\val\real\000000042102.jpg,0,real,blur_s2.0,0.008196,0,1
data\val\real\000000042178.jpg,0,real,blur_s2.0,0.910278,1,0
data\val\real\000000042276.jpg,0,real,blur_s2.0,0.024967,0,1
data\val\real\000000042296.jpg,0,real,blur_s2.0,0.020558,0,1
data\val\real\000000042528.jpg,0,real,blur_s2.0,0.021446,0,1
data\val\real\000000042563.jpg,0,real,blur_s2.0,0.144128,0,1
data\val\real\000000042628.jpg,0,real,blur_s2.0,0.075864,0,1
data\val\real\000000042888.jpg,0,real,blur_s2.0,0.017147,0,1
data\val\real\000000042889.jpg,0,real,blur_s2.0,0.003774,0,1
data\val\real\000000043314.jpg,0,real,blur_s2.0,0.228158,0,1
data\val\real\000000043435.jpg,0,real,blur_s2.0,0.186002,0,1
data\val\real\000000043581.jpg,0,real,blur_s2.0,0.102928,0,1
data\val\real\000000043737.jpg,0,real,blur_s2.0,0.339909,0,1
data\val\real\000000043816.jpg,0,real,blur_s2.0,0.011892,0,1
data\val\real\000000044068.jpg,0,real,blur_s2.0,0.015086,0,1
data\val\real\000000044195.jpg,0,real,blur_s2.0,0.037397,0,1
data\val\real\000000044260.jpg,0,real,blur_s2.0,0.717003,1,0
data\val\real\000000044279.jpg,0,real,blur_s2.0,0.124976,0,1
data\val\real\000000044590.jpg,0,real,blur_s2.0,0.031923,0,1
data\val\real\000000044652.jpg,0,real,blur_s2.0,0.032050,0,1
data\val\real\000000044699.jpg,0,real,blur_s2.0,0.113683,0,1
data\val\real\000000044877.jpg,0,real,blur_s2.0,0.207607,0,1
data\val\real\000000045070.jpg,0,real,blur_s2.0,0.061206,0,1
data\val\real\000000045090.jpg,0,real,blur_s2.0,0.073560,0,1
data\val\real\000000045229.jpg,0,real,blur_s2.0,0.978654,1,0
data\val\real\000000045472.jpg,0,real,blur_s2.0,0.046849,0,1
data\val\real\000000045550.jpg,0,real,blur_s2.0,0.002251,0,1
data\val\real\000000045596.jpg,0,real,blur_s2.0,0.498146,0,1
data\val\real\000000045728.jpg,0,real,blur_s2.0,0.074095,0,1
data\val\real\000000046031.jpg,0,real,blur_s2.0,0.390325,0,1
data\val\real\000000046048.jpg,0,real,blur_s2.0,0.033298,0,1
data\val\real\000000046252.jpg,0,real,blur_s2.0,0.478700,0,1
data\val\real\000000046378.jpg,0,real,blur_s2.0,0.007201,0,1
data\val\real\000000046463.jpg,0,real,blur_s2.0,0.026062,0,1
data\val\real\000000046497.jpg,0,real,blur_s2.0,0.042733,0,1
data\val\real\000000046804.jpg,0,real,blur_s2.0,0.009760,0,1
data\val\real\000000046872.jpg,0,real,blur_s2.0,0.795352,1,0
data\val\real\000000047010.jpg,0,real,blur_s2.0,0.173020,0,1
data\val\real\000000047112.jpg,0,real,blur_s2.0,0.189645,0,1
data\val\real\000000047121.jpg,0,real,blur_s2.0,0.002368,0,1
data\val\real\000000047571.jpg,0,real,blur_s2.0,0.227766,0,1
data\val\real\000000047585.jpg,0,real,blur_s2.0,0.001598,0,1
data\val\real\000000047740.jpg,0,real,blur_s2.0,0.001598,0,1
data\val\real\000000047769.jpg,0,real,blur_s2.0,0.203968,0,1
data\val\real\000000047801.jpg,0,real,blur_s2.0,0.017787,0,1
data\val\real\000000047819.jpg,0,real,blur_s2.0,0.008278,0,1
data\val\real\000000047828.jpg,0,real,blur_s2.0,0.543347,1,0
data\val\real\000000048153.jpg,0,real,blur_s2.0,0.006583,0,1
data\val\real\000000048396.jpg,0,real,blur_s2.0,0.000811,0,1
data\val\real\000000048504.jpg,0,real,blur_s2.0,0.618311,1,0
data\val\real\000000048555.jpg,0,real,blur_s2.0,0.476115,0,1
data\val\real\000000048564.jpg,0,real,blur_s2.0,0.023516,0,1
data\val\real\000000048924.jpg,0,real,blur_s2.0,0.977974,1,0
data\val\real\000000049060.jpg,0,real,blur_s2.0,0.005264,0,1
data\val\real\000000049091.jpg,0,real,blur_s2.0,0.156286,0,1
data\val\real\000000049259.jpg,0,real,blur_s2.0,0.044681,0,1
data\val\real\000000049269.jpg,0,real,blur_s2.0,0.061787,0,1
data\val\real\000000049759.jpg,0,real,blur_s2.0,0.541657,1,0
data\val\real\000000049761.jpg,0,real,blur_s2.0,0.010019,0,1
data\val\real\000000049810.jpg,0,real,blur_s2.0,0.261733,0,1
data\val\real\000000050006.jpg,0,real,blur_s2.0,0.164945,0,1
data\val\real\000000050145.jpg,0,real,blur_s2.0,0.010766,0,1
data\val\real\000000050149.jpg,0,real,blur_s2.0,0.031507,0,1
data\val\real\000000050165.jpg,0,real,blur_s2.0,0.674906,1,0
data\val\real\000000050326.jpg,0,real,blur_s2.0,0.001649,0,1
data\val\real\000000050331.jpg,0,real,blur_s2.0,0.041101,0,1
data\val\real\000000050380.jpg,0,real,blur_s2.0,0.020985,0,1
data\val\real\000000050638.jpg,0,real,blur_s2.0,0.487791,0,1
data\val\real\000000050679.jpg,0,real,blur_s2.0,0.497597,0,1
data\val\real\000000050811.jpg,0,real,blur_s2.0,0.000880,0,1
data\val\real\000000050828.jpg,0,real,blur_s2.0,0.241505,0,1
data\val\real\000000050844.jpg,0,real,blur_s2.0,0.133623,0,1
data\val\real\000000050896.jpg,0,real,blur_s2.0,0.068820,0,1
data\val\real\000000050943.jpg,0,real,blur_s2.0,0.189678,0,1
data\val\real\000000051008.jpg,0,real,blur_s2.0,0.000804,0,1
data\val\real\000000051309.jpg,0,real,blur_s2.0,0.129827,0,1
data\val\real\000000051314.jpg,0,real,blur_s2.0,0.058071,0,1
data\val\real\000000051326.jpg,0,real,blur_s2.0,0.065937,0,1
data\val\real\000000051598.jpg,0,real,blur_s2.0,0.159806,0,1
data\val\real\000000051610.jpg,0,real,blur_s2.0,0.267528,0,1
data\val\real\000000051712.jpg,0,real,blur_s2.0,0.596811,1,0
data\val\real\000000051738.jpg,0,real,blur_s2.0,0.509276,1,0
data\val\real\000000051938.jpg,0,real,blur_s2.0,0.089332,0,1
data\val\real\000000051961.jpg,0,real,blur_s2.0,0.171098,0,1
data\val\real\000000051976.jpg,0,real,blur_s2.0,0.342486,0,1
data\val\real\000000052007.jpg,0,real,blur_s2.0,0.096293,0,1
data\val\real\000000052017.jpg,0,real,blur_s2.0,0.086341,0,1
data\val\real\000000052412.jpg,0,real,blur_s2.0,0.503581,1,0
data\val\real\000000052413.jpg,0,real,blur_s2.0,0.001637,0,1
data\val\real\000000052462.jpg,0,real,blur_s2.0,0.438429,0,1
data\val\real\000000052507.jpg,0,real,blur_s2.0,0.115045,0,1
data\val\real\000000052565.jpg,0,real,blur_s2.0,0.040563,0,1
data\val\real\000000052591.jpg,0,real,blur_s2.0,0.012324,0,1
data\val\real\000000052891.jpg,0,real,blur_s2.0,0.029650,0,1
data\val\real\000000052996.jpg,0,real,blur_s2.0,0.093788,0,1
data\val\real\000000053505.jpg,0,real,blur_s2.0,0.171833,0,1
data\val\real\000000053529.jpg,0,real,blur_s2.0,0.051324,0,1
data\val\real\000000053624.jpg,0,real,blur_s2.0,0.127615,0,1
data\val\real\000000053626.jpg,0,real,blur_s2.0,0.022598,0,1
data\val\real\000000053909.jpg,0,real,blur_s2.0,0.129342,0,1
data\val\real\000000053994.jpg,0,real,blur_s2.0,0.138272,0,1
data\val\real\000000054123.jpg,0,real,blur_s2.0,0.435656,0,1
data\val\real\000000054164.jpg,0,real,blur_s2.0,0.034231,0,1
data\val\real\000000054592.jpg,0,real,blur_s2.0,0.047781,0,1
data\val\real\000000054593.jpg,0,real,blur_s2.0,0.040624,0,1
data\val\real\000000054605.jpg,0,real,blur_s2.0,0.026871,0,1
data\val\real\000000054628.jpg,0,real,blur_s2.0,0.014593,0,1
data\val\real\000000054654.jpg,0,real,blur_s2.0,0.006327,0,1
data\val\real\000000054931.jpg,0,real,blur_s2.0,0.650734,1,0
data\val\real\000000054967.jpg,0,real,blur_s2.0,0.532225,1,0
data\val\real\000000055002.jpg,0,real,blur_s2.0,0.046256,0,1
data\val\real\000000055022.jpg,0,real,blur_s2.0,0.359567,0,1
data\val\real\000000055072.jpg,0,real,blur_s2.0,0.226329,0,1
data\val\real\000000055150.jpg,0,real,blur_s2.0,0.141715,0,1
data\val\real\000000055167.jpg,0,real,blur_s2.0,0.017923,0,1
data\val\real\000000055299.jpg,0,real,blur_s2.0,0.190550,0,1
data\val\real\000000055528.jpg,0,real,blur_s2.0,0.003547,0,1
data\val\real\000000055950.jpg,0,real,blur_s2.0,0.070566,0,1
data\val\real\000000056127.jpg,0,real,blur_s2.0,0.489154,0,1
data\val\real\000000056288.jpg,0,real,blur_s2.0,0.036340,0,1
data\val\real\000000056344.jpg,0,real,blur_s2.0,0.532410,1,0
data\val\real\000000056350.jpg,0,real,blur_s2.0,0.235522,0,1
data\val\real\000000056545.jpg,0,real,blur_s2.0,0.008732,0,1
data\val\ai\ai_000001.png,1,ai,blur_s2.0,0.981111,1,1
data\val\ai\ai_000002.png,1,ai,blur_s2.0,0.994331,1,1
data\val\ai\ai_000003.png,1,ai,blur_s2.0,0.912183,1,1
data\val\ai\ai_000004.png,1,ai,blur_s2.0,0.976912,1,1
data\val\ai\ai_000005.png,1,ai,blur_s2.0,0.984666,1,1
data\val\ai\ai_000006.png,1,ai,blur_s2.0,0.956284,1,1
data\val\ai\ai_000007.png,1,ai,blur_s2.0,0.942240,1,1
data\val\ai\ai_000008.png,1,ai,blur_s2.0,0.828579,1,1
data\val\ai\ai_000009.png,1,ai,blur_s2.0,0.874459,1,1
data\val\ai\ai_000010.png,1,ai,blur_s2.0,0.816955,1,1
data\val\ai\ai_000011.png,1,ai,blur_s2.0,0.983117,1,1
data\val\ai\ai_000012.png,1,ai,blur_s2.0,0.956065,1,1
data\val\ai\ai_000013.png,1,ai,blur_s2.0,0.991376,1,1
data\val\ai\ai_000014.png,1,ai,blur_s2.0,0.987369,1,1
data\val\ai\ai_000015.png,1,ai,blur_s2.0,0.949031,1,1
data\val\ai\ai_000016.png,1,ai,blur_s2.0,0.862515,1,1
data\val\ai\ai_000017.png,1,ai,blur_s2.0,0.836892,1,1
data\val\ai\ai_000018.png,1,ai,blur_s2.0,0.992218,1,1
data\val\ai\ai_000019.png,1,ai,blur_s2.0,0.685080,1,1
data\val\ai\ai_000020.png,1,ai,blur_s2.0,0.929376,1,1
data\val\ai\ai_000021.png,1,ai,blur_s2.0,0.997321,1,1
data\val\ai\ai_000022.png,1,ai,blur_s2.0,0.470296,0,0
data\val\ai\ai_000023.png,1,ai,blur_s2.0,0.943594,1,1
data\val\ai\ai_000024.png,1,ai,blur_s2.0,0.958863,1,1
data\val\ai\ai_000025.png,1,ai,blur_s2.0,0.939419,1,1
data\val\ai\ai_000026.png,1,ai,blur_s2.0,0.517110,1,1
data\val\ai\ai_000027.png,1,ai,blur_s2.0,0.910075,1,1
data\val\ai\ai_000028.png,1,ai,blur_s2.0,0.955511,1,1
data\val\ai\ai_000029.png,1,ai,blur_s2.0,0.974639,1,1
data\val\ai\ai_000030.png,1,ai,blur_s2.0,0.450741,0,0
data\val\ai\ai_000031.png,1,ai,blur_s2.0,0.577730,1,1
data\val\ai\ai_000032.png,1,ai,blur_s2.0,0.640367,1,1
data\val\ai\ai_000033.png,1,ai,blur_s2.0,0.978844,1,1
data\val\ai\ai_000034.png,1,ai,blur_s2.0,0.988244,1,1
data\val\ai\ai_000035.png,1,ai,blur_s2.0,0.997763,1,1
data\val\ai\ai_000036.png,1,ai,blur_s2.0,0.979930,1,1
data\val\ai\ai_000037.png,1,ai,blur_s2.0,0.988129,1,1
data\val\ai\ai_000038.png,1,ai,blur_s2.0,0.924192,1,1
data\val\ai\ai_000039.png,1,ai,blur_s2.0,0.986298,1,1
data\val\ai\ai_000040.png,1,ai,blur_s2.0,0.091363,0,0
data\val\ai\ai_000041.png,1,ai,blur_s2.0,0.998767,1,1
data\val\ai\ai_000042.png,1,ai,blur_s2.0,0.995806,1,1
data\val\ai\ai_000043.png,1,ai,blur_s2.0,0.999010,1,1
data\val\ai\ai_000044.png,1,ai,blur_s2.0,0.878363,1,1
data\val\ai\ai_000045.png,1,ai,blur_s2.0,0.996113,1,1
data\val\ai\ai_000046.png,1,ai,blur_s2.0,0.781958,1,1
data\val\ai\ai_000047.png,1,ai,blur_s2.0,0.925849,1,1
data\val\ai\ai_000048.png,1,ai,blur_s2.0,0.917639,1,1
data\val\ai\ai_000049.png,1,ai,blur_s2.0,0.971501,1,1
data\val\ai\ai_000050.png,1,ai,blur_s2.0,0.941934,1,1
data\val\ai\ai_000051.png,1,ai,blur_s2.0,0.982108,1,1
data\val\ai\ai_000052.png,1,ai,blur_s2.0,0.987462,1,1
data\val\ai\ai_000053.png,1,ai,blur_s2.0,0.985483,1,1
data\val\ai\ai_000054.png,1,ai,blur_s2.0,0.978790,1,1
data\val\ai\ai_000055.png,1,ai,blur_s2.0,0.813708,1,1
data\val\ai\ai_000056.png,1,ai,blur_s2.0,0.583867,1,1
data\val\ai\ai_000057.png,1,ai,blur_s2.0,0.972308,1,1
data\val\ai\ai_000058.png,1,ai,blur_s2.0,0.499484,0,0
data\val\ai\ai_000059.png,1,ai,blur_s2.0,0.985878,1,1
data\val\ai\ai_000060.png,1,ai,blur_s2.0,0.776787,1,1
data\val\ai\ai_000061.png,1,ai,blur_s2.0,0.969637,1,1
data\val\ai\ai_000062.png,1,ai,blur_s2.0,0.986429,1,1
data\val\ai\ai_000063.png,1,ai,blur_s2.0,0.968411,1,1
data\val\ai\ai_000064.png,1,ai,blur_s2.0,0.292072,0,0
data\val\ai\ai_000065.png,1,ai,blur_s2.0,0.940554,1,1
data\val\ai\ai_000066.png,1,ai,blur_s2.0,0.816855,1,1
data\val\ai\ai_000067.png,1,ai,blur_s2.0,0.970710,1,1
data\val\ai\ai_000068.png,1,ai,blur_s2.0,0.916764,1,1
data\val\ai\ai_000069.png,1,ai,blur_s2.0,0.997287,1,1
data\val\ai\ai_000070.png,1,ai,blur_s2.0,0.944263,1,1
data\val\ai\ai_000071.png,1,ai,blur_s2.0,0.998200,1,1
data\val\ai\ai_000072.png,1,ai,blur_s2.0,0.854534,1,1
data\val\ai\ai_000073.png,1,ai,blur_s2.0,0.986052,1,1
data\val\ai\ai_000074.png,1,ai,blur_s2.0,0.996397,1,1
data\val\ai\ai_000075.png,1,ai,blur_s2.0,0.969479,1,1
data\val\ai\ai_000076.png,1,ai,blur_s2.0,0.856965,1,1
data\val\ai\ai_000077.png,1,ai,blur_s2.0,0.955425,1,1
data\val\ai\ai_000078.png,1,ai,blur_s2.0,0.776689,1,1
data\val\ai\ai_000079.png,1,ai,blur_s2.0,0.817471,1,1
data\val\ai\ai_000080.png,1,ai,blur_s2.0,0.925553,1,1
data\val\ai\ai_000081.png,1,ai,blur_s2.0,0.996973,1,1
data\val\ai\ai_000082.png,1,ai,blur_s2.0,0.997200,1,1
data\val\ai\ai_000083.png,1,ai,blur_s2.0,0.979111,1,1
data\val\ai\ai_000084.png,1,ai,blur_s2.0,0.989951,1,1
data\val\ai\ai_000085.png,1,ai,blur_s2.0,0.971261,1,1
data\val\ai\ai_000086.png,1,ai,blur_s2.0,0.717788,1,1
data\val\ai\ai_000087.png,1,ai,blur_s2.0,0.981340,1,1
data\val\ai\ai_000088.png,1,ai,blur_s2.0,0.877606,1,1
data\val\ai\ai_000089.png,1,ai,blur_s2.0,0.846551,1,1
data\val\ai\ai_000090.png,1,ai,blur_s2.0,0.842468,1,1
data\val\ai\ai_000091.png,1,ai,blur_s2.0,0.962531,1,1
data\val\ai\ai_000092.png,1,ai,blur_s2.0,0.996315,1,1
data\val\ai\ai_000093.png,1,ai,blur_s2.0,0.921261,1,1
data\val\ai\ai_000094.png,1,ai,blur_s2.0,0.997275,1,1
data\val\ai\ai_000095.png,1,ai,blur_s2.0,0.961304,1,1
data\val\ai\ai_000096.png,1,ai,blur_s2.0,0.990517,1,1
data\val\ai\ai_000097.png,1,ai,blur_s2.0,0.802432,1,1
data\val\ai\ai_000098.png,1,ai,blur_s2.0,0.827918,1,1
data\val\ai\ai_000099.png,1,ai,blur_s2.0,0.816025,1,1
data\val\ai\ai_000100.png,1,ai,blur_s2.0,0.966330,1,1
data\val\ai\ai_000101.png,1,ai,blur_s2.0,0.992747,1,1
data\val\ai\ai_000102.png,1,ai,blur_s2.0,0.768341,1,1
data\val\ai\ai_000103.png,1,ai,blur_s2.0,0.826173,1,1
data\val\ai\ai_000104.png,1,ai,blur_s2.0,0.950669,1,1
data\val\ai\ai_000105.png,1,ai,blur_s2.0,0.578060,1,1
data\val\ai\ai_000106.png,1,ai,blur_s2.0,0.776246,1,1
data\val\ai\ai_000107.png,1,ai,blur_s2.0,0.984312,1,1
data\val\ai\ai_000108.png,1,ai,blur_s2.0,0.994573,1,1
data\val\ai\ai_000109.png,1,ai,blur_s2.0,0.998625,1,1
data\val\ai\ai_000110.png,1,ai,blur_s2.0,0.849081,1,1
data\val\ai\ai_000111.png,1,ai,blur_s2.0,0.946106,1,1
data\val\ai\ai_000112.png,1,ai,blur_s2.0,0.843699,1,1
data\val\ai\ai_000113.png,1,ai,blur_s2.0,0.951705,1,1
data\val\ai\ai_000114.png,1,ai,blur_s2.0,0.972442,1,1
data\val\ai\ai_000115.png,1,ai,blur_s2.0,0.924357,1,1
data\val\ai\ai_000116.png,1,ai,blur_s2.0,0.825654,1,1
data\val\ai\ai_000117.png,1,ai,blur_s2.0,0.985198,1,1
data\val\ai\ai_000118.png,1,ai,blur_s2.0,0.985283,1,1
data\val\ai\ai_000119.png,1,ai,blur_s2.0,0.913446,1,1
data\val\ai\ai_000120.png,1,ai,blur_s2.0,0.903826,1,1
data\val\ai\ai_000121.png,1,ai,blur_s2.0,0.998840,1,1
data\val\ai\ai_000122.png,1,ai,blur_s2.0,0.992881,1,1
data\val\ai\ai_000123.png,1,ai,blur_s2.0,0.862456,1,1
data\val\ai\ai_000124.png,1,ai,blur_s2.0,0.865284,1,1
data\val\ai\ai_000125.png,1,ai,blur_s2.0,0.992969,1,1
data\val\ai\ai_000126.png,1,ai,blur_s2.0,0.915466,1,1
data\val\ai\ai_000127.png,1,ai,blur_s2.0,0.982620,1,1
data\val\ai\ai_000128.png,1,ai,blur_s2.0,0.976551,1,1
data\val\ai\ai_000129.png,1,ai,blur_s2.0,0.989384,1,1
data\val\ai\ai_000130.png,1,ai,blur_s2.0,0.486563,0,0
data\val\ai\ai_000131.png,1,ai,blur_s2.0,0.992344,1,1
data\val\ai\ai_000132.png,1,ai,blur_s2.0,0.984060,1,1
data\val\ai\ai_000133.png,1,ai,blur_s2.0,0.989823,1,1
data\val\ai\ai_000134.png,1,ai,blur_s2.0,0.980067,1,1
data\val\ai\ai_000135.png,1,ai,blur_s2.0,0.996899,1,1
data\val\ai\ai_000136.png,1,ai,blur_s2.0,0.426698,0,0
data\val\ai\ai_000137.png,1,ai,blur_s2.0,0.949638,1,1
data\val\ai\ai_000138.png,1,ai,blur_s2.0,0.977661,1,1
data\val\ai\ai_000139.png,1,ai,blur_s2.0,0.982290,1,1
data\val\ai\ai_000140.png,1,ai,blur_s2.0,0.741727,1,1
data\val\ai\ai_000141.png,1,ai,blur_s2.0,0.998561,1,1
data\val\ai\ai_000142.png,1,ai,blur_s2.0,0.976546,1,1
data\val\ai\ai_000143.png,1,ai,blur_s2.0,0.992800,1,1
data\val\ai\ai_000144.png,1,ai,blur_s2.0,0.980511,1,1
data\val\ai\ai_000145.png,1,ai,blur_s2.0,0.986659,1,1
data\val\ai\ai_000146.png,1,ai,blur_s2.0,0.969140,1,1
data\val\ai\ai_000147.png,1,ai,blur_s2.0,0.964216,1,1
data\val\ai\ai_000148.png,1,ai,blur_s2.0,0.544831,1,1
data\val\ai\ai_000149.png,1,ai,blur_s2.0,0.990136,1,1
data\val\ai\ai_000150.png,1,ai,blur_s2.0,0.916965,1,1
data\val\ai\ai_000151.png,1,ai,blur_s2.0,0.831908,1,1
data\val\ai\ai_000152.png,1,ai,blur_s2.0,0.891939,1,1
data\val\ai\ai_000153.png,1,ai,blur_s2.0,0.998149,1,1
data\val\ai\ai_000154.png,1,ai,blur_s2.0,0.989707,1,1
data\val\ai\ai_000155.png,1,ai,blur_s2.0,0.964374,1,1
data\val\ai\ai_000156.png,1,ai,blur_s2.0,0.120643,0,0
data\val\ai\ai_000157.png,1,ai,blur_s2.0,0.961230,1,1
data\val\ai\ai_000158.png,1,ai,blur_s2.0,0.165082,0,0
data\val\ai\ai_000159.png,1,ai,blur_s2.0,0.989789,1,1
data\val\ai\ai_000160.png,1,ai,blur_s2.0,0.086162,0,0
data\val\ai\ai_000161.png,1,ai,blur_s2.0,0.984487,1,1
data\val\ai\ai_000162.png,1,ai,blur_s2.0,0.809079,1,1
data\val\ai\ai_000163.png,1,ai,blur_s2.0,0.984842,1,1
data\val\ai\ai_000164.png,1,ai,blur_s2.0,0.996566,1,1
data\val\ai\ai_000165.png,1,ai,blur_s2.0,0.999325,1,1
data\val\ai\ai_000166.png,1,ai,blur_s2.0,0.899954,1,1
data\val\ai\ai_000167.png,1,ai,blur_s2.0,0.897297,1,1
data\val\ai\ai_000168.png,1,ai,blur_s2.0,0.727497,1,1
data\val\ai\ai_000169.png,1,ai,blur_s2.0,0.985540,1,1
data\val\ai\ai_000170.png,1,ai,blur_s2.0,0.973531,1,1
data\val\ai\ai_000171.png,1,ai,blur_s2.0,0.941239,1,1
data\val\ai\ai_000172.png,1,ai,blur_s2.0,0.992758,1,1
data\val\ai\ai_000173.png,1,ai,blur_s2.0,0.951220,1,1
data\val\ai\ai_000174.png,1,ai,blur_s2.0,0.997407,1,1
data\val\ai\ai_000175.png,1,ai,blur_s2.0,0.992242,1,1
data\val\ai\ai_000176.png,1,ai,blur_s2.0,0.933564,1,1
data\val\ai\ai_000177.png,1,ai,blur_s2.0,0.942279,1,1
data\val\ai\ai_000178.png,1,ai,blur_s2.0,0.528841,1,1
data\val\ai\ai_000179.png,1,ai,blur_s2.0,0.998158,1,1
data\val\ai\ai_000180.png,1,ai,blur_s2.0,0.939662,1,1
data\val\ai\ai_000181.png,1,ai,blur_s2.0,0.990259,1,1
data\val\ai\ai_000182.png,1,ai,blur_s2.0,0.945239,1,1
data\val\ai\ai_000183.png,1,ai,blur_s2.0,0.950246,1,1
data\val\ai\ai_000184.png,1,ai,blur_s2.0,0.941187,1,1
data\val\ai\ai_000185.png,1,ai,blur_s2.0,0.986161,1,1
data\val\ai\ai_000186.png,1,ai,blur_s2.0,0.831823,1,1
data\val\ai\ai_000187.png,1,ai,blur_s2.0,0.980485,1,1
data\val\ai\ai_000188.png,1,ai,blur_s2.0,0.277735,0,0
data\val\ai\ai_000189.png,1,ai,blur_s2.0,0.986354,1,1
data\val\ai\ai_000190.png,1,ai,blur_s2.0,0.909950,1,1
data\val\ai\ai_000191.png,1,ai,blur_s2.0,0.944868,1,1
data\val\ai\ai_000192.png,1,ai,blur_s2.0,0.998069,1,1
data\val\ai\ai_000193.png,1,ai,blur_s2.0,0.998959,1,1
data\val\ai\ai_000194.png,1,ai,blur_s2.0,0.979555,1,1
data\val\ai\ai_000195.png,1,ai,blur_s2.0,0.984244,1,1
data\val\ai\ai_000196.png,1,ai,blur_s2.0,0.981610,1,1
data\val\ai\ai_000197.png,1,ai,blur_s2.0,0.921528,1,1
data\val\ai\ai_000198.png,1,ai,blur_s2.0,0.959716,1,1
data\val\ai\ai_000199.png,1,ai,blur_s2.0,0.940590,1,1
data\val\ai\ai_000200.png,1,ai,blur_s2.0,0.887950,1,1
data\val\ai\ai_000201.png,1,ai,blur_s2.0,0.935598,1,1
data\val\ai\ai_000202.png,1,ai,blur_s2.0,0.834018,1,1
data\val\ai\ai_000203.png,1,ai,blur_s2.0,0.978177,1,1
data\val\ai\ai_000204.png,1,ai,blur_s2.0,0.990563,1,1
data\val\ai\ai_000205.png,1,ai,blur_s2.0,0.930912,1,1
data\val\ai\ai_000206.png,1,ai,blur_s2.0,0.983147,1,1
data\val\ai\ai_000207.png,1,ai,blur_s2.0,0.969640,1,1
data\val\ai\ai_000208.png,1,ai,blur_s2.0,0.953312,1,1
data\val\ai\ai_000209.png,1,ai,blur_s2.0,0.994376,1,1
data\val\ai\ai_000210.png,1,ai,blur_s2.0,0.908032,1,1
data\val\ai\ai_000211.png,1,ai,blur_s2.0,0.998390,1,1
data\val\ai\ai_000212.png,1,ai,blur_s2.0,0.999090,1,1
data\val\ai\ai_000213.png,1,ai,blur_s2.0,0.971927,1,1
data\val\ai\ai_000214.png,1,ai,blur_s2.0,0.998484,1,1
data\val\ai\ai_000215.png,1,ai,blur_s2.0,0.971566,1,1
data\val\ai\ai_000216.png,1,ai,blur_s2.0,0.928672,1,1
data\val\ai\ai_000217.png,1,ai,blur_s2.0,0.824175,1,1
data\val\ai\ai_000218.png,1,ai,blur_s2.0,0.683513,1,1
data\val\ai\ai_000219.png,1,ai,blur_s2.0,0.949366,1,1
data\val\ai\ai_000220.png,1,ai,blur_s2.0,0.623707,1,1
data\val\ai\ai_000221.png,1,ai,blur_s2.0,0.972006,1,1
data\val\ai\ai_000222.png,1,ai,blur_s2.0,0.904032,1,1
data\val\ai\ai_000223.png,1,ai,blur_s2.0,0.996453,1,1
data\val\ai\ai_000224.png,1,ai,blur_s2.0,0.925530,1,1
data\val\ai\ai_000225.png,1,ai,blur_s2.0,0.965294,1,1
data\val\ai\ai_000226.png,1,ai,blur_s2.0,0.885493,1,1
data\val\ai\ai_000227.png,1,ai,blur_s2.0,0.953678,1,1
data\val\ai\ai_000228.png,1,ai,blur_s2.0,0.064236,0,0
data\val\ai\ai_000229.png,1,ai,blur_s2.0,0.960518,1,1
data\val\ai\ai_000230.png,1,ai,blur_s2.0,0.941565,1,1
data\val\ai\ai_000231.png,1,ai,blur_s2.0,0.998869,1,1
data\val\ai\ai_000232.png,1,ai,blur_s2.0,0.837242,1,1
data\val\ai\ai_000233.png,1,ai,blur_s2.0,0.862312,1,1
data\val\ai\ai_000234.png,1,ai,blur_s2.0,0.999389,1,1
data\val\ai\ai_000235.png,1,ai,blur_s2.0,0.955150,1,1
data\val\ai\ai_000236.png,1,ai,blur_s2.0,0.834156,1,1
data\val\ai\ai_000237.png,1,ai,blur_s2.0,0.934936,1,1
data\val\ai\ai_000238.png,1,ai,blur_s2.0,0.791583,1,1
data\val\ai\ai_000239.png,1,ai,blur_s2.0,0.816916,1,1
data\val\ai\ai_000240.png,1,ai,blur_s2.0,0.613615,1,1
data\val\ai\ai_000241.png,1,ai,blur_s2.0,0.973405,1,1
data\val\ai\ai_000242.png,1,ai,blur_s2.0,0.997178,1,1
data\val\ai\ai_000243.png,1,ai,blur_s2.0,0.983915,1,1
data\val\ai\ai_000244.png,1,ai,blur_s2.0,0.995954,1,1
data\val\ai\ai_000245.png,1,ai,blur_s2.0,0.925793,1,1
data\val\ai\ai_000246.png,1,ai,blur_s2.0,0.992869,1,1
data\val\ai\ai_000247.png,1,ai,blur_s2.0,0.951032,1,1
data\val\ai\ai_000248.png,1,ai,blur_s2.0,0.994549,1,1
data\val\ai\ai_000249.png,1,ai,blur_s2.0,0.990170,1,1
data\val\ai\ai_000250.png,1,ai,blur_s2.0,0.700972,1,1
data\val\ai\ai_000251.png,1,ai,blur_s2.0,0.968308,1,1
data\val\ai\ai_000252.png,1,ai,blur_s2.0,0.984395,1,1
data\val\ai\ai_000253.png,1,ai,blur_s2.0,0.993277,1,1
data\val\ai\ai_000254.png,1,ai,blur_s2.0,0.909302,1,1
data\val\ai\ai_000255.png,1,ai,blur_s2.0,0.740710,1,1
data\val\ai\ai_000256.png,1,ai,blur_s2.0,0.531368,1,1
data\val\ai\ai_000257.png,1,ai,blur_s2.0,0.920166,1,1
data\val\ai\ai_000258.png,1,ai,blur_s2.0,0.719650,1,1
data\val\ai\ai_000259.png,1,ai,blur_s2.0,0.996295,1,1
data\val\ai\ai_000260.png,1,ai,blur_s2.0,0.468551,0,0
data\val\ai\ai_000261.png,1,ai,blur_s2.0,0.976400,1,1
data\val\ai\ai_000262.png,1,ai,blur_s2.0,0.996612,1,1
data\val\ai\ai_000263.png,1,ai,blur_s2.0,0.919222,1,1
data\val\ai\ai_000264.png,1,ai,blur_s2.0,0.997299,1,1
data\val\ai\ai_000265.png,1,ai,blur_s2.0,0.974544,1,1
data\val\ai\ai_000266.png,1,ai,blur_s2.0,0.849220,1,1
data\val\ai\ai_000267.png,1,ai,blur_s2.0,0.992494,1,1
data\val\ai\ai_000268.png,1,ai,blur_s2.0,0.976011,1,1
data\val\ai\ai_000269.png,1,ai,blur_s2.0,0.967805,1,1
data\val\ai\ai_000270.png,1,ai,blur_s2.0,0.792254,1,1
data\val\ai\ai_000271.png,1,ai,blur_s2.0,0.977865,1,1
data\val\ai\ai_000272.png,1,ai,blur_s2.0,0.993504,1,1
data\val\ai\ai_000273.png,1,ai,blur_s2.0,0.993648,1,1
data\val\ai\ai_000274.png,1,ai,blur_s2.0,0.988397,1,1
data\val\ai\ai_000275.png,1,ai,blur_s2.0,0.986954,1,1
data\val\ai\ai_000276.png,1,ai,blur_s2.0,0.984544,1,1
data\val\ai\ai_000277.png,1,ai,blur_s2.0,0.893255,1,1
data\val\ai\ai_000278.png,1,ai,blur_s2.0,0.960739,1,1
data\val\ai\ai_000279.png,1,ai,blur_s2.0,0.968667,1,1
data\val\ai\ai_000280.png,1,ai,blur_s2.0,0.823766,1,1
data\val\ai\ai_000281.png,1,ai,blur_s2.0,0.921253,1,1
data\val\ai\ai_000282.png,1,ai,blur_s2.0,0.862292,1,1
data\val\ai\ai_000283.png,1,ai,blur_s2.0,0.996691,1,1
data\val\ai\ai_000284.png,1,ai,blur_s2.0,0.959992,1,1
data\val\ai\ai_000285.png,1,ai,blur_s2.0,0.997081,1,1
data\val\ai\ai_000286.png,1,ai,blur_s2.0,0.982168,1,1
data\val\ai\ai_000287.png,1,ai,blur_s2.0,0.946874,1,1
data\val\ai\ai_000288.png,1,ai,blur_s2.0,0.098536,0,0
data\val\ai\ai_000289.png,1,ai,blur_s2.0,0.990250,1,1
data\val\ai\ai_000290.png,1,ai,blur_s2.0,0.827948,1,1
data\val\ai\ai_000291.png,1,ai,blur_s2.0,0.982970,1,1
data\val\ai\ai_000292.png,1,ai,blur_s2.0,0.997206,1,1
data\val\ai\ai_000293.png,1,ai,blur_s2.0,0.275262,0,0
data\val\ai\ai_000294.png,1,ai,blur_s2.0,0.958872,1,1
data\val\ai\ai_000295.png,1,ai,blur_s2.0,0.926711,1,1
data\val\ai\ai_000296.png,1,ai,blur_s2.0,0.992990,1,1
data\val\ai\ai_000297.png,1,ai,blur_s2.0,0.991163,1,1
data\val\ai\ai_000298.png,1,ai,blur_s2.0,0.949308,1,1
data\val\ai\ai_000299.png,1,ai,blur_s2.0,0.964425,1,1
data\val\ai\ai_000300.png,1,ai,blur_s2.0,0.520702,1,1
data\val\ai\ai_000301.png,1,ai,blur_s2.0,0.921862,1,1
data\val\ai\ai_000302.png,1,ai,blur_s2.0,0.521702,1,1
data\val\ai\ai_000303.png,1,ai,blur_s2.0,0.964420,1,1
data\val\ai\ai_000304.png,1,ai,blur_s2.0,0.996014,1,1
data\val\ai\ai_000305.png,1,ai,blur_s2.0,0.868817,1,1
data\val\ai\ai_000306.png,1,ai,blur_s2.0,0.989541,1,1
data\val\ai\ai_000307.png,1,ai,blur_s2.0,0.925426,1,1
data\val\ai\ai_000308.png,1,ai,blur_s2.0,0.854830,1,1
data\val\ai\ai_000309.png,1,ai,blur_s2.0,0.929573,1,1
data\val\ai\ai_000310.png,1,ai,blur_s2.0,0.838235,1,1
data\val\ai\ai_000311.png,1,ai,blur_s2.0,0.903739,1,1
data\val\ai\ai_000312.png,1,ai,blur_s2.0,0.973537,1,1
data\val\ai\ai_000313.png,1,ai,blur_s2.0,0.890058,1,1
data\val\ai\ai_000314.png,1,ai,blur_s2.0,0.967958,1,1
data\val\ai\ai_000315.png,1,ai,blur_s2.0,0.991948,1,1
data\val\ai\ai_000316.png,1,ai,blur_s2.0,0.983481,1,1
data\val\ai\ai_000317.png,1,ai,blur_s2.0,0.996254,1,1
data\val\ai\ai_000318.png,1,ai,blur_s2.0,0.056898,0,0
data\val\ai\ai_000319.png,1,ai,blur_s2.0,0.852736,1,1
data\val\ai\ai_000320.png,1,ai,blur_s2.0,0.897263,1,1
data\val\ai\ai_000321.png,1,ai,blur_s2.0,0.990099,1,1
data\val\ai\ai_000322.png,1,ai,blur_s2.0,0.840610,1,1
data\val\ai\ai_000323.png,1,ai,blur_s2.0,0.997247,1,1
data\val\ai\ai_000324.png,1,ai,blur_s2.0,0.993834,1,1
data\val\ai\ai_000325.png,1,ai,blur_s2.0,0.984401,1,1
data\val\ai\ai_000326.png,1,ai,blur_s2.0,0.992853,1,1
data\val\ai\ai_000327.png,1,ai,blur_s2.0,0.995477,1,1
data\val\ai\ai_000328.png,1,ai,blur_s2.0,0.774977,1,1
data\val\ai\ai_000329.png,1,ai,blur_s2.0,0.925274,1,1
data\val\ai\ai_000330.png,1,ai,blur_s2.0,0.788481,1,1
data\val\ai\ai_000331.png,1,ai,blur_s2.0,0.984035,1,1
data\val\ai\ai_000332.png,1,ai,blur_s2.0,0.788366,1,1
data\val\ai\ai_000333.png,1,ai,blur_s2.0,0.982893,1,1
data\val\ai\ai_000334.png,1,ai,blur_s2.0,0.949551,1,1
data\val\ai\ai_000335.png,1,ai,blur_s2.0,0.992153,1,1
data\val\ai\ai_000336.png,1,ai,blur_s2.0,0.846271,1,1
data\val\ai\ai_000337.png,1,ai,blur_s2.0,0.993900,1,1
data\val\ai\ai_000338.png,1,ai,blur_s2.0,0.161737,0,0
data\val\ai\ai_000339.png,1,ai,blur_s2.0,0.997952,1,1
data\val\ai\ai_000340.png,1,ai,blur_s2.0,0.903510,1,1
data\val\ai\ai_000341.png,1,ai,blur_s2.0,0.915547,1,1
data\val\ai\ai_000342.png,1,ai,blur_s2.0,0.044551,0,0
data\val\ai\ai_000343.png,1,ai,blur_s2.0,0.995214,1,1
data\val\ai\ai_000344.png,1,ai,blur_s2.0,0.976261,1,1
data\val\ai\ai_000345.png,1,ai,blur_s2.0,0.966204,1,1
data\val\ai\ai_000346.png,1,ai,blur_s2.0,0.995736,1,1
data\val\ai\ai_000347.png,1,ai,blur_s2.0,0.951705,1,1
data\val\ai\ai_000348.png,1,ai,blur_s2.0,0.915994,1,1
data\val\ai\ai_000349.png,1,ai,blur_s2.0,0.998329,1,1
data\val\ai\ai_000350.png,1,ai,blur_s2.0,0.767761,1,1
data\val\ai\ai_000351.png,1,ai,blur_s2.0,0.953982,1,1
data\val\ai\ai_000352.png,1,ai,blur_s2.0,0.842885,1,1
data\val\ai\ai_000353.png,1,ai,blur_s2.0,0.940335,1,1
data\val\ai\ai_000354.png,1,ai,blur_s2.0,0.998250,1,1
data\val\ai\ai_000355.png,1,ai,blur_s2.0,0.986061,1,1
data\val\ai\ai_000356.png,1,ai,blur_s2.0,0.830523,1,1
data\val\ai\ai_000357.png,1,ai,blur_s2.0,0.977200,1,1
data\val\ai\ai_000358.png,1,ai,blur_s2.0,0.197901,0,0
data\val\ai\ai_000359.png,1,ai,blur_s2.0,0.971694,1,1
data\val\ai\ai_000360.png,1,ai,blur_s2.0,0.840496,1,1
data\val\ai\ai_000361.png,1,ai,blur_s2.0,0.995064,1,1
data\val\ai\ai_000362.png,1,ai,blur_s2.0,0.872437,1,1
data\val\ai\ai_000363.png,1,ai,blur_s2.0,0.994242,1,1
data\val\ai\ai_000364.png,1,ai,blur_s2.0,0.996974,1,1
data\val\ai\ai_000365.png,1,ai,blur_s2.0,0.893453,1,1
data\val\ai\ai_000366.png,1,ai,blur_s2.0,0.872405,1,1
data\val\ai\ai_000367.png,1,ai,blur_s2.0,0.989599,1,1
data\val\ai\ai_000368.png,1,ai,blur_s2.0,0.382543,0,0
data\val\ai\ai_000369.png,1,ai,blur_s2.0,0.996282,1,1
data\val\ai\ai_000370.png,1,ai,blur_s2.0,0.289742,0,0
data\val\ai\ai_000371.png,1,ai,blur_s2.0,0.919502,1,1
data\val\ai\ai_000372.png,1,ai,blur_s2.0,0.823189,1,1
data\val\ai\ai_000373.png,1,ai,blur_s2.0,0.724082,1,1
data\val\ai\ai_000374.png,1,ai,blur_s2.0,0.994087,1,1
data\val\ai\ai_000375.png,1,ai,blur_s2.0,0.992997,1,1
data\val\ai\ai_000376.png,1,ai,blur_s2.0,0.499750,0,0
data\val\ai\ai_000377.png,1,ai,blur_s2.0,0.977333,1,1
data\val\ai\ai_000378.png,1,ai,blur_s2.0,0.978031,1,1
data\val\ai\ai_000379.png,1,ai,blur_s2.0,0.899981,1,1
data\val\ai\ai_000380.png,1,ai,blur_s2.0,0.637428,1,1
data\val\ai\ai_000381.png,1,ai,blur_s2.0,0.769410,1,1
data\val\ai\ai_000382.png,1,ai,blur_s2.0,0.666331,1,1
data\val\ai\ai_000383.png,1,ai,blur_s2.0,0.986457,1,1
data\val\ai\ai_000384.png,1,ai,blur_s2.0,0.821460,1,1
data\val\ai\ai_000385.png,1,ai,blur_s2.0,0.979843,1,1
data\val\ai\ai_000386.png,1,ai,blur_s2.0,0.914294,1,1
data\val\ai\ai_000387.png,1,ai,blur_s2.0,0.993607,1,1
data\val\ai\ai_000388.png,1,ai,blur_s2.0,0.992965,1,1
data\val\ai\ai_000389.png,1,ai,blur_s2.0,0.941409,1,1
data\val\ai\ai_000390.png,1,ai,blur_s2.0,0.979539,1,1
data\val\ai\ai_000391.png,1,ai,blur_s2.0,0.945800,1,1
data\val\ai\ai_000392.png,1,ai,blur_s2.0,0.899098,1,1
data\val\ai\ai_000393.png,1,ai,blur_s2.0,0.989981,1,1
data\val\ai\ai_000394.png,1,ai,blur_s2.0,0.986185,1,1
data\val\ai\ai_000395.png,1,ai,blur_s2.0,0.982368,1,1
data\val\ai\ai_000396.png,1,ai,blur_s2.0,0.901103,1,1
data\val\ai\ai_000397.png,1,ai,blur_s2.0,0.982015,1,1
data\val\ai\ai_000398.png,1,ai,blur_s2.0,0.465700,0,0
data\val\ai\ai_000399.png,1,ai,blur_s2.0,0.973347,1,1
data\val\ai\ai_000400.png,1,ai,blur_s2.0,0.434442,0,0
data\val\ai\ai_000401.png,1,ai,blur_s2.0,0.989745,1,1
data\val\ai\ai_000402.png,1,ai,blur_s2.0,0.918783,1,1
data\val\ai\ai_000403.png,1,ai,blur_s2.0,0.959544,1,1
data\val\ai\ai_000404.png,1,ai,blur_s2.0,0.961068,1,1
data\val\ai\ai_000405.png,1,ai,blur_s2.0,0.996989,1,1
data\val\ai\ai_000406.png,1,ai,blur_s2.0,0.987116,1,1
data\val\ai\ai_000407.png,1,ai,blur_s2.0,0.880139,1,1
data\val\ai\ai_000408.png,1,ai,blur_s2.0,0.994204,1,1
data\val\ai\ai_000409.png,1,ai,blur_s2.0,0.976079,1,1
data\val\ai\ai_000410.png,1,ai,blur_s2.0,0.561312,1,1
data\val\ai\ai_000411.png,1,ai,blur_s2.0,0.989430,1,1
data\val\ai\ai_000412.png,1,ai,blur_s2.0,0.995491,1,1
data\val\ai\ai_000413.png,1,ai,blur_s2.0,0.974185,1,1
data\val\ai\ai_000414.png,1,ai,blur_s2.0,0.999479,1,1
data\val\ai\ai_000415.png,1,ai,blur_s2.0,0.995835,1,1
data\val\ai\ai_000416.png,1,ai,blur_s2.0,0.781815,1,1
data\val\ai\ai_000417.png,1,ai,blur_s2.0,0.972070,1,1
data\val\ai\ai_000418.png,1,ai,blur_s2.0,0.108897,0,0
data\val\ai\ai_000419.png,1,ai,blur_s2.0,0.952138,1,1
data\val\ai\ai_000420.png,1,ai,blur_s2.0,0.866324,1,1
data\val\ai\ai_000421.png,1,ai,blur_s2.0,0.993486,1,1
data\val\ai\ai_000422.png,1,ai,blur_s2.0,0.177713,0,0
data\val\ai\ai_000423.png,1,ai,blur_s2.0,0.952796,1,1
data\val\ai\ai_000424.png,1,ai,blur_s2.0,0.999175,1,1
data\val\ai\ai_000425.png,1,ai,blur_s2.0,0.971153,1,1
data\val\ai\ai_000426.png,1,ai,blur_s2.0,0.499830,0,0
data\val\ai\ai_000427.png,1,ai,blur_s2.0,0.978080,1,1
data\val\ai\ai_000428.png,1,ai,blur_s2.0,0.970234,1,1
data\val\ai\ai_000429.png,1,ai,blur_s2.0,0.988953,1,1
data\val\ai\ai_000430.png,1,ai,blur_s2.0,0.946908,1,1
data\val\ai\ai_000431.png,1,ai,blur_s2.0,0.919627,1,1
data\val\ai\ai_000432.png,1,ai,blur_s2.0,0.995832,1,1
data\val\ai\ai_000433.png,1,ai,blur_s2.0,0.997374,1,1
data\val\ai\ai_000434.png,1,ai,blur_s2.0,0.978209,1,1
data\val\ai\ai_000435.png,1,ai,blur_s2.0,0.924383,1,1
data\val\ai\ai_000436.png,1,ai,blur_s2.0,0.986494,1,1
data\val\ai\ai_000437.png,1,ai,blur_s2.0,0.969279,1,1
data\val\ai\ai_000438.png,1,ai,blur_s2.0,0.980944,1,1
data\val\ai\ai_000439.png,1,ai,blur_s2.0,0.689362,1,1
data\val\ai\ai_000440.png,1,ai,blur_s2.0,0.962673,1,1
data\val\ai\ai_000441.png,1,ai,blur_s2.0,0.869561,1,1
data\val\ai\ai_000442.png,1,ai,blur_s2.0,0.979820,1,1
data\val\ai\ai_000443.png,1,ai,blur_s2.0,0.993549,1,1
data\val\ai\ai_000444.png,1,ai,blur_s2.0,0.986696,1,1
data\val\ai\ai_000445.png,1,ai,blur_s2.0,0.963223,1,1
data\val\ai\ai_000446.png,1,ai,blur_s2.0,0.969137,1,1
data\val\ai\ai_000447.png,1,ai,blur_s2.0,0.993018,1,1
data\val\ai\ai_000448.png,1,ai,blur_s2.0,0.067948,0,0
data\val\ai\ai_000449.png,1,ai,blur_s2.0,0.998893,1,1
data\val\ai\ai_000450.png,1,ai,blur_s2.0,0.985587,1,1
data\val\ai\ai_000451.png,1,ai,blur_s2.0,0.943309,1,1
data\val\ai\ai_000452.png,1,ai,blur_s2.0,0.886529,1,1
data\val\ai\ai_000453.png,1,ai,blur_s2.0,0.996400,1,1
data\val\ai\ai_000454.png,1,ai,blur_s2.0,0.917547,1,1
data\val\ai\ai_000455.png,1,ai,blur_s2.0,0.987253,1,1
data\val\ai\ai_000456.png,1,ai,blur_s2.0,0.883783,1,1
data\val\ai\ai_000457.png,1,ai,blur_s2.0,0.935949,1,1
data\val\ai\ai_000458.png,1,ai,blur_s2.0,0.934964,1,1
data\val\ai\ai_000459.png,1,ai,blur_s2.0,0.799805,1,1
data\val\ai\ai_000460.png,1,ai,blur_s2.0,0.859176,1,1
data\val\ai\ai_000461.png,1,ai,blur_s2.0,0.906421,1,1
data\val\ai\ai_000462.png,1,ai,blur_s2.0,0.971948,1,1
data\val\ai\ai_000463.png,1,ai,blur_s2.0,0.979353,1,1
data\val\ai\ai_000464.png,1,ai,blur_s2.0,0.979785,1,1
data\val\ai\ai_000465.png,1,ai,blur_s2.0,0.974232,1,1
data\val\ai\ai_000466.png,1,ai,blur_s2.0,0.590157,1,1
data\val\ai\ai_000467.png,1,ai,blur_s2.0,0.948860,1,1
data\val\ai\ai_000468.png,1,ai,blur_s2.0,0.780061,1,1
data\val\ai\ai_000469.png,1,ai,blur_s2.0,0.981539,1,1
data\val\ai\ai_000470.png,1,ai,blur_s2.0,0.757381,1,1
data\val\ai\ai_000471.png,1,ai,blur_s2.0,0.999429,1,1
data\val\ai\ai_000472.png,1,ai,blur_s2.0,0.948409,1,1
data\val\ai\ai_000473.png,1,ai,blur_s2.0,0.663505,1,1
data\val\ai\ai_000474.png,1,ai,blur_s2.0,0.995777,1,1
data\val\ai\ai_000475.png,1,ai,blur_s2.0,0.995455,1,1
data\val\ai\ai_000476.png,1,ai,blur_s2.0,0.819544,1,1
data\val\ai\ai_000477.png,1,ai,blur_s2.0,0.990151,1,1
data\val\ai\ai_000478.png,1,ai,blur_s2.0,0.969365,1,1
data\val\ai\ai_000479.png,1,ai,blur_s2.0,0.920729,1,1
data\val\ai\ai_000480.png,1,ai,blur_s2.0,0.824011,1,1
data\val\ai\ai_000481.png,1,ai,blur_s2.0,0.994673,1,1
data\val\ai\ai_000482.png,1,ai,blur_s2.0,0.640081,1,1
data\val\ai\ai_000483.png,1,ai,blur_s2.0,0.888676,1,1
data\val\ai\ai_000484.png,1,ai,blur_s2.0,0.952959,1,1
data\val\ai\ai_000485.png,1,ai,blur_s2.0,0.950498,1,1
data\val\ai\ai_000486.png,1,ai,blur_s2.0,0.978609,1,1
data\val\ai\ai_000487.png,1,ai,blur_s2.0,0.986955,1,1
data\val\ai\ai_000488.png,1,ai,blur_s2.0,0.878662,1,1
data\val\ai\ai_000489.png,1,ai,blur_s2.0,0.968431,1,1
data\val\ai\ai_000490.png,1,ai,blur_s2.0,0.934698,1,1
data\val\ai\ai_000491.png,1,ai,blur_s2.0,0.932268,1,1
data\val\ai\ai_000492.png,1,ai,blur_s2.0,0.959247,1,1
data\val\ai\ai_000493.png,1,ai,blur_s2.0,0.966128,1,1
data\val\ai\ai_000494.png,1,ai,blur_s2.0,0.975925,1,1
data\val\ai\ai_000495.png,1,ai,blur_s2.0,0.959147,1,1
data\val\ai\ai_000496.png,1,ai,blur_s2.0,0.761978,1,1
data\val\ai\ai_000497.png,1,ai,blur_s2.0,0.987014,1,1
data\val\ai\ai_000498.png,1,ai,blur_s2.0,0.722449,1,1
data\val\ai\ai_000499.png,1,ai,blur_s2.0,0.992457,1,1
data\val\ai\ai_000500.png,1,ai,blur_s2.0,0.824977,1,1
data\val\real\000000000139.jpg,0,real,resize_0.5x,0.880240,1,0
data\val\real\000000000285.jpg,0,real,resize_0.5x,0.061467,0,1
data\val\real\000000000632.jpg,0,real,resize_0.5x,0.869622,1,0
data\val\real\000000000724.jpg,0,real,resize_0.5x,0.071098,0,1
data\val\real\000000000776.jpg,0,real,resize_0.5x,0.073438,0,1
data\val\real\000000000785.jpg,0,real,resize_0.5x,0.576622,1,0
data\val\real\000000000802.jpg,0,real,resize_0.5x,0.373159,0,1
data\val\real\000000000872.jpg,0,real,resize_0.5x,0.022698,0,1
data\val\real\000000000885.jpg,0,real,resize_0.5x,0.248878,0,1
data\val\real\000000001000.jpg,0,real,resize_0.5x,0.006723,0,1
data\val\real\000000001268.jpg,0,real,resize_0.5x,0.078981,0,1
data\val\real\000000001296.jpg,0,real,resize_0.5x,0.290468,0,1
data\val\real\000000001353.jpg,0,real,resize_0.5x,0.004785,0,1
data\val\real\000000001425.jpg,0,real,resize_0.5x,0.883119,1,0
data\val\real\000000001490.jpg,0,real,resize_0.5x,0.102863,0,1
data\val\real\000000001503.jpg,0,real,resize_0.5x,0.190982,0,1
data\val\real\000000001532.jpg,0,real,resize_0.5x,0.137580,0,1
data\val\real\000000001584.jpg,0,real,resize_0.5x,0.305497,0,1
data\val\real\000000001675.jpg,0,real,resize_0.5x,0.095709,0,1
data\val\real\000000001761.jpg,0,real,resize_0.5x,0.026866,0,1
data\val\real\000000001818.jpg,0,real,resize_0.5x,0.323443,0,1
data\val\real\000000001993.jpg,0,real,resize_0.5x,0.489857,0,1
data\val\real\000000002006.jpg,0,real,resize_0.5x,0.079106,0,1
data\val\real\000000002149.jpg,0,real,resize_0.5x,0.403419,0,1
data\val\real\000000002153.jpg,0,real,resize_0.5x,0.065387,0,1
data\val\real\000000002157.jpg,0,real,resize_0.5x,0.399685,0,1
data\val\real\000000002261.jpg,0,real,resize_0.5x,0.020326,0,1
data\val\real\000000002299.jpg,0,real,resize_0.5x,0.008232,0,1
data\val\real\000000002431.jpg,0,real,resize_0.5x,0.112457,0,1
data\val\real\000000002473.jpg,0,real,resize_0.5x,0.055792,0,1
data\val\real\000000002532.jpg,0,real,resize_0.5x,0.024873,0,1
data\val\real\000000002587.jpg,0,real,resize_0.5x,0.077819,0,1
data\val\real\000000002592.jpg,0,real,resize_0.5x,0.046862,0,1
data\val\real\000000002685.jpg,0,real,resize_0.5x,0.005053,0,1
data\val\real\000000002923.jpg,0,real,resize_0.5x,0.028994,0,1
data\val\real\000000003156.jpg,0,real,resize_0.5x,0.380799,0,1
data\val\real\000000003255.jpg,0,real,resize_0.5x,0.697124,1,0
data\val\real\000000003501.jpg,0,real,resize_0.5x,0.210370,0,1
data\val\real\000000003553.jpg,0,real,resize_0.5x,0.167734,0,1
data\val\real\000000003661.jpg,0,real,resize_0.5x,0.052127,0,1
data\val\real\000000003845.jpg,0,real,resize_0.5x,0.238606,0,1
data\val\real\000000003934.jpg,0,real,resize_0.5x,0.003163,0,1
data\val\real\000000004134.jpg,0,real,resize_0.5x,0.007391,0,1
data\val\real\000000004395.jpg,0,real,resize_0.5x,0.038852,0,1
data\val\real\000000004495.jpg,0,real,resize_0.5x,0.282757,0,1
data\val\real\000000004765.jpg,0,real,resize_0.5x,0.164048,0,1
data\val\real\000000004795.jpg,0,real,resize_0.5x,0.002080,0,1
data\val\real\000000005001.jpg,0,real,resize_0.5x,0.045589,0,1
data\val\real\000000005037.jpg,0,real,resize_0.5x,0.158883,0,1
data\val\real\000000005060.jpg,0,real,resize_0.5x,0.163838,0,1
data\val\real\000000005193.jpg,0,real,resize_0.5x,0.004448,0,1
data\val\real\000000005477.jpg,0,real,resize_0.5x,0.227324,0,1
data\val\real\000000005503.jpg,0,real,resize_0.5x,0.030616,0,1
data\val\real\000000005529.jpg,0,real,resize_0.5x,0.078125,0,1
data\val\real\000000005586.jpg,0,real,resize_0.5x,0.012202,0,1
data\val\real\000000005600.jpg,0,real,resize_0.5x,0.039660,0,1
data\val\real\000000005992.jpg,0,real,resize_0.5x,0.069456,0,1
data\val\real\000000006012.jpg,0,real,resize_0.5x,0.067372,0,1
data\val\real\000000006040.jpg,0,real,resize_0.5x,0.658071,1,0
data\val\real\000000006213.jpg,0,real,resize_0.5x,0.464654,0,1
data\val\real\000000006460.jpg,0,real,resize_0.5x,0.079870,0,1
data\val\real\000000006471.jpg,0,real,resize_0.5x,0.037737,0,1
data\val\real\000000006614.jpg,0,real,resize_0.5x,0.153821,0,1
data\val\real\000000006723.jpg,0,real,resize_0.5x,0.163899,0,1
data\val\real\000000006763.jpg,0,real,resize_0.5x,0.000749,0,1
data\val\real\000000006771.jpg,0,real,resize_0.5x,0.007751,0,1
data\val\real\000000006818.jpg,0,real,resize_0.5x,0.028603,0,1
data\val\real\000000006894.jpg,0,real,resize_0.5x,0.009567,0,1
data\val\real\000000006954.jpg,0,real,resize_0.5x,0.112651,0,1
data\val\real\000000007088.jpg,0,real,resize_0.5x,0.026789,0,1
data\val\real\000000007108.jpg,0,real,resize_0.5x,0.111818,0,1
data\val\real\000000007278.jpg,0,real,resize_0.5x,0.316982,0,1
data\val\real\000000007281.jpg,0,real,resize_0.5x,0.002747,0,1
data\val\real\000000007386.jpg,0,real,resize_0.5x,0.098638,0,1
data\val\real\000000007511.jpg,0,real,resize_0.5x,0.050081,0,1
data\val\real\000000007574.jpg,0,real,resize_0.5x,0.429218,0,1
data\val\real\000000007784.jpg,0,real,resize_0.5x,0.407734,0,1
data\val\real\000000007795.jpg,0,real,resize_0.5x,0.951315,1,0
data\val\real\000000007816.jpg,0,real,resize_0.5x,0.015528,0,1
data\val\real\000000007818.jpg,0,real,resize_0.5x,0.666939,1,0
data\val\real\000000007888.jpg,0,real,resize_0.5x,0.740464,1,0
data\val\real\000000007977.jpg,0,real,resize_0.5x,0.202536,0,1
data\val\real\000000007991.jpg,0,real,resize_0.5x,0.031682,0,1
data\val\real\000000008021.jpg,0,real,resize_0.5x,0.007367,0,1
data\val\real\000000008211.jpg,0,real,resize_0.5x,0.315565,0,1
data\val\real\000000008277.jpg,0,real,resize_0.5x,0.127098,0,1
data\val\real\000000008532.jpg,0,real,resize_0.5x,0.013262,0,1
data\val\real\000000008629.jpg,0,real,resize_0.5x,0.140972,0,1
data\val\real\000000008690.jpg,0,real,resize_0.5x,0.002520,0,1
data\val\real\000000008762.jpg,0,real,resize_0.5x,0.295505,0,1
data\val\real\000000008844.jpg,0,real,resize_0.5x,0.130346,0,1
data\val\real\000000008899.jpg,0,real,resize_0.5x,0.494685,0,1
data\val\real\000000009378.jpg,0,real,resize_0.5x,0.022854,0,1
data\val\real\000000009400.jpg,0,real,resize_0.5x,0.003101,0,1
data\val\real\000000009448.jpg,0,real,resize_0.5x,0.010841,0,1
data\val\real\000000009483.jpg,0,real,resize_0.5x,0.112574,0,1
data\val\real\000000009590.jpg,0,real,resize_0.5x,0.280173,0,1
data\val\real\000000009769.jpg,0,real,resize_0.5x,0.077268,0,1
data\val\real\000000009772.jpg,0,real,resize_0.5x,0.069001,0,1
data\val\real\000000009891.jpg,0,real,resize_0.5x,0.008912,0,1
data\val\real\000000009914.jpg,0,real,resize_0.5x,0.105372,0,1
data\val\real\000000010092.jpg,0,real,resize_0.5x,0.125988,0,1
data\val\real\000000010363.jpg,0,real,resize_0.5x,0.003655,0,1
data\val\real\000000010583.jpg,0,real,resize_0.5x,0.062532,0,1
data\val\real\000000010707.jpg,0,real,resize_0.5x,0.000544,0,1
data\val\real\000000010764.jpg,0,real,resize_0.5x,0.155861,0,1
data\val\real\000000010977.jpg,0,real,resize_0.5x,0.376946,0,1
data\val\real\000000010995.jpg,0,real,resize_0.5x,0.492658,0,1
data\val\real\000000011051.jpg,0,real,resize_0.5x,0.018114,0,1
data\val\real\000000011122.jpg,0,real,resize_0.5x,0.017530,0,1
data\val\real\000000011149.jpg,0,real,resize_0.5x,0.015524,0,1
data\val\real\000000011197.jpg,0,real,resize_0.5x,0.093725,0,1
data\val\real\000000011511.jpg,0,real,resize_0.5x,0.258122,0,1
data\val\real\000000011615.jpg,0,real,resize_0.5x,0.146106,0,1
data\val\real\000000011699.jpg,0,real,resize_0.5x,0.024773,0,1
data\val\real\000000011760.jpg,0,real,resize_0.5x,0.650176,1,0
data\val\real\000000011813.jpg,0,real,resize_0.5x,0.665371,1,0
data\val\real\000000012062.jpg,0,real,resize_0.5x,0.045426,0,1
data\val\real\000000012120.jpg,0,real,resize_0.5x,0.089732,0,1
data\val\real\000000012280.jpg,0,real,resize_0.5x,0.855114,1,0
data\val\real\000000012576.jpg,0,real,resize_0.5x,0.362741,0,1
data\val\real\000000012639.jpg,0,real,resize_0.5x,0.061732,0,1
data\val\real\000000012667.jpg,0,real,resize_0.5x,0.282329,0,1
data\val\real\000000012670.jpg,0,real,resize_0.5x,0.017614,0,1
data\val\real\000000012748.jpg,0,real,resize_0.5x,0.079095,0,1
data\val\real\000000013004.jpg,0,real,resize_0.5x,0.280999,0,1
data\val\real\000000013177.jpg,0,real,resize_0.5x,0.048202,0,1
data\val\real\000000013201.jpg,0,real,resize_0.5x,0.180483,0,1
data\val\real\000000013291.jpg,0,real,resize_0.5x,0.135390,0,1
data\val\real\000000013348.jpg,0,real,resize_0.5x,0.166357,0,1
data\val\real\000000013546.jpg,0,real,resize_0.5x,0.016599,0,1
data\val\real\000000013597.jpg,0,real,resize_0.5x,0.835587,1,0
data\val\real\000000013659.jpg,0,real,resize_0.5x,0.002741,0,1
data\val\real\000000013729.jpg,0,real,resize_0.5x,0.021110,0,1
data\val\real\000000013774.jpg,0,real,resize_0.5x,0.559298,1,0
data\val\real\000000013923.jpg,0,real,resize_0.5x,0.625718,1,0
data\val\real\000000014007.jpg,0,real,resize_0.5x,0.144484,0,1
data\val\real\000000014038.jpg,0,real,resize_0.5x,0.918854,1,0
data\val\real\000000014226.jpg,0,real,resize_0.5x,0.281448,0,1
data\val\real\000000014380.jpg,0,real,resize_0.5x,0.763200,1,0
data\val\real\000000014439.jpg,0,real,resize_0.5x,0.035660,0,1
data\val\real\000000014473.jpg,0,real,resize_0.5x,0.077677,0,1
data\val\real\000000014831.jpg,0,real,resize_0.5x,0.018980,0,1
data\val\real\000000014888.jpg,0,real,resize_0.5x,0.036723,0,1
data\val\real\000000015079.jpg,0,real,resize_0.5x,0.533545,1,0
data\val\real\000000015254.jpg,0,real,resize_0.5x,0.093425,0,1
data\val\real\000000015272.jpg,0,real,resize_0.5x,0.557454,1,0
data\val\real\000000015278.jpg,0,real,resize_0.5x,0.101382,0,1
data\val\real\000000015335.jpg,0,real,resize_0.5x,0.002385,0,1
data\val\real\000000015338.jpg,0,real,resize_0.5x,0.521076,1,0
data\val\real\000000015440.jpg,0,real,resize_0.5x,0.730379,1,0
data\val\real\000000015497.jpg,0,real,resize_0.5x,0.003169,0,1
data\val\real\000000015517.jpg,0,real,resize_0.5x,0.188306,0,1
data\val\real\000000015597.jpg,0,real,resize_0.5x,0.001704,0,1
data\val\real\000000015660.jpg,0,real,resize_0.5x,0.077445,0,1
data\val\real\000000015746.jpg,0,real,resize_0.5x,0.077138,0,1
data\val\real\000000015751.jpg,0,real,resize_0.5x,0.208434,0,1
data\val\real\000000015956.jpg,0,real,resize_0.5x,0.019346,0,1
data\val\real\000000016010.jpg,0,real,resize_0.5x,0.043134,0,1
data\val\real\000000016228.jpg,0,real,resize_0.5x,0.329678,0,1
data\val\real\000000016249.jpg,0,real,resize_0.5x,0.118643,0,1
data\val\real\000000016439.jpg,0,real,resize_0.5x,0.558607,1,0
data\val\real\000000016451.jpg,0,real,resize_0.5x,0.568333,1,0
data\val\real\000000016502.jpg,0,real,resize_0.5x,0.062268,0,1
data\val\real\000000016598.jpg,0,real,resize_0.5x,0.007536,0,1
data\val\real\000000016958.jpg,0,real,resize_0.5x,0.196934,0,1
data\val\real\000000017029.jpg,0,real,resize_0.5x,0.052255,0,1
data\val\real\000000017031.jpg,0,real,resize_0.5x,0.295731,0,1
data\val\real\000000017115.jpg,0,real,resize_0.5x,0.525401,1,0
data\val\real\000000017178.jpg,0,real,resize_0.5x,0.592772,1,0
data\val\real\000000017182.jpg,0,real,resize_0.5x,0.374219,0,1
data\val\real\000000017207.jpg,0,real,resize_0.5x,0.006685,0,1
data\val\real\000000017379.jpg,0,real,resize_0.5x,0.711322,1,0
data\val\real\000000017436.jpg,0,real,resize_0.5x,0.023415,0,1
data\val\real\000000017627.jpg,0,real,resize_0.5x,0.010117,0,1
data\val\real\000000017714.jpg,0,real,resize_0.5x,0.036545,0,1
data\val\real\000000017899.jpg,0,real,resize_0.5x,0.004874,0,1
data\val\real\000000017905.jpg,0,real,resize_0.5x,0.001225,0,1
data\val\real\000000017959.jpg,0,real,resize_0.5x,0.016549,0,1
data\val\real\000000018150.jpg,0,real,resize_0.5x,0.001593,0,1
data\val\real\000000018193.jpg,0,real,resize_0.5x,0.002729,0,1
data\val\real\000000018380.jpg,0,real,resize_0.5x,0.152287,0,1
data\val\real\000000018491.jpg,0,real,resize_0.5x,0.041214,0,1
data\val\real\000000018519.jpg,0,real,resize_0.5x,0.448442,0,1
data\val\real\000000018575.jpg,0,real,resize_0.5x,0.089099,0,1
data\val\real\000000018737.jpg,0,real,resize_0.5x,0.027578,0,1
data\val\real\000000018770.jpg,0,real,resize_0.5x,0.028310,0,1
data\val\real\000000018833.jpg,0,real,resize_0.5x,0.245683,0,1
data\val\real\000000018837.jpg,0,real,resize_0.5x,0.064965,0,1
data\val\real\000000019042.jpg,0,real,resize_0.5x,0.039741,0,1
data\val\real\000000019109.jpg,0,real,resize_0.5x,0.342502,0,1
data\val\real\000000019221.jpg,0,real,resize_0.5x,0.006529,0,1
data\val\real\000000019402.jpg,0,real,resize_0.5x,0.000984,0,1
data\val\real\000000019432.jpg,0,real,resize_0.5x,0.064217,0,1
data\val\real\000000019742.jpg,0,real,resize_0.5x,0.087011,0,1
data\val\real\000000019786.jpg,0,real,resize_0.5x,0.004901,0,1
data\val\real\000000019924.jpg,0,real,resize_0.5x,0.398942,0,1
data\val\real\000000020059.jpg,0,real,resize_0.5x,0.096380,0,1
data\val\real\000000020107.jpg,0,real,resize_0.5x,0.196469,0,1
data\val\real\000000020247.jpg,0,real,resize_0.5x,0.170636,0,1
data\val\real\000000020333.jpg,0,real,resize_0.5x,0.183939,0,1
data\val\real\000000020553.jpg,0,real,resize_0.5x,0.003564,0,1
data\val\real\000000020571.jpg,0,real,resize_0.5x,0.272335,0,1
data\val\real\000000020992.jpg,0,real,resize_0.5x,0.003638,0,1
data\val\real\000000021167.jpg,0,real,resize_0.5x,0.001228,0,1
data\val\real\000000021465.jpg,0,real,resize_0.5x,0.006880,0,1
data\val\real\000000021503.jpg,0,real,resize_0.5x,0.010646,0,1
data\val\real\000000021604.jpg,0,real,resize_0.5x,0.860519,1,0
data\val\real\000000021839.jpg,0,real,resize_0.5x,0.002936,0,1
data\val\real\000000021879.jpg,0,real,resize_0.5x,0.107253,0,1
data\val\real\000000021903.jpg,0,real,resize_0.5x,0.120647,0,1
data\val\real\000000022192.jpg,0,real,resize_0.5x,0.006950,0,1
data\val\real\000000022371.jpg,0,real,resize_0.5x,0.741246,1,0
data\val\real\000000022396.jpg,0,real,resize_0.5x,0.031992,0,1
data\val\real\000000022479.jpg,0,real,resize_0.5x,0.031151,0,1
data\val\real\000000022589.jpg,0,real,resize_0.5x,0.021550,0,1
data\val\real\000000022623.jpg,0,real,resize_0.5x,0.457829,0,1
data\val\real\000000022705.jpg,0,real,resize_0.5x,0.001331,0,1
data\val\real\000000022755.jpg,0,real,resize_0.5x,0.491518,0,1
data\val\real\000000022892.jpg,0,real,resize_0.5x,0.209948,0,1
data\val\real\000000022935.jpg,0,real,resize_0.5x,0.204647,0,1
data\val\real\000000022969.jpg,0,real,resize_0.5x,0.218763,0,1
data\val\real\000000023023.jpg,0,real,resize_0.5x,0.474839,0,1
data\val\real\000000023034.jpg,0,real,resize_0.5x,0.010406,0,1
data\val\real\000000023126.jpg,0,real,resize_0.5x,0.261649,0,1
data\val\real\000000023230.jpg,0,real,resize_0.5x,0.017743,0,1
data\val\real\000000023272.jpg,0,real,resize_0.5x,0.013489,0,1
data\val\real\000000023359.jpg,0,real,resize_0.5x,0.193505,0,1
data\val\real\000000023666.jpg,0,real,resize_0.5x,0.066984,0,1
data\val\real\000000023751.jpg,0,real,resize_0.5x,0.002364,0,1
data\val\real\000000023781.jpg,0,real,resize_0.5x,0.279961,0,1
data\val\real\000000023899.jpg,0,real,resize_0.5x,0.005648,0,1
data\val\real\000000023937.jpg,0,real,resize_0.5x,0.146530,0,1
data\val\real\000000024021.jpg,0,real,resize_0.5x,0.011284,0,1
data\val\real\000000024027.jpg,0,real,resize_0.5x,0.005449,0,1
data\val\real\000000024144.jpg,0,real,resize_0.5x,0.293441,0,1
data\val\real\000000024243.jpg,0,real,resize_0.5x,0.036171,0,1
data\val\real\000000024567.jpg,0,real,resize_0.5x,0.027809,0,1
data\val\real\000000024610.jpg,0,real,resize_0.5x,0.076303,0,1
data\val\real\000000024919.jpg,0,real,resize_0.5x,0.317415,0,1
data\val\real\000000025057.jpg,0,real,resize_0.5x,0.012532,0,1
data\val\real\000000025096.jpg,0,real,resize_0.5x,0.007966,0,1
data\val\real\000000025139.jpg,0,real,resize_0.5x,0.154845,0,1
data\val\real\000000025181.jpg,0,real,resize_0.5x,0.669764,1,0
data\val\real\000000025228.jpg,0,real,resize_0.5x,0.029842,0,1
data\val\real\000000025386.jpg,0,real,resize_0.5x,0.005558,0,1
data\val\real\000000025393.jpg,0,real,resize_0.5x,0.000676,0,1
data\val\real\000000025394.jpg,0,real,resize_0.5x,0.028239,0,1
data\val\real\000000025424.jpg,0,real,resize_0.5x,0.073588,0,1
data\val\real\000000025560.jpg,0,real,resize_0.5x,0.015200,0,1
data\val\real\000000025593.jpg,0,real,resize_0.5x,0.134104,0,1
data\val\real\000000025603.jpg,0,real,resize_0.5x,0.001254,0,1
data\val\real\000000025986.jpg,0,real,resize_0.5x,0.018458,0,1
data\val\real\000000026204.jpg,0,real,resize_0.5x,0.286207,0,1
data\val\real\000000026465.jpg,0,real,resize_0.5x,0.129133,0,1
data\val\real\000000026564.jpg,0,real,resize_0.5x,0.346600,0,1
data\val\real\000000026690.jpg,0,real,resize_0.5x,0.032483,0,1
data\val\real\000000026926.jpg,0,real,resize_0.5x,0.336144,0,1
data\val\real\000000026941.jpg,0,real,resize_0.5x,0.793761,1,0
data\val\real\000000027186.jpg,0,real,resize_0.5x,0.013249,0,1
data\val\real\000000027620.jpg,0,real,resize_0.5x,0.234068,0,1
data\val\real\000000027696.jpg,0,real,resize_0.5x,0.003802,0,1
data\val\real\000000027768.jpg,0,real,resize_0.5x,0.234002,0,1
data\val\real\000000027932.jpg,0,real,resize_0.5x,0.119821,0,1
data\val\real\000000027972.jpg,0,real,resize_0.5x,0.130959,0,1
data\val\real\000000027982.jpg,0,real,resize_0.5x,0.592517,1,0
data\val\real\000000028285.jpg,0,real,resize_0.5x,0.028820,0,1
data\val\real\000000028449.jpg,0,real,resize_0.5x,0.691783,1,0
data\val\real\000000028452.jpg,0,real,resize_0.5x,0.832185,1,0
data\val\real\000000028809.jpg,0,real,resize_0.5x,0.297410,0,1
data\val\real\000000028993.jpg,0,real,resize_0.5x,0.759095,1,0
data\val\real\000000029187.jpg,0,real,resize_0.5x,0.004408,0,1
data\val\real\000000029393.jpg,0,real,resize_0.5x,0.005464,0,1
data\val\real\000000029397.jpg,0,real,resize_0.5x,0.163008,0,1
data\val\real\000000029596.jpg,0,real,resize_0.5x,0.807363,1,0
data\val\real\000000029640.jpg,0,real,resize_0.5x,0.298302,0,1
data\val\real\000000029675.jpg,0,real,resize_0.5x,0.213138,0,1
data\val\real\000000029984.jpg,0,real,resize_0.5x,0.035844,0,1
data\val\real\000000030213.jpg,0,real,resize_0.5x,0.421303,0,1
data\val\real\000000030494.jpg,0,real,resize_0.5x,0.017177,0,1
data\val\real\000000030504.jpg,0,real,resize_0.5x,0.129810,0,1
data\val\real\000000030675.jpg,0,real,resize_0.5x,0.491679,0,1
data\val\real\000000030785.jpg,0,real,resize_0.5x,0.340940,0,1
data\val\real\000000030828.jpg,0,real,resize_0.5x,0.687538,1,0
data\val\real\000000031050.jpg,0,real,resize_0.5x,0.230469,0,1
data\val\real\000000031093.jpg,0,real,resize_0.5x,0.081559,0,1
data\val\real\000000031118.jpg,0,real,resize_0.5x,0.344666,0,1
data\val\real\000000031217.jpg,0,real,resize_0.5x,0.132788,0,1
data\val\real\000000031248.jpg,0,real,resize_0.5x,0.296483,0,1
data\val\real\000000031269.jpg,0,real,resize_0.5x,0.074786,0,1
data\val\real\000000031296.jpg,0,real,resize_0.5x,0.004243,0,1
data\val\real\000000031322.jpg,0,real,resize_0.5x,0.097531,0,1
data\val\real\000000031620.jpg,0,real,resize_0.5x,0.000377,0,1
data\val\real\000000031735.jpg,0,real,resize_0.5x,0.010217,0,1
data\val\real\000000031749.jpg,0,real,resize_0.5x,0.321225,0,1
data\val\real\000000031817.jpg,0,real,resize_0.5x,0.001499,0,1
data\val\real\000000032038.jpg,0,real,resize_0.5x,0.035838,0,1
data\val\real\000000032081.jpg,0,real,resize_0.5x,0.069017,0,1
data\val\real\000000032285.jpg,0,real,resize_0.5x,0.846674,1,0
data\val\real\000000032334.jpg,0,real,resize_0.5x,0.001118,0,1
data\val\real\000000032570.jpg,0,real,resize_0.5x,0.812515,1,0
data\val\real\000000032610.jpg,0,real,resize_0.5x,0.162377,0,1
data\val\real\000000032735.jpg,0,real,resize_0.5x,0.180855,0,1
data\val\real\000000032811.jpg,0,real,resize_0.5x,0.120053,0,1
data\val\real\000000032817.jpg,0,real,resize_0.5x,0.011295,0,1
data\val\real\000000032861.jpg,0,real,resize_0.5x,0.235231,0,1
data\val\real\000000032887.jpg,0,real,resize_0.5x,0.010406,0,1
data\val\real\000000032901.jpg,0,real,resize_0.5x,0.000281,0,1
data\val\real\000000032941.jpg,0,real,resize_0.5x,0.068454,0,1
data\val\real\000000033005.jpg,0,real,resize_0.5x,0.084534,0,1
data\val\real\000000033104.jpg,0,real,resize_0.5x,0.070413,0,1
data\val\real\000000033109.jpg,0,real,resize_0.5x,0.065240,0,1
data\val\real\000000033114.jpg,0,real,resize_0.5x,0.250019,0,1
data\val\real\000000033221.jpg,0,real,resize_0.5x,0.001597,0,1
data\val\real\000000033368.jpg,0,real,resize_0.5x,0.152204,0,1
data\val\real\000000033638.jpg,0,real,resize_0.5x,0.053171,0,1
data\val\real\000000033707.jpg,0,real,resize_0.5x,0.152384,0,1
data\val\real\000000033759.jpg,0,real,resize_0.5x,0.088069,0,1
data\val\real\000000033854.jpg,0,real,resize_0.5x,0.072901,0,1
data\val\real\000000034071.jpg,0,real,resize_0.5x,0.801480,1,0
data\val\real\000000034139.jpg,0,real,resize_0.5x,0.125762,0,1
data\val\real\000000034205.jpg,0,real,resize_0.5x,0.398808,0,1
data\val\real\000000034257.jpg,0,real,resize_0.5x,0.433247,0,1
data\val\real\000000034417.jpg,0,real,resize_0.5x,0.126891,0,1
data\val\real\000000034452.jpg,0,real,resize_0.5x,0.007393,0,1
data\val\real\000000034760.jpg,0,real,resize_0.5x,0.201193,0,1
data\val\real\000000034873.jpg,0,real,resize_0.5x,0.283207,0,1
data\val\real\000000035062.jpg,0,real,resize_0.5x,0.030842,0,1
data\val\real\000000035197.jpg,0,real,resize_0.5x,0.423927,0,1
data\val\real\000000035279.jpg,0,real,resize_0.5x,0.491687,0,1
data\val\real\000000035326.jpg,0,real,resize_0.5x,0.269263,0,1
data\val\real\000000035682.jpg,0,real,resize_0.5x,0.036510,0,1
data\val\real\000000035770.jpg,0,real,resize_0.5x,0.167963,0,1
data\val\real\000000035963.jpg,0,real,resize_0.5x,0.002560,0,1
data\val\real\000000036494.jpg,0,real,resize_0.5x,0.534981,1,0
data\val\real\000000036539.jpg,0,real,resize_0.5x,0.004878,0,1
data\val\real\000000036660.jpg,0,real,resize_0.5x,0.111459,0,1
data\val\real\000000036678.jpg,0,real,resize_0.5x,0.031023,0,1
data\val\real\000000036844.jpg,0,real,resize_0.5x,0.297564,0,1
data\val\real\000000036861.jpg,0,real,resize_0.5x,0.362440,0,1
data\val\real\000000036936.jpg,0,real,resize_0.5x,0.003090,0,1
data\val\real\000000037670.jpg,0,real,resize_0.5x,0.592667,1,0
data\val\real\000000037689.jpg,0,real,resize_0.5x,0.090095,0,1
data\val\real\000000037740.jpg,0,real,resize_0.5x,0.732622,1,0
data\val\real\000000037751.jpg,0,real,resize_0.5x,0.086742,0,1
data\val\real\000000037777.jpg,0,real,resize_0.5x,0.453968,0,1
data\val\real\000000037988.jpg,0,real,resize_0.5x,0.039348,0,1
data\val\real\000000038048.jpg,0,real,resize_0.5x,0.029194,0,1
data\val\real\000000038070.jpg,0,real,resize_0.5x,0.241181,0,1
data\val\real\000000038118.jpg,0,real,resize_0.5x,0.442958,0,1
data\val\real\000000038210.jpg,0,real,resize_0.5x,0.131848,0,1
data\val\real\000000038576.jpg,0,real,resize_0.5x,0.913121,1,0
data\val\real\000000038678.jpg,0,real,resize_0.5x,0.001431,0,1
data\val\real\000000038825.jpg,0,real,resize_0.5x,0.164182,0,1
data\val\real\000000038829.jpg,0,real,resize_0.5x,0.029848,0,1
data\val\real\000000039405.jpg,0,real,resize_0.5x,0.059234,0,1
data\val\real\000000039477.jpg,0,real,resize_0.5x,0.614233,1,0
data\val\real\000000039480.jpg,0,real,resize_0.5x,0.207913,0,1
data\val\real\000000039484.jpg,0,real,resize_0.5x,0.387856,0,1
data\val\real\000000039551.jpg,0,real,resize_0.5x,0.861840,1,0
data\val\real\000000039670.jpg,0,real,resize_0.5x,0.329395,0,1
data\val\real\000000039769.jpg,0,real,resize_0.5x,0.011998,0,1
data\val\real\000000039785.jpg,0,real,resize_0.5x,0.070801,0,1
data\val\real\000000039914.jpg,0,real,resize_0.5x,0.012015,0,1
data\val\real\000000039951.jpg,0,real,resize_0.5x,0.107191,0,1
data\val\real\000000039956.jpg,0,real,resize_0.5x,0.799102,1,0
data\val\real\000000040036.jpg,0,real,resize_0.5x,0.124347,0,1
data\val\real\000000040083.jpg,0,real,resize_0.5x,0.028906,0,1
data\val\real\000000040471.jpg,0,real,resize_0.5x,0.109314,0,1
data\val\real\000000040757.jpg,0,real,resize_0.5x,0.007855,0,1
data\val\real\000000041488.jpg,0,real,resize_0.5x,0.351848,0,1
data\val\real\000000041633.jpg,0,real,resize_0.5x,0.393816,0,1
data\val\real\000000041635.jpg,0,real,resize_0.5x,0.047659,0,1
data\val\real\000000041872.jpg,0,real,resize_0.5x,0.741826,1,0
data\val\real\000000041888.jpg,0,real,resize_0.5x,0.027958,0,1
data\val\real\000000041990.jpg,0,real,resize_0.5x,0.005951,0,1
data\val\real\000000042070.jpg,0,real,resize_0.5x,0.420248,0,1
data\val\real\000000042102.jpg,0,real,resize_0.5x,0.009851,0,1
data\val\real\000000042178.jpg,0,real,resize_0.5x,0.889050,1,0
data\val\real\000000042276.jpg,0,real,resize_0.5x,0.038193,0,1
data\val\real\000000042296.jpg,0,real,resize_0.5x,0.024830,0,1
data\val\real\000000042528.jpg,0,real,resize_0.5x,0.004496,0,1
data\val\real\000000042563.jpg,0,real,resize_0.5x,0.223563,0,1
data\val\real\000000042628.jpg,0,real,resize_0.5x,0.086961,0,1
data\val\real\000000042888.jpg,0,real,resize_0.5x,0.031242,0,1
data\val\real\000000042889.jpg,0,real,resize_0.5x,0.003654,0,1
data\val\real\000000043314.jpg,0,real,resize_0.5x,0.115023,0,1
data\val\real\000000043435.jpg,0,real,resize_0.5x,0.237607,0,1
data\val\real\000000043581.jpg,0,real,resize_0.5x,0.220287,0,1
data\val\real\000000043737.jpg,0,real,resize_0.5x,0.297773,0,1
data\val\real\000000043816.jpg,0,real,resize_0.5x,0.045340,0,1
data\val\real\000000044068.jpg,0,real,resize_0.5x,0.016442,0,1
data\val\real\000000044195.jpg,0,real,resize_0.5x,0.073728,0,1
data\val\real\000000044260.jpg,0,real,resize_0.5x,0.772932,1,0
data\val\real\000000044279.jpg,0,real,resize_0.5x,0.271185,0,1
data\val\real\000000044590.jpg,0,real,resize_0.5x,0.116485,0,1
data\val\real\000000044652.jpg,0,real,resize_0.5x,0.071331,0,1
data\val\real\000000044699.jpg,0,real,resize_0.5x,0.202390,0,1
data\val\real\000000044877.jpg,0,real,resize_0.5x,0.141573,0,1
data\val\real\000000045070.jpg,0,real,resize_0.5x,0.097646,0,1
data\val\real\000000045090.jpg,0,real,resize_0.5x,0.114393,0,1
data\val\real\000000045229.jpg,0,real,resize_0.5x,0.971734,1,0
data\val\real\000000045472.jpg,0,real,resize_0.5x,0.047131,0,1
data\val\real\000000045550.jpg,0,real,resize_0.5x,0.004452,0,1
data\val\real\000000045596.jpg,0,real,resize_0.5x,0.433306,0,1
data\val\real\000000045728.jpg,0,real,resize_0.5x,0.090083,0,1
data\val\real\000000046031.jpg,0,real,resize_0.5x,0.265155,0,1
data\val\real\000000046048.jpg,0,real,resize_0.5x,0.036836,0,1
data\val\real\000000046252.jpg,0,real,resize_0.5x,0.615394,1,0
data\val\real\000000046378.jpg,0,real,resize_0.5x,0.004918,0,1
data\val\real\000000046463.jpg,0,real,resize_0.5x,0.023210,0,1
data\val\real\000000046497.jpg,0,real,resize_0.5x,0.002651,0,1
data\val\real\000000046804.jpg,0,real,resize_0.5x,0.043434,0,1
data\val\real\000000046872.jpg,0,real,resize_0.5x,0.742964,1,0
data\val\real\000000047010.jpg,0,real,resize_0.5x,0.264927,0,1
data\val\real\000000047112.jpg,0,real,resize_0.5x,0.244844,0,1
data\val\real\000000047121.jpg,0,real,resize_0.5x,0.008068,0,1
data\val\real\000000047571.jpg,0,real,resize_0.5x,0.252035,0,1
data\val\real\000000047585.jpg,0,real,resize_0.5x,0.004453,0,1
data\val\real\000000047740.jpg,0,real,resize_0.5x,0.002776,0,1
data\val\real\000000047769.jpg,0,real,resize_0.5x,0.408643,0,1
data\val\real\000000047801.jpg,0,real,resize_0.5x,0.013502,0,1
data\val\real\000000047819.jpg,0,real,resize_0.5x,0.005026,0,1
data\val\real\000000047828.jpg,0,real,resize_0.5x,0.386760,0,1
data\val\real\000000048153.jpg,0,real,resize_0.5x,0.047245,0,1
data\val\real\000000048396.jpg,0,real,resize_0.5x,0.001264,0,1
data\val\real\000000048504.jpg,0,real,resize_0.5x,0.509446,1,0
data\val\real\000000048555.jpg,0,real,resize_0.5x,0.418009,0,1
data\val\real\000000048564.jpg,0,real,resize_0.5x,0.011236,0,1
data\val\real\000000048924.jpg,0,real,resize_0.5x,0.982574,1,0
data\val\real\000000049060.jpg,0,real,resize_0.5x,0.004752,0,1
data\val\real\000000049091.jpg,0,real,resize_0.5x,0.147219,0,1
data\val\real\000000049259.jpg,0,real,resize_0.5x,0.079920,0,1
data\val\real\000000049269.jpg,0,real,resize_0.5x,0.158806,0,1
data\val\real\000000049759.jpg,0,real,resize_0.5x,0.576962,1,0
data\val\real\000000049761.jpg,0,real,resize_0.5x,0.029307,0,1
data\val\real\000000049810.jpg,0,real,resize_0.5x,0.171456,0,1
data\val\real\000000050006.jpg,0,real,resize_0.5x,0.293590,0,1
data\val\real\000000050145.jpg,0,real,resize_0.5x,0.004507,0,1
data\val\real\000000050149.jpg,0,real,resize_0.5x,0.052023,0,1
data\val\real\000000050165.jpg,0,real,resize_0.5x,0.663243,1,0
data\val\real\000000050326.jpg,0,real,resize_0.5x,0.003013,0,1
data\val\real\000000050331.jpg,0,real,resize_0.5x,0.078868,0,1
data\val\real\000000050380.jpg,0,real,resize_0.5x,0.049801,0,1
data\val\real\000000050638.jpg,0,real,resize_0.5x,0.747865,1,0
data\val\real\000000050679.jpg,0,real,resize_0.5x,0.851412,1,0
data\val\real\000000050811.jpg,0,real,resize_0.5x,0.002137,0,1
data\val\real\000000050828.jpg,0,real,resize_0.5x,0.304614,0,1
data\val\real\000000050844.jpg,0,real,resize_0.5x,0.018816,0,1
data\val\real\000000050896.jpg,0,real,resize_0.5x,0.229746,0,1
data\val\real\000000050943.jpg,0,real,resize_0.5x,0.124220,0,1
data\val\real\000000051008.jpg,0,real,resize_0.5x,0.006016,0,1
data\val\real\000000051309.jpg,0,real,resize_0.5x,0.170547,0,1
data\val\real\000000051314.jpg,0,real,resize_0.5x,0.091481,0,1
data\val\real\000000051326.jpg,0,real,resize_0.5x,0.028011,0,1
data\val\real\000000051598.jpg,0,real,resize_0.5x,0.043154,0,1
data\val\real\000000051610.jpg,0,real,resize_0.5x,0.369913,0,1
data\val\real\000000051712.jpg,0,real,resize_0.5x,0.254671,0,1
data\val\real\000000051738.jpg,0,real,resize_0.5x,0.236576,0,1
data\val\real\000000051938.jpg,0,real,resize_0.5x,0.039229,0,1
data\val\real\000000051961.jpg,0,real,resize_0.5x,0.144112,0,1
data\val\real\000000051976.jpg,0,real,resize_0.5x,0.279979,0,1
data\val\real\000000052007.jpg,0,real,resize_0.5x,0.197405,0,1
data\val\real\000000052017.jpg,0,real,resize_0.5x,0.202293,0,1
data\val\real\000000052412.jpg,0,real,resize_0.5x,0.475347,0,1
data\val\real\000000052413.jpg,0,real,resize_0.5x,0.003150,0,1
data\val\real\000000052462.jpg,0,real,resize_0.5x,0.380840,0,1
data\val\real\000000052507.jpg,0,real,resize_0.5x,0.070728,0,1
data\val\real\000000052565.jpg,0,real,resize_0.5x,0.249239,0,1
data\val\real\000000052591.jpg,0,real,resize_0.5x,0.098057,0,1
data\val\real\000000052891.jpg,0,real,resize_0.5x,0.073253,0,1
data\val\real\000000052996.jpg,0,real,resize_0.5x,0.038341,0,1
data\val\real\000000053505.jpg,0,real,resize_0.5x,0.212906,0,1
data\val\real\000000053529.jpg,0,real,resize_0.5x,0.026975,0,1
data\val\real\000000053624.jpg,0,real,resize_0.5x,0.057185,0,1
data\val\real\000000053626.jpg,0,real,resize_0.5x,0.003481,0,1
data\val\real\000000053909.jpg,0,real,resize_0.5x,0.106396,0,1
data\val\real\000000053994.jpg,0,real,resize_0.5x,0.530613,1,0
data\val\real\000000054123.jpg,0,real,resize_0.5x,0.302474,0,1
data\val\real\000000054164.jpg,0,real,resize_0.5x,0.306185,0,1
data\val\real\000000054592.jpg,0,real,resize_0.5x,0.150181,0,1
data\val\real\000000054593.jpg,0,real,resize_0.5x,0.154074,0,1
data\val\real\000000054605.jpg,0,real,resize_0.5x,0.053533,0,1
data\val\real\000000054628.jpg,0,real,resize_0.5x,0.016221,0,1
data\val\real\000000054654.jpg,0,real,resize_0.5x,0.006358,0,1
data\val\real\000000054931.jpg,0,real,resize_0.5x,0.678841,1,0
data\val\real\000000054967.jpg,0,real,resize_0.5x,0.647791,1,0
data\val\real\000000055002.jpg,0,real,resize_0.5x,0.116820,0,1
data\val\real\000000055022.jpg,0,real,resize_0.5x,0.092257,0,1
data\val\real\000000055072.jpg,0,real,resize_0.5x,0.283008,0,1
data\val\real\000000055150.jpg,0,real,resize_0.5x,0.045373,0,1
data\val\real\000000055167.jpg,0,real,resize_0.5x,0.010886,0,1
data\val\real\000000055299.jpg,0,real,resize_0.5x,0.198281,0,1
data\val\real\000000055528.jpg,0,real,resize_0.5x,0.006938,0,1
data\val\real\000000055950.jpg,0,real,resize_0.5x,0.072042,0,1
data\val\real\000000056127.jpg,0,real,resize_0.5x,0.504403,1,0
data\val\real\000000056288.jpg,0,real,resize_0.5x,0.117594,0,1
data\val\real\000000056344.jpg,0,real,resize_0.5x,0.453347,0,1
data\val\real\000000056350.jpg,0,real,resize_0.5x,0.282682,0,1
data\val\real\000000056545.jpg,0,real,resize_0.5x,0.012142,0,1
data\val\ai\ai_000001.png,1,ai,resize_0.5x,0.991225,1,1
data\val\ai\ai_000002.png,1,ai,resize_0.5x,0.993478,1,1
data\val\ai\ai_000003.png,1,ai,resize_0.5x,0.976492,1,1
data\val\ai\ai_000004.png,1,ai,resize_0.5x,0.968298,1,1
data\val\ai\ai_000005.png,1,ai,resize_0.5x,0.996651,1,1
data\val\ai\ai_000006.png,1,ai,resize_0.5x,0.961205,1,1
data\val\ai\ai_000007.png,1,ai,resize_0.5x,0.991836,1,1
data\val\ai\ai_000008.png,1,ai,resize_0.5x,0.933998,1,1
data\val\ai\ai_000009.png,1,ai,resize_0.5x,0.956338,1,1
data\val\ai\ai_000010.png,1,ai,resize_0.5x,0.977347,1,1
data\val\ai\ai_000011.png,1,ai,resize_0.5x,0.993121,1,1
data\val\ai\ai_000012.png,1,ai,resize_0.5x,0.984665,1,1
data\val\ai\ai_000013.png,1,ai,resize_0.5x,0.997498,1,1
data\val\ai\ai_000014.png,1,ai,resize_0.5x,0.997049,1,1
data\val\ai\ai_000015.png,1,ai,resize_0.5x,0.996412,1,1
data\val\ai\ai_000016.png,1,ai,resize_0.5x,0.967015,1,1
data\val\ai\ai_000017.png,1,ai,resize_0.5x,0.968297,1,1
data\val\ai\ai_000018.png,1,ai,resize_0.5x,0.995026,1,1
data\val\ai\ai_000019.png,1,ai,resize_0.5x,0.802608,1,1
data\val\ai\ai_000020.png,1,ai,resize_0.5x,0.960105,1,1
data\val\ai\ai_000021.png,1,ai,resize_0.5x,0.999040,1,1
data\val\ai\ai_000022.png,1,ai,resize_0.5x,0.866827,1,1
data\val\ai\ai_000023.png,1,ai,resize_0.5x,0.984864,1,1
data\val\ai\ai_000024.png,1,ai,resize_0.5x,0.937839,1,1
data\val\ai\ai_000025.png,1,ai,resize_0.5x,0.986429,1,1
data\val\ai\ai_000026.png,1,ai,resize_0.5x,0.864356,1,1
data\val\ai\ai_000027.png,1,ai,resize_0.5x,0.988561,1,1
data\val\ai\ai_000028.png,1,ai,resize_0.5x,0.988432,1,1
data\val\ai\ai_000029.png,1,ai,resize_0.5x,0.997177,1,1
data\val\ai\ai_000030.png,1,ai,resize_0.5x,0.804315,1,1
data\val\ai\ai_000031.png,1,ai,resize_0.5x,0.941744,1,1
data\val\ai\ai_000032.png,1,ai,resize_0.5x,0.979773,1,1
data\val\ai\ai_000033.png,1,ai,resize_0.5x,0.994574,1,1
data\val\ai\ai_000034.png,1,ai,resize_0.5x,0.996817,1,1
data\val\ai\ai_000035.png,1,ai,resize_0.5x,0.997884,1,1
data\val\ai\ai_000036.png,1,ai,resize_0.5x,0.996239,1,1
data\val\ai\ai_000037.png,1,ai,resize_0.5x,0.990763,1,1
data\val\ai\ai_000038.png,1,ai,resize_0.5x,0.961210,1,1
data\val\ai\ai_000039.png,1,ai,resize_0.5x,0.994591,1,1
data\val\ai\ai_000040.png,1,ai,resize_0.5x,0.675311,1,1
data\val\ai\ai_000041.png,1,ai,resize_0.5x,0.999774,1,1
data\val\ai\ai_000042.png,1,ai,resize_0.5x,0.999272,1,1
data\val\ai\ai_000043.png,1,ai,resize_0.5x,0.999795,1,1
data\val\ai\ai_000044.png,1,ai,resize_0.5x,0.892127,1,1
data\val\ai\ai_000045.png,1,ai,resize_0.5x,0.999118,1,1
data\val\ai\ai_000046.png,1,ai,resize_0.5x,0.879854,1,1
data\val\ai\ai_000047.png,1,ai,resize_0.5x,0.966405,1,1
data\val\ai\ai_000048.png,1,ai,resize_0.5x,0.954376,1,1
data\val\ai\ai_000049.png,1,ai,resize_0.5x,0.989351,1,1
data\val\ai\ai_000050.png,1,ai,resize_0.5x,0.985804,1,1
data\val\ai\ai_000051.png,1,ai,resize_0.5x,0.994877,1,1
data\val\ai\ai_000052.png,1,ai,resize_0.5x,0.998182,1,1
data\val\ai\ai_000053.png,1,ai,resize_0.5x,0.996349,1,1
data\val\ai\ai_000054.png,1,ai,resize_0.5x,0.996998,1,1
data\val\ai\ai_000055.png,1,ai,resize_0.5x,0.871514,1,1
data\val\ai\ai_000056.png,1,ai,resize_0.5x,0.893638,1,1
data\val\ai\ai_000057.png,1,ai,resize_0.5x,0.939453,1,1
data\val\ai\ai_000058.png,1,ai,resize_0.5x,0.216955,0,0
data\val\ai\ai_000059.png,1,ai,resize_0.5x,0.980969,1,1
data\val\ai\ai_000060.png,1,ai,resize_0.5x,0.897986,1,1
data\val\ai\ai_000061.png,1,ai,resize_0.5x,0.988078,1,1
data\val\ai\ai_000062.png,1,ai,resize_0.5x,0.994562,1,1
data\val\ai\ai_000063.png,1,ai,resize_0.5x,0.996367,1,1
data\val\ai\ai_000064.png,1,ai,resize_0.5x,0.794779,1,1
data\val\ai\ai_000065.png,1,ai,resize_0.5x,0.977939,1,1
data\val\ai\ai_000066.png,1,ai,resize_0.5x,0.966395,1,1
data\val\ai\ai_000067.png,1,ai,resize_0.5x,0.996850,1,1
data\val\ai\ai_000068.png,1,ai,resize_0.5x,0.899232,1,1
data\val\ai\ai_000069.png,1,ai,resize_0.5x,0.998555,1,1
data\val\ai\ai_000070.png,1,ai,resize_0.5x,0.928447,1,1
data\val\ai\ai_000071.png,1,ai,resize_0.5x,0.999425,1,1
data\val\ai\ai_000072.png,1,ai,resize_0.5x,0.967152,1,1
data\val\ai\ai_000073.png,1,ai,resize_0.5x,0.998194,1,1
data\val\ai\ai_000074.png,1,ai,resize_0.5x,0.998788,1,1
data\val\ai\ai_000075.png,1,ai,resize_0.5x,0.998769,1,1
data\val\ai\ai_000076.png,1,ai,resize_0.5x,0.980037,1,1
data\val\ai\ai_000077.png,1,ai,resize_0.5x,0.994899,1,1
data\val\ai\ai_000078.png,1,ai,resize_0.5x,0.670673,1,1
data\val\ai\ai_000079.png,1,ai,resize_0.5x,0.910167,1,1
data\val\ai\ai_000080.png,1,ai,resize_0.5x,0.914265,1,1
data\val\ai\ai_000081.png,1,ai,resize_0.5x,0.997564,1,1
data\val\ai\ai_000082.png,1,ai,resize_0.5x,0.999562,1,1
data\val\ai\ai_000083.png,1,ai,resize_0.5x,0.986697,1,1
data\val\ai\ai_000084.png,1,ai,resize_0.5x,0.994065,1,1
data\val\ai\ai_000085.png,1,ai,resize_0.5x,0.988162,1,1
data\val\ai\ai_000086.png,1,ai,resize_0.5x,0.804778,1,1
data\val\ai\ai_000087.png,1,ai,resize_0.5x,0.995872,1,1
data\val\ai\ai_000088.png,1,ai,resize_0.5x,0.946856,1,1
data\val\ai\ai_000089.png,1,ai,resize_0.5x,0.968651,1,1
data\val\ai\ai_000090.png,1,ai,resize_0.5x,0.883905,1,1
data\val\ai\ai_000091.png,1,ai,resize_0.5x,0.990299,1,1
data\val\ai\ai_000092.png,1,ai,resize_0.5x,0.997930,1,1
data\val\ai\ai_000093.png,1,ai,resize_0.5x,0.990782,1,1
data\val\ai\ai_000094.png,1,ai,resize_0.5x,0.999165,1,1
data\val\ai\ai_000095.png,1,ai,resize_0.5x,0.992137,1,1
data\val\ai\ai_000096.png,1,ai,resize_0.5x,0.991382,1,1
data\val\ai\ai_000097.png,1,ai,resize_0.5x,0.816264,1,1
data\val\ai\ai_000098.png,1,ai,resize_0.5x,0.959279,1,1
data\val\ai\ai_000099.png,1,ai,resize_0.5x,0.765223,1,1
data\val\ai\ai_000100.png,1,ai,resize_0.5x,0.985342,1,1
data\val\ai\ai_000101.png,1,ai,resize_0.5x,0.996975,1,1
data\val\ai\ai_000102.png,1,ai,resize_0.5x,0.916987,1,1
data\val\ai\ai_000103.png,1,ai,resize_0.5x,0.984671,1,1
data\val\ai\ai_000104.png,1,ai,resize_0.5x,0.997042,1,1
data\val\ai\ai_000105.png,1,ai,resize_0.5x,0.652002,1,1
data\val\ai\ai_000106.png,1,ai,resize_0.5x,0.862494,1,1
data\val\ai\ai_000107.png,1,ai,resize_0.5x,0.980343,1,1
data\val\ai\ai_000108.png,1,ai,resize_0.5x,0.995860,1,1
data\val\ai\ai_000109.png,1,ai,resize_0.5x,0.999616,1,1
data\val\ai\ai_000110.png,1,ai,resize_0.5x,0.975726,1,1
data\val\ai\ai_000111.png,1,ai,resize_0.5x,0.983156,1,1
data\val\ai\ai_000112.png,1,ai,resize_0.5x,0.894969,1,1
data\val\ai\ai_000113.png,1,ai,resize_0.5x,0.990203,1,1
data\val\ai\ai_000114.png,1,ai,resize_0.5x,0.994767,1,1
data\val\ai\ai_000115.png,1,ai,resize_0.5x,0.989500,1,1
data\val\ai\ai_000116.png,1,ai,resize_0.5x,0.919135,1,1
data\val\ai\ai_000117.png,1,ai,resize_0.5x,0.993896,1,1
data\val\ai\ai_000118.png,1,ai,resize_0.5x,0.992627,1,1
data\val\ai\ai_000119.png,1,ai,resize_0.5x,0.954293,1,1
data\val\ai\ai_000120.png,1,ai,resize_0.5x,0.899540,1,1
data\val\ai\ai_000121.png,1,ai,resize_0.5x,0.999550,1,1
data\val\ai\ai_000122.png,1,ai,resize_0.5x,0.990706,1,1
data\val\ai\ai_000123.png,1,ai,resize_0.5x,0.955410,1,1
data\val\ai\ai_000124.png,1,ai,resize_0.5x,0.939192,1,1
data\val\ai\ai_000125.png,1,ai,resize_0.5x,0.999002,1,1
data\val\ai\ai_000126.png,1,ai,resize_0.5x,0.972748,1,1
data\val\ai\ai_000127.png,1,ai,resize_0.5x,0.997880,1,1
data\val\ai\ai_000128.png,1,ai,resize_0.5x,0.989659,1,1
data\val\ai\ai_000129.png,1,ai,resize_0.5x,0.993111,1,1
data\val\ai\ai_000130.png,1,ai,resize_0.5x,0.796137,1,1
data\val\ai\ai_000131.png,1,ai,resize_0.5x,0.996892,1,1
data\val\ai\ai_000132.png,1,ai,resize_0.5x,0.989039,1,1
data\val\ai\ai_000133.png,1,ai,resize_0.5x,0.998333,1,1
data\val\ai\ai_000134.png,1,ai,resize_0.5x,0.996731,1,1
data\val\ai\ai_000135.png,1,ai,resize_0.5x,0.999580,1,1
data\val\ai\ai_000136.png,1,ai,resize_0.5x,0.794871,1,1
data\val\ai\ai_000137.png,1,ai,resize_0.5x,0.915000,1,1
data\val\ai\ai_000138.png,1,ai,resize_0.5x,0.887655,1,1
data\val\ai\ai_000139.png,1,ai,resize_0.5x,0.995836,1,1
data\val\ai\ai_000140.png,1,ai,resize_0.5x,0.899924,1,1
data\val\ai\ai_000141.png,1,ai,resize_0.5x,0.999566,1,1
data\val\ai\ai_000142.png,1,ai,resize_0.5x,0.979978,1,1
data\val\ai\ai_000143.png,1,ai,resize_0.5x,0.998342,1,1
data\val\ai\ai_000144.png,1,ai,resize_0.5x,0.996271,1,1
data\val\ai\ai_000145.png,1,ai,resize_0.5x,0.993353,1,1
data\val\ai\ai_000146.png,1,ai,resize_0.5x,0.993717,1,1
data\val\ai\ai_000147.png,1,ai,resize_0.5x,0.980539,1,1
data\val\ai\ai_000148.png,1,ai,resize_0.5x,0.437803,0,0
data\val\ai\ai_000149.png,1,ai,resize_0.5x,0.998002,1,1
data\val\ai\ai_000150.png,1,ai,resize_0.5x,0.936023,1,1
data\val\ai\ai_000151.png,1,ai,resize_0.5x,0.938391,1,1
data\val\ai\ai_000152.png,1,ai,resize_0.5x,0.977419,1,1
data\val\ai\ai_000153.png,1,ai,resize_0.5x,0.999538,1,1
data\val\ai\ai_000154.png,1,ai,resize_0.5x,0.994975,1,1
data\val\ai\ai_000155.png,1,ai,resize_0.5x,0.994663,1,1
data\val\ai\ai_000156.png,1,ai,resize_0.5x,0.593038,1,1
data\val\ai\ai_000157.png,1,ai,resize_0.5x,0.987269,1,1
data\val\ai\ai_000158.png,1,ai,resize_0.5x,0.282555,0,0
data\val\ai\ai_000159.png,1,ai,resize_0.5x,0.999412,1,1
data\val\ai\ai_000160.png,1,ai,resize_0.5x,0.159030,0,0
data\val\ai\ai_000161.png,1,ai,resize_0.5x,0.995724,1,1
data\val\ai\ai_000162.png,1,ai,resize_0.5x,0.990337,1,1
data\val\ai\ai_000163.png,1,ai,resize_0.5x,0.997360,1,1
data\val\ai\ai_000164.png,1,ai,resize_0.5x,0.999320,1,1
data\val\ai\ai_000165.png,1,ai,resize_0.5x,0.999868,1,1
data\val\ai\ai_000166.png,1,ai,resize_0.5x,0.987340,1,1
data\val\ai\ai_000167.png,1,ai,resize_0.5x,0.982968,1,1
data\val\ai\ai_000168.png,1,ai,resize_0.5x,0.607789,1,1
data\val\ai\ai_000169.png,1,ai,resize_0.5x,0.994357,1,1
data\val\ai\ai_000170.png,1,ai,resize_0.5x,0.990096,1,1
data\val\ai\ai_000171.png,1,ai,resize_0.5x,0.990258,1,1
data\val\ai\ai_000172.png,1,ai,resize_0.5x,0.992372,1,1
data\val\ai\ai_000173.png,1,ai,resize_0.5x,0.986693,1,1
data\val\ai\ai_000174.png,1,ai,resize_0.5x,0.999823,1,1
data\val\ai\ai_000175.png,1,ai,resize_0.5x,0.995862,1,1
data\val\ai\ai_000176.png,1,ai,resize_0.5x,0.992251,1,1
data\val\ai\ai_000177.png,1,ai,resize_0.5x,0.991877,1,1
data\val\ai\ai_000178.png,1,ai,resize_0.5x,0.802227,1,1
data\val\ai\ai_000179.png,1,ai,resize_0.5x,0.999600,1,1
data\val\ai\ai_000180.png,1,ai,resize_0.5x,0.961644,1,1
data\val\ai\ai_000181.png,1,ai,resize_0.5x,0.991865,1,1
data\val\ai\ai_000182.png,1,ai,resize_0.5x,0.983673,1,1
data\val\ai\ai_000183.png,1,ai,resize_0.5x,0.982551,1,1
data\val\ai\ai_000184.png,1,ai,resize_0.5x,0.994547,1,1
data\val\ai\ai_000185.png,1,ai,resize_0.5x,0.991165,1,1
data\val\ai\ai_000186.png,1,ai,resize_0.5x,0.895841,1,1
data\val\ai\ai_000187.png,1,ai,resize_0.5x,0.995248,1,1
data\val\ai\ai_000188.png,1,ai,resize_0.5x,0.783114,1,1
data\val\ai\ai_000189.png,1,ai,resize_0.5x,0.996510,1,1
data\val\ai\ai_000190.png,1,ai,resize_0.5x,0.958422,1,1
data\val\ai\ai_000191.png,1,ai,resize_0.5x,0.899855,1,1
data\val\ai\ai_000192.png,1,ai,resize_0.5x,0.998067,1,1
data\val\ai\ai_000193.png,1,ai,resize_0.5x,0.999654,1,1
data\val\ai\ai_000194.png,1,ai,resize_0.5x,0.985240,1,1
data\val\ai\ai_000195.png,1,ai,resize_0.5x,0.996771,1,1
data\val\ai\ai_000196.png,1,ai,resize_0.5x,0.997919,1,1
data\val\ai\ai_000197.png,1,ai,resize_0.5x,0.959828,1,1
data\val\ai\ai_000198.png,1,ai,resize_0.5x,0.984106,1,1
data\val\ai\ai_000199.png,1,ai,resize_0.5x,0.967671,1,1
data\val\ai\ai_000200.png,1,ai,resize_0.5x,0.942490,1,1
data\val\ai\ai_000201.png,1,ai,resize_0.5x,0.977456,1,1
data\val\ai\ai_000202.png,1,ai,resize_0.5x,0.921105,1,1
data\val\ai\ai_000203.png,1,ai,resize_0.5x,0.998334,1,1
data\val\ai\ai_000204.png,1,ai,resize_0.5x,0.997505,1,1
data\val\ai\ai_000205.png,1,ai,resize_0.5x,0.973603,1,1
data\val\ai\ai_000206.png,1,ai,resize_0.5x,0.998651,1,1
data\val\ai\ai_000207.png,1,ai,resize_0.5x,0.997781,1,1
data\val\ai\ai_000208.png,1,ai,resize_0.5x,0.966494,1,1
data\val\ai\ai_000209.png,1,ai,resize_0.5x,0.997133,1,1
data\val\ai\ai_000210.png,1,ai,resize_0.5x,0.933998,1,1
data\val\ai\ai_000211.png,1,ai,resize_0.5x,0.998891,1,1
data\val\ai\ai_000212.png,1,ai,resize_0.5x,0.999514,1,1
data\val\ai\ai_000213.png,1,ai,resize_0.5x,0.985289,1,1
data\val\ai\ai_000214.png,1,ai,resize_0.5x,0.999218,1,1
data\val\ai\ai_000215.png,1,ai,resize_0.5x,0.980772,1,1
data\val\ai\ai_000216.png,1,ai,resize_0.5x,0.969049,1,1
data\val\ai\ai_000217.png,1,ai,resize_0.5x,0.958402,1,1
data\val\ai\ai_000218.png,1,ai,resize_0.5x,0.925035,1,1
data\val\ai\ai_000219.png,1,ai,resize_0.5x,0.996211,1,1
data\val\ai\ai_000220.png,1,ai,resize_0.5x,0.778072,1,1
data\val\ai\ai_000221.png,1,ai,resize_0.5x,0.994717,1,1
data\val\ai\ai_000222.png,1,ai,resize_0.5x,0.950582,1,1
data\val\ai\ai_000223.png,1,ai,resize_0.5x,0.997975,1,1
data\val\ai\ai_000224.png,1,ai,resize_0.5x,0.985189,1,1
data\val\ai\ai_000225.png,1,ai,resize_0.5x,0.994020,1,1
data\val\ai\ai_000226.png,1,ai,resize_0.5x,0.987073,1,1
data\val\ai\ai_000227.png,1,ai,resize_0.5x,0.985471,1,1
data\val\ai\ai_000228.png,1,ai,resize_0.5x,0.149779,0,0
data\val\ai\ai_000229.png,1,ai,resize_0.5x,0.991485,1,1
data\val\ai\ai_000230.png,1,ai,resize_0.5x,0.971788,1,1
data\val\ai\ai_000231.png,1,ai,resize_0.5x,0.999587,1,1
data\val\ai\ai_000232.png,1,ai,resize_0.5x,0.947835,1,1
data\val\ai\ai_000233.png,1,ai,resize_0.5x,0.990606,1,1
data\val\ai\ai_000234.png,1,ai,resize_0.5x,0.999505,1,1
data\val\ai\ai_000235.png,1,ai,resize_0.5x,0.997878,1,1
data\val\ai\ai_000236.png,1,ai,resize_0.5x,0.967005,1,1
data\val\ai\ai_000237.png,1,ai,resize_0.5x,0.958006,1,1
data\val\ai\ai_000238.png,1,ai,resize_0.5x,0.919234,1,1
data\val\ai\ai_000239.png,1,ai,resize_0.5x,0.872284,1,1
data\val\ai\ai_000240.png,1,ai,resize_0.5x,0.867609,1,1
data\val\ai\ai_000241.png,1,ai,resize_0.5x,0.982947,1,1
data\val\ai\ai_000242.png,1,ai,resize_0.5x,0.999188,1,1
data\val\ai\ai_000243.png,1,ai,resize_0.5x,0.991326,1,1
data\val\ai\ai_000244.png,1,ai,resize_0.5x,0.998379,1,1
data\val\ai\ai_000245.png,1,ai,resize_0.5x,0.940504,1,1
data\val\ai\ai_000246.png,1,ai,resize_0.5x,0.998635,1,1
data\val\ai\ai_000247.png,1,ai,resize_0.5x,0.933487,1,1
data\val\ai\ai_000248.png,1,ai,resize_0.5x,0.992546,1,1
data\val\ai\ai_000249.png,1,ai,resize_0.5x,0.998968,1,1
data\val\ai\ai_000250.png,1,ai,resize_0.5x,0.643772,1,1
data\val\ai\ai_000251.png,1,ai,resize_0.5x,0.977589,1,1
data\val\ai\ai_000252.png,1,ai,resize_0.5x,0.996313,1,1
data\val\ai\ai_000253.png,1,ai,resize_0.5x,0.996491,1,1
data\val\ai\ai_000254.png,1,ai,resize_0.5x,0.976874,1,1
data\val\ai\ai_000255.png,1,ai,resize_0.5x,0.836163,1,1
data\val\ai\ai_000256.png,1,ai,resize_0.5x,0.623867,1,1
data\val\ai\ai_000257.png,1,ai,resize_0.5x,0.987838,1,1
data\val\ai\ai_000258.png,1,ai,resize_0.5x,0.878525,1,1
data\val\ai\ai_000259.png,1,ai,resize_0.5x,0.998776,1,1
data\val\ai\ai_000260.png,1,ai,resize_0.5x,0.685697,1,1
data\val\ai\ai_000261.png,1,ai,resize_0.5x,0.993540,1,1
data\val\ai\ai_000262.png,1,ai,resize_0.5x,0.997756,1,1
data\val\ai\ai_000263.png,1,ai,resize_0.5x,0.992600,1,1
data\val\ai\ai_000264.png,1,ai,resize_0.5x,0.999803,1,1
data\val\ai\ai_000265.png,1,ai,resize_0.5x,0.987746,1,1
data\val\ai\ai_000266.png,1,ai,resize_0.5x,0.972696,1,1
data\val\ai\ai_000267.png,1,ai,resize_0.5x,0.996518,1,1
data\val\ai\ai_000268.png,1,ai,resize_0.5x,0.955588,1,1
data\val\ai\ai_000269.png,1,ai,resize_0.5x,0.997480,1,1
data\val\ai\ai_000270.png,1,ai,resize_0.5x,0.865557,1,1
data\val\ai\ai_000271.png,1,ai,resize_0.5x,0.986648,1,1
data\val\ai\ai_000272.png,1,ai,resize_0.5x,0.997290,1,1
data\val\ai\ai_000273.png,1,ai,resize_0.5x,0.998310,1,1
data\val\ai\ai_000274.png,1,ai,resize_0.5x,0.996181,1,1
data\val\ai\ai_000275.png,1,ai,resize_0.5x,0.997693,1,1
data\val\ai\ai_000276.png,1,ai,resize_0.5x,0.995075,1,1
data\val\ai\ai_000277.png,1,ai,resize_0.5x,0.987548,1,1
data\val\ai\ai_000278.png,1,ai,resize_0.5x,0.991711,1,1
data\val\ai\ai_000279.png,1,ai,resize_0.5x,0.986169,1,1
data\val\ai\ai_000280.png,1,ai,resize_0.5x,0.877572,1,1
data\val\ai\ai_000281.png,1,ai,resize_0.5x,0.981229,1,1
data\val\ai\ai_000282.png,1,ai,resize_0.5x,0.942363,1,1
data\val\ai\ai_000283.png,1,ai,resize_0.5x,0.998435,1,1
data\val\ai\ai_000284.png,1,ai,resize_0.5x,0.988524,1,1
data\val\ai\ai_000285.png,1,ai,resize_0.5x,0.996002,1,1
data\val\ai\ai_000286.png,1,ai,resize_0.5x,0.991859,1,1
data\val\ai\ai_000287.png,1,ai,resize_0.5x,0.973169,1,1
data\val\ai\ai_000288.png,1,ai,resize_0.5x,0.308430,0,0
data\val\ai\ai_000289.png,1,ai,resize_0.5x,0.995028,1,1
data\val\ai\ai_000290.png,1,ai,resize_0.5x,0.689197,1,1
data\val\ai\ai_000291.png,1,ai,resize_0.5x,0.997948,1,1
data\val\ai\ai_000292.png,1,ai,resize_0.5x,0.995098,1,1
data\val\ai\ai_000293.png,1,ai,resize_0.5x,0.583005,1,1
data\val\ai\ai_000294.png,1,ai,resize_0.5x,0.995895,1,1
data\val\ai\ai_000295.png,1,ai,resize_0.5x,0.994206,1,1
data\val\ai\ai_000296.png,1,ai,resize_0.5x,0.998888,1,1
data\val\ai\ai_000297.png,1,ai,resize_0.5x,0.997699,1,1
data\val\ai\ai_000298.png,1,ai,resize_0.5x,0.987525,1,1
data\val\ai\ai_000299.png,1,ai,resize_0.5x,0.984033,1,1
data\val\ai\ai_000300.png,1,ai,resize_0.5x,0.620689,1,1
data\val\ai\ai_000301.png,1,ai,resize_0.5x,0.971350,1,1
data\val\ai\ai_000302.png,1,ai,resize_0.5x,0.804397,1,1
data\val\ai\ai_000303.png,1,ai,resize_0.5x,0.979666,1,1
data\val\ai\ai_000304.png,1,ai,resize_0.5x,0.995496,1,1
data\val\ai\ai_000305.png,1,ai,resize_0.5x,0.967825,1,1
data\val\ai\ai_000306.png,1,ai,resize_0.5x,0.991795,1,1
data\val\ai\ai_000307.png,1,ai,resize_0.5x,0.971249,1,1
data\val\ai\ai_000308.png,1,ai,resize_0.5x,0.875412,1,1
data\val\ai\ai_000309.png,1,ai,resize_0.5x,0.945076,1,1
data\val\ai\ai_000310.png,1,ai,resize_0.5x,0.939404,1,1
data\val\ai\ai_000311.png,1,ai,resize_0.5x,0.970693,1,1
data\val\ai\ai_000312.png,1,ai,resize_0.5x,0.966159,1,1
data\val\ai\ai_000313.png,1,ai,resize_0.5x,0.798738,1,1
data\val\ai\ai_000314.png,1,ai,resize_0.5x,0.998938,1,1
data\val\ai\ai_000315.png,1,ai,resize_0.5x,0.994249,1,1
data\val\ai\ai_000316.png,1,ai,resize_0.5x,0.995353,1,1
data\val\ai\ai_000317.png,1,ai,resize_0.5x,0.999402,1,1
data\val\ai\ai_000318.png,1,ai,resize_0.5x,0.162915,0,0
data\val\ai\ai_000319.png,1,ai,resize_0.5x,0.934163,1,1
data\val\ai\ai_000320.png,1,ai,resize_0.5x,0.982423,1,1
data\val\ai\ai_000321.png,1,ai,resize_0.5x,0.995550,1,1
data\val\ai\ai_000322.png,1,ai,resize_0.5x,0.956487,1,1
data\val\ai\ai_000323.png,1,ai,resize_0.5x,0.998251,1,1
data\val\ai\ai_000324.png,1,ai,resize_0.5x,0.999404,1,1
data\val\ai\ai_000325.png,1,ai,resize_0.5x,0.992612,1,1
data\val\ai\ai_000326.png,1,ai,resize_0.5x,0.996949,1,1
data\val\ai\ai_000327.png,1,ai,resize_0.5x,0.999480,1,1
data\val\ai\ai_000328.png,1,ai,resize_0.5x,0.928091,1,1
data\val\ai\ai_000329.png,1,ai,resize_0.5x,0.971329,1,1
data\val\ai\ai_000330.png,1,ai,resize_0.5x,0.963187,1,1
data\val\ai\ai_000331.png,1,ai,resize_0.5x,0.991299,1,1
data\val\ai\ai_000332.png,1,ai,resize_0.5x,0.865661,1,1
data\val\ai\ai_000333.png,1,ai,resize_0.5x,0.996214,1,1
data\val\ai\ai_000334.png,1,ai,resize_0.5x,0.986066,1,1
data\val\ai\ai_000335.png,1,ai,resize_0.5x,0.998030,1,1
data\val\ai\ai_000336.png,1,ai,resize_0.5x,0.827751,1,1
data\val\ai\ai_000337.png,1,ai,resize_0.5x,0.998157,1,1
data\val\ai\ai_000338.png,1,ai,resize_0.5x,0.417501,0,0
data\val\ai\ai_000339.png,1,ai,resize_0.5x,0.998876,1,1
data\val\ai\ai_000340.png,1,ai,resize_0.5x,0.967103,1,1
data\val\ai\ai_000341.png,1,ai,resize_0.5x,0.991064,1,1
data\val\ai\ai_000342.png,1,ai,resize_0.5x,0.675189,1,1
data\val\ai\ai_000343.png,1,ai,resize_0.5x,0.998916,1,1
data\val\ai\ai_000344.png,1,ai,resize_0.5x,0.993552,1,1
data\val\ai\ai_000345.png,1,ai,resize_0.5x,0.987216,1,1
data\val\ai\ai_000346.png,1,ai,resize_0.5x,0.998625,1,1
data\val\ai\ai_000347.png,1,ai,resize_0.5x,0.981416,1,1
data\val\ai\ai_000348.png,1,ai,resize_0.5x,0.977651,1,1
data\val\ai\ai_000349.png,1,ai,resize_0.5x,0.999092,1,1
data\val\ai\ai_000350.png,1,ai,resize_0.5x,0.827281,1,1
data\val\ai\ai_000351.png,1,ai,resize_0.5x,0.990652,1,1
data\val\ai\ai_000352.png,1,ai,resize_0.5x,0.940895,1,1
data\val\ai\ai_000353.png,1,ai,resize_0.5x,0.972603,1,1
data\val\ai\ai_000354.png,1,ai,resize_0.5x,0.999177,1,1
data\val\ai\ai_000355.png,1,ai,resize_0.5x,0.991823,1,1
data\val\ai\ai_000356.png,1,ai,resize_0.5x,0.933001,1,1
data\val\ai\ai_000357.png,1,ai,resize_0.5x,0.990155,1,1
data\val\ai\ai_000358.png,1,ai,resize_0.5x,0.270965,0,0
data\val\ai\ai_000359.png,1,ai,resize_0.5x,0.996226,1,1
data\val\ai\ai_000360.png,1,ai,resize_0.5x,0.948353,1,1
data\val\ai\ai_000361.png,1,ai,resize_0.5x,0.995672,1,1
data\val\ai\ai_000362.png,1,ai,resize_0.5x,0.903780,1,1
data\val\ai\ai_000363.png,1,ai,resize_0.5x,0.998067,1,1
data\val\ai\ai_000364.png,1,ai,resize_0.5x,0.999492,1,1
data\val\ai\ai_000365.png,1,ai,resize_0.5x,0.824027,1,1
data\val\ai\ai_000366.png,1,ai,resize_0.5x,0.936998,1,1
data\val\ai\ai_000367.png,1,ai,resize_0.5x,0.989593,1,1
data\val\ai\ai_000368.png,1,ai,resize_0.5x,0.429554,0,0
data\val\ai\ai_000369.png,1,ai,resize_0.5x,0.996880,1,1
data\val\ai\ai_000370.png,1,ai,resize_0.5x,0.558625,1,1
data\val\ai\ai_000371.png,1,ai,resize_0.5x,0.983524,1,1
data\val\ai\ai_000372.png,1,ai,resize_0.5x,0.965420,1,1
data\val\ai\ai_000373.png,1,ai,resize_0.5x,0.974735,1,1
data\val\ai\ai_000374.png,1,ai,resize_0.5x,0.999110,1,1
data\val\ai\ai_000375.png,1,ai,resize_0.5x,0.995813,1,1
data\val\ai\ai_000376.png,1,ai,resize_0.5x,0.746610,1,1
data\val\ai\ai_000377.png,1,ai,resize_0.5x,0.974794,1,1
data\val\ai\ai_000378.png,1,ai,resize_0.5x,0.996458,1,1
data\val\ai\ai_000379.png,1,ai,resize_0.5x,0.957248,1,1
data\val\ai\ai_000380.png,1,ai,resize_0.5x,0.876770,1,1
data\val\ai\ai_000381.png,1,ai,resize_0.5x,0.958623,1,1
data\val\ai\ai_000382.png,1,ai,resize_0.5x,0.778995,1,1
data\val\ai\ai_000383.png,1,ai,resize_0.5x,0.987596,1,1
data\val\ai\ai_000384.png,1,ai,resize_0.5x,0.945611,1,1
data\val\ai\ai_000385.png,1,ai,resize_0.5x,0.995213,1,1
data\val\ai\ai_000386.png,1,ai,resize_0.5x,0.974461,1,1
data\val\ai\ai_000387.png,1,ai,resize_0.5x,0.999010,1,1
data\val\ai\ai_000388.png,1,ai,resize_0.5x,0.997808,1,1
data\val\ai\ai_000389.png,1,ai,resize_0.5x,0.973035,1,1
data\val\ai\ai_000390.png,1,ai,resize_0.5x,0.994666,1,1
data\val\ai\ai_000391.png,1,ai,resize_0.5x,0.969190,1,1
data\val\ai\ai_000392.png,1,ai,resize_0.5x,0.906226,1,1
data\val\ai\ai_000393.png,1,ai,resize_0.5x,0.996678,1,1
data\val\ai\ai_000394.png,1,ai,resize_0.5x,0.997860,1,1
data\val\ai\ai_000395.png,1,ai,resize_0.5x,0.988048,1,1
data\val\ai\ai_000396.png,1,ai,resize_0.5x,0.983640,1,1
data\val\ai\ai_000397.png,1,ai,resize_0.5x,0.996327,1,1
data\val\ai\ai_000398.png,1,ai,resize_0.5x,0.838698,1,1
data\val\ai\ai_000399.png,1,ai,resize_0.5x,0.987082,1,1
data\val\ai\ai_000400.png,1,ai,resize_0.5x,0.701958,1,1
data\val\ai\ai_000401.png,1,ai,resize_0.5x,0.997430,1,1
data\val\ai\ai_000402.png,1,ai,resize_0.5x,0.992224,1,1
data\val\ai\ai_000403.png,1,ai,resize_0.5x,0.992997,1,1
data\val\ai\ai_000404.png,1,ai,resize_0.5x,0.987911,1,1
data\val\ai\ai_000405.png,1,ai,resize_0.5x,0.998995,1,1
data\val\ai\ai_000406.png,1,ai,resize_0.5x,0.999115,1,1
data\val\ai\ai_000407.png,1,ai,resize_0.5x,0.933407,1,1
data\val\ai\ai_000408.png,1,ai,resize_0.5x,0.993411,1,1
data\val\ai\ai_000409.png,1,ai,resize_0.5x,0.982356,1,1
data\val\ai\ai_000410.png,1,ai,resize_0.5x,0.928797,1,1
data\val\ai\ai_000411.png,1,ai,resize_0.5x,0.997620,1,1
data\val\ai\ai_000412.png,1,ai,resize_0.5x,0.997703,1,1
data\val\ai\ai_000413.png,1,ai,resize_0.5x,0.989449,1,1
data\val\ai\ai_000414.png,1,ai,resize_0.5x,0.999882,1,1
data\val\ai\ai_000415.png,1,ai,resize_0.5x,0.996965,1,1
data\val\ai\ai_000416.png,1,ai,resize_0.5x,0.927158,1,1
data\val\ai\ai_000417.png,1,ai,resize_0.5x,0.992581,1,1
data\val\ai\ai_000418.png,1,ai,resize_0.5x,0.274691,0,0
data\val\ai\ai_000419.png,1,ai,resize_0.5x,0.968350,1,1
data\val\ai\ai_000420.png,1,ai,resize_0.5x,0.962378,1,1
data\val\ai\ai_000421.png,1,ai,resize_0.5x,0.998965,1,1
data\val\ai\ai_000422.png,1,ai,resize_0.5x,0.531575,1,1
data\val\ai\ai_000423.png,1,ai,resize_0.5x,0.959251,1,1
data\val\ai\ai_000424.png,1,ai,resize_0.5x,0.999651,1,1
data\val\ai\ai_000425.png,1,ai,resize_0.5x,0.971031,1,1
data\val\ai\ai_000426.png,1,ai,resize_0.5x,0.720298,1,1
data\val\ai\ai_000427.png,1,ai,resize_0.5x,0.994613,1,1
data\val\ai\ai_000428.png,1,ai,resize_0.5x,0.987952,1,1
data\val\ai\ai_000429.png,1,ai,resize_0.5x,0.995754,1,1
data\val\ai\ai_000430.png,1,ai,resize_0.5x,0.968168,1,1
data\val\ai\ai_000431.png,1,ai,resize_0.5x,0.966750,1,1
data\val\ai\ai_000432.png,1,ai,resize_0.5x,0.997339,1,1
data\val\ai\ai_000433.png,1,ai,resize_0.5x,0.998609,1,1
data\val\ai\ai_000434.png,1,ai,resize_0.5x,0.987244,1,1
data\val\ai\ai_000435.png,1,ai,resize_0.5x,0.990436,1,1
data\val\ai\ai_000436.png,1,ai,resize_0.5x,0.995320,1,1
data\val\ai\ai_000437.png,1,ai,resize_0.5x,0.984586,1,1
data\val\ai\ai_000438.png,1,ai,resize_0.5x,0.989776,1,1
data\val\ai\ai_000439.png,1,ai,resize_0.5x,0.869117,1,1
data\val\ai\ai_000440.png,1,ai,resize_0.5x,0.977261,1,1
data\val\ai\ai_000441.png,1,ai,resize_0.5x,0.950449,1,1
data\val\ai\ai_000442.png,1,ai,resize_0.5x,0.990288,1,1
data\val\ai\ai_000443.png,1,ai,resize_0.5x,0.997862,1,1
data\val\ai\ai_000444.png,1,ai,resize_0.5x,0.997926,1,1
data\val\ai\ai_000445.png,1,ai,resize_0.5x,0.984824,1,1
data\val\ai\ai_000446.png,1,ai,resize_0.5x,0.990933,1,1
data\val\ai\ai_000447.png,1,ai,resize_0.5x,0.993597,1,1
data\val\ai\ai_000448.png,1,ai,resize_0.5x,0.295063,0,0
data\val\ai\ai_000449.png,1,ai,resize_0.5x,0.999757,1,1
data\val\ai\ai_000450.png,1,ai,resize_0.5x,0.995949,1,1
data\val\ai\ai_000451.png,1,ai,resize_0.5x,0.980421,1,1
data\val\ai\ai_000452.png,1,ai,resize_0.5x,0.930615,1,1
data\val\ai\ai_000453.png,1,ai,resize_0.5x,0.999203,1,1
data\val\ai\ai_000454.png,1,ai,resize_0.5x,0.979436,1,1
data\val\ai\ai_000455.png,1,ai,resize_0.5x,0.995973,1,1
data\val\ai\ai_000456.png,1,ai,resize_0.5x,0.978788,1,1
data\val\ai\ai_000457.png,1,ai,resize_0.5x,0.989943,1,1
data\val\ai\ai_000458.png,1,ai,resize_0.5x,0.962825,1,1
data\val\ai\ai_000459.png,1,ai,resize_0.5x,0.724782,1,1
data\val\ai\ai_000460.png,1,ai,resize_0.5x,0.969140,1,1
data\val\ai\ai_000461.png,1,ai,resize_0.5x,0.969328,1,1
data\val\ai\ai_000462.png,1,ai,resize_0.5x,0.986292,1,1
data\val\ai\ai_000463.png,1,ai,resize_0.5x,0.995204,1,1
data\val\ai\ai_000464.png,1,ai,resize_0.5x,0.994482,1,1
data\val\ai\ai_000465.png,1,ai,resize_0.5x,0.996585,1,1
data\val\ai\ai_000466.png,1,ai,resize_0.5x,0.702289,1,1
data\val\ai\ai_000467.png,1,ai,resize_0.5x,0.982886,1,1
data\val\ai\ai_000468.png,1,ai,resize_0.5x,0.844515,1,1
data\val\ai\ai_000469.png,1,ai,resize_0.5x,0.998491,1,1
data\val\ai\ai_000470.png,1,ai,resize_0.5x,0.858171,1,1
data\val\ai\ai_000471.png,1,ai,resize_0.5x,0.999414,1,1
data\val\ai\ai_000472.png,1,ai,resize_0.5x,0.977720,1,1
data\val\ai\ai_000473.png,1,ai,resize_0.5x,0.830157,1,1
data\val\ai\ai_000474.png,1,ai,resize_0.5x,0.996782,1,1
data\val\ai\ai_000475.png,1,ai,resize_0.5x,0.998587,1,1
data\val\ai\ai_000476.png,1,ai,resize_0.5x,0.959203,1,1
data\val\ai\ai_000477.png,1,ai,resize_0.5x,0.996044,1,1
data\val\ai\ai_000478.png,1,ai,resize_0.5x,0.993334,1,1
data\val\ai\ai_000479.png,1,ai,resize_0.5x,0.938412,1,1
data\val\ai\ai_000480.png,1,ai,resize_0.5x,0.882499,1,1
data\val\ai\ai_000481.png,1,ai,resize_0.5x,0.998317,1,1
data\val\ai\ai_000482.png,1,ai,resize_0.5x,0.868402,1,1
data\val\ai\ai_000483.png,1,ai,resize_0.5x,0.893574,1,1
data\val\ai\ai_000484.png,1,ai,resize_0.5x,0.996867,1,1
data\val\ai\ai_000485.png,1,ai,resize_0.5x,0.967987,1,1
data\val\ai\ai_000486.png,1,ai,resize_0.5x,0.996762,1,1
data\val\ai\ai_000487.png,1,ai,resize_0.5x,0.991537,1,1
data\val\ai\ai_000488.png,1,ai,resize_0.5x,0.815700,1,1
data\val\ai\ai_000489.png,1,ai,resize_0.5x,0.994188,1,1
data\val\ai\ai_000490.png,1,ai,resize_0.5x,0.966844,1,1
data\val\ai\ai_000491.png,1,ai,resize_0.5x,0.976916,1,1
data\val\ai\ai_000492.png,1,ai,resize_0.5x,0.990136,1,1
data\val\ai\ai_000493.png,1,ai,resize_0.5x,0.965207,1,1
data\val\ai\ai_000494.png,1,ai,resize_0.5x,0.996038,1,1
data\val\ai\ai_000495.png,1,ai,resize_0.5x,0.987737,1,1
data\val\ai\ai_000496.png,1,ai,resize_0.5x,0.865313,1,1
data\val\ai\ai_000497.png,1,ai,resize_0.5x,0.995443,1,1
data\val\ai\ai_000498.png,1,ai,resize_0.5x,0.842646,1,1
data\val\ai\ai_000499.png,1,ai,resize_0.5x,0.998782,1,1
data\val\ai\ai_000500.png,1,ai,resize_0.5x,0.899124,1,1
data\val\real\000000000139.jpg,0,real,resize_0.25x,0.806482,1,0
data\val\real\000000000285.jpg,0,real,resize_0.25x,0.034025,0,1
data\val\real\000000000632.jpg,0,real,resize_0.25x,0.813957,1,0
data\val\real\000000000724.jpg,0,real,resize_0.25x,0.019149,0,1
data\val\real\000000000776.jpg,0,real,resize_0.25x,0.029997,0,1
data\val\real\000000000785.jpg,0,real,resize_0.25x,0.131101,0,1
data\val\real\000000000802.jpg,0,real,resize_0.25x,0.271278,0,1
data\val\real\000000000872.jpg,0,real,resize_0.25x,0.044895,0,1
data\val\real\000000000885.jpg,0,real,resize_0.25x,0.220860,0,1
data\val\real\000000001000.jpg,0,real,resize_0.25x,0.005277,0,1
data\val\real\000000001268.jpg,0,real,resize_0.25x,0.174411,0,1
data\val\real\000000001296.jpg,0,real,resize_0.25x,0.026890,0,1
data\val\real\000000001353.jpg,0,real,resize_0.25x,0.002793,0,1
data\val\real\000000001425.jpg,0,real,resize_0.25x,0.611147,1,0
data\val\real\000000001490.jpg,0,real,resize_0.25x,0.055031,0,1
data\val\real\000000001503.jpg,0,real,resize_0.25x,0.166016,0,1
data\val\real\000000001532.jpg,0,real,resize_0.25x,0.138640,0,1
data\val\real\000000001584.jpg,0,real,resize_0.25x,0.187790,0,1
data\val\real\000000001675.jpg,0,real,resize_0.25x,0.027550,0,1
data\val\real\000000001761.jpg,0,real,resize_0.25x,0.025707,0,1
data\val\real\000000001818.jpg,0,real,resize_0.25x,0.090793,0,1
data\val\real\000000001993.jpg,0,real,resize_0.25x,0.647935,1,0
data\val\real\000000002006.jpg,0,real,resize_0.25x,0.023662,0,1
data\val\real\000000002149.jpg,0,real,resize_0.25x,0.235458,0,1
data\val\real\000000002153.jpg,0,real,resize_0.25x,0.041648,0,1
data\val\real\000000002157.jpg,0,real,resize_0.25x,0.222070,0,1
data\val\real\000000002261.jpg,0,real,resize_0.25x,0.013338,0,1
data\val\real\000000002299.jpg,0,real,resize_0.25x,0.003983,0,1
data\val\real\000000002431.jpg,0,real,resize_0.25x,0.143803,0,1
data\val\real\000000002473.jpg,0,real,resize_0.25x,0.014683,0,1
data\val\real\000000002532.jpg,0,real,resize_0.25x,0.008901,0,1
data\val\real\000000002587.jpg,0,real,resize_0.25x,0.030303,0,1
data\val\real\000000002592.jpg,0,real,resize_0.25x,0.018491,0,1
data\val\real\000000002685.jpg,0,real,resize_0.25x,0.003007,0,1
data\val\real\000000002923.jpg,0,real,resize_0.25x,0.053267,0,1
data\val\real\000000003156.jpg,0,real,resize_0.25x,0.147395,0,1
data\val\real\000000003255.jpg,0,real,resize_0.25x,0.298085,0,1
data\val\real\000000003501.jpg,0,real,resize_0.25x,0.119165,0,1
data\val\real\000000003553.jpg,0,real,resize_0.25x,0.134528,0,1
data\val\real\000000003661.jpg,0,real,resize_0.25x,0.037462,0,1
data\val\real\000000003845.jpg,0,real,resize_0.25x,0.073200,0,1
data\val\real\000000003934.jpg,0,real,resize_0.25x,0.001435,0,1
data\val\real\000000004134.jpg,0,real,resize_0.25x,0.001119,0,1
data\val\real\000000004395.jpg,0,real,resize_0.25x,0.005670,0,1
data\val\real\000000004495.jpg,0,real,resize_0.25x,0.332823,0,1
data\val\real\000000004765.jpg,0,real,resize_0.25x,0.106838,0,1
data\val\real\000000004795.jpg,0,real,resize_0.25x,0.001152,0,1
data\val\real\000000005001.jpg,0,real,resize_0.25x,0.036936,0,1
data\val\real\000000005037.jpg,0,real,resize_0.25x,0.029008,0,1
data\val\real\000000005060.jpg,0,real,resize_0.25x,0.048143,0,1
data\val\real\000000005193.jpg,0,real,resize_0.25x,0.000538,0,1
data\val\real\000000005477.jpg,0,real,resize_0.25x,0.091600,0,1
data\val\real\000000005503.jpg,0,real,resize_0.25x,0.020443,0,1
data\val\real\000000005529.jpg,0,real,resize_0.25x,0.010876,0,1
data\val\real\000000005586.jpg,0,real,resize_0.25x,0.029672,0,1
data\val\real\000000005600.jpg,0,real,resize_0.25x,0.037416,0,1
data\val\real\000000005992.jpg,0,real,resize_0.25x,0.030929,0,1
data\val\real\000000006012.jpg,0,real,resize_0.25x,0.063746,0,1
data\val\real\000000006040.jpg,0,real,resize_0.25x,0.699559,1,0
data\val\real\000000006213.jpg,0,real,resize_0.25x,0.164208,0,1
data\val\real\000000006460.jpg,0,real,resize_0.25x,0.036978,0,1
data\val\real\000000006471.jpg,0,real,resize_0.25x,0.022618,0,1
data\val\real\000000006614.jpg,0,real,resize_0.25x,0.115984,0,1
data\val\real\000000006723.jpg,0,real,resize_0.25x,0.120860,0,1
data\val\real\000000006763.jpg,0,real,resize_0.25x,0.000176,0,1
data\val\real\000000006771.jpg,0,real,resize_0.25x,0.002570,0,1
data\val\real\000000006818.jpg,0,real,resize_0.25x,0.018389,0,1
data\val\real\000000006894.jpg,0,real,resize_0.25x,0.004330,0,1
data\val\real\000000006954.jpg,0,real,resize_0.25x,0.023006,0,1
data\val\real\000000007088.jpg,0,real,resize_0.25x,0.007450,0,1
data\val\real\000000007108.jpg,0,real,resize_0.25x,0.037785,0,1
data\val\real\000000007278.jpg,0,real,resize_0.25x,0.103208,0,1
data\val\real\000000007281.jpg,0,real,resize_0.25x,0.002537,0,1
data\val\real\000000007386.jpg,0,real,resize_0.25x,0.077807,0,1
data\val\real\000000007511.jpg,0,real,resize_0.25x,0.017234,0,1
data\val\real\000000007574.jpg,0,real,resize_0.25x,0.136943,0,1
data\val\real\000000007784.jpg,0,real,resize_0.25x,0.391814,0,1
data\val\real\000000007795.jpg,0,real,resize_0.25x,0.786570,1,0
data\val\real\000000007816.jpg,0,real,resize_0.25x,0.005399,0,1
data\val\real\000000007818.jpg,0,real,resize_0.25x,0.464625,0,1
data\val\real\000000007888.jpg,0,real,resize_0.25x,0.727982,1,0
data\val\real\000000007977.jpg,0,real,resize_0.25x,0.099052,0,1
data\val\real\000000007991.jpg,0,real,resize_0.25x,0.004758,0,1
data\val\real\000000008021.jpg,0,real,resize_0.25x,0.008387,0,1
data\val\real\000000008211.jpg,0,real,resize_0.25x,0.147013,0,1
data\val\real\000000008277.jpg,0,real,resize_0.25x,0.152760,0,1
data\val\real\000000008532.jpg,0,real,resize_0.25x,0.013079,0,1
data\val\real\000000008629.jpg,0,real,resize_0.25x,0.100097,0,1
data\val\real\000000008690.jpg,0,real,resize_0.25x,0.001284,0,1
data\val\real\000000008762.jpg,0,real,resize_0.25x,0.579177,1,0
data\val\real\000000008844.jpg,0,real,resize_0.25x,0.082221,0,1
data\val\real\000000008899.jpg,0,real,resize_0.25x,0.330273,0,1
data\val\real\000000009378.jpg,0,real,resize_0.25x,0.017702,0,1
data\val\real\000000009400.jpg,0,real,resize_0.25x,0.001479,0,1
data\val\real\000000009448.jpg,0,real,resize_0.25x,0.005501,0,1
data\val\real\000000009483.jpg,0,real,resize_0.25x,0.138498,0,1
data\val\real\000000009590.jpg,0,real,resize_0.25x,0.219546,0,1
data\val\real\000000009769.jpg,0,real,resize_0.25x,0.027304,0,1
data\val\real\000000009772.jpg,0,real,resize_0.25x,0.048733,0,1
data\val\real\000000009891.jpg,0,real,resize_0.25x,0.002920,0,1
data\val\real\000000009914.jpg,0,real,resize_0.25x,0.054470,0,1
data\val\real\000000010092.jpg,0,real,resize_0.25x,0.116990,0,1
data\val\real\000000010363.jpg,0,real,resize_0.25x,0.000753,0,1
data\val\real\000000010583.jpg,0,real,resize_0.25x,0.041876,0,1
data\val\real\000000010707.jpg,0,real,resize_0.25x,0.000560,0,1
data\val\real\000000010764.jpg,0,real,resize_0.25x,0.009452,0,1
data\val\real\000000010977.jpg,0,real,resize_0.25x,0.246455,0,1
data\val\real\000000010995.jpg,0,real,resize_0.25x,0.357294,0,1
data\val\real\000000011051.jpg,0,real,resize_0.25x,0.008612,0,1
data\val\real\000000011122.jpg,0,real,resize_0.25x,0.002540,0,1
data\val\real\000000011149.jpg,0,real,resize_0.25x,0.005079,0,1
data\val\real\000000011197.jpg,0,real,resize_0.25x,0.032262,0,1
data\val\real\000000011511.jpg,0,real,resize_0.25x,0.117635,0,1
data\val\real\000000011615.jpg,0,real,resize_0.25x,0.069004,0,1
data\val\real\000000011699.jpg,0,real,resize_0.25x,0.030743,0,1
data\val\real\000000011760.jpg,0,real,resize_0.25x,0.161416,0,1
data\val\real\000000011813.jpg,0,real,resize_0.25x,0.787108,1,0
data\val\real\000000012062.jpg,0,real,resize_0.25x,0.024913,0,1
data\val\real\000000012120.jpg,0,real,resize_0.25x,0.053164,0,1
data\val\real\000000012280.jpg,0,real,resize_0.25x,0.870125,1,0
data\val\real\000000012576.jpg,0,real,resize_0.25x,0.010598,0,1
data\val\real\000000012639.jpg,0,real,resize_0.25x,0.049293,0,1
data\val\real\000000012667.jpg,0,real,resize_0.25x,0.087923,0,1
data\val\real\000000012670.jpg,0,real,resize_0.25x,0.029807,0,1
data\val\real\000000012748.jpg,0,real,resize_0.25x,0.109150,0,1
data\val\real\000000013004.jpg,0,real,resize_0.25x,0.093862,0,1
data\val\real\000000013177.jpg,0,real,resize_0.25x,0.031238,0,1
data\val\real\000000013201.jpg,0,real,resize_0.25x,0.077373,0,1
data\val\real\000000013291.jpg,0,real,resize_0.25x,0.022370,0,1
data\val\real\000000013348.jpg,0,real,resize_0.25x,0.143301,0,1
data\val\real\000000013546.jpg,0,real,resize_0.25x,0.040707,0,1
data\val\real\000000013597.jpg,0,real,resize_0.25x,0.796452,1,0
data\val\real\000000013659.jpg,0,real,resize_0.25x,0.005014,0,1
data\val\real\000000013729.jpg,0,real,resize_0.25x,0.011139,0,1
data\val\real\000000013774.jpg,0,real,resize_0.25x,0.806792,1,0
data\val\real\000000013923.jpg,0,real,resize_0.25x,0.556614,1,0
data\val\real\000000014007.jpg,0,real,resize_0.25x,0.176625,0,1
data\val\real\000000014038.jpg,0,real,resize_0.25x,0.803005,1,0
data\val\real\000000014226.jpg,0,real,resize_0.25x,0.166140,0,1
data\val\real\000000014380.jpg,0,real,resize_0.25x,0.381341,0,1
data\val\real\000000014439.jpg,0,real,resize_0.25x,0.037846,0,1
data\val\real\000000014473.jpg,0,real,resize_0.25x,0.054178,0,1
data\val\real\000000014831.jpg,0,real,resize_0.25x,0.008338,0,1
data\val\real\000000014888.jpg,0,real,resize_0.25x,0.041840,0,1
data\val\real\000000015079.jpg,0,real,resize_0.25x,0.446531,0,1
data\val\real\000000015254.jpg,0,real,resize_0.25x,0.040269,0,1
data\val\real\000000015272.jpg,0,real,resize_0.25x,0.395344,0,1
data\val\real\000000015278.jpg,0,real,resize_0.25x,0.023000,0,1
data\val\real\000000015335.jpg,0,real,resize_0.25x,0.002985,0,1
data\val\real\000000015338.jpg,0,real,resize_0.25x,0.129338,0,1
data\val\real\000000015440.jpg,0,real,resize_0.25x,0.675306,1,0
data\val\real\000000015497.jpg,0,real,resize_0.25x,0.001490,0,1
data\val\real\000000015517.jpg,0,real,resize_0.25x,0.097268,0,1
data\val\real\000000015597.jpg,0,real,resize_0.25x,0.002675,0,1
data\val\real\000000015660.jpg,0,real,resize_0.25x,0.047223,0,1
data\val\real\000000015746.jpg,0,real,resize_0.25x,0.061677,0,1
data\val\real\000000015751.jpg,0,real,resize_0.25x,0.085588,0,1
data\val\real\000000015956.jpg,0,real,resize_0.25x,0.013923,0,1
data\val\real\000000016010.jpg,0,real,resize_0.25x,0.010696,0,1
data\val\real\000000016228.jpg,0,real,resize_0.25x,0.080166,0,1
data\val\real\000000016249.jpg,0,real,resize_0.25x,0.047563,0,1
data\val\real\000000016439.jpg,0,real,resize_0.25x,0.465367,0,1
data\val\real\000000016451.jpg,0,real,resize_0.25x,0.338318,0,1
data\val\real\000000016502.jpg,0,real,resize_0.25x,0.023334,0,1
data\val\real\000000016598.jpg,0,real,resize_0.25x,0.004140,0,1
data\val\real\000000016958.jpg,0,real,resize_0.25x,0.193914,0,1
data\val\real\000000017029.jpg,0,real,resize_0.25x,0.042862,0,1
data\val\real\000000017031.jpg,0,real,resize_0.25x,0.158788,0,1
data\val\real\000000017115.jpg,0,real,resize_0.25x,0.170889,0,1
data\val\real\000000017178.jpg,0,real,resize_0.25x,0.090789,0,1
data\val\real\000000017182.jpg,0,real,resize_0.25x,0.275906,0,1
data\val\real\000000017207.jpg,0,real,resize_0.25x,0.014822,0,1
data\val\real\000000017379.jpg,0,real,resize_0.25x,0.356169,0,1
data\val\real\000000017436.jpg,0,real,resize_0.25x,0.010635,0,1
data\val\real\000000017627.jpg,0,real,resize_0.25x,0.003627,0,1
data\val\real\000000017714.jpg,0,real,resize_0.25x,0.030212,0,1
data\val\real\000000017899.jpg,0,real,resize_0.25x,0.002404,0,1
data\val\real\000000017905.jpg,0,real,resize_0.25x,0.000507,0,1
data\val\real\000000017959.jpg,0,real,resize_0.25x,0.013829,0,1
data\val\real\000000018150.jpg,0,real,resize_0.25x,0.003240,0,1
data\val\real\000000018193.jpg,0,real,resize_0.25x,0.000898,0,1
data\val\real\000000018380.jpg,0,real,resize_0.25x,0.045095,0,1
data\val\real\000000018491.jpg,0,real,resize_0.25x,0.162701,0,1
data\val\real\000000018519.jpg,0,real,resize_0.25x,0.132733,0,1
data\val\real\000000018575.jpg,0,real,resize_0.25x,0.030295,0,1
data\val\real\000000018737.jpg,0,real,resize_0.25x,0.026804,0,1
data\val\real\000000018770.jpg,0,real,resize_0.25x,0.063644,0,1
data\val\real\000000018833.jpg,0,real,resize_0.25x,0.023881,0,1
data\val\real\000000018837.jpg,0,real,resize_0.25x,0.026783,0,1
data\val\real\000000019042.jpg,0,real,resize_0.25x,0.069572,0,1
data\val\real\000000019109.jpg,0,real,resize_0.25x,0.078303,0,1
data\val\real\000000019221.jpg,0,real,resize_0.25x,0.008841,0,1
data\val\real\000000019402.jpg,0,real,resize_0.25x,0.000454,0,1
data\val\real\000000019432.jpg,0,real,resize_0.25x,0.159273,0,1
data\val\real\000000019742.jpg,0,real,resize_0.25x,0.055200,0,1
data\val\real\000000019786.jpg,0,real,resize_0.25x,0.005486,0,1
data\val\real\000000019924.jpg,0,real,resize_0.25x,0.087556,0,1
data\val\real\000000020059.jpg,0,real,resize_0.25x,0.035467,0,1
data\val\real\000000020107.jpg,0,real,resize_0.25x,0.126154,0,1
data\val\real\000000020247.jpg,0,real,resize_0.25x,0.142903,0,1
data\val\real\000000020333.jpg,0,real,resize_0.25x,0.036135,0,1
data\val\real\000000020553.jpg,0,real,resize_0.25x,0.001014,0,1
data\val\real\000000020571.jpg,0,real,resize_0.25x,0.306069,0,1
data\val\real\000000020992.jpg,0,real,resize_0.25x,0.019631,0,1
data\val\real\000000021167.jpg,0,real,resize_0.25x,0.001112,0,1
data\val\real\000000021465.jpg,0,real,resize_0.25x,0.018108,0,1
data\val\real\000000021503.jpg,0,real,resize_0.25x,0.018270,0,1
data\val\real\000000021604.jpg,0,real,resize_0.25x,0.689852,1,0
data\val\real\000000021839.jpg,0,real,resize_0.25x,0.001580,0,1
data\val\real\000000021879.jpg,0,real,resize_0.25x,0.032916,0,1
data\val\real\000000021903.jpg,0,real,resize_0.25x,0.029994,0,1
data\val\real\000000022192.jpg,0,real,resize_0.25x,0.007189,0,1
data\val\real\000000022371.jpg,0,real,resize_0.25x,0.381430,0,1
data\val\real\000000022396.jpg,0,real,resize_0.25x,0.042140,0,1
data\val\real\000000022479.jpg,0,real,resize_0.25x,0.022991,0,1
data\val\real\000000022589.jpg,0,real,resize_0.25x,0.018187,0,1
data\val\real\000000022623.jpg,0,real,resize_0.25x,0.241947,0,1
data\val\real\000000022705.jpg,0,real,resize_0.25x,0.001819,0,1
data\val\real\000000022755.jpg,0,real,resize_0.25x,0.529948,1,0
data\val\real\000000022892.jpg,0,real,resize_0.25x,0.151134,0,1
data\val\real\000000022935.jpg,0,real,resize_0.25x,0.115839,0,1
data\val\real\000000022969.jpg,0,real,resize_0.25x,0.016373,0,1
data\val\real\000000023023.jpg,0,real,resize_0.25x,0.525528,1,0
data\val\real\000000023034.jpg,0,real,resize_0.25x,0.002300,0,1
data\val\real\000000023126.jpg,0,real,resize_0.25x,0.069598,0,1
data\val\real\000000023230.jpg,0,real,resize_0.25x,0.017271,0,1
data\val\real\000000023272.jpg,0,real,resize_0.25x,0.002814,0,1
data\val\real\000000023359.jpg,0,real,resize_0.25x,0.130367,0,1
data\val\real\000000023666.jpg,0,real,resize_0.25x,0.047487,0,1
data\val\real\000000023751.jpg,0,real,resize_0.25x,0.002680,0,1
data\val\real\000000023781.jpg,0,real,resize_0.25x,0.058225,0,1
data\val\real\000000023899.jpg,0,real,resize_0.25x,0.022552,0,1
data\val\real\000000023937.jpg,0,real,resize_0.25x,0.058122,0,1
data\val\real\000000024021.jpg,0,real,resize_0.25x,0.014062,0,1
data\val\real\000000024027.jpg,0,real,resize_0.25x,0.004010,0,1
data\val\real\000000024144.jpg,0,real,resize_0.25x,0.071495,0,1
data\val\real\000000024243.jpg,0,real,resize_0.25x,0.003589,0,1
data\val\real\000000024567.jpg,0,real,resize_0.25x,0.002984,0,1
data\val\real\000000024610.jpg,0,real,resize_0.25x,0.013346,0,1
data\val\real\000000024919.jpg,0,real,resize_0.25x,0.190963,0,1
data\val\real\000000025057.jpg,0,real,resize_0.25x,0.005687,0,1
data\val\real\000000025096.jpg,0,real,resize_0.25x,0.001213,0,1
data\val\real\000000025139.jpg,0,real,resize_0.25x,0.047500,0,1
data\val\real\000000025181.jpg,0,real,resize_0.25x,0.419311,0,1
data\val\real\000000025228.jpg,0,real,resize_0.25x,0.018142,0,1
data\val\real\000000025386.jpg,0,real,resize_0.25x,0.002646,0,1
data\val\real\000000025393.jpg,0,real,resize_0.25x,0.000125,0,1
data\val\real\000000025394.jpg,0,real,resize_0.25x,0.005585,0,1
data\val\real\000000025424.jpg,0,real,resize_0.25x,0.040539,0,1
data\val\real\000000025560.jpg,0,real,resize_0.25x,0.004621,0,1
data\val\real\000000025593.jpg,0,real,resize_0.25x,0.046080,0,1
data\val\real\000000025603.jpg,0,real,resize_0.25x,0.001841,0,1
data\val\real\000000025986.jpg,0,real,resize_0.25x,0.006160,0,1
data\val\real\000000026204.jpg,0,real,resize_0.25x,0.044042,0,1
data\val\real\000000026465.jpg,0,real,resize_0.25x,0.107914,0,1
data\val\real\000000026564.jpg,0,real,resize_0.25x,0.281602,0,1
data\val\real\000000026690.jpg,0,real,resize_0.25x,0.014966,0,1
data\val\real\000000026926.jpg,0,real,resize_0.25x,0.100315,0,1
data\val\real\000000026941.jpg,0,real,resize_0.25x,0.585693,1,0
data\val\real\000000027186.jpg,0,real,resize_0.25x,0.004636,0,1
data\val\real\000000027620.jpg,0,real,resize_0.25x,0.041727,0,1
data\val\real\000000027696.jpg,0,real,resize_0.25x,0.006528,0,1
data\val\real\000000027768.jpg,0,real,resize_0.25x,0.142283,0,1
data\val\real\000000027932.jpg,0,real,resize_0.25x,0.004816,0,1
data\val\real\000000027972.jpg,0,real,resize_0.25x,0.123215,0,1
data\val\real\000000027982.jpg,0,real,resize_0.25x,0.230051,0,1
data\val\real\000000028285.jpg,0,real,resize_0.25x,0.136587,0,1
data\val\real\000000028449.jpg,0,real,resize_0.25x,0.331918,0,1
data\val\real\000000028452.jpg,0,real,resize_0.25x,0.512882,1,0
data\val\real\000000028809.jpg,0,real,resize_0.25x,0.335354,0,1
data\val\real\000000028993.jpg,0,real,resize_0.25x,0.344236,0,1
data\val\real\000000029187.jpg,0,real,resize_0.25x,0.005518,0,1
data\val\real\000000029393.jpg,0,real,resize_0.25x,0.004177,0,1
data\val\real\000000029397.jpg,0,real,resize_0.25x,0.110033,0,1
data\val\real\000000029596.jpg,0,real,resize_0.25x,0.655685,1,0
data\val\real\000000029640.jpg,0,real,resize_0.25x,0.220756,0,1
data\val\real\000000029675.jpg,0,real,resize_0.25x,0.080549,0,1
data\val\real\000000029984.jpg,0,real,resize_0.25x,0.078836,0,1
data\val\real\000000030213.jpg,0,real,resize_0.25x,0.241104,0,1
data\val\real\000000030494.jpg,0,real,resize_0.25x,0.009024,0,1
data\val\real\000000030504.jpg,0,real,resize_0.25x,0.053443,0,1
data\val\real\000000030675.jpg,0,real,resize_0.25x,0.198938,0,1
data\val\real\000000030785.jpg,0,real,resize_0.25x,0.125784,0,1
data\val\real\000000030828.jpg,0,real,resize_0.25x,0.538844,1,0
data\val\real\000000031050.jpg,0,real,resize_0.25x,0.094497,0,1
data\val\real\000000031093.jpg,0,real,resize_0.25x,0.056990,0,1
data\val\real\000000031118.jpg,0,real,resize_0.25x,0.201268,0,1
data\val\real\000000031217.jpg,0,real,resize_0.25x,0.040444,0,1
data\val\real\000000031248.jpg,0,real,resize_0.25x,0.196483,0,1
data\val\real\000000031269.jpg,0,real,resize_0.25x,0.024739,0,1
data\val\real\000000031296.jpg,0,real,resize_0.25x,0.004230,0,1
data\val\real\000000031322.jpg,0,real,resize_0.25x,0.029199,0,1
data\val\real\000000031620.jpg,0,real,resize_0.25x,0.000797,0,1
data\val\real\000000031735.jpg,0,real,resize_0.25x,0.010283,0,1
data\val\real\000000031749.jpg,0,real,resize_0.25x,0.162690,0,1
data\val\real\000000031817.jpg,0,real,resize_0.25x,0.003506,0,1
data\val\real\000000032038.jpg,0,real,resize_0.25x,0.048514,0,1
data\val\real\000000032081.jpg,0,real,resize_0.25x,0.024968,0,1
data\val\real\000000032285.jpg,0,real,resize_0.25x,0.718396,1,0
data\val\real\000000032334.jpg,0,real,resize_0.25x,0.000894,0,1
data\val\real\000000032570.jpg,0,real,resize_0.25x,0.494093,0,1
data\val\real\000000032610.jpg,0,real,resize_0.25x,0.093665,0,1
data\val\real\000000032735.jpg,0,real,resize_0.25x,0.203502,0,1
data\val\real\000000032811.jpg,0,real,resize_0.25x,0.090260,0,1
data\val\real\000000032817.jpg,0,real,resize_0.25x,0.010376,0,1
data\val\real\000000032861.jpg,0,real,resize_0.25x,0.020871,0,1
data\val\real\000000032887.jpg,0,real,resize_0.25x,0.022048,0,1
data\val\real\000000032901.jpg,0,real,resize_0.25x,0.000232,0,1
data\val\real\000000032941.jpg,0,real,resize_0.25x,0.100279,0,1
data\val\real\000000033005.jpg,0,real,resize_0.25x,0.261064,0,1
data\val\real\000000033104.jpg,0,real,resize_0.25x,0.006410,0,1
data\val\real\000000033109.jpg,0,real,resize_0.25x,0.055074,0,1
data\val\real\000000033114.jpg,0,real,resize_0.25x,0.168568,0,1
data\val\real\000000033221.jpg,0,real,resize_0.25x,0.001272,0,1
data\val\real\000000033368.jpg,0,real,resize_0.25x,0.119208,0,1
data\val\real\000000033638.jpg,0,real,resize_0.25x,0.033930,0,1
data\val\real\000000033707.jpg,0,real,resize_0.25x,0.137349,0,1
data\val\real\000000033759.jpg,0,real,resize_0.25x,0.025656,0,1
data\val\real\000000033854.jpg,0,real,resize_0.25x,0.016765,0,1
data\val\real\000000034071.jpg,0,real,resize_0.25x,0.775133,1,0
data\val\real\000000034139.jpg,0,real,resize_0.25x,0.062620,0,1
data\val\real\000000034205.jpg,0,real,resize_0.25x,0.162185,0,1
data\val\real\000000034257.jpg,0,real,resize_0.25x,0.195530,0,1
data\val\real\000000034417.jpg,0,real,resize_0.25x,0.040059,0,1
data\val\real\000000034452.jpg,0,real,resize_0.25x,0.000863,0,1
data\val\real\000000034760.jpg,0,real,resize_0.25x,0.100177,0,1
data\val\real\000000034873.jpg,0,real,resize_0.25x,0.230420,0,1
data\val\real\000000035062.jpg,0,real,resize_0.25x,0.074237,0,1
data\val\real\000000035197.jpg,0,real,resize_0.25x,0.038057,0,1
data\val\real\000000035279.jpg,0,real,resize_0.25x,0.198330,0,1
data\val\real\000000035326.jpg,0,real,resize_0.25x,0.138833,0,1
data\val\real\000000035682.jpg,0,real,resize_0.25x,0.031418,0,1
data\val\real\000000035770.jpg,0,real,resize_0.25x,0.095873,0,1
data\val\real\000000035963.jpg,0,real,resize_0.25x,0.001203,0,1
data\val\real\000000036494.jpg,0,real,resize_0.25x,0.614245,1,0
data\val\real\000000036539.jpg,0,real,resize_0.25x,0.001737,0,1
data\val\real\000000036660.jpg,0,real,resize_0.25x,0.293126,0,1
data\val\real\000000036678.jpg,0,real,resize_0.25x,0.038320,0,1
data\val\real\000000036844.jpg,0,real,resize_0.25x,0.114647,0,1
data\val\real\000000036861.jpg,0,real,resize_0.25x,0.231562,0,1
data\val\real\000000036936.jpg,0,real,resize_0.25x,0.001351,0,1
data\val\real\000000037670.jpg,0,real,resize_0.25x,0.421596,0,1
data\val\real\000000037689.jpg,0,real,resize_0.25x,0.062131,0,1
data\val\real\000000037740.jpg,0,real,resize_0.25x,0.288749,0,1
data\val\real\000000037751.jpg,0,real,resize_0.25x,0.039096,0,1
data\val\real\000000037777.jpg,0,real,resize_0.25x,0.660443,1,0
data\val\real\000000037988.jpg,0,real,resize_0.25x,0.050288,0,1
data\val\real\000000038048.jpg,0,real,resize_0.25x,0.037832,0,1
data\val\real\000000038070.jpg,0,real,resize_0.25x,0.104082,0,1
data\val\real\000000038118.jpg,0,real,resize_0.25x,0.203128,0,1
data\val\real\000000038210.jpg,0,real,resize_0.25x,0.022190,0,1
data\val\real\000000038576.jpg,0,real,resize_0.25x,0.437810,0,1
data\val\real\000000038678.jpg,0,real,resize_0.25x,0.001074,0,1
data\val\real\000000038825.jpg,0,real,resize_0.25x,0.052373,0,1
data\val\real\000000038829.jpg,0,real,resize_0.25x,0.065380,0,1
data\val\real\000000039405.jpg,0,real,resize_0.25x,0.077811,0,1
data\val\real\000000039477.jpg,0,real,resize_0.25x,0.283303,0,1
data\val\real\000000039480.jpg,0,real,resize_0.25x,0.122162,0,1
data\val\real\000000039484.jpg,0,real,resize_0.25x,0.395315,0,1
data\val\real\000000039551.jpg,0,real,resize_0.25x,0.679155,1,0
data\val\real\000000039670.jpg,0,real,resize_0.25x,0.384186,0,1
data\val\real\000000039769.jpg,0,real,resize_0.25x,0.003058,0,1
data\val\real\000000039785.jpg,0,real,resize_0.25x,0.024845,0,1
data\val\real\000000039914.jpg,0,real,resize_0.25x,0.003337,0,1
data\val\real\000000039951.jpg,0,real,resize_0.25x,0.041271,0,1
data\val\real\000000039956.jpg,0,real,resize_0.25x,0.665787,1,0
data\val\real\000000040036.jpg,0,real,resize_0.25x,0.128026,0,1
data\val\real\000000040083.jpg,0,real,resize_0.25x,0.010162,0,1
data\val\real\000000040471.jpg,0,real,resize_0.25x,0.124445,0,1
data\val\real\000000040757.jpg,0,real,resize_0.25x,0.021385,0,1
data\val\real\000000041488.jpg,0,real,resize_0.25x,0.194922,0,1
data\val\real\000000041633.jpg,0,real,resize_0.25x,0.193696,0,1
data\val\real\000000041635.jpg,0,real,resize_0.25x,0.020933,0,1
data\val\real\000000041872.jpg,0,real,resize_0.25x,0.220213,0,1
data\val\real\000000041888.jpg,0,real,resize_0.25x,0.031418,0,1
data\val\real\000000041990.jpg,0,real,resize_0.25x,0.001886,0,1
data\val\real\000000042070.jpg,0,real,resize_0.25x,0.240016,0,1
data\val\real\000000042102.jpg,0,real,resize_0.25x,0.008709,0,1
data\val\real\000000042178.jpg,0,real,resize_0.25x,0.886000,1,0
data\val\real\000000042276.jpg,0,real,resize_0.25x,0.006300,0,1
data\val\real\000000042296.jpg,0,real,resize_0.25x,0.008045,0,1
data\val\real\000000042528.jpg,0,real,resize_0.25x,0.016944,0,1
data\val\real\000000042563.jpg,0,real,resize_0.25x,0.226056,0,1
data\val\real\000000042628.jpg,0,real,resize_0.25x,0.046585,0,1
data\val\real\000000042888.jpg,0,real,resize_0.25x,0.049436,0,1
data\val\real\000000042889.jpg,0,real,resize_0.25x,0.001071,0,1
data\val\real\000000043314.jpg,0,real,resize_0.25x,0.064344,0,1
data\val\real\000000043435.jpg,0,real,resize_0.25x,0.220188,0,1
data\val\real\000000043581.jpg,0,real,resize_0.25x,0.058261,0,1
data\val\real\000000043737.jpg,0,real,resize_0.25x,0.084474,0,1
data\val\real\000000043816.jpg,0,real,resize_0.25x,0.019513,0,1
data\val\real\000000044068.jpg,0,real,resize_0.25x,0.020921,0,1
data\val\real\000000044195.jpg,0,real,resize_0.25x,0.052773,0,1
data\val\real\000000044260.jpg,0,real,resize_0.25x,0.414489,0,1
data\val\real\000000044279.jpg,0,real,resize_0.25x,0.064455,0,1
data\val\real\000000044590.jpg,0,real,resize_0.25x,0.016394,0,1
data\val\real\000000044652.jpg,0,real,resize_0.25x,0.025839,0,1
data\val\real\000000044699.jpg,0,real,resize_0.25x,0.118059,0,1
data\val\real\000000044877.jpg,0,real,resize_0.25x,0.027475,0,1
data\val\real\000000045070.jpg,0,real,resize_0.25x,0.078073,0,1
data\val\real\000000045090.jpg,0,real,resize_0.25x,0.065926,0,1
data\val\real\000000045229.jpg,0,real,resize_0.25x,0.973775,1,0
data\val\real\000000045472.jpg,0,real,resize_0.25x,0.013625,0,1
data\val\real\000000045550.jpg,0,real,resize_0.25x,0.001462,0,1
data\val\real\000000045596.jpg,0,real,resize_0.25x,0.346165,0,1
data\val\real\000000045728.jpg,0,real,resize_0.25x,0.091723,0,1
data\val\real\000000046031.jpg,0,real,resize_0.25x,0.127398,0,1
data\val\real\000000046048.jpg,0,real,resize_0.25x,0.033195,0,1
data\val\real\000000046252.jpg,0,real,resize_0.25x,0.596005,1,0
data\val\real\000000046378.jpg,0,real,resize_0.25x,0.003805,0,1
data\val\real\000000046463.jpg,0,real,resize_0.25x,0.028375,0,1
data\val\real\000000046497.jpg,0,real,resize_0.25x,0.002825,0,1
data\val\real\000000046804.jpg,0,real,resize_0.25x,0.021124,0,1
data\val\real\000000046872.jpg,0,real,resize_0.25x,0.431877,0,1
data\val\real\000000047010.jpg,0,real,resize_0.25x,0.097504,0,1
data\val\real\000000047112.jpg,0,real,resize_0.25x,0.080274,0,1
data\val\real\000000047121.jpg,0,real,resize_0.25x,0.002205,0,1
data\val\real\000000047571.jpg,0,real,resize_0.25x,0.308596,0,1
data\val\real\000000047585.jpg,0,real,resize_0.25x,0.001008,0,1
data\val\real\000000047740.jpg,0,real,resize_0.25x,0.001578,0,1
data\val\real\000000047769.jpg,0,real,resize_0.25x,0.131413,0,1
data\val\real\000000047801.jpg,0,real,resize_0.25x,0.010771,0,1
data\val\real\000000047819.jpg,0,real,resize_0.25x,0.001412,0,1
data\val\real\000000047828.jpg,0,real,resize_0.25x,0.662259,1,0
data\val\real\000000048153.jpg,0,real,resize_0.25x,0.008200,0,1
data\val\real\000000048396.jpg,0,real,resize_0.25x,0.001134,0,1
data\val\real\000000048504.jpg,0,real,resize_0.25x,0.213322,0,1
data\val\real\000000048555.jpg,0,real,resize_0.25x,0.459126,0,1
data\val\real\000000048564.jpg,0,real,resize_0.25x,0.006439,0,1
data\val\real\000000048924.jpg,0,real,resize_0.25x,0.699918,1,0
data\val\real\000000049060.jpg,0,real,resize_0.25x,0.006511,0,1
data\val\real\000000049091.jpg,0,real,resize_0.25x,0.151680,0,1
data\val\real\000000049259.jpg,0,real,resize_0.25x,0.019856,0,1
data\val\real\000000049269.jpg,0,real,resize_0.25x,0.047985,0,1
data\val\real\000000049759.jpg,0,real,resize_0.25x,0.440049,0,1
data\val\real\000000049761.jpg,0,real,resize_0.25x,0.017597,0,1
data\val\real\000000049810.jpg,0,real,resize_0.25x,0.246895,0,1
data\val\real\000000050006.jpg,0,real,resize_0.25x,0.226912,0,1
data\val\real\000000050145.jpg,0,real,resize_0.25x,0.001967,0,1
data\val\real\000000050149.jpg,0,real,resize_0.25x,0.015213,0,1
data\val\real\000000050165.jpg,0,real,resize_0.25x,0.462547,0,1
data\val\real\000000050326.jpg,0,real,resize_0.25x,0.000968,0,1
data\val\real\000000050331.jpg,0,real,resize_0.25x,0.068875,0,1
data\val\real\000000050380.jpg,0,real,resize_0.25x,0.026419,0,1
data\val\real\000000050638.jpg,0,real,resize_0.25x,0.188361,0,1
data\val\real\000000050679.jpg,0,real,resize_0.25x,0.305678,0,1
data\val\real\000000050811.jpg,0,real,resize_0.25x,0.001195,0,1
data\val\real\000000050828.jpg,0,real,resize_0.25x,0.187326,0,1
data\val\real\000000050844.jpg,0,real,resize_0.25x,0.030999,0,1
data\val\real\000000050896.jpg,0,real,resize_0.25x,0.071962,0,1
data\val\real\000000050943.jpg,0,real,resize_0.25x,0.136059,0,1
data\val\real\000000051008.jpg,0,real,resize_0.25x,0.001342,0,1
data\val\real\000000051309.jpg,0,real,resize_0.25x,0.128390,0,1
data\val\real\000000051314.jpg,0,real,resize_0.25x,0.029901,0,1
data\val\real\000000051326.jpg,0,real,resize_0.25x,0.019275,0,1
data\val\real\000000051598.jpg,0,real,resize_0.25x,0.132600,0,1
data\val\real\000000051610.jpg,0,real,resize_0.25x,0.169310,0,1
data\val\real\000000051712.jpg,0,real,resize_0.25x,0.079932,0,1
data\val\real\000000051738.jpg,0,real,resize_0.25x,0.109106,0,1
data\val\real\000000051938.jpg,0,real,resize_0.25x,0.030763,0,1
data\val\real\000000051961.jpg,0,real,resize_0.25x,0.070091,0,1
data\val\real\000000051976.jpg,0,real,resize_0.25x,0.160053,0,1
data\val\real\000000052007.jpg,0,real,resize_0.25x,0.090885,0,1
data\val\real\000000052017.jpg,0,real,resize_0.25x,0.136174,0,1
data\val\real\000000052412.jpg,0,real,resize_0.25x,0.543767,1,0
data\val\real\000000052413.jpg,0,real,resize_0.25x,0.000556,0,1
data\val\real\000000052462.jpg,0,real,resize_0.25x,0.129632,0,1
data\val\real\000000052507.jpg,0,real,resize_0.25x,0.041611,0,1
data\val\real\000000052565.jpg,0,real,resize_0.25x,0.304928,0,1
data\val\real\000000052591.jpg,0,real,resize_0.25x,0.036662,0,1
data\val\real\000000052891.jpg,0,real,resize_0.25x,0.023603,0,1
data\val\real\000000052996.jpg,0,real,resize_0.25x,0.060850,0,1
data\val\real\000000053505.jpg,0,real,resize_0.25x,0.162984,0,1
data\val\real\000000053529.jpg,0,real,resize_0.25x,0.015996,0,1
data\val\real\000000053624.jpg,0,real,resize_0.25x,0.022703,0,1
data\val\real\000000053626.jpg,0,real,resize_0.25x,0.003196,0,1
data\val\real\000000053909.jpg,0,real,resize_0.25x,0.073772,0,1
data\val\real\000000053994.jpg,0,real,resize_0.25x,0.099248,0,1
data\val\real\000000054123.jpg,0,real,resize_0.25x,0.099084,0,1
data\val\real\000000054164.jpg,0,real,resize_0.25x,0.029549,0,1
data\val\real\000000054592.jpg,0,real,resize_0.25x,0.055108,0,1
data\val\real\000000054593.jpg,0,real,resize_0.25x,0.044107,0,1
data\val\real\000000054605.jpg,0,real,resize_0.25x,0.025657,0,1
data\val\real\000000054628.jpg,0,real,resize_0.25x,0.012092,0,1
data\val\real\000000054654.jpg,0,real,resize_0.25x,0.004951,0,1
data\val\real\000000054931.jpg,0,real,resize_0.25x,0.310266,0,1
data\val\real\000000054967.jpg,0,real,resize_0.25x,0.458321,0,1
data\val\real\000000055002.jpg,0,real,resize_0.25x,0.020864,0,1
data\val\real\000000055022.jpg,0,real,resize_0.25x,0.169024,0,1
data\val\real\000000055072.jpg,0,real,resize_0.25x,0.188701,0,1
data\val\real\000000055150.jpg,0,real,resize_0.25x,0.046092,0,1
data\val\real\000000055167.jpg,0,real,resize_0.25x,0.014882,0,1
data\val\real\000000055299.jpg,0,real,resize_0.25x,0.077673,0,1
data\val\real\000000055528.jpg,0,real,resize_0.25x,0.003616,0,1
data\val\real\000000055950.jpg,0,real,resize_0.25x,0.031031,0,1
data\val\real\000000056127.jpg,0,real,resize_0.25x,0.506579,1,0
data\val\real\000000056288.jpg,0,real,resize_0.25x,0.037090,0,1
data\val\real\000000056344.jpg,0,real,resize_0.25x,0.498844,0,1
data\val\real\000000056350.jpg,0,real,resize_0.25x,0.251904,0,1
data\val\real\000000056545.jpg,0,real,resize_0.25x,0.016000,0,1
data\val\ai\ai_000001.png,1,ai,resize_0.25x,0.965861,1,1
data\val\ai\ai_000002.png,1,ai,resize_0.25x,0.968439,1,1
data\val\ai\ai_000003.png,1,ai,resize_0.25x,0.859992,1,1
data\val\ai\ai_000004.png,1,ai,resize_0.25x,0.975127,1,1
data\val\ai\ai_000005.png,1,ai,resize_0.25x,0.982920,1,1
data\val\ai\ai_000006.png,1,ai,resize_0.25x,0.927209,1,1
data\val\ai\ai_000007.png,1,ai,resize_0.25x,0.931617,1,1
data\val\ai\ai_000008.png,1,ai,resize_0.25x,0.698396,1,1
data\val\ai\ai_000009.png,1,ai,resize_0.25x,0.674997,1,1
data\val\ai\ai_000010.png,1,ai,resize_0.25x,0.881374,1,1
data\val\ai\ai_000011.png,1,ai,resize_0.25x,0.961786,1,1
data\val\ai\ai_000012.png,1,ai,resize_0.25x,0.976355,1,1
data\val\ai\ai_000013.png,1,ai,resize_0.25x,0.986696,1,1
data\val\ai\ai_000014.png,1,ai,resize_0.25x,0.973389,1,1
data\val\ai\ai_000015.png,1,ai,resize_0.25x,0.949697,1,1
data\val\ai\ai_000016.png,1,ai,resize_0.25x,0.887883,1,1
data\val\ai\ai_000017.png,1,ai,resize_0.25x,0.812519,1,1
data\val\ai\ai_000018.png,1,ai,resize_0.25x,0.983707,1,1
data\val\ai\ai_000019.png,1,ai,resize_0.25x,0.458269,0,0
data\val\ai\ai_000020.png,1,ai,resize_0.25x,0.789692,1,1
data\val\ai\ai_000021.png,1,ai,resize_0.25x,0.993345,1,1
data\val\ai\ai_000022.png,1,ai,resize_0.25x,0.558534,1,1
data\val\ai\ai_000023.png,1,ai,resize_0.25x,0.886356,1,1
data\val\ai\ai_000024.png,1,ai,resize_0.25x,0.915117,1,1
data\val\ai\ai_000025.png,1,ai,resize_0.25x,0.950267,1,1
data\val\ai\ai_000026.png,1,ai,resize_0.25x,0.528095,1,1
data\val\ai\ai_000027.png,1,ai,resize_0.25x,0.952527,1,1
data\val\ai\ai_000028.png,1,ai,resize_0.25x,0.923169,1,1
data\val\ai\ai_000029.png,1,ai,resize_0.25x,0.968025,1,1
data\val\ai\ai_000030.png,1,ai,resize_0.25x,0.254268,0,0
data\val\ai\ai_000031.png,1,ai,resize_0.25x,0.487754,0,0
data\val\ai\ai_000032.png,1,ai,resize_0.25x,0.867932,1,1
data\val\ai\ai_000033.png,1,ai,resize_0.25x,0.941682,1,1
data\val\ai\ai_000034.png,1,ai,resize_0.25x,0.969835,1,1
data\val\ai\ai_000035.png,1,ai,resize_0.25x,0.996258,1,1
data\val\ai\ai_000036.png,1,ai,resize_0.25x,0.978720,1,1
data\val\ai\ai_000037.png,1,ai,resize_0.25x,0.964696,1,1
data\val\ai\ai_000038.png,1,ai,resize_0.25x,0.806868,1,1
data\val\ai\ai_000039.png,1,ai,resize_0.25x,0.985136,1,1
data\val\ai\ai_000040.png,1,ai,resize_0.25x,0.230688,0,0
data\val\ai\ai_000041.png,1,ai,resize_0.25x,0.998521,1,1
data\val\ai\ai_000042.png,1,ai,resize_0.25x,0.996434,1,1
data\val\ai\ai_000043.png,1,ai,resize_0.25x,0.998725,1,1
data\val\ai\ai_000044.png,1,ai,resize_0.25x,0.771278,1,1
data\val\ai\ai_000045.png,1,ai,resize_0.25x,0.993577,1,1
data\val\ai\ai_000046.png,1,ai,resize_0.25x,0.754666,1,1
data\val\ai\ai_000047.png,1,ai,resize_0.25x,0.857655,1,1
data\val\ai\ai_000048.png,1,ai,resize_0.25x,0.886322,1,1
data\val\ai\ai_000049.png,1,ai,resize_0.25x,0.968839,1,1
data\val\ai\ai_000050.png,1,ai,resize_0.25x,0.896911,1,1
data\val\ai\ai_000051.png,1,ai,resize_0.25x,0.964469,1,1
data\val\ai\ai_000052.png,1,ai,resize_0.25x,0.989879,1,1
data\val\ai\ai_000053.png,1,ai,resize_0.25x,0.987808,1,1
data\val\ai\ai_000054.png,1,ai,resize_0.25x,0.973880,1,1
data\val\ai\ai_000055.png,1,ai,resize_0.25x,0.747078,1,1
data\val\ai\ai_000056.png,1,ai,resize_0.25x,0.488314,0,0
data\val\ai\ai_000057.png,1,ai,resize_0.25x,0.937147,1,1
data\val\ai\ai_000058.png,1,ai,resize_0.25x,0.164043,0,0
data\val\ai\ai_000059.png,1,ai,resize_0.25x,0.965053,1,1
data\val\ai\ai_000060.png,1,ai,resize_0.25x,0.747198,1,1
data\val\ai\ai_000061.png,1,ai,resize_0.25x,0.959486,1,1
data\val\ai\ai_000062.png,1,ai,resize_0.25x,0.987115,1,1
data\val\ai\ai_000063.png,1,ai,resize_0.25x,0.984673,1,1
data\val\ai\ai_000064.png,1,ai,resize_0.25x,0.458295,0,0
data\val\ai\ai_000065.png,1,ai,resize_0.25x,0.830838,1,1
data\val\ai\ai_000066.png,1,ai,resize_0.25x,0.813036,1,1
data\val\ai\ai_000067.png,1,ai,resize_0.25x,0.971392,1,1
data\val\ai\ai_000068.png,1,ai,resize_0.25x,0.854942,1,1
data\val\ai\ai_000069.png,1,ai,resize_0.25x,0.996759,1,1
data\val\ai\ai_000070.png,1,ai,resize_0.25x,0.588045,1,1
data\val\ai\ai_000071.png,1,ai,resize_0.25x,0.987251,1,1
data\val\ai\ai_000072.png,1,ai,resize_0.25x,0.816784,1,1
data\val\ai\ai_000073.png,1,ai,resize_0.25x,0.982747,1,1
data\val\ai\ai_000074.png,1,ai,resize_0.25x,0.996313,1,1
data\val\ai\ai_000075.png,1,ai,resize_0.25x,0.955112,1,1
data\val\ai\ai_000076.png,1,ai,resize_0.25x,0.793875,1,1
data\val\ai\ai_000077.png,1,ai,resize_0.25x,0.975414,1,1
data\val\ai\ai_000078.png,1,ai,resize_0.25x,0.317251,0,0
data\val\ai\ai_000079.png,1,ai,resize_0.25x,0.791574,1,1
data\val\ai\ai_000080.png,1,ai,resize_0.25x,0.778819,1,1
data\val\ai\ai_000081.png,1,ai,resize_0.25x,0.992535,1,1
data\val\ai\ai_000082.png,1,ai,resize_0.25x,0.988738,1,1
data\val\ai\ai_000083.png,1,ai,resize_0.25x,0.911938,1,1
data\val\ai\ai_000084.png,1,ai,resize_0.25x,0.921950,1,1
data\val\ai\ai_000085.png,1,ai,resize_0.25x,0.962029,1,1
data\val\ai\ai_000086.png,1,ai,resize_0.25x,0.405992,0,0
data\val\ai\ai_000087.png,1,ai,resize_0.25x,0.986019,1,1
data\val\ai\ai_000088.png,1,ai,resize_0.25x,0.754869,1,1
data\val\ai\ai_000089.png,1,ai,resize_0.25x,0.566707,1,1
data\val\ai\ai_000090.png,1,ai,resize_0.25x,0.583685,1,1
data\val\ai\ai_000091.png,1,ai,resize_0.25x,0.884272,1,1
data\val\ai\ai_000092.png,1,ai,resize_0.25x,0.995258,1,1
data\val\ai\ai_000093.png,1,ai,resize_0.25x,0.895059,1,1
data\val\ai\ai_000094.png,1,ai,resize_0.25x,0.994361,1,1
data\val\ai\ai_000095.png,1,ai,resize_0.25x,0.952141,1,1
data\val\ai\ai_000096.png,1,ai,resize_0.25x,0.977729,1,1
data\val\ai\ai_000097.png,1,ai,resize_0.25x,0.647867,1,1
data\val\ai\ai_000098.png,1,ai,resize_0.25x,0.559441,1,1
data\val\ai\ai_000099.png,1,ai,resize_0.25x,0.677393,1,1
data\val\ai\ai_000100.png,1,ai,resize_0.25x,0.924149,1,1
data\val\ai\ai_000101.png,1,ai,resize_0.25x,0.977956,1,1
data\val\ai\ai_000102.png,1,ai,resize_0.25x,0.464752,0,0
data\val\ai\ai_000103.png,1,ai,resize_0.25x,0.879134,1,1
data\val\ai\ai_000104.png,1,ai,resize_0.25x,0.964650,1,1
data\val\ai\ai_000105.png,1,ai,resize_0.25x,0.644248,1,1
data\val\ai\ai_000106.png,1,ai,resize_0.25x,0.662923,1,1
data\val\ai\ai_000107.png,1,ai,resize_0.25x,0.954118,1,1
data\val\ai\ai_000108.png,1,ai,resize_0.25x,0.991185,1,1
data\val\ai\ai_000109.png,1,ai,resize_0.25x,0.999204,1,1
data\val\ai\ai_000110.png,1,ai,resize_0.25x,0.754000,1,1
data\val\ai\ai_000111.png,1,ai,resize_0.25x,0.944590,1,1
data\val\ai\ai_000112.png,1,ai,resize_0.25x,0.749105,1,1
data\val\ai\ai_000113.png,1,ai,resize_0.25x,0.873097,1,1
data\val\ai\ai_000114.png,1,ai,resize_0.25x,0.988925,1,1
data\val\ai\ai_000115.png,1,ai,resize_0.25x,0.929707,1,1
data\val\ai\ai_000116.png,1,ai,resize_0.25x,0.937723,1,1
data\val\ai\ai_000117.png,1,ai,resize_0.25x,0.960768,1,1
data\val\ai\ai_000118.png,1,ai,resize_0.25x,0.953591,1,1
data\val\ai\ai_000119.png,1,ai,resize_0.25x,0.817525,1,1
data\val\ai\ai_000120.png,1,ai,resize_0.25x,0.871710,1,1
data\val\ai\ai_000121.png,1,ai,resize_0.25x,0.999103,1,1
data\val\ai\ai_000122.png,1,ai,resize_0.25x,0.990133,1,1
data\val\ai\ai_000123.png,1,ai,resize_0.25x,0.757140,1,1
data\val\ai\ai_000124.png,1,ai,resize_0.25x,0.799638,1,1
data\val\ai\ai_000125.png,1,ai,resize_0.25x,0.996593,1,1
data\val\ai\ai_000126.png,1,ai,resize_0.25x,0.870524,1,1
data\val\ai\ai_000127.png,1,ai,resize_0.25x,0.996333,1,1
data\val\ai\ai_000128.png,1,ai,resize_0.25x,0.964120,1,1
data\val\ai\ai_000129.png,1,ai,resize_0.25x,0.961216,1,1
data\val\ai\ai_000130.png,1,ai,resize_0.25x,0.673107,1,1
data\val\ai\ai_000131.png,1,ai,resize_0.25x,0.982881,1,1
data\val\ai\ai_000132.png,1,ai,resize_0.25x,0.891354,1,1
data\val\ai\ai_000133.png,1,ai,resize_0.25x,0.966629,1,1
data\val\ai\ai_000134.png,1,ai,resize_0.25x,0.987926,1,1
data\val\ai\ai_000135.png,1,ai,resize_0.25x,0.993424,1,1
data\val\ai\ai_000136.png,1,ai,resize_0.25x,0.541698,1,1
data\val\ai\ai_000137.png,1,ai,resize_0.25x,0.898332,1,1
data\val\ai\ai_000138.png,1,ai,resize_0.25x,0.782334,1,1
data\val\ai\ai_000139.png,1,ai,resize_0.25x,0.903285,1,1
data\val\ai\ai_000140.png,1,ai,resize_0.25x,0.672721,1,1
data\val\ai\ai_000141.png,1,ai,resize_0.25x,0.997683,1,1
data\val\ai\ai_000142.png,1,ai,resize_0.25x,0.955897,1,1
data\val\ai\ai_000143.png,1,ai,resize_0.25x,0.988749,1,1
data\val\ai\ai_000144.png,1,ai,resize_0.25x,0.988059,1,1
data\val\ai\ai_000145.png,1,ai,resize_0.25x,0.973175,1,1
data\val\ai\ai_000146.png,1,ai,resize_0.25x,0.958030,1,1
data\val\ai\ai_000147.png,1,ai,resize_0.25x,0.931860,1,1
data\val\ai\ai_000148.png,1,ai,resize_0.25x,0.083971,0,0
data\val\ai\ai_000149.png,1,ai,resize_0.25x,0.988857,1,1
data\val\ai\ai_000150.png,1,ai,resize_0.25x,0.908892,1,1
data\val\ai\ai_000151.png,1,ai,resize_0.25x,0.753781,1,1
data\val\ai\ai_000152.png,1,ai,resize_0.25x,0.803584,1,1
data\val\ai\ai_000153.png,1,ai,resize_0.25x,0.986991,1,1
data\val\ai\ai_000154.png,1,ai,resize_0.25x,0.975423,1,1
data\val\ai\ai_000155.png,1,ai,resize_0.25x,0.957562,1,1
data\val\ai\ai_000156.png,1,ai,resize_0.25x,0.089081,0,0
data\val\ai\ai_000157.png,1,ai,resize_0.25x,0.880923,1,1
data\val\ai\ai_000158.png,1,ai,resize_0.25x,0.091298,0,0
data\val\ai\ai_000159.png,1,ai,resize_0.25x,0.996791,1,1
data\val\ai\ai_000160.png,1,ai,resize_0.25x,0.037541,0,0
data\val\ai\ai_000161.png,1,ai,resize_0.25x,0.948226,1,1
data\val\ai\ai_000162.png,1,ai,resize_0.25x,0.891337,1,1
data\val\ai\ai_000163.png,1,ai,resize_0.25x,0.936031,1,1
data\val\ai\ai_000164.png,1,ai,resize_0.25x,0.996535,1,1
data\val\ai\ai_000165.png,1,ai,resize_0.25x,0.999501,1,1
data\val\ai\ai_000166.png,1,ai,resize_0.25x,0.881538,1,1
data\val\ai\ai_000167.png,1,ai,resize_0.25x,0.944875,1,1
data\val\ai\ai_000168.png,1,ai,resize_0.25x,0.794287,1,1
data\val\ai\ai_000169.png,1,ai,resize_0.25x,0.985067,1,1
data\val\ai\ai_000170.png,1,ai,resize_0.25x,0.964272,1,1
data\val\ai\ai_000171.png,1,ai,resize_0.25x,0.920495,1,1
data\val\ai\ai_000172.png,1,ai,resize_0.25x,0.980315,1,1
data\val\ai\ai_000173.png,1,ai,resize_0.25x,0.940442,1,1
data\val\ai\ai_000174.png,1,ai,resize_0.25x,0.998072,1,1
data\val\ai\ai_000175.png,1,ai,resize_0.25x,0.977727,1,1
data\val\ai\ai_000176.png,1,ai,resize_0.25x,0.965386,1,1
data\val\ai\ai_000177.png,1,ai,resize_0.25x,0.916951,1,1
data\val\ai\ai_000178.png,1,ai,resize_0.25x,0.221885,0,0
data\val\ai\ai_000179.png,1,ai,resize_0.25x,0.996220,1,1
data\val\ai\ai_000180.png,1,ai,resize_0.25x,0.881127,1,1
data\val\ai\ai_000181.png,1,ai,resize_0.25x,0.986711,1,1
data\val\ai\ai_000182.png,1,ai,resize_0.25x,0.908004,1,1
data\val\ai\ai_000183.png,1,ai,resize_0.25x,0.856233,1,1
data\val\ai\ai_000184.png,1,ai,resize_0.25x,0.976344,1,1
data\val\ai\ai_000185.png,1,ai,resize_0.25x,0.969882,1,1
data\val\ai\ai_000186.png,1,ai,resize_0.25x,0.562258,1,1
data\val\ai\ai_000187.png,1,ai,resize_0.25x,0.966954,1,1
data\val\ai\ai_000188.png,1,ai,resize_0.25x,0.172593,0,0
data\val\ai\ai_000189.png,1,ai,resize_0.25x,0.972582,1,1
data\val\ai\ai_000190.png,1,ai,resize_0.25x,0.880837,1,1
data\val\ai\ai_000191.png,1,ai,resize_0.25x,0.968476,1,1
data\val\ai\ai_000192.png,1,ai,resize_0.25x,0.994401,1,1
data\val\ai\ai_000193.png,1,ai,resize_0.25x,0.999382,1,1
data\val\ai\ai_000194.png,1,ai,resize_0.25x,0.938893,1,1
data\val\ai\ai_000195.png,1,ai,resize_0.25x,0.984089,1,1
data\val\ai\ai_000196.png,1,ai,resize_0.25x,0.979546,1,1
data\val\ai\ai_000197.png,1,ai,resize_0.25x,0.926462,1,1
data\val\ai\ai_000198.png,1,ai,resize_0.25x,0.959909,1,1
data\val\ai\ai_000199.png,1,ai,resize_0.25x,0.930089,1,1
data\val\ai\ai_000200.png,1,ai,resize_0.25x,0.830156,1,1
data\val\ai\ai_000201.png,1,ai,resize_0.25x,0.939899,1,1
data\val\ai\ai_000202.png,1,ai,resize_0.25x,0.778918,1,1
data\val\ai\ai_000203.png,1,ai,resize_0.25x,0.968787,1,1
data\val\ai\ai_000204.png,1,ai,resize_0.25x,0.987850,1,1
data\val\ai\ai_000205.png,1,ai,resize_0.25x,0.942128,1,1
data\val\ai\ai_000206.png,1,ai,resize_0.25x,0.988587,1,1
data\val\ai\ai_000207.png,1,ai,resize_0.25x,0.960638,1,1
data\val\ai\ai_000208.png,1,ai,resize_0.25x,0.890019,1,1
data\val\ai\ai_000209.png,1,ai,resize_0.25x,0.988804,1,1
data\val\ai\ai_000210.png,1,ai,resize_0.25x,0.853553,1,1
data\val\ai\ai_000211.png,1,ai,resize_0.25x,0.993860,1,1
data\val\ai\ai_000212.png,1,ai,resize_0.25x,0.997562,1,1
data\val\ai\ai_000213.png,1,ai,resize_0.25x,0.873716,1,1
data\val\ai\ai_000214.png,1,ai,resize_0.25x,0.996554,1,1
data\val\ai\ai_000215.png,1,ai,resize_0.25x,0.925035,1,1
data\val\ai\ai_000216.png,1,ai,resize_0.25x,0.881000,1,1
data\val\ai\ai_000217.png,1,ai,resize_0.25x,0.705069,1,1
data\val\ai\ai_000218.png,1,ai,resize_0.25x,0.519483,1,1
data\val\ai\ai_000219.png,1,ai,resize_0.25x,0.940538,1,1
data\val\ai\ai_000220.png,1,ai,resize_0.25x,0.244044,0,0
data\val\ai\ai_000221.png,1,ai,resize_0.25x,0.973253,1,1
data\val\ai\ai_000222.png,1,ai,resize_0.25x,0.781817,1,1
data\val\ai\ai_000223.png,1,ai,resize_0.25x,0.976593,1,1
data\val\ai\ai_000224.png,1,ai,resize_0.25x,0.951712,1,1
data\val\ai\ai_000225.png,1,ai,resize_0.25x,0.971864,1,1
data\val\ai\ai_000226.png,1,ai,resize_0.25x,0.826719,1,1
data\val\ai\ai_000227.png,1,ai,resize_0.25x,0.977536,1,1
data\val\ai\ai_000228.png,1,ai,resize_0.25x,0.015433,0,0
data\val\ai\ai_000229.png,1,ai,resize_0.25x,0.960042,1,1
data\val\ai\ai_000230.png,1,ai,resize_0.25x,0.942569,1,1
data\val\ai\ai_000231.png,1,ai,resize_0.25x,0.998897,1,1
data\val\ai\ai_000232.png,1,ai,resize_0.25x,0.884121,1,1
data\val\ai\ai_000233.png,1,ai,resize_0.25x,0.923848,1,1
data\val\ai\ai_000234.png,1,ai,resize_0.25x,0.999127,1,1
data\val\ai\ai_000235.png,1,ai,resize_0.25x,0.974660,1,1
data\val\ai\ai_000236.png,1,ai,resize_0.25x,0.638328,1,1
data\val\ai\ai_000237.png,1,ai,resize_0.25x,0.836048,1,1
data\val\ai\ai_000238.png,1,ai,resize_0.25x,0.731584,1,1
data\val\ai\ai_000239.png,1,ai,resize_0.25x,0.641065,1,1
data\val\ai\ai_000240.png,1,ai,resize_0.25x,0.415348,0,0
data\val\ai\ai_000241.png,1,ai,resize_0.25x,0.921858,1,1
data\val\ai\ai_000242.png,1,ai,resize_0.25x,0.990923,1,1
data\val\ai\ai_000243.png,1,ai,resize_0.25x,0.964275,1,1
data\val\ai\ai_000244.png,1,ai,resize_0.25x,0.995410,1,1
data\val\ai\ai_000245.png,1,ai,resize_0.25x,0.839810,1,1
data\val\ai\ai_000246.png,1,ai,resize_0.25x,0.988432,1,1
data\val\ai\ai_000247.png,1,ai,resize_0.25x,0.697365,1,1
data\val\ai\ai_000248.png,1,ai,resize_0.25x,0.991208,1,1
data\val\ai\ai_000249.png,1,ai,resize_0.25x,0.983305,1,1
data\val\ai\ai_000250.png,1,ai,resize_0.25x,0.343099,0,0
data\val\ai\ai_000251.png,1,ai,resize_0.25x,0.895282,1,1
data\val\ai\ai_000252.png,1,ai,resize_0.25x,0.980673,1,1
data\val\ai\ai_000253.png,1,ai,resize_0.25x,0.987491,1,1
data\val\ai\ai_000254.png,1,ai,resize_0.25x,0.943333,1,1
data\val\ai\ai_000255.png,1,ai,resize_0.25x,0.645836,1,1
data\val\ai\ai_000256.png,1,ai,resize_0.25x,0.359908,0,0
data\val\ai\ai_000257.png,1,ai,resize_0.25x,0.450440,0,0
data\val\ai\ai_000258.png,1,ai,resize_0.25x,0.627203,1,1
data\val\ai\ai_000259.png,1,ai,resize_0.25x,0.991523,1,1
data\val\ai\ai_000260.png,1,ai,resize_0.25x,0.440609,0,0
data\val\ai\ai_000261.png,1,ai,resize_0.25x,0.951649,1,1
data\val\ai\ai_000262.png,1,ai,resize_0.25x,0.995555,1,1
data\val\ai\ai_000263.png,1,ai,resize_0.25x,0.880307,1,1
data\val\ai\ai_000264.png,1,ai,resize_0.25x,0.997356,1,1
data\val\ai\ai_000265.png,1,ai,resize_0.25x,0.969429,1,1
data\val\ai\ai_000266.png,1,ai,resize_0.25x,0.896999,1,1
data\val\ai\ai_000267.png,1,ai,resize_0.25x,0.972611,1,1
data\val\ai\ai_000268.png,1,ai,resize_0.25x,0.930095,1,1
data\val\ai\ai_000269.png,1,ai,resize_0.25x,0.962939,1,1
data\val\ai\ai_000270.png,1,ai,resize_0.25x,0.718910,1,1
data\val\ai\ai_000271.png,1,ai,resize_0.25x,0.909366,1,1
data\val\ai\ai_000272.png,1,ai,resize_0.25x,0.987387,1,1
data\val\ai\ai_000273.png,1,ai,resize_0.25x,0.987500,1,1
data\val\ai\ai_000274.png,1,ai,resize_0.25x,0.967251,1,1
data\val\ai\ai_000275.png,1,ai,resize_0.25x,0.976403,1,1
data\val\ai\ai_000276.png,1,ai,resize_0.25x,0.948985,1,1
data\val\ai\ai_000277.png,1,ai,resize_0.25x,0.962760,1,1
data\val\ai\ai_000278.png,1,ai,resize_0.25x,0.978969,1,1
data\val\ai\ai_000279.png,1,ai,resize_0.25x,0.941040,1,1
data\val\ai\ai_000280.png,1,ai,resize_0.25x,0.778706,1,1
data\val\ai\ai_000281.png,1,ai,resize_0.25x,0.827046,1,1
data\val\ai\ai_000282.png,1,ai,resize_0.25x,0.601718,1,1
data\val\ai\ai_000283.png,1,ai,resize_0.25x,0.992502,1,1
data\val\ai\ai_000284.png,1,ai,resize_0.25x,0.961793,1,1
data\val\ai\ai_000285.png,1,ai,resize_0.25x,0.990681,1,1
data\val\ai\ai_000286.png,1,ai,resize_0.25x,0.986080,1,1
data\val\ai\ai_000287.png,1,ai,resize_0.25x,0.987838,1,1
data\val\ai\ai_000288.png,1,ai,resize_0.25x,0.085657,0,0
data\val\ai\ai_000289.png,1,ai,resize_0.25x,0.992952,1,1
data\val\ai\ai_000290.png,1,ai,resize_0.25x,0.577642,1,1
data\val\ai\ai_000291.png,1,ai,resize_0.25x,0.981014,1,1
data\val\ai\ai_000292.png,1,ai,resize_0.25x,0.993569,1,1
data\val\ai\ai_000293.png,1,ai,resize_0.25x,0.294662,0,0
data\val\ai\ai_000294.png,1,ai,resize_0.25x,0.980744,1,1
data\val\ai\ai_000295.png,1,ai,resize_0.25x,0.893836,1,1
data\val\ai\ai_000296.png,1,ai,resize_0.25x,0.975124,1,1
data\val\ai\ai_000297.png,1,ai,resize_0.25x,0.994560,1,1
data\val\ai\ai_000298.png,1,ai,resize_0.25x,0.961428,1,1
data\val\ai\ai_000299.png,1,ai,resize_0.25x,0.970934,1,1
data\val\ai\ai_000300.png,1,ai,resize_0.25x,0.482845,0,0
data\val\ai\ai_000301.png,1,ai,resize_0.25x,0.917990,1,1
data\val\ai\ai_000302.png,1,ai,resize_0.25x,0.388088,0,0
data\val\ai\ai_000303.png,1,ai,resize_0.25x,0.975779,1,1
data\val\ai\ai_000304.png,1,ai,resize_0.25x,0.994318,1,1
data\val\ai\ai_000305.png,1,ai,resize_0.25x,0.852620,1,1
data\val\ai\ai_000306.png,1,ai,resize_0.25x,0.973483,1,1
data\val\ai\ai_000307.png,1,ai,resize_0.25x,0.955055,1,1
data\val\ai\ai_000308.png,1,ai,resize_0.25x,0.697154,1,1
data\val\ai\ai_000309.png,1,ai,resize_0.25x,0.943938,1,1
data\val\ai\ai_000310.png,1,ai,resize_0.25x,0.789496,1,1
data\val\ai\ai_000311.png,1,ai,resize_0.25x,0.834263,1,1
data\val\ai\ai_000312.png,1,ai,resize_0.25x,0.896663,1,1
data\val\ai\ai_000313.png,1,ai,resize_0.25x,0.594052,1,1
data\val\ai\ai_000314.png,1,ai,resize_0.25x,0.987793,1,1
data\val\ai\ai_000315.png,1,ai,resize_0.25x,0.977423,1,1
data\val\ai\ai_000316.png,1,ai,resize_0.25x,0.973779,1,1
data\val\ai\ai_000317.png,1,ai,resize_0.25x,0.993706,1,1
data\val\ai\ai_000318.png,1,ai,resize_0.25x,0.066684,0,0
data\val\ai\ai_000319.png,1,ai,resize_0.25x,0.843164,1,1
data\val\ai\ai_000320.png,1,ai,resize_0.25x,0.946681,1,1
data\val\ai\ai_000321.png,1,ai,resize_0.25x,0.966598,1,1
data\val\ai\ai_000322.png,1,ai,resize_0.25x,0.863180,1,1
data\val\ai\ai_000323.png,1,ai,resize_0.25x,0.993027,1,1
data\val\ai\ai_000324.png,1,ai,resize_0.25x,0.992386,1,1
data\val\ai\ai_000325.png,1,ai,resize_0.25x,0.978146,1,1
data\val\ai\ai_000326.png,1,ai,resize_0.25x,0.989334,1,1
data\val\ai\ai_000327.png,1,ai,resize_0.25x,0.996164,1,1
data\val\ai\ai_000328.png,1,ai,resize_0.25x,0.677656,1,1
data\val\ai\ai_000329.png,1,ai,resize_0.25x,0.802199,1,1
data\val\ai\ai_000330.png,1,ai,resize_0.25x,0.790155,1,1
data\val\ai\ai_000331.png,1,ai,resize_0.25x,0.970481,1,1
data\val\ai\ai_000332.png,1,ai,resize_0.25x,0.534014,1,1
data\val\ai\ai_000333.png,1,ai,resize_0.25x,0.988510,1,1
data\val\ai\ai_000334.png,1,ai,resize_0.25x,0.881169,1,1
data\val\ai\ai_000335.png,1,ai,resize_0.25x,0.972480,1,1
data\val\ai\ai_000336.png,1,ai,resize_0.25x,0.560869,1,1
data\val\ai\ai_000337.png,1,ai,resize_0.25x,0.991673,1,1
data\val\ai\ai_000338.png,1,ai,resize_0.25x,0.078676,0,0
data\val\ai\ai_000339.png,1,ai,resize_0.25x,0.994948,1,1
data\val\ai\ai_000340.png,1,ai,resize_0.25x,0.954646,1,1
data\val\ai\ai_000341.png,1,ai,resize_0.25x,0.921261,1,1
data\val\ai\ai_000342.png,1,ai,resize_0.25x,0.136125,0,0
data\val\ai\ai_000343.png,1,ai,resize_0.25x,0.986834,1,1
data\val\ai\ai_000344.png,1,ai,resize_0.25x,0.941858,1,1
data\val\ai\ai_000345.png,1,ai,resize_0.25x,0.903114,1,1
data\val\ai\ai_000346.png,1,ai,resize_0.25x,0.988970,1,1
data\val\ai\ai_000347.png,1,ai,resize_0.25x,0.807914,1,1
data\val\ai\ai_000348.png,1,ai,resize_0.25x,0.965367,1,1
data\val\ai\ai_000349.png,1,ai,resize_0.25x,0.994694,1,1
data\val\ai\ai_000350.png,1,ai,resize_0.25x,0.601851,1,1
data\val\ai\ai_000351.png,1,ai,resize_0.25x,0.833244,1,1
data\val\ai\ai_000352.png,1,ai,resize_0.25x,0.791136,1,1
data\val\ai\ai_000353.png,1,ai,resize_0.25x,0.840179,1,1
data\val\ai\ai_000354.png,1,ai,resize_0.25x,0.993596,1,1
data\val\ai\ai_000355.png,1,ai,resize_0.25x,0.990440,1,1
data\val\ai\ai_000356.png,1,ai,resize_0.25x,0.919830,1,1
data\val\ai\ai_000357.png,1,ai,resize_0.25x,0.945581,1,1
data\val\ai\ai_000358.png,1,ai,resize_0.25x,0.068123,0,0
data\val\ai\ai_000359.png,1,ai,resize_0.25x,0.985628,1,1
data\val\ai\ai_000360.png,1,ai,resize_0.25x,0.793031,1,1
data\val\ai\ai_000361.png,1,ai,resize_0.25x,0.981174,1,1
data\val\ai\ai_000362.png,1,ai,resize_0.25x,0.686087,1,1
data\val\ai\ai_000363.png,1,ai,resize_0.25x,0.991708,1,1
data\val\ai\ai_000364.png,1,ai,resize_0.25x,0.990520,1,1
data\val\ai\ai_000365.png,1,ai,resize_0.25x,0.774793,1,1
data\val\ai\ai_000366.png,1,ai,resize_0.25x,0.891727,1,1
data\val\ai\ai_000367.png,1,ai,resize_0.25x,0.953697,1,1
data\val\ai\ai_000368.png,1,ai,resize_0.25x,0.151152,0,0
data\val\ai\ai_000369.png,1,ai,resize_0.25x,0.967196,1,1
data\val\ai\ai_000370.png,1,ai,resize_0.25x,0.156467,0,0
data\val\ai\ai_000371.png,1,ai,resize_0.25x,0.790473,1,1
data\val\ai\ai_000372.png,1,ai,resize_0.25x,0.879726,1,1
data\val\ai\ai_000373.png,1,ai,resize_0.25x,0.782652,1,1
data\val\ai\ai_000374.png,1,ai,resize_0.25x,0.995430,1,1
data\val\ai\ai_000375.png,1,ai,resize_0.25x,0.995229,1,1
data\val\ai\ai_000376.png,1,ai,resize_0.25x,0.321575,0,0
data\val\ai\ai_000377.png,1,ai,resize_0.25x,0.946500,1,1
data\val\ai\ai_000378.png,1,ai,resize_0.25x,0.979875,1,1
data\val\ai\ai_000379.png,1,ai,resize_0.25x,0.919151,1,1
data\val\ai\ai_000380.png,1,ai,resize_0.25x,0.822998,1,1
data\val\ai\ai_000381.png,1,ai,resize_0.25x,0.734645,1,1
data\val\ai\ai_000382.png,1,ai,resize_0.25x,0.279694,0,0
data\val\ai\ai_000383.png,1,ai,resize_0.25x,0.956236,1,1
data\val\ai\ai_000384.png,1,ai,resize_0.25x,0.868122,1,1
data\val\ai\ai_000385.png,1,ai,resize_0.25x,0.955676,1,1
data\val\ai\ai_000386.png,1,ai,resize_0.25x,0.894346,1,1
data\val\ai\ai_000387.png,1,ai,resize_0.25x,0.971368,1,1
data\val\ai\ai_000388.png,1,ai,resize_0.25x,0.993327,1,1
data\val\ai\ai_000389.png,1,ai,resize_0.25x,0.865208,1,1
data\val\ai\ai_000390.png,1,ai,resize_0.25x,0.987433,1,1
data\val\ai\ai_000391.png,1,ai,resize_0.25x,0.859486,1,1
data\val\ai\ai_000392.png,1,ai,resize_0.25x,0.881975,1,1
data\val\ai\ai_000393.png,1,ai,resize_0.25x,0.991439,1,1
data\val\ai\ai_000394.png,1,ai,resize_0.25x,0.992209,1,1
data\val\ai\ai_000395.png,1,ai,resize_0.25x,0.951823,1,1
data\val\ai\ai_000396.png,1,ai,resize_0.25x,0.921213,1,1
data\val\ai\ai_000397.png,1,ai,resize_0.25x,0.961062,1,1
data\val\ai\ai_000398.png,1,ai,resize_0.25x,0.318659,0,0
data\val\ai\ai_000399.png,1,ai,resize_0.25x,0.970171,1,1
data\val\ai\ai_000400.png,1,ai,resize_0.25x,0.233095,0,0
data\val\ai\ai_000401.png,1,ai,resize_0.25x,0.988419,1,1
data\val\ai\ai_000402.png,1,ai,resize_0.25x,0.949341,1,1
data\val\ai\ai_000403.png,1,ai,resize_0.25x,0.930455,1,1
data\val\ai\ai_000404.png,1,ai,resize_0.25x,0.969915,1,1
data\val\ai\ai_000405.png,1,ai,resize_0.25x,0.995845,1,1
data\val\ai\ai_000406.png,1,ai,resize_0.25x,0.994080,1,1
data\val\ai\ai_000407.png,1,ai,resize_0.25x,0.874425,1,1
data\val\ai\ai_000408.png,1,ai,resize_0.25x,0.987489,1,1
data\val\ai\ai_000409.png,1,ai,resize_0.25x,0.940862,1,1
data\val\ai\ai_000410.png,1,ai,resize_0.25x,0.691076,1,1
data\val\ai\ai_000411.png,1,ai,resize_0.25x,0.978632,1,1
data\val\ai\ai_000412.png,1,ai,resize_0.25x,0.993796,1,1
data\val\ai\ai_000413.png,1,ai,resize_0.25x,0.947517,1,1
data\val\ai\ai_000414.png,1,ai,resize_0.25x,0.998753,1,1
data\val\ai\ai_000415.png,1,ai,resize_0.25x,0.996207,1,1
data\val\ai\ai_000416.png,1,ai,resize_0.25x,0.885322,1,1
data\val\ai\ai_000417.png,1,ai,resize_0.25x,0.975814,1,1
data\val\ai\ai_000418.png,1,ai,resize_0.25x,0.064240,0,0
data\val\ai\ai_000419.png,1,ai,resize_0.25x,0.893372,1,1
data\val\ai\ai_000420.png,1,ai,resize_0.25x,0.471278,0,0
data\val\ai\ai_000421.png,1,ai,resize_0.25x,0.993920,1,1
data\val\ai\ai_000422.png,1,ai,resize_0.25x,0.222142,0,0
data\val\ai\ai_000423.png,1,ai,resize_0.25x,0.933254,1,1
data\val\ai\ai_000424.png,1,ai,resize_0.25x,0.996713,1,1
data\val\ai\ai_000425.png,1,ai,resize_0.25x,0.943758,1,1
data\val\ai\ai_000426.png,1,ai,resize_0.25x,0.316812,0,0
data\val\ai\ai_000427.png,1,ai,resize_0.25x,0.973293,1,1
data\val\ai\ai_000428.png,1,ai,resize_0.25x,0.976645,1,1
data\val\ai\ai_000429.png,1,ai,resize_0.25x,0.984817,1,1
data\val\ai\ai_000430.png,1,ai,resize_0.25x,0.827093,1,1
data\val\ai\ai_000431.png,1,ai,resize_0.25x,0.903007,1,1
data\val\ai\ai_000432.png,1,ai,resize_0.25x,0.990286,1,1
data\val\ai\ai_000433.png,1,ai,resize_0.25x,0.997492,1,1
data\val\ai\ai_000434.png,1,ai,resize_0.25x,0.980960,1,1
data\val\ai\ai_000435.png,1,ai,resize_0.25x,0.934776,1,1
data\val\ai\ai_000436.png,1,ai,resize_0.25x,0.982465,1,1
data\val\ai\ai_000437.png,1,ai,resize_0.25x,0.960451,1,1
data\val\ai\ai_000438.png,1,ai,resize_0.25x,0.947224,1,1
data\val\ai\ai_000439.png,1,ai,resize_0.25x,0.616771,1,1
data\val\ai\ai_000440.png,1,ai,resize_0.25x,0.897704,1,1
data\val\ai\ai_000441.png,1,ai,resize_0.25x,0.821449,1,1
data\val\ai\ai_000442.png,1,ai,resize_0.25x,0.976895,1,1
data\val\ai\ai_000443.png,1,ai,resize_0.25x,0.981843,1,1
data\val\ai\ai_000444.png,1,ai,resize_0.25x,0.986250,1,1
data\val\ai\ai_000445.png,1,ai,resize_0.25x,0.932566,1,1
data\val\ai\ai_000446.png,1,ai,resize_0.25x,0.963157,1,1
data\val\ai\ai_000447.png,1,ai,resize_0.25x,0.968918,1,1
data\val\ai\ai_000448.png,1,ai,resize_0.25x,0.050171,0,0
data\val\ai\ai_000449.png,1,ai,resize_0.25x,0.998571,1,1
data\val\ai\ai_000450.png,1,ai,resize_0.25x,0.994066,1,1
data\val\ai\ai_000451.png,1,ai,resize_0.25x,0.834088,1,1
data\val\ai\ai_000452.png,1,ai,resize_0.25x,0.854407,1,1
data\val\ai\ai_000453.png,1,ai,resize_0.25x,0.993622,1,1
data\val\ai\ai_000454.png,1,ai,resize_0.25x,0.933870,1,1
data\val\ai\ai_000455.png,1,ai,resize_0.25x,0.972727,1,1
data\val\ai\ai_000456.png,1,ai,resize_0.25x,0.912153,1,1
data\val\ai\ai_000457.png,1,ai,resize_0.25x,0.922188,1,1
data\val\ai\ai_000458.png,1,ai,resize_0.25x,0.875703,1,1
data\val\ai\ai_000459.png,1,ai,resize_0.25x,0.784149,1,1
data\val\ai\ai_000460.png,1,ai,resize_0.25x,0.879719,1,1
data\val\ai\ai_000461.png,1,ai,resize_0.25x,0.932096,1,1
data\val\ai\ai_000462.png,1,ai,resize_0.25x,0.942516,1,1
data\val\ai\ai_000463.png,1,ai,resize_0.25x,0.993702,1,1
data\val\ai\ai_000464.png,1,ai,resize_0.25x,0.980914,1,1
data\val\ai\ai_000465.png,1,ai,resize_0.25x,0.970792,1,1
data\val\ai\ai_000466.png,1,ai,resize_0.25x,0.602051,1,1
data\val\ai\ai_000467.png,1,ai,resize_0.25x,0.787963,1,1
data\val\ai\ai_000468.png,1,ai,resize_0.25x,0.695935,1,1
data\val\ai\ai_000469.png,1,ai,resize_0.25x,0.985742,1,1
data\val\ai\ai_000470.png,1,ai,resize_0.25x,0.592698,1,1
data\val\ai\ai_000471.png,1,ai,resize_0.25x,0.993387,1,1
data\val\ai\ai_000472.png,1,ai,resize_0.25x,0.905338,1,1
data\val\ai\ai_000473.png,1,ai,resize_0.25x,0.622252,1,1
data\val\ai\ai_000474.png,1,ai,resize_0.25x,0.995567,1,1
data\val\ai\ai_000475.png,1,ai,resize_0.25x,0.995265,1,1
data\val\ai\ai_000476.png,1,ai,resize_0.25x,0.812422,1,1
data\val\ai\ai_000477.png,1,ai,resize_0.25x,0.992632,1,1
data\val\ai\ai_000478.png,1,ai,resize_0.25x,0.959356,1,1
data\val\ai\ai_000479.png,1,ai,resize_0.25x,0.848162,1,1
data\val\ai\ai_000480.png,1,ai,resize_0.25x,0.818352,1,1
data\val\ai\ai_000481.png,1,ai,resize_0.25x,0.995670,1,1
data\val\ai\ai_000482.png,1,ai,resize_0.25x,0.692926,1,1
data\val\ai\ai_000483.png,1,ai,resize_0.25x,0.631410,1,1
data\val\ai\ai_000484.png,1,ai,resize_0.25x,0.971365,1,1
data\val\ai\ai_000485.png,1,ai,resize_0.25x,0.904949,1,1
data\val\ai\ai_000486.png,1,ai,resize_0.25x,0.985154,1,1
data\val\ai\ai_000487.png,1,ai,resize_0.25x,0.931593,1,1
data\val\ai\ai_000488.png,1,ai,resize_0.25x,0.571133,1,1
data\val\ai\ai_000489.png,1,ai,resize_0.25x,0.965682,1,1
data\val\ai\ai_000490.png,1,ai,resize_0.25x,0.912446,1,1
data\val\ai\ai_000491.png,1,ai,resize_0.25x,0.923518,1,1
data\val\ai\ai_000492.png,1,ai,resize_0.25x,0.963024,1,1
data\val\ai\ai_000493.png,1,ai,resize_0.25x,0.903023,1,1
data\val\ai\ai_000494.png,1,ai,resize_0.25x,0.971330,1,1
data\val\ai\ai_000495.png,1,ai,resize_0.25x,0.980495,1,1
data\val\ai\ai_000496.png,1,ai,resize_0.25x,0.692236,1,1
data\val\ai\ai_000497.png,1,ai,resize_0.25x,0.970101,1,1
data\val\ai\ai_000498.png,1,ai,resize_0.25x,0.717254,1,1
data\val\ai\ai_000499.png,1,ai,resize_0.25x,0.996015,1,1
data\val\ai\ai_000500.png,1,ai,resize_0.25x,0.728419,1,1
data\val\real\000000000139.jpg,0,real,noise_s0.02,0.745884,1,0
data\val\real\000000000285.jpg,0,real,noise_s0.02,0.070383,0,1
data\val\real\000000000632.jpg,0,real,noise_s0.02,0.894231,1,0
data\val\real\000000000724.jpg,0,real,noise_s0.02,0.082397,0,1
data\val\real\000000000776.jpg,0,real,noise_s0.02,0.049954,0,1
data\val\real\000000000785.jpg,0,real,noise_s0.02,0.134595,0,1
data\val\real\000000000802.jpg,0,real,noise_s0.02,0.440379,0,1
data\val\real\000000000872.jpg,0,real,noise_s0.02,0.010366,0,1
data\val\real\000000000885.jpg,0,real,noise_s0.02,0.077017,0,1
data\val\real\000000001000.jpg,0,real,noise_s0.02,0.002556,0,1
data\val\real\000000001268.jpg,0,real,noise_s0.02,0.067327,0,1
data\val\real\000000001296.jpg,0,real,noise_s0.02,0.125488,0,1
data\val\real\000000001353.jpg,0,real,noise_s0.02,0.002577,0,1
data\val\real\000000001425.jpg,0,real,noise_s0.02,0.400285,0,1
data\val\real\000000001490.jpg,0,real,noise_s0.02,0.310757,0,1
data\val\real\000000001503.jpg,0,real,noise_s0.02,0.276629,0,1
data\val\real\000000001532.jpg,0,real,noise_s0.02,0.060253,0,1
data\val\real\000000001584.jpg,0,real,noise_s0.02,0.394476,0,1
data\val\real\000000001675.jpg,0,real,noise_s0.02,0.082748,0,1
data\val\real\000000001761.jpg,0,real,noise_s0.02,0.006996,0,1
data\val\real\000000001818.jpg,0,real,noise_s0.02,0.140281,0,1
data\val\real\000000001993.jpg,0,real,noise_s0.02,0.222941,0,1
data\val\real\000000002006.jpg,0,real,noise_s0.02,0.019123,0,1
data\val\real\000000002149.jpg,0,real,noise_s0.02,0.245729,0,1
data\val\real\000000002153.jpg,0,real,noise_s0.02,0.011756,0,1
data\val\real\000000002157.jpg,0,real,noise_s0.02,0.159519,0,1
data\val\real\000000002261.jpg,0,real,noise_s0.02,0.006133,0,1
data\val\real\000000002299.jpg,0,real,noise_s0.02,0.019277,0,1
data\val\real\000000002431.jpg,0,real,noise_s0.02,0.065162,0,1
data\val\real\000000002473.jpg,0,real,noise_s0.02,0.033314,0,1
data\val\real\000000002532.jpg,0,real,noise_s0.02,0.015295,0,1
data\val\real\000000002587.jpg,0,real,noise_s0.02,0.085132,0,1
data\val\real\000000002592.jpg,0,real,noise_s0.02,0.056537,0,1
data\val\real\000000002685.jpg,0,real,noise_s0.02,0.003448,0,1
data\val\real\000000002923.jpg,0,real,noise_s0.02,0.046954,0,1
data\val\real\000000003156.jpg,0,real,noise_s0.02,0.265487,0,1
data\val\real\000000003255.jpg,0,real,noise_s0.02,0.389955,0,1
data\val\real\000000003501.jpg,0,real,noise_s0.02,0.325378,0,1
data\val\real\000000003553.jpg,0,real,noise_s0.02,0.069024,0,1
data\val\real\000000003661.jpg,0,real,noise_s0.02,0.032572,0,1
data\val\real\000000003845.jpg,0,real,noise_s0.02,0.216128,0,1
data\val\real\000000003934.jpg,0,real,noise_s0.02,0.004008,0,1
data\val\real\000000004134.jpg,0,real,noise_s0.02,0.007903,0,1
data\val\real\000000004395.jpg,0,real,noise_s0.02,0.086037,0,1
data\val\real\000000004495.jpg,0,real,noise_s0.02,0.262470,0,1
data\val\real\000000004765.jpg,0,real,noise_s0.02,0.244757,0,1
data\val\real\000000004795.jpg,0,real,noise_s0.02,0.001215,0,1
data\val\real\000000005001.jpg,0,real,noise_s0.02,0.040815,0,1
data\val\real\000000005037.jpg,0,real,noise_s0.02,0.148010,0,1
data\val\real\000000005060.jpg,0,real,noise_s0.02,0.132571,0,1
data\val\real\000000005193.jpg,0,real,noise_s0.02,0.006215,0,1
data\val\real\000000005477.jpg,0,real,noise_s0.02,0.203093,0,1
data\val\real\000000005503.jpg,0,real,noise_s0.02,0.074871,0,1
data\val\real\000000005529.jpg,0,real,noise_s0.02,0.034670,0,1
data\val\real\000000005586.jpg,0,real,noise_s0.02,0.006199,0,1
data\val\real\000000005600.jpg,0,real,noise_s0.02,0.019139,0,1
data\val\real\000000005992.jpg,0,real,noise_s0.02,0.049485,0,1
data\val\real\000000006012.jpg,0,real,noise_s0.02,0.103910,0,1
data\val\real\000000006040.jpg,0,real,noise_s0.02,0.479269,0,1
data\val\real\000000006213.jpg,0,real,noise_s0.02,0.467069,0,1
data\val\real\000000006460.jpg,0,real,noise_s0.02,0.135009,0,1
data\val\real\000000006471.jpg,0,real,noise_s0.02,0.106892,0,1
data\val\real\000000006614.jpg,0,real,noise_s0.02,0.173415,0,1
data\val\real\000000006723.jpg,0,real,noise_s0.02,0.186081,0,1
data\val\real\000000006763.jpg,0,real,noise_s0.02,0.000336,0,1
data\val\real\000000006771.jpg,0,real,noise_s0.02,0.002760,0,1
data\val\real\000000006818.jpg,0,real,noise_s0.02,0.077997,0,1
data\val\real\000000006894.jpg,0,real,noise_s0.02,0.018979,0,1
data\val\real\000000006954.jpg,0,real,noise_s0.02,0.062704,0,1
data\val\real\000000007088.jpg,0,real,noise_s0.02,0.062692,0,1
data\val\real\000000007108.jpg,0,real,noise_s0.02,0.052185,0,1
data\val\real\000000007278.jpg,0,real,noise_s0.02,0.273030,0,1
data\val\real\000000007281.jpg,0,real,noise_s0.02,0.004599,0,1
data\val\real\000000007386.jpg,0,real,noise_s0.02,0.054103,0,1
data\val\real\000000007511.jpg,0,real,noise_s0.02,0.051866,0,1
data\val\real\000000007574.jpg,0,real,noise_s0.02,0.479438,0,1
data\val\real\000000007784.jpg,0,real,noise_s0.02,0.267704,0,1
data\val\real\000000007795.jpg,0,real,noise_s0.02,0.781445,1,0
data\val\real\000000007816.jpg,0,real,noise_s0.02,0.013782,0,1
data\val\real\000000007818.jpg,0,real,noise_s0.02,0.528993,1,0
data\val\real\000000007888.jpg,0,real,noise_s0.02,0.726026,1,0
data\val\real\000000007977.jpg,0,real,noise_s0.02,0.257893,0,1
data\val\real\000000007991.jpg,0,real,noise_s0.02,0.067396,0,1
data\val\real\000000008021.jpg,0,real,noise_s0.02,0.007153,0,1
data\val\real\000000008211.jpg,0,real,noise_s0.02,0.231823,0,1
data\val\real\000000008277.jpg,0,real,noise_s0.02,0.191081,0,1
data\val\real\000000008532.jpg,0,real,noise_s0.02,0.013524,0,1
data\val\real\000000008629.jpg,0,real,noise_s0.02,0.081531,0,1
data\val\real\000000008690.jpg,0,real,noise_s0.02,0.002551,0,1
data\val\real\000000008762.jpg,0,real,noise_s0.02,0.150753,0,1
data\val\real\000000008844.jpg,0,real,noise_s0.02,0.151133,0,1
data\val\real\000000008899.jpg,0,real,noise_s0.02,0.379641,0,1
data\val\real\000000009378.jpg,0,real,noise_s0.02,0.036511,0,1
data\val\real\000000009400.jpg,0,real,noise_s0.02,0.001628,0,1
data\val\real\000000009448.jpg,0,real,noise_s0.02,0.025584,0,1
data\val\real\000000009483.jpg,0,real,noise_s0.02,0.056828,0,1
data\val\real\000000009590.jpg,0,real,noise_s0.02,0.241744,0,1
data\val\real\000000009769.jpg,0,real,noise_s0.02,0.125635,0,1
data\val\real\000000009772.jpg,0,real,noise_s0.02,0.051641,0,1
data\val\real\000000009891.jpg,0,real,noise_s0.02,0.007813,0,1
data\val\real\000000009914.jpg,0,real,noise_s0.02,0.113837,0,1
data\val\real\000000010092.jpg,0,real,noise_s0.02,0.143855,0,1
data\val\real\000000010363.jpg,0,real,noise_s0.02,0.005893,0,1
data\val\real\000000010583.jpg,0,real,noise_s0.02,0.079505,0,1
data\val\real\000000010707.jpg,0,real,noise_s0.02,0.000325,0,1
data\val\real\000000010764.jpg,0,real,noise_s0.02,0.077688,0,1
data\val\real\000000010977.jpg,0,real,noise_s0.02,0.281734,0,1
data\val\real\000000010995.jpg,0,real,noise_s0.02,0.455257,0,1
data\val\real\000000011051.jpg,0,real,noise_s0.02,0.010512,0,1
data\val\real\000000011122.jpg,0,real,noise_s0.02,0.012512,0,1
data\val\real\000000011149.jpg,0,real,noise_s0.02,0.021819,0,1
data\val\real\000000011197.jpg,0,real,noise_s0.02,0.021696,0,1
data\val\real\000000011511.jpg,0,real,noise_s0.02,0.124079,0,1
data\val\real\000000011615.jpg,0,real,noise_s0.02,0.134375,0,1
data\val\real\000000011699.jpg,0,real,noise_s0.02,0.015806,0,1
data\val\real\000000011760.jpg,0,real,noise_s0.02,0.619990,1,0
data\val\real\000000011813.jpg,0,real,noise_s0.02,0.236574,0,1
data\val\real\000000012062.jpg,0,real,noise_s0.02,0.024688,0,1
data\val\real\000000012120.jpg,0,real,noise_s0.02,0.037023,0,1
data\val\real\000000012280.jpg,0,real,noise_s0.02,0.835311,1,0
data\val\real\000000012576.jpg,0,real,noise_s0.02,0.361499,0,1
data\val\real\000000012639.jpg,0,real,noise_s0.02,0.021249,0,1
data\val\real\000000012667.jpg,0,real,noise_s0.02,0.253747,0,1
data\val\real\000000012670.jpg,0,real,noise_s0.02,0.002960,0,1
data\val\real\000000012748.jpg,0,real,noise_s0.02,0.106741,0,1
data\val\real\000000013004.jpg,0,real,noise_s0.02,0.200788,0,1
data\val\real\000000013177.jpg,0,real,noise_s0.02,0.027154,0,1
data\val\real\000000013201.jpg,0,real,noise_s0.02,0.064806,0,1
data\val\real\000000013291.jpg,0,real,noise_s0.02,0.082216,0,1
data\val\real\000000013348.jpg,0,real,noise_s0.02,0.116115,0,1
data\val\real\000000013546.jpg,0,real,noise_s0.02,0.011172,0,1
data\val\real\000000013597.jpg,0,real,noise_s0.02,0.653537,1,0
data\val\real\000000013659.jpg,0,real,noise_s0.02,0.001464,0,1
data\val\real\000000013729.jpg,0,real,noise_s0.02,0.027017,0,1
data\val\real\000000013774.jpg,0,real,noise_s0.02,0.491771,0,1
data\val\real\000000013923.jpg,0,real,noise_s0.02,0.697722,1,0
data\val\real\000000014007.jpg,0,real,noise_s0.02,0.072057,0,1
data\val\real\000000014038.jpg,0,real,noise_s0.02,0.743796,1,0
data\val\real\000000014226.jpg,0,real,noise_s0.02,0.151894,0,1
data\val\real\000000014380.jpg,0,real,noise_s0.02,0.468259,0,1
data\val\real\000000014439.jpg,0,real,noise_s0.02,0.020232,0,1
data\val\real\000000014473.jpg,0,real,noise_s0.02,0.013740,0,1
data\val\real\000000014831.jpg,0,real,noise_s0.02,0.008751,0,1
data\val\real\000000014888.jpg,0,real,noise_s0.02,0.019835,0,1
data\val\real\000000015079.jpg,0,real,noise_s0.02,0.226514,0,1
data\val\real\000000015254.jpg,0,real,noise_s0.02,0.054798,0,1
data\val\real\000000015272.jpg,0,real,noise_s0.02,0.546884,1,0
data\val\real\000000015278.jpg,0,real,noise_s0.02,0.042349,0,1
data\val\real\000000015335.jpg,0,real,noise_s0.02,0.001682,0,1
data\val\real\000000015338.jpg,0,real,noise_s0.02,0.424639,0,1
data\val\real\000000015440.jpg,0,real,noise_s0.02,0.682553,1,0
data\val\real\000000015497.jpg,0,real,noise_s0.02,0.002779,0,1
data\val\real\000000015517.jpg,0,real,noise_s0.02,0.095036,0,1
data\val\real\000000015597.jpg,0,real,noise_s0.02,0.001848,0,1
data\val\real\000000015660.jpg,0,real,noise_s0.02,0.082713,0,1
data\val\real\000000015746.jpg,0,real,noise_s0.02,0.103161,0,1
data\val\real\000000015751.jpg,0,real,noise_s0.02,0.012497,0,1
data\val\real\000000015956.jpg,0,real,noise_s0.02,0.003969,0,1
data\val\real\000000016010.jpg,0,real,noise_s0.02,0.057788,0,1
data\val\real\000000016228.jpg,0,real,noise_s0.02,0.215913,0,1
data\val\real\000000016249.jpg,0,real,noise_s0.02,0.097755,0,1
data\val\real\000000016439.jpg,0,real,noise_s0.02,0.320434,0,1
data\val\real\000000016451.jpg,0,real,noise_s0.02,0.320041,0,1
data\val\real\000000016502.jpg,0,real,noise_s0.02,0.067364,0,1
data\val\real\000000016598.jpg,0,real,noise_s0.02,0.006661,0,1
data\val\real\000000016958.jpg,0,real,noise_s0.02,0.107129,0,1
data\val\real\000000017029.jpg,0,real,noise_s0.02,0.056483,0,1
data\val\real\000000017031.jpg,0,real,noise_s0.02,0.195277,0,1
data\val\real\000000017115.jpg,0,real,noise_s0.02,0.391623,0,1
data\val\real\000000017178.jpg,0,real,noise_s0.02,0.349636,0,1
data\val\real\000000017182.jpg,0,real,noise_s0.02,0.492400,0,1
data\val\real\000000017207.jpg,0,real,noise_s0.02,0.005566,0,1
data\val\real\000000017379.jpg,0,real,noise_s0.02,0.807871,1,0
data\val\real\000000017436.jpg,0,real,noise_s0.02,0.044090,0,1
data\val\real\000000017627.jpg,0,real,noise_s0.02,0.002436,0,1
data\val\real\000000017714.jpg,0,real,noise_s0.02,0.187632,0,1
data\val\real\000000017899.jpg,0,real,noise_s0.02,0.002200,0,1
data\val\real\000000017905.jpg,0,real,noise_s0.02,0.000656,0,1
data\val\real\000000017959.jpg,0,real,noise_s0.02,0.010703,0,1
data\val\real\000000018150.jpg,0,real,noise_s0.02,0.001047,0,1
data\val\real\000000018193.jpg,0,real,noise_s0.02,0.003461,0,1
data\val\real\000000018380.jpg,0,real,noise_s0.02,0.110081,0,1
data\val\real\000000018491.jpg,0,real,noise_s0.02,0.008530,0,1
data\val\real\000000018519.jpg,0,real,noise_s0.02,0.426048,0,1
data\val\real\000000018575.jpg,0,real,noise_s0.02,0.054069,0,1
data\val\real\000000018737.jpg,0,real,noise_s0.02,0.042247,0,1
data\val\real\000000018770.jpg,0,real,noise_s0.02,0.030826,0,1
data\val\real\000000018833.jpg,0,real,noise_s0.02,0.109129,0,1
data\val\real\000000018837.jpg,0,real,noise_s0.02,0.017432,0,1
data\val\real\000000019042.jpg,0,real,noise_s0.02,0.028569,0,1
data\val\real\000000019109.jpg,0,real,noise_s0.02,0.476864,0,1
data\val\real\000000019221.jpg,0,real,noise_s0.02,0.017893,0,1
data\val\real\000000019402.jpg,0,real,noise_s0.02,0.000513,0,1
data\val\real\000000019432.jpg,0,real,noise_s0.02,0.036012,0,1
data\val\real\000000019742.jpg,0,real,noise_s0.02,0.123270,0,1
data\val\real\000000019786.jpg,0,real,noise_s0.02,0.012059,0,1
data\val\real\000000019924.jpg,0,real,noise_s0.02,0.466942,0,1
data\val\real\000000020059.jpg,0,real,noise_s0.02,0.034528,0,1
data\val\real\000000020107.jpg,0,real,noise_s0.02,0.177593,0,1
data\val\real\000000020247.jpg,0,real,noise_s0.02,0.095689,0,1
data\val\real\000000020333.jpg,0,real,noise_s0.02,0.122328,0,1
data\val\real\000000020553.jpg,0,real,noise_s0.02,0.006595,0,1
data\val\real\000000020571.jpg,0,real,noise_s0.02,0.152464,0,1
data\val\real\000000020992.jpg,0,real,noise_s0.02,0.008985,0,1
data\val\real\000000021167.jpg,0,real,noise_s0.02,0.002946,0,1
data\val\real\000000021465.jpg,0,real,noise_s0.02,0.014988,0,1
data\val\real\000000021503.jpg,0,real,noise_s0.02,0.006362,0,1
data\val\real\000000021604.jpg,0,real,noise_s0.02,0.729177,1,0
data\val\real\000000021839.jpg,0,real,noise_s0.02,0.002824,0,1
data\val\real\000000021879.jpg,0,real,noise_s0.02,0.043092,0,1
data\val\real\000000021903.jpg,0,real,noise_s0.02,0.098246,0,1
data\val\real\000000022192.jpg,0,real,noise_s0.02,0.010082,0,1
data\val\real\000000022371.jpg,0,real,noise_s0.02,0.475610,0,1
data\val\real\000000022396.jpg,0,real,noise_s0.02,0.022508,0,1
data\val\real\000000022479.jpg,0,real,noise_s0.02,0.015023,0,1
data\val\real\000000022589.jpg,0,real,noise_s0.02,0.015816,0,1
data\val\real\000000022623.jpg,0,real,noise_s0.02,0.214396,0,1
data\val\real\000000022705.jpg,0,real,noise_s0.02,0.001637,0,1
data\val\real\000000022755.jpg,0,real,noise_s0.02,0.237676,0,1
data\val\real\000000022892.jpg,0,real,noise_s0.02,0.548393,1,0
data\val\real\000000022935.jpg,0,real,noise_s0.02,0.133780,0,1
data\val\real\000000022969.jpg,0,real,noise_s0.02,0.200066,0,1
data\val\real\000000023023.jpg,0,real,noise_s0.02,0.485270,0,1
data\val\real\000000023034.jpg,0,real,noise_s0.02,0.005002,0,1
data\val\real\000000023126.jpg,0,real,noise_s0.02,0.174737,0,1
data\val\real\000000023230.jpg,0,real,noise_s0.02,0.008502,0,1
data\val\real\000000023272.jpg,0,real,noise_s0.02,0.006174,0,1
data\val\real\000000023359.jpg,0,real,noise_s0.02,0.059790,0,1
data\val\real\000000023666.jpg,0,real,noise_s0.02,0.126251,0,1
data\val\real\000000023751.jpg,0,real,noise_s0.02,0.002339,0,1
data\val\real\000000023781.jpg,0,real,noise_s0.02,0.354897,0,1
data\val\real\000000023899.jpg,0,real,noise_s0.02,0.001986,0,1
data\val\real\000000023937.jpg,0,real,noise_s0.02,0.030639,0,1
data\val\real\000000024021.jpg,0,real,noise_s0.02,0.013014,0,1
data\val\real\000000024027.jpg,0,real,noise_s0.02,0.001793,0,1
data\val\real\000000024144.jpg,0,real,noise_s0.02,0.131532,0,1
data\val\real\000000024243.jpg,0,real,noise_s0.02,0.049789,0,1
data\val\real\000000024567.jpg,0,real,noise_s0.02,0.038940,0,1
data\val\real\000000024610.jpg,0,real,noise_s0.02,0.147183,0,1
data\val\real\000000024919.jpg,0,real,noise_s0.02,0.146829,0,1
data\val\real\000000025057.jpg,0,real,noise_s0.02,0.003919,0,1
data\val\real\000000025096.jpg,0,real,noise_s0.02,0.010214,0,1
data\val\real\000000025139.jpg,0,real,noise_s0.02,0.202358,0,1
data\val\real\000000025181.jpg,0,real,noise_s0.02,0.906317,1,0
data\val\real\000000025228.jpg,0,real,noise_s0.02,0.034447,0,1
data\val\real\000000025386.jpg,0,real,noise_s0.02,0.006159,0,1
data\val\real\000000025393.jpg,0,real,noise_s0.02,0.001075,0,1
data\val\real\000000025394.jpg,0,real,noise_s0.02,0.010426,0,1
data\val\real\000000025424.jpg,0,real,noise_s0.02,0.129040,0,1
data\val\real\000000025560.jpg,0,real,noise_s0.02,0.020672,0,1
data\val\real\000000025593.jpg,0,real,noise_s0.02,0.157419,0,1
data\val\real\000000025603.jpg,0,real,noise_s0.02,0.000568,0,1
data\val\real\000000025986.jpg,0,real,noise_s0.02,0.009007,0,1
data\val\real\000000026204.jpg,0,real,noise_s0.02,0.142566,0,1
data\val\real\000000026465.jpg,0,real,noise_s0.02,0.234056,0,1
data\val\real\000000026564.jpg,0,real,noise_s0.02,0.305178,0,1
data\val\real\000000026690.jpg,0,real,noise_s0.02,0.010645,0,1
data\val\real\000000026926.jpg,0,real,noise_s0.02,0.211540,0,1
data\val\real\000000026941.jpg,0,real,noise_s0.02,0.574344,1,0
data\val\real\000000027186.jpg,0,real,noise_s0.02,0.010294,0,1
data\val\real\000000027620.jpg,0,real,noise_s0.02,0.265524,0,1
data\val\real\000000027696.jpg,0,real,noise_s0.02,0.005619,0,1
data\val\real\000000027768.jpg,0,real,noise_s0.02,0.212068,0,1
data\val\real\000000027932.jpg,0,real,noise_s0.02,0.290687,0,1
data\val\real\000000027972.jpg,0,real,noise_s0.02,0.078934,0,1
data\val\real\000000027982.jpg,0,real,noise_s0.02,0.768917,1,0
data\val\real\000000028285.jpg,0,real,noise_s0.02,0.010232,0,1
data\val\real\000000028449.jpg,0,real,noise_s0.02,0.261353,0,1
data\val\real\000000028452.jpg,0,real,noise_s0.02,0.795730,1,0
data\val\real\000000028809.jpg,0,real,noise_s0.02,0.204553,0,1
data\val\real\000000028993.jpg,0,real,noise_s0.02,0.757307,1,0
data\val\real\000000029187.jpg,0,real,noise_s0.02,0.002937,0,1
data\val\real\000000029393.jpg,0,real,noise_s0.02,0.004986,0,1
data\val\real\000000029397.jpg,0,real,noise_s0.02,0.105679,0,1
data\val\real\000000029596.jpg,0,real,noise_s0.02,0.732449,1,0
data\val\real\000000029640.jpg,0,real,noise_s0.02,0.134097,0,1
data\val\real\000000029675.jpg,0,real,noise_s0.02,0.208207,0,1
data\val\real\000000029984.jpg,0,real,noise_s0.02,0.014492,0,1
data\val\real\000000030213.jpg,0,real,noise_s0.02,0.540253,1,0
data\val\real\000000030494.jpg,0,real,noise_s0.02,0.006841,0,1
data\val\real\000000030504.jpg,0,real,noise_s0.02,0.166006,0,1
data\val\real\000000030675.jpg,0,real,noise_s0.02,0.282584,0,1
data\val\real\000000030785.jpg,0,real,noise_s0.02,0.343738,0,1
data\val\real\000000030828.jpg,0,real,noise_s0.02,0.514446,1,0
data\val\real\000000031050.jpg,0,real,noise_s0.02,0.208922,0,1
data\val\real\000000031093.jpg,0,real,noise_s0.02,0.092723,0,1
data\val\real\000000031118.jpg,0,real,noise_s0.02,0.165165,0,1
data\val\real\000000031217.jpg,0,real,noise_s0.02,0.135497,0,1
data\val\real\000000031248.jpg,0,real,noise_s0.02,0.469609,0,1
data\val\real\000000031269.jpg,0,real,noise_s0.02,0.016175,0,1
data\val\real\000000031296.jpg,0,real,noise_s0.02,0.003066,0,1
data\val\real\000000031322.jpg,0,real,noise_s0.02,0.029665,0,1
data\val\real\000000031620.jpg,0,real,noise_s0.02,0.000259,0,1
data\val\real\000000031735.jpg,0,real,noise_s0.02,0.014281,0,1
data\val\real\000000031749.jpg,0,real,noise_s0.02,0.273764,0,1
data\val\real\000000031817.jpg,0,real,noise_s0.02,0.004132,0,1
data\val\real\000000032038.jpg,0,real,noise_s0.02,0.043011,0,1
data\val\real\000000032081.jpg,0,real,noise_s0.02,0.060951,0,1
data\val\real\000000032285.jpg,0,real,noise_s0.02,0.724994,1,0
data\val\real\000000032334.jpg,0,real,noise_s0.02,0.000765,0,1
data\val\real\000000032570.jpg,0,real,noise_s0.02,0.723041,1,0
data\val\real\000000032610.jpg,0,real,noise_s0.02,0.126571,0,1
data\val\real\000000032735.jpg,0,real,noise_s0.02,0.112531,0,1
data\val\real\000000032811.jpg,0,real,noise_s0.02,0.316951,0,1
data\val\real\000000032817.jpg,0,real,noise_s0.02,0.004989,0,1
data\val\real\000000032861.jpg,0,real,noise_s0.02,0.451811,0,1
data\val\real\000000032887.jpg,0,real,noise_s0.02,0.003537,0,1
data\val\real\000000032901.jpg,0,real,noise_s0.02,0.000204,0,1
data\val\real\000000032941.jpg,0,real,noise_s0.02,0.042805,0,1
data\val\real\000000033005.jpg,0,real,noise_s0.02,0.041775,0,1
data\val\real\000000033104.jpg,0,real,noise_s0.02,0.024414,0,1
data\val\real\000000033109.jpg,0,real,noise_s0.02,0.060010,0,1
data\val\real\000000033114.jpg,0,real,noise_s0.02,0.130480,0,1
data\val\real\000000033221.jpg,0,real,noise_s0.02,0.002677,0,1
data\val\real\000000033368.jpg,0,real,noise_s0.02,0.273099,0,1
data\val\real\000000033638.jpg,0,real,noise_s0.02,0.067637,0,1
data\val\real\000000033707.jpg,0,real,noise_s0.02,0.155725,0,1
data\val\real\000000033759.jpg,0,real,noise_s0.02,0.056189,0,1
data\val\real\000000033854.jpg,0,real,noise_s0.02,0.045239,0,1
data\val\real\000000034071.jpg,0,real,noise_s0.02,0.753772,1,0
data\val\real\000000034139.jpg,0,real,noise_s0.02,0.091275,0,1
data\val\real\000000034205.jpg,0,real,noise_s0.02,0.206656,0,1
data\val\real\000000034257.jpg,0,real,noise_s0.02,0.696309,1,0
data\val\real\000000034417.jpg,0,real,noise_s0.02,0.128584,0,1
data\val\real\000000034452.jpg,0,real,noise_s0.02,0.006818,0,1
data\val\real\000000034760.jpg,0,real,noise_s0.02,0.095268,0,1
data\val\real\000000034873.jpg,0,real,noise_s0.02,0.232082,0,1
data\val\real\000000035062.jpg,0,real,noise_s0.02,0.062233,0,1
data\val\real\000000035197.jpg,0,real,noise_s0.02,0.462084,0,1
data\val\real\000000035279.jpg,0,real,noise_s0.02,0.375041,0,1
data\val\real\000000035326.jpg,0,real,noise_s0.02,0.195467,0,1
data\val\real\000000035682.jpg,0,real,noise_s0.02,0.047354,0,1
data\val\real\000000035770.jpg,0,real,noise_s0.02,0.051010,0,1
data\val\real\000000035963.jpg,0,real,noise_s0.02,0.002185,0,1
data\val\real\000000036494.jpg,0,real,noise_s0.02,0.409229,0,1
data\val\real\000000036539.jpg,0,real,noise_s0.02,0.002476,0,1
data\val\real\000000036660.jpg,0,real,noise_s0.02,0.063978,0,1
data\val\real\000000036678.jpg,0,real,noise_s0.02,0.037907,0,1
data\val\real\000000036844.jpg,0,real,noise_s0.02,0.223177,0,1
data\val\real\000000036861.jpg,0,real,noise_s0.02,0.497481,0,1
data\val\real\000000036936.jpg,0,real,noise_s0.02,0.004960,0,1
data\val\real\000000037670.jpg,0,real,noise_s0.02,0.492240,0,1
data\val\real\000000037689.jpg,0,real,noise_s0.02,0.056048,0,1
data\val\real\000000037740.jpg,0,real,noise_s0.02,0.662840,1,0
data\val\real\000000037751.jpg,0,real,noise_s0.02,0.088130,0,1
data\val\real\000000037777.jpg,0,real,noise_s0.02,0.652081,1,0
data\val\real\000000037988.jpg,0,real,noise_s0.02,0.025000,0,1
data\val\real\000000038048.jpg,0,real,noise_s0.02,0.136096,0,1
data\val\real\000000038070.jpg,0,real,noise_s0.02,0.406018,0,1
data\val\real\000000038118.jpg,0,real,noise_s0.02,0.034008,0,1
data\val\real\000000038210.jpg,0,real,noise_s0.02,0.204975,0,1
data\val\real\000000038576.jpg,0,real,noise_s0.02,0.899776,1,0
data\val\real\000000038678.jpg,0,real,noise_s0.02,0.001769,0,1
data\val\real\000000038825.jpg,0,real,noise_s0.02,0.110687,0,1
data\val\real\000000038829.jpg,0,real,noise_s0.02,0.023635,0,1
data\val\real\000000039405.jpg,0,real,noise_s0.02,0.012919,0,1
data\val\real\000000039477.jpg,0,real,noise_s0.02,0.913034,1,0
data\val\real\000000039480.jpg,0,real,noise_s0.02,0.125378,0,1
data\val\real\000000039484.jpg,0,real,noise_s0.02,0.224772,0,1
data\val\real\000000039551.jpg,0,real,noise_s0.02,0.402997,0,1
data\val\real\000000039670.jpg,0,real,noise_s0.02,0.234920,0,1
data\val\real\000000039769.jpg,0,real,noise_s0.02,0.001737,0,1
data\val\real\000000039785.jpg,0,real,noise_s0.02,0.071391,0,1
data\val\real\000000039914.jpg,0,real,noise_s0.02,0.002339,0,1
data\val\real\000000039951.jpg,0,real,noise_s0.02,0.023941,0,1
data\val\real\000000039956.jpg,0,real,noise_s0.02,0.643601,1,0
data\val\real\000000040036.jpg,0,real,noise_s0.02,0.015600,0,1
data\val\real\000000040083.jpg,0,real,noise_s0.02,0.047005,0,1
data\val\real\000000040471.jpg,0,real,noise_s0.02,0.173280,0,1
data\val\real\000000040757.jpg,0,real,noise_s0.02,0.014505,0,1
data\val\real\000000041488.jpg,0,real,noise_s0.02,0.263798,0,1
data\val\real\000000041633.jpg,0,real,noise_s0.02,0.334921,0,1
data\val\real\000000041635.jpg,0,real,noise_s0.02,0.053556,0,1
data\val\real\000000041872.jpg,0,real,noise_s0.02,0.811922,1,0
data\val\real\000000041888.jpg,0,real,noise_s0.02,0.025802,0,1
data\val\real\000000041990.jpg,0,real,noise_s0.02,0.003074,0,1
data\val\real\000000042070.jpg,0,real,noise_s0.02,0.501332,1,0
data\val\real\000000042102.jpg,0,real,noise_s0.02,0.011206,0,1
data\val\real\000000042178.jpg,0,real,noise_s0.02,0.748446,1,0
data\val\real\000000042276.jpg,0,real,noise_s0.02,0.057800,0,1
data\val\real\000000042296.jpg,0,real,noise_s0.02,0.007616,0,1
data\val\real\000000042528.jpg,0,real,noise_s0.02,0.033004,0,1
data\val\real\000000042563.jpg,0,real,noise_s0.02,0.053258,0,1
data\val\real\000000042628.jpg,0,real,noise_s0.02,0.024456,0,1
data\val\real\000000042888.jpg,0,real,noise_s0.02,0.019456,0,1
data\val\real\000000042889.jpg,0,real,noise_s0.02,0.006603,0,1
data\val\real\000000043314.jpg,0,real,noise_s0.02,0.023623,0,1
data\val\real\000000043435.jpg,0,real,noise_s0.02,0.185633,0,1
data\val\real\000000043581.jpg,0,real,noise_s0.02,0.080104,0,1
data\val\real\000000043737.jpg,0,real,noise_s0.02,0.398797,0,1
data\val\real\000000043816.jpg,0,real,noise_s0.02,0.017990,0,1
data\val\real\000000044068.jpg,0,real,noise_s0.02,0.009914,0,1
data\val\real\000000044195.jpg,0,real,noise_s0.02,0.076216,0,1
data\val\real\000000044260.jpg,0,real,noise_s0.02,0.552155,1,0
data\val\real\000000044279.jpg,0,real,noise_s0.02,0.156819,0,1
data\val\real\000000044590.jpg,0,real,noise_s0.02,0.031850,0,1
data\val\real\000000044652.jpg,0,real,noise_s0.02,0.080768,0,1
data\val\real\000000044699.jpg,0,real,noise_s0.02,0.061229,0,1
data\val\real\000000044877.jpg,0,real,noise_s0.02,0.050088,0,1
data\val\real\000000045070.jpg,0,real,noise_s0.02,0.038905,0,1
data\val\real\000000045090.jpg,0,real,noise_s0.02,0.046085,0,1
data\val\real\000000045229.jpg,0,real,noise_s0.02,0.961136,1,0
data\val\real\000000045472.jpg,0,real,noise_s0.02,0.033037,0,1
data\val\real\000000045550.jpg,0,real,noise_s0.02,0.008113,0,1
data\val\real\000000045596.jpg,0,real,noise_s0.02,0.196102,0,1
data\val\real\000000045728.jpg,0,real,noise_s0.02,0.058144,0,1
data\val\real\000000046031.jpg,0,real,noise_s0.02,0.378058,0,1
data\val\real\000000046048.jpg,0,real,noise_s0.02,0.024629,0,1
data\val\real\000000046252.jpg,0,real,noise_s0.02,0.221387,0,1
data\val\real\000000046378.jpg,0,real,noise_s0.02,0.023413,0,1
data\val\real\000000046463.jpg,0,real,noise_s0.02,0.018310,0,1
data\val\real\000000046497.jpg,0,real,noise_s0.02,0.006507,0,1
data\val\real\000000046804.jpg,0,real,noise_s0.02,0.033105,0,1
data\val\real\000000046872.jpg,0,real,noise_s0.02,0.514109,1,0
data\val\real\000000047010.jpg,0,real,noise_s0.02,0.237841,0,1
data\val\real\000000047112.jpg,0,real,noise_s0.02,0.096599,0,1
data\val\real\000000047121.jpg,0,real,noise_s0.02,0.009621,0,1
data\val\real\000000047571.jpg,0,real,noise_s0.02,0.172377,0,1
data\val\real\000000047585.jpg,0,real,noise_s0.02,0.004199,0,1
data\val\real\000000047740.jpg,0,real,noise_s0.02,0.003593,0,1
data\val\real\000000047769.jpg,0,real,noise_s0.02,0.473940,0,1
data\val\real\000000047801.jpg,0,real,noise_s0.02,0.012657,0,1
data\val\real\000000047819.jpg,0,real,noise_s0.02,0.007915,0,1
data\val\real\000000047828.jpg,0,real,noise_s0.02,0.163985,0,1
data\val\real\000000048153.jpg,0,real,noise_s0.02,0.034780,0,1
data\val\real\000000048396.jpg,0,real,noise_s0.02,0.001600,0,1
data\val\real\000000048504.jpg,0,real,noise_s0.02,0.250167,0,1
data\val\real\000000048555.jpg,0,real,noise_s0.02,0.316166,0,1
data\val\real\000000048564.jpg,0,real,noise_s0.02,0.005946,0,1
data\val\real\000000048924.jpg,0,real,noise_s0.02,0.968386,1,0
data\val\real\000000049060.jpg,0,real,noise_s0.02,0.002806,0,1
data\val\real\000000049091.jpg,0,real,noise_s0.02,0.055242,0,1
data\val\real\000000049259.jpg,0,real,noise_s0.02,0.023007,0,1
data\val\real\000000049269.jpg,0,real,noise_s0.02,0.166782,0,1
data\val\real\000000049759.jpg,0,real,noise_s0.02,0.250974,0,1
data\val\real\000000049761.jpg,0,real,noise_s0.02,0.026085,0,1
data\val\real\000000049810.jpg,0,real,noise_s0.02,0.047522,0,1
data\val\real\000000050006.jpg,0,real,noise_s0.02,0.145387,0,1
data\val\real\000000050145.jpg,0,real,noise_s0.02,0.005080,0,1
data\val\real\000000050149.jpg,0,real,noise_s0.02,0.034920,0,1
data\val\real\000000050165.jpg,0,real,noise_s0.02,0.407923,0,1
data\val\real\000000050326.jpg,0,real,noise_s0.02,0.001478,0,1
data\val\real\000000050331.jpg,0,real,noise_s0.02,0.066509,0,1
data\val\real\000000050380.jpg,0,real,noise_s0.02,0.020778,0,1
data\val\real\000000050638.jpg,0,real,noise_s0.02,0.432542,0,1
data\val\real\000000050679.jpg,0,real,noise_s0.02,0.508815,1,0
data\val\real\000000050811.jpg,0,real,noise_s0.02,0.001367,0,1
data\val\real\000000050828.jpg,0,real,noise_s0.02,0.268410,0,1
data\val\real\000000050844.jpg,0,real,noise_s0.02,0.072987,0,1
data\val\real\000000050896.jpg,0,real,noise_s0.02,0.290973,0,1
data\val\real\000000050943.jpg,0,real,noise_s0.02,0.034286,0,1
data\val\real\000000051008.jpg,0,real,noise_s0.02,0.007478,0,1
data\val\real\000000051309.jpg,0,real,noise_s0.02,0.062205,0,1
data\val\real\000000051314.jpg,0,real,noise_s0.02,0.127837,0,1
data\val\real\000000051326.jpg,0,real,noise_s0.02,0.038297,0,1
data\val\real\000000051598.jpg,0,real,noise_s0.02,0.081488,0,1
data\val\real\000000051610.jpg,0,real,noise_s0.02,0.190513,0,1
data\val\real\000000051712.jpg,0,real,noise_s0.02,0.172724,0,1
data\val\real\000000051738.jpg,0,real,noise_s0.02,0.285269,0,1
data\val\real\000000051938.jpg,0,real,noise_s0.02,0.052101,0,1
data\val\real\000000051961.jpg,0,real,noise_s0.02,0.052535,0,1
data\val\real\000000051976.jpg,0,real,noise_s0.02,0.127656,0,1
data\val\real\000000052007.jpg,0,real,noise_s0.02,0.533671,1,0
data\val\real\000000052017.jpg,0,real,noise_s0.02,0.029857,0,1
data\val\real\000000052412.jpg,0,real,noise_s0.02,0.168056,0,1
data\val\real\000000052413.jpg,0,real,noise_s0.02,0.003687,0,1
data\val\real\000000052462.jpg,0,real,noise_s0.02,0.298389,0,1
data\val\real\000000052507.jpg,0,real,noise_s0.02,0.052249,0,1
data\val\real\000000052565.jpg,0,real,noise_s0.02,0.191300,0,1
data\val\real\000000052591.jpg,0,real,noise_s0.02,0.112583,0,1
data\val\real\000000052891.jpg,0,real,noise_s0.02,0.032175,0,1
data\val\real\000000052996.jpg,0,real,noise_s0.02,0.009783,0,1
data\val\real\000000053505.jpg,0,real,noise_s0.02,0.358633,0,1
data\val\real\000000053529.jpg,0,real,noise_s0.02,0.022149,0,1
data\val\real\000000053624.jpg,0,real,noise_s0.02,0.036454,0,1
data\val\real\000000053626.jpg,0,real,noise_s0.02,0.005143,0,1
data\val\real\000000053909.jpg,0,real,noise_s0.02,0.063925,0,1
data\val\real\000000053994.jpg,0,real,noise_s0.02,0.371121,0,1
data\val\real\000000054123.jpg,0,real,noise_s0.02,0.155862,0,1
data\val\real\000000054164.jpg,0,real,noise_s0.02,0.109858,0,1
data\val\real\000000054592.jpg,0,real,noise_s0.02,0.169705,0,1
data\val\real\000000054593.jpg,0,real,noise_s0.02,0.052515,0,1
data\val\real\000000054605.jpg,0,real,noise_s0.02,0.036994,0,1
data\val\real\000000054628.jpg,0,real,noise_s0.02,0.014511,0,1
data\val\real\000000054654.jpg,0,real,noise_s0.02,0.013731,0,1
data\val\real\000000054931.jpg,0,real,noise_s0.02,0.469985,0,1
data\val\real\000000054967.jpg,0,real,noise_s0.02,0.424466,0,1
data\val\real\000000055002.jpg,0,real,noise_s0.02,0.140507,0,1
data\val\real\000000055022.jpg,0,real,noise_s0.02,0.197049,0,1
data\val\real\000000055072.jpg,0,real,noise_s0.02,0.176459,0,1
data\val\real\000000055150.jpg,0,real,noise_s0.02,0.008398,0,1
data\val\real\000000055167.jpg,0,real,noise_s0.02,0.032488,0,1
data\val\real\000000055299.jpg,0,real,noise_s0.02,0.188662,0,1
data\val\real\000000055528.jpg,0,real,noise_s0.02,0.003581,0,1
data\val\real\000000055950.jpg,0,real,noise_s0.02,0.044202,0,1
data\val\real\000000056127.jpg,0,real,noise_s0.02,0.427000,0,1
data\val\real\000000056288.jpg,0,real,noise_s0.02,0.102736,0,1
data\val\real\000000056344.jpg,0,real,noise_s0.02,0.414316,0,1
data\val\real\000000056350.jpg,0,real,noise_s0.02,0.266393,0,1
data\val\real\000000056545.jpg,0,real,noise_s0.02,0.008103,0,1
data\val\ai\ai_000001.png,1,ai,noise_s0.02,0.909385,1,1
data\val\ai\ai_000002.png,1,ai,noise_s0.02,0.983037,1,1
data\val\ai\ai_000003.png,1,ai,noise_s0.02,0.991928,1,1
data\val\ai\ai_000004.png,1,ai,noise_s0.02,0.964420,1,1
data\val\ai\ai_000005.png,1,ai,noise_s0.02,0.988722,1,1
data\val\ai\ai_000006.png,1,ai,noise_s0.02,0.870599,1,1
data\val\ai\ai_000007.png,1,ai,noise_s0.02,0.966841,1,1
data\val\ai\ai_000008.png,1,ai,noise_s0.02,0.932176,1,1
data\val\ai\ai_000009.png,1,ai,noise_s0.02,0.936745,1,1
data\val\ai\ai_000010.png,1,ai,noise_s0.02,0.976245,1,1
data\val\ai\ai_000011.png,1,ai,noise_s0.02,0.935226,1,1
data\val\ai\ai_000012.png,1,ai,noise_s0.02,0.982583,1,1
data\val\ai\ai_000013.png,1,ai,noise_s0.02,0.993582,1,1
data\val\ai\ai_000014.png,1,ai,noise_s0.02,0.995001,1,1
data\val\ai\ai_000015.png,1,ai,noise_s0.02,0.991555,1,1
data\val\ai\ai_000016.png,1,ai,noise_s0.02,0.903117,1,1
data\val\ai\ai_000017.png,1,ai,noise_s0.02,0.903002,1,1
data\val\ai\ai_000018.png,1,ai,noise_s0.02,0.986641,1,1
data\val\ai\ai_000019.png,1,ai,noise_s0.02,0.784658,1,1
data\val\ai\ai_000020.png,1,ai,noise_s0.02,0.902980,1,1
data\val\ai\ai_000021.png,1,ai,noise_s0.02,0.997145,1,1
data\val\ai\ai_000022.png,1,ai,noise_s0.02,0.489751,0,0
data\val\ai\ai_000023.png,1,ai,noise_s0.02,0.913915,1,1
data\val\ai\ai_000024.png,1,ai,noise_s0.02,0.931574,1,1
data\val\ai\ai_000025.png,1,ai,noise_s0.02,0.916330,1,1
data\val\ai\ai_000026.png,1,ai,noise_s0.02,0.754263,1,1
data\val\ai\ai_000027.png,1,ai,noise_s0.02,0.886115,1,1
data\val\ai\ai_000028.png,1,ai,noise_s0.02,0.990907,1,1
data\val\ai\ai_000029.png,1,ai,noise_s0.02,0.993567,1,1
data\val\ai\ai_000030.png,1,ai,noise_s0.02,0.844658,1,1
data\val\ai\ai_000031.png,1,ai,noise_s0.02,0.728582,1,1
data\val\ai\ai_000032.png,1,ai,noise_s0.02,0.894420,1,1
data\val\ai\ai_000033.png,1,ai,noise_s0.02,0.985931,1,1
data\val\ai\ai_000034.png,1,ai,noise_s0.02,0.997549,1,1
data\val\ai\ai_000035.png,1,ai,noise_s0.02,0.992735,1,1
data\val\ai\ai_000036.png,1,ai,noise_s0.02,0.985606,1,1
data\val\ai\ai_000037.png,1,ai,noise_s0.02,0.983677,1,1
data\val\ai\ai_000038.png,1,ai,noise_s0.02,0.914800,1,1
data\val\ai\ai_000039.png,1,ai,noise_s0.02,0.993117,1,1
data\val\ai\ai_000040.png,1,ai,noise_s0.02,0.303942,0,0
data\val\ai\ai_000041.png,1,ai,noise_s0.02,0.999426,1,1
data\val\ai\ai_000042.png,1,ai,noise_s0.02,0.999204,1,1
data\val\ai\ai_000043.png,1,ai,noise_s0.02,0.996294,1,1
data\val\ai\ai_000044.png,1,ai,noise_s0.02,0.866952,1,1
data\val\ai\ai_000045.png,1,ai,noise_s0.02,0.995249,1,1
data\val\ai\ai_000046.png,1,ai,noise_s0.02,0.400527,0,0
data\val\ai\ai_000047.png,1,ai,noise_s0.02,0.969574,1,1
data\val\ai\ai_000048.png,1,ai,noise_s0.02,0.938186,1,1
data\val\ai\ai_000049.png,1,ai,noise_s0.02,0.947076,1,1
data\val\ai\ai_000050.png,1,ai,noise_s0.02,0.973328,1,1
data\val\ai\ai_000051.png,1,ai,noise_s0.02,0.974889,1,1
data\val\ai\ai_000052.png,1,ai,noise_s0.02,0.995139,1,1
data\val\ai\ai_000053.png,1,ai,noise_s0.02,0.968507,1,1
data\val\ai\ai_000054.png,1,ai,noise_s0.02,0.988597,1,1
data\val\ai\ai_000055.png,1,ai,noise_s0.02,0.681864,1,1
data\val\ai\ai_000056.png,1,ai,noise_s0.02,0.932884,1,1
data\val\ai\ai_000057.png,1,ai,noise_s0.02,0.944428,1,1
data\val\ai\ai_000058.png,1,ai,noise_s0.02,0.434568,0,0
data\val\ai\ai_000059.png,1,ai,noise_s0.02,0.976411,1,1
data\val\ai\ai_000060.png,1,ai,noise_s0.02,0.865337,1,1
data\val\ai\ai_000061.png,1,ai,noise_s0.02,0.920914,1,1
data\val\ai\ai_000062.png,1,ai,noise_s0.02,0.974248,1,1
data\val\ai\ai_000063.png,1,ai,noise_s0.02,0.974052,1,1
data\val\ai\ai_000064.png,1,ai,noise_s0.02,0.708167,1,1
data\val\ai\ai_000065.png,1,ai,noise_s0.02,0.965677,1,1
data\val\ai\ai_000066.png,1,ai,noise_s0.02,0.924038,1,1
data\val\ai\ai_000067.png,1,ai,noise_s0.02,0.994595,1,1
data\val\ai\ai_000068.png,1,ai,noise_s0.02,0.892160,1,1
data\val\ai\ai_000069.png,1,ai,noise_s0.02,0.994551,1,1
data\val\ai\ai_000070.png,1,ai,noise_s0.02,0.947465,1,1
data\val\ai\ai_000071.png,1,ai,noise_s0.02,0.999080,1,1
data\val\ai\ai_000072.png,1,ai,noise_s0.02,0.831230,1,1
data\val\ai\ai_000073.png,1,ai,noise_s0.02,0.995180,1,1
data\val\ai\ai_000074.png,1,ai,noise_s0.02,0.987350,1,1
data\val\ai\ai_000075.png,1,ai,noise_s0.02,0.997307,1,1
data\val\ai\ai_000076.png,1,ai,noise_s0.02,0.890762,1,1
data\val\ai\ai_000077.png,1,ai,noise_s0.02,0.988425,1,1
data\val\ai\ai_000078.png,1,ai,noise_s0.02,0.395121,0,0
data\val\ai\ai_000079.png,1,ai,noise_s0.02,0.871522,1,1
data\val\ai\ai_000080.png,1,ai,noise_s0.02,0.910850,1,1
data\val\ai\ai_000081.png,1,ai,noise_s0.02,0.997274,1,1
data\val\ai\ai_000082.png,1,ai,noise_s0.02,0.996568,1,1
data\val\ai\ai_000083.png,1,ai,noise_s0.02,0.990695,1,1
data\val\ai\ai_000084.png,1,ai,noise_s0.02,0.977612,1,1
data\val\ai\ai_000085.png,1,ai,noise_s0.02,0.940020,1,1
data\val\ai\ai_000086.png,1,ai,noise_s0.02,0.743675,1,1
data\val\ai\ai_000087.png,1,ai,noise_s0.02,0.977555,1,1
data\val\ai\ai_000088.png,1,ai,noise_s0.02,0.867331,1,1
data\val\ai\ai_000089.png,1,ai,noise_s0.02,0.967422,1,1
data\val\ai\ai_000090.png,1,ai,noise_s0.02,0.901224,1,1
data\val\ai\ai_000091.png,1,ai,noise_s0.02,0.945901,1,1
data\val\ai\ai_000092.png,1,ai,noise_s0.02,0.993980,1,1
data\val\ai\ai_000093.png,1,ai,noise_s0.02,0.997274,1,1
data\val\ai\ai_000094.png,1,ai,noise_s0.02,0.995778,1,1
data\val\ai\ai_000095.png,1,ai,noise_s0.02,0.992103,1,1
data\val\ai\ai_000096.png,1,ai,noise_s0.02,0.986127,1,1
data\val\ai\ai_000097.png,1,ai,noise_s0.02,0.831532,1,1
data\val\ai\ai_000098.png,1,ai,noise_s0.02,0.806358,1,1
data\val\ai\ai_000099.png,1,ai,noise_s0.02,0.700814,1,1
data\val\ai\ai_000100.png,1,ai,noise_s0.02,0.980250,1,1
data\val\ai\ai_000101.png,1,ai,noise_s0.02,0.990227,1,1
data\val\ai\ai_000102.png,1,ai,noise_s0.02,0.782262,1,1
data\val\ai\ai_000103.png,1,ai,noise_s0.02,0.975878,1,1
data\val\ai\ai_000104.png,1,ai,noise_s0.02,0.986731,1,1
data\val\ai\ai_000105.png,1,ai,noise_s0.02,0.438194,0,0
data\val\ai\ai_000106.png,1,ai,noise_s0.02,0.679420,1,1
data\val\ai\ai_000107.png,1,ai,noise_s0.02,0.937799,1,1
data\val\ai\ai_000108.png,1,ai,noise_s0.02,0.986606,1,1
data\val\ai\ai_000109.png,1,ai,noise_s0.02,0.999582,1,1
data\val\ai\ai_000110.png,1,ai,noise_s0.02,0.981537,1,1
data\val\ai\ai_000111.png,1,ai,noise_s0.02,0.922656,1,1
data\val\ai\ai_000112.png,1,ai,noise_s0.02,0.715559,1,1
data\val\ai\ai_000113.png,1,ai,noise_s0.02,0.969116,1,1
data\val\ai\ai_000114.png,1,ai,noise_s0.02,0.965786,1,1
data\val\ai\ai_000115.png,1,ai,noise_s0.02,0.977697,1,1
data\val\ai\ai_000116.png,1,ai,noise_s0.02,0.789230,1,1
data\val\ai\ai_000117.png,1,ai,noise_s0.02,0.976733,1,1
data\val\ai\ai_000118.png,1,ai,noise_s0.02,0.990967,1,1
data\val\ai\ai_000119.png,1,ai,noise_s0.02,0.953444,1,1
data\val\ai\ai_000120.png,1,ai,noise_s0.02,0.740478,1,1
data\val\ai\ai_000121.png,1,ai,noise_s0.02,0.997925,1,1
data\val\ai\ai_000122.png,1,ai,noise_s0.02,0.935658,1,1
data\val\ai\ai_000123.png,1,ai,noise_s0.02,0.891125,1,1
data\val\ai\ai_000124.png,1,ai,noise_s0.02,0.884074,1,1
data\val\ai\ai_000125.png,1,ai,noise_s0.02,0.995267,1,1
data\val\ai\ai_000126.png,1,ai,noise_s0.02,0.961030,1,1
data\val\ai\ai_000127.png,1,ai,noise_s0.02,0.994017,1,1
data\val\ai\ai_000128.png,1,ai,noise_s0.02,0.915875,1,1
data\val\ai\ai_000129.png,1,ai,noise_s0.02,0.995624,1,1
data\val\ai\ai_000130.png,1,ai,noise_s0.02,0.568699,1,1
data\val\ai\ai_000131.png,1,ai,noise_s0.02,0.990599,1,1
data\val\ai\ai_000132.png,1,ai,noise_s0.02,0.930872,1,1
data\val\ai\ai_000133.png,1,ai,noise_s0.02,0.996092,1,1
data\val\ai\ai_000134.png,1,ai,noise_s0.02,0.986002,1,1
data\val\ai\ai_000135.png,1,ai,noise_s0.02,0.998618,1,1
data\val\ai\ai_000136.png,1,ai,noise_s0.02,0.868465,1,1
data\val\ai\ai_000137.png,1,ai,noise_s0.02,0.939384,1,1
data\val\ai\ai_000138.png,1,ai,noise_s0.02,0.827421,1,1
data\val\ai\ai_000139.png,1,ai,noise_s0.02,0.993339,1,1
data\val\ai\ai_000140.png,1,ai,noise_s0.02,0.900441,1,1
data\val\ai\ai_000141.png,1,ai,noise_s0.02,0.998589,1,1
data\val\ai\ai_000142.png,1,ai,noise_s0.02,0.916441,1,1
data\val\ai\ai_000143.png,1,ai,noise_s0.02,0.995895,1,1
data\val\ai\ai_000144.png,1,ai,noise_s0.02,0.985975,1,1
data\val\ai\ai_000145.png,1,ai,noise_s0.02,0.991745,1,1
data\val\ai\ai_000146.png,1,ai,noise_s0.02,0.984631,1,1
data\val\ai\ai_000147.png,1,ai,noise_s0.02,0.985237,1,1
data\val\ai\ai_000148.png,1,ai,noise_s0.02,0.324443,0,0
data\val\ai\ai_000149.png,1,ai,noise_s0.02,0.991471,1,1
data\val\ai\ai_000150.png,1,ai,noise_s0.02,0.490205,0,0
data\val\ai\ai_000151.png,1,ai,noise_s0.02,0.814269,1,1
data\val\ai\ai_000152.png,1,ai,noise_s0.02,0.812734,1,1
data\val\ai\ai_000153.png,1,ai,noise_s0.02,0.997670,1,1
data\val\ai\ai_000154.png,1,ai,noise_s0.02,0.986086,1,1
data\val\ai\ai_000155.png,1,ai,noise_s0.02,0.967288,1,1
data\val\ai\ai_000156.png,1,ai,noise_s0.02,0.647849,1,1
data\val\ai\ai_000157.png,1,ai,noise_s0.02,0.977569,1,1
data\val\ai\ai_000158.png,1,ai,noise_s0.02,0.406276,0,0
data\val\ai\ai_000159.png,1,ai,noise_s0.02,0.995089,1,1
data\val\ai\ai_000160.png,1,ai,noise_s0.02,0.251589,0,0
data\val\ai\ai_000161.png,1,ai,noise_s0.02,0.985502,1,1
data\val\ai\ai_000162.png,1,ai,noise_s0.02,0.984994,1,1
data\val\ai\ai_000163.png,1,ai,noise_s0.02,0.996903,1,1
data\val\ai\ai_000164.png,1,ai,noise_s0.02,0.997450,1,1
data\val\ai\ai_000165.png,1,ai,noise_s0.02,0.998379,1,1
data\val\ai\ai_000166.png,1,ai,noise_s0.02,0.829240,1,1
data\val\ai\ai_000167.png,1,ai,noise_s0.02,0.873283,1,1
data\val\ai\ai_000168.png,1,ai,noise_s0.02,0.688519,1,1
data\val\ai\ai_000169.png,1,ai,noise_s0.02,0.989943,1,1
data\val\ai\ai_000170.png,1,ai,noise_s0.02,0.977671,1,1
data\val\ai\ai_000171.png,1,ai,noise_s0.02,0.979847,1,1
data\val\ai\ai_000172.png,1,ai,noise_s0.02,0.987954,1,1
data\val\ai\ai_000173.png,1,ai,noise_s0.02,0.904479,1,1
data\val\ai\ai_000174.png,1,ai,noise_s0.02,0.999797,1,1
data\val\ai\ai_000175.png,1,ai,noise_s0.02,0.994834,1,1
data\val\ai\ai_000176.png,1,ai,noise_s0.02,0.988581,1,1
data\val\ai\ai_000177.png,1,ai,noise_s0.02,0.937673,1,1
data\val\ai\ai_000178.png,1,ai,noise_s0.02,0.735077,1,1
data\val\ai\ai_000179.png,1,ai,noise_s0.02,0.998254,1,1
data\val\ai\ai_000180.png,1,ai,noise_s0.02,0.932867,1,1
data\val\ai\ai_000181.png,1,ai,noise_s0.02,0.972283,1,1
data\val\ai\ai_000182.png,1,ai,noise_s0.02,0.957908,1,1
data\val\ai\ai_000183.png,1,ai,noise_s0.02,0.963819,1,1
data\val\ai\ai_000184.png,1,ai,noise_s0.02,0.993584,1,1
data\val\ai\ai_000185.png,1,ai,noise_s0.02,0.984396,1,1
data\val\ai\ai_000186.png,1,ai,noise_s0.02,0.765509,1,1
data\val\ai\ai_000187.png,1,ai,noise_s0.02,0.980596,1,1
data\val\ai\ai_000188.png,1,ai,noise_s0.02,0.557480,1,1
data\val\ai\ai_000189.png,1,ai,noise_s0.02,0.988401,1,1
data\val\ai\ai_000190.png,1,ai,noise_s0.02,0.914818,1,1
data\val\ai\ai_000191.png,1,ai,noise_s0.02,0.703166,1,1
data\val\ai\ai_000192.png,1,ai,noise_s0.02,0.998151,1,1
data\val\ai\ai_000193.png,1,ai,noise_s0.02,0.998038,1,1
data\val\ai\ai_000194.png,1,ai,noise_s0.02,0.973680,1,1
data\val\ai\ai_000195.png,1,ai,noise_s0.02,0.984110,1,1
data\val\ai\ai_000196.png,1,ai,noise_s0.02,0.995474,1,1
data\val\ai\ai_000197.png,1,ai,noise_s0.02,0.905730,1,1
data\val\ai\ai_000198.png,1,ai,noise_s0.02,0.934871,1,1
data\val\ai\ai_000199.png,1,ai,noise_s0.02,0.903886,1,1
data\val\ai\ai_000200.png,1,ai,noise_s0.02,0.864950,1,1
data\val\ai\ai_000201.png,1,ai,noise_s0.02,0.968503,1,1
data\val\ai\ai_000202.png,1,ai,noise_s0.02,0.722283,1,1
data\val\ai\ai_000203.png,1,ai,noise_s0.02,0.994837,1,1
data\val\ai\ai_000204.png,1,ai,noise_s0.02,0.987518,1,1
data\val\ai\ai_000205.png,1,ai,noise_s0.02,0.933283,1,1
data\val\ai\ai_000206.png,1,ai,noise_s0.02,0.998829,1,1
data\val\ai\ai_000207.png,1,ai,noise_s0.02,0.989374,1,1
data\val\ai\ai_000208.png,1,ai,noise_s0.02,0.899283,1,1
data\val\ai\ai_000209.png,1,ai,noise_s0.02,0.997551,1,1
data\val\ai\ai_000210.png,1,ai,noise_s0.02,0.914354,1,1
data\val\ai\ai_000211.png,1,ai,noise_s0.02,0.970235,1,1
data\val\ai\ai_000212.png,1,ai,noise_s0.02,0.998908,1,1
data\val\ai\ai_000213.png,1,ai,noise_s0.02,0.947628,1,1
data\val\ai\ai_000214.png,1,ai,noise_s0.02,0.997821,1,1
data\val\ai\ai_000215.png,1,ai,noise_s0.02,0.984227,1,1
data\val\ai\ai_000216.png,1,ai,noise_s0.02,0.945977,1,1
data\val\ai\ai_000217.png,1,ai,noise_s0.02,0.786154,1,1
data\val\ai\ai_000218.png,1,ai,noise_s0.02,0.715219,1,1
data\val\ai\ai_000219.png,1,ai,noise_s0.02,0.968579,1,1
data\val\ai\ai_000220.png,1,ai,noise_s0.02,0.348582,0,0
data\val\ai\ai_000221.png,1,ai,noise_s0.02,0.962011,1,1
data\val\ai\ai_000222.png,1,ai,noise_s0.02,0.936635,1,1
data\val\ai\ai_000223.png,1,ai,noise_s0.02,0.994044,1,1
data\val\ai\ai_000224.png,1,ai,noise_s0.02,0.955121,1,1
data\val\ai\ai_000225.png,1,ai,noise_s0.02,0.986319,1,1
data\val\ai\ai_000226.png,1,ai,noise_s0.02,0.969272,1,1
data\val\ai\ai_000227.png,1,ai,noise_s0.02,0.954227,1,1
data\val\ai\ai_000228.png,1,ai,noise_s0.02,0.056389,0,0
data\val\ai\ai_000229.png,1,ai,noise_s0.02,0.990459,1,1
data\val\ai\ai_000230.png,1,ai,noise_s0.02,0.911639,1,1
data\val\ai\ai_000231.png,1,ai,noise_s0.02,0.999479,1,1
data\val\ai\ai_000232.png,1,ai,noise_s0.02,0.839902,1,1
data\val\ai\ai_000233.png,1,ai,noise_s0.02,0.978330,1,1
data\val\ai\ai_000234.png,1,ai,noise_s0.02,0.998884,1,1
data\val\ai\ai_000235.png,1,ai,noise_s0.02,0.981755,1,1
data\val\ai\ai_000236.png,1,ai,noise_s0.02,0.855948,1,1
data\val\ai\ai_000237.png,1,ai,noise_s0.02,0.970105,1,1
data\val\ai\ai_000238.png,1,ai,noise_s0.02,0.882589,1,1
data\val\ai\ai_000239.png,1,ai,noise_s0.02,0.704327,1,1
data\val\ai\ai_000240.png,1,ai,noise_s0.02,0.827601,1,1
data\val\ai\ai_000241.png,1,ai,noise_s0.02,0.980070,1,1
data\val\ai\ai_000242.png,1,ai,noise_s0.02,0.998214,1,1
data\val\ai\ai_000243.png,1,ai,noise_s0.02,0.947556,1,1
data\val\ai\ai_000244.png,1,ai,noise_s0.02,0.996546,1,1
data\val\ai\ai_000245.png,1,ai,noise_s0.02,0.892507,1,1
data\val\ai\ai_000246.png,1,ai,noise_s0.02,0.990843,1,1
data\val\ai\ai_000247.png,1,ai,noise_s0.02,0.920155,1,1
data\val\ai\ai_000248.png,1,ai,noise_s0.02,0.985152,1,1
data\val\ai\ai_000249.png,1,ai,noise_s0.02,0.991243,1,1
data\val\ai\ai_000250.png,1,ai,noise_s0.02,0.466896,0,0
data\val\ai\ai_000251.png,1,ai,noise_s0.02,0.979243,1,1
data\val\ai\ai_000252.png,1,ai,noise_s0.02,0.982994,1,1
data\val\ai\ai_000253.png,1,ai,noise_s0.02,0.982231,1,1
data\val\ai\ai_000254.png,1,ai,noise_s0.02,0.922332,1,1
data\val\ai\ai_000255.png,1,ai,noise_s0.02,0.842630,1,1
data\val\ai\ai_000256.png,1,ai,noise_s0.02,0.481477,0,0
data\val\ai\ai_000257.png,1,ai,noise_s0.02,0.957423,1,1
data\val\ai\ai_000258.png,1,ai,noise_s0.02,0.835420,1,1
data\val\ai\ai_000259.png,1,ai,noise_s0.02,0.992777,1,1
data\val\ai\ai_000260.png,1,ai,noise_s0.02,0.723650,1,1
data\val\ai\ai_000261.png,1,ai,noise_s0.02,0.986434,1,1
data\val\ai\ai_000262.png,1,ai,noise_s0.02,0.995425,1,1
data\val\ai\ai_000263.png,1,ai,noise_s0.02,0.987094,1,1
data\val\ai\ai_000264.png,1,ai,noise_s0.02,0.998949,1,1
data\val\ai\ai_000265.png,1,ai,noise_s0.02,0.979469,1,1
data\val\ai\ai_000266.png,1,ai,noise_s0.02,0.923366,1,1
data\val\ai\ai_000267.png,1,ai,noise_s0.02,0.979421,1,1
data\val\ai\ai_000268.png,1,ai,noise_s0.02,0.909696,1,1
data\val\ai\ai_000269.png,1,ai,noise_s0.02,0.996104,1,1
data\val\ai\ai_000270.png,1,ai,noise_s0.02,0.735525,1,1
data\val\ai\ai_000271.png,1,ai,noise_s0.02,0.998845,1,1
data\val\ai\ai_000272.png,1,ai,noise_s0.02,0.996876,1,1
data\val\ai\ai_000273.png,1,ai,noise_s0.02,0.992311,1,1
data\val\ai\ai_000274.png,1,ai,noise_s0.02,0.971966,1,1
data\val\ai\ai_000275.png,1,ai,noise_s0.02,0.994666,1,1
data\val\ai\ai_000276.png,1,ai,noise_s0.02,0.984111,1,1
data\val\ai\ai_000277.png,1,ai,noise_s0.02,0.713273,1,1
data\val\ai\ai_000278.png,1,ai,noise_s0.02,0.973410,1,1
data\val\ai\ai_000279.png,1,ai,noise_s0.02,0.990519,1,1
data\val\ai\ai_000280.png,1,ai,noise_s0.02,0.885161,1,1
data\val\ai\ai_000281.png,1,ai,noise_s0.02,0.967167,1,1
data\val\ai\ai_000282.png,1,ai,noise_s0.02,0.938784,1,1
data\val\ai\ai_000283.png,1,ai,noise_s0.02,0.992568,1,1
data\val\ai\ai_000284.png,1,ai,noise_s0.02,0.959143,1,1
data\val\ai\ai_000285.png,1,ai,noise_s0.02,0.994793,1,1
data\val\ai\ai_000286.png,1,ai,noise_s0.02,0.959104,1,1
data\val\ai\ai_000287.png,1,ai,noise_s0.02,0.970840,1,1
data\val\ai\ai_000288.png,1,ai,noise_s0.02,0.231522,0,0
data\val\ai\ai_000289.png,1,ai,noise_s0.02,0.988767,1,1
data\val\ai\ai_000290.png,1,ai,noise_s0.02,0.733447,1,1
data\val\ai\ai_000291.png,1,ai,noise_s0.02,0.992868,1,1
data\val\ai\ai_000292.png,1,ai,noise_s0.02,0.992335,1,1
data\val\ai\ai_000293.png,1,ai,noise_s0.02,0.389457,0,0
data\val\ai\ai_000294.png,1,ai,noise_s0.02,0.960182,1,1
data\val\ai\ai_000295.png,1,ai,noise_s0.02,0.976742,1,1
data\val\ai\ai_000296.png,1,ai,noise_s0.02,0.997932,1,1
data\val\ai\ai_000297.png,1,ai,noise_s0.02,0.986423,1,1
data\val\ai\ai_000298.png,1,ai,noise_s0.02,0.934342,1,1
data\val\ai\ai_000299.png,1,ai,noise_s0.02,0.951402,1,1
data\val\ai\ai_000300.png,1,ai,noise_s0.02,0.557968,1,1
data\val\ai\ai_000301.png,1,ai,noise_s0.02,0.879851,1,1
data\val\ai\ai_000302.png,1,ai,noise_s0.02,0.329880,0,0
data\val\ai\ai_000303.png,1,ai,noise_s0.02,0.887131,1,1
data\val\ai\ai_000304.png,1,ai,noise_s0.02,0.990710,1,1
data\val\ai\ai_000305.png,1,ai,noise_s0.02,0.881056,1,1
data\val\ai\ai_000306.png,1,ai,noise_s0.02,0.985007,1,1
data\val\ai\ai_000307.png,1,ai,noise_s0.02,0.902962,1,1
data\val\ai\ai_000308.png,1,ai,noise_s0.02,0.840569,1,1
data\val\ai\ai_000309.png,1,ai,noise_s0.02,0.838316,1,1
data\val\ai\ai_000310.png,1,ai,noise_s0.02,0.856733,1,1
data\val\ai\ai_000311.png,1,ai,noise_s0.02,0.904463,1,1
data\val\ai\ai_000312.png,1,ai,noise_s0.02,0.976103,1,1
data\val\ai\ai_000313.png,1,ai,noise_s0.02,0.616028,1,1
data\val\ai\ai_000314.png,1,ai,noise_s0.02,0.995099,1,1
data\val\ai\ai_000315.png,1,ai,noise_s0.02,0.985643,1,1
data\val\ai\ai_000316.png,1,ai,noise_s0.02,0.996459,1,1
data\val\ai\ai_000317.png,1,ai,noise_s0.02,0.993770,1,1
data\val\ai\ai_000318.png,1,ai,noise_s0.02,0.053183,0,0
data\val\ai\ai_000319.png,1,ai,noise_s0.02,0.972005,1,1
data\val\ai\ai_000320.png,1,ai,noise_s0.02,0.966170,1,1
data\val\ai\ai_000321.png,1,ai,noise_s0.02,0.996963,1,1
data\val\ai\ai_000322.png,1,ai,noise_s0.02,0.865663,1,1
data\val\ai\ai_000323.png,1,ai,noise_s0.02,0.996860,1,1
data\val\ai\ai_000324.png,1,ai,noise_s0.02,0.996646,1,1
data\val\ai\ai_000325.png,1,ai,noise_s0.02,0.942163,1,1
data\val\ai\ai_000326.png,1,ai,noise_s0.02,0.998607,1,1
data\val\ai\ai_000327.png,1,ai,noise_s0.02,0.990884,1,1
data\val\ai\ai_000328.png,1,ai,noise_s0.02,0.889489,1,1
data\val\ai\ai_000329.png,1,ai,noise_s0.02,0.982293,1,1
data\val\ai\ai_000330.png,1,ai,noise_s0.02,0.950051,1,1
data\val\ai\ai_000331.png,1,ai,noise_s0.02,0.986786,1,1
data\val\ai\ai_000332.png,1,ai,noise_s0.02,0.536508,1,1
data\val\ai\ai_000333.png,1,ai,noise_s0.02,0.985270,1,1
data\val\ai\ai_000334.png,1,ai,noise_s0.02,0.935855,1,1
data\val\ai\ai_000335.png,1,ai,noise_s0.02,0.982683,1,1
data\val\ai\ai_000336.png,1,ai,noise_s0.02,0.679327,1,1
data\val\ai\ai_000337.png,1,ai,noise_s0.02,0.997122,1,1
data\val\ai\ai_000338.png,1,ai,noise_s0.02,0.288144,0,0
data\val\ai\ai_000339.png,1,ai,noise_s0.02,0.999365,1,1
data\val\ai\ai_000340.png,1,ai,noise_s0.02,0.968391,1,1
data\val\ai\ai_000341.png,1,ai,noise_s0.02,0.981174,1,1
data\val\ai\ai_000342.png,1,ai,noise_s0.02,0.379802,0,0
data\val\ai\ai_000343.png,1,ai,noise_s0.02,0.986354,1,1
data\val\ai\ai_000344.png,1,ai,noise_s0.02,0.989924,1,1
data\val\ai\ai_000345.png,1,ai,noise_s0.02,0.979039,1,1
data\val\ai\ai_000346.png,1,ai,noise_s0.02,0.996166,1,1
data\val\ai\ai_000347.png,1,ai,noise_s0.02,0.984298,1,1
data\val\ai\ai_000348.png,1,ai,noise_s0.02,0.904146,1,1
data\val\ai\ai_000349.png,1,ai,noise_s0.02,0.999356,1,1
data\val\ai\ai_000350.png,1,ai,noise_s0.02,0.730241,1,1
data\val\ai\ai_000351.png,1,ai,noise_s0.02,0.989088,1,1
data\val\ai\ai_000352.png,1,ai,noise_s0.02,0.625839,1,1
data\val\ai\ai_000353.png,1,ai,noise_s0.02,0.916836,1,1
data\val\ai\ai_000354.png,1,ai,noise_s0.02,0.999102,1,1
data\val\ai\ai_000355.png,1,ai,noise_s0.02,0.932645,1,1
data\val\ai\ai_000356.png,1,ai,noise_s0.02,0.825686,1,1
data\val\ai\ai_000357.png,1,ai,noise_s0.02,0.962104,1,1
data\val\ai\ai_000358.png,1,ai,noise_s0.02,0.267543,0,0
data\val\ai\ai_000359.png,1,ai,noise_s0.02,0.987079,1,1
data\val\ai\ai_000360.png,1,ai,noise_s0.02,0.923397,1,1
data\val\ai\ai_000361.png,1,ai,noise_s0.02,0.997673,1,1
data\val\ai\ai_000362.png,1,ai,noise_s0.02,0.605386,1,1
data\val\ai\ai_000363.png,1,ai,noise_s0.02,0.984110,1,1
data\val\ai\ai_000364.png,1,ai,noise_s0.02,0.998880,1,1
data\val\ai\ai_000365.png,1,ai,noise_s0.02,0.631454,1,1
data\val\ai\ai_000366.png,1,ai,noise_s0.02,0.865926,1,1
data\val\ai\ai_000367.png,1,ai,noise_s0.02,0.987053,1,1
data\val\ai\ai_000368.png,1,ai,noise_s0.02,0.344251,0,0
data\val\ai\ai_000369.png,1,ai,noise_s0.02,0.977242,1,1
data\val\ai\ai_000370.png,1,ai,noise_s0.02,0.408325,0,0
data\val\ai\ai_000371.png,1,ai,noise_s0.02,0.990263,1,1
data\val\ai\ai_000372.png,1,ai,noise_s0.02,0.898399,1,1
data\val\ai\ai_000373.png,1,ai,noise_s0.02,0.981705,1,1
data\val\ai\ai_000374.png,1,ai,noise_s0.02,0.998105,1,1
data\val\ai\ai_000375.png,1,ai,noise_s0.02,0.991232,1,1
data\val\ai\ai_000376.png,1,ai,noise_s0.02,0.584341,1,1
data\val\ai\ai_000377.png,1,ai,noise_s0.02,0.942818,1,1
data\val\ai\ai_000378.png,1,ai,noise_s0.02,0.985937,1,1
data\val\ai\ai_000379.png,1,ai,noise_s0.02,0.891972,1,1
data\val\ai\ai_000380.png,1,ai,noise_s0.02,0.725042,1,1
data\val\ai\ai_000381.png,1,ai,noise_s0.02,0.939393,1,1
data\val\ai\ai_000382.png,1,ai,noise_s0.02,0.587668,1,1
data\val\ai\ai_000383.png,1,ai,noise_s0.02,0.993889,1,1
data\val\ai\ai_000384.png,1,ai,noise_s0.02,0.864016,1,1
data\val\ai\ai_000385.png,1,ai,noise_s0.02,0.996597,1,1
data\val\ai\ai_000386.png,1,ai,noise_s0.02,0.940435,1,1
data\val\ai\ai_000387.png,1,ai,noise_s0.02,0.997470,1,1
data\val\ai\ai_000388.png,1,ai,noise_s0.02,0.988160,1,1
data\val\ai\ai_000389.png,1,ai,noise_s0.02,0.986784,1,1
data\val\ai\ai_000390.png,1,ai,noise_s0.02,0.991024,1,1
data\val\ai\ai_000391.png,1,ai,noise_s0.02,0.897902,1,1
data\val\ai\ai_000392.png,1,ai,noise_s0.02,0.677535,1,1
data\val\ai\ai_000393.png,1,ai,noise_s0.02,0.984596,1,1
data\val\ai\ai_000394.png,1,ai,noise_s0.02,0.990766,1,1
data\val\ai\ai_000395.png,1,ai,noise_s0.02,0.957459,1,1
data\val\ai\ai_000396.png,1,ai,noise_s0.02,0.965732,1,1
data\val\ai\ai_000397.png,1,ai,noise_s0.02,0.983884,1,1
data\val\ai\ai_000398.png,1,ai,noise_s0.02,0.750890,1,1
data\val\ai\ai_000399.png,1,ai,noise_s0.02,0.988122,1,1
data\val\ai\ai_000400.png,1,ai,noise_s0.02,0.415736,0,0
data\val\ai\ai_000401.png,1,ai,noise_s0.02,0.981606,1,1
data\val\ai\ai_000402.png,1,ai,noise_s0.02,0.972674,1,1
data\val\ai\ai_000403.png,1,ai,noise_s0.02,0.992940,1,1
data\val\ai\ai_000404.png,1,ai,noise_s0.02,0.983074,1,1
data\val\ai\ai_000405.png,1,ai,noise_s0.02,0.989407,1,1
data\val\ai\ai_000406.png,1,ai,noise_s0.02,0.996395,1,1
data\val\ai\ai_000407.png,1,ai,noise_s0.02,0.822643,1,1
data\val\ai\ai_000408.png,1,ai,noise_s0.02,0.967688,1,1
data\val\ai\ai_000409.png,1,ai,noise_s0.02,0.976226,1,1
data\val\ai\ai_000410.png,1,ai,noise_s0.02,0.656873,1,1
data\val\ai\ai_000411.png,1,ai,noise_s0.02,0.990598,1,1
data\val\ai\ai_000412.png,1,ai,noise_s0.02,0.996184,1,1
data\val\ai\ai_000413.png,1,ai,noise_s0.02,0.968083,1,1
data\val\ai\ai_000414.png,1,ai,noise_s0.02,0.997466,1,1
data\val\ai\ai_000415.png,1,ai,noise_s0.02,0.989862,1,1
data\val\ai\ai_000416.png,1,ai,noise_s0.02,0.746248,1,1
data\val\ai\ai_000417.png,1,ai,noise_s0.02,0.957128,1,1
data\val\ai\ai_000418.png,1,ai,noise_s0.02,0.483221,0,0
data\val\ai\ai_000419.png,1,ai,noise_s0.02,0.879971,1,1
data\val\ai\ai_000420.png,1,ai,noise_s0.02,0.802239,1,1
data\val\ai\ai_000421.png,1,ai,noise_s0.02,0.996506,1,1
data\val\ai\ai_000422.png,1,ai,noise_s0.02,0.338689,0,0
data\val\ai\ai_000423.png,1,ai,noise_s0.02,0.869397,1,1
data\val\ai\ai_000424.png,1,ai,noise_s0.02,0.999626,1,1
data\val\ai\ai_000425.png,1,ai,noise_s0.02,0.785816,1,1
data\val\ai\ai_000426.png,1,ai,noise_s0.02,0.817189,1,1
data\val\ai\ai_000427.png,1,ai,noise_s0.02,0.992714,1,1
data\val\ai\ai_000428.png,1,ai,noise_s0.02,0.983475,1,1
data\val\ai\ai_000429.png,1,ai,noise_s0.02,0.994564,1,1
data\val\ai\ai_000430.png,1,ai,noise_s0.02,0.889390,1,1
data\val\ai\ai_000431.png,1,ai,noise_s0.02,0.887787,1,1
data\val\ai\ai_000432.png,1,ai,noise_s0.02,0.994728,1,1
data\val\ai\ai_000433.png,1,ai,noise_s0.02,0.997356,1,1
data\val\ai\ai_000434.png,1,ai,noise_s0.02,0.985435,1,1
data\val\ai\ai_000435.png,1,ai,noise_s0.02,0.960225,1,1
data\val\ai\ai_000436.png,1,ai,noise_s0.02,0.980773,1,1
data\val\ai\ai_000437.png,1,ai,noise_s0.02,0.964007,1,1
data\val\ai\ai_000438.png,1,ai,noise_s0.02,0.959062,1,1
data\val\ai\ai_000439.png,1,ai,noise_s0.02,0.795703,1,1
data\val\ai\ai_000440.png,1,ai,noise_s0.02,0.910338,1,1
data\val\ai\ai_000441.png,1,ai,noise_s0.02,0.851823,1,1
data\val\ai\ai_000442.png,1,ai,noise_s0.02,0.978752,1,1
data\val\ai\ai_000443.png,1,ai,noise_s0.02,0.995869,1,1
data\val\ai\ai_000444.png,1,ai,noise_s0.02,0.997021,1,1
data\val\ai\ai_000445.png,1,ai,noise_s0.02,0.930090,1,1
data\val\ai\ai_000446.png,1,ai,noise_s0.02,0.954714,1,1
data\val\ai\ai_000447.png,1,ai,noise_s0.02,0.971204,1,1
data\val\ai\ai_000448.png,1,ai,noise_s0.02,0.149450,0,0
data\val\ai\ai_000449.png,1,ai,noise_s0.02,0.999582,1,1
data\val\ai\ai_000450.png,1,ai,noise_s0.02,0.991259,1,1
data\val\ai\ai_000451.png,1,ai,noise_s0.02,0.953961,1,1
data\val\ai\ai_000452.png,1,ai,noise_s0.02,0.922498,1,1
data\val\ai\ai_000453.png,1,ai,noise_s0.02,0.997779,1,1
data\val\ai\ai_000454.png,1,ai,noise_s0.02,0.852668,1,1
data\val\ai\ai_000455.png,1,ai,noise_s0.02,0.994889,1,1
data\val\ai\ai_000456.png,1,ai,noise_s0.02,0.966687,1,1
data\val\ai\ai_000457.png,1,ai,noise_s0.02,0.968530,1,1
data\val\ai\ai_000458.png,1,ai,noise_s0.02,0.973831,1,1
data\val\ai\ai_000459.png,1,ai,noise_s0.02,0.440939,0,0
data\val\ai\ai_000460.png,1,ai,noise_s0.02,0.795982,1,1
data\val\ai\ai_000461.png,1,ai,noise_s0.02,0.816801,1,1
data\val\ai\ai_000462.png,1,ai,noise_s0.02,0.970127,1,1
data\val\ai\ai_000463.png,1,ai,noise_s0.02,0.975317,1,1
data\val\ai\ai_000464.png,1,ai,noise_s0.02,0.989368,1,1
data\val\ai\ai_000465.png,1,ai,noise_s0.02,0.993824,1,1
data\val\ai\ai_000466.png,1,ai,noise_s0.02,0.545359,1,1
data\val\ai\ai_000467.png,1,ai,noise_s0.02,0.977586,1,1
data\val\ai\ai_000468.png,1,ai,noise_s0.02,0.898133,1,1
data\val\ai\ai_000469.png,1,ai,noise_s0.02,0.957317,1,1
data\val\ai\ai_000470.png,1,ai,noise_s0.02,0.713393,1,1
data\val\ai\ai_000471.png,1,ai,noise_s0.02,0.998450,1,1
data\val\ai\ai_000472.png,1,ai,noise_s0.02,0.959802,1,1
data\val\ai\ai_000473.png,1,ai,noise_s0.02,0.925525,1,1
data\val\ai\ai_000474.png,1,ai,noise_s0.02,0.983209,1,1
data\val\ai\ai_000475.png,1,ai,noise_s0.02,0.983668,1,1
data\val\ai\ai_000476.png,1,ai,noise_s0.02,0.911870,1,1
data\val\ai\ai_000477.png,1,ai,noise_s0.02,0.967048,1,1
data\val\ai\ai_000478.png,1,ai,noise_s0.02,0.914497,1,1
data\val\ai\ai_000479.png,1,ai,noise_s0.02,0.809658,1,1
data\val\ai\ai_000480.png,1,ai,noise_s0.02,0.717491,1,1
data\val\ai\ai_000481.png,1,ai,noise_s0.02,0.991976,1,1
data\val\ai\ai_000482.png,1,ai,noise_s0.02,0.681459,1,1
data\val\ai\ai_000483.png,1,ai,noise_s0.02,0.991266,1,1
data\val\ai\ai_000484.png,1,ai,noise_s0.02,0.970651,1,1
data\val\ai\ai_000485.png,1,ai,noise_s0.02,0.916053,1,1
data\val\ai\ai_000486.png,1,ai,noise_s0.02,0.996231,1,1
data\val\ai\ai_000487.png,1,ai,noise_s0.02,0.984607,1,1
data\val\ai\ai_000488.png,1,ai,noise_s0.02,0.773645,1,1
data\val\ai\ai_000489.png,1,ai,noise_s0.02,0.981519,1,1
data\val\ai\ai_000490.png,1,ai,noise_s0.02,0.863446,1,1
data\val\ai\ai_000491.png,1,ai,noise_s0.02,0.909761,1,1
data\val\ai\ai_000492.png,1,ai,noise_s0.02,0.955523,1,1
data\val\ai\ai_000493.png,1,ai,noise_s0.02,0.960607,1,1
data\val\ai\ai_000494.png,1,ai,noise_s0.02,0.997437,1,1
data\val\ai\ai_000495.png,1,ai,noise_s0.02,0.934926,1,1
data\val\ai\ai_000496.png,1,ai,noise_s0.02,0.724824,1,1
data\val\ai\ai_000497.png,1,ai,noise_s0.02,0.983940,1,1
data\val\ai\ai_000498.png,1,ai,noise_s0.02,0.839264,1,1
data\val\ai\ai_000499.png,1,ai,noise_s0.02,0.996853,1,1
data\val\ai\ai_000500.png,1,ai,noise_s0.02,0.913813,1,1
data\val\real\000000000139.jpg,0,real,noise_s0.05,0.469559,0,1
data\val\real\000000000285.jpg,0,real,noise_s0.05,0.145029,0,1
data\val\real\000000000632.jpg,0,real,noise_s0.05,0.932554,1,0
data\val\real\000000000724.jpg,0,real,noise_s0.05,0.124793,0,1
data\val\real\000000000776.jpg,0,real,noise_s0.05,0.045339,0,1
data\val\real\000000000785.jpg,0,real,noise_s0.05,0.058935,0,1
data\val\real\000000000802.jpg,0,real,noise_s0.05,0.558613,1,0
data\val\real\000000000872.jpg,0,real,noise_s0.05,0.115701,0,1
data\val\real\000000000885.jpg,0,real,noise_s0.05,0.050574,0,1
data\val\real\000000001000.jpg,0,real,noise_s0.05,0.002483,0,1
data\val\real\000000001268.jpg,0,real,noise_s0.05,0.060905,0,1
data\val\real\000000001296.jpg,0,real,noise_s0.05,0.124557,0,1
data\val\real\000000001353.jpg,0,real,noise_s0.05,0.001072,0,1
data\val\real\000000001425.jpg,0,real,noise_s0.05,0.301421,0,1
data\val\real\000000001490.jpg,0,real,noise_s0.05,0.355114,0,1
data\val\real\000000001503.jpg,0,real,noise_s0.05,0.188520,0,1
data\val\real\000000001532.jpg,0,real,noise_s0.05,0.060845,0,1
data\val\real\000000001584.jpg,0,real,noise_s0.05,0.311194,0,1
data\val\real\000000001675.jpg,0,real,noise_s0.05,0.083938,0,1
data\val\real\000000001761.jpg,0,real,noise_s0.05,0.009987,0,1
data\val\real\000000001818.jpg,0,real,noise_s0.05,0.063723,0,1
data\val\real\000000001993.jpg,0,real,noise_s0.05,0.674177,1,0
data\val\real\000000002006.jpg,0,real,noise_s0.05,0.044649,0,1
data\val\real\000000002149.jpg,0,real,noise_s0.05,0.289412,0,1
data\val\real\000000002153.jpg,0,real,noise_s0.05,0.011053,0,1
data\val\real\000000002157.jpg,0,real,noise_s0.05,0.179468,0,1
data\val\real\000000002261.jpg,0,real,noise_s0.05,0.018204,0,1
data\val\real\000000002299.jpg,0,real,noise_s0.05,0.009699,0,1
data\val\real\000000002431.jpg,0,real,noise_s0.05,0.068271,0,1
data\val\real\000000002473.jpg,0,real,noise_s0.05,0.024737,0,1
data\val\real\000000002532.jpg,0,real,noise_s0.05,0.007967,0,1
data\val\real\000000002587.jpg,0,real,noise_s0.05,0.183878,0,1
data\val\real\000000002592.jpg,0,real,noise_s0.05,0.046876,0,1
data\val\real\000000002685.jpg,0,real,noise_s0.05,0.003425,0,1
data\val\real\000000002923.jpg,0,real,noise_s0.05,0.017303,0,1
data\val\real\000000003156.jpg,0,real,noise_s0.05,0.192849,0,1
data\val\real\000000003255.jpg,0,real,noise_s0.05,0.299171,0,1
data\val\real\000000003501.jpg,0,real,noise_s0.05,0.332835,0,1
data\val\real\000000003553.jpg,0,real,noise_s0.05,0.074100,0,1
data\val\real\000000003661.jpg,0,real,noise_s0.05,0.024463,0,1
data\val\real\000000003845.jpg,0,real,noise_s0.05,0.192149,0,1
data\val\real\000000003934.jpg,0,real,noise_s0.05,0.009350,0,1
data\val\real\000000004134.jpg,0,real,noise_s0.05,0.004593,0,1
data\val\real\000000004395.jpg,0,real,noise_s0.05,0.021677,0,1
data\val\real\000000004495.jpg,0,real,noise_s0.05,0.376374,0,1
data\val\real\000000004765.jpg,0,real,noise_s0.05,0.248755,0,1
data\val\real\000000004795.jpg,0,real,noise_s0.05,0.002883,0,1
data\val\real\000000005001.jpg,0,real,noise_s0.05,0.054742,0,1
data\val\real\000000005037.jpg,0,real,noise_s0.05,0.172566,0,1
data\val\real\000000005060.jpg,0,real,noise_s0.05,0.286332,0,1
data\val\real\000000005193.jpg,0,real,noise_s0.05,0.005440,0,1
data\val\real\000000005477.jpg,0,real,noise_s0.05,0.179623,0,1
data\val\real\000000005503.jpg,0,real,noise_s0.05,0.143623,0,1
data\val\real\000000005529.jpg,0,real,noise_s0.05,0.042679,0,1
data\val\real\000000005586.jpg,0,real,noise_s0.05,0.009814,0,1
data\val\real\000000005600.jpg,0,real,noise_s0.05,0.037918,0,1
data\val\real\000000005992.jpg,0,real,noise_s0.05,0.075809,0,1
data\val\real\000000006012.jpg,0,real,noise_s0.05,0.105015,0,1
data\val\real\000000006040.jpg,0,real,noise_s0.05,0.687929,1,0
data\val\real\000000006213.jpg,0,real,noise_s0.05,0.628577,1,0
data\val\real\000000006460.jpg,0,real,noise_s0.05,0.081803,0,1
data\val\real\000000006471.jpg,0,real,noise_s0.05,0.133181,0,1
data\val\real\000000006614.jpg,0,real,noise_s0.05,0.150386,0,1
data\val\real\000000006723.jpg,0,real,noise_s0.05,0.198612,0,1
data\val\real\000000006763.jpg,0,real,noise_s0.05,0.000399,0,1
data\val\real\000000006771.jpg,0,real,noise_s0.05,0.002627,0,1
data\val\real\000000006818.jpg,0,real,noise_s0.05,0.147441,0,1
data\val\real\000000006894.jpg,0,real,noise_s0.05,0.048758,0,1
data\val\real\000000006954.jpg,0,real,noise_s0.05,0.044043,0,1
data\val\real\000000007088.jpg,0,real,noise_s0.05,0.067399,0,1
data\val\real\000000007108.jpg,0,real,noise_s0.05,0.059163,0,1
data\val\real\000000007278.jpg,0,real,noise_s0.05,0.207336,0,1
data\val\real\000000007281.jpg,0,real,noise_s0.05,0.025968,0,1
data\val\real\000000007386.jpg,0,real,noise_s0.05,0.031928,0,1
data\val\real\000000007511.jpg,0,real,noise_s0.05,0.089083,0,1
data\val\real\000000007574.jpg,0,real,noise_s0.05,0.632938,1,0
data\val\real\000000007784.jpg,0,real,noise_s0.05,0.188509,0,1
data\val\real\000000007795.jpg,0,real,noise_s0.05,0.791316,1,0
data\val\real\000000007816.jpg,0,real,noise_s0.05,0.024194,0,1
data\val\real\000000007818.jpg,0,real,noise_s0.05,0.387569,0,1
data\val\real\000000007888.jpg,0,real,noise_s0.05,0.591652,1,0
data\val\real\000000007977.jpg,0,real,noise_s0.05,0.249802,0,1
data\val\real\000000007991.jpg,0,real,noise_s0.05,0.073593,0,1
data\val\real\000000008021.jpg,0,real,noise_s0.05,0.007352,0,1
data\val\real\000000008211.jpg,0,real,noise_s0.05,0.125534,0,1
data\val\real\000000008277.jpg,0,real,noise_s0.05,0.169463,0,1
data\val\real\000000008532.jpg,0,real,noise_s0.05,0.010089,0,1
data\val\real\000000008629.jpg,0,real,noise_s0.05,0.051034,0,1
data\val\real\000000008690.jpg,0,real,noise_s0.05,0.002905,0,1
data\val\real\000000008762.jpg,0,real,noise_s0.05,0.066737,0,1
data\val\real\000000008844.jpg,0,real,noise_s0.05,0.151278,0,1
data\val\real\000000008899.jpg,0,real,noise_s0.05,0.261202,0,1
data\val\real\000000009378.jpg,0,real,noise_s0.05,0.026325,0,1
data\val\real\000000009400.jpg,0,real,noise_s0.05,0.001469,0,1
data\val\real\000000009448.jpg,0,real,noise_s0.05,0.032468,0,1
data\val\real\000000009483.jpg,0,real,noise_s0.05,0.117001,0,1
data\val\real\000000009590.jpg,0,real,noise_s0.05,0.178014,0,1
data\val\real\000000009769.jpg,0,real,noise_s0.05,0.114428,0,1
data\val\real\000000009772.jpg,0,real,noise_s0.05,0.068561,0,1
data\val\real\000000009891.jpg,0,real,noise_s0.05,0.006368,0,1
data\val\real\000000009914.jpg,0,real,noise_s0.05,0.141771,0,1
data\val\real\000000010092.jpg,0,real,noise_s0.05,0.077147,0,1
data\val\real\000000010363.jpg,0,real,noise_s0.05,0.003263,0,1
data\val\real\000000010583.jpg,0,real,noise_s0.05,0.044254,0,1
data\val\real\000000010707.jpg,0,real,noise_s0.05,0.000690,0,1
data\val\real\000000010764.jpg,0,real,noise_s0.05,0.030629,0,1
data\val\real\000000010977.jpg,0,real,noise_s0.05,0.378583,0,1
data\val\real\000000010995.jpg,0,real,noise_s0.05,0.863525,1,0
data\val\real\000000011051.jpg,0,real,noise_s0.05,0.005913,0,1
data\val\real\000000011122.jpg,0,real,noise_s0.05,0.011250,0,1
data\val\real\000000011149.jpg,0,real,noise_s0.05,0.022289,0,1
data\val\real\000000011197.jpg,0,real,noise_s0.05,0.013372,0,1
data\val\real\000000011511.jpg,0,real,noise_s0.05,0.094912,0,1
data\val\real\000000011615.jpg,0,real,noise_s0.05,0.116156,0,1
data\val\real\000000011699.jpg,0,real,noise_s0.05,0.018422,0,1
data\val\real\000000011760.jpg,0,real,noise_s0.05,0.449483,0,1
data\val\real\000000011813.jpg,0,real,noise_s0.05,0.113446,0,1
data\val\real\000000012062.jpg,0,real,noise_s0.05,0.010473,0,1
data\val\real\000000012120.jpg,0,real,noise_s0.05,0.105890,0,1
data\val\real\000000012280.jpg,0,real,noise_s0.05,0.709800,1,0
data\val\real\000000012576.jpg,0,real,noise_s0.05,0.198729,0,1
data\val\real\000000012639.jpg,0,real,noise_s0.05,0.044668,0,1
data\val\real\000000012667.jpg,0,real,noise_s0.05,0.304333,0,1
data\val\real\000000012670.jpg,0,real,noise_s0.05,0.013357,0,1
data\val\real\000000012748.jpg,0,real,noise_s0.05,0.210116,0,1
data\val\real\000000013004.jpg,0,real,noise_s0.05,0.216167,0,1
data\val\real\000000013177.jpg,0,real,noise_s0.05,0.026847,0,1
data\val\real\000000013201.jpg,0,real,noise_s0.05,0.067906,0,1
data\val\real\000000013291.jpg,0,real,noise_s0.05,0.028795,0,1
data\val\real\000000013348.jpg,0,real,noise_s0.05,0.126106,0,1
data\val\real\000000013546.jpg,0,real,noise_s0.05,0.015533,0,1
data\val\real\000000013597.jpg,0,real,noise_s0.05,0.525412,1,0
data\val\real\000000013659.jpg,0,real,noise_s0.05,0.001933,0,1
data\val\real\000000013729.jpg,0,real,noise_s0.05,0.033204,0,1
data\val\real\000000013774.jpg,0,real,noise_s0.05,0.514544,1,0
data\val\real\000000013923.jpg,0,real,noise_s0.05,0.638953,1,0
data\val\real\000000014007.jpg,0,real,noise_s0.05,0.058923,0,1
data\val\real\000000014038.jpg,0,real,noise_s0.05,0.906703,1,0
data\val\real\000000014226.jpg,0,real,noise_s0.05,0.155087,0,1
data\val\real\000000014380.jpg,0,real,noise_s0.05,0.365381,0,1
data\val\real\000000014439.jpg,0,real,noise_s0.05,0.022025,0,1
data\val\real\000000014473.jpg,0,real,noise_s0.05,0.028109,0,1
data\val\real\000000014831.jpg,0,real,noise_s0.05,0.022195,0,1
data\val\real\000000014888.jpg,0,real,noise_s0.05,0.033170,0,1
data\val\real\000000015079.jpg,0,real,noise_s0.05,0.310941,0,1
data\val\real\000000015254.jpg,0,real,noise_s0.05,0.024341,0,1
data\val\real\000000015272.jpg,0,real,noise_s0.05,0.263735,0,1
data\val\real\000000015278.jpg,0,real,noise_s0.05,0.033626,0,1
data\val\real\000000015335.jpg,0,real,noise_s0.05,0.001445,0,1
data\val\real\000000015338.jpg,0,real,noise_s0.05,0.403989,0,1
data\val\real\000000015440.jpg,0,real,noise_s0.05,0.443452,0,1
data\val\real\000000015497.jpg,0,real,noise_s0.05,0.011683,0,1
data\val\real\000000015517.jpg,0,real,noise_s0.05,0.137327,0,1
data\val\real\000000015597.jpg,0,real,noise_s0.05,0.001670,0,1
data\val\real\000000015660.jpg,0,real,noise_s0.05,0.027904,0,1
data\val\real\000000015746.jpg,0,real,noise_s0.05,0.063578,0,1
data\val\real\000000015751.jpg,0,real,noise_s0.05,0.012055,0,1
data\val\real\000000015956.jpg,0,real,noise_s0.05,0.007045,0,1
data\val\real\000000016010.jpg,0,real,noise_s0.05,0.079981,0,1
data\val\real\000000016228.jpg,0,real,noise_s0.05,0.199440,0,1
data\val\real\000000016249.jpg,0,real,noise_s0.05,0.081320,0,1
data\val\real\000000016439.jpg,0,real,noise_s0.05,0.168354,0,1
data\val\real\000000016451.jpg,0,real,noise_s0.05,0.424347,0,1
data\val\real\000000016502.jpg,0,real,noise_s0.05,0.043803,0,1
data\val\real\000000016598.jpg,0,real,noise_s0.05,0.008735,0,1
data\val\real\000000016958.jpg,0,real,noise_s0.05,0.304014,0,1
data\val\real\000000017029.jpg,0,real,noise_s0.05,0.045818,0,1
data\val\real\000000017031.jpg,0,real,noise_s0.05,0.183888,0,1
data\val\real\000000017115.jpg,0,real,noise_s0.05,0.448575,0,1
data\val\real\000000017178.jpg,0,real,noise_s0.05,0.366606,0,1
data\val\real\000000017182.jpg,0,real,noise_s0.05,0.444653,0,1
data\val\real\000000017207.jpg,0,real,noise_s0.05,0.008803,0,1
data\val\real\000000017379.jpg,0,real,noise_s0.05,0.723653,1,0
data\val\real\000000017436.jpg,0,real,noise_s0.05,0.038372,0,1
data\val\real\000000017627.jpg,0,real,noise_s0.05,0.012904,0,1
data\val\real\000000017714.jpg,0,real,noise_s0.05,0.530545,1,0
data\val\real\000000017899.jpg,0,real,noise_s0.05,0.004720,0,1
data\val\real\000000017905.jpg,0,real,noise_s0.05,0.000538,0,1
data\val\real\000000017959.jpg,0,real,noise_s0.05,0.009369,0,1
data\val\real\000000018150.jpg,0,real,noise_s0.05,0.002416,0,1
data\val\real\000000018193.jpg,0,real,noise_s0.05,0.004511,0,1
data\val\real\000000018380.jpg,0,real,noise_s0.05,0.168203,0,1
data\val\real\000000018491.jpg,0,real,noise_s0.05,0.010283,0,1
data\val\real\000000018519.jpg,0,real,noise_s0.05,0.351440,0,1
data\val\real\000000018575.jpg,0,real,noise_s0.05,0.046801,0,1
data\val\real\000000018737.jpg,0,real,noise_s0.05,0.043571,0,1
data\val\real\000000018770.jpg,0,real,noise_s0.05,0.042870,0,1
data\val\real\000000018833.jpg,0,real,noise_s0.05,0.065212,0,1
data\val\real\000000018837.jpg,0,real,noise_s0.05,0.033421,0,1
data\val\real\000000019042.jpg,0,real,noise_s0.05,0.022081,0,1
data\val\real\000000019109.jpg,0,real,noise_s0.05,0.318066,0,1
data\val\real\000000019221.jpg,0,real,noise_s0.05,0.019467,0,1
data\val\real\000000019402.jpg,0,real,noise_s0.05,0.000712,0,1
data\val\real\000000019432.jpg,0,real,noise_s0.05,0.050443,0,1
data\val\real\000000019742.jpg,0,real,noise_s0.05,0.083084,0,1
data\val\real\000000019786.jpg,0,real,noise_s0.05,0.036527,0,1
data\val\real\000000019924.jpg,0,real,noise_s0.05,0.622247,1,0
data\val\real\000000020059.jpg,0,real,noise_s0.05,0.037735,0,1
data\val\real\000000020107.jpg,0,real,noise_s0.05,0.108854,0,1
data\val\real\000000020247.jpg,0,real,noise_s0.05,0.165396,0,1
data\val\real\000000020333.jpg,0,real,noise_s0.05,0.085647,0,1
data\val\real\000000020553.jpg,0,real,noise_s0.05,0.007033,0,1
data\val\real\000000020571.jpg,0,real,noise_s0.05,0.192270,0,1
data\val\real\000000020992.jpg,0,real,noise_s0.05,0.004769,0,1
data\val\real\000000021167.jpg,0,real,noise_s0.05,0.001249,0,1
data\val\real\000000021465.jpg,0,real,noise_s0.05,0.006954,0,1
data\val\real\000000021503.jpg,0,real,noise_s0.05,0.007128,0,1
data\val\real\000000021604.jpg,0,real,noise_s0.05,0.678864,1,0
data\val\real\000000021839.jpg,0,real,noise_s0.05,0.003851,0,1
data\val\real\000000021879.jpg,0,real,noise_s0.05,0.068113,0,1
data\val\real\000000021903.jpg,0,real,noise_s0.05,0.124032,0,1
data\val\real\000000022192.jpg,0,real,noise_s0.05,0.018235,0,1
data\val\real\000000022371.jpg,0,real,noise_s0.05,0.415431,0,1
data\val\real\000000022396.jpg,0,real,noise_s0.05,0.047981,0,1
data\val\real\000000022479.jpg,0,real,noise_s0.05,0.011705,0,1
data\val\real\000000022589.jpg,0,real,noise_s0.05,0.015837,0,1
data\val\real\000000022623.jpg,0,real,noise_s0.05,0.308681,0,1
data\val\real\000000022705.jpg,0,real,noise_s0.05,0.001260,0,1
data\val\real\000000022755.jpg,0,real,noise_s0.05,0.168600,0,1
data\val\real\000000022892.jpg,0,real,noise_s0.05,0.379467,0,1
data\val\real\000000022935.jpg,0,real,noise_s0.05,0.212878,0,1
data\val\real\000000022969.jpg,0,real,noise_s0.05,0.161859,0,1
data\val\real\000000023023.jpg,0,real,noise_s0.05,0.426925,0,1
data\val\real\000000023034.jpg,0,real,noise_s0.05,0.003557,0,1
data\val\real\000000023126.jpg,0,real,noise_s0.05,0.238966,0,1
data\val\real\000000023230.jpg,0,real,noise_s0.05,0.009209,0,1
data\val\real\000000023272.jpg,0,real,noise_s0.05,0.013763,0,1
data\val\real\000000023359.jpg,0,real,noise_s0.05,0.036959,0,1
data\val\real\000000023666.jpg,0,real,noise_s0.05,0.415309,0,1
data\val\real\000000023751.jpg,0,real,noise_s0.05,0.002196,0,1
data\val\real\000000023781.jpg,0,real,noise_s0.05,0.474577,0,1
data\val\real\000000023899.jpg,0,real,noise_s0.05,0.002386,0,1
data\val\real\000000023937.jpg,0,real,noise_s0.05,0.030456,0,1
data\val\real\000000024021.jpg,0,real,noise_s0.05,0.012603,0,1
data\val\real\000000024027.jpg,0,real,noise_s0.05,0.002964,0,1
data\val\real\000000024144.jpg,0,real,noise_s0.05,0.097453,0,1
data\val\real\000000024243.jpg,0,real,noise_s0.05,0.166144,0,1
data\val\real\000000024567.jpg,0,real,noise_s0.05,0.109572,0,1
data\val\real\000000024610.jpg,0,real,noise_s0.05,0.177514,0,1
data\val\real\000000024919.jpg,0,real,noise_s0.05,0.376202,0,1
data\val\real\000000025057.jpg,0,real,noise_s0.05,0.007577,0,1
data\val\real\000000025096.jpg,0,real,noise_s0.05,0.012452,0,1
data\val\real\000000025139.jpg,0,real,noise_s0.05,0.128180,0,1
data\val\real\000000025181.jpg,0,real,noise_s0.05,0.835176,1,0
data\val\real\000000025228.jpg,0,real,noise_s0.05,0.143258,0,1
data\val\real\000000025386.jpg,0,real,noise_s0.05,0.007462,0,1
data\val\real\000000025393.jpg,0,real,noise_s0.05,0.000817,0,1
data\val\real\000000025394.jpg,0,real,noise_s0.05,0.016989,0,1
data\val\real\000000025424.jpg,0,real,noise_s0.05,0.128535,0,1
data\val\real\000000025560.jpg,0,real,noise_s0.05,0.019004,0,1
data\val\real\000000025593.jpg,0,real,noise_s0.05,0.080023,0,1
data\val\real\000000025603.jpg,0,real,noise_s0.05,0.002245,0,1
data\val\real\000000025986.jpg,0,real,noise_s0.05,0.012681,0,1
data\val\real\000000026204.jpg,0,real,noise_s0.05,0.230348,0,1
data\val\real\000000026465.jpg,0,real,noise_s0.05,0.140306,0,1
data\val\real\000000026564.jpg,0,real,noise_s0.05,0.361265,0,1
data\val\real\000000026690.jpg,0,real,noise_s0.05,0.010439,0,1
data\val\real\000000026926.jpg,0,real,noise_s0.05,0.219795,0,1
data\val\real\000000026941.jpg,0,real,noise_s0.05,0.771404,1,0
data\val\real\000000027186.jpg,0,real,noise_s0.05,0.015483,0,1
data\val\real\000000027620.jpg,0,real,noise_s0.05,0.383859,0,1
data\val\real\000000027696.jpg,0,real,noise_s0.05,0.007526,0,1
data\val\real\000000027768.jpg,0,real,noise_s0.05,0.243271,0,1
data\val\real\000000027932.jpg,0,real,noise_s0.05,0.307936,0,1
data\val\real\000000027972.jpg,0,real,noise_s0.05,0.089368,0,1
data\val\real\000000027982.jpg,0,real,noise_s0.05,0.805845,1,0
data\val\real\000000028285.jpg,0,real,noise_s0.05,0.004915,0,1
data\val\real\000000028449.jpg,0,real,noise_s0.05,0.183246,0,1
data\val\real\000000028452.jpg,0,real,noise_s0.05,0.722018,1,0
data\val\real\000000028809.jpg,0,real,noise_s0.05,0.090045,0,1
data\val\real\000000028993.jpg,0,real,noise_s0.05,0.745486,1,0
data\val\real\000000029187.jpg,0,real,noise_s0.05,0.004580,0,1
data\val\real\000000029393.jpg,0,real,noise_s0.05,0.009740,0,1
data\val\real\000000029397.jpg,0,real,noise_s0.05,0.315771,0,1
data\val\real\000000029596.jpg,0,real,noise_s0.05,0.834924,1,0
data\val\real\000000029640.jpg,0,real,noise_s0.05,0.122821,0,1
data\val\real\000000029675.jpg,0,real,noise_s0.05,0.196229,0,1
data\val\real\000000029984.jpg,0,real,noise_s0.05,0.019683,0,1
data\val\real\000000030213.jpg,0,real,noise_s0.05,0.642512,1,0
data\val\real\000000030494.jpg,0,real,noise_s0.05,0.009542,0,1
data\val\real\000000030504.jpg,0,real,noise_s0.05,0.073187,0,1
data\val\real\000000030675.jpg,0,real,noise_s0.05,0.301446,0,1
data\val\real\000000030785.jpg,0,real,noise_s0.05,0.288062,0,1
data\val\real\000000030828.jpg,0,real,noise_s0.05,0.509294,1,0
data\val\real\000000031050.jpg,0,real,noise_s0.05,0.092993,0,1
data\val\real\000000031093.jpg,0,real,noise_s0.05,0.043783,0,1
data\val\real\000000031118.jpg,0,real,noise_s0.05,0.134993,0,1
data\val\real\000000031217.jpg,0,real,noise_s0.05,0.100197,0,1
data\val\real\000000031248.jpg,0,real,noise_s0.05,0.643216,1,0
data\val\real\000000031269.jpg,0,real,noise_s0.05,0.022921,0,1
data\val\real\000000031296.jpg,0,real,noise_s0.05,0.004293,0,1
data\val\real\000000031322.jpg,0,real,noise_s0.05,0.016136,0,1
data\val\real\000000031620.jpg,0,real,noise_s0.05,0.000247,0,1
data\val\real\000000031735.jpg,0,real,noise_s0.05,0.014439,0,1
data\val\real\000000031749.jpg,0,real,noise_s0.05,0.250812,0,1
data\val\real\000000031817.jpg,0,real,noise_s0.05,0.003396,0,1
data\val\real\000000032038.jpg,0,real,noise_s0.05,0.049512,0,1
data\val\real\000000032081.jpg,0,real,noise_s0.05,0.055682,0,1
data\val\real\000000032285.jpg,0,real,noise_s0.05,0.703351,1,0
data\val\real\000000032334.jpg,0,real,noise_s0.05,0.000886,0,1
data\val\real\000000032570.jpg,0,real,noise_s0.05,0.515237,1,0
data\val\real\000000032610.jpg,0,real,noise_s0.05,0.225632,0,1
data\val\real\000000032735.jpg,0,real,noise_s0.05,0.069968,0,1
data\val\real\000000032811.jpg,0,real,noise_s0.05,0.180424,0,1
data\val\real\000000032817.jpg,0,real,noise_s0.05,0.004523,0,1
data\val\real\000000032861.jpg,0,real,noise_s0.05,0.220141,0,1
data\val\real\000000032887.jpg,0,real,noise_s0.05,0.007763,0,1
data\val\real\000000032901.jpg,0,real,noise_s0.05,0.000279,0,1
data\val\real\000000032941.jpg,0,real,noise_s0.05,0.089721,0,1
data\val\real\000000033005.jpg,0,real,noise_s0.05,0.045338,0,1
data\val\real\000000033104.jpg,0,real,noise_s0.05,0.011663,0,1
data\val\real\000000033109.jpg,0,real,noise_s0.05,0.092551,0,1
data\val\real\000000033114.jpg,0,real,noise_s0.05,0.102754,0,1
data\val\real\000000033221.jpg,0,real,noise_s0.05,0.001331,0,1
data\val\real\000000033368.jpg,0,real,noise_s0.05,0.328875,0,1
data\val\real\000000033638.jpg,0,real,noise_s0.05,0.034264,0,1
data\val\real\000000033707.jpg,0,real,noise_s0.05,0.233958,0,1
data\val\real\000000033759.jpg,0,real,noise_s0.05,0.053412,0,1
data\val\real\000000033854.jpg,0,real,noise_s0.05,0.048032,0,1
data\val\real\000000034071.jpg,0,real,noise_s0.05,0.734726,1,0
data\val\real\000000034139.jpg,0,real,noise_s0.05,0.124899,0,1
data\val\real\000000034205.jpg,0,real,noise_s0.05,0.295261,0,1
data\val\real\000000034257.jpg,0,real,noise_s0.05,0.626759,1,0
data\val\real\000000034417.jpg,0,real,noise_s0.05,0.118545,0,1
data\val\real\000000034452.jpg,0,real,noise_s0.05,0.007272,0,1
data\val\real\000000034760.jpg,0,real,noise_s0.05,0.123016,0,1
data\val\real\000000034873.jpg,0,real,noise_s0.05,0.147254,0,1
data\val\real\000000035062.jpg,0,real,noise_s0.05,0.087675,0,1
data\val\real\000000035197.jpg,0,real,noise_s0.05,0.327531,0,1
data\val\real\000000035279.jpg,0,real,noise_s0.05,0.287343,0,1
data\val\real\000000035326.jpg,0,real,noise_s0.05,0.222632,0,1
data\val\real\000000035682.jpg,0,real,noise_s0.05,0.017548,0,1
data\val\real\000000035770.jpg,0,real,noise_s0.05,0.091235,0,1
data\val\real\000000035963.jpg,0,real,noise_s0.05,0.003750,0,1
data\val\real\000000036494.jpg,0,real,noise_s0.05,0.324641,0,1
data\val\real\000000036539.jpg,0,real,noise_s0.05,0.001970,0,1
data\val\real\000000036660.jpg,0,real,noise_s0.05,0.080122,0,1
data\val\real\000000036678.jpg,0,real,noise_s0.05,0.023686,0,1
data\val\real\000000036844.jpg,0,real,noise_s0.05,0.629569,1,0
data\val\real\000000036861.jpg,0,real,noise_s0.05,0.367874,0,1
data\val\real\000000036936.jpg,0,real,noise_s0.05,0.002268,0,1
data\val\real\000000037670.jpg,0,real,noise_s0.05,0.555103,1,0
data\val\real\000000037689.jpg,0,real,noise_s0.05,0.033744,0,1
data\val\real\000000037740.jpg,0,real,noise_s0.05,0.520363,1,0
data\val\real\000000037751.jpg,0,real,noise_s0.05,0.033103,0,1
data\val\real\000000037777.jpg,0,real,noise_s0.05,0.448015,0,1
data\val\real\000000037988.jpg,0,real,noise_s0.05,0.037385,0,1
data\val\real\000000038048.jpg,0,real,noise_s0.05,0.192498,0,1
data\val\real\000000038070.jpg,0,real,noise_s0.05,0.385648,0,1
data\val\real\000000038118.jpg,0,real,noise_s0.05,0.077036,0,1
data\val\real\000000038210.jpg,0,real,noise_s0.05,0.079440,0,1
data\val\real\000000038576.jpg,0,real,noise_s0.05,0.867118,1,0
data\val\real\000000038678.jpg,0,real,noise_s0.05,0.007393,0,1
data\val\real\000000038825.jpg,0,real,noise_s0.05,0.137156,0,1
data\val\real\000000038829.jpg,0,real,noise_s0.05,0.036591,0,1
data\val\real\000000039405.jpg,0,real,noise_s0.05,0.025898,0,1
data\val\real\000000039477.jpg,0,real,noise_s0.05,0.830647,1,0
data\val\real\000000039480.jpg,0,real,noise_s0.05,0.173524,0,1
data\val\real\000000039484.jpg,0,real,noise_s0.05,0.442837,0,1
data\val\real\000000039551.jpg,0,real,noise_s0.05,0.486277,0,1
data\val\real\000000039670.jpg,0,real,noise_s0.05,0.203551,0,1
data\val\real\000000039769.jpg,0,real,noise_s0.05,0.001611,0,1
data\val\real\000000039785.jpg,0,real,noise_s0.05,0.048646,0,1
data\val\real\000000039914.jpg,0,real,noise_s0.05,0.002404,0,1
data\val\real\000000039951.jpg,0,real,noise_s0.05,0.046000,0,1
data\val\real\000000039956.jpg,0,real,noise_s0.05,0.608754,1,0
data\val\real\000000040036.jpg,0,real,noise_s0.05,0.019586,0,1
data\val\real\000000040083.jpg,0,real,noise_s0.05,0.027021,0,1
data\val\real\000000040471.jpg,0,real,noise_s0.05,0.364382,0,1
data\val\real\000000040757.jpg,0,real,noise_s0.05,0.003413,0,1
data\val\real\000000041488.jpg,0,real,noise_s0.05,0.331764,0,1
data\val\real\000000041633.jpg,0,real,noise_s0.05,0.304939,0,1
data\val\real\000000041635.jpg,0,real,noise_s0.05,0.038286,0,1
data\val\real\000000041872.jpg,0,real,noise_s0.05,0.765541,1,0
data\val\real\000000041888.jpg,0,real,noise_s0.05,0.037033,0,1
data\val\real\000000041990.jpg,0,real,noise_s0.05,0.002698,0,1
data\val\real\000000042070.jpg,0,real,noise_s0.05,0.694440,1,0
data\val\real\000000042102.jpg,0,real,noise_s0.05,0.003483,0,1
data\val\real\000000042178.jpg,0,real,noise_s0.05,0.838886,1,0
data\val\real\000000042276.jpg,0,real,noise_s0.05,0.027369,0,1
data\val\real\000000042296.jpg,0,real,noise_s0.05,0.017627,0,1
data\val\real\000000042528.jpg,0,real,noise_s0.05,0.053184,0,1
data\val\real\000000042563.jpg,0,real,noise_s0.05,0.093368,0,1
data\val\real\000000042628.jpg,0,real,noise_s0.05,0.017713,0,1
data\val\real\000000042888.jpg,0,real,noise_s0.05,0.023689,0,1
data\val\real\000000042889.jpg,0,real,noise_s0.05,0.008432,0,1
data\val\real\000000043314.jpg,0,real,noise_s0.05,0.012637,0,1
data\val\real\000000043435.jpg,0,real,noise_s0.05,0.145028,0,1
data\val\real\000000043581.jpg,0,real,noise_s0.05,0.025574,0,1
data\val\real\000000043737.jpg,0,real,noise_s0.05,0.318249,0,1
data\val\real\000000043816.jpg,0,real,noise_s0.05,0.015564,0,1
data\val\real\000000044068.jpg,0,real,noise_s0.05,0.016011,0,1
data\val\real\000000044195.jpg,0,real,noise_s0.05,0.057406,0,1
data\val\real\000000044260.jpg,0,real,noise_s0.05,0.521252,1,0
data\val\real\000000044279.jpg,0,real,noise_s0.05,0.265576,0,1
data\val\real\000000044590.jpg,0,real,noise_s0.05,0.011240,0,1
data\val\real\000000044652.jpg,0,real,noise_s0.05,0.021649,0,1
data\val\real\000000044699.jpg,0,real,noise_s0.05,0.055438,0,1
data\val\real\000000044877.jpg,0,real,noise_s0.05,0.039029,0,1
data\val\real\000000045070.jpg,0,real,noise_s0.05,0.030629,0,1
data\val\real\000000045090.jpg,0,real,noise_s0.05,0.040638,0,1
data\val\real\000000045229.jpg,0,real,noise_s0.05,0.949269,1,0
data\val\real\000000045472.jpg,0,real,noise_s0.05,0.081542,0,1
data\val\real\000000045550.jpg,0,real,noise_s0.05,0.009249,0,1
data\val\real\000000045596.jpg,0,real,noise_s0.05,0.126853,0,1
data\val\real\000000045728.jpg,0,real,noise_s0.05,0.027054,0,1
data\val\real\000000046031.jpg,0,real,noise_s0.05,0.242867,0,1
data\val\real\000000046048.jpg,0,real,noise_s0.05,0.018513,0,1
data\val\real\000000046252.jpg,0,real,noise_s0.05,0.255089,0,1
data\val\real\000000046378.jpg,0,real,noise_s0.05,0.013347,0,1
data\val\real\000000046463.jpg,0,real,noise_s0.05,0.019473,0,1
data\val\real\000000046497.jpg,0,real,noise_s0.05,0.014229,0,1
data\val\real\000000046804.jpg,0,real,noise_s0.05,0.011868,0,1
data\val\real\000000046872.jpg,0,real,noise_s0.05,0.354035,0,1
data\val\real\000000047010.jpg,0,real,noise_s0.05,0.377291,0,1
data\val\real\000000047112.jpg,0,real,noise_s0.05,0.089191,0,1
data\val\real\000000047121.jpg,0,real,noise_s0.05,0.028459,0,1
data\val\real\000000047571.jpg,0,real,noise_s0.05,0.195346,0,1
data\val\real\000000047585.jpg,0,real,noise_s0.05,0.002489,0,1
data\val\real\000000047740.jpg,0,real,noise_s0.05,0.006027,0,1
data\val\real\000000047769.jpg,0,real,noise_s0.05,0.363806,0,1
data\val\real\000000047801.jpg,0,real,noise_s0.05,0.015502,0,1
data\val\real\000000047819.jpg,0,real,noise_s0.05,0.005654,0,1
data\val\real\000000047828.jpg,0,real,noise_s0.05,0.124287,0,1
data\val\real\000000048153.jpg,0,real,noise_s0.05,0.024393,0,1
data\val\real\000000048396.jpg,0,real,noise_s0.05,0.005769,0,1
data\val\real\000000048504.jpg,0,real,noise_s0.05,0.214874,0,1
data\val\real\000000048555.jpg,0,real,noise_s0.05,0.172586,0,1
data\val\real\000000048564.jpg,0,real,noise_s0.05,0.004941,0,1
data\val\real\000000048924.jpg,0,real,noise_s0.05,0.912068,1,0
data\val\real\000000049060.jpg,0,real,noise_s0.05,0.003295,0,1
data\val\real\000000049091.jpg,0,real,noise_s0.05,0.066990,0,1
data\val\real\000000049259.jpg,0,real,noise_s0.05,0.048621,0,1
data\val\real\000000049269.jpg,0,real,noise_s0.05,0.086378,0,1
data\val\real\000000049759.jpg,0,real,noise_s0.05,0.166458,0,1
data\val\real\000000049761.jpg,0,real,noise_s0.05,0.025710,0,1
data\val\real\000000049810.jpg,0,real,noise_s0.05,0.047712,0,1
data\val\real\000000050006.jpg,0,real,noise_s0.05,0.156888,0,1
data\val\real\000000050145.jpg,0,real,noise_s0.05,0.005638,0,1
data\val\real\000000050149.jpg,0,real,noise_s0.05,0.031025,0,1
data\val\real\000000050165.jpg,0,real,noise_s0.05,0.548817,1,0
data\val\real\000000050326.jpg,0,real,noise_s0.05,0.002914,0,1
data\val\real\000000050331.jpg,0,real,noise_s0.05,0.057801,0,1
data\val\real\000000050380.jpg,0,real,noise_s0.05,0.017025,0,1
data\val\real\000000050638.jpg,0,real,noise_s0.05,0.461085,0,1
data\val\real\000000050679.jpg,0,real,noise_s0.05,0.452024,0,1
data\val\real\000000050811.jpg,0,real,noise_s0.05,0.001266,0,1
data\val\real\000000050828.jpg,0,real,noise_s0.05,0.153085,0,1
data\val\real\000000050844.jpg,0,real,noise_s0.05,0.038141,0,1
data\val\real\000000050896.jpg,0,real,noise_s0.05,0.242467,0,1
data\val\real\000000050943.jpg,0,real,noise_s0.05,0.081589,0,1
data\val\real\000000051008.jpg,0,real,noise_s0.05,0.011587,0,1
data\val\real\000000051309.jpg,0,real,noise_s0.05,0.073488,0,1
data\val\real\000000051314.jpg,0,real,noise_s0.05,0.176107,0,1
data\val\real\000000051326.jpg,0,real,noise_s0.05,0.045720,0,1
data\val\real\000000051598.jpg,0,real,noise_s0.05,0.126900,0,1
data\val\real\000000051610.jpg,0,real,noise_s0.05,0.252475,0,1
data\val\real\000000051712.jpg,0,real,noise_s0.05,0.120369,0,1
data\val\real\000000051738.jpg,0,real,noise_s0.05,0.332773,0,1
data\val\real\000000051938.jpg,0,real,noise_s0.05,0.014779,0,1
data\val\real\000000051961.jpg,0,real,noise_s0.05,0.100775,0,1
data\val\real\000000051976.jpg,0,real,noise_s0.05,0.088566,0,1
data\val\real\000000052007.jpg,0,real,noise_s0.05,0.463319,0,1
data\val\real\000000052017.jpg,0,real,noise_s0.05,0.050298,0,1
data\val\real\000000052412.jpg,0,real,noise_s0.05,0.146863,0,1
data\val\real\000000052413.jpg,0,real,noise_s0.05,0.003965,0,1
data\val\real\000000052462.jpg,0,real,noise_s0.05,0.308792,0,1
data\val\real\000000052507.jpg,0,real,noise_s0.05,0.188756,0,1
data\val\real\000000052565.jpg,0,real,noise_s0.05,0.125898,0,1
data\val\real\000000052591.jpg,0,real,noise_s0.05,0.055938,0,1
data\val\real\000000052891.jpg,0,real,noise_s0.05,0.025859,0,1
data\val\real\000000052996.jpg,0,real,noise_s0.05,0.014713,0,1
data\val\real\000000053505.jpg,0,real,noise_s0.05,0.459329,0,1
data\val\real\000000053529.jpg,0,real,noise_s0.05,0.028774,0,1
data\val\real\000000053624.jpg,0,real,noise_s0.05,0.064036,0,1
data\val\real\000000053626.jpg,0,real,noise_s0.05,0.004406,0,1
data\val\real\000000053909.jpg,0,real,noise_s0.05,0.123965,0,1
data\val\real\000000053994.jpg,0,real,noise_s0.05,0.229246,0,1
data\val\real\000000054123.jpg,0,real,noise_s0.05,0.154161,0,1
data\val\real\000000054164.jpg,0,real,noise_s0.05,0.048721,0,1
data\val\real\000000054592.jpg,0,real,noise_s0.05,0.054421,0,1
data\val\real\000000054593.jpg,0,real,noise_s0.05,0.016017,0,1
data\val\real\000000054605.jpg,0,real,noise_s0.05,0.042332,0,1
data\val\real\000000054628.jpg,0,real,noise_s0.05,0.017364,0,1
data\val\real\000000054654.jpg,0,real,noise_s0.05,0.008301,0,1
data\val\real\000000054931.jpg,0,real,noise_s0.05,0.462627,0,1
data\val\real\000000054967.jpg,0,real,noise_s0.05,0.310972,0,1
data\val\real\000000055002.jpg,0,real,noise_s0.05,0.183502,0,1
data\val\real\000000055022.jpg,0,real,noise_s0.05,0.074445,0,1
data\val\real\000000055072.jpg,0,real,noise_s0.05,0.160400,0,1
data\val\real\000000055150.jpg,0,real,noise_s0.05,0.017583,0,1
data\val\real\000000055167.jpg,0,real,noise_s0.05,0.031886,0,1
data\val\real\000000055299.jpg,0,real,noise_s0.05,0.073034,0,1
data\val\real\000000055528.jpg,0,real,noise_s0.05,0.004971,0,1
data\val\real\000000055950.jpg,0,real,noise_s0.05,0.047979,0,1
data\val\real\000000056127.jpg,0,real,noise_s0.05,0.477061,0,1
data\val\real\000000056288.jpg,0,real,noise_s0.05,0.088293,0,1
data\val\real\000000056344.jpg,0,real,noise_s0.05,0.526695,1,0
data\val\real\000000056350.jpg,0,real,noise_s0.05,0.231320,0,1
data\val\real\000000056545.jpg,0,real,noise_s0.05,0.010187,0,1
data\val\ai\ai_000001.png,1,ai,noise_s0.05,0.942222,1,1
data\val\ai\ai_000002.png,1,ai,noise_s0.05,0.972160,1,1
data\val\ai\ai_000003.png,1,ai,noise_s0.05,0.975913,1,1
data\val\ai\ai_000004.png,1,ai,noise_s0.05,0.951155,1,1
data\val\ai\ai_000005.png,1,ai,noise_s0.05,0.977091,1,1
data\val\ai\ai_000006.png,1,ai,noise_s0.05,0.643828,1,1
data\val\ai\ai_000007.png,1,ai,noise_s0.05,0.991612,1,1
data\val\ai\ai_000008.png,1,ai,noise_s0.05,0.922378,1,1
data\val\ai\ai_000009.png,1,ai,noise_s0.05,0.988160,1,1
data\val\ai\ai_000010.png,1,ai,noise_s0.05,0.982598,1,1
data\val\ai\ai_000011.png,1,ai,noise_s0.05,0.928209,1,1
data\val\ai\ai_000012.png,1,ai,noise_s0.05,0.991712,1,1
data\val\ai\ai_000013.png,1,ai,noise_s0.05,0.981590,1,1
data\val\ai\ai_000014.png,1,ai,noise_s0.05,0.992519,1,1
data\val\ai\ai_000015.png,1,ai,noise_s0.05,0.987340,1,1
data\val\ai\ai_000016.png,1,ai,noise_s0.05,0.874551,1,1
data\val\ai\ai_000017.png,1,ai,noise_s0.05,0.902905,1,1
data\val\ai\ai_000018.png,1,ai,noise_s0.05,0.970999,1,1
data\val\ai\ai_000019.png,1,ai,noise_s0.05,0.802438,1,1
data\val\ai\ai_000020.png,1,ai,noise_s0.05,0.973653,1,1
data\val\ai\ai_000021.png,1,ai,noise_s0.05,0.998497,1,1
data\val\ai\ai_000022.png,1,ai,noise_s0.05,0.432597,0,0
data\val\ai\ai_000023.png,1,ai,noise_s0.05,0.880392,1,1
data\val\ai\ai_000024.png,1,ai,noise_s0.05,0.952957,1,1
data\val\ai\ai_000025.png,1,ai,noise_s0.05,0.954261,1,1
data\val\ai\ai_000026.png,1,ai,noise_s0.05,0.586795,1,1
data\val\ai\ai_000027.png,1,ai,noise_s0.05,0.855393,1,1
data\val\ai\ai_000028.png,1,ai,noise_s0.05,0.986203,1,1
data\val\ai\ai_000029.png,1,ai,noise_s0.05,0.993141,1,1
data\val\ai\ai_000030.png,1,ai,noise_s0.05,0.706913,1,1
data\val\ai\ai_000031.png,1,ai,noise_s0.05,0.730519,1,1
data\val\ai\ai_000032.png,1,ai,noise_s0.05,0.974227,1,1
data\val\ai\ai_000033.png,1,ai,noise_s0.05,0.974278,1,1
data\val\ai\ai_000034.png,1,ai,noise_s0.05,0.994936,1,1
data\val\ai\ai_000035.png,1,ai,noise_s0.05,0.994147,1,1
data\val\ai\ai_000036.png,1,ai,noise_s0.05,0.993184,1,1
data\val\ai\ai_000037.png,1,ai,noise_s0.05,0.967579,1,1
data\val\ai\ai_000038.png,1,ai,noise_s0.05,0.871185,1,1
data\val\ai\ai_000039.png,1,ai,noise_s0.05,0.990587,1,1
data\val\ai\ai_000040.png,1,ai,noise_s0.05,0.392237,0,0
data\val\ai\ai_000041.png,1,ai,noise_s0.05,0.999417,1,1
data\val\ai\ai_000042.png,1,ai,noise_s0.05,0.998630,1,1
data\val\ai\ai_000043.png,1,ai,noise_s0.05,0.997410,1,1
data\val\ai\ai_000044.png,1,ai,noise_s0.05,0.851266,1,1
data\val\ai\ai_000045.png,1,ai,noise_s0.05,0.997249,1,1
data\val\ai\ai_000046.png,1,ai,noise_s0.05,0.790447,1,1
data\val\ai\ai_000047.png,1,ai,noise_s0.05,0.975552,1,1
data\val\ai\ai_000048.png,1,ai,noise_s0.05,0.879987,1,1
data\val\ai\ai_000049.png,1,ai,noise_s0.05,0.821964,1,1
data\val\ai\ai_000050.png,1,ai,noise_s0.05,0.931366,1,1
data\val\ai\ai_000051.png,1,ai,noise_s0.05,0.980683,1,1
data\val\ai\ai_000052.png,1,ai,noise_s0.05,0.989100,1,1
data\val\ai\ai_000053.png,1,ai,noise_s0.05,0.978472,1,1
data\val\ai\ai_000054.png,1,ai,noise_s0.05,0.981474,1,1
data\val\ai\ai_000055.png,1,ai,noise_s0.05,0.726916,1,1
data\val\ai\ai_000056.png,1,ai,noise_s0.05,0.905342,1,1
data\val\ai\ai_000057.png,1,ai,noise_s0.05,0.984391,1,1
data\val\ai\ai_000058.png,1,ai,noise_s0.05,0.469269,0,0
data\val\ai\ai_000059.png,1,ai,noise_s0.05,0.971985,1,1
data\val\ai\ai_000060.png,1,ai,noise_s0.05,0.919050,1,1
data\val\ai\ai_000061.png,1,ai,noise_s0.05,0.975846,1,1
data\val\ai\ai_000062.png,1,ai,noise_s0.05,0.990460,1,1
data\val\ai\ai_000063.png,1,ai,noise_s0.05,0.977947,1,1
data\val\ai\ai_000064.png,1,ai,noise_s0.05,0.791753,1,1
data\val\ai\ai_000065.png,1,ai,noise_s0.05,0.901371,1,1
data\val\ai\ai_000066.png,1,ai,noise_s0.05,0.898393,1,1
data\val\ai\ai_000067.png,1,ai,noise_s0.05,0.996219,1,1
data\val\ai\ai_000068.png,1,ai,noise_s0.05,0.748915,1,1
data\val\ai\ai_000069.png,1,ai,noise_s0.05,0.997913,1,1
data\val\ai\ai_000070.png,1,ai,noise_s0.05,0.904553,1,1
data\val\ai\ai_000071.png,1,ai,noise_s0.05,0.999406,1,1
data\val\ai\ai_000072.png,1,ai,noise_s0.05,0.761737,1,1
data\val\ai\ai_000073.png,1,ai,noise_s0.05,0.996188,1,1
data\val\ai\ai_000074.png,1,ai,noise_s0.05,0.988430,1,1
data\val\ai\ai_000075.png,1,ai,noise_s0.05,0.997804,1,1
data\val\ai\ai_000076.png,1,ai,noise_s0.05,0.900484,1,1
data\val\ai\ai_000077.png,1,ai,noise_s0.05,0.969088,1,1
data\val\ai\ai_000078.png,1,ai,noise_s0.05,0.418588,0,0
data\val\ai\ai_000079.png,1,ai,noise_s0.05,0.886663,1,1
data\val\ai\ai_000080.png,1,ai,noise_s0.05,0.860140,1,1
data\val\ai\ai_000081.png,1,ai,noise_s0.05,0.995312,1,1
data\val\ai\ai_000082.png,1,ai,noise_s0.05,0.995864,1,1
data\val\ai\ai_000083.png,1,ai,noise_s0.05,0.995034,1,1
data\val\ai\ai_000084.png,1,ai,noise_s0.05,0.976110,1,1
data\val\ai\ai_000085.png,1,ai,noise_s0.05,0.946485,1,1
data\val\ai\ai_000086.png,1,ai,noise_s0.05,0.678314,1,1
data\val\ai\ai_000087.png,1,ai,noise_s0.05,0.979829,1,1
data\val\ai\ai_000088.png,1,ai,noise_s0.05,0.858842,1,1
data\val\ai\ai_000089.png,1,ai,noise_s0.05,0.957759,1,1
data\val\ai\ai_000090.png,1,ai,noise_s0.05,0.937526,1,1
data\val\ai\ai_000091.png,1,ai,noise_s0.05,0.971574,1,1
data\val\ai\ai_000092.png,1,ai,noise_s0.05,0.996942,1,1
data\val\ai\ai_000093.png,1,ai,noise_s0.05,0.997006,1,1
data\val\ai\ai_000094.png,1,ai,noise_s0.05,0.994428,1,1
data\val\ai\ai_000095.png,1,ai,noise_s0.05,0.995691,1,1
data\val\ai\ai_000096.png,1,ai,noise_s0.05,0.984193,1,1
data\val\ai\ai_000097.png,1,ai,noise_s0.05,0.887114,1,1
data\val\ai\ai_000098.png,1,ai,noise_s0.05,0.710073,1,1
data\val\ai\ai_000099.png,1,ai,noise_s0.05,0.706740,1,1
data\val\ai\ai_000100.png,1,ai,noise_s0.05,0.988326,1,1
data\val\ai\ai_000101.png,1,ai,noise_s0.05,0.988353,1,1
data\val\ai\ai_000102.png,1,ai,noise_s0.05,0.894966,1,1
data\val\ai\ai_000103.png,1,ai,noise_s0.05,0.978315,1,1
data\val\ai\ai_000104.png,1,ai,noise_s0.05,0.988600,1,1
data\val\ai\ai_000105.png,1,ai,noise_s0.05,0.443999,0,0
data\val\ai\ai_000106.png,1,ai,noise_s0.05,0.567114,1,1
data\val\ai\ai_000107.png,1,ai,noise_s0.05,0.911354,1,1
data\val\ai\ai_000108.png,1,ai,noise_s0.05,0.989234,1,1
data\val\ai\ai_000109.png,1,ai,noise_s0.05,0.999193,1,1
data\val\ai\ai_000110.png,1,ai,noise_s0.05,0.975631,1,1
data\val\ai\ai_000111.png,1,ai,noise_s0.05,0.902959,1,1
data\val\ai\ai_000112.png,1,ai,noise_s0.05,0.790196,1,1
data\val\ai\ai_000113.png,1,ai,noise_s0.05,0.977933,1,1
data\val\ai\ai_000114.png,1,ai,noise_s0.05,0.964650,1,1
data\val\ai\ai_000115.png,1,ai,noise_s0.05,0.962331,1,1
data\val\ai\ai_000116.png,1,ai,noise_s0.05,0.744688,1,1
data\val\ai\ai_000117.png,1,ai,noise_s0.05,0.971683,1,1
data\val\ai\ai_000118.png,1,ai,noise_s0.05,0.974906,1,1
data\val\ai\ai_000119.png,1,ai,noise_s0.05,0.964918,1,1
data\val\ai\ai_000120.png,1,ai,noise_s0.05,0.777469,1,1
data\val\ai\ai_000121.png,1,ai,noise_s0.05,0.998455,1,1
data\val\ai\ai_000122.png,1,ai,noise_s0.05,0.946570,1,1
data\val\ai\ai_000123.png,1,ai,noise_s0.05,0.950220,1,1
data\val\ai\ai_000124.png,1,ai,noise_s0.05,0.790070,1,1
data\val\ai\ai_000125.png,1,ai,noise_s0.05,0.994432,1,1
data\val\ai\ai_000126.png,1,ai,noise_s0.05,0.942897,1,1
data\val\ai\ai_000127.png,1,ai,noise_s0.05,0.982323,1,1
data\val\ai\ai_000128.png,1,ai,noise_s0.05,0.876792,1,1
data\val\ai\ai_000129.png,1,ai,noise_s0.05,0.988937,1,1
data\val\ai\ai_000130.png,1,ai,noise_s0.05,0.592616,1,1
data\val\ai\ai_000131.png,1,ai,noise_s0.05,0.995623,1,1
data\val\ai\ai_000132.png,1,ai,noise_s0.05,0.841005,1,1
data\val\ai\ai_000133.png,1,ai,noise_s0.05,0.993923,1,1
data\val\ai\ai_000134.png,1,ai,noise_s0.05,0.980287,1,1
data\val\ai\ai_000135.png,1,ai,noise_s0.05,0.998664,1,1
data\val\ai\ai_000136.png,1,ai,noise_s0.05,0.893188,1,1
data\val\ai\ai_000137.png,1,ai,noise_s0.05,0.944470,1,1
data\val\ai\ai_000138.png,1,ai,noise_s0.05,0.886828,1,1
data\val\ai\ai_000139.png,1,ai,noise_s0.05,0.987315,1,1
data\val\ai\ai_000140.png,1,ai,noise_s0.05,0.887268,1,1
data\val\ai\ai_000141.png,1,ai,noise_s0.05,0.996994,1,1
data\val\ai\ai_000142.png,1,ai,noise_s0.05,0.949728,1,1
data\val\ai\ai_000143.png,1,ai,noise_s0.05,0.991735,1,1
data\val\ai\ai_000144.png,1,ai,noise_s0.05,0.986458,1,1
data\val\ai\ai_000145.png,1,ai,noise_s0.05,0.993318,1,1
data\val\ai\ai_000146.png,1,ai,noise_s0.05,0.987498,1,1
data\val\ai\ai_000147.png,1,ai,noise_s0.05,0.972312,1,1
data\val\ai\ai_000148.png,1,ai,noise_s0.05,0.213853,0,0
data\val\ai\ai_000149.png,1,ai,noise_s0.05,0.992222,1,1
data\val\ai\ai_000150.png,1,ai,noise_s0.05,0.451637,0,0
data\val\ai\ai_000151.png,1,ai,noise_s0.05,0.827558,1,1
data\val\ai\ai_000152.png,1,ai,noise_s0.05,0.866037,1,1
data\val\ai\ai_000153.png,1,ai,noise_s0.05,0.995531,1,1
data\val\ai\ai_000154.png,1,ai,noise_s0.05,0.978892,1,1
data\val\ai\ai_000155.png,1,ai,noise_s0.05,0.987585,1,1
data\val\ai\ai_000156.png,1,ai,noise_s0.05,0.530958,1,1
data\val\ai\ai_000157.png,1,ai,noise_s0.05,0.976156,1,1
data\val\ai\ai_000158.png,1,ai,noise_s0.05,0.428639,0,0
data\val\ai\ai_000159.png,1,ai,noise_s0.05,0.991128,1,1
data\val\ai\ai_000160.png,1,ai,noise_s0.05,0.156838,0,0
data\val\ai\ai_000161.png,1,ai,noise_s0.05,0.975758,1,1
data\val\ai\ai_000162.png,1,ai,noise_s0.05,0.970197,1,1
data\val\ai\ai_000163.png,1,ai,noise_s0.05,0.997791,1,1
data\val\ai\ai_000164.png,1,ai,noise_s0.05,0.990386,1,1
data\val\ai\ai_000165.png,1,ai,noise_s0.05,0.998020,1,1
data\val\ai\ai_000166.png,1,ai,noise_s0.05,0.967031,1,1
data\val\ai\ai_000167.png,1,ai,noise_s0.05,0.917926,1,1
data\val\ai\ai_000168.png,1,ai,noise_s0.05,0.574665,1,1
data\val\ai\ai_000169.png,1,ai,noise_s0.05,0.980686,1,1
data\val\ai\ai_000170.png,1,ai,noise_s0.05,0.942378,1,1
data\val\ai\ai_000171.png,1,ai,noise_s0.05,0.996529,1,1
data\val\ai\ai_000172.png,1,ai,noise_s0.05,0.989288,1,1
data\val\ai\ai_000173.png,1,ai,noise_s0.05,0.946118,1,1
data\val\ai\ai_000174.png,1,ai,noise_s0.05,0.999595,1,1
data\val\ai\ai_000175.png,1,ai,noise_s0.05,0.977669,1,1
data\val\ai\ai_000176.png,1,ai,noise_s0.05,0.982437,1,1
data\val\ai\ai_000177.png,1,ai,noise_s0.05,0.866469,1,1
data\val\ai\ai_000178.png,1,ai,noise_s0.05,0.516603,1,1
data\val\ai\ai_000179.png,1,ai,noise_s0.05,0.996696,1,1
data\val\ai\ai_000180.png,1,ai,noise_s0.05,0.886458,1,1
data\val\ai\ai_000181.png,1,ai,noise_s0.05,0.980117,1,1
data\val\ai\ai_000182.png,1,ai,noise_s0.05,0.940904,1,1
data\val\ai\ai_000183.png,1,ai,noise_s0.05,0.958730,1,1
data\val\ai\ai_000184.png,1,ai,noise_s0.05,0.994383,1,1
data\val\ai\ai_000185.png,1,ai,noise_s0.05,0.964366,1,1
data\val\ai\ai_000186.png,1,ai,noise_s0.05,0.739973,1,1
data\val\ai\ai_000187.png,1,ai,noise_s0.05,0.952620,1,1
data\val\ai\ai_000188.png,1,ai,noise_s0.05,0.551903,1,1
data\val\ai\ai_000189.png,1,ai,noise_s0.05,0.994011,1,1
data\val\ai\ai_000190.png,1,ai,noise_s0.05,0.912873,1,1
data\val\ai\ai_000191.png,1,ai,noise_s0.05,0.752696,1,1
data\val\ai\ai_000192.png,1,ai,noise_s0.05,0.995787,1,1
data\val\ai\ai_000193.png,1,ai,noise_s0.05,0.994965,1,1
data\val\ai\ai_000194.png,1,ai,noise_s0.05,0.977589,1,1
data\val\ai\ai_000195.png,1,ai,noise_s0.05,0.984836,1,1
data\val\ai\ai_000196.png,1,ai,noise_s0.05,0.985707,1,1
data\val\ai\ai_000197.png,1,ai,noise_s0.05,0.857328,1,1
data\val\ai\ai_000198.png,1,ai,noise_s0.05,0.937071,1,1
data\val\ai\ai_000199.png,1,ai,noise_s0.05,0.938353,1,1
data\val\ai\ai_000200.png,1,ai,noise_s0.05,0.948792,1,1
data\val\ai\ai_000201.png,1,ai,noise_s0.05,0.978790,1,1
data\val\ai\ai_000202.png,1,ai,noise_s0.05,0.739901,1,1
data\val\ai\ai_000203.png,1,ai,noise_s0.05,0.991489,1,1
data\val\ai\ai_000204.png,1,ai,noise_s0.05,0.988488,1,1
data\val\ai\ai_000205.png,1,ai,noise_s0.05,0.982579,1,1
data\val\ai\ai_000206.png,1,ai,noise_s0.05,0.998622,1,1
data\val\ai\ai_000207.png,1,ai,noise_s0.05,0.968826,1,1
data\val\ai\ai_000208.png,1,ai,noise_s0.05,0.920950,1,1
data\val\ai\ai_000209.png,1,ai,noise_s0.05,0.998597,1,1
data\val\ai\ai_000210.png,1,ai,noise_s0.05,0.906786,1,1
data\val\ai\ai_000211.png,1,ai,noise_s0.05,0.982596,1,1
data\val\ai\ai_000212.png,1,ai,noise_s0.05,0.998535,1,1
data\val\ai\ai_000213.png,1,ai,noise_s0.05,0.940664,1,1
data\val\ai\ai_000214.png,1,ai,noise_s0.05,0.998903,1,1
data\val\ai\ai_000215.png,1,ai,noise_s0.05,0.987388,1,1
data\val\ai\ai_000216.png,1,ai,noise_s0.05,0.960544,1,1
data\val\ai\ai_000217.png,1,ai,noise_s0.05,0.741764,1,1
data\val\ai\ai_000218.png,1,ai,noise_s0.05,0.745587,1,1
data\val\ai\ai_000219.png,1,ai,noise_s0.05,0.937940,1,1
data\val\ai\ai_000220.png,1,ai,noise_s0.05,0.313121,0,0
data\val\ai\ai_000221.png,1,ai,noise_s0.05,0.964434,1,1
data\val\ai\ai_000222.png,1,ai,noise_s0.05,0.934985,1,1
data\val\ai\ai_000223.png,1,ai,noise_s0.05,0.985335,1,1
data\val\ai\ai_000224.png,1,ai,noise_s0.05,0.914590,1,1
data\val\ai\ai_000225.png,1,ai,noise_s0.05,0.973723,1,1
data\val\ai\ai_000226.png,1,ai,noise_s0.05,0.971752,1,1
data\val\ai\ai_000227.png,1,ai,noise_s0.05,0.919339,1,1
data\val\ai\ai_000228.png,1,ai,noise_s0.05,0.071503,0,0
data\val\ai\ai_000229.png,1,ai,noise_s0.05,0.985486,1,1
data\val\ai\ai_000230.png,1,ai,noise_s0.05,0.817956,1,1
data\val\ai\ai_000231.png,1,ai,noise_s0.05,0.999219,1,1
data\val\ai\ai_000232.png,1,ai,noise_s0.05,0.885586,1,1
data\val\ai\ai_000233.png,1,ai,noise_s0.05,0.965855,1,1
data\val\ai\ai_000234.png,1,ai,noise_s0.05,0.998873,1,1
data\val\ai\ai_000235.png,1,ai,noise_s0.05,0.993451,1,1
data\val\ai\ai_000236.png,1,ai,noise_s0.05,0.834720,1,1
data\val\ai\ai_000237.png,1,ai,noise_s0.05,0.948284,1,1
data\val\ai\ai_000238.png,1,ai,noise_s0.05,0.884500,1,1
data\val\ai\ai_000239.png,1,ai,noise_s0.05,0.755842,1,1
data\val\ai\ai_000240.png,1,ai,noise_s0.05,0.846925,1,1
data\val\ai\ai_000241.png,1,ai,noise_s0.05,0.991007,1,1
data\val\ai\ai_000242.png,1,ai,noise_s0.05,0.995093,1,1
data\val\ai\ai_000243.png,1,ai,noise_s0.05,0.932171,1,1
data\val\ai\ai_000244.png,1,ai,noise_s0.05,0.996624,1,1
data\val\ai\ai_000245.png,1,ai,noise_s0.05,0.867054,1,1
data\val\ai\ai_000246.png,1,ai,noise_s0.05,0.989794,1,1
data\val\ai\ai_000247.png,1,ai,noise_s0.05,0.976206,1,1
data\val\ai\ai_000248.png,1,ai,noise_s0.05,0.982842,1,1
data\val\ai\ai_000249.png,1,ai,noise_s0.05,0.986146,1,1
data\val\ai\ai_000250.png,1,ai,noise_s0.05,0.341528,0,0
data\val\ai\ai_000251.png,1,ai,noise_s0.05,0.988485,1,1
data\val\ai\ai_000252.png,1,ai,noise_s0.05,0.963785,1,1
data\val\ai\ai_000253.png,1,ai,noise_s0.05,0.970899,1,1
data\val\ai\ai_000254.png,1,ai,noise_s0.05,0.949659,1,1
data\val\ai\ai_000255.png,1,ai,noise_s0.05,0.689903,1,1
data\val\ai\ai_000256.png,1,ai,noise_s0.05,0.585370,1,1
data\val\ai\ai_000257.png,1,ai,noise_s0.05,0.940107,1,1
data\val\ai\ai_000258.png,1,ai,noise_s0.05,0.725110,1,1
data\val\ai\ai_000259.png,1,ai,noise_s0.05,0.990738,1,1
data\val\ai\ai_000260.png,1,ai,noise_s0.05,0.709253,1,1
data\val\ai\ai_000261.png,1,ai,noise_s0.05,0.966961,1,1
data\val\ai\ai_000262.png,1,ai,noise_s0.05,0.993121,1,1
data\val\ai\ai_000263.png,1,ai,noise_s0.05,0.991828,1,1
data\val\ai\ai_000264.png,1,ai,noise_s0.05,0.999030,1,1
data\val\ai\ai_000265.png,1,ai,noise_s0.05,0.983987,1,1
data\val\ai\ai_000266.png,1,ai,noise_s0.05,0.954479,1,1
data\val\ai\ai_000267.png,1,ai,noise_s0.05,0.962402,1,1
data\val\ai\ai_000268.png,1,ai,noise_s0.05,0.939289,1,1
data\val\ai\ai_000269.png,1,ai,noise_s0.05,0.994883,1,1
data\val\ai\ai_000270.png,1,ai,noise_s0.05,0.820496,1,1
data\val\ai\ai_000271.png,1,ai,noise_s0.05,0.997376,1,1
data\val\ai\ai_000272.png,1,ai,noise_s0.05,0.997309,1,1
data\val\ai\ai_000273.png,1,ai,noise_s0.05,0.991669,1,1
data\val\ai\ai_000274.png,1,ai,noise_s0.05,0.931324,1,1
data\val\ai\ai_000275.png,1,ai,noise_s0.05,0.987193,1,1
data\val\ai\ai_000276.png,1,ai,noise_s0.05,0.988346,1,1
data\val\ai\ai_000277.png,1,ai,noise_s0.05,0.836122,1,1
data\val\ai\ai_000278.png,1,ai,noise_s0.05,0.991788,1,1
data\val\ai\ai_000279.png,1,ai,noise_s0.05,0.991684,1,1
data\val\ai\ai_000280.png,1,ai,noise_s0.05,0.891095,1,1
data\val\ai\ai_000281.png,1,ai,noise_s0.05,0.974964,1,1
data\val\ai\ai_000282.png,1,ai,noise_s0.05,0.817870,1,1
data\val\ai\ai_000283.png,1,ai,noise_s0.05,0.987233,1,1
data\val\ai\ai_000284.png,1,ai,noise_s0.05,0.972887,1,1
data\val\ai\ai_000285.png,1,ai,noise_s0.05,0.996801,1,1
data\val\ai\ai_000286.png,1,ai,noise_s0.05,0.972499,1,1
data\val\ai\ai_000287.png,1,ai,noise_s0.05,0.973578,1,1
data\val\ai\ai_000288.png,1,ai,noise_s0.05,0.160350,0,0
data\val\ai\ai_000289.png,1,ai,noise_s0.05,0.990269,1,1
data\val\ai\ai_000290.png,1,ai,noise_s0.05,0.898823,1,1
data\val\ai\ai_000291.png,1,ai,noise_s0.05,0.992595,1,1
data\val\ai\ai_000292.png,1,ai,noise_s0.05,0.994286,1,1
data\val\ai\ai_000293.png,1,ai,noise_s0.05,0.311112,0,0
data\val\ai\ai_000294.png,1,ai,noise_s0.05,0.988433,1,1
data\val\ai\ai_000295.png,1,ai,noise_s0.05,0.986295,1,1
data\val\ai\ai_000296.png,1,ai,noise_s0.05,0.998638,1,1
data\val\ai\ai_000297.png,1,ai,noise_s0.05,0.984013,1,1
data\val\ai\ai_000298.png,1,ai,noise_s0.05,0.954708,1,1
data\val\ai\ai_000299.png,1,ai,noise_s0.05,0.961111,1,1
data\val\ai\ai_000300.png,1,ai,noise_s0.05,0.664543,1,1
data\val\ai\ai_000301.png,1,ai,noise_s0.05,0.734941,1,1
data\val\ai\ai_000302.png,1,ai,noise_s0.05,0.602371,1,1
data\val\ai\ai_000303.png,1,ai,noise_s0.05,0.936634,1,1
data\val\ai\ai_000304.png,1,ai,noise_s0.05,0.982034,1,1
data\val\ai\ai_000305.png,1,ai,noise_s0.05,0.950108,1,1
data\val\ai\ai_000306.png,1,ai,noise_s0.05,0.980397,1,1
data\val\ai\ai_000307.png,1,ai,noise_s0.05,0.896009,1,1
data\val\ai\ai_000308.png,1,ai,noise_s0.05,0.747137,1,1
data\val\ai\ai_000309.png,1,ai,noise_s0.05,0.914672,1,1
data\val\ai\ai_000310.png,1,ai,noise_s0.05,0.876123,1,1
data\val\ai\ai_000311.png,1,ai,noise_s0.05,0.785355,1,1
data\val\ai\ai_000312.png,1,ai,noise_s0.05,0.968190,1,1
data\val\ai\ai_000313.png,1,ai,noise_s0.05,0.667761,1,1
data\val\ai\ai_000314.png,1,ai,noise_s0.05,0.975881,1,1
data\val\ai\ai_000315.png,1,ai,noise_s0.05,0.992379,1,1
data\val\ai\ai_000316.png,1,ai,noise_s0.05,0.991118,1,1
data\val\ai\ai_000317.png,1,ai,noise_s0.05,0.990888,1,1
data\val\ai\ai_000318.png,1,ai,noise_s0.05,0.039889,0,0
data\val\ai\ai_000319.png,1,ai,noise_s0.05,0.977108,1,1
data\val\ai\ai_000320.png,1,ai,noise_s0.05,0.960363,1,1
data\val\ai\ai_000321.png,1,ai,noise_s0.05,0.997034,1,1
data\val\ai\ai_000322.png,1,ai,noise_s0.05,0.871414,1,1
data\val\ai\ai_000323.png,1,ai,noise_s0.05,0.997431,1,1
data\val\ai\ai_000324.png,1,ai,noise_s0.05,0.996817,1,1
data\val\ai\ai_000325.png,1,ai,noise_s0.05,0.962760,1,1
data\val\ai\ai_000326.png,1,ai,noise_s0.05,0.996405,1,1
data\val\ai\ai_000327.png,1,ai,noise_s0.05,0.996701,1,1
data\val\ai\ai_000328.png,1,ai,noise_s0.05,0.870969,1,1
data\val\ai\ai_000329.png,1,ai,noise_s0.05,0.983485,1,1
data\val\ai\ai_000330.png,1,ai,noise_s0.05,0.890517,1,1
data\val\ai\ai_000331.png,1,ai,noise_s0.05,0.970900,1,1
data\val\ai\ai_000332.png,1,ai,noise_s0.05,0.456304,0,0
data\val\ai\ai_000333.png,1,ai,noise_s0.05,0.977359,1,1
data\val\ai\ai_000334.png,1,ai,noise_s0.05,0.934284,1,1
data\val\ai\ai_000335.png,1,ai,noise_s0.05,0.987505,1,1
data\val\ai\ai_000336.png,1,ai,noise_s0.05,0.446800,0,0
data\val\ai\ai_000337.png,1,ai,noise_s0.05,0.997067,1,1
data\val\ai\ai_000338.png,1,ai,noise_s0.05,0.309420,0,0
data\val\ai\ai_000339.png,1,ai,noise_s0.05,0.997829,1,1
data\val\ai\ai_000340.png,1,ai,noise_s0.05,0.937129,1,1
data\val\ai\ai_000341.png,1,ai,noise_s0.05,0.966408,1,1
data\val\ai\ai_000342.png,1,ai,noise_s0.05,0.655568,1,1
data\val\ai\ai_000343.png,1,ai,noise_s0.05,0.937600,1,1
data\val\ai\ai_000344.png,1,ai,noise_s0.05,0.963938,1,1
data\val\ai\ai_000345.png,1,ai,noise_s0.05,0.962300,1,1
data\val\ai\ai_000346.png,1,ai,noise_s0.05,0.995520,1,1
data\val\ai\ai_000347.png,1,ai,noise_s0.05,0.972011,1,1
data\val\ai\ai_000348.png,1,ai,noise_s0.05,0.720091,1,1
data\val\ai\ai_000349.png,1,ai,noise_s0.05,0.999418,1,1
data\val\ai\ai_000350.png,1,ai,noise_s0.05,0.677185,1,1
data\val\ai\ai_000351.png,1,ai,noise_s0.05,0.993636,1,1
data\val\ai\ai_000352.png,1,ai,noise_s0.05,0.679714,1,1
data\val\ai\ai_000353.png,1,ai,noise_s0.05,0.972794,1,1
data\val\ai\ai_000354.png,1,ai,noise_s0.05,0.999215,1,1
data\val\ai\ai_000355.png,1,ai,noise_s0.05,0.984690,1,1
data\val\ai\ai_000356.png,1,ai,noise_s0.05,0.732523,1,1
data\val\ai\ai_000357.png,1,ai,noise_s0.05,0.966772,1,1
data\val\ai\ai_000358.png,1,ai,noise_s0.05,0.332459,0,0
data\val\ai\ai_000359.png,1,ai,noise_s0.05,0.965584,1,1
data\val\ai\ai_000360.png,1,ai,noise_s0.05,0.886348,1,1
data\val\ai\ai_000361.png,1,ai,noise_s0.05,0.998001,1,1
data\val\ai\ai_000362.png,1,ai,noise_s0.05,0.813850,1,1
data\val\ai\ai_000363.png,1,ai,noise_s0.05,0.987670,1,1
data\val\ai\ai_000364.png,1,ai,noise_s0.05,0.997735,1,1
data\val\ai\ai_000365.png,1,ai,noise_s0.05,0.605538,1,1
data\val\ai\ai_000366.png,1,ai,noise_s0.05,0.750562,1,1
data\val\ai\ai_000367.png,1,ai,noise_s0.05,0.992435,1,1
data\val\ai\ai_000368.png,1,ai,noise_s0.05,0.397160,0,0
data\val\ai\ai_000369.png,1,ai,noise_s0.05,0.974180,1,1
data\val\ai\ai_000370.png,1,ai,noise_s0.05,0.421260,0,0
data\val\ai\ai_000371.png,1,ai,noise_s0.05,0.982645,1,1
data\val\ai\ai_000372.png,1,ai,noise_s0.05,0.889396,1,1
data\val\ai\ai_000373.png,1,ai,noise_s0.05,0.979227,1,1
data\val\ai\ai_000374.png,1,ai,noise_s0.05,0.998778,1,1
data\val\ai\ai_000375.png,1,ai,noise_s0.05,0.960204,1,1
data\val\ai\ai_000376.png,1,ai,noise_s0.05,0.612879,1,1
data\val\ai\ai_000377.png,1,ai,noise_s0.05,0.955112,1,1
data\val\ai\ai_000378.png,1,ai,noise_s0.05,0.977349,1,1
data\val\ai\ai_000379.png,1,ai,noise_s0.05,0.976475,1,1
data\val\ai\ai_000380.png,1,ai,noise_s0.05,0.779096,1,1
data\val\ai\ai_000381.png,1,ai,noise_s0.05,0.949889,1,1
data\val\ai\ai_000382.png,1,ai,noise_s0.05,0.319951,0,0
data\val\ai\ai_000383.png,1,ai,noise_s0.05,0.983347,1,1
data\val\ai\ai_000384.png,1,ai,noise_s0.05,0.928964,1,1
data\val\ai\ai_000385.png,1,ai,noise_s0.05,0.998450,1,1
data\val\ai\ai_000386.png,1,ai,noise_s0.05,0.861480,1,1
data\val\ai\ai_000387.png,1,ai,noise_s0.05,0.997158,1,1
data\val\ai\ai_000388.png,1,ai,noise_s0.05,0.974011,1,1
data\val\ai\ai_000389.png,1,ai,noise_s0.05,0.982469,1,1
data\val\ai\ai_000390.png,1,ai,noise_s0.05,0.952354,1,1
data\val\ai\ai_000391.png,1,ai,noise_s0.05,0.965466,1,1
data\val\ai\ai_000392.png,1,ai,noise_s0.05,0.828533,1,1
data\val\ai\ai_000393.png,1,ai,noise_s0.05,0.975179,1,1
data\val\ai\ai_000394.png,1,ai,noise_s0.05,0.989486,1,1
data\val\ai\ai_000395.png,1,ai,noise_s0.05,0.930490,1,1
data\val\ai\ai_000396.png,1,ai,noise_s0.05,0.873659,1,1
data\val\ai\ai_000397.png,1,ai,noise_s0.05,0.982327,1,1
data\val\ai\ai_000398.png,1,ai,noise_s0.05,0.695178,1,1
data\val\ai\ai_000399.png,1,ai,noise_s0.05,0.989993,1,1
data\val\ai\ai_000400.png,1,ai,noise_s0.05,0.385688,0,0
data\val\ai\ai_000401.png,1,ai,noise_s0.05,0.991681,1,1
data\val\ai\ai_000402.png,1,ai,noise_s0.05,0.988846,1,1
data\val\ai\ai_000403.png,1,ai,noise_s0.05,0.997721,1,1
data\val\ai\ai_000404.png,1,ai,noise_s0.05,0.988352,1,1
data\val\ai\ai_000405.png,1,ai,noise_s0.05,0.982165,1,1
data\val\ai\ai_000406.png,1,ai,noise_s0.05,0.983097,1,1
data\val\ai\ai_000407.png,1,ai,noise_s0.05,0.610146,1,1
data\val\ai\ai_000408.png,1,ai,noise_s0.05,0.962206,1,1
data\val\ai\ai_000409.png,1,ai,noise_s0.05,0.980436,1,1
data\val\ai\ai_000410.png,1,ai,noise_s0.05,0.674130,1,1
data\val\ai\ai_000411.png,1,ai,noise_s0.05,0.983456,1,1
data\val\ai\ai_000412.png,1,ai,noise_s0.05,0.982141,1,1
data\val\ai\ai_000413.png,1,ai,noise_s0.05,0.963472,1,1
data\val\ai\ai_000414.png,1,ai,noise_s0.05,0.998495,1,1
data\val\ai\ai_000415.png,1,ai,noise_s0.05,0.994641,1,1
data\val\ai\ai_000416.png,1,ai,noise_s0.05,0.705464,1,1
data\val\ai\ai_000417.png,1,ai,noise_s0.05,0.965563,1,1
data\val\ai\ai_000418.png,1,ai,noise_s0.05,0.243962,0,0
data\val\ai\ai_000419.png,1,ai,noise_s0.05,0.941062,1,1
data\val\ai\ai_000420.png,1,ai,noise_s0.05,0.855673,1,1
data\val\ai\ai_000421.png,1,ai,noise_s0.05,0.994992,1,1
data\val\ai\ai_000422.png,1,ai,noise_s0.05,0.438271,0,0
data\val\ai\ai_000423.png,1,ai,noise_s0.05,0.920031,1,1
data\val\ai\ai_000424.png,1,ai,noise_s0.05,0.999162,1,1
data\val\ai\ai_000425.png,1,ai,noise_s0.05,0.863115,1,1
data\val\ai\ai_000426.png,1,ai,noise_s0.05,0.828324,1,1
data\val\ai\ai_000427.png,1,ai,noise_s0.05,0.992705,1,1
data\val\ai\ai_000428.png,1,ai,noise_s0.05,0.979256,1,1
data\val\ai\ai_000429.png,1,ai,noise_s0.05,0.997682,1,1
data\val\ai\ai_000430.png,1,ai,noise_s0.05,0.936939,1,1
data\val\ai\ai_000431.png,1,ai,noise_s0.05,0.949154,1,1
data\val\ai\ai_000432.png,1,ai,noise_s0.05,0.998732,1,1
data\val\ai\ai_000433.png,1,ai,noise_s0.05,0.997104,1,1
data\val\ai\ai_000434.png,1,ai,noise_s0.05,0.984505,1,1
data\val\ai\ai_000435.png,1,ai,noise_s0.05,0.966260,1,1
data\val\ai\ai_000436.png,1,ai,noise_s0.05,0.991143,1,1
data\val\ai\ai_000437.png,1,ai,noise_s0.05,0.848241,1,1
data\val\ai\ai_000438.png,1,ai,noise_s0.05,0.979405,1,1
data\val\ai\ai_000439.png,1,ai,noise_s0.05,0.829352,1,1
data\val\ai\ai_000440.png,1,ai,noise_s0.05,0.905674,1,1
data\val\ai\ai_000441.png,1,ai,noise_s0.05,0.715682,1,1
data\val\ai\ai_000442.png,1,ai,noise_s0.05,0.978444,1,1
data\val\ai\ai_000443.png,1,ai,noise_s0.05,0.996572,1,1
data\val\ai\ai_000444.png,1,ai,noise_s0.05,0.997756,1,1
data\val\ai\ai_000445.png,1,ai,noise_s0.05,0.915781,1,1
data\val\ai\ai_000446.png,1,ai,noise_s0.05,0.970688,1,1
data\val\ai\ai_000447.png,1,ai,noise_s0.05,0.989134,1,1
data\val\ai\ai_000448.png,1,ai,noise_s0.05,0.150633,0,0
data\val\ai\ai_000449.png,1,ai,noise_s0.05,0.998740,1,1
data\val\ai\ai_000450.png,1,ai,noise_s0.05,0.975491,1,1
data\val\ai\ai_000451.png,1,ai,noise_s0.05,0.975275,1,1
data\val\ai\ai_000452.png,1,ai,noise_s0.05,0.953101,1,1
data\val\ai\ai_000453.png,1,ai,noise_s0.05,0.994560,1,1
data\val\ai\ai_000454.png,1,ai,noise_s0.05,0.933267,1,1
data\val\ai\ai_000455.png,1,ai,noise_s0.05,0.995346,1,1
data\val\ai\ai_000456.png,1,ai,noise_s0.05,0.933257,1,1
data\val\ai\ai_000457.png,1,ai,noise_s0.05,0.972046,1,1
data\val\ai\ai_000458.png,1,ai,noise_s0.05,0.938966,1,1
data\val\ai\ai_000459.png,1,ai,noise_s0.05,0.519363,1,1
data\val\ai\ai_000460.png,1,ai,noise_s0.05,0.794964,1,1
data\val\ai\ai_000461.png,1,ai,noise_s0.05,0.779402,1,1
data\val\ai\ai_000462.png,1,ai,noise_s0.05,0.966432,1,1
data\val\ai\ai_000463.png,1,ai,noise_s0.05,0.977944,1,1
data\val\ai\ai_000464.png,1,ai,noise_s0.05,0.991973,1,1
data\val\ai\ai_000465.png,1,ai,noise_s0.05,0.993801,1,1
data\val\ai\ai_000466.png,1,ai,noise_s0.05,0.554962,1,1
data\val\ai\ai_000467.png,1,ai,noise_s0.05,0.988021,1,1
data\val\ai\ai_000468.png,1,ai,noise_s0.05,0.691648,1,1
data\val\ai\ai_000469.png,1,ai,noise_s0.05,0.986848,1,1
data\val\ai\ai_000470.png,1,ai,noise_s0.05,0.679327,1,1
data\val\ai\ai_000471.png,1,ai,noise_s0.05,0.999299,1,1
data\val\ai\ai_000472.png,1,ai,noise_s0.05,0.964127,1,1
data\val\ai\ai_000473.png,1,ai,noise_s0.05,0.912297,1,1
data\val\ai\ai_000474.png,1,ai,noise_s0.05,0.979420,1,1
data\val\ai\ai_000475.png,1,ai,noise_s0.05,0.990335,1,1
data\val\ai\ai_000476.png,1,ai,noise_s0.05,0.940222,1,1
data\val\ai\ai_000477.png,1,ai,noise_s0.05,0.976771,1,1
data\val\ai\ai_000478.png,1,ai,noise_s0.05,0.948987,1,1
data\val\ai\ai_000479.png,1,ai,noise_s0.05,0.796067,1,1
data\val\ai\ai_000480.png,1,ai,noise_s0.05,0.866802,1,1
data\val\ai\ai_000481.png,1,ai,noise_s0.05,0.991106,1,1
data\val\ai\ai_000482.png,1,ai,noise_s0.05,0.800168,1,1
data\val\ai\ai_000483.png,1,ai,noise_s0.05,0.990024,1,1
data\val\ai\ai_000484.png,1,ai,noise_s0.05,0.968176,1,1
data\val\ai\ai_000485.png,1,ai,noise_s0.05,0.980316,1,1
data\val\ai\ai_000486.png,1,ai,noise_s0.05,0.995841,1,1
data\val\ai\ai_000487.png,1,ai,noise_s0.05,0.994360,1,1
data\val\ai\ai_000488.png,1,ai,noise_s0.05,0.777888,1,1
data\val\ai\ai_000489.png,1,ai,noise_s0.05,0.978163,1,1
data\val\ai\ai_000490.png,1,ai,noise_s0.05,0.788373,1,1
data\val\ai\ai_000491.png,1,ai,noise_s0.05,0.939270,1,1
data\val\ai\ai_000492.png,1,ai,noise_s0.05,0.969495,1,1
data\val\ai\ai_000493.png,1,ai,noise_s0.05,0.987290,1,1
data\val\ai\ai_000494.png,1,ai,noise_s0.05,0.994206,1,1
data\val\ai\ai_000495.png,1,ai,noise_s0.05,0.937992,1,1
data\val\ai\ai_000496.png,1,ai,noise_s0.05,0.758448,1,1
data\val\ai\ai_000497.png,1,ai,noise_s0.05,0.940582,1,1
data\val\ai\ai_000498.png,1,ai,noise_s0.05,0.748221,1,1
data\val\ai\ai_000499.png,1,ai,noise_s0.05,0.976106,1,1
data\val\ai\ai_000500.png,1,ai,noise_s0.05,0.947214,1,1
data\val\real\000000000139.jpg,0,real,noise_s0.1,0.376950,0,1
data\val\real\000000000285.jpg,0,real,noise_s0.1,0.049371,0,1
data\val\real\000000000632.jpg,0,real,noise_s0.1,0.871394,1,0
data\val\real\000000000724.jpg,0,real,noise_s0.1,0.133678,0,1
data\val\real\000000000776.jpg,0,real,noise_s0.1,0.024136,0,1
data\val\real\000000000785.jpg,0,real,noise_s0.1,0.056058,0,1
data\val\real\000000000802.jpg,0,real,noise_s0.1,0.521568,1,0
data\val\real\000000000872.jpg,0,real,noise_s0.1,0.133460,0,1
data\val\real\000000000885.jpg,0,real,noise_s0.1,0.105468,0,1
data\val\real\000000001000.jpg,0,real,noise_s0.1,0.002145,0,1
data\val\real\000000001268.jpg,0,real,noise_s0.1,0.023822,0,1
data\val\real\000000001296.jpg,0,real,noise_s0.1,0.077225,0,1
data\val\real\000000001353.jpg,0,real,noise_s0.1,0.000982,0,1
data\val\real\000000001425.jpg,0,real,noise_s0.1,0.121893,0,1
data\val\real\000000001490.jpg,0,real,noise_s0.1,0.284547,0,1
data\val\real\000000001503.jpg,0,real,noise_s0.1,0.252670,0,1
data\val\real\000000001532.jpg,0,real,noise_s0.1,0.053086,0,1
data\val\real\000000001584.jpg,0,real,noise_s0.1,0.356378,0,1
data\val\real\000000001675.jpg,0,real,noise_s0.1,0.079557,0,1
data\val\real\000000001761.jpg,0,real,noise_s0.1,0.006936,0,1
data\val\real\000000001818.jpg,0,real,noise_s0.1,0.073703,0,1
data\val\real\000000001993.jpg,0,real,noise_s0.1,0.740231,1,0
data\val\real\000000002006.jpg,0,real,noise_s0.1,0.060681,0,1
data\val\real\000000002149.jpg,0,real,noise_s0.1,0.096156,0,1
data\val\real\000000002153.jpg,0,real,noise_s0.1,0.021381,0,1
data\val\real\000000002157.jpg,0,real,noise_s0.1,0.233619,0,1
data\val\real\000000002261.jpg,0,real,noise_s0.1,0.008698,0,1
data\val\real\000000002299.jpg,0,real,noise_s0.1,0.005114,0,1
data\val\real\000000002431.jpg,0,real,noise_s0.1,0.051843,0,1
data\val\real\000000002473.jpg,0,real,noise_s0.1,0.019158,0,1
data\val\real\000000002532.jpg,0,real,noise_s0.1,0.004023,0,1
data\val\real\000000002587.jpg,0,real,noise_s0.1,0.120392,0,1
data\val\real\000000002592.jpg,0,real,noise_s0.1,0.028665,0,1
data\val\real\000000002685.jpg,0,real,noise_s0.1,0.003480,0,1
data\val\real\000000002923.jpg,0,real,noise_s0.1,0.012977,0,1
data\val\real\000000003156.jpg,0,real,noise_s0.1,0.130409,0,1
data\val\real\000000003255.jpg,0,real,noise_s0.1,0.265216,0,1
data\val\real\000000003501.jpg,0,real,noise_s0.1,0.449115,0,1
data\val\real\000000003553.jpg,0,real,noise_s0.1,0.040223,0,1
data\val\real\000000003661.jpg,0,real,noise_s0.1,0.021540,0,1
data\val\real\000000003845.jpg,0,real,noise_s0.1,0.120469,0,1
data\val\real\000000003934.jpg,0,real,noise_s0.1,0.005933,0,1
data\val\real\000000004134.jpg,0,real,noise_s0.1,0.002737,0,1
data\val\real\000000004395.jpg,0,real,noise_s0.1,0.005522,0,1
data\val\real\000000004495.jpg,0,real,noise_s0.1,0.330067,0,1
data\val\real\000000004765.jpg,0,real,noise_s0.1,0.219319,0,1
data\val\real\000000004795.jpg,0,real,noise_s0.1,0.004356,0,1
data\val\real\000000005001.jpg,0,real,noise_s0.1,0.020871,0,1
data\val\real\000000005037.jpg,0,real,noise_s0.1,0.107227,0,1
data\val\real\000000005060.jpg,0,real,noise_s0.1,0.187961,0,1
data\val\real\000000005193.jpg,0,real,noise_s0.1,0.003342,0,1
data\val\real\000000005477.jpg,0,real,noise_s0.1,0.115419,0,1
data\val\real\000000005503.jpg,0,real,noise_s0.1,0.412340,0,1
data\val\real\000000005529.jpg,0,real,noise_s0.1,0.020022,0,1
data\val\real\000000005586.jpg,0,real,noise_s0.1,0.010946,0,1
data\val\real\000000005600.jpg,0,real,noise_s0.1,0.075098,0,1
data\val\real\000000005992.jpg,0,real,noise_s0.1,0.054099,0,1
data\val\real\000000006012.jpg,0,real,noise_s0.1,0.143583,0,1
data\val\real\000000006040.jpg,0,real,noise_s0.1,0.470228,0,1
data\val\real\000000006213.jpg,0,real,noise_s0.1,0.545513,1,0
data\val\real\000000006460.jpg,0,real,noise_s0.1,0.089716,0,1
data\val\real\000000006471.jpg,0,real,noise_s0.1,0.115197,0,1
data\val\real\000000006614.jpg,0,real,noise_s0.1,0.258935,0,1
data\val\real\000000006723.jpg,0,real,noise_s0.1,0.207137,0,1
data\val\real\000000006763.jpg,0,real,noise_s0.1,0.000316,0,1
data\val\real\000000006771.jpg,0,real,noise_s0.1,0.001041,0,1
data\val\real\000000006818.jpg,0,real,noise_s0.1,0.180451,0,1
data\val\real\000000006894.jpg,0,real,noise_s0.1,0.042505,0,1
data\val\real\000000006954.jpg,0,real,noise_s0.1,0.026745,0,1
data\val\real\000000007088.jpg,0,real,noise_s0.1,0.037964,0,1
data\val\real\000000007108.jpg,0,real,noise_s0.1,0.032612,0,1
data\val\real\000000007278.jpg,0,real,noise_s0.1,0.093567,0,1
data\val\real\000000007281.jpg,0,real,noise_s0.1,0.015492,0,1
data\val\real\000000007386.jpg,0,real,noise_s0.1,0.013551,0,1
data\val\real\000000007511.jpg,0,real,noise_s0.1,0.052364,0,1
data\val\real\000000007574.jpg,0,real,noise_s0.1,0.603114,1,0
data\val\real\000000007784.jpg,0,real,noise_s0.1,0.223403,0,1
data\val\real\000000007795.jpg,0,real,noise_s0.1,0.772430,1,0
data\val\real\000000007816.jpg,0,real,noise_s0.1,0.011976,0,1
data\val\real\000000007818.jpg,0,real,noise_s0.1,0.652429,1,0
data\val\real\000000007888.jpg,0,real,noise_s0.1,0.366226,0,1
data\val\real\000000007977.jpg,0,real,noise_s0.1,0.227089,0,1
data\val\real\000000007991.jpg,0,real,noise_s0.1,0.052361,0,1
data\val\real\000000008021.jpg,0,real,noise_s0.1,0.004343,0,1
data\val\real\000000008211.jpg,0,real,noise_s0.1,0.061359,0,1
data\val\real\000000008277.jpg,0,real,noise_s0.1,0.175830,0,1
data\val\real\000000008532.jpg,0,real,noise_s0.1,0.011574,0,1
data\val\real\000000008629.jpg,0,real,noise_s0.1,0.025545,0,1
data\val\real\000000008690.jpg,0,real,noise_s0.1,0.003974,0,1
data\val\real\000000008762.jpg,0,real,noise_s0.1,0.045801,0,1
data\val\real\000000008844.jpg,0,real,noise_s0.1,0.076528,0,1
data\val\real\000000008899.jpg,0,real,noise_s0.1,0.326783,0,1
data\val\real\000000009378.jpg,0,real,noise_s0.1,0.043978,0,1
data\val\real\000000009400.jpg,0,real,noise_s0.1,0.001237,0,1
data\val\real\000000009448.jpg,0,real,noise_s0.1,0.018734,0,1
data\val\real\000000009483.jpg,0,real,noise_s0.1,0.124194,0,1
data\val\real\000000009590.jpg,0,real,noise_s0.1,0.073498,0,1
data\val\real\000000009769.jpg,0,real,noise_s0.1,0.175023,0,1
data\val\real\000000009772.jpg,0,real,noise_s0.1,0.034207,0,1
data\val\real\000000009891.jpg,0,real,noise_s0.1,0.009611,0,1
data\val\real\000000009914.jpg,0,real,noise_s0.1,0.069023,0,1
data\val\real\000000010092.jpg,0,real,noise_s0.1,0.182242,0,1
data\val\real\000000010363.jpg,0,real,noise_s0.1,0.002248,0,1
data\val\real\000000010583.jpg,0,real,noise_s0.1,0.059577,0,1
data\val\real\000000010707.jpg,0,real,noise_s0.1,0.000565,0,1
data\val\real\000000010764.jpg,0,real,noise_s0.1,0.029912,0,1
data\val\real\000000010977.jpg,0,real,noise_s0.1,0.451930,0,1
data\val\real\000000010995.jpg,0,real,noise_s0.1,0.726594,1,0
data\val\real\000000011051.jpg,0,real,noise_s0.1,0.003863,0,1
data\val\real\000000011122.jpg,0,real,noise_s0.1,0.028375,0,1
data\val\real\000000011149.jpg,0,real,noise_s0.1,0.015863,0,1
data\val\real\000000011197.jpg,0,real,noise_s0.1,0.015428,0,1
data\val\real\000000011511.jpg,0,real,noise_s0.1,0.039927,0,1
data\val\real\000000011615.jpg,0,real,noise_s0.1,0.074570,0,1
data\val\real\000000011699.jpg,0,real,noise_s0.1,0.005311,0,1
data\val\real\000000011760.jpg,0,real,noise_s0.1,0.409869,0,1
data\val\real\000000011813.jpg,0,real,noise_s0.1,0.241238,0,1
data\val\real\000000012062.jpg,0,real,noise_s0.1,0.014027,0,1
data\val\real\000000012120.jpg,0,real,noise_s0.1,0.108211,0,1
data\val\real\000000012280.jpg,0,real,noise_s0.1,0.530232,1,0
data\val\real\000000012576.jpg,0,real,noise_s0.1,0.114862,0,1
data\val\real\000000012639.jpg,0,real,noise_s0.1,0.034854,0,1
data\val\real\000000012667.jpg,0,real,noise_s0.1,0.221142,0,1
data\val\real\000000012670.jpg,0,real,noise_s0.1,0.002559,0,1
data\val\real\000000012748.jpg,0,real,noise_s0.1,0.157130,0,1
data\val\real\000000013004.jpg,0,real,noise_s0.1,0.108202,0,1
data\val\real\000000013177.jpg,0,real,noise_s0.1,0.022547,0,1
data\val\real\000000013201.jpg,0,real,noise_s0.1,0.092196,0,1
data\val\real\000000013291.jpg,0,real,noise_s0.1,0.016299,0,1
data\val\real\000000013348.jpg,0,real,noise_s0.1,0.144243,0,1
data\val\real\000000013546.jpg,0,real,noise_s0.1,0.023300,0,1
data\val\real\000000013597.jpg,0,real,noise_s0.1,0.572127,1,0
data\val\real\000000013659.jpg,0,real,noise_s0.1,0.002893,0,1
data\val\real\000000013729.jpg,0,real,noise_s0.1,0.014643,0,1
data\val\real\000000013774.jpg,0,real,noise_s0.1,0.343242,0,1
data\val\real\000000013923.jpg,0,real,noise_s0.1,0.509635,1,0
data\val\real\000000014007.jpg,0,real,noise_s0.1,0.033820,0,1
data\val\real\000000014038.jpg,0,real,noise_s0.1,0.868490,1,0
data\val\real\000000014226.jpg,0,real,noise_s0.1,0.083395,0,1
data\val\real\000000014380.jpg,0,real,noise_s0.1,0.371600,0,1
data\val\real\000000014439.jpg,0,real,noise_s0.1,0.029476,0,1
data\val\real\000000014473.jpg,0,real,noise_s0.1,0.033506,0,1
data\val\real\000000014831.jpg,0,real,noise_s0.1,0.025263,0,1
data\val\real\000000014888.jpg,0,real,noise_s0.1,0.026046,0,1
data\val\real\000000015079.jpg,0,real,noise_s0.1,0.185939,0,1
data\val\real\000000015254.jpg,0,real,noise_s0.1,0.015395,0,1
data\val\real\000000015272.jpg,0,real,noise_s0.1,0.225193,0,1
data\val\real\000000015278.jpg,0,real,noise_s0.1,0.020718,0,1
data\val\real\000000015335.jpg,0,real,noise_s0.1,0.001330,0,1
data\val\real\000000015338.jpg,0,real,noise_s0.1,0.188935,0,1
data\val\real\000000015440.jpg,0,real,noise_s0.1,0.391833,0,1
data\val\real\000000015497.jpg,0,real,noise_s0.1,0.019992,0,1
data\val\real\000000015517.jpg,0,real,noise_s0.1,0.117590,0,1
data\val\real\000000015597.jpg,0,real,noise_s0.1,0.006620,0,1
data\val\real\000000015660.jpg,0,real,noise_s0.1,0.038490,0,1
data\val\real\000000015746.jpg,0,real,noise_s0.1,0.070738,0,1
data\val\real\000000015751.jpg,0,real,noise_s0.1,0.001821,0,1
data\val\real\000000015956.jpg,0,real,noise_s0.1,0.006410,0,1
data\val\real\000000016010.jpg,0,real,noise_s0.1,0.039266,0,1
data\val\real\000000016228.jpg,0,real,noise_s0.1,0.093226,0,1
data\val\real\000000016249.jpg,0,real,noise_s0.1,0.079409,0,1
data\val\real\000000016439.jpg,0,real,noise_s0.1,0.143004,0,1
data\val\real\000000016451.jpg,0,real,noise_s0.1,0.408061,0,1
data\val\real\000000016502.jpg,0,real,noise_s0.1,0.042327,0,1
data\val\real\000000016598.jpg,0,real,noise_s0.1,0.011951,0,1
data\val\real\000000016958.jpg,0,real,noise_s0.1,0.085275,0,1
data\val\real\000000017029.jpg,0,real,noise_s0.1,0.047132,0,1
data\val\real\000000017031.jpg,0,real,noise_s0.1,0.113349,0,1
data\val\real\000000017115.jpg,0,real,noise_s0.1,0.268077,0,1
data\val\real\000000017178.jpg,0,real,noise_s0.1,0.197397,0,1
data\val\real\000000017182.jpg,0,real,noise_s0.1,0.469825,0,1
data\val\real\000000017207.jpg,0,real,noise_s0.1,0.008517,0,1
data\val\real\000000017379.jpg,0,real,noise_s0.1,0.420533,0,1
data\val\real\000000017436.jpg,0,real,noise_s0.1,0.021937,0,1
data\val\real\000000017627.jpg,0,real,noise_s0.1,0.011577,0,1
data\val\real\000000017714.jpg,0,real,noise_s0.1,0.171583,0,1
data\val\real\000000017899.jpg,0,real,noise_s0.1,0.005493,0,1
data\val\real\000000017905.jpg,0,real,noise_s0.1,0.000412,0,1
data\val\real\000000017959.jpg,0,real,noise_s0.1,0.007231,0,1
data\val\real\000000018150.jpg,0,real,noise_s0.1,0.002373,0,1
data\val\real\000000018193.jpg,0,real,noise_s0.1,0.002680,0,1
data\val\real\000000018380.jpg,0,real,noise_s0.1,0.257175,0,1
data\val\real\000000018491.jpg,0,real,noise_s0.1,0.013886,0,1
data\val\real\000000018519.jpg,0,real,noise_s0.1,0.351569,0,1
data\val\real\000000018575.jpg,0,real,noise_s0.1,0.047830,0,1
data\val\real\000000018737.jpg,0,real,noise_s0.1,0.034121,0,1
data\val\real\000000018770.jpg,0,real,noise_s0.1,0.015878,0,1
data\val\real\000000018833.jpg,0,real,noise_s0.1,0.034436,0,1
data\val\real\000000018837.jpg,0,real,noise_s0.1,0.033624,0,1
data\val\real\000000019042.jpg,0,real,noise_s0.1,0.023404,0,1
data\val\real\000000019109.jpg,0,real,noise_s0.1,0.181811,0,1
data\val\real\000000019221.jpg,0,real,noise_s0.1,0.033192,0,1
data\val\real\000000019402.jpg,0,real,noise_s0.1,0.001763,0,1
data\val\real\000000019432.jpg,0,real,noise_s0.1,0.035489,0,1
data\val\real\000000019742.jpg,0,real,noise_s0.1,0.107618,0,1
data\val\real\000000019786.jpg,0,real,noise_s0.1,0.020195,0,1
data\val\real\000000019924.jpg,0,real,noise_s0.1,0.556198,1,0
data\val\real\000000020059.jpg,0,real,noise_s0.1,0.070780,0,1
data\val\real\000000020107.jpg,0,real,noise_s0.1,0.061754,0,1
data\val\real\000000020247.jpg,0,real,noise_s0.1,0.153657,0,1
data\val\real\000000020333.jpg,0,real,noise_s0.1,0.066146,0,1
data\val\real\000000020553.jpg,0,real,noise_s0.1,0.011783,0,1
data\val\real\000000020571.jpg,0,real,noise_s0.1,0.195987,0,1
data\val\real\000000020992.jpg,0,real,noise_s0.1,0.007102,0,1
data\val\real\000000021167.jpg,0,real,noise_s0.1,0.000913,0,1
data\val\real\000000021465.jpg,0,real,noise_s0.1,0.018830,0,1
data\val\real\000000021503.jpg,0,real,noise_s0.1,0.017563,0,1
data\val\real\000000021604.jpg,0,real,noise_s0.1,0.475347,0,1
data\val\real\000000021839.jpg,0,real,noise_s0.1,0.005136,0,1
data\val\real\000000021879.jpg,0,real,noise_s0.1,0.069499,0,1
data\val\real\000000021903.jpg,0,real,noise_s0.1,0.156699,0,1
data\val\real\000000022192.jpg,0,real,noise_s0.1,0.017613,0,1
data\val\real\000000022371.jpg,0,real,noise_s0.1,0.364025,0,1
data\val\real\000000022396.jpg,0,real,noise_s0.1,0.080133,0,1
data\val\real\000000022479.jpg,0,real,noise_s0.1,0.011257,0,1
data\val\real\000000022589.jpg,0,real,noise_s0.1,0.013700,0,1
data\val\real\000000022623.jpg,0,real,noise_s0.1,0.127676,0,1
data\val\real\000000022705.jpg,0,real,noise_s0.1,0.000698,0,1
data\val\real\000000022755.jpg,0,real,noise_s0.1,0.094985,0,1
data\val\real\000000022892.jpg,0,real,noise_s0.1,0.093071,0,1
data\val\real\000000022935.jpg,0,real,noise_s0.1,0.206081,0,1
data\val\real\000000022969.jpg,0,real,noise_s0.1,0.103490,0,1
data\val\real\000000023023.jpg,0,real,noise_s0.1,0.462822,0,1
data\val\real\000000023034.jpg,0,real,noise_s0.1,0.003299,0,1
data\val\real\000000023126.jpg,0,real,noise_s0.1,0.203942,0,1
data\val\real\000000023230.jpg,0,real,noise_s0.1,0.022717,0,1
data\val\real\000000023272.jpg,0,real,noise_s0.1,0.006658,0,1
data\val\real\000000023359.jpg,0,real,noise_s0.1,0.053632,0,1
data\val\real\000000023666.jpg,0,real,noise_s0.1,0.535287,1,0
data\val\real\000000023751.jpg,0,real,noise_s0.1,0.005010,0,1
data\val\real\000000023781.jpg,0,real,noise_s0.1,0.486487,0,1
data\val\real\000000023899.jpg,0,real,noise_s0.1,0.003954,0,1
data\val\real\000000023937.jpg,0,real,noise_s0.1,0.021006,0,1
data\val\real\000000024021.jpg,0,real,noise_s0.1,0.006078,0,1
data\val\real\000000024027.jpg,0,real,noise_s0.1,0.002536,0,1
data\val\real\000000024144.jpg,0,real,noise_s0.1,0.131780,0,1
data\val\real\000000024243.jpg,0,real,noise_s0.1,0.023199,0,1
data\val\real\000000024567.jpg,0,real,noise_s0.1,0.114255,0,1
data\val\real\000000024610.jpg,0,real,noise_s0.1,0.122861,0,1
data\val\real\000000024919.jpg,0,real,noise_s0.1,0.403495,0,1
data\val\real\000000025057.jpg,0,real,noise_s0.1,0.011857,0,1
data\val\real\000000025096.jpg,0,real,noise_s0.1,0.005308,0,1
data\val\real\000000025139.jpg,0,real,noise_s0.1,0.084213,0,1
data\val\real\000000025181.jpg,0,real,noise_s0.1,0.702581,1,0
data\val\real\000000025228.jpg,0,real,noise_s0.1,0.070544,0,1
data\val\real\000000025386.jpg,0,real,noise_s0.1,0.006224,0,1
data\val\real\000000025393.jpg,0,real,noise_s0.1,0.000252,0,1
data\val\real\000000025394.jpg,0,real,noise_s0.1,0.004423,0,1
data\val\real\000000025424.jpg,0,real,noise_s0.1,0.045621,0,1
data\val\real\000000025560.jpg,0,real,noise_s0.1,0.013919,0,1
data\val\real\000000025593.jpg,0,real,noise_s0.1,0.066931,0,1
data\val\real\000000025603.jpg,0,real,noise_s0.1,0.001302,0,1
data\val\real\000000025986.jpg,0,real,noise_s0.1,0.014652,0,1
data\val\real\000000026204.jpg,0,real,noise_s0.1,0.169202,0,1
data\val\real\000000026465.jpg,0,real,noise_s0.1,0.130279,0,1
data\val\real\000000026564.jpg,0,real,noise_s0.1,0.251484,0,1
data\val\real\000000026690.jpg,0,real,noise_s0.1,0.011582,0,1
data\val\real\000000026926.jpg,0,real,noise_s0.1,0.275103,0,1
data\val\real\000000026941.jpg,0,real,noise_s0.1,0.483643,0,1
data\val\real\000000027186.jpg,0,real,noise_s0.1,0.009812,0,1
data\val\real\000000027620.jpg,0,real,noise_s0.1,0.292875,0,1
data\val\real\000000027696.jpg,0,real,noise_s0.1,0.006723,0,1
data\val\real\000000027768.jpg,0,real,noise_s0.1,0.179386,0,1
data\val\real\000000027932.jpg,0,real,noise_s0.1,0.351935,0,1
data\val\real\000000027972.jpg,0,real,noise_s0.1,0.086939,0,1
data\val\real\000000027982.jpg,0,real,noise_s0.1,0.773939,1,0
data\val\real\000000028285.jpg,0,real,noise_s0.1,0.013595,0,1
data\val\real\000000028449.jpg,0,real,noise_s0.1,0.231591,0,1
data\val\real\000000028452.jpg,0,real,noise_s0.1,0.583859,1,0
data\val\real\000000028809.jpg,0,real,noise_s0.1,0.040122,0,1
data\val\real\000000028993.jpg,0,real,noise_s0.1,0.878648,1,0
data\val\real\000000029187.jpg,0,real,noise_s0.1,0.001429,0,1
data\val\real\000000029393.jpg,0,real,noise_s0.1,0.011925,0,1
data\val\real\000000029397.jpg,0,real,noise_s0.1,0.148604,0,1
data\val\real\000000029596.jpg,0,real,noise_s0.1,0.707254,1,0
data\val\real\000000029640.jpg,0,real,noise_s0.1,0.153510,0,1
data\val\real\000000029675.jpg,0,real,noise_s0.1,0.136831,0,1
data\val\real\000000029984.jpg,0,real,noise_s0.1,0.068217,0,1
data\val\real\000000030213.jpg,0,real,noise_s0.1,0.631697,1,0
data\val\real\000000030494.jpg,0,real,noise_s0.1,0.013126,0,1
data\val\real\000000030504.jpg,0,real,noise_s0.1,0.056031,0,1
data\val\real\000000030675.jpg,0,real,noise_s0.1,0.219277,0,1
data\val\real\000000030785.jpg,0,real,noise_s0.1,0.231590,0,1
data\val\real\000000030828.jpg,0,real,noise_s0.1,0.530067,1,0
data\val\real\000000031050.jpg,0,real,noise_s0.1,0.073048,0,1
data\val\real\000000031093.jpg,0,real,noise_s0.1,0.045485,0,1
data\val\real\000000031118.jpg,0,real,noise_s0.1,0.075547,0,1
data\val\real\000000031217.jpg,0,real,noise_s0.1,0.116145,0,1
data\val\real\000000031248.jpg,0,real,noise_s0.1,0.665002,1,0
data\val\real\000000031269.jpg,0,real,noise_s0.1,0.020779,0,1
data\val\real\000000031296.jpg,0,real,noise_s0.1,0.008251,0,1
data\val\real\000000031322.jpg,0,real,noise_s0.1,0.016965,0,1
data\val\real\000000031620.jpg,0,real,noise_s0.1,0.000259,0,1
data\val\real\000000031735.jpg,0,real,noise_s0.1,0.030915,0,1
data\val\real\000000031749.jpg,0,real,noise_s0.1,0.234477,0,1
data\val\real\000000031817.jpg,0,real,noise_s0.1,0.002996,0,1
data\val\real\000000032038.jpg,0,real,noise_s0.1,0.042228,0,1
data\val\real\000000032081.jpg,0,real,noise_s0.1,0.044669,0,1
data\val\real\000000032285.jpg,0,real,noise_s0.1,0.588716,1,0
data\val\real\000000032334.jpg,0,real,noise_s0.1,0.000437,0,1
data\val\real\000000032570.jpg,0,real,noise_s0.1,0.300887,0,1
data\val\real\000000032610.jpg,0,real,noise_s0.1,0.128354,0,1
data\val\real\000000032735.jpg,0,real,noise_s0.1,0.043188,0,1
data\val\real\000000032811.jpg,0,real,noise_s0.1,0.197792,0,1
data\val\real\000000032817.jpg,0,real,noise_s0.1,0.012382,0,1
data\val\real\000000032861.jpg,0,real,noise_s0.1,0.048168,0,1
data\val\real\000000032887.jpg,0,real,noise_s0.1,0.009299,0,1
data\val\real\000000032901.jpg,0,real,noise_s0.1,0.000378,0,1
data\val\real\000000032941.jpg,0,real,noise_s0.1,0.038543,0,1
data\val\real\000000033005.jpg,0,real,noise_s0.1,0.058240,0,1
data\val\real\000000033104.jpg,0,real,noise_s0.1,0.007887,0,1
data\val\real\000000033109.jpg,0,real,noise_s0.1,0.125341,0,1
data\val\real\000000033114.jpg,0,real,noise_s0.1,0.039169,0,1
data\val\real\000000033221.jpg,0,real,noise_s0.1,0.001321,0,1
data\val\real\000000033368.jpg,0,real,noise_s0.1,0.391811,0,1
data\val\real\000000033638.jpg,0,real,noise_s0.1,0.012004,0,1
data\val\real\000000033707.jpg,0,real,noise_s0.1,0.168705,0,1
data\val\real\000000033759.jpg,0,real,noise_s0.1,0.017349,0,1
data\val\real\000000033854.jpg,0,real,noise_s0.1,0.026136,0,1
data\val\real\000000034071.jpg,0,real,noise_s0.1,0.349328,0,1
data\val\real\000000034139.jpg,0,real,noise_s0.1,0.115447,0,1
data\val\real\000000034205.jpg,0,real,noise_s0.1,0.177549,0,1
data\val\real\000000034257.jpg,0,real,noise_s0.1,0.174170,0,1
data\val\real\000000034417.jpg,0,real,noise_s0.1,0.118844,0,1
data\val\real\000000034452.jpg,0,real,noise_s0.1,0.003421,0,1
data\val\real\000000034760.jpg,0,real,noise_s0.1,0.346867,0,1
data\val\real\000000034873.jpg,0,real,noise_s0.1,0.337776,0,1
data\val\real\000000035062.jpg,0,real,noise_s0.1,0.025456,0,1
data\val\real\000000035197.jpg,0,real,noise_s0.1,0.259296,0,1
data\val\real\000000035279.jpg,0,real,noise_s0.1,0.277901,0,1
data\val\real\000000035326.jpg,0,real,noise_s0.1,0.249071,0,1
data\val\real\000000035682.jpg,0,real,noise_s0.1,0.007963,0,1
data\val\real\000000035770.jpg,0,real,noise_s0.1,0.067365,0,1
data\val\real\000000035963.jpg,0,real,noise_s0.1,0.001349,0,1
data\val\real\000000036494.jpg,0,real,noise_s0.1,0.156136,0,1
data\val\real\000000036539.jpg,0,real,noise_s0.1,0.003205,0,1
data\val\real\000000036660.jpg,0,real,noise_s0.1,0.044287,0,1
data\val\real\000000036678.jpg,0,real,noise_s0.1,0.007313,0,1
data\val\real\000000036844.jpg,0,real,noise_s0.1,0.648136,1,0
data\val\real\000000036861.jpg,0,real,noise_s0.1,0.203931,0,1
data\val\real\000000036936.jpg,0,real,noise_s0.1,0.003204,0,1
data\val\real\000000037670.jpg,0,real,noise_s0.1,0.699592,1,0
data\val\real\000000037689.jpg,0,real,noise_s0.1,0.024632,0,1
data\val\real\000000037740.jpg,0,real,noise_s0.1,0.401979,0,1
data\val\real\000000037751.jpg,0,real,noise_s0.1,0.018438,0,1
data\val\real\000000037777.jpg,0,real,noise_s0.1,0.375574,0,1
data\val\real\000000037988.jpg,0,real,noise_s0.1,0.028386,0,1
data\val\real\000000038048.jpg,0,real,noise_s0.1,0.086784,0,1
data\val\real\000000038070.jpg,0,real,noise_s0.1,0.259458,0,1
data\val\real\000000038118.jpg,0,real,noise_s0.1,0.047531,0,1
data\val\real\000000038210.jpg,0,real,noise_s0.1,0.029555,0,1
data\val\real\000000038576.jpg,0,real,noise_s0.1,0.762946,1,0
data\val\real\000000038678.jpg,0,real,noise_s0.1,0.003404,0,1
data\val\real\000000038825.jpg,0,real,noise_s0.1,0.090614,0,1
data\val\real\000000038829.jpg,0,real,noise_s0.1,0.029884,0,1
data\val\real\000000039405.jpg,0,real,noise_s0.1,0.042228,0,1
data\val\real\000000039477.jpg,0,real,noise_s0.1,0.519074,1,0
data\val\real\000000039480.jpg,0,real,noise_s0.1,0.111275,0,1
data\val\real\000000039484.jpg,0,real,noise_s0.1,0.416973,0,1
data\val\real\000000039551.jpg,0,real,noise_s0.1,0.458149,0,1
data\val\real\000000039670.jpg,0,real,noise_s0.1,0.189298,0,1
data\val\real\000000039769.jpg,0,real,noise_s0.1,0.003312,0,1
data\val\real\000000039785.jpg,0,real,noise_s0.1,0.079918,0,1
data\val\real\000000039914.jpg,0,real,noise_s0.1,0.002285,0,1
data\val\real\000000039951.jpg,0,real,noise_s0.1,0.025156,0,1
data\val\real\000000039956.jpg,0,real,noise_s0.1,0.495814,0,1
data\val\real\000000040036.jpg,0,real,noise_s0.1,0.047445,0,1
data\val\real\000000040083.jpg,0,real,noise_s0.1,0.013354,0,1
data\val\real\000000040471.jpg,0,real,noise_s0.1,0.597804,1,0
data\val\real\000000040757.jpg,0,real,noise_s0.1,0.004756,0,1
data\val\real\000000041488.jpg,0,real,noise_s0.1,0.417938,0,1
data\val\real\000000041633.jpg,0,real,noise_s0.1,0.110736,0,1
data\val\real\000000041635.jpg,0,real,noise_s0.1,0.022212,0,1
data\val\real\000000041872.jpg,0,real,noise_s0.1,0.650667,1,0
data\val\real\000000041888.jpg,0,real,noise_s0.1,0.027174,0,1
data\val\real\000000041990.jpg,0,real,noise_s0.1,0.002402,0,1
data\val\real\000000042070.jpg,0,real,noise_s0.1,0.746374,1,0
data\val\real\000000042102.jpg,0,real,noise_s0.1,0.001956,0,1
data\val\real\000000042178.jpg,0,real,noise_s0.1,0.549317,1,0
data\val\real\000000042276.jpg,0,real,noise_s0.1,0.020639,0,1
data\val\real\000000042296.jpg,0,real,noise_s0.1,0.025622,0,1
data\val\real\000000042528.jpg,0,real,noise_s0.1,0.020345,0,1
data\val\real\000000042563.jpg,0,real,noise_s0.1,0.094861,0,1
data\val\real\000000042628.jpg,0,real,noise_s0.1,0.040164,0,1
data\val\real\000000042888.jpg,0,real,noise_s0.1,0.023349,0,1
data\val\real\000000042889.jpg,0,real,noise_s0.1,0.013385,0,1
data\val\real\000000043314.jpg,0,real,noise_s0.1,0.011542,0,1
data\val\real\000000043435.jpg,0,real,noise_s0.1,0.082639,0,1
data\val\real\000000043581.jpg,0,real,noise_s0.1,0.021132,0,1
data\val\real\000000043737.jpg,0,real,noise_s0.1,0.135037,0,1
data\val\real\000000043816.jpg,0,real,noise_s0.1,0.016260,0,1
data\val\real\000000044068.jpg,0,real,noise_s0.1,0.020722,0,1
data\val\real\000000044195.jpg,0,real,noise_s0.1,0.010895,0,1
data\val\real\000000044260.jpg,0,real,noise_s0.1,0.258644,0,1
data\val\real\000000044279.jpg,0,real,noise_s0.1,0.146562,0,1
data\val\real\000000044590.jpg,0,real,noise_s0.1,0.012886,0,1
data\val\real\000000044652.jpg,0,real,noise_s0.1,0.015728,0,1
data\val\real\000000044699.jpg,0,real,noise_s0.1,0.044303,0,1
data\val\real\000000044877.jpg,0,real,noise_s0.1,0.025824,0,1
data\val\real\000000045070.jpg,0,real,noise_s0.1,0.039462,0,1
data\val\real\000000045090.jpg,0,real,noise_s0.1,0.068874,0,1
data\val\real\000000045229.jpg,0,real,noise_s0.1,0.920033,1,0
data\val\real\000000045472.jpg,0,real,noise_s0.1,0.106434,0,1
data\val\real\000000045550.jpg,0,real,noise_s0.1,0.002881,0,1
data\val\real\000000045596.jpg,0,real,noise_s0.1,0.234689,0,1
data\val\real\000000045728.jpg,0,real,noise_s0.1,0.011536,0,1
data\val\real\000000046031.jpg,0,real,noise_s0.1,0.315823,0,1
data\val\real\000000046048.jpg,0,real,noise_s0.1,0.019190,0,1
data\val\real\000000046252.jpg,0,real,noise_s0.1,0.137726,0,1
data\val\real\000000046378.jpg,0,real,noise_s0.1,0.012868,0,1
data\val\real\000000046463.jpg,0,real,noise_s0.1,0.028721,0,1
data\val\real\000000046497.jpg,0,real,noise_s0.1,0.001764,0,1
data\val\real\000000046804.jpg,0,real,noise_s0.1,0.009473,0,1
data\val\real\000000046872.jpg,0,real,noise_s0.1,0.421016,0,1
data\val\real\000000047010.jpg,0,real,noise_s0.1,0.239370,0,1
data\val\real\000000047112.jpg,0,real,noise_s0.1,0.061812,0,1
data\val\real\000000047121.jpg,0,real,noise_s0.1,0.044428,0,1
data\val\real\000000047571.jpg,0,real,noise_s0.1,0.253777,0,1
data\val\real\000000047585.jpg,0,real,noise_s0.1,0.001861,0,1
data\val\real\000000047740.jpg,0,real,noise_s0.1,0.004086,0,1
data\val\real\000000047769.jpg,0,real,noise_s0.1,0.297594,0,1
data\val\real\000000047801.jpg,0,real,noise_s0.1,0.009660,0,1
data\val\real\000000047819.jpg,0,real,noise_s0.1,0.026253,0,1
data\val\real\000000047828.jpg,0,real,noise_s0.1,0.147740,0,1
data\val\real\000000048153.jpg,0,real,noise_s0.1,0.030420,0,1
data\val\real\000000048396.jpg,0,real,noise_s0.1,0.008343,0,1
data\val\real\000000048504.jpg,0,real,noise_s0.1,0.069197,0,1
data\val\real\000000048555.jpg,0,real,noise_s0.1,0.087273,0,1
data\val\real\000000048564.jpg,0,real,noise_s0.1,0.014249,0,1
data\val\real\000000048924.jpg,0,real,noise_s0.1,0.799960,1,0
data\val\real\000000049060.jpg,0,real,noise_s0.1,0.005306,0,1
data\val\real\000000049091.jpg,0,real,noise_s0.1,0.039209,0,1
data\val\real\000000049259.jpg,0,real,noise_s0.1,0.021040,0,1
data\val\real\000000049269.jpg,0,real,noise_s0.1,0.040543,0,1
data\val\real\000000049759.jpg,0,real,noise_s0.1,0.039100,0,1
data\val\real\000000049761.jpg,0,real,noise_s0.1,0.062681,0,1
data\val\real\000000049810.jpg,0,real,noise_s0.1,0.026610,0,1
data\val\real\000000050006.jpg,0,real,noise_s0.1,0.115573,0,1
data\val\real\000000050145.jpg,0,real,noise_s0.1,0.008460,0,1
data\val\real\000000050149.jpg,0,real,noise_s0.1,0.053271,0,1
data\val\real\000000050165.jpg,0,real,noise_s0.1,0.348463,0,1
data\val\real\000000050326.jpg,0,real,noise_s0.1,0.003148,0,1
data\val\real\000000050331.jpg,0,real,noise_s0.1,0.028359,0,1
data\val\real\000000050380.jpg,0,real,noise_s0.1,0.015212,0,1
data\val\real\000000050638.jpg,0,real,noise_s0.1,0.310978,0,1
data\val\real\000000050679.jpg,0,real,noise_s0.1,0.513486,1,0
data\val\real\000000050811.jpg,0,real,noise_s0.1,0.001518,0,1
data\val\real\000000050828.jpg,0,real,noise_s0.1,0.145352,0,1
data\val\real\000000050844.jpg,0,real,noise_s0.1,0.027587,0,1
data\val\real\000000050896.jpg,0,real,noise_s0.1,0.277053,0,1
data\val\real\000000050943.jpg,0,real,noise_s0.1,0.053969,0,1
data\val\real\000000051008.jpg,0,real,noise_s0.1,0.012192,0,1
data\val\real\000000051309.jpg,0,real,noise_s0.1,0.047357,0,1
data\val\real\000000051314.jpg,0,real,noise_s0.1,0.095416,0,1
data\val\real\000000051326.jpg,0,real,noise_s0.1,0.028729,0,1
data\val\real\000000051598.jpg,0,real,noise_s0.1,0.066156,0,1
data\val\real\000000051610.jpg,0,real,noise_s0.1,0.281152,0,1
data\val\real\000000051712.jpg,0,real,noise_s0.1,0.024915,0,1
data\val\real\000000051738.jpg,0,real,noise_s0.1,0.385421,0,1
data\val\real\000000051938.jpg,0,real,noise_s0.1,0.006102,0,1
data\val\real\000000051961.jpg,0,real,noise_s0.1,0.082364,0,1
data\val\real\000000051976.jpg,0,real,noise_s0.1,0.079666,0,1
data\val\real\000000052007.jpg,0,real,noise_s0.1,0.420640,0,1
data\val\real\000000052017.jpg,0,real,noise_s0.1,0.037289,0,1
data\val\real\000000052412.jpg,0,real,noise_s0.1,0.102890,0,1
data\val\real\000000052413.jpg,0,real,noise_s0.1,0.002491,0,1
data\val\real\000000052462.jpg,0,real,noise_s0.1,0.361717,0,1
data\val\real\000000052507.jpg,0,real,noise_s0.1,0.335168,0,1
data\val\real\000000052565.jpg,0,real,noise_s0.1,0.107325,0,1
data\val\real\000000052591.jpg,0,real,noise_s0.1,0.083592,0,1
data\val\real\000000052891.jpg,0,real,noise_s0.1,0.015150,0,1
data\val\real\000000052996.jpg,0,real,noise_s0.1,0.018842,0,1
data\val\real\000000053505.jpg,0,real,noise_s0.1,0.340591,0,1
data\val\real\000000053529.jpg,0,real,noise_s0.1,0.004262,0,1
data\val\real\000000053624.jpg,0,real,noise_s0.1,0.039908,0,1
data\val\real\000000053626.jpg,0,real,noise_s0.1,0.002075,0,1
data\val\real\000000053909.jpg,0,real,noise_s0.1,0.134800,0,1
data\val\real\000000053994.jpg,0,real,noise_s0.1,0.203707,0,1
data\val\real\000000054123.jpg,0,real,noise_s0.1,0.188812,0,1
data\val\real\000000054164.jpg,0,real,noise_s0.1,0.045986,0,1
data\val\real\000000054592.jpg,0,real,noise_s0.1,0.055483,0,1
data\val\real\000000054593.jpg,0,real,noise_s0.1,0.030777,0,1
data\val\real\000000054605.jpg,0,real,noise_s0.1,0.049132,0,1
data\val\real\000000054628.jpg,0,real,noise_s0.1,0.006028,0,1
data\val\real\000000054654.jpg,0,real,noise_s0.1,0.007307,0,1
data\val\real\000000054931.jpg,0,real,noise_s0.1,0.289262,0,1
data\val\real\000000054967.jpg,0,real,noise_s0.1,0.123269,0,1
data\val\real\000000055002.jpg,0,real,noise_s0.1,0.116764,0,1
data\val\real\000000055022.jpg,0,real,noise_s0.1,0.076329,0,1
data\val\real\000000055072.jpg,0,real,noise_s0.1,0.135651,0,1
data\val\real\000000055150.jpg,0,real,noise_s0.1,0.034666,0,1
data\val\real\000000055167.jpg,0,real,noise_s0.1,0.023156,0,1
data\val\real\000000055299.jpg,0,real,noise_s0.1,0.038645,0,1
data\val\real\000000055528.jpg,0,real,noise_s0.1,0.006473,0,1
data\val\real\000000055950.jpg,0,real,noise_s0.1,0.061584,0,1
data\val\real\000000056127.jpg,0,real,noise_s0.1,0.540959,1,0
data\val\real\000000056288.jpg,0,real,noise_s0.1,0.084076,0,1
data\val\real\000000056344.jpg,0,real,noise_s0.1,0.417261,0,1
data\val\real\000000056350.jpg,0,real,noise_s0.1,0.088079,0,1
data\val\real\000000056545.jpg,0,real,noise_s0.1,0.008282,0,1
data\val\ai\ai_000001.png,1,ai,noise_s0.1,0.957472,1,1
data\val\ai\ai_000002.png,1,ai,noise_s0.1,0.938644,1,1
data\val\ai\ai_000003.png,1,ai,noise_s0.1,0.929773,1,1
data\val\ai\ai_000004.png,1,ai,noise_s0.1,0.925992,1,1
data\val\ai\ai_000005.png,1,ai,noise_s0.1,0.934058,1,1
data\val\ai\ai_000006.png,1,ai,noise_s0.1,0.383291,0,0
data\val\ai\ai_000007.png,1,ai,noise_s0.1,0.944345,1,1
data\val\ai\ai_000008.png,1,ai,noise_s0.1,0.850896,1,1
data\val\ai\ai_000009.png,1,ai,noise_s0.1,0.988025,1,1
data\val\ai\ai_000010.png,1,ai,noise_s0.1,0.963899,1,1
data\val\ai\ai_000011.png,1,ai,noise_s0.1,0.963351,1,1
data\val\ai\ai_000012.png,1,ai,noise_s0.1,0.982268,1,1
data\val\ai\ai_000013.png,1,ai,noise_s0.1,0.968493,1,1
data\val\ai\ai_000014.png,1,ai,noise_s0.1,0.993532,1,1
data\val\ai\ai_000015.png,1,ai,noise_s0.1,0.979765,1,1
data\val\ai\ai_000016.png,1,ai,noise_s0.1,0.648902,1,1
data\val\ai\ai_000017.png,1,ai,noise_s0.1,0.737847,1,1
data\val\ai\ai_000018.png,1,ai,noise_s0.1,0.949219,1,1
data\val\ai\ai_000019.png,1,ai,noise_s0.1,0.787998,1,1
data\val\ai\ai_000020.png,1,ai,noise_s0.1,0.908396,1,1
data\val\ai\ai_000021.png,1,ai,noise_s0.1,0.994239,1,1
data\val\ai\ai_000022.png,1,ai,noise_s0.1,0.597615,1,1
data\val\ai\ai_000023.png,1,ai,noise_s0.1,0.926388,1,1
data\val\ai\ai_000024.png,1,ai,noise_s0.1,0.963595,1,1
data\val\ai\ai_000025.png,1,ai,noise_s0.1,0.982702,1,1
data\val\ai\ai_000026.png,1,ai,noise_s0.1,0.319461,0,0
data\val\ai\ai_000027.png,1,ai,noise_s0.1,0.879088,1,1
data\val\ai\ai_000028.png,1,ai,noise_s0.1,0.920974,1,1
data\val\ai\ai_000029.png,1,ai,noise_s0.1,0.962745,1,1
data\val\ai\ai_000030.png,1,ai,noise_s0.1,0.371091,0,0
data\val\ai\ai_000031.png,1,ai,noise_s0.1,0.785134,1,1
data\val\ai\ai_000032.png,1,ai,noise_s0.1,0.939473,1,1
data\val\ai\ai_000033.png,1,ai,noise_s0.1,0.988588,1,1
data\val\ai\ai_000034.png,1,ai,noise_s0.1,0.991161,1,1
data\val\ai\ai_000035.png,1,ai,noise_s0.1,0.990952,1,1
data\val\ai\ai_000036.png,1,ai,noise_s0.1,0.983327,1,1
data\val\ai\ai_000037.png,1,ai,noise_s0.1,0.840378,1,1
data\val\ai\ai_000038.png,1,ai,noise_s0.1,0.831821,1,1
data\val\ai\ai_000039.png,1,ai,noise_s0.1,0.988533,1,1
data\val\ai\ai_000040.png,1,ai,noise_s0.1,0.148567,0,0
data\val\ai\ai_000041.png,1,ai,noise_s0.1,0.997245,1,1
data\val\ai\ai_000042.png,1,ai,noise_s0.1,0.993866,1,1
data\val\ai\ai_000043.png,1,ai,noise_s0.1,0.996164,1,1
data\val\ai\ai_000044.png,1,ai,noise_s0.1,0.828445,1,1
data\val\ai\ai_000045.png,1,ai,noise_s0.1,0.994418,1,1
data\val\ai\ai_000046.png,1,ai,noise_s0.1,0.132783,0,0
data\val\ai\ai_000047.png,1,ai,noise_s0.1,0.933468,1,1
data\val\ai\ai_000048.png,1,ai,noise_s0.1,0.779997,1,1
data\val\ai\ai_000049.png,1,ai,noise_s0.1,0.817896,1,1
data\val\ai\ai_000050.png,1,ai,noise_s0.1,0.588826,1,1
data\val\ai\ai_000051.png,1,ai,noise_s0.1,0.961123,1,1
data\val\ai\ai_000052.png,1,ai,noise_s0.1,0.978273,1,1
data\val\ai\ai_000053.png,1,ai,noise_s0.1,0.957175,1,1
data\val\ai\ai_000054.png,1,ai,noise_s0.1,0.986494,1,1
data\val\ai\ai_000055.png,1,ai,noise_s0.1,0.626953,1,1
data\val\ai\ai_000056.png,1,ai,noise_s0.1,0.774240,1,1
data\val\ai\ai_000057.png,1,ai,noise_s0.1,0.956614,1,1
data\val\ai\ai_000058.png,1,ai,noise_s0.1,0.657021,1,1
data\val\ai\ai_000059.png,1,ai,noise_s0.1,0.957375,1,1
data\val\ai\ai_000060.png,1,ai,noise_s0.1,0.851319,1,1
data\val\ai\ai_000061.png,1,ai,noise_s0.1,0.963104,1,1
data\val\ai\ai_000062.png,1,ai,noise_s0.1,0.984207,1,1
data\val\ai\ai_000063.png,1,ai,noise_s0.1,0.979979,1,1
data\val\ai\ai_000064.png,1,ai,noise_s0.1,0.614967,1,1
data\val\ai\ai_000065.png,1,ai,noise_s0.1,0.546141,1,1
data\val\ai\ai_000066.png,1,ai,noise_s0.1,0.900316,1,1
data\val\ai\ai_000067.png,1,ai,noise_s0.1,0.979281,1,1
data\val\ai\ai_000068.png,1,ai,noise_s0.1,0.352457,0,0
data\val\ai\ai_000069.png,1,ai,noise_s0.1,0.994724,1,1
data\val\ai\ai_000070.png,1,ai,noise_s0.1,0.853000,1,1
data\val\ai\ai_000071.png,1,ai,noise_s0.1,0.997453,1,1
data\val\ai\ai_000072.png,1,ai,noise_s0.1,0.780853,1,1
data\val\ai\ai_000073.png,1,ai,noise_s0.1,0.993514,1,1
data\val\ai\ai_000074.png,1,ai,noise_s0.1,0.976080,1,1
data\val\ai\ai_000075.png,1,ai,noise_s0.1,0.993332,1,1
data\val\ai\ai_000076.png,1,ai,noise_s0.1,0.747401,1,1
data\val\ai\ai_000077.png,1,ai,noise_s0.1,0.900598,1,1
data\val\ai\ai_000078.png,1,ai,noise_s0.1,0.172117,0,0
data\val\ai\ai_000079.png,1,ai,noise_s0.1,0.825514,1,1
data\val\ai\ai_000080.png,1,ai,noise_s0.1,0.764238,1,1
data\val\ai\ai_000081.png,1,ai,noise_s0.1,0.973260,1,1
data\val\ai\ai_000082.png,1,ai,noise_s0.1,0.982381,1,1
data\val\ai\ai_000083.png,1,ai,noise_s0.1,0.993230,1,1
data\val\ai\ai_000084.png,1,ai,noise_s0.1,0.946348,1,1
data\val\ai\ai_000085.png,1,ai,noise_s0.1,0.917192,1,1
data\val\ai\ai_000086.png,1,ai,noise_s0.1,0.512957,1,1
data\val\ai\ai_000087.png,1,ai,noise_s0.1,0.929588,1,1
data\val\ai\ai_000088.png,1,ai,noise_s0.1,0.675920,1,1
data\val\ai\ai_000089.png,1,ai,noise_s0.1,0.826417,1,1
data\val\ai\ai_000090.png,1,ai,noise_s0.1,0.865421,1,1
data\val\ai\ai_000091.png,1,ai,noise_s0.1,0.955284,1,1
data\val\ai\ai_000092.png,1,ai,noise_s0.1,0.996035,1,1
data\val\ai\ai_000093.png,1,ai,noise_s0.1,0.970514,1,1
data\val\ai\ai_000094.png,1,ai,noise_s0.1,0.991435,1,1
data\val\ai\ai_000095.png,1,ai,noise_s0.1,0.993058,1,1
data\val\ai\ai_000096.png,1,ai,noise_s0.1,0.948995,1,1
data\val\ai\ai_000097.png,1,ai,noise_s0.1,0.726067,1,1
data\val\ai\ai_000098.png,1,ai,noise_s0.1,0.569149,1,1
data\val\ai\ai_000099.png,1,ai,noise_s0.1,0.699808,1,1
data\val\ai\ai_000100.png,1,ai,noise_s0.1,0.965889,1,1
data\val\ai\ai_000101.png,1,ai,noise_s0.1,0.982930,1,1
data\val\ai\ai_000102.png,1,ai,noise_s0.1,0.661964,1,1
data\val\ai\ai_000103.png,1,ai,noise_s0.1,0.963581,1,1
data\val\ai\ai_000104.png,1,ai,noise_s0.1,0.971674,1,1
data\val\ai\ai_000105.png,1,ai,noise_s0.1,0.590179,1,1
data\val\ai\ai_000106.png,1,ai,noise_s0.1,0.242417,0,0
data\val\ai\ai_000107.png,1,ai,noise_s0.1,0.822803,1,1
data\val\ai\ai_000108.png,1,ai,noise_s0.1,0.969903,1,1
data\val\ai\ai_000109.png,1,ai,noise_s0.1,0.997780,1,1
data\val\ai\ai_000110.png,1,ai,noise_s0.1,0.937917,1,1
data\val\ai\ai_000111.png,1,ai,noise_s0.1,0.806019,1,1
data\val\ai\ai_000112.png,1,ai,noise_s0.1,0.626909,1,1
data\val\ai\ai_000113.png,1,ai,noise_s0.1,0.933558,1,1
data\val\ai\ai_000114.png,1,ai,noise_s0.1,0.974153,1,1
data\val\ai\ai_000115.png,1,ai,noise_s0.1,0.887104,1,1
data\val\ai\ai_000116.png,1,ai,noise_s0.1,0.531266,1,1
data\val\ai\ai_000117.png,1,ai,noise_s0.1,0.939450,1,1
data\val\ai\ai_000118.png,1,ai,noise_s0.1,0.971247,1,1
data\val\ai\ai_000119.png,1,ai,noise_s0.1,0.838428,1,1
data\val\ai\ai_000120.png,1,ai,noise_s0.1,0.728000,1,1
data\val\ai\ai_000121.png,1,ai,noise_s0.1,0.994672,1,1
data\val\ai\ai_000122.png,1,ai,noise_s0.1,0.943770,1,1
data\val\ai\ai_000123.png,1,ai,noise_s0.1,0.920734,1,1
data\val\ai\ai_000124.png,1,ai,noise_s0.1,0.618025,1,1
data\val\ai\ai_000125.png,1,ai,noise_s0.1,0.986065,1,1
data\val\ai\ai_000126.png,1,ai,noise_s0.1,0.886764,1,1
data\val\ai\ai_000127.png,1,ai,noise_s0.1,0.974734,1,1
data\val\ai\ai_000128.png,1,ai,noise_s0.1,0.781112,1,1
data\val\ai\ai_000129.png,1,ai,noise_s0.1,0.945478,1,1
data\val\ai\ai_000130.png,1,ai,noise_s0.1,0.335649,0,0
data\val\ai\ai_000131.png,1,ai,noise_s0.1,0.984446,1,1
data\val\ai\ai_000132.png,1,ai,noise_s0.1,0.776837,1,1
data\val\ai\ai_000133.png,1,ai,noise_s0.1,0.984296,1,1
data\val\ai\ai_000134.png,1,ai,noise_s0.1,0.930059,1,1
data\val\ai\ai_000135.png,1,ai,noise_s0.1,0.998679,1,1
data\val\ai\ai_000136.png,1,ai,noise_s0.1,0.832815,1,1
data\val\ai\ai_000137.png,1,ai,noise_s0.1,0.733171,1,1
data\val\ai\ai_000138.png,1,ai,noise_s0.1,0.863915,1,1
data\val\ai\ai_000139.png,1,ai,noise_s0.1,0.967727,1,1
data\val\ai\ai_000140.png,1,ai,noise_s0.1,0.677776,1,1
data\val\ai\ai_000141.png,1,ai,noise_s0.1,0.986170,1,1
data\val\ai\ai_000142.png,1,ai,noise_s0.1,0.910562,1,1
data\val\ai\ai_000143.png,1,ai,noise_s0.1,0.988020,1,1
data\val\ai\ai_000144.png,1,ai,noise_s0.1,0.983312,1,1
data\val\ai\ai_000145.png,1,ai,noise_s0.1,0.984088,1,1
data\val\ai\ai_000146.png,1,ai,noise_s0.1,0.962018,1,1
data\val\ai\ai_000147.png,1,ai,noise_s0.1,0.927859,1,1
data\val\ai\ai_000148.png,1,ai,noise_s0.1,0.110731,0,0
data\val\ai\ai_000149.png,1,ai,noise_s0.1,0.992684,1,1
data\val\ai\ai_000150.png,1,ai,noise_s0.1,0.237666,0,0
data\val\ai\ai_000151.png,1,ai,noise_s0.1,0.837400,1,1
data\val\ai\ai_000152.png,1,ai,noise_s0.1,0.844520,1,1
data\val\ai\ai_000153.png,1,ai,noise_s0.1,0.987061,1,1
data\val\ai\ai_000154.png,1,ai,noise_s0.1,0.988162,1,1
data\val\ai\ai_000155.png,1,ai,noise_s0.1,0.912396,1,1
data\val\ai\ai_000156.png,1,ai,noise_s0.1,0.529130,1,1
data\val\ai\ai_000157.png,1,ai,noise_s0.1,0.968098,1,1
data\val\ai\ai_000158.png,1,ai,noise_s0.1,0.212201,0,0
data\val\ai\ai_000159.png,1,ai,noise_s0.1,0.989531,1,1
data\val\ai\ai_000160.png,1,ai,noise_s0.1,0.087441,0,0
data\val\ai\ai_000161.png,1,ai,noise_s0.1,0.969451,1,1
data\val\ai\ai_000162.png,1,ai,noise_s0.1,0.938568,1,1
data\val\ai\ai_000163.png,1,ai,noise_s0.1,0.996148,1,1
data\val\ai\ai_000164.png,1,ai,noise_s0.1,0.984901,1,1
data\val\ai\ai_000165.png,1,ai,noise_s0.1,0.987533,1,1
data\val\ai\ai_000166.png,1,ai,noise_s0.1,0.674233,1,1
data\val\ai\ai_000167.png,1,ai,noise_s0.1,0.872655,1,1
data\val\ai\ai_000168.png,1,ai,noise_s0.1,0.482427,0,0
data\val\ai\ai_000169.png,1,ai,noise_s0.1,0.948176,1,1
data\val\ai\ai_000170.png,1,ai,noise_s0.1,0.777514,1,1
data\val\ai\ai_000171.png,1,ai,noise_s0.1,0.989556,1,1
data\val\ai\ai_000172.png,1,ai,noise_s0.1,0.978371,1,1
data\val\ai\ai_000173.png,1,ai,noise_s0.1,0.925784,1,1
data\val\ai\ai_000174.png,1,ai,noise_s0.1,0.997872,1,1
data\val\ai\ai_000175.png,1,ai,noise_s0.1,0.977573,1,1
data\val\ai\ai_000176.png,1,ai,noise_s0.1,0.935455,1,1
data\val\ai\ai_000177.png,1,ai,noise_s0.1,0.637119,1,1
data\val\ai\ai_000178.png,1,ai,noise_s0.1,0.445643,0,0
data\val\ai\ai_000179.png,1,ai,noise_s0.1,0.979431,1,1
data\val\ai\ai_000180.png,1,ai,noise_s0.1,0.801167,1,1
data\val\ai\ai_000181.png,1,ai,noise_s0.1,0.975422,1,1
data\val\ai\ai_000182.png,1,ai,noise_s0.1,0.937220,1,1
data\val\ai\ai_000183.png,1,ai,noise_s0.1,0.882130,1,1
data\val\ai\ai_000184.png,1,ai,noise_s0.1,0.984642,1,1
data\val\ai\ai_000185.png,1,ai,noise_s0.1,0.941359,1,1
data\val\ai\ai_000186.png,1,ai,noise_s0.1,0.656637,1,1
data\val\ai\ai_000187.png,1,ai,noise_s0.1,0.890216,1,1
data\val\ai\ai_000188.png,1,ai,noise_s0.1,0.366195,0,0
data\val\ai\ai_000189.png,1,ai,noise_s0.1,0.982297,1,1
data\val\ai\ai_000190.png,1,ai,noise_s0.1,0.864581,1,1
data\val\ai\ai_000191.png,1,ai,noise_s0.1,0.585920,1,1
data\val\ai\ai_000192.png,1,ai,noise_s0.1,0.979144,1,1
data\val\ai\ai_000193.png,1,ai,noise_s0.1,0.982038,1,1
data\val\ai\ai_000194.png,1,ai,noise_s0.1,0.981128,1,1
data\val\ai\ai_000195.png,1,ai,noise_s0.1,0.993918,1,1
data\val\ai\ai_000196.png,1,ai,noise_s0.1,0.948572,1,1
data\val\ai\ai_000197.png,1,ai,noise_s0.1,0.830328,1,1
data\val\ai\ai_000198.png,1,ai,noise_s0.1,0.944839,1,1
data\val\ai\ai_000199.png,1,ai,noise_s0.1,0.932846,1,1
data\val\ai\ai_000200.png,1,ai,noise_s0.1,0.852053,1,1
data\val\ai\ai_000201.png,1,ai,noise_s0.1,0.962775,1,1
data\val\ai\ai_000202.png,1,ai,noise_s0.1,0.462310,0,0
data\val\ai\ai_000203.png,1,ai,noise_s0.1,0.984935,1,1
data\val\ai\ai_000204.png,1,ai,noise_s0.1,0.989076,1,1
data\val\ai\ai_000205.png,1,ai,noise_s0.1,0.954531,1,1
data\val\ai\ai_000206.png,1,ai,noise_s0.1,0.997239,1,1
data\val\ai\ai_000207.png,1,ai,noise_s0.1,0.899486,1,1
data\val\ai\ai_000208.png,1,ai,noise_s0.1,0.881347,1,1
data\val\ai\ai_000209.png,1,ai,noise_s0.1,0.994269,1,1
data\val\ai\ai_000210.png,1,ai,noise_s0.1,0.896826,1,1
data\val\ai\ai_000211.png,1,ai,noise_s0.1,0.981071,1,1
data\val\ai\ai_000212.png,1,ai,noise_s0.1,0.997006,1,1
data\val\ai\ai_000213.png,1,ai,noise_s0.1,0.913300,1,1
data\val\ai\ai_000214.png,1,ai,noise_s0.1,0.996890,1,1
data\val\ai\ai_000215.png,1,ai,noise_s0.1,0.982680,1,1
data\val\ai\ai_000216.png,1,ai,noise_s0.1,0.888129,1,1
data\val\ai\ai_000217.png,1,ai,noise_s0.1,0.752806,1,1
data\val\ai\ai_000218.png,1,ai,noise_s0.1,0.604453,1,1
data\val\ai\ai_000219.png,1,ai,noise_s0.1,0.969473,1,1
data\val\ai\ai_000220.png,1,ai,noise_s0.1,0.110995,0,0
data\val\ai\ai_000221.png,1,ai,noise_s0.1,0.971504,1,1
data\val\ai\ai_000222.png,1,ai,noise_s0.1,0.890198,1,1
data\val\ai\ai_000223.png,1,ai,noise_s0.1,0.974790,1,1
data\val\ai\ai_000224.png,1,ai,noise_s0.1,0.793255,1,1
data\val\ai\ai_000225.png,1,ai,noise_s0.1,0.915389,1,1
data\val\ai\ai_000226.png,1,ai,noise_s0.1,0.803146,1,1
data\val\ai\ai_000227.png,1,ai,noise_s0.1,0.800559,1,1
data\val\ai\ai_000228.png,1,ai,noise_s0.1,0.041258,0,0
data\val\ai\ai_000229.png,1,ai,noise_s0.1,0.979268,1,1
data\val\ai\ai_000230.png,1,ai,noise_s0.1,0.711019,1,1
data\val\ai\ai_000231.png,1,ai,noise_s0.1,0.997785,1,1
data\val\ai\ai_000232.png,1,ai,noise_s0.1,0.926960,1,1
data\val\ai\ai_000233.png,1,ai,noise_s0.1,0.840245,1,1
data\val\ai\ai_000234.png,1,ai,noise_s0.1,0.992873,1,1
data\val\ai\ai_000235.png,1,ai,noise_s0.1,0.994476,1,1
data\val\ai\ai_000236.png,1,ai,noise_s0.1,0.375938,0,0
data\val\ai\ai_000237.png,1,ai,noise_s0.1,0.893078,1,1
data\val\ai\ai_000238.png,1,ai,noise_s0.1,0.795110,1,1
data\val\ai\ai_000239.png,1,ai,noise_s0.1,0.787083,1,1
data\val\ai\ai_000240.png,1,ai,noise_s0.1,0.774785,1,1
data\val\ai\ai_000241.png,1,ai,noise_s0.1,0.983953,1,1
data\val\ai\ai_000242.png,1,ai,noise_s0.1,0.991722,1,1
data\val\ai\ai_000243.png,1,ai,noise_s0.1,0.925487,1,1
data\val\ai\ai_000244.png,1,ai,noise_s0.1,0.992128,1,1
data\val\ai\ai_000245.png,1,ai,noise_s0.1,0.902678,1,1
data\val\ai\ai_000246.png,1,ai,noise_s0.1,0.989517,1,1
data\val\ai\ai_000247.png,1,ai,noise_s0.1,0.854030,1,1
data\val\ai\ai_000248.png,1,ai,noise_s0.1,0.947782,1,1
data\val\ai\ai_000249.png,1,ai,noise_s0.1,0.986758,1,1
data\val\ai\ai_000250.png,1,ai,noise_s0.1,0.294394,0,0
data\val\ai\ai_000251.png,1,ai,noise_s0.1,0.963612,1,1
data\val\ai\ai_000252.png,1,ai,noise_s0.1,0.894414,1,1
data\val\ai\ai_000253.png,1,ai,noise_s0.1,0.956135,1,1
data\val\ai\ai_000254.png,1,ai,noise_s0.1,0.910550,1,1
data\val\ai\ai_000255.png,1,ai,noise_s0.1,0.419529,0,0
data\val\ai\ai_000256.png,1,ai,noise_s0.1,0.264921,0,0
data\val\ai\ai_000257.png,1,ai,noise_s0.1,0.946323,1,1
data\val\ai\ai_000258.png,1,ai,noise_s0.1,0.638670,1,1
data\val\ai\ai_000259.png,1,ai,noise_s0.1,0.984606,1,1
data\val\ai\ai_000260.png,1,ai,noise_s0.1,0.543063,1,1
data\val\ai\ai_000261.png,1,ai,noise_s0.1,0.970344,1,1
data\val\ai\ai_000262.png,1,ai,noise_s0.1,0.979976,1,1
data\val\ai\ai_000263.png,1,ai,noise_s0.1,0.992404,1,1
data\val\ai\ai_000264.png,1,ai,noise_s0.1,0.995037,1,1
data\val\ai\ai_000265.png,1,ai,noise_s0.1,0.956649,1,1
data\val\ai\ai_000266.png,1,ai,noise_s0.1,0.931835,1,1
data\val\ai\ai_000267.png,1,ai,noise_s0.1,0.942720,1,1
data\val\ai\ai_000268.png,1,ai,noise_s0.1,0.846888,1,1
data\val\ai\ai_000269.png,1,ai,noise_s0.1,0.993992,1,1
data\val\ai\ai_000270.png,1,ai,noise_s0.1,0.699339,1,1
data\val\ai\ai_000271.png,1,ai,noise_s0.1,0.988358,1,1
data\val\ai\ai_000272.png,1,ai,noise_s0.1,0.997017,1,1
data\val\ai\ai_000273.png,1,ai,noise_s0.1,0.965770,1,1
data\val\ai\ai_000274.png,1,ai,noise_s0.1,0.904304,1,1
data\val\ai\ai_000275.png,1,ai,noise_s0.1,0.948352,1,1
data\val\ai\ai_000276.png,1,ai,noise_s0.1,0.983463,1,1
data\val\ai\ai_000277.png,1,ai,noise_s0.1,0.701825,1,1
data\val\ai\ai_000278.png,1,ai,noise_s0.1,0.977940,1,1
data\val\ai\ai_000279.png,1,ai,noise_s0.1,0.976419,1,1
data\val\ai\ai_000280.png,1,ai,noise_s0.1,0.829464,1,1
data\val\ai\ai_000281.png,1,ai,noise_s0.1,0.924723,1,1
data\val\ai\ai_000282.png,1,ai,noise_s0.1,0.886512,1,1
data\val\ai\ai_000283.png,1,ai,noise_s0.1,0.963724,1,1
data\val\ai\ai_000284.png,1,ai,noise_s0.1,0.963328,1,1
data\val\ai\ai_000285.png,1,ai,noise_s0.1,0.996479,1,1
data\val\ai\ai_000286.png,1,ai,noise_s0.1,0.954334,1,1
data\val\ai\ai_000287.png,1,ai,noise_s0.1,0.937062,1,1
data\val\ai\ai_000288.png,1,ai,noise_s0.1,0.183233,0,0
data\val\ai\ai_000289.png,1,ai,noise_s0.1,0.969312,1,1
data\val\ai\ai_000290.png,1,ai,noise_s0.1,0.833424,1,1
data\val\ai\ai_000291.png,1,ai,noise_s0.1,0.991184,1,1
data\val\ai\ai_000292.png,1,ai,noise_s0.1,0.967925,1,1
data\val\ai\ai_000293.png,1,ai,noise_s0.1,0.204371,0,0
data\val\ai\ai_000294.png,1,ai,noise_s0.1,0.970958,1,1
data\val\ai\ai_000295.png,1,ai,noise_s0.1,0.972347,1,1
data\val\ai\ai_000296.png,1,ai,noise_s0.1,0.996260,1,1
data\val\ai\ai_000297.png,1,ai,noise_s0.1,0.979319,1,1
data\val\ai\ai_000298.png,1,ai,noise_s0.1,0.915686,1,1
data\val\ai\ai_000299.png,1,ai,noise_s0.1,0.926261,1,1
data\val\ai\ai_000300.png,1,ai,noise_s0.1,0.600819,1,1
data\val\ai\ai_000301.png,1,ai,noise_s0.1,0.680392,1,1
data\val\ai\ai_000302.png,1,ai,noise_s0.1,0.548683,1,1
data\val\ai\ai_000303.png,1,ai,noise_s0.1,0.883903,1,1
data\val\ai\ai_000304.png,1,ai,noise_s0.1,0.941763,1,1
data\val\ai\ai_000305.png,1,ai,noise_s0.1,0.954523,1,1
data\val\ai\ai_000306.png,1,ai,noise_s0.1,0.949452,1,1
data\val\ai\ai_000307.png,1,ai,noise_s0.1,0.947192,1,1
data\val\ai\ai_000308.png,1,ai,noise_s0.1,0.545186,1,1
data\val\ai\ai_000309.png,1,ai,noise_s0.1,0.871272,1,1
data\val\ai\ai_000310.png,1,ai,noise_s0.1,0.813824,1,1
data\val\ai\ai_000311.png,1,ai,noise_s0.1,0.846096,1,1
data\val\ai\ai_000312.png,1,ai,noise_s0.1,0.946697,1,1
data\val\ai\ai_000313.png,1,ai,noise_s0.1,0.568899,1,1
data\val\ai\ai_000314.png,1,ai,noise_s0.1,0.967981,1,1
data\val\ai\ai_000315.png,1,ai,noise_s0.1,0.982910,1,1
data\val\ai\ai_000316.png,1,ai,noise_s0.1,0.987623,1,1
data\val\ai\ai_000317.png,1,ai,noise_s0.1,0.970105,1,1
data\val\ai\ai_000318.png,1,ai,noise_s0.1,0.044293,0,0
data\val\ai\ai_000319.png,1,ai,noise_s0.1,0.964753,1,1
data\val\ai\ai_000320.png,1,ai,noise_s0.1,0.960259,1,1
data\val\ai\ai_000321.png,1,ai,noise_s0.1,0.996923,1,1
data\val\ai\ai_000322.png,1,ai,noise_s0.1,0.571486,1,1
data\val\ai\ai_000323.png,1,ai,noise_s0.1,0.987837,1,1
data\val\ai\ai_000324.png,1,ai,noise_s0.1,0.988892,1,1
data\val\ai\ai_000325.png,1,ai,noise_s0.1,0.899475,1,1
data\val\ai\ai_000326.png,1,ai,noise_s0.1,0.991441,1,1
data\val\ai\ai_000327.png,1,ai,noise_s0.1,0.996317,1,1
data\val\ai\ai_000328.png,1,ai,noise_s0.1,0.734578,1,1
data\val\ai\ai_000329.png,1,ai,noise_s0.1,0.945668,1,1
data\val\ai\ai_000330.png,1,ai,noise_s0.1,0.809049,1,1
data\val\ai\ai_000331.png,1,ai,noise_s0.1,0.958420,1,1
data\val\ai\ai_000332.png,1,ai,noise_s0.1,0.384739,0,0
data\val\ai\ai_000333.png,1,ai,noise_s0.1,0.958188,1,1
data\val\ai\ai_000334.png,1,ai,noise_s0.1,0.773603,1,1
data\val\ai\ai_000335.png,1,ai,noise_s0.1,0.967752,1,1
data\val\ai\ai_000336.png,1,ai,noise_s0.1,0.364913,0,0
data\val\ai\ai_000337.png,1,ai,noise_s0.1,0.987412,1,1
data\val\ai\ai_000338.png,1,ai,noise_s0.1,0.259106,0,0
data\val\ai\ai_000339.png,1,ai,noise_s0.1,0.990167,1,1
data\val\ai\ai_000340.png,1,ai,noise_s0.1,0.907549,1,1
data\val\ai\ai_000341.png,1,ai,noise_s0.1,0.924663,1,1
data\val\ai\ai_000342.png,1,ai,noise_s0.1,0.653204,1,1
data\val\ai\ai_000343.png,1,ai,noise_s0.1,0.941450,1,1
data\val\ai\ai_000344.png,1,ai,noise_s0.1,0.815607,1,1
data\val\ai\ai_000345.png,1,ai,noise_s0.1,0.953119,1,1
data\val\ai\ai_000346.png,1,ai,noise_s0.1,0.996029,1,1
data\val\ai\ai_000347.png,1,ai,noise_s0.1,0.901247,1,1
data\val\ai\ai_000348.png,1,ai,noise_s0.1,0.494211,0,0
data\val\ai\ai_000349.png,1,ai,noise_s0.1,0.996909,1,1
data\val\ai\ai_000350.png,1,ai,noise_s0.1,0.522717,1,1
data\val\ai\ai_000351.png,1,ai,noise_s0.1,0.986659,1,1
data\val\ai\ai_000352.png,1,ai,noise_s0.1,0.587065,1,1
data\val\ai\ai_000353.png,1,ai,noise_s0.1,0.949737,1,1
data\val\ai\ai_000354.png,1,ai,noise_s0.1,0.995884,1,1
data\val\ai\ai_000355.png,1,ai,noise_s0.1,0.983587,1,1
data\val\ai\ai_000356.png,1,ai,noise_s0.1,0.719638,1,1
data\val\ai\ai_000357.png,1,ai,noise_s0.1,0.959699,1,1
data\val\ai\ai_000358.png,1,ai,noise_s0.1,0.230641,0,0
data\val\ai\ai_000359.png,1,ai,noise_s0.1,0.946194,1,1
data\val\ai\ai_000360.png,1,ai,noise_s0.1,0.818233,1,1
data\val\ai\ai_000361.png,1,ai,noise_s0.1,0.996517,1,1
data\val\ai\ai_000362.png,1,ai,noise_s0.1,0.920694,1,1
data\val\ai\ai_000363.png,1,ai,noise_s0.1,0.987446,1,1
data\val\ai\ai_000364.png,1,ai,noise_s0.1,0.996948,1,1
data\val\ai\ai_000365.png,1,ai,noise_s0.1,0.439952,0,0
data\val\ai\ai_000366.png,1,ai,noise_s0.1,0.600116,1,1
data\val\ai\ai_000367.png,1,ai,noise_s0.1,0.981322,1,1
data\val\ai\ai_000368.png,1,ai,noise_s0.1,0.353892,0,0
data\val\ai\ai_000369.png,1,ai,noise_s0.1,0.971933,1,1
data\val\ai\ai_000370.png,1,ai,noise_s0.1,0.161198,0,0
data\val\ai\ai_000371.png,1,ai,noise_s0.1,0.964429,1,1
data\val\ai\ai_000372.png,1,ai,noise_s0.1,0.938812,1,1
data\val\ai\ai_000373.png,1,ai,noise_s0.1,0.925385,1,1
data\val\ai\ai_000374.png,1,ai,noise_s0.1,0.989549,1,1
data\val\ai\ai_000375.png,1,ai,noise_s0.1,0.870491,1,1
data\val\ai\ai_000376.png,1,ai,noise_s0.1,0.697105,1,1
data\val\ai\ai_000377.png,1,ai,noise_s0.1,0.833321,1,1
data\val\ai\ai_000378.png,1,ai,noise_s0.1,0.972941,1,1
data\val\ai\ai_000379.png,1,ai,noise_s0.1,0.988936,1,1
data\val\ai\ai_000380.png,1,ai,noise_s0.1,0.436113,0,0
data\val\ai\ai_000381.png,1,ai,noise_s0.1,0.928828,1,1
data\val\ai\ai_000382.png,1,ai,noise_s0.1,0.387950,0,0
data\val\ai\ai_000383.png,1,ai,noise_s0.1,0.914235,1,1
data\val\ai\ai_000384.png,1,ai,noise_s0.1,0.924804,1,1
data\val\ai\ai_000385.png,1,ai,noise_s0.1,0.997698,1,1
data\val\ai\ai_000386.png,1,ai,noise_s0.1,0.834449,1,1
data\val\ai\ai_000387.png,1,ai,noise_s0.1,0.993729,1,1
data\val\ai\ai_000388.png,1,ai,noise_s0.1,0.949371,1,1
data\val\ai\ai_000389.png,1,ai,noise_s0.1,0.948810,1,1
data\val\ai\ai_000390.png,1,ai,noise_s0.1,0.941649,1,1
data\val\ai\ai_000391.png,1,ai,noise_s0.1,0.947819,1,1
data\val\ai\ai_000392.png,1,ai,noise_s0.1,0.717570,1,1
data\val\ai\ai_000393.png,1,ai,noise_s0.1,0.961923,1,1
data\val\ai\ai_000394.png,1,ai,noise_s0.1,0.986682,1,1
data\val\ai\ai_000395.png,1,ai,noise_s0.1,0.897602,1,1
data\val\ai\ai_000396.png,1,ai,noise_s0.1,0.737754,1,1
data\val\ai\ai_000397.png,1,ai,noise_s0.1,0.982200,1,1
data\val\ai\ai_000398.png,1,ai,noise_s0.1,0.716653,1,1
data\val\ai\ai_000399.png,1,ai,noise_s0.1,0.982987,1,1
data\val\ai\ai_000400.png,1,ai,noise_s0.1,0.219944,0,0
data\val\ai\ai_000401.png,1,ai,noise_s0.1,0.973034,1,1
data\val\ai\ai_000402.png,1,ai,noise_s0.1,0.967514,1,1
data\val\ai\ai_000403.png,1,ai,noise_s0.1,0.996268,1,1
data\val\ai\ai_000404.png,1,ai,noise_s0.1,0.988371,1,1
data\val\ai\ai_000405.png,1,ai,noise_s0.1,0.984683,1,1
data\val\ai\ai_000406.png,1,ai,noise_s0.1,0.895385,1,1
data\val\ai\ai_000407.png,1,ai,noise_s0.1,0.621899,1,1
data\val\ai\ai_000408.png,1,ai,noise_s0.1,0.947211,1,1
data\val\ai\ai_000409.png,1,ai,noise_s0.1,0.929636,1,1
data\val\ai\ai_000410.png,1,ai,noise_s0.1,0.500287,1,1
data\val\ai\ai_000411.png,1,ai,noise_s0.1,0.970865,1,1
data\val\ai\ai_000412.png,1,ai,noise_s0.1,0.958002,1,1
data\val\ai\ai_000413.png,1,ai,noise_s0.1,0.942067,1,1
data\val\ai\ai_000414.png,1,ai,noise_s0.1,0.996967,1,1
data\val\ai\ai_000415.png,1,ai,noise_s0.1,0.986199,1,1
data\val\ai\ai_000416.png,1,ai,noise_s0.1,0.730133,1,1
data\val\ai\ai_000417.png,1,ai,noise_s0.1,0.942672,1,1
data\val\ai\ai_000418.png,1,ai,noise_s0.1,0.135489,0,0
data\val\ai\ai_000419.png,1,ai,noise_s0.1,0.906508,1,1
data\val\ai\ai_000420.png,1,ai,noise_s0.1,0.763023,1,1
data\val\ai\ai_000421.png,1,ai,noise_s0.1,0.982905,1,1
data\val\ai\ai_000422.png,1,ai,noise_s0.1,0.262949,0,0
data\val\ai\ai_000423.png,1,ai,noise_s0.1,0.708430,1,1
data\val\ai\ai_000424.png,1,ai,noise_s0.1,0.992593,1,1
data\val\ai\ai_000425.png,1,ai,noise_s0.1,0.901420,1,1
data\val\ai\ai_000426.png,1,ai,noise_s0.1,0.533388,1,1
data\val\ai\ai_000427.png,1,ai,noise_s0.1,0.967866,1,1
data\val\ai\ai_000428.png,1,ai,noise_s0.1,0.939482,1,1
data\val\ai\ai_000429.png,1,ai,noise_s0.1,0.994954,1,1
data\val\ai\ai_000430.png,1,ai,noise_s0.1,0.805412,1,1
data\val\ai\ai_000431.png,1,ai,noise_s0.1,0.923719,1,1
data\val\ai\ai_000432.png,1,ai,noise_s0.1,0.993010,1,1
data\val\ai\ai_000433.png,1,ai,noise_s0.1,0.985527,1,1
data\val\ai\ai_000434.png,1,ai,noise_s0.1,0.962481,1,1
data\val\ai\ai_000435.png,1,ai,noise_s0.1,0.836407,1,1
data\val\ai\ai_000436.png,1,ai,noise_s0.1,0.987384,1,1
data\val\ai\ai_000437.png,1,ai,noise_s0.1,0.732770,1,1
data\val\ai\ai_000438.png,1,ai,noise_s0.1,0.934347,1,1
data\val\ai\ai_000439.png,1,ai,noise_s0.1,0.782623,1,1
data\val\ai\ai_000440.png,1,ai,noise_s0.1,0.625181,1,1
data\val\ai\ai_000441.png,1,ai,noise_s0.1,0.760871,1,1
data\val\ai\ai_000442.png,1,ai,noise_s0.1,0.952247,1,1
data\val\ai\ai_000443.png,1,ai,noise_s0.1,0.988810,1,1
data\val\ai\ai_000444.png,1,ai,noise_s0.1,0.996584,1,1
data\val\ai\ai_000445.png,1,ai,noise_s0.1,0.923122,1,1
data\val\ai\ai_000446.png,1,ai,noise_s0.1,0.965647,1,1
data\val\ai\ai_000447.png,1,ai,noise_s0.1,0.971527,1,1
data\val\ai\ai_000448.png,1,ai,noise_s0.1,0.104030,0,0
data\val\ai\ai_000449.png,1,ai,noise_s0.1,0.984795,1,1
data\val\ai\ai_000450.png,1,ai,noise_s0.1,0.943530,1,1
data\val\ai\ai_000451.png,1,ai,noise_s0.1,0.958826,1,1
data\val\ai\ai_000452.png,1,ai,noise_s0.1,0.905377,1,1
data\val\ai\ai_000453.png,1,ai,noise_s0.1,0.968027,1,1
data\val\ai\ai_000454.png,1,ai,noise_s0.1,0.829793,1,1
data\val\ai\ai_000455.png,1,ai,noise_s0.1,0.989790,1,1
data\val\ai\ai_000456.png,1,ai,noise_s0.1,0.896413,1,1
data\val\ai\ai_000457.png,1,ai,noise_s0.1,0.943806,1,1
data\val\ai\ai_000458.png,1,ai,noise_s0.1,0.881001,1,1
data\val\ai\ai_000459.png,1,ai,noise_s0.1,0.424497,0,0
data\val\ai\ai_000460.png,1,ai,noise_s0.1,0.627896,1,1
data\val\ai\ai_000461.png,1,ai,noise_s0.1,0.751346,1,1
data\val\ai\ai_000462.png,1,ai,noise_s0.1,0.958308,1,1
data\val\ai\ai_000463.png,1,ai,noise_s0.1,0.928792,1,1
data\val\ai\ai_000464.png,1,ai,noise_s0.1,0.972411,1,1
data\val\ai\ai_000465.png,1,ai,noise_s0.1,0.991764,1,1
data\val\ai\ai_000466.png,1,ai,noise_s0.1,0.451688,0,0
data\val\ai\ai_000467.png,1,ai,noise_s0.1,0.946062,1,1
data\val\ai\ai_000468.png,1,ai,noise_s0.1,0.668168,1,1
data\val\ai\ai_000469.png,1,ai,noise_s0.1,0.967158,1,1
data\val\ai\ai_000470.png,1,ai,noise_s0.1,0.638988,1,1
data\val\ai\ai_000471.png,1,ai,noise_s0.1,0.999177,1,1
data\val\ai\ai_000472.png,1,ai,noise_s0.1,0.928033,1,1
data\val\ai\ai_000473.png,1,ai,noise_s0.1,0.697294,1,1
data\val\ai\ai_000474.png,1,ai,noise_s0.1,0.961723,1,1
data\val\ai\ai_000475.png,1,ai,noise_s0.1,0.984549,1,1
data\val\ai\ai_000476.png,1,ai,noise_s0.1,0.935845,1,1
data\val\ai\ai_000477.png,1,ai,noise_s0.1,0.965535,1,1
data\val\ai\ai_000478.png,1,ai,noise_s0.1,0.959074,1,1
data\val\ai\ai_000479.png,1,ai,noise_s0.1,0.864684,1,1
data\val\ai\ai_000480.png,1,ai,noise_s0.1,0.745324,1,1
data\val\ai\ai_000481.png,1,ai,noise_s0.1,0.976564,1,1
data\val\ai\ai_000482.png,1,ai,noise_s0.1,0.684358,1,1
data\val\ai\ai_000483.png,1,ai,noise_s0.1,0.822768,1,1
data\val\ai\ai_000484.png,1,ai,noise_s0.1,0.839441,1,1
data\val\ai\ai_000485.png,1,ai,noise_s0.1,0.956800,1,1
data\val\ai\ai_000486.png,1,ai,noise_s0.1,0.982487,1,1
data\val\ai\ai_000487.png,1,ai,noise_s0.1,0.976375,1,1
data\val\ai\ai_000488.png,1,ai,noise_s0.1,0.764066,1,1
data\val\ai\ai_000489.png,1,ai,noise_s0.1,0.951026,1,1
data\val\ai\ai_000490.png,1,ai,noise_s0.1,0.696522,1,1
data\val\ai\ai_000491.png,1,ai,noise_s0.1,0.924656,1,1
data\val\ai\ai_000492.png,1,ai,noise_s0.1,0.977468,1,1
data\val\ai\ai_000493.png,1,ai,noise_s0.1,0.984076,1,1
data\val\ai\ai_000494.png,1,ai,noise_s0.1,0.993741,1,1
data\val\ai\ai_000495.png,1,ai,noise_s0.1,0.821762,1,1
data\val\ai\ai_000496.png,1,ai,noise_s0.1,0.516647,1,1
data\val\ai\ai_000497.png,1,ai,noise_s0.1,0.872724,1,1
data\val\ai\ai_000498.png,1,ai,noise_s0.1,0.370403,0,0
data\val\ai\ai_000499.png,1,ai,noise_s0.1,0.962074,1,1
data\val\ai\ai_000500.png,1,ai,noise_s0.1,0.883389,1,1
data\val\real\000000000139.jpg,0,real,jitter_20pct,0.830189,1,0
data\val\real\000000000285.jpg,0,real,jitter_20pct,0.042485,0,1
data\val\real\000000000632.jpg,0,real,jitter_20pct,0.924439,1,0
data\val\real\000000000724.jpg,0,real,jitter_20pct,0.134471,0,1
data\val\real\000000000776.jpg,0,real,jitter_20pct,0.062161,0,1
data\val\real\000000000785.jpg,0,real,jitter_20pct,0.544586,1,0
data\val\real\000000000802.jpg,0,real,jitter_20pct,0.367162,0,1
data\val\real\000000000872.jpg,0,real,jitter_20pct,0.019151,0,1
data\val\real\000000000885.jpg,0,real,jitter_20pct,0.126909,0,1
data\val\real\000000001000.jpg,0,real,jitter_20pct,0.002674,0,1
data\val\real\000000001268.jpg,0,real,jitter_20pct,0.047668,0,1
data\val\real\000000001296.jpg,0,real,jitter_20pct,0.209091,0,1
data\val\real\000000001353.jpg,0,real,jitter_20pct,0.002658,0,1
data\val\real\000000001425.jpg,0,real,jitter_20pct,0.697834,1,0
data\val\real\000000001490.jpg,0,real,jitter_20pct,0.192598,0,1
data\val\real\000000001503.jpg,0,real,jitter_20pct,0.403182,0,1
data\val\real\000000001532.jpg,0,real,jitter_20pct,0.087538,0,1
data\val\real\000000001584.jpg,0,real,jitter_20pct,0.331388,0,1
data\val\real\000000001675.jpg,0,real,jitter_20pct,0.132037,0,1
data\val\real\000000001761.jpg,0,real,jitter_20pct,0.025084,0,1
data\val\real\000000001818.jpg,0,real,jitter_20pct,0.349141,0,1
data\val\real\000000001993.jpg,0,real,jitter_20pct,0.512194,1,0
data\val\real\000000002006.jpg,0,real,jitter_20pct,0.084457,0,1
data\val\real\000000002149.jpg,0,real,jitter_20pct,0.379529,0,1
data\val\real\000000002153.jpg,0,real,jitter_20pct,0.009463,0,1
data\val\real\000000002157.jpg,0,real,jitter_20pct,0.271405,0,1
data\val\real\000000002261.jpg,0,real,jitter_20pct,0.088298,0,1
data\val\real\000000002299.jpg,0,real,jitter_20pct,0.016746,0,1
data\val\real\000000002431.jpg,0,real,jitter_20pct,0.140605,0,1
data\val\real\000000002473.jpg,0,real,jitter_20pct,0.028106,0,1
data\val\real\000000002532.jpg,0,real,jitter_20pct,0.013001,0,1
data\val\real\000000002587.jpg,0,real,jitter_20pct,0.094587,0,1
data\val\real\000000002592.jpg,0,real,jitter_20pct,0.039092,0,1
data\val\real\000000002685.jpg,0,real,jitter_20pct,0.003402,0,1
data\val\real\000000002923.jpg,0,real,jitter_20pct,0.038393,0,1
data\val\real\000000003156.jpg,0,real,jitter_20pct,0.210841,0,1
data\val\real\000000003255.jpg,0,real,jitter_20pct,0.685550,1,0
data\val\real\000000003501.jpg,0,real,jitter_20pct,0.374268,0,1
data\val\real\000000003553.jpg,0,real,jitter_20pct,0.055542,0,1
data\val\real\000000003661.jpg,0,real,jitter_20pct,0.021360,0,1
data\val\real\000000003845.jpg,0,real,jitter_20pct,0.214273,0,1
data\val\real\000000003934.jpg,0,real,jitter_20pct,0.002427,0,1
data\val\real\000000004134.jpg,0,real,jitter_20pct,0.006529,0,1
data\val\real\000000004395.jpg,0,real,jitter_20pct,0.015506,0,1
data\val\real\000000004495.jpg,0,real,jitter_20pct,0.257213,0,1
data\val\real\000000004765.jpg,0,real,jitter_20pct,0.334002,0,1
data\val\real\000000004795.jpg,0,real,jitter_20pct,0.000994,0,1
data\val\real\000000005001.jpg,0,real,jitter_20pct,0.030818,0,1
data\val\real\000000005037.jpg,0,real,jitter_20pct,0.159834,0,1
data\val\real\000000005060.jpg,0,real,jitter_20pct,0.134260,0,1
data\val\real\000000005193.jpg,0,real,jitter_20pct,0.005234,0,1
data\val\real\000000005477.jpg,0,real,jitter_20pct,0.144228,0,1
data\val\real\000000005503.jpg,0,real,jitter_20pct,0.033167,0,1
data\val\real\000000005529.jpg,0,real,jitter_20pct,0.079585,0,1
data\val\real\000000005586.jpg,0,real,jitter_20pct,0.007419,0,1
data\val\real\000000005600.jpg,0,real,jitter_20pct,0.057600,0,1
data\val\real\000000005992.jpg,0,real,jitter_20pct,0.113999,0,1
data\val\real\000000006012.jpg,0,real,jitter_20pct,0.082423,0,1
data\val\real\000000006040.jpg,0,real,jitter_20pct,0.555158,1,0
data\val\real\000000006213.jpg,0,real,jitter_20pct,0.621203,1,0
data\val\real\000000006460.jpg,0,real,jitter_20pct,0.116551,0,1
data\val\real\000000006471.jpg,0,real,jitter_20pct,0.022814,0,1
data\val\real\000000006614.jpg,0,real,jitter_20pct,0.042533,0,1
data\val\real\000000006723.jpg,0,real,jitter_20pct,0.136017,0,1
data\val\real\000000006763.jpg,0,real,jitter_20pct,0.000270,0,1
data\val\real\000000006771.jpg,0,real,jitter_20pct,0.006991,0,1
data\val\real\000000006818.jpg,0,real,jitter_20pct,0.106319,0,1
data\val\real\000000006894.jpg,0,real,jitter_20pct,0.014528,0,1
data\val\real\000000006954.jpg,0,real,jitter_20pct,0.081265,0,1
data\val\real\000000007088.jpg,0,real,jitter_20pct,0.029471,0,1
data\val\real\000000007108.jpg,0,real,jitter_20pct,0.055019,0,1
data\val\real\000000007278.jpg,0,real,jitter_20pct,0.276167,0,1
data\val\real\000000007281.jpg,0,real,jitter_20pct,0.005303,0,1
data\val\real\000000007386.jpg,0,real,jitter_20pct,0.090385,0,1
data\val\real\000000007511.jpg,0,real,jitter_20pct,0.085976,0,1
data\val\real\000000007574.jpg,0,real,jitter_20pct,0.284538,0,1
data\val\real\000000007784.jpg,0,real,jitter_20pct,0.414063,0,1
data\val\real\000000007795.jpg,0,real,jitter_20pct,0.849550,1,0
data\val\real\000000007816.jpg,0,real,jitter_20pct,0.006575,0,1
data\val\real\000000007818.jpg,0,real,jitter_20pct,0.569914,1,0
data\val\real\000000007888.jpg,0,real,jitter_20pct,0.710602,1,0
data\val\real\000000007977.jpg,0,real,jitter_20pct,0.290170,0,1
data\val\real\000000007991.jpg,0,real,jitter_20pct,0.051478,0,1
data\val\real\000000008021.jpg,0,real,jitter_20pct,0.003836,0,1
data\val\real\000000008211.jpg,0,real,jitter_20pct,0.257249,0,1
data\val\real\000000008277.jpg,0,real,jitter_20pct,0.096220,0,1
data\val\real\000000008532.jpg,0,real,jitter_20pct,0.004238,0,1
data\val\real\000000008629.jpg,0,real,jitter_20pct,0.150128,0,1
data\val\real\000000008690.jpg,0,real,jitter_20pct,0.001707,0,1
data\val\real\000000008762.jpg,0,real,jitter_20pct,0.489611,0,1
data\val\real\000000008844.jpg,0,real,jitter_20pct,0.108379,0,1
data\val\real\000000008899.jpg,0,real,jitter_20pct,0.307087,0,1
data\val\real\000000009378.jpg,0,real,jitter_20pct,0.017045,0,1
data\val\real\000000009400.jpg,0,real,jitter_20pct,0.001474,0,1
data\val\real\000000009448.jpg,0,real,jitter_20pct,0.026402,0,1
data\val\real\000000009483.jpg,0,real,jitter_20pct,0.041053,0,1
data\val\real\000000009590.jpg,0,real,jitter_20pct,0.280206,0,1
data\val\real\000000009769.jpg,0,real,jitter_20pct,0.053397,0,1
data\val\real\000000009772.jpg,0,real,jitter_20pct,0.020772,0,1
data\val\real\000000009891.jpg,0,real,jitter_20pct,0.009159,0,1
data\val\real\000000009914.jpg,0,real,jitter_20pct,0.059007,0,1
data\val\real\000000010092.jpg,0,real,jitter_20pct,0.184129,0,1
data\val\real\000000010363.jpg,0,real,jitter_20pct,0.004349,0,1
data\val\real\000000010583.jpg,0,real,jitter_20pct,0.034084,0,1
data\val\real\000000010707.jpg,0,real,jitter_20pct,0.000486,0,1
data\val\real\000000010764.jpg,0,real,jitter_20pct,0.359665,0,1
data\val\real\000000010977.jpg,0,real,jitter_20pct,0.447217,0,1
data\val\real\000000010995.jpg,0,real,jitter_20pct,0.384366,0,1
data\val\real\000000011051.jpg,0,real,jitter_20pct,0.027211,0,1
data\val\real\000000011122.jpg,0,real,jitter_20pct,0.006764,0,1
data\val\real\000000011149.jpg,0,real,jitter_20pct,0.029654,0,1
data\val\real\000000011197.jpg,0,real,jitter_20pct,0.039623,0,1
data\val\real\000000011511.jpg,0,real,jitter_20pct,0.144609,0,1
data\val\real\000000011615.jpg,0,real,jitter_20pct,0.097421,0,1
data\val\real\000000011699.jpg,0,real,jitter_20pct,0.039868,0,1
data\val\real\000000011760.jpg,0,real,jitter_20pct,0.509323,1,0
data\val\real\000000011813.jpg,0,real,jitter_20pct,0.410851,0,1
data\val\real\000000012062.jpg,0,real,jitter_20pct,0.008293,0,1
data\val\real\000000012120.jpg,0,real,jitter_20pct,0.029579,0,1
data\val\real\000000012280.jpg,0,real,jitter_20pct,0.752403,1,0
data\val\real\000000012576.jpg,0,real,jitter_20pct,0.150543,0,1
data\val\real\000000012639.jpg,0,real,jitter_20pct,0.030372,0,1
data\val\real\000000012667.jpg,0,real,jitter_20pct,0.180442,0,1
data\val\real\000000012670.jpg,0,real,jitter_20pct,0.002603,0,1
data\val\real\000000012748.jpg,0,real,jitter_20pct,0.080810,0,1
data\val\real\000000013004.jpg,0,real,jitter_20pct,0.156374,0,1
data\val\real\000000013177.jpg,0,real,jitter_20pct,0.034758,0,1
data\val\real\000000013201.jpg,0,real,jitter_20pct,0.046717,0,1
data\val\real\000000013291.jpg,0,real,jitter_20pct,0.176102,0,1
data\val\real\000000013348.jpg,0,real,jitter_20pct,0.164392,0,1
data\val\real\000000013546.jpg,0,real,jitter_20pct,0.008237,0,1
data\val\real\000000013597.jpg,0,real,jitter_20pct,0.631315,1,0
data\val\real\000000013659.jpg,0,real,jitter_20pct,0.001369,0,1
data\val\real\000000013729.jpg,0,real,jitter_20pct,0.029285,0,1
data\val\real\000000013774.jpg,0,real,jitter_20pct,0.552083,1,0
data\val\real\000000013923.jpg,0,real,jitter_20pct,0.560680,1,0
data\val\real\000000014007.jpg,0,real,jitter_20pct,0.123799,0,1
data\val\real\000000014038.jpg,0,real,jitter_20pct,0.816046,1,0
data\val\real\000000014226.jpg,0,real,jitter_20pct,0.155855,0,1
data\val\real\000000014380.jpg,0,real,jitter_20pct,0.568459,1,0
data\val\real\000000014439.jpg,0,real,jitter_20pct,0.019762,0,1
data\val\real\000000014473.jpg,0,real,jitter_20pct,0.031778,0,1
data\val\real\000000014831.jpg,0,real,jitter_20pct,0.013588,0,1
data\val\real\000000014888.jpg,0,real,jitter_20pct,0.020330,0,1
data\val\real\000000015079.jpg,0,real,jitter_20pct,0.297835,0,1
data\val\real\000000015254.jpg,0,real,jitter_20pct,0.055582,0,1
data\val\real\000000015272.jpg,0,real,jitter_20pct,0.668208,1,0
data\val\real\000000015278.jpg,0,real,jitter_20pct,0.055997,0,1
data\val\real\000000015335.jpg,0,real,jitter_20pct,0.000985,0,1
data\val\real\000000015338.jpg,0,real,jitter_20pct,0.387277,0,1
data\val\real\000000015440.jpg,0,real,jitter_20pct,0.760558,1,0
data\val\real\000000015497.jpg,0,real,jitter_20pct,0.006141,0,1
data\val\real\000000015517.jpg,0,real,jitter_20pct,0.101117,0,1
data\val\real\000000015597.jpg,0,real,jitter_20pct,0.001421,0,1
data\val\real\000000015660.jpg,0,real,jitter_20pct,0.200236,0,1
data\val\real\000000015746.jpg,0,real,jitter_20pct,0.082437,0,1
data\val\real\000000015751.jpg,0,real,jitter_20pct,0.062764,0,1
data\val\real\000000015956.jpg,0,real,jitter_20pct,0.012627,0,1
data\val\real\000000016010.jpg,0,real,jitter_20pct,0.032326,0,1
data\val\real\000000016228.jpg,0,real,jitter_20pct,0.354532,0,1
data\val\real\000000016249.jpg,0,real,jitter_20pct,0.146666,0,1
data\val\real\000000016439.jpg,0,real,jitter_20pct,0.324428,0,1
data\val\real\000000016451.jpg,0,real,jitter_20pct,0.284108,0,1
data\val\real\000000016502.jpg,0,real,jitter_20pct,0.078600,0,1
data\val\real\000000016598.jpg,0,real,jitter_20pct,0.006366,0,1
data\val\real\000000016958.jpg,0,real,jitter_20pct,0.090578,0,1
data\val\real\000000017029.jpg,0,real,jitter_20pct,0.041807,0,1
data\val\real\000000017031.jpg,0,real,jitter_20pct,0.463083,0,1
data\val\real\000000017115.jpg,0,real,jitter_20pct,0.445380,0,1
data\val\real\000000017178.jpg,0,real,jitter_20pct,0.552988,1,0
data\val\real\000000017182.jpg,0,real,jitter_20pct,0.473756,0,1
data\val\real\000000017207.jpg,0,real,jitter_20pct,0.007279,0,1
data\val\real\000000017379.jpg,0,real,jitter_20pct,0.759508,1,0
data\val\real\000000017436.jpg,0,real,jitter_20pct,0.015609,0,1
data\val\real\000000017627.jpg,0,real,jitter_20pct,0.003766,0,1
data\val\real\000000017714.jpg,0,real,jitter_20pct,0.057651,0,1
data\val\real\000000017899.jpg,0,real,jitter_20pct,0.001623,0,1
data\val\real\000000017905.jpg,0,real,jitter_20pct,0.001256,0,1
data\val\real\000000017959.jpg,0,real,jitter_20pct,0.014631,0,1
data\val\real\000000018150.jpg,0,real,jitter_20pct,0.000912,0,1
data\val\real\000000018193.jpg,0,real,jitter_20pct,0.001584,0,1
data\val\real\000000018380.jpg,0,real,jitter_20pct,0.145406,0,1
data\val\real\000000018491.jpg,0,real,jitter_20pct,0.024196,0,1
data\val\real\000000018519.jpg,0,real,jitter_20pct,0.388555,0,1
data\val\real\000000018575.jpg,0,real,jitter_20pct,0.082868,0,1
data\val\real\000000018737.jpg,0,real,jitter_20pct,0.080979,0,1
data\val\real\000000018770.jpg,0,real,jitter_20pct,0.046051,0,1
data\val\real\000000018833.jpg,0,real,jitter_20pct,0.242715,0,1
data\val\real\000000018837.jpg,0,real,jitter_20pct,0.058507,0,1
data\val\real\000000019042.jpg,0,real,jitter_20pct,0.037963,0,1
data\val\real\000000019109.jpg,0,real,jitter_20pct,0.191840,0,1
data\val\real\000000019221.jpg,0,real,jitter_20pct,0.005500,0,1
data\val\real\000000019402.jpg,0,real,jitter_20pct,0.000782,0,1
data\val\real\000000019432.jpg,0,real,jitter_20pct,0.028575,0,1
data\val\real\000000019742.jpg,0,real,jitter_20pct,0.306094,0,1
data\val\real\000000019786.jpg,0,real,jitter_20pct,0.005595,0,1
data\val\real\000000019924.jpg,0,real,jitter_20pct,0.894134,1,0
data\val\real\000000020059.jpg,0,real,jitter_20pct,0.124792,0,1
data\val\real\000000020107.jpg,0,real,jitter_20pct,0.167868,0,1
data\val\real\000000020247.jpg,0,real,jitter_20pct,0.172952,0,1
data\val\real\000000020333.jpg,0,real,jitter_20pct,0.436576,0,1
data\val\real\000000020553.jpg,0,real,jitter_20pct,0.012980,0,1
data\val\real\000000020571.jpg,0,real,jitter_20pct,0.089352,0,1
data\val\real\000000020992.jpg,0,real,jitter_20pct,0.005870,0,1
data\val\real\000000021167.jpg,0,real,jitter_20pct,0.002734,0,1
data\val\real\000000021465.jpg,0,real,jitter_20pct,0.005145,0,1
data\val\real\000000021503.jpg,0,real,jitter_20pct,0.004090,0,1
data\val\real\000000021604.jpg,0,real,jitter_20pct,0.915015,1,0
data\val\real\000000021839.jpg,0,real,jitter_20pct,0.001437,0,1
data\val\real\000000021879.jpg,0,real,jitter_20pct,0.036291,0,1
data\val\real\000000021903.jpg,0,real,jitter_20pct,0.142321,0,1
data\val\real\000000022192.jpg,0,real,jitter_20pct,0.024382,0,1
data\val\real\000000022371.jpg,0,real,jitter_20pct,0.861236,1,0
data\val\real\000000022396.jpg,0,real,jitter_20pct,0.025002,0,1
data\val\real\000000022479.jpg,0,real,jitter_20pct,0.057288,0,1
data\val\real\000000022589.jpg,0,real,jitter_20pct,0.017644,0,1
data\val\real\000000022623.jpg,0,real,jitter_20pct,0.270556,0,1
data\val\real\000000022705.jpg,0,real,jitter_20pct,0.000731,0,1
data\val\real\000000022755.jpg,0,real,jitter_20pct,0.343003,0,1
data\val\real\000000022892.jpg,0,real,jitter_20pct,0.473874,0,1
data\val\real\000000022935.jpg,0,real,jitter_20pct,0.221990,0,1
data\val\real\000000022969.jpg,0,real,jitter_20pct,0.516076,1,0
data\val\real\000000023023.jpg,0,real,jitter_20pct,0.463993,0,1
data\val\real\000000023034.jpg,0,real,jitter_20pct,0.005444,0,1
data\val\real\000000023126.jpg,0,real,jitter_20pct,0.219354,0,1
data\val\real\000000023230.jpg,0,real,jitter_20pct,0.006775,0,1
data\val\real\000000023272.jpg,0,real,jitter_20pct,0.009482,0,1
data\val\real\000000023359.jpg,0,real,jitter_20pct,0.112890,0,1
data\val\real\000000023666.jpg,0,real,jitter_20pct,0.171755,0,1
data\val\real\000000023751.jpg,0,real,jitter_20pct,0.000802,0,1
data\val\real\000000023781.jpg,0,real,jitter_20pct,0.453926,0,1
data\val\real\000000023899.jpg,0,real,jitter_20pct,0.001629,0,1
data\val\real\000000023937.jpg,0,real,jitter_20pct,0.039133,0,1
data\val\real\000000024021.jpg,0,real,jitter_20pct,0.022080,0,1
data\val\real\000000024027.jpg,0,real,jitter_20pct,0.005096,0,1
data\val\real\000000024144.jpg,0,real,jitter_20pct,0.146203,0,1
data\val\real\000000024243.jpg,0,real,jitter_20pct,0.023741,0,1
data\val\real\000000024567.jpg,0,real,jitter_20pct,0.010732,0,1
data\val\real\000000024610.jpg,0,real,jitter_20pct,0.140536,0,1
data\val\real\000000024919.jpg,0,real,jitter_20pct,0.248319,0,1
data\val\real\000000025057.jpg,0,real,jitter_20pct,0.007200,0,1
data\val\real\000000025096.jpg,0,real,jitter_20pct,0.006931,0,1
data\val\real\000000025139.jpg,0,real,jitter_20pct,0.227718,0,1
data\val\real\000000025181.jpg,0,real,jitter_20pct,0.945400,1,0
data\val\real\000000025228.jpg,0,real,jitter_20pct,0.027307,0,1
data\val\real\000000025386.jpg,0,real,jitter_20pct,0.005298,0,1
data\val\real\000000025393.jpg,0,real,jitter_20pct,0.000393,0,1
data\val\real\000000025394.jpg,0,real,jitter_20pct,0.006006,0,1
data\val\real\000000025424.jpg,0,real,jitter_20pct,0.047404,0,1
data\val\real\000000025560.jpg,0,real,jitter_20pct,0.021041,0,1
data\val\real\000000025593.jpg,0,real,jitter_20pct,0.124583,0,1
data\val\real\000000025603.jpg,0,real,jitter_20pct,0.000369,0,1
data\val\real\000000025986.jpg,0,real,jitter_20pct,0.006003,0,1
data\val\real\000000026204.jpg,0,real,jitter_20pct,0.238724,0,1
data\val\real\000000026465.jpg,0,real,jitter_20pct,0.212921,0,1
data\val\real\000000026564.jpg,0,real,jitter_20pct,0.623619,1,0
data\val\real\000000026690.jpg,0,real,jitter_20pct,0.019221,0,1
data\val\real\000000026926.jpg,0,real,jitter_20pct,0.279714,0,1
data\val\real\000000026941.jpg,0,real,jitter_20pct,0.711493,1,0
data\val\real\000000027186.jpg,0,real,jitter_20pct,0.021225,0,1
data\val\real\000000027620.jpg,0,real,jitter_20pct,0.170104,0,1
data\val\real\000000027696.jpg,0,real,jitter_20pct,0.004651,0,1
data\val\real\000000027768.jpg,0,real,jitter_20pct,0.156613,0,1
data\val\real\000000027932.jpg,0,real,jitter_20pct,0.323914,0,1
data\val\real\000000027972.jpg,0,real,jitter_20pct,0.140658,0,1
data\val\real\000000027982.jpg,0,real,jitter_20pct,0.811792,1,0
data\val\real\000000028285.jpg,0,real,jitter_20pct,0.014494,0,1
data\val\real\000000028449.jpg,0,real,jitter_20pct,0.629690,1,0
data\val\real\000000028452.jpg,0,real,jitter_20pct,0.823349,1,0
data\val\real\000000028809.jpg,0,real,jitter_20pct,0.188302,0,1
data\val\real\000000028993.jpg,0,real,jitter_20pct,0.705936,1,0
data\val\real\000000029187.jpg,0,real,jitter_20pct,0.003243,0,1
data\val\real\000000029393.jpg,0,real,jitter_20pct,0.006467,0,1
data\val\real\000000029397.jpg,0,real,jitter_20pct,0.053082,0,1
data\val\real\000000029596.jpg,0,real,jitter_20pct,0.799876,1,0
data\val\real\000000029640.jpg,0,real,jitter_20pct,0.354686,0,1
data\val\real\000000029675.jpg,0,real,jitter_20pct,0.248141,0,1
data\val\real\000000029984.jpg,0,real,jitter_20pct,0.029400,0,1
data\val\real\000000030213.jpg,0,real,jitter_20pct,0.327603,0,1
data\val\real\000000030494.jpg,0,real,jitter_20pct,0.012117,0,1
data\val\real\000000030504.jpg,0,real,jitter_20pct,0.158864,0,1
data\val\real\000000030675.jpg,0,real,jitter_20pct,0.402483,0,1
data\val\real\000000030785.jpg,0,real,jitter_20pct,0.247016,0,1
data\val\real\000000030828.jpg,0,real,jitter_20pct,0.773712,1,0
data\val\real\000000031050.jpg,0,real,jitter_20pct,0.214688,0,1
data\val\real\000000031093.jpg,0,real,jitter_20pct,0.035207,0,1
data\val\real\000000031118.jpg,0,real,jitter_20pct,0.227879,0,1
data\val\real\000000031217.jpg,0,real,jitter_20pct,0.118311,0,1
data\val\real\000000031248.jpg,0,real,jitter_20pct,0.481220,0,1
data\val\real\000000031269.jpg,0,real,jitter_20pct,0.062614,0,1
data\val\real\000000031296.jpg,0,real,jitter_20pct,0.002159,0,1
data\val\real\000000031322.jpg,0,real,jitter_20pct,0.042873,0,1
data\val\real\000000031620.jpg,0,real,jitter_20pct,0.000102,0,1
data\val\real\000000031735.jpg,0,real,jitter_20pct,0.010750,0,1
data\val\real\000000031749.jpg,0,real,jitter_20pct,0.385915,0,1
data\val\real\000000031817.jpg,0,real,jitter_20pct,0.002463,0,1
data\val\real\000000032038.jpg,0,real,jitter_20pct,0.037257,0,1
data\val\real\000000032081.jpg,0,real,jitter_20pct,0.055508,0,1
data\val\real\000000032285.jpg,0,real,jitter_20pct,0.828564,1,0
data\val\real\000000032334.jpg,0,real,jitter_20pct,0.000889,0,1
data\val\real\000000032570.jpg,0,real,jitter_20pct,0.835230,1,0
data\val\real\000000032610.jpg,0,real,jitter_20pct,0.113382,0,1
data\val\real\000000032735.jpg,0,real,jitter_20pct,0.115570,0,1
data\val\real\000000032811.jpg,0,real,jitter_20pct,0.052771,0,1
data\val\real\000000032817.jpg,0,real,jitter_20pct,0.003695,0,1
data\val\real\000000032861.jpg,0,real,jitter_20pct,0.226575,0,1
data\val\real\000000032887.jpg,0,real,jitter_20pct,0.004971,0,1
data\val\real\000000032901.jpg,0,real,jitter_20pct,0.000186,0,1
data\val\real\000000032941.jpg,0,real,jitter_20pct,0.056810,0,1
data\val\real\000000033005.jpg,0,real,jitter_20pct,0.045608,0,1
data\val\real\000000033104.jpg,0,real,jitter_20pct,0.031262,0,1
data\val\real\000000033109.jpg,0,real,jitter_20pct,0.035463,0,1
data\val\real\000000033114.jpg,0,real,jitter_20pct,0.168437,0,1
data\val\real\000000033221.jpg,0,real,jitter_20pct,0.003230,0,1
data\val\real\000000033368.jpg,0,real,jitter_20pct,0.155194,0,1
data\val\real\000000033638.jpg,0,real,jitter_20pct,0.048056,0,1
data\val\real\000000033707.jpg,0,real,jitter_20pct,0.197403,0,1
data\val\real\000000033759.jpg,0,real,jitter_20pct,0.093873,0,1
data\val\real\000000033854.jpg,0,real,jitter_20pct,0.060634,0,1
data\val\real\000000034071.jpg,0,real,jitter_20pct,0.703933,1,0
data\val\real\000000034139.jpg,0,real,jitter_20pct,0.142789,0,1
data\val\real\000000034205.jpg,0,real,jitter_20pct,0.314020,0,1
data\val\real\000000034257.jpg,0,real,jitter_20pct,0.714964,1,0
data\val\real\000000034417.jpg,0,real,jitter_20pct,0.074962,0,1
data\val\real\000000034452.jpg,0,real,jitter_20pct,0.008498,0,1
data\val\real\000000034760.jpg,0,real,jitter_20pct,0.122201,0,1
data\val\real\000000034873.jpg,0,real,jitter_20pct,0.257376,0,1
data\val\real\000000035062.jpg,0,real,jitter_20pct,0.040363,0,1
data\val\real\000000035197.jpg,0,real,jitter_20pct,0.243531,0,1
data\val\real\000000035279.jpg,0,real,jitter_20pct,0.523890,1,0
data\val\real\000000035326.jpg,0,real,jitter_20pct,0.100612,0,1
data\val\real\000000035682.jpg,0,real,jitter_20pct,0.034867,0,1
data\val\real\000000035770.jpg,0,real,jitter_20pct,0.108328,0,1
data\val\real\000000035963.jpg,0,real,jitter_20pct,0.002822,0,1
data\val\real\000000036494.jpg,0,real,jitter_20pct,0.543172,1,0
data\val\real\000000036539.jpg,0,real,jitter_20pct,0.003153,0,1
data\val\real\000000036660.jpg,0,real,jitter_20pct,0.131830,0,1
data\val\real\000000036678.jpg,0,real,jitter_20pct,0.029670,0,1
data\val\real\000000036844.jpg,0,real,jitter_20pct,0.192046,0,1
data\val\real\000000036861.jpg,0,real,jitter_20pct,0.476559,0,1
data\val\real\000000036936.jpg,0,real,jitter_20pct,0.005491,0,1
data\val\real\000000037670.jpg,0,real,jitter_20pct,0.499426,0,1
data\val\real\000000037689.jpg,0,real,jitter_20pct,0.116287,0,1
data\val\real\000000037740.jpg,0,real,jitter_20pct,0.656197,1,0
data\val\real\000000037751.jpg,0,real,jitter_20pct,0.083940,0,1
data\val\real\000000037777.jpg,0,real,jitter_20pct,0.722672,1,0
data\val\real\000000037988.jpg,0,real,jitter_20pct,0.019936,0,1
data\val\real\000000038048.jpg,0,real,jitter_20pct,0.149432,0,1
data\val\real\000000038070.jpg,0,real,jitter_20pct,0.559913,1,0
data\val\real\000000038118.jpg,0,real,jitter_20pct,0.299581,0,1
data\val\real\000000038210.jpg,0,real,jitter_20pct,0.204239,0,1
data\val\real\000000038576.jpg,0,real,jitter_20pct,0.944789,1,0
data\val\real\000000038678.jpg,0,real,jitter_20pct,0.000904,0,1
data\val\real\000000038825.jpg,0,real,jitter_20pct,0.096413,0,1
data\val\real\000000038829.jpg,0,real,jitter_20pct,0.051566,0,1
data\val\real\000000039405.jpg,0,real,jitter_20pct,0.011445,0,1
data\val\real\000000039477.jpg,0,real,jitter_20pct,0.776910,1,0
data\val\real\000000039480.jpg,0,real,jitter_20pct,0.083676,0,1
data\val\real\000000039484.jpg,0,real,jitter_20pct,0.435903,0,1
data\val\real\000000039551.jpg,0,real,jitter_20pct,0.639782,1,0
data\val\real\000000039670.jpg,0,real,jitter_20pct,0.279434,0,1
data\val\real\000000039769.jpg,0,real,jitter_20pct,0.001080,0,1
data\val\real\000000039785.jpg,0,real,jitter_20pct,0.116412,0,1
data\val\real\000000039914.jpg,0,real,jitter_20pct,0.002736,0,1
data\val\real\000000039951.jpg,0,real,jitter_20pct,0.049086,0,1
data\val\real\000000039956.jpg,0,real,jitter_20pct,0.832496,1,0
data\val\real\000000040036.jpg,0,real,jitter_20pct,0.083429,0,1
data\val\real\000000040083.jpg,0,real,jitter_20pct,0.013212,0,1
data\val\real\000000040471.jpg,0,real,jitter_20pct,0.169937,0,1
data\val\real\000000040757.jpg,0,real,jitter_20pct,0.030031,0,1
data\val\real\000000041488.jpg,0,real,jitter_20pct,0.378153,0,1
data\val\real\000000041633.jpg,0,real,jitter_20pct,0.262950,0,1
data\val\real\000000041635.jpg,0,real,jitter_20pct,0.081024,0,1
data\val\real\000000041872.jpg,0,real,jitter_20pct,0.798848,1,0
data\val\real\000000041888.jpg,0,real,jitter_20pct,0.014799,0,1
data\val\real\000000041990.jpg,0,real,jitter_20pct,0.003502,0,1
data\val\real\000000042070.jpg,0,real,jitter_20pct,0.548286,1,0
data\val\real\000000042102.jpg,0,real,jitter_20pct,0.013651,0,1
data\val\real\000000042178.jpg,0,real,jitter_20pct,0.885030,1,0
data\val\real\000000042276.jpg,0,real,jitter_20pct,0.056622,0,1
data\val\real\000000042296.jpg,0,real,jitter_20pct,0.018524,0,1
data\val\real\000000042528.jpg,0,real,jitter_20pct,0.014556,0,1
data\val\real\000000042563.jpg,0,real,jitter_20pct,0.150402,0,1
data\val\real\000000042628.jpg,0,real,jitter_20pct,0.010942,0,1
data\val\real\000000042888.jpg,0,real,jitter_20pct,0.021411,0,1
data\val\real\000000042889.jpg,0,real,jitter_20pct,0.004113,0,1
data\val\real\000000043314.jpg,0,real,jitter_20pct,0.031235,0,1
data\val\real\000000043435.jpg,0,real,jitter_20pct,0.214873,0,1
data\val\real\000000043581.jpg,0,real,jitter_20pct,0.180913,0,1
data\val\real\000000043737.jpg,0,real,jitter_20pct,0.366498,0,1
data\val\real\000000043816.jpg,0,real,jitter_20pct,0.020839,0,1
data\val\real\000000044068.jpg,0,real,jitter_20pct,0.012610,0,1
data\val\real\000000044195.jpg,0,real,jitter_20pct,0.155042,0,1
data\val\real\000000044260.jpg,0,real,jitter_20pct,0.697989,1,0
data\val\real\000000044279.jpg,0,real,jitter_20pct,0.315091,0,1
data\val\real\000000044590.jpg,0,real,jitter_20pct,0.060527,0,1
data\val\real\000000044652.jpg,0,real,jitter_20pct,0.065292,0,1
data\val\real\000000044699.jpg,0,real,jitter_20pct,0.136551,0,1
data\val\real\000000044877.jpg,0,real,jitter_20pct,0.100987,0,1
data\val\real\000000045070.jpg,0,real,jitter_20pct,0.055790,0,1
data\val\real\000000045090.jpg,0,real,jitter_20pct,0.082095,0,1
data\val\real\000000045229.jpg,0,real,jitter_20pct,0.977413,1,0
data\val\real\000000045472.jpg,0,real,jitter_20pct,0.038814,0,1
data\val\real\000000045550.jpg,0,real,jitter_20pct,0.002810,0,1
data\val\real\000000045596.jpg,0,real,jitter_20pct,0.214059,0,1
data\val\real\000000045728.jpg,0,real,jitter_20pct,0.056741,0,1
data\val\real\000000046031.jpg,0,real,jitter_20pct,0.360744,0,1
data\val\real\000000046048.jpg,0,real,jitter_20pct,0.065683,0,1
data\val\real\000000046252.jpg,0,real,jitter_20pct,0.357483,0,1
data\val\real\000000046378.jpg,0,real,jitter_20pct,0.007024,0,1
data\val\real\000000046463.jpg,0,real,jitter_20pct,0.009185,0,1
data\val\real\000000046497.jpg,0,real,jitter_20pct,0.005880,0,1
data\val\real\000000046804.jpg,0,real,jitter_20pct,0.014753,0,1
data\val\real\000000046872.jpg,0,real,jitter_20pct,0.640028,1,0
data\val\real\000000047010.jpg,0,real,jitter_20pct,0.387260,0,1
data\val\real\000000047112.jpg,0,real,jitter_20pct,0.126635,0,1
data\val\real\000000047121.jpg,0,real,jitter_20pct,0.005939,0,1
data\val\real\000000047571.jpg,0,real,jitter_20pct,0.110816,0,1
data\val\real\000000047585.jpg,0,real,jitter_20pct,0.002115,0,1
data\val\real\000000047740.jpg,0,real,jitter_20pct,0.004461,0,1
data\val\real\000000047769.jpg,0,real,jitter_20pct,0.413016,0,1
data\val\real\000000047801.jpg,0,real,jitter_20pct,0.011987,0,1
data\val\real\000000047819.jpg,0,real,jitter_20pct,0.007917,0,1
data\val\real\000000047828.jpg,0,real,jitter_20pct,0.365655,0,1
data\val\real\000000048153.jpg,0,real,jitter_20pct,0.050605,0,1
data\val\real\000000048396.jpg,0,real,jitter_20pct,0.001330,0,1
data\val\real\000000048504.jpg,0,real,jitter_20pct,0.653093,1,0
data\val\real\000000048555.jpg,0,real,jitter_20pct,0.675439,1,0
data\val\real\000000048564.jpg,0,real,jitter_20pct,0.006082,0,1
data\val\real\000000048924.jpg,0,real,jitter_20pct,0.969542,1,0
data\val\real\000000049060.jpg,0,real,jitter_20pct,0.003558,0,1
data\val\real\000000049091.jpg,0,real,jitter_20pct,0.309425,0,1
data\val\real\000000049259.jpg,0,real,jitter_20pct,0.038509,0,1
data\val\real\000000049269.jpg,0,real,jitter_20pct,0.210561,0,1
data\val\real\000000049759.jpg,0,real,jitter_20pct,0.223231,0,1
data\val\real\000000049761.jpg,0,real,jitter_20pct,0.018809,0,1
data\val\real\000000049810.jpg,0,real,jitter_20pct,0.101764,0,1
data\val\real\000000050006.jpg,0,real,jitter_20pct,0.218079,0,1
data\val\real\000000050145.jpg,0,real,jitter_20pct,0.009548,0,1
data\val\real\000000050149.jpg,0,real,jitter_20pct,0.022616,0,1
data\val\real\000000050165.jpg,0,real,jitter_20pct,0.502088,1,0
data\val\real\000000050326.jpg,0,real,jitter_20pct,0.002757,0,1
data\val\real\000000050331.jpg,0,real,jitter_20pct,0.048124,0,1
data\val\real\000000050380.jpg,0,real,jitter_20pct,0.040569,0,1
data\val\real\000000050638.jpg,0,real,jitter_20pct,0.607704,1,0
data\val\real\000000050679.jpg,0,real,jitter_20pct,0.861819,1,0
data\val\real\000000050811.jpg,0,real,jitter_20pct,0.001001,0,1
data\val\real\000000050828.jpg,0,real,jitter_20pct,0.297430,0,1
data\val\real\000000050844.jpg,0,real,jitter_20pct,0.066160,0,1
data\val\real\000000050896.jpg,0,real,jitter_20pct,0.345333,0,1
data\val\real\000000050943.jpg,0,real,jitter_20pct,0.121437,0,1
data\val\real\000000051008.jpg,0,real,jitter_20pct,0.003778,0,1
data\val\real\000000051309.jpg,0,real,jitter_20pct,0.108433,0,1
data\val\real\000000051314.jpg,0,real,jitter_20pct,0.170092,0,1
data\val\real\000000051326.jpg,0,real,jitter_20pct,0.053096,0,1
data\val\real\000000051598.jpg,0,real,jitter_20pct,0.046423,0,1
data\val\real\000000051610.jpg,0,real,jitter_20pct,0.312457,0,1
data\val\real\000000051712.jpg,0,real,jitter_20pct,0.553093,1,0
data\val\real\000000051738.jpg,0,real,jitter_20pct,0.458548,0,1
data\val\real\000000051938.jpg,0,real,jitter_20pct,0.091269,0,1
data\val\real\000000051961.jpg,0,real,jitter_20pct,0.076449,0,1
data\val\real\000000051976.jpg,0,real,jitter_20pct,0.102807,0,1
data\val\real\000000052007.jpg,0,real,jitter_20pct,0.379895,0,1
data\val\real\000000052017.jpg,0,real,jitter_20pct,0.344086,0,1
data\val\real\000000052412.jpg,0,real,jitter_20pct,0.231238,0,1
data\val\real\000000052413.jpg,0,real,jitter_20pct,0.002774,0,1
data\val\real\000000052462.jpg,0,real,jitter_20pct,0.416326,0,1
data\val\real\000000052507.jpg,0,real,jitter_20pct,0.082556,0,1
data\val\real\000000052565.jpg,0,real,jitter_20pct,0.101163,0,1
data\val\real\000000052591.jpg,0,real,jitter_20pct,0.122170,0,1
data\val\real\000000052891.jpg,0,real,jitter_20pct,0.076361,0,1
data\val\real\000000052996.jpg,0,real,jitter_20pct,0.045733,0,1
data\val\real\000000053505.jpg,0,real,jitter_20pct,0.287667,0,1
data\val\real\000000053529.jpg,0,real,jitter_20pct,0.042809,0,1
data\val\real\000000053624.jpg,0,real,jitter_20pct,0.027949,0,1
data\val\real\000000053626.jpg,0,real,jitter_20pct,0.002740,0,1
data\val\real\000000053909.jpg,0,real,jitter_20pct,0.090171,0,1
data\val\real\000000053994.jpg,0,real,jitter_20pct,0.559502,1,0
data\val\real\000000054123.jpg,0,real,jitter_20pct,0.186789,0,1
data\val\real\000000054164.jpg,0,real,jitter_20pct,0.144712,0,1
data\val\real\000000054592.jpg,0,real,jitter_20pct,0.413556,0,1
data\val\real\000000054593.jpg,0,real,jitter_20pct,0.084781,0,1
data\val\real\000000054605.jpg,0,real,jitter_20pct,0.046104,0,1
data\val\real\000000054628.jpg,0,real,jitter_20pct,0.039759,0,1
data\val\real\000000054654.jpg,0,real,jitter_20pct,0.007262,0,1
data\val\real\000000054931.jpg,0,real,jitter_20pct,0.748246,1,0
data\val\real\000000054967.jpg,0,real,jitter_20pct,0.713460,1,0
data\val\real\000000055002.jpg,0,real,jitter_20pct,0.102243,0,1
data\val\real\000000055022.jpg,0,real,jitter_20pct,0.125759,0,1
data\val\real\000000055072.jpg,0,real,jitter_20pct,0.338733,0,1
data\val\real\000000055150.jpg,0,real,jitter_20pct,0.026314,0,1
data\val\real\000000055167.jpg,0,real,jitter_20pct,0.011866,0,1
data\val\real\000000055299.jpg,0,real,jitter_20pct,0.151587,0,1
data\val\real\000000055528.jpg,0,real,jitter_20pct,0.006748,0,1
data\val\real\000000055950.jpg,0,real,jitter_20pct,0.042782,0,1
data\val\real\000000056127.jpg,0,real,jitter_20pct,0.471039,0,1
data\val\real\000000056288.jpg,0,real,jitter_20pct,0.083307,0,1
data\val\real\000000056344.jpg,0,real,jitter_20pct,0.414204,0,1
data\val\real\000000056350.jpg,0,real,jitter_20pct,0.195858,0,1
data\val\real\000000056545.jpg,0,real,jitter_20pct,0.009570,0,1
data\val\ai\ai_000001.png,1,ai,jitter_20pct,0.991114,1,1
data\val\ai\ai_000002.png,1,ai,jitter_20pct,0.993342,1,1
data\val\ai\ai_000003.png,1,ai,jitter_20pct,0.989642,1,1
data\val\ai\ai_000004.png,1,ai,jitter_20pct,0.981382,1,1
data\val\ai\ai_000005.png,1,ai,jitter_20pct,0.989772,1,1
data\val\ai\ai_000006.png,1,ai,jitter_20pct,0.981147,1,1
data\val\ai\ai_000007.png,1,ai,jitter_20pct,0.983477,1,1
data\val\ai\ai_000008.png,1,ai,jitter_20pct,0.958139,1,1
data\val\ai\ai_000009.png,1,ai,jitter_20pct,0.950758,1,1
data\val\ai\ai_000010.png,1,ai,jitter_20pct,0.980144,1,1
data\val\ai\ai_000011.png,1,ai,jitter_20pct,0.993604,1,1
data\val\ai\ai_000012.png,1,ai,jitter_20pct,0.994833,1,1
data\val\ai\ai_000013.png,1,ai,jitter_20pct,0.993922,1,1
data\val\ai\ai_000014.png,1,ai,jitter_20pct,0.997949,1,1
data\val\ai\ai_000015.png,1,ai,jitter_20pct,0.994071,1,1
data\val\ai\ai_000016.png,1,ai,jitter_20pct,0.968098,1,1
data\val\ai\ai_000017.png,1,ai,jitter_20pct,0.979809,1,1
data\val\ai\ai_000018.png,1,ai,jitter_20pct,0.993895,1,1
data\val\ai\ai_000019.png,1,ai,jitter_20pct,0.891282,1,1
data\val\ai\ai_000020.png,1,ai,jitter_20pct,0.923227,1,1
data\val\ai\ai_000021.png,1,ai,jitter_20pct,0.998513,1,1
data\val\ai\ai_000022.png,1,ai,jitter_20pct,0.622205,1,1
data\val\ai\ai_000023.png,1,ai,jitter_20pct,0.948623,1,1
data\val\ai\ai_000024.png,1,ai,jitter_20pct,0.961220,1,1
data\val\ai\ai_000025.png,1,ai,jitter_20pct,0.991674,1,1
data\val\ai\ai_000026.png,1,ai,jitter_20pct,0.814336,1,1
data\val\ai\ai_000027.png,1,ai,jitter_20pct,0.960241,1,1
data\val\ai\ai_000028.png,1,ai,jitter_20pct,0.997849,1,1
data\val\ai\ai_000029.png,1,ai,jitter_20pct,0.995323,1,1
data\val\ai\ai_000030.png,1,ai,jitter_20pct,0.935324,1,1
data\val\ai\ai_000031.png,1,ai,jitter_20pct,0.930577,1,1
data\val\ai\ai_000032.png,1,ai,jitter_20pct,0.984100,1,1
data\val\ai\ai_000033.png,1,ai,jitter_20pct,0.995858,1,1
data\val\ai\ai_000034.png,1,ai,jitter_20pct,0.995663,1,1
data\val\ai\ai_000035.png,1,ai,jitter_20pct,0.996643,1,1
data\val\ai\ai_000036.png,1,ai,jitter_20pct,0.996828,1,1
data\val\ai\ai_000037.png,1,ai,jitter_20pct,0.990982,1,1
data\val\ai\ai_000038.png,1,ai,jitter_20pct,0.984531,1,1
data\val\ai\ai_000039.png,1,ai,jitter_20pct,0.992379,1,1
data\val\ai\ai_000040.png,1,ai,jitter_20pct,0.843345,1,1
data\val\ai\ai_000041.png,1,ai,jitter_20pct,0.999894,1,1
data\val\ai\ai_000042.png,1,ai,jitter_20pct,0.998921,1,1
data\val\ai\ai_000043.png,1,ai,jitter_20pct,0.999685,1,1
data\val\ai\ai_000044.png,1,ai,jitter_20pct,0.853940,1,1
data\val\ai\ai_000045.png,1,ai,jitter_20pct,0.998763,1,1
data\val\ai\ai_000046.png,1,ai,jitter_20pct,0.922851,1,1
data\val\ai\ai_000047.png,1,ai,jitter_20pct,0.992308,1,1
data\val\ai\ai_000048.png,1,ai,jitter_20pct,0.942034,1,1
data\val\ai\ai_000049.png,1,ai,jitter_20pct,0.997647,1,1
data\val\ai\ai_000050.png,1,ai,jitter_20pct,0.983097,1,1
data\val\ai\ai_000051.png,1,ai,jitter_20pct,0.996691,1,1
data\val\ai\ai_000052.png,1,ai,jitter_20pct,0.998817,1,1
data\val\ai\ai_000053.png,1,ai,jitter_20pct,0.987222,1,1
data\val\ai\ai_000054.png,1,ai,jitter_20pct,0.988673,1,1
data\val\ai\ai_000055.png,1,ai,jitter_20pct,0.872732,1,1
data\val\ai\ai_000056.png,1,ai,jitter_20pct,0.965117,1,1
data\val\ai\ai_000057.png,1,ai,jitter_20pct,0.988482,1,1
data\val\ai\ai_000058.png,1,ai,jitter_20pct,0.618554,1,1
data\val\ai\ai_000059.png,1,ai,jitter_20pct,0.939699,1,1
data\val\ai\ai_000060.png,1,ai,jitter_20pct,0.769580,1,1
data\val\ai\ai_000061.png,1,ai,jitter_20pct,0.987079,1,1
data\val\ai\ai_000062.png,1,ai,jitter_20pct,0.991734,1,1
data\val\ai\ai_000063.png,1,ai,jitter_20pct,0.996711,1,1
data\val\ai\ai_000064.png,1,ai,jitter_20pct,0.856040,1,1
data\val\ai\ai_000065.png,1,ai,jitter_20pct,0.991925,1,1
data\val\ai\ai_000066.png,1,ai,jitter_20pct,0.964496,1,1
data\val\ai\ai_000067.png,1,ai,jitter_20pct,0.998514,1,1
data\val\ai\ai_000068.png,1,ai,jitter_20pct,0.862823,1,1
data\val\ai\ai_000069.png,1,ai,jitter_20pct,0.998644,1,1
data\val\ai\ai_000070.png,1,ai,jitter_20pct,0.969677,1,1
data\val\ai\ai_000071.png,1,ai,jitter_20pct,0.999399,1,1
data\val\ai\ai_000072.png,1,ai,jitter_20pct,0.950802,1,1
data\val\ai\ai_000073.png,1,ai,jitter_20pct,0.999023,1,1
data\val\ai\ai_000074.png,1,ai,jitter_20pct,0.996648,1,1
data\val\ai\ai_000075.png,1,ai,jitter_20pct,0.998199,1,1
data\val\ai\ai_000076.png,1,ai,jitter_20pct,0.990746,1,1
data\val\ai\ai_000077.png,1,ai,jitter_20pct,0.988861,1,1
data\val\ai\ai_000078.png,1,ai,jitter_20pct,0.341380,0,0
data\val\ai\ai_000079.png,1,ai,jitter_20pct,0.908074,1,1
data\val\ai\ai_000080.png,1,ai,jitter_20pct,0.874808,1,1
data\val\ai\ai_000081.png,1,ai,jitter_20pct,0.999444,1,1
data\val\ai\ai_000082.png,1,ai,jitter_20pct,0.999016,1,1
data\val\ai\ai_000083.png,1,ai,jitter_20pct,0.994614,1,1
data\val\ai\ai_000084.png,1,ai,jitter_20pct,0.992973,1,1
data\val\ai\ai_000085.png,1,ai,jitter_20pct,0.980026,1,1
data\val\ai\ai_000086.png,1,ai,jitter_20pct,0.796115,1,1
data\val\ai\ai_000087.png,1,ai,jitter_20pct,0.996303,1,1
data\val\ai\ai_000088.png,1,ai,jitter_20pct,0.939761,1,1
data\val\ai\ai_000089.png,1,ai,jitter_20pct,0.991110,1,1
data\val\ai\ai_000090.png,1,ai,jitter_20pct,0.897117,1,1
data\val\ai\ai_000091.png,1,ai,jitter_20pct,0.965211,1,1
data\val\ai\ai_000092.png,1,ai,jitter_20pct,0.997952,1,1
data\val\ai\ai_000093.png,1,ai,jitter_20pct,0.997982,1,1
data\val\ai\ai_000094.png,1,ai,jitter_20pct,0.999320,1,1
data\val\ai\ai_000095.png,1,ai,jitter_20pct,0.992779,1,1
data\val\ai\ai_000096.png,1,ai,jitter_20pct,0.990833,1,1
data\val\ai\ai_000097.png,1,ai,jitter_20pct,0.610813,1,1
data\val\ai\ai_000098.png,1,ai,jitter_20pct,0.957529,1,1
data\val\ai\ai_000099.png,1,ai,jitter_20pct,0.614224,1,1
data\val\ai\ai_000100.png,1,ai,jitter_20pct,0.973381,1,1
data\val\ai\ai_000101.png,1,ai,jitter_20pct,0.995794,1,1
data\val\ai\ai_000102.png,1,ai,jitter_20pct,0.737958,1,1
data\val\ai\ai_000103.png,1,ai,jitter_20pct,0.987399,1,1
data\val\ai\ai_000104.png,1,ai,jitter_20pct,0.996155,1,1
data\val\ai\ai_000105.png,1,ai,jitter_20pct,0.441749,0,0
data\val\ai\ai_000106.png,1,ai,jitter_20pct,0.977827,1,1
data\val\ai\ai_000107.png,1,ai,jitter_20pct,0.982475,1,1
data\val\ai\ai_000108.png,1,ai,jitter_20pct,0.993753,1,1
data\val\ai\ai_000109.png,1,ai,jitter_20pct,0.999816,1,1
data\val\ai\ai_000110.png,1,ai,jitter_20pct,0.981080,1,1
data\val\ai\ai_000111.png,1,ai,jitter_20pct,0.977024,1,1
data\val\ai\ai_000112.png,1,ai,jitter_20pct,0.925601,1,1
data\val\ai\ai_000113.png,1,ai,jitter_20pct,0.993707,1,1
data\val\ai\ai_000114.png,1,ai,jitter_20pct,0.995333,1,1
data\val\ai\ai_000115.png,1,ai,jitter_20pct,0.979726,1,1
data\val\ai\ai_000116.png,1,ai,jitter_20pct,0.965157,1,1
data\val\ai\ai_000117.png,1,ai,jitter_20pct,0.984442,1,1
data\val\ai\ai_000118.png,1,ai,jitter_20pct,0.998662,1,1
data\val\ai\ai_000119.png,1,ai,jitter_20pct,0.986592,1,1
data\val\ai\ai_000120.png,1,ai,jitter_20pct,0.845648,1,1
data\val\ai\ai_000121.png,1,ai,jitter_20pct,0.998298,1,1
data\val\ai\ai_000122.png,1,ai,jitter_20pct,0.985380,1,1
data\val\ai\ai_000123.png,1,ai,jitter_20pct,0.979655,1,1
data\val\ai\ai_000124.png,1,ai,jitter_20pct,0.932441,1,1
data\val\ai\ai_000125.png,1,ai,jitter_20pct,0.998721,1,1
data\val\ai\ai_000126.png,1,ai,jitter_20pct,0.987631,1,1
data\val\ai\ai_000127.png,1,ai,jitter_20pct,0.994115,1,1
data\val\ai\ai_000128.png,1,ai,jitter_20pct,0.993245,1,1
data\val\ai\ai_000129.png,1,ai,jitter_20pct,0.974583,1,1
data\val\ai\ai_000130.png,1,ai,jitter_20pct,0.704249,1,1
data\val\ai\ai_000131.png,1,ai,jitter_20pct,0.991374,1,1
data\val\ai\ai_000132.png,1,ai,jitter_20pct,0.989835,1,1
data\val\ai\ai_000133.png,1,ai,jitter_20pct,0.999448,1,1
data\val\ai\ai_000134.png,1,ai,jitter_20pct,0.997955,1,1
data\val\ai\ai_000135.png,1,ai,jitter_20pct,0.997118,1,1
data\val\ai\ai_000136.png,1,ai,jitter_20pct,0.837067,1,1
data\val\ai\ai_000137.png,1,ai,jitter_20pct,0.857510,1,1
data\val\ai\ai_000138.png,1,ai,jitter_20pct,0.958342,1,1
data\val\ai\ai_000139.png,1,ai,jitter_20pct,0.996843,1,1
data\val\ai\ai_000140.png,1,ai,jitter_20pct,0.907312,1,1
data\val\ai\ai_000141.png,1,ai,jitter_20pct,0.999633,1,1
data\val\ai\ai_000142.png,1,ai,jitter_20pct,0.974038,1,1
data\val\ai\ai_000143.png,1,ai,jitter_20pct,0.997389,1,1
data\val\ai\ai_000144.png,1,ai,jitter_20pct,0.994410,1,1
data\val\ai\ai_000145.png,1,ai,jitter_20pct,0.996388,1,1
data\val\ai\ai_000146.png,1,ai,jitter_20pct,0.994351,1,1
data\val\ai\ai_000147.png,1,ai,jitter_20pct,0.965105,1,1
data\val\ai\ai_000148.png,1,ai,jitter_20pct,0.169484,0,0
data\val\ai\ai_000149.png,1,ai,jitter_20pct,0.997499,1,1
data\val\ai\ai_000150.png,1,ai,jitter_20pct,0.874176,1,1
data\val\ai\ai_000151.png,1,ai,jitter_20pct,0.906431,1,1
data\val\ai\ai_000152.png,1,ai,jitter_20pct,0.966168,1,1
data\val\ai\ai_000153.png,1,ai,jitter_20pct,0.998522,1,1
data\val\ai\ai_000154.png,1,ai,jitter_20pct,0.994913,1,1
data\val\ai\ai_000155.png,1,ai,jitter_20pct,0.993217,1,1
data\val\ai\ai_000156.png,1,ai,jitter_20pct,0.736598,1,1
data\val\ai\ai_000157.png,1,ai,jitter_20pct,0.988923,1,1
data\val\ai\ai_000158.png,1,ai,jitter_20pct,0.552070,1,1
data\val\ai\ai_000159.png,1,ai,jitter_20pct,0.999485,1,1
data\val\ai\ai_000160.png,1,ai,jitter_20pct,0.246397,0,0
data\val\ai\ai_000161.png,1,ai,jitter_20pct,0.995567,1,1
data\val\ai\ai_000162.png,1,ai,jitter_20pct,0.996060,1,1
data\val\ai\ai_000163.png,1,ai,jitter_20pct,0.999428,1,1
data\val\ai\ai_000164.png,1,ai,jitter_20pct,0.999348,1,1
data\val\ai\ai_000165.png,1,ai,jitter_20pct,0.999794,1,1
data\val\ai\ai_000166.png,1,ai,jitter_20pct,0.985710,1,1
data\val\ai\ai_000167.png,1,ai,jitter_20pct,0.976597,1,1
data\val\ai\ai_000168.png,1,ai,jitter_20pct,0.606415,1,1
data\val\ai\ai_000169.png,1,ai,jitter_20pct,0.995055,1,1
data\val\ai\ai_000170.png,1,ai,jitter_20pct,0.989129,1,1
data\val\ai\ai_000171.png,1,ai,jitter_20pct,0.986510,1,1
data\val\ai\ai_000172.png,1,ai,jitter_20pct,0.991066,1,1
data\val\ai\ai_000173.png,1,ai,jitter_20pct,0.991553,1,1
data\val\ai\ai_000174.png,1,ai,jitter_20pct,0.999880,1,1
data\val\ai\ai_000175.png,1,ai,jitter_20pct,0.994260,1,1
data\val\ai\ai_000176.png,1,ai,jitter_20pct,0.990733,1,1
data\val\ai\ai_000177.png,1,ai,jitter_20pct,0.982843,1,1
data\val\ai\ai_000178.png,1,ai,jitter_20pct,0.731962,1,1
data\val\ai\ai_000179.png,1,ai,jitter_20pct,0.999438,1,1
data\val\ai\ai_000180.png,1,ai,jitter_20pct,0.958826,1,1
data\val\ai\ai_000181.png,1,ai,jitter_20pct,0.989353,1,1
data\val\ai\ai_000182.png,1,ai,jitter_20pct,0.916859,1,1
data\val\ai\ai_000183.png,1,ai,jitter_20pct,0.991299,1,1
data\val\ai\ai_000184.png,1,ai,jitter_20pct,0.996184,1,1
data\val\ai\ai_000185.png,1,ai,jitter_20pct,0.997585,1,1
data\val\ai\ai_000186.png,1,ai,jitter_20pct,0.875723,1,1
data\val\ai\ai_000187.png,1,ai,jitter_20pct,0.982956,1,1
data\val\ai\ai_000188.png,1,ai,jitter_20pct,0.750290,1,1
data\val\ai\ai_000189.png,1,ai,jitter_20pct,0.997332,1,1
data\val\ai\ai_000190.png,1,ai,jitter_20pct,0.970489,1,1
data\val\ai\ai_000191.png,1,ai,jitter_20pct,0.938523,1,1
data\val\ai\ai_000192.png,1,ai,jitter_20pct,0.997570,1,1
data\val\ai\ai_000193.png,1,ai,jitter_20pct,0.999734,1,1
data\val\ai\ai_000194.png,1,ai,jitter_20pct,0.993348,1,1
data\val\ai\ai_000195.png,1,ai,jitter_20pct,0.996063,1,1
data\val\ai\ai_000196.png,1,ai,jitter_20pct,0.998473,1,1
data\val\ai\ai_000197.png,1,ai,jitter_20pct,0.976597,1,1
data\val\ai\ai_000198.png,1,ai,jitter_20pct,0.985478,1,1
data\val\ai\ai_000199.png,1,ai,jitter_20pct,0.979997,1,1
data\val\ai\ai_000200.png,1,ai,jitter_20pct,0.968235,1,1
data\val\ai\ai_000201.png,1,ai,jitter_20pct,0.968100,1,1
data\val\ai\ai_000202.png,1,ai,jitter_20pct,0.901425,1,1
data\val\ai\ai_000203.png,1,ai,jitter_20pct,0.998931,1,1
data\val\ai\ai_000204.png,1,ai,jitter_20pct,0.998640,1,1
data\val\ai\ai_000205.png,1,ai,jitter_20pct,0.949706,1,1
data\val\ai\ai_000206.png,1,ai,jitter_20pct,0.998950,1,1
data\val\ai\ai_000207.png,1,ai,jitter_20pct,0.997699,1,1
data\val\ai\ai_000208.png,1,ai,jitter_20pct,0.942183,1,1
data\val\ai\ai_000209.png,1,ai,jitter_20pct,0.995885,1,1
data\val\ai\ai_000210.png,1,ai,jitter_20pct,0.917632,1,1
data\val\ai\ai_000211.png,1,ai,jitter_20pct,0.999096,1,1
data\val\ai\ai_000212.png,1,ai,jitter_20pct,0.998447,1,1
data\val\ai\ai_000213.png,1,ai,jitter_20pct,0.980652,1,1
data\val\ai\ai_000214.png,1,ai,jitter_20pct,0.999743,1,1
data\val\ai\ai_000215.png,1,ai,jitter_20pct,0.972445,1,1
data\val\ai\ai_000216.png,1,ai,jitter_20pct,0.876446,1,1
data\val\ai\ai_000217.png,1,ai,jitter_20pct,0.955170,1,1
data\val\ai\ai_000218.png,1,ai,jitter_20pct,0.862970,1,1
data\val\ai\ai_000219.png,1,ai,jitter_20pct,0.992564,1,1
data\val\ai\ai_000220.png,1,ai,jitter_20pct,0.526428,1,1
data\val\ai\ai_000221.png,1,ai,jitter_20pct,0.993942,1,1
data\val\ai\ai_000222.png,1,ai,jitter_20pct,0.973216,1,1
data\val\ai\ai_000223.png,1,ai,jitter_20pct,0.997948,1,1
data\val\ai\ai_000224.png,1,ai,jitter_20pct,0.989647,1,1
data\val\ai\ai_000225.png,1,ai,jitter_20pct,0.994193,1,1
data\val\ai\ai_000226.png,1,ai,jitter_20pct,0.980410,1,1
data\val\ai\ai_000227.png,1,ai,jitter_20pct,0.921828,1,1
data\val\ai\ai_000228.png,1,ai,jitter_20pct,0.121079,0,0
data\val\ai\ai_000229.png,1,ai,jitter_20pct,0.996884,1,1
data\val\ai\ai_000230.png,1,ai,jitter_20pct,0.971070,1,1
data\val\ai\ai_000231.png,1,ai,jitter_20pct,0.999244,1,1
data\val\ai\ai_000232.png,1,ai,jitter_20pct,0.973014,1,1
data\val\ai\ai_000233.png,1,ai,jitter_20pct,0.963376,1,1
data\val\ai\ai_000234.png,1,ai,jitter_20pct,0.999663,1,1
data\val\ai\ai_000235.png,1,ai,jitter_20pct,0.998433,1,1
data\val\ai\ai_000236.png,1,ai,jitter_20pct,0.908314,1,1
data\val\ai\ai_000237.png,1,ai,jitter_20pct,0.929958,1,1
data\val\ai\ai_000238.png,1,ai,jitter_20pct,0.925807,1,1
data\val\ai\ai_000239.png,1,ai,jitter_20pct,0.913716,1,1
data\val\ai\ai_000240.png,1,ai,jitter_20pct,0.831296,1,1
data\val\ai\ai_000241.png,1,ai,jitter_20pct,0.981021,1,1
data\val\ai\ai_000242.png,1,ai,jitter_20pct,0.999195,1,1
data\val\ai\ai_000243.png,1,ai,jitter_20pct,0.992298,1,1
data\val\ai\ai_000244.png,1,ai,jitter_20pct,0.997584,1,1
data\val\ai\ai_000245.png,1,ai,jitter_20pct,0.900936,1,1
data\val\ai\ai_000246.png,1,ai,jitter_20pct,0.998742,1,1
data\val\ai\ai_000247.png,1,ai,jitter_20pct,0.966000,1,1
data\val\ai\ai_000248.png,1,ai,jitter_20pct,0.984708,1,1
data\val\ai\ai_000249.png,1,ai,jitter_20pct,0.999568,1,1
data\val\ai\ai_000250.png,1,ai,jitter_20pct,0.516196,1,1
data\val\ai\ai_000251.png,1,ai,jitter_20pct,0.992139,1,1
data\val\ai\ai_000252.png,1,ai,jitter_20pct,0.995663,1,1
data\val\ai\ai_000253.png,1,ai,jitter_20pct,0.998331,1,1
data\val\ai\ai_000254.png,1,ai,jitter_20pct,0.946710,1,1
data\val\ai\ai_000255.png,1,ai,jitter_20pct,0.845747,1,1
data\val\ai\ai_000256.png,1,ai,jitter_20pct,0.749478,1,1
data\val\ai\ai_000257.png,1,ai,jitter_20pct,0.993413,1,1
data\val\ai\ai_000258.png,1,ai,jitter_20pct,0.888430,1,1
data\val\ai\ai_000259.png,1,ai,jitter_20pct,0.998865,1,1
data\val\ai\ai_000260.png,1,ai,jitter_20pct,0.734372,1,1
data\val\ai\ai_000261.png,1,ai,jitter_20pct,0.992449,1,1
data\val\ai\ai_000262.png,1,ai,jitter_20pct,0.997674,1,1
data\val\ai\ai_000263.png,1,ai,jitter_20pct,0.982945,1,1
data\val\ai\ai_000264.png,1,ai,jitter_20pct,0.999822,1,1
data\val\ai\ai_000265.png,1,ai,jitter_20pct,0.991587,1,1
data\val\ai\ai_000266.png,1,ai,jitter_20pct,0.985002,1,1
data\val\ai\ai_000267.png,1,ai,jitter_20pct,0.991567,1,1
data\val\ai\ai_000268.png,1,ai,jitter_20pct,0.881160,1,1
data\val\ai\ai_000269.png,1,ai,jitter_20pct,0.997359,1,1
data\val\ai\ai_000270.png,1,ai,jitter_20pct,0.716548,1,1
data\val\ai\ai_000271.png,1,ai,jitter_20pct,0.994549,1,1
data\val\ai\ai_000272.png,1,ai,jitter_20pct,0.997887,1,1
data\val\ai\ai_000273.png,1,ai,jitter_20pct,0.998755,1,1
data\val\ai\ai_000274.png,1,ai,jitter_20pct,0.997369,1,1
data\val\ai\ai_000275.png,1,ai,jitter_20pct,0.998367,1,1
data\val\ai\ai_000276.png,1,ai,jitter_20pct,0.992545,1,1
data\val\ai\ai_000277.png,1,ai,jitter_20pct,0.969607,1,1
data\val\ai\ai_000278.png,1,ai,jitter_20pct,0.994765,1,1
data\val\ai\ai_000279.png,1,ai,jitter_20pct,0.987243,1,1
data\val\ai\ai_000280.png,1,ai,jitter_20pct,0.875294,1,1
data\val\ai\ai_000281.png,1,ai,jitter_20pct,0.930806,1,1
data\val\ai\ai_000282.png,1,ai,jitter_20pct,0.917197,1,1
data\val\ai\ai_000283.png,1,ai,jitter_20pct,0.996095,1,1
data\val\ai\ai_000284.png,1,ai,jitter_20pct,0.969226,1,1
data\val\ai\ai_000285.png,1,ai,jitter_20pct,0.995455,1,1
data\val\ai\ai_000286.png,1,ai,jitter_20pct,0.994588,1,1
data\val\ai\ai_000287.png,1,ai,jitter_20pct,0.987105,1,1
data\val\ai\ai_000288.png,1,ai,jitter_20pct,0.440370,0,0
data\val\ai\ai_000289.png,1,ai,jitter_20pct,0.992447,1,1
data\val\ai\ai_000290.png,1,ai,jitter_20pct,0.897309,1,1
data\val\ai\ai_000291.png,1,ai,jitter_20pct,0.998963,1,1
data\val\ai\ai_000292.png,1,ai,jitter_20pct,0.994855,1,1
data\val\ai\ai_000293.png,1,ai,jitter_20pct,0.724821,1,1
data\val\ai\ai_000294.png,1,ai,jitter_20pct,0.994586,1,1
data\val\ai\ai_000295.png,1,ai,jitter_20pct,0.981860,1,1
data\val\ai\ai_000296.png,1,ai,jitter_20pct,0.997483,1,1
data\val\ai\ai_000297.png,1,ai,jitter_20pct,0.996491,1,1
data\val\ai\ai_000298.png,1,ai,jitter_20pct,0.988313,1,1
data\val\ai\ai_000299.png,1,ai,jitter_20pct,0.965166,1,1
data\val\ai\ai_000300.png,1,ai,jitter_20pct,0.617556,1,1
data\val\ai\ai_000301.png,1,ai,jitter_20pct,0.951777,1,1
data\val\ai\ai_000302.png,1,ai,jitter_20pct,0.712093,1,1
data\val\ai\ai_000303.png,1,ai,jitter_20pct,0.985395,1,1
data\val\ai\ai_000304.png,1,ai,jitter_20pct,0.990396,1,1
data\val\ai\ai_000305.png,1,ai,jitter_20pct,0.977565,1,1
data\val\ai\ai_000306.png,1,ai,jitter_20pct,0.976039,1,1
data\val\ai\ai_000307.png,1,ai,jitter_20pct,0.986222,1,1
data\val\ai\ai_000308.png,1,ai,jitter_20pct,0.810434,1,1
data\val\ai\ai_000309.png,1,ai,jitter_20pct,0.920059,1,1
data\val\ai\ai_000310.png,1,ai,jitter_20pct,0.942673,1,1
data\val\ai\ai_000311.png,1,ai,jitter_20pct,0.988020,1,1
data\val\ai\ai_000312.png,1,ai,jitter_20pct,0.954088,1,1
data\val\ai\ai_000313.png,1,ai,jitter_20pct,0.813908,1,1
data\val\ai\ai_000314.png,1,ai,jitter_20pct,0.995638,1,1
data\val\ai\ai_000315.png,1,ai,jitter_20pct,0.997410,1,1
data\val\ai\ai_000316.png,1,ai,jitter_20pct,0.997629,1,1
data\val\ai\ai_000317.png,1,ai,jitter_20pct,0.993884,1,1
data\val\ai\ai_000318.png,1,ai,jitter_20pct,0.167255,0,0
data\val\ai\ai_000319.png,1,ai,jitter_20pct,0.904464,1,1
data\val\ai\ai_000320.png,1,ai,jitter_20pct,0.954016,1,1
data\val\ai\ai_000321.png,1,ai,jitter_20pct,0.996428,1,1
data\val\ai\ai_000322.png,1,ai,jitter_20pct,0.936880,1,1
data\val\ai\ai_000323.png,1,ai,jitter_20pct,0.999111,1,1
data\val\ai\ai_000324.png,1,ai,jitter_20pct,0.998213,1,1
data\val\ai\ai_000325.png,1,ai,jitter_20pct,0.992525,1,1
data\val\ai\ai_000326.png,1,ai,jitter_20pct,0.995610,1,1
data\val\ai\ai_000327.png,1,ai,jitter_20pct,0.998350,1,1
data\val\ai\ai_000328.png,1,ai,jitter_20pct,0.802648,1,1
data\val\ai\ai_000329.png,1,ai,jitter_20pct,0.983609,1,1
data\val\ai\ai_000330.png,1,ai,jitter_20pct,0.985395,1,1
data\val\ai\ai_000331.png,1,ai,jitter_20pct,0.986909,1,1
data\val\ai\ai_000332.png,1,ai,jitter_20pct,0.893793,1,1
data\val\ai\ai_000333.png,1,ai,jitter_20pct,0.996926,1,1
data\val\ai\ai_000334.png,1,ai,jitter_20pct,0.977344,1,1
data\val\ai\ai_000335.png,1,ai,jitter_20pct,0.999258,1,1
data\val\ai\ai_000336.png,1,ai,jitter_20pct,0.919866,1,1
data\val\ai\ai_000337.png,1,ai,jitter_20pct,0.998858,1,1
data\val\ai\ai_000338.png,1,ai,jitter_20pct,0.833085,1,1
data\val\ai\ai_000339.png,1,ai,jitter_20pct,0.999280,1,1
data\val\ai\ai_000340.png,1,ai,jitter_20pct,0.959230,1,1
data\val\ai\ai_000341.png,1,ai,jitter_20pct,0.994278,1,1
data\val\ai\ai_000342.png,1,ai,jitter_20pct,0.526669,1,1
data\val\ai\ai_000343.png,1,ai,jitter_20pct,0.997792,1,1
data\val\ai\ai_000344.png,1,ai,jitter_20pct,0.989977,1,1
data\val\ai\ai_000345.png,1,ai,jitter_20pct,0.996218,1,1
data\val\ai\ai_000346.png,1,ai,jitter_20pct,0.997929,1,1
data\val\ai\ai_000347.png,1,ai,jitter_20pct,0.987912,1,1
data\val\ai\ai_000348.png,1,ai,jitter_20pct,0.935439,1,1
data\val\ai\ai_000349.png,1,ai,jitter_20pct,0.995952,1,1
data\val\ai\ai_000350.png,1,ai,jitter_20pct,0.925137,1,1
data\val\ai\ai_000351.png,1,ai,jitter_20pct,0.987297,1,1
data\val\ai\ai_000352.png,1,ai,jitter_20pct,0.896494,1,1
data\val\ai\ai_000353.png,1,ai,jitter_20pct,0.985811,1,1
data\val\ai\ai_000354.png,1,ai,jitter_20pct,0.998235,1,1
data\val\ai\ai_000355.png,1,ai,jitter_20pct,0.990307,1,1
data\val\ai\ai_000356.png,1,ai,jitter_20pct,0.927590,1,1
data\val\ai\ai_000357.png,1,ai,jitter_20pct,0.979183,1,1
data\val\ai\ai_000358.png,1,ai,jitter_20pct,0.264234,0,0
data\val\ai\ai_000359.png,1,ai,jitter_20pct,0.992631,1,1
data\val\ai\ai_000360.png,1,ai,jitter_20pct,0.873534,1,1
data\val\ai\ai_000361.png,1,ai,jitter_20pct,0.999226,1,1
data\val\ai\ai_000362.png,1,ai,jitter_20pct,0.840818,1,1
data\val\ai\ai_000363.png,1,ai,jitter_20pct,0.998165,1,1
data\val\ai\ai_000364.png,1,ai,jitter_20pct,0.999590,1,1
data\val\ai\ai_000365.png,1,ai,jitter_20pct,0.905798,1,1
data\val\ai\ai_000366.png,1,ai,jitter_20pct,0.890584,1,1
data\val\ai\ai_000367.png,1,ai,jitter_20pct,0.981129,1,1
data\val\ai\ai_000368.png,1,ai,jitter_20pct,0.576186,1,1
data\val\ai\ai_000369.png,1,ai,jitter_20pct,0.993890,1,1
data\val\ai\ai_000370.png,1,ai,jitter_20pct,0.557579,1,1
data\val\ai\ai_000371.png,1,ai,jitter_20pct,0.993145,1,1
data\val\ai\ai_000372.png,1,ai,jitter_20pct,0.953863,1,1
data\val\ai\ai_000373.png,1,ai,jitter_20pct,0.985242,1,1
data\val\ai\ai_000374.png,1,ai,jitter_20pct,0.999563,1,1
data\val\ai\ai_000375.png,1,ai,jitter_20pct,0.997273,1,1
data\val\ai\ai_000376.png,1,ai,jitter_20pct,0.681581,1,1
data\val\ai\ai_000377.png,1,ai,jitter_20pct,0.865514,1,1
data\val\ai\ai_000378.png,1,ai,jitter_20pct,0.995718,1,1
data\val\ai\ai_000379.png,1,ai,jitter_20pct,0.962622,1,1
data\val\ai\ai_000380.png,1,ai,jitter_20pct,0.916978,1,1
data\val\ai\ai_000381.png,1,ai,jitter_20pct,0.944318,1,1
data\val\ai\ai_000382.png,1,ai,jitter_20pct,0.626406,1,1
data\val\ai\ai_000383.png,1,ai,jitter_20pct,0.993775,1,1
data\val\ai\ai_000384.png,1,ai,jitter_20pct,0.979916,1,1
data\val\ai\ai_000385.png,1,ai,jitter_20pct,0.994926,1,1
data\val\ai\ai_000386.png,1,ai,jitter_20pct,0.964569,1,1
data\val\ai\ai_000387.png,1,ai,jitter_20pct,0.998034,1,1
data\val\ai\ai_000388.png,1,ai,jitter_20pct,0.987444,1,1
data\val\ai\ai_000389.png,1,ai,jitter_20pct,0.983506,1,1
data\val\ai\ai_000390.png,1,ai,jitter_20pct,0.996783,1,1
data\val\ai\ai_000391.png,1,ai,jitter_20pct,0.970462,1,1
data\val\ai\ai_000392.png,1,ai,jitter_20pct,0.909784,1,1
data\val\ai\ai_000393.png,1,ai,jitter_20pct,0.992682,1,1
data\val\ai\ai_000394.png,1,ai,jitter_20pct,0.998289,1,1
data\val\ai\ai_000395.png,1,ai,jitter_20pct,0.980155,1,1
data\val\ai\ai_000396.png,1,ai,jitter_20pct,0.980434,1,1
data\val\ai\ai_000397.png,1,ai,jitter_20pct,0.994322,1,1
data\val\ai\ai_000398.png,1,ai,jitter_20pct,0.908115,1,1
data\val\ai\ai_000399.png,1,ai,jitter_20pct,0.986299,1,1
data\val\ai\ai_000400.png,1,ai,jitter_20pct,0.859255,1,1
data\val\ai\ai_000401.png,1,ai,jitter_20pct,0.993068,1,1
data\val\ai\ai_000402.png,1,ai,jitter_20pct,0.979590,1,1
data\val\ai\ai_000403.png,1,ai,jitter_20pct,0.992707,1,1
data\val\ai\ai_000404.png,1,ai,jitter_20pct,0.991521,1,1
data\val\ai\ai_000405.png,1,ai,jitter_20pct,0.998895,1,1
data\val\ai\ai_000406.png,1,ai,jitter_20pct,0.997251,1,1
data\val\ai\ai_000407.png,1,ai,jitter_20pct,0.899369,1,1
data\val\ai\ai_000408.png,1,ai,jitter_20pct,0.986841,1,1
data\val\ai\ai_000409.png,1,ai,jitter_20pct,0.989247,1,1
data\val\ai\ai_000410.png,1,ai,jitter_20pct,0.933936,1,1
data\val\ai\ai_000411.png,1,ai,jitter_20pct,0.998425,1,1
data\val\ai\ai_000412.png,1,ai,jitter_20pct,0.996066,1,1
data\val\ai\ai_000413.png,1,ai,jitter_20pct,0.992808,1,1
data\val\ai\ai_000414.png,1,ai,jitter_20pct,0.999627,1,1
data\val\ai\ai_000415.png,1,ai,jitter_20pct,0.985499,1,1
data\val\ai\ai_000416.png,1,ai,jitter_20pct,0.927254,1,1
data\val\ai\ai_000417.png,1,ai,jitter_20pct,0.972279,1,1
data\val\ai\ai_000418.png,1,ai,jitter_20pct,0.407184,0,0
data\val\ai\ai_000419.png,1,ai,jitter_20pct,0.976993,1,1
data\val\ai\ai_000420.png,1,ai,jitter_20pct,0.970361,1,1
data\val\ai\ai_000421.png,1,ai,jitter_20pct,0.998200,1,1
data\val\ai\ai_000422.png,1,ai,jitter_20pct,0.419760,0,0
data\val\ai\ai_000423.png,1,ai,jitter_20pct,0.952350,1,1
data\val\ai\ai_000424.png,1,ai,jitter_20pct,0.999607,1,1
data\val\ai\ai_000425.png,1,ai,jitter_20pct,0.958206,1,1
data\val\ai\ai_000426.png,1,ai,jitter_20pct,0.683204,1,1
data\val\ai\ai_000427.png,1,ai,jitter_20pct,0.977462,1,1
data\val\ai\ai_000428.png,1,ai,jitter_20pct,0.978684,1,1
data\val\ai\ai_000429.png,1,ai,jitter_20pct,0.996459,1,1
data\val\ai\ai_000430.png,1,ai,jitter_20pct,0.939129,1,1
data\val\ai\ai_000431.png,1,ai,jitter_20pct,0.952769,1,1
data\val\ai\ai_000432.png,1,ai,jitter_20pct,0.997342,1,1
data\val\ai\ai_000433.png,1,ai,jitter_20pct,0.997190,1,1
data\val\ai\ai_000434.png,1,ai,jitter_20pct,0.972932,1,1
data\val\ai\ai_000435.png,1,ai,jitter_20pct,0.981832,1,1
data\val\ai\ai_000436.png,1,ai,jitter_20pct,0.994565,1,1
data\val\ai\ai_000437.png,1,ai,jitter_20pct,0.966444,1,1
data\val\ai\ai_000438.png,1,ai,jitter_20pct,0.982281,1,1
data\val\ai\ai_000439.png,1,ai,jitter_20pct,0.886037,1,1
data\val\ai\ai_000440.png,1,ai,jitter_20pct,0.944724,1,1
data\val\ai\ai_000441.png,1,ai,jitter_20pct,0.903264,1,1
data\val\ai\ai_000442.png,1,ai,jitter_20pct,0.982650,1,1
data\val\ai\ai_000443.png,1,ai,jitter_20pct,0.994188,1,1
data\val\ai\ai_000444.png,1,ai,jitter_20pct,0.999333,1,1
data\val\ai\ai_000445.png,1,ai,jitter_20pct,0.992012,1,1
data\val\ai\ai_000446.png,1,ai,jitter_20pct,0.986853,1,1
data\val\ai\ai_000447.png,1,ai,jitter_20pct,0.989097,1,1
data\val\ai\ai_000448.png,1,ai,jitter_20pct,0.425200,0,0
data\val\ai\ai_000449.png,1,ai,jitter_20pct,0.999195,1,1
data\val\ai\ai_000450.png,1,ai,jitter_20pct,0.992272,1,1
data\val\ai\ai_000451.png,1,ai,jitter_20pct,0.976252,1,1
data\val\ai\ai_000452.png,1,ai,jitter_20pct,0.925621,1,1
data\val\ai\ai_000453.png,1,ai,jitter_20pct,0.999608,1,1
data\val\ai\ai_000454.png,1,ai,jitter_20pct,0.986539,1,1
data\val\ai\ai_000455.png,1,ai,jitter_20pct,0.994945,1,1
data\val\ai\ai_000456.png,1,ai,jitter_20pct,0.986737,1,1
data\val\ai\ai_000457.png,1,ai,jitter_20pct,0.980511,1,1
data\val\ai\ai_000458.png,1,ai,jitter_20pct,0.947038,1,1
data\val\ai\ai_000459.png,1,ai,jitter_20pct,0.731765,1,1
data\val\ai\ai_000460.png,1,ai,jitter_20pct,0.974994,1,1
data\val\ai\ai_000461.png,1,ai,jitter_20pct,0.944694,1,1
data\val\ai\ai_000462.png,1,ai,jitter_20pct,0.977457,1,1
data\val\ai\ai_000463.png,1,ai,jitter_20pct,0.987534,1,1
data\val\ai\ai_000464.png,1,ai,jitter_20pct,0.990315,1,1
data\val\ai\ai_000465.png,1,ai,jitter_20pct,0.994144,1,1
data\val\ai\ai_000466.png,1,ai,jitter_20pct,0.777447,1,1
data\val\ai\ai_000467.png,1,ai,jitter_20pct,0.987671,1,1
data\val\ai\ai_000468.png,1,ai,jitter_20pct,0.762048,1,1
data\val\ai\ai_000469.png,1,ai,jitter_20pct,0.998505,1,1
data\val\ai\ai_000470.png,1,ai,jitter_20pct,0.656128,1,1
data\val\ai\ai_000471.png,1,ai,jitter_20pct,0.999814,1,1
data\val\ai\ai_000472.png,1,ai,jitter_20pct,0.970690,1,1
data\val\ai\ai_000473.png,1,ai,jitter_20pct,0.940945,1,1
data\val\ai\ai_000474.png,1,ai,jitter_20pct,0.994224,1,1
data\val\ai\ai_000475.png,1,ai,jitter_20pct,0.997396,1,1
data\val\ai\ai_000476.png,1,ai,jitter_20pct,0.915429,1,1
data\val\ai\ai_000477.png,1,ai,jitter_20pct,0.983113,1,1
data\val\ai\ai_000478.png,1,ai,jitter_20pct,0.987807,1,1
data\val\ai\ai_000479.png,1,ai,jitter_20pct,0.956516,1,1
data\val\ai\ai_000480.png,1,ai,jitter_20pct,0.919310,1,1
data\val\ai\ai_000481.png,1,ai,jitter_20pct,0.998423,1,1
data\val\ai\ai_000482.png,1,ai,jitter_20pct,0.867747,1,1
data\val\ai\ai_000483.png,1,ai,jitter_20pct,0.977350,1,1
data\val\ai\ai_000484.png,1,ai,jitter_20pct,0.987254,1,1
data\val\ai\ai_000485.png,1,ai,jitter_20pct,0.977650,1,1
data\val\ai\ai_000486.png,1,ai,jitter_20pct,0.992729,1,1
data\val\ai\ai_000487.png,1,ai,jitter_20pct,0.993649,1,1
data\val\ai\ai_000488.png,1,ai,jitter_20pct,0.587504,1,1
data\val\ai\ai_000489.png,1,ai,jitter_20pct,0.992081,1,1
data\val\ai\ai_000490.png,1,ai,jitter_20pct,0.949376,1,1
data\val\ai\ai_000491.png,1,ai,jitter_20pct,0.988118,1,1
data\val\ai\ai_000492.png,1,ai,jitter_20pct,0.996307,1,1
data\val\ai\ai_000493.png,1,ai,jitter_20pct,0.964119,1,1
data\val\ai\ai_000494.png,1,ai,jitter_20pct,0.997356,1,1
data\val\ai\ai_000495.png,1,ai,jitter_20pct,0.995517,1,1
data\val\ai\ai_000496.png,1,ai,jitter_20pct,0.856380,1,1
data\val\ai\ai_000497.png,1,ai,jitter_20pct,0.991531,1,1
data\val\ai\ai_000498.png,1,ai,jitter_20pct,0.887309,1,1
data\val\ai\ai_000499.png,1,ai,jitter_20pct,0.998381,1,1
data\val\ai\ai_000500.png,1,ai,jitter_20pct,0.878368,1,1
data\val\real\000000000139.jpg,0,real,crop_80pct,0.674703,1,0
data\val\real\000000000285.jpg,0,real,crop_80pct,0.044154,0,1
data\val\real\000000000632.jpg,0,real,crop_80pct,0.804387,1,0
data\val\real\000000000724.jpg,0,real,crop_80pct,0.034566,0,1
data\val\real\000000000776.jpg,0,real,crop_80pct,0.049839,0,1
data\val\real\000000000785.jpg,0,real,crop_80pct,0.245023,0,1
data\val\real\000000000802.jpg,0,real,crop_80pct,0.342458,0,1
data\val\real\000000000872.jpg,0,real,crop_80pct,0.029326,0,1
data\val\real\000000000885.jpg,0,real,crop_80pct,0.116074,0,1
data\val\real\000000001000.jpg,0,real,crop_80pct,0.000886,0,1
data\val\real\000000001268.jpg,0,real,crop_80pct,0.157651,0,1
data\val\real\000000001296.jpg,0,real,crop_80pct,0.113746,0,1
data\val\real\000000001353.jpg,0,real,crop_80pct,0.002186,0,1
data\val\real\000000001425.jpg,0,real,crop_80pct,0.197655,0,1
data\val\real\000000001490.jpg,0,real,crop_80pct,0.253491,0,1
data\val\real\000000001503.jpg,0,real,crop_80pct,0.317566,0,1
data\val\real\000000001532.jpg,0,real,crop_80pct,0.062944,0,1
data\val\real\000000001584.jpg,0,real,crop_80pct,0.276873,0,1
data\val\real\000000001675.jpg,0,real,crop_80pct,0.081117,0,1
data\val\real\000000001761.jpg,0,real,crop_80pct,0.022396,0,1
data\val\real\000000001818.jpg,0,real,crop_80pct,0.282571,0,1
data\val\real\000000001993.jpg,0,real,crop_80pct,0.136144,0,1
data\val\real\000000002006.jpg,0,real,crop_80pct,0.070916,0,1
data\val\real\000000002149.jpg,0,real,crop_80pct,0.267951,0,1
data\val\real\000000002153.jpg,0,real,crop_80pct,0.007703,0,1
data\val\real\000000002157.jpg,0,real,crop_80pct,0.206694,0,1
data\val\real\000000002261.jpg,0,real,crop_80pct,0.013364,0,1
data\val\real\000000002299.jpg,0,real,crop_80pct,0.010742,0,1
data\val\real\000000002431.jpg,0,real,crop_80pct,0.098030,0,1
data\val\real\000000002473.jpg,0,real,crop_80pct,0.061538,0,1
data\val\real\000000002532.jpg,0,real,crop_80pct,0.037258,0,1
data\val\real\000000002587.jpg,0,real,crop_80pct,0.008924,0,1
data\val\real\000000002592.jpg,0,real,crop_80pct,0.048949,0,1
data\val\real\000000002685.jpg,0,real,crop_80pct,0.007143,0,1
data\val\real\000000002923.jpg,0,real,crop_80pct,0.145911,0,1
data\val\real\000000003156.jpg,0,real,crop_80pct,0.295113,0,1
data\val\real\000000003255.jpg,0,real,crop_80pct,0.466229,0,1
data\val\real\000000003501.jpg,0,real,crop_80pct,0.121968,0,1
data\val\real\000000003553.jpg,0,real,crop_80pct,0.285234,0,1
data\val\real\000000003661.jpg,0,real,crop_80pct,0.006392,0,1
data\val\real\000000003845.jpg,0,real,crop_80pct,0.185548,0,1
data\val\real\000000003934.jpg,0,real,crop_80pct,0.004905,0,1
data\val\real\000000004134.jpg,0,real,crop_80pct,0.007425,0,1
data\val\real\000000004395.jpg,0,real,crop_80pct,0.118738,0,1
data\val\real\000000004495.jpg,0,real,crop_80pct,0.255288,0,1
data\val\real\000000004765.jpg,0,real,crop_80pct,0.114928,0,1
data\val\real\000000004795.jpg,0,real,crop_80pct,0.001036,0,1
data\val\real\000000005001.jpg,0,real,crop_80pct,0.033495,0,1
data\val\real\000000005037.jpg,0,real,crop_80pct,0.126555,0,1
data\val\real\000000005060.jpg,0,real,crop_80pct,0.076712,0,1
data\val\real\000000005193.jpg,0,real,crop_80pct,0.007046,0,1
data\val\real\000000005477.jpg,0,real,crop_80pct,0.045717,0,1
data\val\real\000000005503.jpg,0,real,crop_80pct,0.011699,0,1
data\val\real\000000005529.jpg,0,real,crop_80pct,0.047642,0,1
data\val\real\000000005586.jpg,0,real,crop_80pct,0.001333,0,1
data\val\real\000000005600.jpg,0,real,crop_80pct,0.025197,0,1
data\val\real\000000005992.jpg,0,real,crop_80pct,0.014120,0,1
data\val\real\000000006012.jpg,0,real,crop_80pct,0.118040,0,1
data\val\real\000000006040.jpg,0,real,crop_80pct,0.638470,1,0
data\val\real\000000006213.jpg,0,real,crop_80pct,0.374262,0,1
data\val\real\000000006460.jpg,0,real,crop_80pct,0.148666,0,1
data\val\real\000000006471.jpg,0,real,crop_80pct,0.022473,0,1
data\val\real\000000006614.jpg,0,real,crop_80pct,0.228983,0,1
data\val\real\000000006723.jpg,0,real,crop_80pct,0.209199,0,1
data\val\real\000000006763.jpg,0,real,crop_80pct,0.000107,0,1
data\val\real\000000006771.jpg,0,real,crop_80pct,0.018557,0,1
data\val\real\000000006818.jpg,0,real,crop_80pct,0.091776,0,1
data\val\real\000000006894.jpg,0,real,crop_80pct,0.007835,0,1
data\val\real\000000006954.jpg,0,real,crop_80pct,0.054627,0,1
data\val\real\000000007088.jpg,0,real,crop_80pct,0.051184,0,1
data\val\real\000000007108.jpg,0,real,crop_80pct,0.070768,0,1
data\val\real\000000007278.jpg,0,real,crop_80pct,0.215165,0,1
data\val\real\000000007281.jpg,0,real,crop_80pct,0.001939,0,1
data\val\real\000000007386.jpg,0,real,crop_80pct,0.045379,0,1
data\val\real\000000007511.jpg,0,real,crop_80pct,0.064109,0,1
data\val\real\000000007574.jpg,0,real,crop_80pct,0.197284,0,1
data\val\real\000000007784.jpg,0,real,crop_80pct,0.382737,0,1
data\val\real\000000007795.jpg,0,real,crop_80pct,0.904854,1,0
data\val\real\000000007816.jpg,0,real,crop_80pct,0.022961,0,1
data\val\real\000000007818.jpg,0,real,crop_80pct,0.758093,1,0
data\val\real\000000007888.jpg,0,real,crop_80pct,0.728566,1,0
data\val\real\000000007977.jpg,0,real,crop_80pct,0.261915,0,1
data\val\real\000000007991.jpg,0,real,crop_80pct,0.044461,0,1
data\val\real\000000008021.jpg,0,real,crop_80pct,0.002362,0,1
data\val\real\000000008211.jpg,0,real,crop_80pct,0.223365,0,1
data\val\real\000000008277.jpg,0,real,crop_80pct,0.094497,0,1
data\val\real\000000008532.jpg,0,real,crop_80pct,0.015022,0,1
data\val\real\000000008629.jpg,0,real,crop_80pct,0.021886,0,1
data\val\real\000000008690.jpg,0,real,crop_80pct,0.006472,0,1
data\val\real\000000008762.jpg,0,real,crop_80pct,0.371655,0,1
data\val\real\000000008844.jpg,0,real,crop_80pct,0.081116,0,1
data\val\real\000000008899.jpg,0,real,crop_80pct,0.185656,0,1
data\val\real\000000009378.jpg,0,real,crop_80pct,0.027247,0,1
data\val\real\000000009400.jpg,0,real,crop_80pct,0.005608,0,1
data\val\real\000000009448.jpg,0,real,crop_80pct,0.017196,0,1
data\val\real\000000009483.jpg,0,real,crop_80pct,0.018896,0,1
data\val\real\000000009590.jpg,0,real,crop_80pct,0.190335,0,1
data\val\real\000000009769.jpg,0,real,crop_80pct,0.068970,0,1
data\val\real\000000009772.jpg,0,real,crop_80pct,0.047129,0,1
data\val\real\000000009891.jpg,0,real,crop_80pct,0.007482,0,1
data\val\real\000000009914.jpg,0,real,crop_80pct,0.120667,0,1
data\val\real\000000010092.jpg,0,real,crop_80pct,0.080103,0,1
data\val\real\000000010363.jpg,0,real,crop_80pct,0.006032,0,1
data\val\real\000000010583.jpg,0,real,crop_80pct,0.013996,0,1
data\val\real\000000010707.jpg,0,real,crop_80pct,0.000650,0,1
data\val\real\000000010764.jpg,0,real,crop_80pct,0.227229,0,1
data\val\real\000000010977.jpg,0,real,crop_80pct,0.267105,0,1
data\val\real\000000010995.jpg,0,real,crop_80pct,0.555764,1,0
data\val\real\000000011051.jpg,0,real,crop_80pct,0.017550,0,1
data\val\real\000000011122.jpg,0,real,crop_80pct,0.009749,0,1
data\val\real\000000011149.jpg,0,real,crop_80pct,0.081162,0,1
data\val\real\000000011197.jpg,0,real,crop_80pct,0.091062,0,1
data\val\real\000000011511.jpg,0,real,crop_80pct,0.122931,0,1
data\val\real\000000011615.jpg,0,real,crop_80pct,0.077757,0,1
data\val\real\000000011699.jpg,0,real,crop_80pct,0.012535,0,1
data\val\real\000000011760.jpg,0,real,crop_80pct,0.329433,0,1
data\val\real\000000011813.jpg,0,real,crop_80pct,0.194196,0,1
data\val\real\000000012062.jpg,0,real,crop_80pct,0.027226,0,1
data\val\real\000000012120.jpg,0,real,crop_80pct,0.052904,0,1
data\val\real\000000012280.jpg,0,real,crop_80pct,0.699367,1,0
data\val\real\000000012576.jpg,0,real,crop_80pct,0.131701,0,1
data\val\real\000000012639.jpg,0,real,crop_80pct,0.018894,0,1
data\val\real\000000012667.jpg,0,real,crop_80pct,0.284082,0,1
data\val\real\000000012670.jpg,0,real,crop_80pct,0.001264,0,1
data\val\real\000000012748.jpg,0,real,crop_80pct,0.035125,0,1
data\val\real\000000013004.jpg,0,real,crop_80pct,0.099527,0,1
data\val\real\000000013177.jpg,0,real,crop_80pct,0.052035,0,1
data\val\real\000000013201.jpg,0,real,crop_80pct,0.057813,0,1
data\val\real\000000013291.jpg,0,real,crop_80pct,0.251098,0,1
data\val\real\000000013348.jpg,0,real,crop_80pct,0.170439,0,1
data\val\real\000000013546.jpg,0,real,crop_80pct,0.063287,0,1
data\val\real\000000013597.jpg,0,real,crop_80pct,0.542537,1,0
data\val\real\000000013659.jpg,0,real,crop_80pct,0.001318,0,1
data\val\real\000000013729.jpg,0,real,crop_80pct,0.012066,0,1
data\val\real\000000013774.jpg,0,real,crop_80pct,0.339932,0,1
data\val\real\000000013923.jpg,0,real,crop_80pct,0.709193,1,0
data\val\real\000000014007.jpg,0,real,crop_80pct,0.122760,0,1
data\val\real\000000014038.jpg,0,real,crop_80pct,0.582095,1,0
data\val\real\000000014226.jpg,0,real,crop_80pct,0.284739,0,1
data\val\real\000000014380.jpg,0,real,crop_80pct,0.699623,1,0
data\val\real\000000014439.jpg,0,real,crop_80pct,0.028230,0,1
data\val\real\000000014473.jpg,0,real,crop_80pct,0.041336,0,1
data\val\real\000000014831.jpg,0,real,crop_80pct,0.011011,0,1
data\val\real\000000014888.jpg,0,real,crop_80pct,0.084840,0,1
data\val\real\000000015079.jpg,0,real,crop_80pct,0.206018,0,1
data\val\real\000000015254.jpg,0,real,crop_80pct,0.042993,0,1
data\val\real\000000015272.jpg,0,real,crop_80pct,0.155064,0,1
data\val\real\000000015278.jpg,0,real,crop_80pct,0.056783,0,1
data\val\real\000000015335.jpg,0,real,crop_80pct,0.002673,0,1
data\val\real\000000015338.jpg,0,real,crop_80pct,0.768508,1,0
data\val\real\000000015440.jpg,0,real,crop_80pct,0.608773,1,0
data\val\real\000000015497.jpg,0,real,crop_80pct,0.005915,0,1
data\val\real\000000015517.jpg,0,real,crop_80pct,0.147404,0,1
data\val\real\000000015597.jpg,0,real,crop_80pct,0.003645,0,1
data\val\real\000000015660.jpg,0,real,crop_80pct,0.085195,0,1
data\val\real\000000015746.jpg,0,real,crop_80pct,0.183042,0,1
data\val\real\000000015751.jpg,0,real,crop_80pct,0.263231,0,1
data\val\real\000000015956.jpg,0,real,crop_80pct,0.009435,0,1
data\val\real\000000016010.jpg,0,real,crop_80pct,0.136656,0,1
data\val\real\000000016228.jpg,0,real,crop_80pct,0.380219,0,1
data\val\real\000000016249.jpg,0,real,crop_80pct,0.104421,0,1
data\val\real\000000016439.jpg,0,real,crop_80pct,0.320783,0,1
data\val\real\000000016451.jpg,0,real,crop_80pct,0.150524,0,1
data\val\real\000000016502.jpg,0,real,crop_80pct,0.226177,0,1
data\val\real\000000016598.jpg,0,real,crop_80pct,0.004463,0,1
data\val\real\000000016958.jpg,0,real,crop_80pct,0.148523,0,1
data\val\real\000000017029.jpg,0,real,crop_80pct,0.089494,0,1
data\val\real\000000017031.jpg,0,real,crop_80pct,0.305623,0,1
data\val\real\000000017115.jpg,0,real,crop_80pct,0.197933,0,1
data\val\real\000000017178.jpg,0,real,crop_80pct,0.242789,0,1
data\val\real\000000017182.jpg,0,real,crop_80pct,0.490390,0,1
data\val\real\000000017207.jpg,0,real,crop_80pct,0.003242,0,1
data\val\real\000000017379.jpg,0,real,crop_80pct,0.828181,1,0
data\val\real\000000017436.jpg,0,real,crop_80pct,0.017007,0,1
data\val\real\000000017627.jpg,0,real,crop_80pct,0.003615,0,1
data\val\real\000000017714.jpg,0,real,crop_80pct,0.029788,0,1
data\val\real\000000017899.jpg,0,real,crop_80pct,0.009627,0,1
data\val\real\000000017905.jpg,0,real,crop_80pct,0.000587,0,1
data\val\real\000000017959.jpg,0,real,crop_80pct,0.028587,0,1
data\val\real\000000018150.jpg,0,real,crop_80pct,0.000591,0,1
data\val\real\000000018193.jpg,0,real,crop_80pct,0.020645,0,1
data\val\real\000000018380.jpg,0,real,crop_80pct,0.097561,0,1
data\val\real\000000018491.jpg,0,real,crop_80pct,0.011239,0,1
data\val\real\000000018519.jpg,0,real,crop_80pct,0.226934,0,1
data\val\real\000000018575.jpg,0,real,crop_80pct,0.041537,0,1
data\val\real\000000018737.jpg,0,real,crop_80pct,0.048186,0,1
data\val\real\000000018770.jpg,0,real,crop_80pct,0.089478,0,1
data\val\real\000000018833.jpg,0,real,crop_80pct,0.167354,0,1
data\val\real\000000018837.jpg,0,real,crop_80pct,0.014768,0,1
data\val\real\000000019042.jpg,0,real,crop_80pct,0.047767,0,1
data\val\real\000000019109.jpg,0,real,crop_80pct,0.129743,0,1
data\val\real\000000019221.jpg,0,real,crop_80pct,0.004784,0,1
data\val\real\000000019402.jpg,0,real,crop_80pct,0.000053,0,1
data\val\real\000000019432.jpg,0,real,crop_80pct,0.057766,0,1
data\val\real\000000019742.jpg,0,real,crop_80pct,0.145888,0,1
data\val\real\000000019786.jpg,0,real,crop_80pct,0.002177,0,1
data\val\real\000000019924.jpg,0,real,crop_80pct,0.455700,0,1
data\val\real\000000020059.jpg,0,real,crop_80pct,0.157882,0,1
data\val\real\000000020107.jpg,0,real,crop_80pct,0.034748,0,1
data\val\real\000000020247.jpg,0,real,crop_80pct,0.185010,0,1
data\val\real\000000020333.jpg,0,real,crop_80pct,0.097069,0,1
data\val\real\000000020553.jpg,0,real,crop_80pct,0.004492,0,1
data\val\real\000000020571.jpg,0,real,crop_80pct,0.203045,0,1
data\val\real\000000020992.jpg,0,real,crop_80pct,0.015018,0,1
data\val\real\000000021167.jpg,0,real,crop_80pct,0.000805,0,1
data\val\real\000000021465.jpg,0,real,crop_80pct,0.011543,0,1
data\val\real\000000021503.jpg,0,real,crop_80pct,0.013399,0,1
data\val\real\000000021604.jpg,0,real,crop_80pct,0.928989,1,0
data\val\real\000000021839.jpg,0,real,crop_80pct,0.000831,0,1
data\val\real\000000021879.jpg,0,real,crop_80pct,0.075500,0,1
data\val\real\000000021903.jpg,0,real,crop_80pct,0.114320,0,1
data\val\real\000000022192.jpg,0,real,crop_80pct,0.028211,0,1
data\val\real\000000022371.jpg,0,real,crop_80pct,0.808014,1,0
data\val\real\000000022396.jpg,0,real,crop_80pct,0.011535,0,1
data\val\real\000000022479.jpg,0,real,crop_80pct,0.019617,0,1
data\val\real\000000022589.jpg,0,real,crop_80pct,0.024325,0,1
data\val\real\000000022623.jpg,0,real,crop_80pct,0.223658,0,1
data\val\real\000000022705.jpg,0,real,crop_80pct,0.003869,0,1
data\val\real\000000022755.jpg,0,real,crop_80pct,0.699756,1,0
data\val\real\000000022892.jpg,0,real,crop_80pct,0.172683,0,1
data\val\real\000000022935.jpg,0,real,crop_80pct,0.159734,0,1
data\val\real\000000022969.jpg,0,real,crop_80pct,0.375726,0,1
data\val\real\000000023023.jpg,0,real,crop_80pct,0.288804,0,1
data\val\real\000000023034.jpg,0,real,crop_80pct,0.003494,0,1
data\val\real\000000023126.jpg,0,real,crop_80pct,0.156435,0,1
data\val\real\000000023230.jpg,0,real,crop_80pct,0.013786,0,1
data\val\real\000000023272.jpg,0,real,crop_80pct,0.013898,0,1
data\val\real\000000023359.jpg,0,real,crop_80pct,0.119169,0,1
data\val\real\000000023666.jpg,0,real,crop_80pct,0.306047,0,1
data\val\real\000000023751.jpg,0,real,crop_80pct,0.001997,0,1
data\val\real\000000023781.jpg,0,real,crop_80pct,0.194977,0,1
data\val\real\000000023899.jpg,0,real,crop_80pct,0.003352,0,1
data\val\real\000000023937.jpg,0,real,crop_80pct,0.024626,0,1
data\val\real\000000024021.jpg,0,real,crop_80pct,0.040656,0,1
data\val\real\000000024027.jpg,0,real,crop_80pct,0.002768,0,1
data\val\real\000000024144.jpg,0,real,crop_80pct,0.033238,0,1
data\val\real\000000024243.jpg,0,real,crop_80pct,0.006691,0,1
data\val\real\000000024567.jpg,0,real,crop_80pct,0.018837,0,1
data\val\real\000000024610.jpg,0,real,crop_80pct,0.054620,0,1
data\val\real\000000024919.jpg,0,real,crop_80pct,0.282248,0,1
data\val\real\000000025057.jpg,0,real,crop_80pct,0.012530,0,1
data\val\real\000000025096.jpg,0,real,crop_80pct,0.005183,0,1
data\val\real\000000025139.jpg,0,real,crop_80pct,0.156487,0,1
data\val\real\000000025181.jpg,0,real,crop_80pct,0.811760,1,0
data\val\real\000000025228.jpg,0,real,crop_80pct,0.057067,0,1
data\val\real\000000025386.jpg,0,real,crop_80pct,0.007416,0,1
data\val\real\000000025393.jpg,0,real,crop_80pct,0.000123,0,1
data\val\real\000000025394.jpg,0,real,crop_80pct,0.006975,0,1
data\val\real\000000025424.jpg,0,real,crop_80pct,0.087928,0,1
data\val\real\000000025560.jpg,0,real,crop_80pct,0.009834,0,1
data\val\real\000000025593.jpg,0,real,crop_80pct,0.115204,0,1
data\val\real\000000025603.jpg,0,real,crop_80pct,0.000678,0,1
data\val\real\000000025986.jpg,0,real,crop_80pct,0.008476,0,1
data\val\real\000000026204.jpg,0,real,crop_80pct,0.386534,0,1
data\val\real\000000026465.jpg,0,real,crop_80pct,0.169225,0,1
data\val\real\000000026564.jpg,0,real,crop_80pct,0.528958,1,0
data\val\real\000000026690.jpg,0,real,crop_80pct,0.004643,0,1
data\val\real\000000026926.jpg,0,real,crop_80pct,0.240516,0,1
data\val\real\000000026941.jpg,0,real,crop_80pct,0.630021,1,0
data\val\real\000000027186.jpg,0,real,crop_80pct,0.037366,0,1
data\val\real\000000027620.jpg,0,real,crop_80pct,0.190392,0,1
data\val\real\000000027696.jpg,0,real,crop_80pct,0.005846,0,1
data\val\real\000000027768.jpg,0,real,crop_80pct,0.069580,0,1
data\val\real\000000027932.jpg,0,real,crop_80pct,0.238750,0,1
data\val\real\000000027972.jpg,0,real,crop_80pct,0.096454,0,1
data\val\real\000000027982.jpg,0,real,crop_80pct,0.830610,1,0
data\val\real\000000028285.jpg,0,real,crop_80pct,0.030539,0,1
data\val\real\000000028449.jpg,0,real,crop_80pct,0.560931,1,0
data\val\real\000000028452.jpg,0,real,crop_80pct,0.770075,1,0
data\val\real\000000028809.jpg,0,real,crop_80pct,0.340344,0,1
data\val\real\000000028993.jpg,0,real,crop_80pct,0.496188,0,1
data\val\real\000000029187.jpg,0,real,crop_80pct,0.004728,0,1
data\val\real\000000029393.jpg,0,real,crop_80pct,0.003908,0,1
data\val\real\000000029397.jpg,0,real,crop_80pct,0.087909,0,1
data\val\real\000000029596.jpg,0,real,crop_80pct,0.730169,1,0
data\val\real\000000029640.jpg,0,real,crop_80pct,0.200074,0,1
data\val\real\000000029675.jpg,0,real,crop_80pct,0.203473,0,1
data\val\real\000000029984.jpg,0,real,crop_80pct,0.024696,0,1
data\val\real\000000030213.jpg,0,real,crop_80pct,0.671443,1,0
data\val\real\000000030494.jpg,0,real,crop_80pct,0.002473,0,1
data\val\real\000000030504.jpg,0,real,crop_80pct,0.230054,0,1
data\val\real\000000030675.jpg,0,real,crop_80pct,0.344151,0,1
data\val\real\000000030785.jpg,0,real,crop_80pct,0.138842,0,1
data\val\real\000000030828.jpg,0,real,crop_80pct,0.775268,1,0
data\val\real\000000031050.jpg,0,real,crop_80pct,0.165766,0,1
data\val\real\000000031093.jpg,0,real,crop_80pct,0.114045,0,1
data\val\real\000000031118.jpg,0,real,crop_80pct,0.116309,0,1
data\val\real\000000031217.jpg,0,real,crop_80pct,0.066361,0,1
data\val\real\000000031248.jpg,0,real,crop_80pct,0.330227,0,1
data\val\real\000000031269.jpg,0,real,crop_80pct,0.070144,0,1
data\val\real\000000031296.jpg,0,real,crop_80pct,0.011959,0,1
data\val\real\000000031322.jpg,0,real,crop_80pct,0.148907,0,1
data\val\real\000000031620.jpg,0,real,crop_80pct,0.000173,0,1
data\val\real\000000031735.jpg,0,real,crop_80pct,0.006771,0,1
data\val\real\000000031749.jpg,0,real,crop_80pct,0.122097,0,1
data\val\real\000000031817.jpg,0,real,crop_80pct,0.018270,0,1
data\val\real\000000032038.jpg,0,real,crop_80pct,0.051497,0,1
data\val\real\000000032081.jpg,0,real,crop_80pct,0.172645,0,1
data\val\real\000000032285.jpg,0,real,crop_80pct,0.880661,1,0
data\val\real\000000032334.jpg,0,real,crop_80pct,0.001391,0,1
data\val\real\000000032570.jpg,0,real,crop_80pct,0.837167,1,0
data\val\real\000000032610.jpg,0,real,crop_80pct,0.083466,0,1
data\val\real\000000032735.jpg,0,real,crop_80pct,0.362958,0,1
data\val\real\000000032811.jpg,0,real,crop_80pct,0.363290,0,1
data\val\real\000000032817.jpg,0,real,crop_80pct,0.002542,0,1
data\val\real\000000032861.jpg,0,real,crop_80pct,0.412595,0,1
data\val\real\000000032887.jpg,0,real,crop_80pct,0.003217,0,1
data\val\real\000000032901.jpg,0,real,crop_80pct,0.000181,0,1
data\val\real\000000032941.jpg,0,real,crop_80pct,0.210244,0,1
data\val\real\000000033005.jpg,0,real,crop_80pct,0.049020,0,1
data\val\real\000000033104.jpg,0,real,crop_80pct,0.013629,0,1
data\val\real\000000033109.jpg,0,real,crop_80pct,0.050086,0,1
data\val\real\000000033114.jpg,0,real,crop_80pct,0.373227,0,1
data\val\real\000000033221.jpg,0,real,crop_80pct,0.006319,0,1
data\val\real\000000033368.jpg,0,real,crop_80pct,0.156084,0,1
data\val\real\000000033638.jpg,0,real,crop_80pct,0.063730,0,1
data\val\real\000000033707.jpg,0,real,crop_80pct,0.099371,0,1
data\val\real\000000033759.jpg,0,real,crop_80pct,0.114071,0,1
data\val\real\000000033854.jpg,0,real,crop_80pct,0.007456,0,1
data\val\real\000000034071.jpg,0,real,crop_80pct,0.509533,1,0
data\val\real\000000034139.jpg,0,real,crop_80pct,0.285933,0,1
data\val\real\000000034205.jpg,0,real,crop_80pct,0.250297,0,1
data\val\real\000000034257.jpg,0,real,crop_80pct,0.577062,1,0
data\val\real\000000034417.jpg,0,real,crop_80pct,0.264731,0,1
data\val\real\000000034452.jpg,0,real,crop_80pct,0.010064,0,1
data\val\real\000000034760.jpg,0,real,crop_80pct,0.136577,0,1
data\val\real\000000034873.jpg,0,real,crop_80pct,0.366341,0,1
data\val\real\000000035062.jpg,0,real,crop_80pct,0.144633,0,1
data\val\real\000000035197.jpg,0,real,crop_80pct,0.383889,0,1
data\val\real\000000035279.jpg,0,real,crop_80pct,0.404700,0,1
data\val\real\000000035326.jpg,0,real,crop_80pct,0.411417,0,1
data\val\real\000000035682.jpg,0,real,crop_80pct,0.024262,0,1
data\val\real\000000035770.jpg,0,real,crop_80pct,0.016935,0,1
data\val\real\000000035963.jpg,0,real,crop_80pct,0.001988,0,1
data\val\real\000000036494.jpg,0,real,crop_80pct,0.362651,0,1
data\val\real\000000036539.jpg,0,real,crop_80pct,0.013376,0,1
data\val\real\000000036660.jpg,0,real,crop_80pct,0.149830,0,1
data\val\real\000000036678.jpg,0,real,crop_80pct,0.025359,0,1
data\val\real\000000036844.jpg,0,real,crop_80pct,0.218266,0,1
data\val\real\000000036861.jpg,0,real,crop_80pct,0.204330,0,1
data\val\real\000000036936.jpg,0,real,crop_80pct,0.006301,0,1
data\val\real\000000037670.jpg,0,real,crop_80pct,0.493724,0,1
data\val\real\000000037689.jpg,0,real,crop_80pct,0.128536,0,1
data\val\real\000000037740.jpg,0,real,crop_80pct,0.551398,1,0
data\val\real\000000037751.jpg,0,real,crop_80pct,0.085869,0,1
data\val\real\000000037777.jpg,0,real,crop_80pct,0.656311,1,0
data\val\real\000000037988.jpg,0,real,crop_80pct,0.017970,0,1
data\val\real\000000038048.jpg,0,real,crop_80pct,0.130902,0,1
data\val\real\000000038070.jpg,0,real,crop_80pct,0.431954,0,1
data\val\real\000000038118.jpg,0,real,crop_80pct,0.157272,0,1
data\val\real\000000038210.jpg,0,real,crop_80pct,0.077438,0,1
data\val\real\000000038576.jpg,0,real,crop_80pct,0.901133,1,0
data\val\real\000000038678.jpg,0,real,crop_80pct,0.001099,0,1
data\val\real\000000038825.jpg,0,real,crop_80pct,0.156638,0,1
data\val\real\000000038829.jpg,0,real,crop_80pct,0.039897,0,1
data\val\real\000000039405.jpg,0,real,crop_80pct,0.010107,0,1
data\val\real\000000039477.jpg,0,real,crop_80pct,0.550477,1,0
data\val\real\000000039480.jpg,0,real,crop_80pct,0.187415,0,1
data\val\real\000000039484.jpg,0,real,crop_80pct,0.178868,0,1
data\val\real\000000039551.jpg,0,real,crop_80pct,0.241159,0,1
data\val\real\000000039670.jpg,0,real,crop_80pct,0.295898,0,1
data\val\real\000000039769.jpg,0,real,crop_80pct,0.002678,0,1
data\val\real\000000039785.jpg,0,real,crop_80pct,0.142849,0,1
data\val\real\000000039914.jpg,0,real,crop_80pct,0.028976,0,1
data\val\real\000000039951.jpg,0,real,crop_80pct,0.337625,0,1
data\val\real\000000039956.jpg,0,real,crop_80pct,0.547911,1,0
data\val\real\000000040036.jpg,0,real,crop_80pct,0.087992,0,1
data\val\real\000000040083.jpg,0,real,crop_80pct,0.026393,0,1
data\val\real\000000040471.jpg,0,real,crop_80pct,0.176477,0,1
data\val\real\000000040757.jpg,0,real,crop_80pct,0.033904,0,1
data\val\real\000000041488.jpg,0,real,crop_80pct,0.302441,0,1
data\val\real\000000041633.jpg,0,real,crop_80pct,0.543218,1,0
data\val\real\000000041635.jpg,0,real,crop_80pct,0.072232,0,1
data\val\real\000000041872.jpg,0,real,crop_80pct,0.932063,1,0
data\val\real\000000041888.jpg,0,real,crop_80pct,0.037042,0,1
data\val\real\000000041990.jpg,0,real,crop_80pct,0.005521,0,1
data\val\real\000000042070.jpg,0,real,crop_80pct,0.159256,0,1
data\val\real\000000042102.jpg,0,real,crop_80pct,0.020749,0,1
data\val\real\000000042178.jpg,0,real,crop_80pct,0.658402,1,0
data\val\real\000000042276.jpg,0,real,crop_80pct,0.029412,0,1
data\val\real\000000042296.jpg,0,real,crop_80pct,0.022061,0,1
data\val\real\000000042528.jpg,0,real,crop_80pct,0.010120,0,1
data\val\real\000000042563.jpg,0,real,crop_80pct,0.239497,0,1
data\val\real\000000042628.jpg,0,real,crop_80pct,0.032237,0,1
data\val\real\000000042888.jpg,0,real,crop_80pct,0.012297,0,1
data\val\real\000000042889.jpg,0,real,crop_80pct,0.001840,0,1
data\val\real\000000043314.jpg,0,real,crop_80pct,0.693744,1,0
data\val\real\000000043435.jpg,0,real,crop_80pct,0.185437,0,1
data\val\real\000000043581.jpg,0,real,crop_80pct,0.274492,0,1
data\val\real\000000043737.jpg,0,real,crop_80pct,0.347239,0,1
data\val\real\000000043816.jpg,0,real,crop_80pct,0.098199,0,1
data\val\real\000000044068.jpg,0,real,crop_80pct,0.009348,0,1
data\val\real\000000044195.jpg,0,real,crop_80pct,0.124356,0,1
data\val\real\000000044260.jpg,0,real,crop_80pct,0.699511,1,0
data\val\real\000000044279.jpg,0,real,crop_80pct,0.210695,0,1
data\val\real\000000044590.jpg,0,real,crop_80pct,0.098775,0,1
data\val\real\000000044652.jpg,0,real,crop_80pct,0.126165,0,1
data\val\real\000000044699.jpg,0,real,crop_80pct,0.319756,0,1
data\val\real\000000044877.jpg,0,real,crop_80pct,0.136845,0,1
data\val\real\000000045070.jpg,0,real,crop_80pct,0.072617,0,1
data\val\real\000000045090.jpg,0,real,crop_80pct,0.376952,0,1
data\val\real\000000045229.jpg,0,real,crop_80pct,0.979610,1,0
data\val\real\000000045472.jpg,0,real,crop_80pct,0.156031,0,1
data\val\real\000000045550.jpg,0,real,crop_80pct,0.003650,0,1
data\val\real\000000045596.jpg,0,real,crop_80pct,0.367617,0,1
data\val\real\000000045728.jpg,0,real,crop_80pct,0.025489,0,1
data\val\real\000000046031.jpg,0,real,crop_80pct,0.533409,1,0
data\val\real\000000046048.jpg,0,real,crop_80pct,0.049398,0,1
data\val\real\000000046252.jpg,0,real,crop_80pct,0.280203,0,1
data\val\real\000000046378.jpg,0,real,crop_80pct,0.030690,0,1
data\val\real\000000046463.jpg,0,real,crop_80pct,0.012044,0,1
data\val\real\000000046497.jpg,0,real,crop_80pct,0.004803,0,1
data\val\real\000000046804.jpg,0,real,crop_80pct,0.038000,0,1
data\val\real\000000046872.jpg,0,real,crop_80pct,0.695506,1,0
data\val\real\000000047010.jpg,0,real,crop_80pct,0.298411,0,1
data\val\real\000000047112.jpg,0,real,crop_80pct,0.103537,0,1
data\val\real\000000047121.jpg,0,real,crop_80pct,0.013949,0,1
data\val\real\000000047571.jpg,0,real,crop_80pct,0.109881,0,1
data\val\real\000000047585.jpg,0,real,crop_80pct,0.004282,0,1
data\val\real\000000047740.jpg,0,real,crop_80pct,0.001840,0,1
data\val\real\000000047769.jpg,0,real,crop_80pct,0.402488,0,1
data\val\real\000000047801.jpg,0,real,crop_80pct,0.009386,0,1
data\val\real\000000047819.jpg,0,real,crop_80pct,0.009556,0,1
data\val\real\000000047828.jpg,0,real,crop_80pct,0.484846,0,1
data\val\real\000000048153.jpg,0,real,crop_80pct,0.043420,0,1
data\val\real\000000048396.jpg,0,real,crop_80pct,0.002239,0,1
data\val\real\000000048504.jpg,0,real,crop_80pct,0.645006,1,0
data\val\real\000000048555.jpg,0,real,crop_80pct,0.279583,0,1
data\val\real\000000048564.jpg,0,real,crop_80pct,0.021421,0,1
data\val\real\000000048924.jpg,0,real,crop_80pct,0.980773,1,0
data\val\real\000000049060.jpg,0,real,crop_80pct,0.002379,0,1
data\val\real\000000049091.jpg,0,real,crop_80pct,0.087186,0,1
data\val\real\000000049259.jpg,0,real,crop_80pct,0.011647,0,1
data\val\real\000000049269.jpg,0,real,crop_80pct,0.175110,0,1
data\val\real\000000049759.jpg,0,real,crop_80pct,0.293315,0,1
data\val\real\000000049761.jpg,0,real,crop_80pct,0.014335,0,1
data\val\real\000000049810.jpg,0,real,crop_80pct,0.187904,0,1
data\val\real\000000050006.jpg,0,real,crop_80pct,0.166342,0,1
data\val\real\000000050145.jpg,0,real,crop_80pct,0.002892,0,1
data\val\real\000000050149.jpg,0,real,crop_80pct,0.062656,0,1
data\val\real\000000050165.jpg,0,real,crop_80pct,0.396433,0,1
data\val\real\000000050326.jpg,0,real,crop_80pct,0.004174,0,1
data\val\real\000000050331.jpg,0,real,crop_80pct,0.023444,0,1
data\val\real\000000050380.jpg,0,real,crop_80pct,0.111916,0,1
data\val\real\000000050638.jpg,0,real,crop_80pct,0.672143,1,0
data\val\real\000000050679.jpg,0,real,crop_80pct,0.749604,1,0
data\val\real\000000050811.jpg,0,real,crop_80pct,0.001150,0,1
data\val\real\000000050828.jpg,0,real,crop_80pct,0.486739,0,1
data\val\real\000000050844.jpg,0,real,crop_80pct,0.019013,0,1
data\val\real\000000050896.jpg,0,real,crop_80pct,0.128202,0,1
data\val\real\000000050943.jpg,0,real,crop_80pct,0.075934,0,1
data\val\real\000000051008.jpg,0,real,crop_80pct,0.010192,0,1
data\val\real\000000051309.jpg,0,real,crop_80pct,0.067477,0,1
data\val\real\000000051314.jpg,0,real,crop_80pct,0.268187,0,1
data\val\real\000000051326.jpg,0,real,crop_80pct,0.041315,0,1
data\val\real\000000051598.jpg,0,real,crop_80pct,0.017732,0,1
data\val\real\000000051610.jpg,0,real,crop_80pct,0.167724,0,1
data\val\real\000000051712.jpg,0,real,crop_80pct,0.099335,0,1
data\val\real\000000051738.jpg,0,real,crop_80pct,0.524726,1,0
data\val\real\000000051938.jpg,0,real,crop_80pct,0.117613,0,1
data\val\real\000000051961.jpg,0,real,crop_80pct,0.355700,0,1
data\val\real\000000051976.jpg,0,real,crop_80pct,0.043041,0,1
data\val\real\000000052007.jpg,0,real,crop_80pct,0.388498,0,1
data\val\real\000000052017.jpg,0,real,crop_80pct,0.201191,0,1
data\val\real\000000052412.jpg,0,real,crop_80pct,0.414076,0,1
data\val\real\000000052413.jpg,0,real,crop_80pct,0.017954,0,1
data\val\real\000000052462.jpg,0,real,crop_80pct,0.150781,0,1
data\val\real\000000052507.jpg,0,real,crop_80pct,0.046030,0,1
data\val\real\000000052565.jpg,0,real,crop_80pct,0.288609,0,1
data\val\real\000000052591.jpg,0,real,crop_80pct,0.029106,0,1
data\val\real\000000052891.jpg,0,real,crop_80pct,0.081965,0,1
data\val\real\000000052996.jpg,0,real,crop_80pct,0.007804,0,1
data\val\real\000000053505.jpg,0,real,crop_80pct,0.486289,0,1
data\val\real\000000053529.jpg,0,real,crop_80pct,0.028024,0,1
data\val\real\000000053624.jpg,0,real,crop_80pct,0.034246,0,1
data\val\real\000000053626.jpg,0,real,crop_80pct,0.009146,0,1
data\val\real\000000053909.jpg,0,real,crop_80pct,0.046015,0,1
data\val\real\000000053994.jpg,0,real,crop_80pct,0.077154,0,1
data\val\real\000000054123.jpg,0,real,crop_80pct,0.230900,0,1
data\val\real\000000054164.jpg,0,real,crop_80pct,0.174619,0,1
data\val\real\000000054592.jpg,0,real,crop_80pct,0.105637,0,1
data\val\real\000000054593.jpg,0,real,crop_80pct,0.148014,0,1
data\val\real\000000054605.jpg,0,real,crop_80pct,0.028932,0,1
data\val\real\000000054628.jpg,0,real,crop_80pct,0.016320,0,1
data\val\real\000000054654.jpg,0,real,crop_80pct,0.008048,0,1
data\val\real\000000054931.jpg,0,real,crop_80pct,0.724554,1,0
data\val\real\000000054967.jpg,0,real,crop_80pct,0.210228,0,1
data\val\real\000000055002.jpg,0,real,crop_80pct,0.201205,0,1
data\val\real\000000055022.jpg,0,real,crop_80pct,0.434769,0,1
data\val\real\000000055072.jpg,0,real,crop_80pct,0.211674,0,1
data\val\real\000000055150.jpg,0,real,crop_80pct,0.039481,0,1
data\val\real\000000055167.jpg,0,real,crop_80pct,0.039039,0,1
data\val\real\000000055299.jpg,0,real,crop_80pct,0.170760,0,1
data\val\real\000000055528.jpg,0,real,crop_80pct,0.005893,0,1
data\val\real\000000055950.jpg,0,real,crop_80pct,0.033856,0,1
data\val\real\000000056127.jpg,0,real,crop_80pct,0.388826,0,1
data\val\real\000000056288.jpg,0,real,crop_80pct,0.112981,0,1
data\val\real\000000056344.jpg,0,real,crop_80pct,0.554926,1,0
data\val\real\000000056350.jpg,0,real,crop_80pct,0.193509,0,1
data\val\real\000000056545.jpg,0,real,crop_80pct,0.006642,0,1
data\val\ai\ai_000001.png,1,ai,crop_80pct,0.986588,1,1
data\val\ai\ai_000002.png,1,ai,crop_80pct,0.982701,1,1
data\val\ai\ai_000003.png,1,ai,crop_80pct,0.981541,1,1
data\val\ai\ai_000004.png,1,ai,crop_80pct,0.995768,1,1
data\val\ai\ai_000005.png,1,ai,crop_80pct,0.987968,1,1
data\val\ai\ai_000006.png,1,ai,crop_80pct,0.939385,1,1
data\val\ai\ai_000007.png,1,ai,crop_80pct,0.949972,1,1
data\val\ai\ai_000008.png,1,ai,crop_80pct,0.862268,1,1
data\val\ai\ai_000009.png,1,ai,crop_80pct,0.972134,1,1
data\val\ai\ai_000010.png,1,ai,crop_80pct,0.970854,1,1
data\val\ai\ai_000011.png,1,ai,crop_80pct,0.951483,1,1
data\val\ai\ai_000012.png,1,ai,crop_80pct,0.986249,1,1
data\val\ai\ai_000013.png,1,ai,crop_80pct,0.997322,1,1
data\val\ai\ai_000014.png,1,ai,crop_80pct,0.995651,1,1
data\val\ai\ai_000015.png,1,ai,crop_80pct,0.992859,1,1
data\val\ai\ai_000016.png,1,ai,crop_80pct,0.956763,1,1
data\val\ai\ai_000017.png,1,ai,crop_80pct,0.979213,1,1
data\val\ai\ai_000018.png,1,ai,crop_80pct,0.995466,1,1
data\val\ai\ai_000019.png,1,ai,crop_80pct,0.800802,1,1
data\val\ai\ai_000020.png,1,ai,crop_80pct,0.921246,1,1
data\val\ai\ai_000021.png,1,ai,crop_80pct,0.997148,1,1
data\val\ai\ai_000022.png,1,ai,crop_80pct,0.462584,0,0
data\val\ai\ai_000023.png,1,ai,crop_80pct,0.977665,1,1
data\val\ai\ai_000024.png,1,ai,crop_80pct,0.917513,1,1
data\val\ai\ai_000025.png,1,ai,crop_80pct,0.973114,1,1
data\val\ai\ai_000026.png,1,ai,crop_80pct,0.812399,1,1
data\val\ai\ai_000027.png,1,ai,crop_80pct,0.977752,1,1
data\val\ai\ai_000028.png,1,ai,crop_80pct,0.974771,1,1
data\val\ai\ai_000029.png,1,ai,crop_80pct,0.994459,1,1
data\val\ai\ai_000030.png,1,ai,crop_80pct,0.632266,1,1
data\val\ai\ai_000031.png,1,ai,crop_80pct,0.918004,1,1
data\val\ai\ai_000032.png,1,ai,crop_80pct,0.964672,1,1
data\val\ai\ai_000033.png,1,ai,crop_80pct,0.992326,1,1
data\val\ai\ai_000034.png,1,ai,crop_80pct,0.981284,1,1
data\val\ai\ai_000035.png,1,ai,crop_80pct,0.975877,1,1
data\val\ai\ai_000036.png,1,ai,crop_80pct,0.996570,1,1
data\val\ai\ai_000037.png,1,ai,crop_80pct,0.985359,1,1
data\val\ai\ai_000038.png,1,ai,crop_80pct,0.991189,1,1
data\val\ai\ai_000039.png,1,ai,crop_80pct,0.995501,1,1
data\val\ai\ai_000040.png,1,ai,crop_80pct,0.914026,1,1
data\val\ai\ai_000041.png,1,ai,crop_80pct,0.999751,1,1
data\val\ai\ai_000042.png,1,ai,crop_80pct,0.996680,1,1
data\val\ai\ai_000043.png,1,ai,crop_80pct,0.999141,1,1
data\val\ai\ai_000044.png,1,ai,crop_80pct,0.853728,1,1
data\val\ai\ai_000045.png,1,ai,crop_80pct,0.997024,1,1
data\val\ai\ai_000046.png,1,ai,crop_80pct,0.959268,1,1
data\val\ai\ai_000047.png,1,ai,crop_80pct,0.953128,1,1
data\val\ai\ai_000048.png,1,ai,crop_80pct,0.830487,1,1
data\val\ai\ai_000049.png,1,ai,crop_80pct,0.985574,1,1
data\val\ai\ai_000050.png,1,ai,crop_80pct,0.923216,1,1
data\val\ai\ai_000051.png,1,ai,crop_80pct,0.983906,1,1
data\val\ai\ai_000052.png,1,ai,crop_80pct,0.997850,1,1
data\val\ai\ai_000053.png,1,ai,crop_80pct,0.986002,1,1
data\val\ai\ai_000054.png,1,ai,crop_80pct,0.992026,1,1
data\val\ai\ai_000055.png,1,ai,crop_80pct,0.741463,1,1
data\val\ai\ai_000056.png,1,ai,crop_80pct,0.969679,1,1
data\val\ai\ai_000057.png,1,ai,crop_80pct,0.935411,1,1
data\val\ai\ai_000058.png,1,ai,crop_80pct,0.654144,1,1
data\val\ai\ai_000059.png,1,ai,crop_80pct,0.991742,1,1
data\val\ai\ai_000060.png,1,ai,crop_80pct,0.804649,1,1
data\val\ai\ai_000061.png,1,ai,crop_80pct,0.937204,1,1
data\val\ai\ai_000062.png,1,ai,crop_80pct,0.995693,1,1
data\val\ai\ai_000063.png,1,ai,crop_80pct,0.997347,1,1
data\val\ai\ai_000064.png,1,ai,crop_80pct,0.934574,1,1
data\val\ai\ai_000065.png,1,ai,crop_80pct,0.976948,1,1
data\val\ai\ai_000066.png,1,ai,crop_80pct,0.983638,1,1
data\val\ai\ai_000067.png,1,ai,crop_80pct,0.996199,1,1
data\val\ai\ai_000068.png,1,ai,crop_80pct,0.861426,1,1
data\val\ai\ai_000069.png,1,ai,crop_80pct,0.988462,1,1
data\val\ai\ai_000070.png,1,ai,crop_80pct,0.914893,1,1
data\val\ai\ai_000071.png,1,ai,crop_80pct,0.998074,1,1
data\val\ai\ai_000072.png,1,ai,crop_80pct,0.939899,1,1
data\val\ai\ai_000073.png,1,ai,crop_80pct,0.997164,1,1
data\val\ai\ai_000074.png,1,ai,crop_80pct,0.995234,1,1
data\val\ai\ai_000075.png,1,ai,crop_80pct,0.996900,1,1
data\val\ai\ai_000076.png,1,ai,crop_80pct,0.971896,1,1
data\val\ai\ai_000077.png,1,ai,crop_80pct,0.926514,1,1
data\val\ai\ai_000078.png,1,ai,crop_80pct,0.256550,0,0
data\val\ai\ai_000079.png,1,ai,crop_80pct,0.885063,1,1
data\val\ai\ai_000080.png,1,ai,crop_80pct,0.953048,1,1
data\val\ai\ai_000081.png,1,ai,crop_80pct,0.999550,1,1
data\val\ai\ai_000082.png,1,ai,crop_80pct,0.999064,1,1
data\val\ai\ai_000083.png,1,ai,crop_80pct,0.992781,1,1
data\val\ai\ai_000084.png,1,ai,crop_80pct,0.995088,1,1
data\val\ai\ai_000085.png,1,ai,crop_80pct,0.977967,1,1
data\val\ai\ai_000086.png,1,ai,crop_80pct,0.855031,1,1
data\val\ai\ai_000087.png,1,ai,crop_80pct,0.986980,1,1
data\val\ai\ai_000088.png,1,ai,crop_80pct,0.916454,1,1
data\val\ai\ai_000089.png,1,ai,crop_80pct,0.987636,1,1
data\val\ai\ai_000090.png,1,ai,crop_80pct,0.949865,1,1
data\val\ai\ai_000091.png,1,ai,crop_80pct,0.988065,1,1
data\val\ai\ai_000092.png,1,ai,crop_80pct,0.992608,1,1
data\val\ai\ai_000093.png,1,ai,crop_80pct,0.995444,1,1
data\val\ai\ai_000094.png,1,ai,crop_80pct,0.997046,1,1
data\val\ai\ai_000095.png,1,ai,crop_80pct,0.992737,1,1
data\val\ai\ai_000096.png,1,ai,crop_80pct,0.978024,1,1
data\val\ai\ai_000097.png,1,ai,crop_80pct,0.949630,1,1
data\val\ai\ai_000098.png,1,ai,crop_80pct,0.688336,1,1
data\val\ai\ai_000099.png,1,ai,crop_80pct,0.778786,1,1
data\val\ai\ai_000100.png,1,ai,crop_80pct,0.989695,1,1
data\val\ai\ai_000101.png,1,ai,crop_80pct,0.991790,1,1
data\val\ai\ai_000102.png,1,ai,crop_80pct,0.671303,1,1
data\val\ai\ai_000103.png,1,ai,crop_80pct,0.963450,1,1
data\val\ai\ai_000104.png,1,ai,crop_80pct,0.996638,1,1
data\val\ai\ai_000105.png,1,ai,crop_80pct,0.833167,1,1
data\val\ai\ai_000106.png,1,ai,crop_80pct,0.783576,1,1
data\val\ai\ai_000107.png,1,ai,crop_80pct,0.940755,1,1
data\val\ai\ai_000108.png,1,ai,crop_80pct,0.994257,1,1
data\val\ai\ai_000109.png,1,ai,crop_80pct,0.999673,1,1
data\val\ai\ai_000110.png,1,ai,crop_80pct,0.976554,1,1
data\val\ai\ai_000111.png,1,ai,crop_80pct,0.931784,1,1
data\val\ai\ai_000112.png,1,ai,crop_80pct,0.878664,1,1
data\val\ai\ai_000113.png,1,ai,crop_80pct,0.994871,1,1
data\val\ai\ai_000114.png,1,ai,crop_80pct,0.981361,1,1
data\val\ai\ai_000115.png,1,ai,crop_80pct,0.992303,1,1
data\val\ai\ai_000116.png,1,ai,crop_80pct,0.877001,1,1
data\val\ai\ai_000117.png,1,ai,crop_80pct,0.979427,1,1
data\val\ai\ai_000118.png,1,ai,crop_80pct,0.996731,1,1
data\val\ai\ai_000119.png,1,ai,crop_80pct,0.981586,1,1
data\val\ai\ai_000120.png,1,ai,crop_80pct,0.803601,1,1
data\val\ai\ai_000121.png,1,ai,crop_80pct,0.999824,1,1
data\val\ai\ai_000122.png,1,ai,crop_80pct,0.996199,1,1
data\val\ai\ai_000123.png,1,ai,crop_80pct,0.927045,1,1
data\val\ai\ai_000124.png,1,ai,crop_80pct,0.898020,1,1
data\val\ai\ai_000125.png,1,ai,crop_80pct,0.993929,1,1
data\val\ai\ai_000126.png,1,ai,crop_80pct,0.987134,1,1
data\val\ai\ai_000127.png,1,ai,crop_80pct,0.975417,1,1
data\val\ai\ai_000128.png,1,ai,crop_80pct,0.990047,1,1
data\val\ai\ai_000129.png,1,ai,crop_80pct,0.994684,1,1
data\val\ai\ai_000130.png,1,ai,crop_80pct,0.794410,1,1
data\val\ai\ai_000131.png,1,ai,crop_80pct,0.994541,1,1
data\val\ai\ai_000132.png,1,ai,crop_80pct,0.988088,1,1
data\val\ai\ai_000133.png,1,ai,crop_80pct,0.997143,1,1
data\val\ai\ai_000134.png,1,ai,crop_80pct,0.994103,1,1
data\val\ai\ai_000135.png,1,ai,crop_80pct,0.999393,1,1
data\val\ai\ai_000136.png,1,ai,crop_80pct,0.903158,1,1
data\val\ai\ai_000137.png,1,ai,crop_80pct,0.918934,1,1
data\val\ai\ai_000138.png,1,ai,crop_80pct,0.926945,1,1
data\val\ai\ai_000139.png,1,ai,crop_80pct,0.997686,1,1
data\val\ai\ai_000140.png,1,ai,crop_80pct,0.946301,1,1
data\val\ai\ai_000141.png,1,ai,crop_80pct,0.999422,1,1
data\val\ai\ai_000142.png,1,ai,crop_80pct,0.970189,1,1
data\val\ai\ai_000143.png,1,ai,crop_80pct,0.994691,1,1
data\val\ai\ai_000144.png,1,ai,crop_80pct,0.992493,1,1
data\val\ai\ai_000145.png,1,ai,crop_80pct,0.992543,1,1
data\val\ai\ai_000146.png,1,ai,crop_80pct,0.995556,1,1
data\val\ai\ai_000147.png,1,ai,crop_80pct,0.938044,1,1
data\val\ai\ai_000148.png,1,ai,crop_80pct,0.160801,0,0
data\val\ai\ai_000149.png,1,ai,crop_80pct,0.998053,1,1
data\val\ai\ai_000150.png,1,ai,crop_80pct,0.829418,1,1
data\val\ai\ai_000151.png,1,ai,crop_80pct,0.861735,1,1
data\val\ai\ai_000152.png,1,ai,crop_80pct,0.839167,1,1
data\val\ai\ai_000153.png,1,ai,crop_80pct,0.998310,1,1
data\val\ai\ai_000154.png,1,ai,crop_80pct,0.996442,1,1
data\val\ai\ai_000155.png,1,ai,crop_80pct,0.997874,1,1
data\val\ai\ai_000156.png,1,ai,crop_80pct,0.771921,1,1
data\val\ai\ai_000157.png,1,ai,crop_80pct,0.967856,1,1
data\val\ai\ai_000158.png,1,ai,crop_80pct,0.646777,1,1
data\val\ai\ai_000159.png,1,ai,crop_80pct,0.996268,1,1
data\val\ai\ai_000160.png,1,ai,crop_80pct,0.441786,0,0
data\val\ai\ai_000161.png,1,ai,crop_80pct,0.997566,1,1
data\val\ai\ai_000162.png,1,ai,crop_80pct,0.970096,1,1
data\val\ai\ai_000163.png,1,ai,crop_80pct,0.997731,1,1
data\val\ai\ai_000164.png,1,ai,crop_80pct,0.997714,1,1
data\val\ai\ai_000165.png,1,ai,crop_80pct,0.998598,1,1
data\val\ai\ai_000166.png,1,ai,crop_80pct,0.984248,1,1
data\val\ai\ai_000167.png,1,ai,crop_80pct,0.991528,1,1
data\val\ai\ai_000168.png,1,ai,crop_80pct,0.442950,0,0
data\val\ai\ai_000169.png,1,ai,crop_80pct,0.985794,1,1
data\val\ai\ai_000170.png,1,ai,crop_80pct,0.991650,1,1
data\val\ai\ai_000171.png,1,ai,crop_80pct,0.984679,1,1
data\val\ai\ai_000172.png,1,ai,crop_80pct,0.990844,1,1
data\val\ai\ai_000173.png,1,ai,crop_80pct,0.992637,1,1
data\val\ai\ai_000174.png,1,ai,crop_80pct,0.999660,1,1
data\val\ai\ai_000175.png,1,ai,crop_80pct,0.996261,1,1
data\val\ai\ai_000176.png,1,ai,crop_80pct,0.982929,1,1
data\val\ai\ai_000177.png,1,ai,crop_80pct,0.975276,1,1
data\val\ai\ai_000178.png,1,ai,crop_80pct,0.654160,1,1
data\val\ai\ai_000179.png,1,ai,crop_80pct,0.999681,1,1
data\val\ai\ai_000180.png,1,ai,crop_80pct,0.985036,1,1
data\val\ai\ai_000181.png,1,ai,crop_80pct,0.980158,1,1
data\val\ai\ai_000182.png,1,ai,crop_80pct,0.973873,1,1
data\val\ai\ai_000183.png,1,ai,crop_80pct,0.931353,1,1
data\val\ai\ai_000184.png,1,ai,crop_80pct,0.989772,1,1
data\val\ai\ai_000185.png,1,ai,crop_80pct,0.994699,1,1
data\val\ai\ai_000186.png,1,ai,crop_80pct,0.784941,1,1
data\val\ai\ai_000187.png,1,ai,crop_80pct,0.976123,1,1
data\val\ai\ai_000188.png,1,ai,crop_80pct,0.866653,1,1
data\val\ai\ai_000189.png,1,ai,crop_80pct,0.997193,1,1
data\val\ai\ai_000190.png,1,ai,crop_80pct,0.940274,1,1
data\val\ai\ai_000191.png,1,ai,crop_80pct,0.932915,1,1
data\val\ai\ai_000192.png,1,ai,crop_80pct,0.998652,1,1
data\val\ai\ai_000193.png,1,ai,crop_80pct,0.999750,1,1
data\val\ai\ai_000194.png,1,ai,crop_80pct,0.990060,1,1
data\val\ai\ai_000195.png,1,ai,crop_80pct,0.982362,1,1
data\val\ai\ai_000196.png,1,ai,crop_80pct,0.991107,1,1
data\val\ai\ai_000197.png,1,ai,crop_80pct,0.986149,1,1
data\val\ai\ai_000198.png,1,ai,crop_80pct,0.957821,1,1
data\val\ai\ai_000199.png,1,ai,crop_80pct,0.982037,1,1
data\val\ai\ai_000200.png,1,ai,crop_80pct,0.972438,1,1
data\val\ai\ai_000201.png,1,ai,crop_80pct,0.947479,1,1
data\val\ai\ai_000202.png,1,ai,crop_80pct,0.886684,1,1
data\val\ai\ai_000203.png,1,ai,crop_80pct,0.991807,1,1
data\val\ai\ai_000204.png,1,ai,crop_80pct,0.997511,1,1
data\val\ai\ai_000205.png,1,ai,crop_80pct,0.939532,1,1
data\val\ai\ai_000206.png,1,ai,crop_80pct,0.994706,1,1
data\val\ai\ai_000207.png,1,ai,crop_80pct,0.996089,1,1
data\val\ai\ai_000208.png,1,ai,crop_80pct,0.985164,1,1
data\val\ai\ai_000209.png,1,ai,crop_80pct,0.994394,1,1
data\val\ai\ai_000210.png,1,ai,crop_80pct,0.927640,1,1
data\val\ai\ai_000211.png,1,ai,crop_80pct,0.997941,1,1
data\val\ai\ai_000212.png,1,ai,crop_80pct,0.999111,1,1
data\val\ai\ai_000213.png,1,ai,crop_80pct,0.974075,1,1
data\val\ai\ai_000214.png,1,ai,crop_80pct,0.998772,1,1
data\val\ai\ai_000215.png,1,ai,crop_80pct,0.968536,1,1
data\val\ai\ai_000216.png,1,ai,crop_80pct,0.939891,1,1
data\val\ai\ai_000217.png,1,ai,crop_80pct,0.901631,1,1
data\val\ai\ai_000218.png,1,ai,crop_80pct,0.913637,1,1
data\val\ai\ai_000219.png,1,ai,crop_80pct,0.985694,1,1
data\val\ai\ai_000220.png,1,ai,crop_80pct,0.830009,1,1
data\val\ai\ai_000221.png,1,ai,crop_80pct,0.992817,1,1
data\val\ai\ai_000222.png,1,ai,crop_80pct,0.894053,1,1
data\val\ai\ai_000223.png,1,ai,crop_80pct,0.995881,1,1
data\val\ai\ai_000224.png,1,ai,crop_80pct,0.988914,1,1
data\val\ai\ai_000225.png,1,ai,crop_80pct,0.914275,1,1
data\val\ai\ai_000226.png,1,ai,crop_80pct,0.992709,1,1
data\val\ai\ai_000227.png,1,ai,crop_80pct,0.980099,1,1
data\val\ai\ai_000228.png,1,ai,crop_80pct,0.166396,0,0
data\val\ai\ai_000229.png,1,ai,crop_80pct,0.981753,1,1
data\val\ai\ai_000230.png,1,ai,crop_80pct,0.987360,1,1
data\val\ai\ai_000231.png,1,ai,crop_80pct,0.999561,1,1
data\val\ai\ai_000232.png,1,ai,crop_80pct,0.838634,1,1
data\val\ai\ai_000233.png,1,ai,crop_80pct,0.996649,1,1
data\val\ai\ai_000234.png,1,ai,crop_80pct,0.998156,1,1
data\val\ai\ai_000235.png,1,ai,crop_80pct,0.996500,1,1
data\val\ai\ai_000236.png,1,ai,crop_80pct,0.928691,1,1
data\val\ai\ai_000237.png,1,ai,crop_80pct,0.949158,1,1
data\val\ai\ai_000238.png,1,ai,crop_80pct,0.913641,1,1
data\val\ai\ai_000239.png,1,ai,crop_80pct,0.917132,1,1
data\val\ai\ai_000240.png,1,ai,crop_80pct,0.950971,1,1
data\val\ai\ai_000241.png,1,ai,crop_80pct,0.962237,1,1
data\val\ai\ai_000242.png,1,ai,crop_80pct,0.998392,1,1
data\val\ai\ai_000243.png,1,ai,crop_80pct,0.992015,1,1
data\val\ai\ai_000244.png,1,ai,crop_80pct,0.998492,1,1
data\val\ai\ai_000245.png,1,ai,crop_80pct,0.978214,1,1
data\val\ai\ai_000246.png,1,ai,crop_80pct,0.998584,1,1
data\val\ai\ai_000247.png,1,ai,crop_80pct,0.959034,1,1
data\val\ai\ai_000248.png,1,ai,crop_80pct,0.987402,1,1
data\val\ai\ai_000249.png,1,ai,crop_80pct,0.997251,1,1
data\val\ai\ai_000250.png,1,ai,crop_80pct,0.847754,1,1
data\val\ai\ai_000251.png,1,ai,crop_80pct,0.972762,1,1
data\val\ai\ai_000252.png,1,ai,crop_80pct,0.986488,1,1
data\val\ai\ai_000253.png,1,ai,crop_80pct,0.998604,1,1
data\val\ai\ai_000254.png,1,ai,crop_80pct,0.994061,1,1
data\val\ai\ai_000255.png,1,ai,crop_80pct,0.752327,1,1
data\val\ai\ai_000256.png,1,ai,crop_80pct,0.692423,1,1
data\val\ai\ai_000257.png,1,ai,crop_80pct,0.990392,1,1
data\val\ai\ai_000258.png,1,ai,crop_80pct,0.861119,1,1
data\val\ai\ai_000259.png,1,ai,crop_80pct,0.997043,1,1
data\val\ai\ai_000260.png,1,ai,crop_80pct,0.908755,1,1
data\val\ai\ai_000261.png,1,ai,crop_80pct,0.973641,1,1
data\val\ai\ai_000262.png,1,ai,crop_80pct,0.997748,1,1
data\val\ai\ai_000263.png,1,ai,crop_80pct,0.996778,1,1
data\val\ai\ai_000264.png,1,ai,crop_80pct,0.998947,1,1
data\val\ai\ai_000265.png,1,ai,crop_80pct,0.990232,1,1
data\val\ai\ai_000266.png,1,ai,crop_80pct,0.983910,1,1
data\val\ai\ai_000267.png,1,ai,crop_80pct,0.992668,1,1
data\val\ai\ai_000268.png,1,ai,crop_80pct,0.896866,1,1
data\val\ai\ai_000269.png,1,ai,crop_80pct,0.998505,1,1
data\val\ai\ai_000270.png,1,ai,crop_80pct,0.770189,1,1
data\val\ai\ai_000271.png,1,ai,crop_80pct,0.993067,1,1
data\val\ai\ai_000272.png,1,ai,crop_80pct,0.996730,1,1
data\val\ai\ai_000273.png,1,ai,crop_80pct,0.998054,1,1
data\val\ai\ai_000274.png,1,ai,crop_80pct,0.997068,1,1
data\val\ai\ai_000275.png,1,ai,crop_80pct,0.994390,1,1
data\val\ai\ai_000276.png,1,ai,crop_80pct,0.985137,1,1
data\val\ai\ai_000277.png,1,ai,crop_80pct,0.961816,1,1
data\val\ai\ai_000278.png,1,ai,crop_80pct,0.995334,1,1
data\val\ai\ai_000279.png,1,ai,crop_80pct,0.963083,1,1
data\val\ai\ai_000280.png,1,ai,crop_80pct,0.851842,1,1
data\val\ai\ai_000281.png,1,ai,crop_80pct,0.922229,1,1
data\val\ai\ai_000282.png,1,ai,crop_80pct,0.946429,1,1
data\val\ai\ai_000283.png,1,ai,crop_80pct,0.995329,1,1
data\val\ai\ai_000284.png,1,ai,crop_80pct,0.970343,1,1
data\val\ai\ai_000285.png,1,ai,crop_80pct,0.985737,1,1
data\val\ai\ai_000286.png,1,ai,crop_80pct,0.964826,1,1
data\val\ai\ai_000287.png,1,ai,crop_80pct,0.973202,1,1
data\val\ai\ai_000288.png,1,ai,crop_80pct,0.585157,1,1
data\val\ai\ai_000289.png,1,ai,crop_80pct,0.997077,1,1
data\val\ai\ai_000290.png,1,ai,crop_80pct,0.904068,1,1
data\val\ai\ai_000291.png,1,ai,crop_80pct,0.996848,1,1
data\val\ai\ai_000292.png,1,ai,crop_80pct,0.991885,1,1
data\val\ai\ai_000293.png,1,ai,crop_80pct,0.666107,1,1
data\val\ai\ai_000294.png,1,ai,crop_80pct,0.952226,1,1
data\val\ai\ai_000295.png,1,ai,crop_80pct,0.981240,1,1
data\val\ai\ai_000296.png,1,ai,crop_80pct,0.987699,1,1
data\val\ai\ai_000297.png,1,ai,crop_80pct,0.997329,1,1
data\val\ai\ai_000298.png,1,ai,crop_80pct,0.983899,1,1
data\val\ai\ai_000299.png,1,ai,crop_80pct,0.990484,1,1
data\val\ai\ai_000300.png,1,ai,crop_80pct,0.770986,1,1
data\val\ai\ai_000301.png,1,ai,crop_80pct,0.959340,1,1
data\val\ai\ai_000302.png,1,ai,crop_80pct,0.970174,1,1
data\val\ai\ai_000303.png,1,ai,crop_80pct,0.925397,1,1
data\val\ai\ai_000304.png,1,ai,crop_80pct,0.986510,1,1
data\val\ai\ai_000305.png,1,ai,crop_80pct,0.959353,1,1
data\val\ai\ai_000306.png,1,ai,crop_80pct,0.990038,1,1
data\val\ai\ai_000307.png,1,ai,crop_80pct,0.991624,1,1
data\val\ai\ai_000308.png,1,ai,crop_80pct,0.865047,1,1
data\val\ai\ai_000309.png,1,ai,crop_80pct,0.871936,1,1
data\val\ai\ai_000310.png,1,ai,crop_80pct,0.968403,1,1
data\val\ai\ai_000311.png,1,ai,crop_80pct,0.992479,1,1
data\val\ai\ai_000312.png,1,ai,crop_80pct,0.952859,1,1
data\val\ai\ai_000313.png,1,ai,crop_80pct,0.818802,1,1
data\val\ai\ai_000314.png,1,ai,crop_80pct,0.992979,1,1
data\val\ai\ai_000315.png,1,ai,crop_80pct,0.986971,1,1
data\val\ai\ai_000316.png,1,ai,crop_80pct,0.994792,1,1
data\val\ai\ai_000317.png,1,ai,crop_80pct,0.999353,1,1
data\val\ai\ai_000318.png,1,ai,crop_80pct,0.167410,0,0
data\val\ai\ai_000319.png,1,ai,crop_80pct,0.968135,1,1
data\val\ai\ai_000320.png,1,ai,crop_80pct,0.953942,1,1
data\val\ai\ai_000321.png,1,ai,crop_80pct,0.989858,1,1
data\val\ai\ai_000322.png,1,ai,crop_80pct,0.806421,1,1
data\val\ai\ai_000323.png,1,ai,crop_80pct,0.998939,1,1
data\val\ai\ai_000324.png,1,ai,crop_80pct,0.997205,1,1
data\val\ai\ai_000325.png,1,ai,crop_80pct,0.931929,1,1
data\val\ai\ai_000326.png,1,ai,crop_80pct,0.996116,1,1
data\val\ai\ai_000327.png,1,ai,crop_80pct,0.998310,1,1
data\val\ai\ai_000328.png,1,ai,crop_80pct,0.901457,1,1
data\val\ai\ai_000329.png,1,ai,crop_80pct,0.984284,1,1
data\val\ai\ai_000330.png,1,ai,crop_80pct,0.980080,1,1
data\val\ai\ai_000331.png,1,ai,crop_80pct,0.935544,1,1
data\val\ai\ai_000332.png,1,ai,crop_80pct,0.877297,1,1
data\val\ai\ai_000333.png,1,ai,crop_80pct,0.987411,1,1
data\val\ai\ai_000334.png,1,ai,crop_80pct,0.997924,1,1
data\val\ai\ai_000335.png,1,ai,crop_80pct,0.998002,1,1
data\val\ai\ai_000336.png,1,ai,crop_80pct,0.903873,1,1
data\val\ai\ai_000337.png,1,ai,crop_80pct,0.996755,1,1
data\val\ai\ai_000338.png,1,ai,crop_80pct,0.884458,1,1
data\val\ai\ai_000339.png,1,ai,crop_80pct,0.999212,1,1
data\val\ai\ai_000340.png,1,ai,crop_80pct,0.987791,1,1
data\val\ai\ai_000341.png,1,ai,crop_80pct,0.969734,1,1
data\val\ai\ai_000342.png,1,ai,crop_80pct,0.698804,1,1
data\val\ai\ai_000343.png,1,ai,crop_80pct,0.998074,1,1
data\val\ai\ai_000344.png,1,ai,crop_80pct,0.993307,1,1
data\val\ai\ai_000345.png,1,ai,crop_80pct,0.992852,1,1
data\val\ai\ai_000346.png,1,ai,crop_80pct,0.995552,1,1
data\val\ai\ai_000347.png,1,ai,crop_80pct,0.970806,1,1
data\val\ai\ai_000348.png,1,ai,crop_80pct,0.912645,1,1
data\val\ai\ai_000349.png,1,ai,crop_80pct,0.999446,1,1
data\val\ai\ai_000350.png,1,ai,crop_80pct,0.857308,1,1
data\val\ai\ai_000351.png,1,ai,crop_80pct,0.988403,1,1
data\val\ai\ai_000352.png,1,ai,crop_80pct,0.920228,1,1
data\val\ai\ai_000353.png,1,ai,crop_80pct,0.931903,1,1
data\val\ai\ai_000354.png,1,ai,crop_80pct,0.997969,1,1
data\val\ai\ai_000355.png,1,ai,crop_80pct,0.973889,1,1
data\val\ai\ai_000356.png,1,ai,crop_80pct,0.894403,1,1
data\val\ai\ai_000357.png,1,ai,crop_80pct,0.981374,1,1
data\val\ai\ai_000358.png,1,ai,crop_80pct,0.157437,0,0
data\val\ai\ai_000359.png,1,ai,crop_80pct,0.989048,1,1
data\val\ai\ai_000360.png,1,ai,crop_80pct,0.934688,1,1
data\val\ai\ai_000361.png,1,ai,crop_80pct,0.993084,1,1
data\val\ai\ai_000362.png,1,ai,crop_80pct,0.881869,1,1
data\val\ai\ai_000363.png,1,ai,crop_80pct,0.999461,1,1
data\val\ai\ai_000364.png,1,ai,crop_80pct,0.998670,1,1
data\val\ai\ai_000365.png,1,ai,crop_80pct,0.904752,1,1
data\val\ai\ai_000366.png,1,ai,crop_80pct,0.932533,1,1
data\val\ai\ai_000367.png,1,ai,crop_80pct,0.975673,1,1
data\val\ai\ai_000368.png,1,ai,crop_80pct,0.825342,1,1
data\val\ai\ai_000369.png,1,ai,crop_80pct,0.993085,1,1
data\val\ai\ai_000370.png,1,ai,crop_80pct,0.635181,1,1
data\val\ai\ai_000371.png,1,ai,crop_80pct,0.982578,1,1
data\val\ai\ai_000372.png,1,ai,crop_80pct,0.945678,1,1
data\val\ai\ai_000373.png,1,ai,crop_80pct,0.995665,1,1
data\val\ai\ai_000374.png,1,ai,crop_80pct,0.999288,1,1
data\val\ai\ai_000375.png,1,ai,crop_80pct,0.993491,1,1
data\val\ai\ai_000376.png,1,ai,crop_80pct,0.879848,1,1
data\val\ai\ai_000377.png,1,ai,crop_80pct,0.973473,1,1
data\val\ai\ai_000378.png,1,ai,crop_80pct,0.996054,1,1
data\val\ai\ai_000379.png,1,ai,crop_80pct,0.894983,1,1
data\val\ai\ai_000380.png,1,ai,crop_80pct,0.888660,1,1
data\val\ai\ai_000381.png,1,ai,crop_80pct,0.967802,1,1
data\val\ai\ai_000382.png,1,ai,crop_80pct,0.827554,1,1
data\val\ai\ai_000383.png,1,ai,crop_80pct,0.995586,1,1
data\val\ai\ai_000384.png,1,ai,crop_80pct,0.937401,1,1
data\val\ai\ai_000385.png,1,ai,crop_80pct,0.991815,1,1
data\val\ai\ai_000386.png,1,ai,crop_80pct,0.959534,1,1
data\val\ai\ai_000387.png,1,ai,crop_80pct,0.999227,1,1
data\val\ai\ai_000388.png,1,ai,crop_80pct,0.996406,1,1
data\val\ai\ai_000389.png,1,ai,crop_80pct,0.977601,1,1
data\val\ai\ai_000390.png,1,ai,crop_80pct,0.895399,1,1
data\val\ai\ai_000391.png,1,ai,crop_80pct,0.949760,1,1
data\val\ai\ai_000392.png,1,ai,crop_80pct,0.629103,1,1
data\val\ai\ai_000393.png,1,ai,crop_80pct,0.992291,1,1
data\val\ai\ai_000394.png,1,ai,crop_80pct,0.994407,1,1
data\val\ai\ai_000395.png,1,ai,crop_80pct,0.984257,1,1
data\val\ai\ai_000396.png,1,ai,crop_80pct,0.956509,1,1
data\val\ai\ai_000397.png,1,ai,crop_80pct,0.997355,1,1
data\val\ai\ai_000398.png,1,ai,crop_80pct,0.957549,1,1
data\val\ai\ai_000399.png,1,ai,crop_80pct,0.976492,1,1
data\val\ai\ai_000400.png,1,ai,crop_80pct,0.951223,1,1
data\val\ai\ai_000401.png,1,ai,crop_80pct,0.994628,1,1
data\val\ai\ai_000402.png,1,ai,crop_80pct,0.961993,1,1
data\val\ai\ai_000403.png,1,ai,crop_80pct,0.996763,1,1
data\val\ai\ai_000404.png,1,ai,crop_80pct,0.991357,1,1
data\val\ai\ai_000405.png,1,ai,crop_80pct,0.999484,1,1
data\val\ai\ai_000406.png,1,ai,crop_80pct,0.997494,1,1
data\val\ai\ai_000407.png,1,ai,crop_80pct,0.857844,1,1
data\val\ai\ai_000408.png,1,ai,crop_80pct,0.993412,1,1
data\val\ai\ai_000409.png,1,ai,crop_80pct,0.991201,1,1
data\val\ai\ai_000410.png,1,ai,crop_80pct,0.862990,1,1
data\val\ai\ai_000411.png,1,ai,crop_80pct,0.994470,1,1
data\val\ai\ai_000412.png,1,ai,crop_80pct,0.998244,1,1
data\val\ai\ai_000413.png,1,ai,crop_80pct,0.988175,1,1
data\val\ai\ai_000414.png,1,ai,crop_80pct,0.999131,1,1
data\val\ai\ai_000415.png,1,ai,crop_80pct,0.990901,1,1
data\val\ai\ai_000416.png,1,ai,crop_80pct,0.856851,1,1
data\val\ai\ai_000417.png,1,ai,crop_80pct,0.965162,1,1
data\val\ai\ai_000418.png,1,ai,crop_80pct,0.710786,1,1
data\val\ai\ai_000419.png,1,ai,crop_80pct,0.953261,1,1
data\val\ai\ai_000420.png,1,ai,crop_80pct,0.980067,1,1
data\val\ai\ai_000421.png,1,ai,crop_80pct,0.998584,1,1
data\val\ai\ai_000422.png,1,ai,crop_80pct,0.248178,0,0
data\val\ai\ai_000423.png,1,ai,crop_80pct,0.941585,1,1
data\val\ai\ai_000424.png,1,ai,crop_80pct,0.999802,1,1
data\val\ai\ai_000425.png,1,ai,crop_80pct,0.926550,1,1
data\val\ai\ai_000426.png,1,ai,crop_80pct,0.893199,1,1
data\val\ai\ai_000427.png,1,ai,crop_80pct,0.993340,1,1
data\val\ai\ai_000428.png,1,ai,crop_80pct,0.975716,1,1
data\val\ai\ai_000429.png,1,ai,crop_80pct,0.997739,1,1
data\val\ai\ai_000430.png,1,ai,crop_80pct,0.773232,1,1
data\val\ai\ai_000431.png,1,ai,crop_80pct,0.968935,1,1
data\val\ai\ai_000432.png,1,ai,crop_80pct,0.985132,1,1
data\val\ai\ai_000433.png,1,ai,crop_80pct,0.998252,1,1
data\val\ai\ai_000434.png,1,ai,crop_80pct,0.942934,1,1
data\val\ai\ai_000435.png,1,ai,crop_80pct,0.974983,1,1
data\val\ai\ai_000436.png,1,ai,crop_80pct,0.994981,1,1
data\val\ai\ai_000437.png,1,ai,crop_80pct,0.965278,1,1
data\val\ai\ai_000438.png,1,ai,crop_80pct,0.983038,1,1
data\val\ai\ai_000439.png,1,ai,crop_80pct,0.919795,1,1
data\val\ai\ai_000440.png,1,ai,crop_80pct,0.916891,1,1
data\val\ai\ai_000441.png,1,ai,crop_80pct,0.859754,1,1
data\val\ai\ai_000442.png,1,ai,crop_80pct,0.997706,1,1
data\val\ai\ai_000443.png,1,ai,crop_80pct,0.998095,1,1
data\val\ai\ai_000444.png,1,ai,crop_80pct,0.995199,1,1
data\val\ai\ai_000445.png,1,ai,crop_80pct,0.982876,1,1
data\val\ai\ai_000446.png,1,ai,crop_80pct,0.994426,1,1
data\val\ai\ai_000447.png,1,ai,crop_80pct,0.955231,1,1
data\val\ai\ai_000448.png,1,ai,crop_80pct,0.365301,0,0
data\val\ai\ai_000449.png,1,ai,crop_80pct,0.999874,1,1
data\val\ai\ai_000450.png,1,ai,crop_80pct,0.993863,1,1
data\val\ai\ai_000451.png,1,ai,crop_80pct,0.981099,1,1
data\val\ai\ai_000452.png,1,ai,crop_80pct,0.845537,1,1
data\val\ai\ai_000453.png,1,ai,crop_80pct,0.998743,1,1
data\val\ai\ai_000454.png,1,ai,crop_80pct,0.946117,1,1
data\val\ai\ai_000455.png,1,ai,crop_80pct,0.977404,1,1
data\val\ai\ai_000456.png,1,ai,crop_80pct,0.975037,1,1
data\val\ai\ai_000457.png,1,ai,crop_80pct,0.916350,1,1
data\val\ai\ai_000458.png,1,ai,crop_80pct,0.971163,1,1
data\val\ai\ai_000459.png,1,ai,crop_80pct,0.772163,1,1
data\val\ai\ai_000460.png,1,ai,crop_80pct,0.941481,1,1
data\val\ai\ai_000461.png,1,ai,crop_80pct,0.742923,1,1
data\val\ai\ai_000462.png,1,ai,crop_80pct,0.986370,1,1
data\val\ai\ai_000463.png,1,ai,crop_80pct,0.989415,1,1
data\val\ai\ai_000464.png,1,ai,crop_80pct,0.983498,1,1
data\val\ai\ai_000465.png,1,ai,crop_80pct,0.995212,1,1
data\val\ai\ai_000466.png,1,ai,crop_80pct,0.679203,1,1
data\val\ai\ai_000467.png,1,ai,crop_80pct,0.991075,1,1
data\val\ai\ai_000468.png,1,ai,crop_80pct,0.704838,1,1
data\val\ai\ai_000469.png,1,ai,crop_80pct,0.994451,1,1
data\val\ai\ai_000470.png,1,ai,crop_80pct,0.878024,1,1
data\val\ai\ai_000471.png,1,ai,crop_80pct,0.999881,1,1
data\val\ai\ai_000472.png,1,ai,crop_80pct,0.986310,1,1
data\val\ai\ai_000473.png,1,ai,crop_80pct,0.827939,1,1
data\val\ai\ai_000474.png,1,ai,crop_80pct,0.993029,1,1
data\val\ai\ai_000475.png,1,ai,crop_80pct,0.997486,1,1
data\val\ai\ai_000476.png,1,ai,crop_80pct,0.938838,1,1
data\val\ai\ai_000477.png,1,ai,crop_80pct,0.974271,1,1
data\val\ai\ai_000478.png,1,ai,crop_80pct,0.734810,1,1
data\val\ai\ai_000479.png,1,ai,crop_80pct,0.965333,1,1
data\val\ai\ai_000480.png,1,ai,crop_80pct,0.887178,1,1
data\val\ai\ai_000481.png,1,ai,crop_80pct,0.997707,1,1
data\val\ai\ai_000482.png,1,ai,crop_80pct,0.602316,1,1
data\val\ai\ai_000483.png,1,ai,crop_80pct,0.953372,1,1
data\val\ai\ai_000484.png,1,ai,crop_80pct,0.982347,1,1
data\val\ai\ai_000485.png,1,ai,crop_80pct,0.885819,1,1
data\val\ai\ai_000486.png,1,ai,crop_80pct,0.991814,1,1
data\val\ai\ai_000487.png,1,ai,crop_80pct,0.980440,1,1
data\val\ai\ai_000488.png,1,ai,crop_80pct,0.464665,0,0
data\val\ai\ai_000489.png,1,ai,crop_80pct,0.963666,1,1
data\val\ai\ai_000490.png,1,ai,crop_80pct,0.943509,1,1
data\val\ai\ai_000491.png,1,ai,crop_80pct,0.976051,1,1
data\val\ai\ai_000492.png,1,ai,crop_80pct,0.988915,1,1
data\val\ai\ai_000493.png,1,ai,crop_80pct,0.974182,1,1
data\val\ai\ai_000494.png,1,ai,crop_80pct,0.987816,1,1
data\val\ai\ai_000495.png,1,ai,crop_80pct,0.989058,1,1
data\val\ai\ai_000496.png,1,ai,crop_80pct,0.923501,1,1
data\val\ai\ai_000497.png,1,ai,crop_80pct,0.993795,1,1
data\val\ai\ai_000498.png,1,ai,crop_80pct,0.934539,1,1
data\val\ai\ai_000499.png,1,ai,crop_80pct,0.998367,1,1
data\val\ai\ai_000500.png,1,ai,crop_80pct,0.914612,1,1
